"fileName","thumb_y","thumb_x","thumb_z","finger_y","finger_x","finger_z"
"BIGKAT _ C14 _ Left _ 2",-157.67936059215,41.6101526160757,1191.00833552497,-149.100891640733,147.725863374457,1239.95013661111
"BIGKAT _ C14 _ Left _ 2",-157.681398934031,41.6146239555094,1191.01087763366,-149.102224340763,147.726471686064,1239.95192529865
"BIGKAT _ C14 _ Left _ 2",-157.681814572627,41.6177436631641,1191.00834419216,-149.105173720218,147.728245852765,1239.95651772607
"BIGKAT _ C14 _ Left _ 2",-157.679693484806,41.6178318909781,1190.99917511665,-149.109510657889,147.731150247319,1239.96370836384
"BIGKAT _ C14 _ Left _ 2",-157.674570532637,41.6134171965405,1190.98335167057,-149.114433758697,147.734738528497,1239.97231554423
"BIGKAT _ C14 _ Left _ 2",-157.666850007525,41.6038245965411,1190.96322935605,-149.118567503066,147.738083297759,1239.98009428655
"BIGKAT _ C14 _ Left _ 2",-157.658182568084,41.5897808316182,1190.94405656039,-149.120155966937,147.739812400625,1239.98394871057
"BIGKAT _ C14 _ Left _ 2",-157.651681576635,41.5738469573188,1190.93390544514,-149.117486341728,147.738278476036,1239.98050981136
"BIGKAT _ C14 _ Left _ 2",-157.651871836273,41.5604573977796,1190.94282522615,-149.109520596058,147.731852056712,1239.96705328158
"BIGKAT _ C14 _ Left _ 2",-157.664314509572,41.5553729182178,1190.98121308553,-149.09664048809,147.71927837687,1239.94260766398
"BIGKAT _ C14 _ Left _ 2",-157.694940713505,41.5644613814935,1191.05766071994,-149.081337279313,147.699986618703,1239.90897313329
"BIGKAT _ C14 _ Left _ 2",-157.749229384065,41.5919062164725,1191.1768020314,-149.068627033899,147.674209559261,1239.87128043941
"BIGKAT _ C14 _ Left _ 2",-157.831430623002,41.6381835483965,1191.3378288413,-149.065971842641,147.642792329901,1239.83772447627
"BIGKAT _ C14 _ Left _ 2",-157.943994922898,41.6983905693857,1191.53420221536,-149.082556086133,147.606672268496,1239.81826398018
"BIGKAT _ C14 _ Left _ 2",-158.087208245935,41.7616717536736,1191.75464068659,-149.127906821563,147.566193259248,1239.82241773619
"BIGKAT _ C14 _ Left _ 2",-158.258882423645,41.812466604719,1191.98496462075,-149.210040286695,147.520590513253,1239.85674331944
"BIGKAT _ C14 _ Left _ 2",-158.453997575582,41.8339156724216,1192.21017128756,-149.333518960482,147.468001422344,1239.92290827014
"BIGKAT _ C14 _ Left _ 2",-158.664449249535,41.8128564444408,1192.41629883585,-149.49793021967,147.406150376089,1240.01711394158
"BIGKAT _ C14 _ Left _ 2",-158.879296317296,41.7446809891365,1192.59199300547,-149.69725284509,147.333509809634,1240.13097433738
"BIGKAT _ C14 _ Left _ 2",-159.085881236408,41.6358104367805,1192.72988142506,-149.920349817239,147.250458611848,1240.25327333088
"BIGKAT _ C14 _ Left _ 2",-159.271809142406,41.5024419995435,1192.82762623461,-150.152503691407,147.159916499637,1240.37181822785
"BIGKAT _ C14 _ Left _ 2",-159.42720594685,41.3660915737646,1192.88806549598,-150.377605472316,147.067154032105,1240.4748203368
"BIGKAT _ C14 _ Left _ 2",-159.546352908138,41.2478704450517,1192.91787133395,-150.580432146424,146.978815548983,1240.55156574998
"BIGKAT _ C14 _ Left _ 2",-159.628047948766,41.1635217045114,1192.924971184,-150.748503325634,146.901447938361,1240.59252020937
"BIGKAT _ C14 _ Left _ 2",-159.674728968952,41.1203962417279,1192.915898018,-150.873265851847,146.839928410066,1240.58936535425
"BIGKAT _ C14 _ Left _ 2",-159.691008280493,41.1166505840072,1192.89434348839,-150.950617860549,146.796201924101,1240.53549464925
"BIGKAT _ C14 _ Left _ 2",-159.682434688209,41.1424241094426,1192.86144926592,-150.980887474599,146.768724958138,1240.42709821556
"BIGKAT _ C14 _ Left _ 2",-159.655007006308,41.1825156689557,1192.81744469544,-150.968396388143,146.752899198879,1240.26449264988
"BIGKAT _ C14 _ Left _ 2",-159.615420325778,41.219951720694,1192.76363648774,-150.920808038522,146.74249217013,1240.05320755642
"BIGKAT _ C14 _ Left _ 2",-159.571517753125,41.2397552866507,1192.7036278075,-150.848505840201,146.7316429025,1239.80448427178
"BIGKAT _ C14 _ Left _ 2",-159.532232240282,41.2321890787799,1192.64302579542,-150.76407144406,146.716733874905,1239.53493131386
"BIGKAT _ C14 _ Left _ 2",-159.506591571318,41.1947763781445,1192.58771832486,-150.681591109688,146.697377469789,1239.26501415668
"BIGKAT _ C14 _ Left _ 2",-159.50199378522,41.1325557847579,1192.54170386146,-150.615357630135,146.67607874882,1239.01616011451
"BIGKAT _ C14 _ Left _ 2",-159.522522661737,41.0563817483135,1192.50586253224,-150.577818625133,146.656662499698,1238.80681831931
"BIGKAT _ C14 _ Left _ 2",-159.568138309289,40.9796354350074,1192.478592416,-150.577206753782,146.642044672373,1238.64855183147
"BIGKAT _ C14 _ Left _ 2",-159.63513426028,40.9142787195054,1192.45818168386,-150.615716750904,146.632184781005,1238.54351134604
"BIGKAT _ C14 _ Left _ 2",-159.717723356633,40.8675183662671,1192.44589322603,-150.689011152788,146.623016192861,1238.4841565404
"BIGKAT _ C14 _ Left _ 2",-159.810307205109,40.8402675445333,1192.44845362254,-150.787297770248,146.606859424542,1238.45520562142
"BIGKAT _ C14 _ Left _ 2",-159.909779447507,40.8279711231232,1192.4788052585,-150.897607169946,146.574347703415,1238.43711868534
"BIGKAT _ C14 _ Left _ 2",-160.017004625885,40.823290324808,1192.55439520758,-151.006562916928,146.51734471664,1238.41028279167
"BIGKAT _ C14 _ Left _ 2",-160.136660627756,40.819247835243,1192.69303438287,-151.102945402822,146.431918254823,1238.35923697189
"BIGKAT _ C14 _ Left _ 2",-160.275185362758,40.8114650724392,1192.90741019116,-151.179507058006,146.320360148835,1238.27624611938
"BIGKAT _ C14 _ Left _ 2",-160.437428212231,40.798991185594,1193.20013398599,-151.233649925921,146.191545529373,1238.16322854793
"BIGKAT _ C14 _ Left _ 2",-160.623268958408,40.7840586629527,1193.56116103077,-151.266804964381,146.059445704264,1238.03106403116
"BIGKAT _ C14 _ Left _ 2",-160.825563942558,40.7713200052579,1193.96850236458,-151.282758805688,145.940171004384,1237.89618120493
"BIGKAT _ C14 _ Left _ 2",-161.030305962628,40.7668792417045,1194.39191486528,-151.285613826062,145.848391248595,1237.77566626415
"BIGKAT _ C14 _ Left _ 2",-161.219111601607,40.7771440070845,1194.79837247707,-151.278247869779,145.79418881617,1237.68292172694
"BIGKAT _ C14 _ Left _ 2",-161.373400859576,40.8074241745416,1195.15788208292,-151.261913918694,145.781202791608,1237.62551172794
"BIGKAT _ C14 _ Left _ 2",-161.479126116712,40.8603199966801,1195.44846456398,-151.237083442987,145.806415489942,1237.60558371226
"BIGKAT _ C14 _ Left _ 2",-161.530729887668,40.9341976181471,1195.65954486572,-151.205022085132,145.86137850097,1237.62196473126
"BIGKAT _ C14 _ Left _ 2",-161.533168124227,41.0223053407191,1195.79333648044,-151.16916916577,145.934292486084,1237.6723401863
"BIGKAT _ C14 _ Left _ 2",-161.501299969885,41.1131414930623,1195.86401857462,-151.135422614329,146.012262132948,1237.75410778137
"BIGKAT _ C14 _ Left _ 2",-161.456658284698,41.1923708242223,1195.89472350171,-151.110960922812,146.083242020054,1237.86340658872
"BIGKAT _ C14 _ Left _ 2",-161.422406857685,41.245964283968,1195.91274739947,-151.101996218001,146.137495626867,1237.99291662214
"BIGKAT _ C14 _ Left _ 2",-161.417884017931,41.2636559106687,1195.94397417959,-151.111434982055,146.16858779022,1238.12981128759
"BIGKAT _ C14 _ Left _ 2",-161.454318118309,41.241619654734,1196.00802025951,-151.137556827787,146.173951829173,1238.25553571367
"BIGKAT _ C14 _ Left _ 2",-161.533009258133,41.1835259279549,1196.11566350311,-151.174437553401,146.154999765158,1238.34867155937
"BIGKAT _ C14 _ Left _ 2",-161.646514165183,41.0996544009971,1196.2694150428,-151.214054083176,146.116691628627,1238.39081050751
"BIGKAT _ C14 _ Left _ 2",-161.782297672159,41.0043200194023,1196.46674703231,-151.249194906476,146.06652816344,1238.37357101657
"BIGKAT _ C14 _ Left _ 2",-161.92735674834,40.9123870105193,1196.70419231209,-151.275943506382,146.013081471958,1238.3038425009
"BIGKAT _ C14 _ Left _ 2",-162.072037902262,40.835939616453,1196.98019048098,-151.294792122885,145.964329271732,1238.20482393825
"BIGKAT _ C14 _ Left _ 2",-162.211860963879,40.7820712076211,1197.29551884306,-151.310146663937,145.926110729037,1238.11212995823
"BIGKAT _ C14 _ Left _ 2",-162.347247550126,40.7522647084637,1197.65179440765,-151.32867212856,145.900988009955,1238.06613973502
"BIGKAT _ C14 _ Left _ 2",-162.481969371947,40.7432417353101,1198.04973389586,-151.357259493786,145.887750278021,1238.10296842315
"BIGKAT _ C14 _ Left _ 2",-162.621417619767,40.7487541674234,1198.48882103114,-151.40130175518,145.881750453328,1238.24670019023
"BIGKAT _ C14 _ Left _ 2",-162.77141786312,40.7616945540177,1198.96883005919,-151.463643602423,145.876151688215,1238.50502426885
"BIGKAT _ C14 _ Left _ 2",-162.937644062075,40.7760366622726,1199.49217554087,-151.544276492347,145.863909977628,1238.86936120544
"BIGKAT _ C14 _ Left _ 2",-163.125229244224,40.7883075036646,1200.06535182491,-151.640719890111,145.839978651625,1239.31920901251
"BIGKAT _ C14 _ Left _ 2",-163.338165158197,40.7983973061634,1200.69817834516,-151.748993708204,145.802996728476,1239.82921459162
"BIGKAT _ C14 _ Left _ 2",-163.578344112438,40.8095686317388,1201.40067693195,-151.864978546876,145.755837186067,1240.3767627892
"BIGKAT _ C14 _ Left _ 2",-163.84436039314,40.8276594909054,1202.17844832721,-151.9857427384,145.704839523521,1240.94781110505
"BIGKAT _ C14 _ Left _ 2",-164.130417692548,40.8596856016856,1203.02808281905,-152.110295426783,145.658067878993,1241.53927867466
"BIGKAT _ C14 _ Left _ 2",-164.425878961963,40.9121845779575,1203.93433948275,-152.239414696674,145.623228442406,1242.15736009429
"BIGKAT _ C14 _ Left _ 2",-164.715967251242,40.9896213247457,1204.87034767756,-152.374626558315,145.605862796148,1242.81232585452
"BIGKAT _ C14 _ Left _ 2",-164.983755625883,41.0930839263755,1205.80096801999,-152.516798685528,145.608245244102,1243.51143197932
"BIGKAT _ C14 _ Left _ 2",-165.213038243953,41.2195020386544,1206.68824870284,-152.664944561104,145.629219581894,1244.25235589552
"BIGKAT _ C14 _ Left _ 2",-165.391270776385,41.3616882855102,1207.4972376356,-152.815652134009,145.665015309041,1245.01968815706
"BIGKAT _ C14 _ Left _ 2",-165.51172336745,41.5093931024068,1208.20054814211,-152.963186644397,145.710791628795,1245.78595188867
"BIGKAT _ C14 _ Left _ 2",-165.574292816451,41.6511688873262,1208.78087553976,-153.100051480508,145.762330057187,1246.51668557192
"BIGKAT _ C14 _ Left _ 2",-165.584856689158,41.7764459670249,1209.23151620718,-153.217803705532,145.817169808882,1247.1774162891
"BIGKAT _ C14 _ Left _ 2",-165.553404646658,41.8772029385522,1209.55528166477,-153.30808368301,145.874711423412,1247.7398291308
"BIGKAT _ C14 _ Left _ 2",-165.491425462843,41.9489529152431,1209.76212854196,-153.363875069478,145.935305760352,1248.18527470187
"BIGKAT _ C14 _ Left _ 2",-165.409237220361,41.9910903456303,1209.86585788518,-153.380889388191,145.99882617525,1248.50536646409
"BIGKAT _ C14 _ Left _ 2",-165.314070086799,42.0066909546132,1209.8805608814,-153.358799539904,146.063429890302,1248.70075623149
"BIGKAT _ C14 _ Left _ 2",-165.209548035877,42.0017433341739,1209.8177910888,-153.301965185032,146.125052742864,1248.77937236822
"BIGKAT _ C14 _ Left _ 2",-165.096687526058,41.9837731675965,1209.68534154741,-153.219339851966,146.177788011743,1248.75457687876
"BIGKAT _ C14 _ Left _ 2",-164.975872453359,41.9600133411206,1209.48794245493,-153.123418863614,146.214941583174,1248.64293494854
"BIGKAT _ C14 _ Left _ 2",-164.848869709567,41.9355763553837,1209.22946983011,-153.028350475627,146.230392684258,1248.46148253009
"BIGKAT _ C14 _ Left _ 2",-164.720043082803,41.9122526590534,1208.91573532711,-152.947615217853,146.219889640745,1248.22519892965
"BIGKAT _ C14 _ Left _ 2",-164.596398973253,41.8883908975623,1208.55679191988,-152.891875335391,146.181984578107,1247.94581161881
"BIGKAT _ C14 _ Left _ 2",-164.486627745919,41.8598875045295,1208.16794636482,-152.867586497583,146.118423208401,1247.63255407985
"BIGKAT _ C14 _ Left _ 2",-164.399606225398,41.8218983860108,1207.7692260336,-152.876679122105,146.033946485379,1247.29443285169
"BIGKAT _ C14 _ Left _ 2",-164.342845203841,41.7706745462417,1207.38362231418,-152.917196470193,145.935605522951,1246.942749333
"BIGKAT _ C14 _ Left _ 2",-164.321228678528,41.7049369616323,1207.0346494333,-152.984496250848,145.831781356934,1246.59261152107
"BIGKAT _ C14 _ Left _ 2",-164.336244792989,41.6264090916727,1206.74360345697,-153.072586094913,145.731075248157,1246.26278786816
"BIGKAT _ C14 _ Left _ 2",-164.385810223152,41.5394573394722,1206.52680188654,-153.17526763582,145.641144526044,1245.97394930785
"BIGKAT _ C14 _ Left _ 2",-164.464709445621,41.4501146124226,1206.3932684456,-153.286919655066,145.56756631109,1245.74582148778
"BIGKAT _ C14 _ Left _ 2",-164.565547416322,41.3649156766857,1206.34349375369,-153.402907903535,145.512960367167,1245.59400053873
"BIGKAT _ C14 _ Left _ 2",-164.679939137529,41.2898995891667,1206.36966309319,-153.519673754789,145.476707483819,1245.52714333303
"BIGKAT _ C14 _ Left _ 2",-164.799544814505,41.2299393015568,1206.45720304726,-153.634502286291,145.455465842555,1245.54497431517
"BIGKAT _ C14 _ Left _ 2",-164.916675847922,41.1883820384523,1206.58713169815,-153.744951576553,145.444337867594,1245.63727823469
"BIGKAT _ C14 _ Left _ 2",-165.024543232868,41.1668685939102,1206.73874432444,-153.848077758588,145.438206059234,1245.78396351919
"BIGKAT _ C14 _ Left _ 2",-165.117516247615,41.1651506653552,1206.89238562723,-153.939829693341,145.432697058788,1245.95636246617
"BIGKAT _ C14 _ Left _ 2",-165.191698002969,41.1808170194111,1207.0320708139,-154.015072450889,145.424500216955,1246.11998931015
"BIGKAT _ C14 _ Left _ 2",-165.245716643361,41.2090937971144,1207.14746686937,-154.068474149221,145.411139470396,1246.23878980649
"BIGKAT _ C14 _ Left _ 2",-165.281232114588,41.243101570159,1207.23456319438,-154.096049763275,145.390520209957,1246.28045540513
"BIGKAT _ C14 _ Left _ 2",-165.302631428976,41.2748684479319,1207.29459217491,-154.096787366098,145.360587231295,1246.22188277156
"BIGKAT _ C14 _ Left _ 2",-165.315773104118,41.2970066953949,1207.33140127311,-154.073708384512,145.319315032228,1246.05360041102
"BIGKAT _ C14 _ Left _ 2",-165.326166241257,41.3045238880455,1207.34819510216,-154.03390640331,145.265086005047,1245.78201046692
"BIGKAT _ C14 _ Left _ 2",-165.337274250183,41.2960485377443,1207.34493982747,-153.987418440382,145.197349499424,1245.42860230164
"BIGKAT _ C14 _ Left _ 2",-165.349536988965,41.2739434226596,1207.31749115997,-153.945130701623,145.117333643664,1245.02600140805
"BIGKAT _ C14 _ Left _ 2",-165.36033512272,41.2432785250444,1207.25877361312,-153.916267603295,145.028537420596,1244.61177723446
"BIGKAT _ C14 _ Left _ 2",-165.364772704965,41.2101441648242,1207.16151718627,-153.906221169333,144.936790073269,1244.22180739358
"BIGKAT _ C14 _ Left _ 2",-165.356992262535,41.1799833189826,1207.02151479893,-153.915384902168,144.849784250322,1243.88501800944
"BIGKAT _ C14 _ Left _ 2",-165.33170868057,41.1564589209969,1206.84023229911,-153.939285030439,144.776085612254,1243.62047696678
"BIGKAT _ C14 _ Left _ 2",-165.285660013919,41.1410749893237,1206.62590734375,-153.969865008381,144.723710590081,1243.43680000577
"BIGKAT _ C14 _ Left _ 2",-165.21870317418,41.1335334044923,1206.39292898695,-153.997470755422,144.6985157831,1243.33325386667
"BIGKAT _ C14 _ Left _ 2",-165.134328397313,41.1326274057278,1206.15994004742,-154.012979221693,144.702805156347,1243.30184624451
"BIGKAT _ C14 _ Left _ 2",-165.039406804027,41.1373117108876,1205.94729320415,-154.009605594318,144.734595259629,1243.32982414827
"BIGKAT _ C14 _ Left _ 2",-164.943047171995,41.1475141552665,1205.77418196921,-153.984131737733,144.787838631,1243.40220161225
"BIGKAT _ C14 _ Left _ 2",-164.85462978246,41.1643558219435,1205.65547580756,-153.937452599248,144.853655059172,1243.50410512336
"BIGKAT _ C14 _ Left _ 2",-164.781448673083,41.1897107578024,1205.59849539613,-153.874316249397,144.922327516633,1243.62269995299
"BIGKAT _ C14 _ Left _ 2",-164.726739899585,41.2253200885886,1205.60052904655,-153.80208047188,144.985559891124,1243.74827869727
"BIGKAT _ C14 _ Left _ 2",-164.688899730306,41.2718266704117,1205.64823094767,-153.728565104864,145.038391101648,1243.87416171737
"BIGKAT _ C14 _ Left _ 2",-164.662301924755,41.3280747715365,1205.71976035628,-153.659672677202,145.080283951691,1243.99561059215
"BIGKAT _ C14 _ Left _ 2",-164.639511259845,41.39087917772,1205.78968433183,-153.59785850922,145.115155890137,1244.1085320166
"BIGKAT _ C14 _ Left _ 2",-164.61415681385,41.4552990619951,1205.83560544431,-153.542273210551,145.150317675979,1244.20875188465
"BIGKAT _ C14 _ Left _ 2",-164.583458113708,41.5153525761876,1205.8446083775,-153.490621021232,145.194386772641,1244.29213100472
"BIGKAT _ C14 _ Left _ 2",-164.549460757606,41.5651061640049,1205.81738074863,-153.441994467911,145.254360831208,1244.3552961335
"BIGKAT _ C14 _ Left _ 2",-164.518438170263,41.600057947226,1205.76847053763,-153.39951075082,145.332284839928,1244.39657597502
"BIGKAT _ C14 _ Left _ 2",-164.498561338259,41.6185743821283,1205.72237015286,-153.37156891288,145.422273459593,1244.41680237882
"BIGKAT _ C14 _ Left _ 2",-164.496606668758,41.6228743833782,1205.70642654954,-153.370917955731,145.50888702172,1244.41977998745
"BIGKAT _ C14 _ Left _ 2",-164.514879829324,41.6189094281244,1205.74246894879,-153.411348903113,145.567872975686,1244.4123091968
"BIGKAT _ C14 _ Left _ 2",-164.549514381451,41.614660839176,1205.83932514233,-153.502533652496,145.570029492163,1244.40363829313
"BIGKAT _ C14 _ Left _ 2",-164.590907669124,41.6168719006287,1205.98818190307,-153.644214545574,145.488389614561,1244.40420479218
"BIGKAT _ C14 _ Left _ 2",-164.626437491726,41.6269116771624,1206.16223410989,-153.821538192591,145.308021389977,1244.42364352098
"BIGKAT _ C14 _ Left _ 2",-164.644893565734,41.6371501222263,1206.32132985277,-154.003655397845,145.036556088451,1244.46830698489
"BIGKAT _ C14 _ Left _ 2",-164.641406809067,41.6296824607321,1206.42134611808,-154.147427798309,144.712363355545,1244.53872472001
"BIGKAT _ C14 _ Left _ 2",-164.62128534018,41.5791829142046,1206.42691885561,-154.206937156688,144.406523818428,1244.62725641612
"BIGKAT _ C14 _ Left _ 2",-164.6012440332,41.4608669902181,1206.32514515416,-154.147703737509,144.214839101881,1244.71580354385
"BIGKAT _ C14 _ Left _ 2",-164.607049735586,41.2630087536669,1206.13724314897,-153.962757163392,144.2373589346,1244.7733806434
"BIGKAT _ C14 _ Left _ 2",-164.667471600127,41.0015034248717,1205.92507939883,-153.686613024724,144.545438964617,1244.7539585793
"BIGKAT _ C14 _ Left _ 2",-164.805470347743,40.732147977664,1205.79001445284,-153.403035101557,145.140107131682,1244.59596650441
"BIGKAT _ C14 _ Left _ 2",-165.028605316616,40.5553409096929,1205.86262916237,-153.243154930802,145.909954236944,1244.22545458863
"BIGKAT _ C14 _ Left _ 2",-165.321442265267,40.6084167703669,1206.28347255791,-153.371988866825,146.600614776069,1243.56450027646
"BIGKAT _ C14 _ Left _ 2",-165.642992488712,41.0430886976097,1207.17689401716,-153.963567260754,146.809468445832,1242.54469617732
"BIGKAT _ C14 _ Left _ 2",-165.931584265235,41.9891848795147,1208.6220741191,-155.167656605482,146.016957762571,1241.12304204307
"BIGKAT _ C14 _ Left _ 2",-166.11790891191,43.5103811091455,1210.62711148194,-157.074125117285,143.659131687565,1239.29574119476
"BIGKAT _ C14 _ Left _ 2",-166.144497747438,45.5620986800856,1213.11282535295,-159.683681069184,139.235105992204,1237.1055791467
"BIGKAT _ C14 _ Left _ 2",-165.987171772666,47.9648647584452,1215.91218278484,-162.894712953402,132.430074182422,1234.64057179795
"BIGKAT _ C14 _ Left _ 2",-165.671970553321,50.406389568864,1218.78859561981,-166.513639691106,123.223223894719,1232.02399919687
"BIGKAT _ C14 _ Left _ 2",-165.280742926267,52.4807749802161,1221.4719259436,-170.289668331052,111.945761324352,1229.39772530375
"BIGKAT _ C14 _ Left _ 2",-164.940745440023,53.7634762254876,1223.70586865793,-173.965634562824,99.2620115064116,1226.90185391793
"BIGKAT _ C14 _ Left _ 2",-164.798226470963,53.9080497521029,1225.29616381781,-177.328900395614,86.0673791841488,1224.65451813598
"BIGKAT _ C14 _ Left _ 2",-164.981832494901,52.7397316578644,1226.14764586713,-180.24511358299,73.3253730100948,1222.73576964546
"BIGKAT _ C14 _ Left _ 2",-165.566356605412,50.3169482062105,1226.28050466094,-182.665018373987,61.8896804480948,1221.17889258759
"BIGKAT _ C14 _ Left _ 2",-166.548314059326,46.9387907826449,1225.82189370635,-184.606771254821,52.36327071355,1219.97095897166
"BIGKAT _ C14 _ Left _ 2",-167.8411386857,43.093107306956,1224.97606403879,-186.125942621589,45.0307587214108,1219.06221205202
"BIGKAT _ C14 _ Left _ 2",-169.291108191178,39.3591180641035,1223.98155056279,-187.287369275971,39.8724418104484,1218.38160978612
"BIGKAT _ C14 _ Left _ 2",-170.708633893726,36.2915799038475,1223.06564475565,-188.147966537608,36.6437066838941,1217.85465975792
"BIGKAT _ C14 _ Left _ 2",-171.905841982055,34.3158848000688,1222.40481123753,-188.751998021392,34.99064800916,1217.41995855963
"BIGKAT _ C14 _ Left _ 2",-172.731076361177,33.656557619385,1222.09672237734,-189.134256753674,34.5709668115569,1217.04198626634
"BIGKAT _ C14 _ Left _ 2",-173.093222945044,34.3102602985789,1222.14685530658,-189.324118525301,35.1537082176345,1216.71876343888
"BIGKAT _ C14 _ Left _ 2",-172.972241734967,36.063291228912,1222.4706887013,-189.344669541247,36.6785003404566,1216.48353472077
"BIGKAT _ C14 _ Left _ 2",-172.415757174621,38.5453296822103,1222.91108896096,-189.205073203186,39.2632128208862,1216.39996542515
"BIGKAT _ C14 _ Left _ 2",-171.52420300065,41.3062924800215,1223.2688330006,-188.88927684029,43.1580365422467,1216.55093959457
"BIGKAT _ C14 _ Left _ 2",-170.428657390323,43.900947037417,1223.3421351526,-188.348093064609,48.6537769826521,1217.02214304619
"BIGKAT _ C14 _ Left _ 2",-169.266275870636,45.9657482692656,1222.96885868013,-187.502883565915,55.9622003504212,1217.88295963303
"BIGKAT _ C14 _ Left _ 2",-168.158131394395,47.2743349863187,1222.06337758037,-186.266354801928,65.0949723918431,1219.16827925131
"BIGKAT _ C14 _ Left _ 2",-167.193222945746,47.7626519008838,1220.63961726655,-184.579270847062,75.7718052422208,1220.86499643983
"BIGKAT _ C14 _ Left _ 2",-166.42065627307,47.5214246438146,1218.81370936978,-182.453113323065,87.3844785448102,1222.90586427021
"BIGKAT _ C14 _ Left _ 2",-165.850069172493,46.7609701924014,1216.78439585382,-180.001999308856,99.0313153603436,1225.17133831142
"BIGKAT _ C14 _ Left _ 2",-165.458754772955,45.7586609019789,1214.79548033899,-177.44699830857,109.620974033978,1227.49845687953
"BIGKAT _ C14 _ Left _ 2",-165.202919483206,44.8012703113351,1213.08948419441,-175.084046351819,118.030693208259,1229.69589272804
"BIGKAT _ C14 _ Left _ 2",-165.030198977127,44.1331392395074,1211.86307858457,-173.22013682444,123.294515598894,1231.56549940302
"BIGKAT _ C14 _ Left _ 2",-164.890874477143,43.9180010457742,1211.23301536203,-172.095556628413,124.78997680916,1232.93059368237
"BIGKAT _ C14 _ Left _ 2",-164.745996546022,44.218857174321,1211.21807080276,-171.817034033605,122.386000262231,1233.66816126802
"BIGKAT _ C14 _ Left _ 2",-164.571557880186,44.997331412752,1211.73945635598,-172.3248505733,116.512460234099,1233.7374137897
"BIGKAT _ C14 _ Left _ 2",-164.358702864253,46.1314397746128,1212.63936139825,-173.406467541056,108.118796599894,1233.19431939395
"BIGKAT _ C14 _ Left _ 2",-164.11069400684,47.4480904420837,1213.71429390071,-174.753028415963,98.5113063197854,1232.1839579603
"BIGKAT _ C14 _ Left _ 2",-163.838013482042,48.7635875724139,1214.75661975603,-176.039238731883,89.0958869540064,1230.90976123714
"BIGKAT _ C14 _ Left _ 2",-163.553286187232,49.9229222847793,1215.59499664128,-176.999437160202,81.091533258288,1229.58755500224
"BIGKAT _ C14 _ Left _ 2",-163.267344042987,50.8285450333739,1216.12387762063,-177.477537109026,75.2971979128411,1228.39824291396
"BIGKAT _ C14 _ Left _ 2",-162.986935827469,51.4525303183548,1216.31518536729,-177.442075223788,71.9767277605189,1227.45295017775
"BIGKAT _ C14 _ Left _ 2",-162.713925668949,51.831252658991,1216.2108526375,-176.970873636335,70.8826346333872,1226.77902833069
"BIGKAT _ C14 _ Left _ 2",-162.445610097386,52.046348680279,1215.90048666214,-176.216682549901,71.3945587573592,1226.32800451965
"BIGKAT _ C14 _ Left _ 2",-162.175858908947,52.1981530337574,1215.49156001041,-175.365522627881,72.7222067453843,1226.00084108478
"BIGKAT _ C14 _ Left _ 2",-161.896901303363,52.3779644653139,1215.07981655795,-174.596288369604,74.1184828095492,1225.68305613183
"BIGKAT _ C14 _ Left _ 2",-161.601615515993,52.6443799853265,1214.72600826235,-174.046371242586,75.0586199262514,1225.28175159347
"BIGKAT _ C14 _ Left _ 2",-161.286112207778,53.0074681648715,1214.44283470465,-173.785393406276,75.3561750593285,1224.75730955908
"BIGKAT _ C14 _ Left _ 2",-160.952248866411,53.4232193076981,1214.19377780883,-173.798303258677,75.2010169727518,1224.1437077602
"BIGKAT _ C14 _ Left _ 2",-160.609531935615,53.7995231357749,1213.90364088492,-173.979777470932,75.1160824906705,1223.55287351691
"BIGKAT _ C14 _ Left _ 2",-160.27574465888,54.0135989693212,1213.47891738978,-174.143045615373,75.8397027175865,1223.16047627987
"BIGKAT _ C14 _ Left _ 2",-159.975681743703,53.9390206046932,1212.83445573974,-174.04648415027,78.1507188772106,1223.17342900859
"BIGKAT _ C14 _ Left _ 2",-159.737653013328,53.4781787058635,1211.92125880385,-173.439330523532,82.665417341165,1223.78325038919
"BIGKAT _ C14 _ Left _ 2",-159.587945848121,52.5936609839919,1210.74904896859,-172.123008432752,89.646713186603,1225.1137898666
"BIGKAT _ C14 _ Left _ 2",-159.544116103346,51.330647346227,1209.39724954588,-170.017343081082,98.8716953258671,1227.17522026883
"BIGKAT _ C14 _ Left _ 2",-159.608622644669,49.82322365891,1208.01013065723,-167.213580055424,109.5970290401,1229.83687209762
"BIGKAT _ C14 _ Left _ 2",-159.764711190768,48.2808871624999,1206.77599971782,-163.99268179701,120.640686905463,1232.82856762319
"BIGKAT _ C14 _ Left _ 2",-159.976361670162,46.9563337387513,1205.89484589474,-160.792322843639,130.569534710556,1235.77441306695
"BIGKAT _ C14 _ Left _ 2",-160.193325978933,46.1000759851344,1205.54147378593,-158.1206464778,137.956505841411,1238.25591831315
"BIGKAT _ C14 _ Left _ 2",-160.360791528145,45.9105235923813,1205.83109961161,-156.434750571867,141.655617979413,1239.89368477283
"BIGKAT _ C14 _ Left _ 2",-160.431456864946,46.4899178905156,1206.79311552994,-156.018552432234,141.038271623144,1240.42980490495
"BIGKAT _ C14 _ Left _ 2",-160.376581486816,47.8169736957228,1208.35803922965,-156.900211271287,136.13794100778,1239.78903334054
"BIGKAT _ C14 _ Left _ 2",-160.192508223947,49.7453300511945,1210.36230654945,-158.839802857861,127.662696418093,1238.09894835096
"BIGKAT _ C14 _ Left _ 2",-159.90039543575,52.0316300338038,1212.5734294815,-161.394991986727,116.859218028131,1235.65947405149
"BIGKAT _ C14 _ Left _ 2",-159.539104658841,54.3883098192789,1214.73274267464,-164.043763957927,105.249574581201,1232.86828533943
"BIGKAT _ C14 _ Left _ 2",-159.153655155471,56.5468781353689,1216.60601688618,-166.321794703443,94.3049924064308,1230.12448134651
"BIGKAT _ C14 _ Left _ 2",-158.783334894666,58.3124313389189,1218.02751981664,-167.929300153597,85.1495254303352,1227.74071730604
"BIGKAT _ C14 _ Left _ 2",-158.453511611838,59.5928277786042,1218.92409750875,-168.778872727937,78.3811585434096,1225.8896028541
"BIGKAT _ C14 _ Left _ 2",-158.173415357387,60.3955047047634,1219.31282814421,-168.980389716717,74.0559857664548,1224.59622551625
"BIGKAT _ C14 _ Left _ 2",-157.93972647995,60.7966236544832,1219.27544265957,-168.778143850015,71.8226589251321,1223.77242458638
"BIGKAT _ C14 _ Left _ 2",-157.743895521792,60.8958139208207,1218.92032407366,-168.463474398247,71.1470202983532,1223.27667899568
"BIGKAT _ C14 _ Left _ 2",-157.580267147644,60.7725977907189,1218.34556429488,-168.28579283954,71.547227248426,1222.97897068672
"BIGKAT _ C14 _ Left _ 2",-157.452200952363,60.4580260729906,1217.61432093169,-168.380511209809,72.767705050645,1222.81190089235
"BIGKAT _ C14 _ Left _ 2",-157.374204135305,59.9290628346138,1216.74843071164,-168.727002464729,74.8467060873606,1222.79535746503
"BIGKAT _ C14 _ Left _ 2",-157.369338596008,59.125914644921,1215.73999433671,-169.144455574499,78.0667542633015,1223.02993602855
"BIGKAT _ C14 _ Left _ 2",-157.462567270188,57.9855896457943,1214.57513771753,-169.328102903646,82.81121244945,1223.66239730496
"BIGKAT _ C14 _ Left _ 2",-157.671955216969,56.4801093747483,1213.2606785385,-168.921907818726,89.3763339797394,1224.83329140633
"BIGKAT _ C14 _ Left _ 2",-158.000376280729,54.646529809905,1211.84400024568,-167.615762157521,97.7996084275318,1226.62110304321
"BIGKAT _ C14 _ Left _ 2",-158.430277279508,52.59920098287,1210.41947603589,-165.246371039315,107.757081251931,1228.99772180404
"BIGKAT _ C14 _ Left _ 2",-158.923098672733,50.5215010561161,1209.12025805138,-161.874599770135,118.556532577104,1231.80676346075
"BIGKAT _ C14 _ Left _ 2",-159.423556941356,48.6411679136392,1208.09939175634,-157.813022564577,129.221551001677,1234.77089861628
"BIGKAT _ C14 _ Left _ 2",-159.867754281485,47.1966610505058,1207.50628096508,-153.588553922765,138.638516978669,1237.52872356369
"BIGKAT _ C14 _ Left _ 2",-160.19336526702,46.4011014246214,1207.46323236534,-149.843663075382,145.731295102302,1239.69622074621
"BIGKAT _ C14 _ Left _ 2",-160.349969409046,46.407962437435,1208.04443256349,-147.198609790846,149.632836279218,1240.94200092545
"BIGKAT _ C14 _ Left _ 2",-160.307773481673,47.2818304359632,1209.25870364281,-146.1094850183,149.830146011681,1241.05994735121
"BIGKAT _ C14 _ Left _ 2",-160.063312981539,48.9787989643467,1211.03836781793,-146.759359099092,146.263147787713,1240.02005893749
"BIGKAT _ C14 _ Left _ 2",-159.641109819298,51.3425236733467,1213.23825391209,-149.012606646398,139.358474469731,1237.98107721869
"BIGKAT _ C14 _ Left _ 2",-159.090673021046,54.1211534654098,1215.64918398878,-152.446909974518,129.981122342556,1235.25804996294
"BIGKAT _ C14 _ Left _ 2",-158.47881540162,57.0060446523621,1218.02757332001,-156.456045219555,119.297383848906,1232.2520614241
"BIGKAT _ C14 _ Left _ 2",-157.878224209056,59.6862575453451,1220.13720525878,-160.394721622375,108.564876125702,1229.36212935116
"BIGKAT _ C14 _ Left _ 2",-157.354477643283,61.906107061022,1221.79321178679,-163.723148764201,98.8937719151146,1226.90453471525
"BIGKAT _ C14 _ Left _ 2",-156.954653276156,63.5099994291065,1222.89535167007,-166.111025385773,91.0427777070451,1225.06051214415
"BIGKAT _ C14 _ Left _ 2",-156.700538198248,64.461772816988,1223.44010337863,-167.477670265109,85.3096123178459,1223.86235485703
"BIGKAT _ C14 _ Left _ 2",-156.587974204234,64.8340567499695,1223.50809539868,-167.967701746272,81.5464973530271,1223.21585178665
"BIGKAT _ C14 _ Left _ 2",-156.591770203827,64.7729405483269,1223.23161776573,-167.879171493351,79.2898905230951,1222.94787861561
"BIGKAT _ C14 _ Left _ 2",-156.67402237409,64.4500663489027,1222.75274411638,-167.568412271389,77.959678729592,1222.8639440593
"BIGKAT _ C14 _ Left _ 2",-156.793223612547,64.0160271115674,1222.18417458057,-167.354683773288,77.0680296389923,1222.80130204597
"BIGKAT _ C14 _ Left _ 2",-156.912058922662,63.5664073820681,1221.58278845313,-167.442247054024,76.3820419088731,1222.66712972033
"BIGKAT _ C14 _ Left _ 2",-157.002735715752,63.1269998913304,1220.94166121987,-167.871323368969,76.0009061301231,1222.45622190274
"BIGKAT _ C14 _ Left _ 2",-157.049600054378,62.6594721029062,1220.20141335608,-168.504238927113,76.3310551752469,1222.24728133078
"BIGKAT _ C14 _ Left _ 2",-157.049367646359,62.0841272382334,1219.27716317259,-169.048973995814,77.9672351165538,1222.18062051104
"BIGKAT _ C14 _ Left _ 2",-157.009496319394,61.3129346355127,1218.09366272826,-169.118301301981,81.5101581198344,1222.42287889593
"BIGKAT _ C14 _ Left _ 2",-156.945159733912,60.2840191285798,1216.61899335898,-168.31750810961,87.36847347058,1223.12619581603
"BIGKAT _ C14 _ Left _ 2",-156.87515660725,58.9886980537191,1214.8872368811,-166.346948778378,95.5986902735947,1224.38983455093
"BIGKAT _ C14 _ Left _ 2",-156.817088304894,57.4843258809281,1213.00343863566,-163.098660234747,105.826121725179,1226.23099111016
"BIGKAT _ C14 _ Left _ 2",-156.78233043116,55.8903842891633,1211.12956174051,-158.722175965314,117.263847133582,1228.56865382138
"BIGKAT _ C14 _ Left _ 2",-156.771681545656,54.3699603721175,1209.45605616496,-153.637200732301,128.816569147046,1231.22165747289
"BIGKAT _ C14 _ Left _ 2",-156.772969430426,53.1019471042913,1208.16746047012,-148.481519718092,139.237557775516,1233.92152953574
"BIGKAT _ C14 _ Left _ 2",-156.762030021148,52.2499883673535,1207.41059451514,-143.999110492199,147.30582079369,1236.34191981781
"BIGKAT _ C14 _ Left _ 2",-156.707938726908,51.9331987897867,1207.27113658201,-140.890655721327,151.999900355471,1238.14594865017
"BIGKAT _ C14 _ Left _ 2",-156.582007079208,52.2026676360611,1207.76093576083,-139.660958425489,152.652452955583,1239.04777863648
"BIGKAT _ C14 _ Left _ 2",-156.368269506315,53.027576583275,1208.81615956008,-140.501571683996,149.06976107731,1238.87636431
"BIGKAT _ C14 _ Left _ 2",-156.071887462575,54.294817067124,1210.30571590108,-143.241214080996,141.594332171217,1237.6228401345
"BIGKAT _ C14 _ Left _ 2",-155.721973464291,55.8248476336347,1212.04942210493,-147.38158520524,131.084359196629,1235.45357478624
"BIGKAT _ C14 _ Left _ 2",-155.367046179228,57.4031982334959,1213.84480244282,-152.213509408709,118.790929476548,1232.67997850888
"BIGKAT _ C14 _ Left _ 2",-155.064114694165,58.8219358789453,1215.49943004315,-156.983030078495,106.138803088869,1229.69043988585
"BIGKAT _ C14 _ Left _ 2",-154.865038809035,59.9205950305049,1216.86284852082,-161.059427276931,94.4544032304591,1226.86325837356
"BIGKAT _ C14 _ Left _ 2",-154.804900264168,60.6143846186536,1217.84993010343,-164.057414322894,84.7164189085594,1224.48635048933
"BIGKAT _ C14 _ Left _ 2",-154.895948111817,60.9007121409599,1218.44805417365,-165.884882460257,77.4073435317443,1222.70688374662
"BIGKAT _ C14 _ Left _ 2",-155.12800201185,60.8422915910319,1218.70469880449,-166.714611446062,72.5107392423703,1221.52311777974
"BIGKAT _ C14 _ Left _ 2",-155.473667180361,60.5330061225211,1218.69860310053,-166.899587371993,69.6454447007519,1220.81663590649
"BIGKAT _ C14 _ Left _ 2",-155.895536129099,60.0578888170829,1218.50348066751,-166.860505368806,68.2819606474128,1220.41172247353
"BIGKAT _ C14 _ Left _ 2",-156.352819878462,59.4596119891341,1218.15575129387,-166.972742793395,67.9660145126087,1220.1432412087
"BIGKAT _ C14 _ Left _ 2",-156.805961875062,58.7212566109248,1217.63636007065,-167.473855267628,68.4810955320002,1219.91487697399
"BIGKAT _ C14 _ Left _ 2",-157.219052898643,57.7702157310878,1216.87246403826,-168.405642684816,69.906947308357,1219.73404212886
"BIGKAT _ C14 _ Left _ 2",-157.560790628723,56.5022010480144,1215.75898364675,-169.598897074016,72.5645256970586,1219.71613055146
"BIGKAT _ C14 _ Left _ 2",-157.805069193731,54.8186617830449,1214.19410703718,-170.703901542254,76.8712845919226,1220.05778786728
"BIGKAT _ C14 _ Left _ 2",-157.932048874665,52.6667724429215,1212.1182847885,-171.264179038085,83.1564481029306,1220.98555236291
"BIGKAT _ C14 _ Left _ 2",-157.929968082282,50.0700195961868,1209.54478295363,-170.823380666487,91.496971630392,1222.69166572937
"BIGKAT _ C14 _ Left _ 2",-157.797340970325,47.1405291880016,1206.57280768278,-169.045586388978,101.625681009979,1225.27184305261
"BIGKAT _ C14 _ Left _ 2",-157.544769211331,44.0710293489267,1203.38091325536,-165.820804721621,112.934995006059,1228.67934789485
"BIGKAT _ C14 _ Left _ 2",-157.195445441577,41.1114320675476,1200.20536239352,-161.325761051585,124.564655032093,1232.70605371379
"BIGKAT _ C14 _ Left _ 2",-156.783515146189,38.5383693189149,1197.31125250917,-156.019230720627,135.536807664418,1236.99572562661
"BIGKAT _ C14 _ Left _ 2",-156.349806570331,36.6243422713782,1194.96258668117,-150.569223928913,144.896421123686,1241.08888281083
"BIGKAT _ C14 _ Left _ 2",-155.935099785371,35.6088631925983,1193.39374050547,-145.728580737495,151.827055253782,1244.49276632497
"BIGKAT _ C14 _ Left _ 2",-155.572069800502,35.6707076620885,1192.78224892686,-142.188072992943,155.731651964495,1246.76453829992
"BIGKAT _ C14 _ Left _ 2",-155.278006826097,36.9003207182154,1193.22292008355,-140.439134744065,156.284306361658,1247.59200125533
"BIGKAT _ C14 _ Left _ 2",-155.050845345928,39.2745405186373,1194.70561921666,-140.674543078988,153.463817346484,1246.85508866576
"BIGKAT _ C14 _ Left _ 2",-154.870460082746,42.6403232033275,1197.10235328598,-142.748547691291,147.571522211981,1244.65366660517
"BIGKAT _ C14 _ Left _ 2",-154.705522224184,46.7171645112051,1200.17142934591,-146.208623769583,139.221249556285,1241.29286434368
"BIGKAT _ C14 _ Left _ 2",-154.52391504832,51.1264849408065,1203.58499284665,-150.396808444241,129.280667391693,1237.22617548108
"BIGKAT _ C14 _ Left _ 2",-154.30288784559,55.4489200935905,1206.97986340145,-154.599252438335,118.751788622144,1232.96772145572
"BIGKAT _ C14 _ Left _ 2",-154.035072579394,59.2989124204337,1210.02187851892,-158.204636409675,108.604763585676,1228.99465944981
"BIGKAT _ C14 _ Left _ 2",-153.728545683484,62.3957102203403,1212.46572029093,-160.826296769063,99.6096960321279,1225.66398882098
"BIGKAT _ C14 _ Left _ 2",-153.402031400213,64.6077049380106,1214.19098654701,-162.35519287622,92.2243519955195,1223.16275407053
"BIGKAT _ C14 _ Left _ 2",-153.078201784948,65.9558889512054,1215.20317584755,-162.935459886853,86.5784104222227,1221.49922018693
"BIGKAT _ C14 _ Left _ 2",-152.777950610588,66.5777249308281,1215.60154501827,-162.878340854727,82.5557207109301,1220.53047576989
"BIGKAT _ C14 _ Left _ 2",-152.517145733238,66.6664336060373,1215.52743130457,-162.544374967275,79.937621200572,1220.01418082996
"BIGKAT _ C14 _ Left _ 2",-152.305878319469,66.4066956375335,1215.11155462873,-162.226552959765,78.5511183301049,1219.67064499232
"BIGKAT _ C14 _ Left _ 2",-152.149342075869,65.9255729531709,1214.43652992519,-162.062266348172,78.3697073426662,1219.24441072652
"BIGKAT _ C14 _ Left _ 2",-152.049297863519,65.2700636095641,1213.52383483981,-161.993099025136,79.535632802223,1218.55879691698
"BIGKAT _ C14 _ Left _ 2",-152.005408079364,64.4135635126349,1212.34587021091,-161.781121412706,82.3012063823278,1217.55971100971
"BIGKAT _ C14 _ Left _ 2",-152.016255660978,63.2853162372014,1210.8561129341,-161.079179739462,86.9142345308718,1216.34513988757
"BIGKAT _ C14 _ Left _ 2",-152.0802571193,61.8116101932962,1209.02573045999,-159.540950443346,93.4898772957389,1215.17421831664
"BIGKAT _ C14 _ Left _ 2",-152.196669205476,59.9561674219736,1206.8746775456,-156.945234684193,101.911620067811,1214.446335121
"BIGKAT _ C14 _ Left _ 2",-152.366478991915,57.7496950303054,1204.48898679442,-153.301178965419,111.787541316604,1214.64005180925
"BIGKAT _ C14 _ Left _ 2",-152.592553515611,55.3030940179824,1202.02153419853,-148.901463337337,122.464721390591,1216.20856871677
"BIGKAT _ C14 _ Left _ 2",-152.878499422889,52.8028464160905,1199.67810548386,-144.301793555502,133.088432694796,1219.44499619725
"BIGKAT _ C14 _ Left _ 2",-153.226299630608,50.4894884144702,1197.69252255434,-140.224956885358,142.689909161299,1224.35092826262
"BIGKAT _ C14 _ Left _ 2",-153.633500866806,48.6216996845435,1196.29451444291,-137.409605816401,150.291920884613,1230.55384252643
"BIGKAT _ C14 _ Left _ 2",-154.091062756963,47.4307983737875,1195.67375274164,-136.440676207066,155.026325436026,1237.31330359286
"BIGKAT _ C14 _ Left _ 2",-154.582839938779,47.0735357947334,1195.94440923919,-137.60532971247,156.257263918068,1243.63283835297
"BIGKAT _ C14 _ Left _ 2",-155.087187518295,47.5938250424358,1197.11665682973,-140.814150318765,153.697189268014,1248.46181602949
"BIGKAT _ C14 _ Left _ 2",-155.580491662989,48.9046138292222,1199.0831629385,-145.612814622545,147.492914882728,1250.94023841063
"BIGKAT _ C14 _ Left _ 2",-156.041679237842,50.79795442849,1201.62766550808,-151.286427891438,138.25108989786,1250.61830593885
"BIGKAT _ C14 _ Left _ 2",-156.456294877055,52.9839630743904,1204.4579167219,-157.030993116038,126.975548014192,1247.58016456756
"BIGKAT _ C14 _ Left _ 2",-156.81890329366,55.1495844308213,1207.25748198841,-162.142471815064,114.909835102513,1242.42418652737
"BIGKAT _ C14 _ Left _ 2",-157.13322940984,57.0201168832871,1209.74308925899,-166.165581591107,103.31437564413,1236.09972471434
"BIGKAT _ C14 _ Left _ 2",-157.410035199849,58.4048305779949,1211.71043013927,-168.959133251315,93.242301805346,1229.65555107199
"BIGKAT _ C14 _ Left _ 2",-157.66303019342,59.214242543938,1213.0544596958,-170.666382306427,85.3871670236928,1223.98891966546
"BIGKAT _ C14 _ Left _ 2",-157.903402990612,59.4478127616043,1213.75985791085,-171.611112867653,80.0482271925645,1219.67639987481
"BIGKAT _ C14 _ Left _ 2",-158.134030231525,59.1615232076553,1213.8689425235,-172.15893235748,77.2085800579328,1216.92556058372
"BIGKAT _ C14 _ Left _ 2",-158.344850525518,58.4304148803575,1213.44221411947,-172.58557225316,76.6771497112532,1215.63716460733
"BIGKAT _ C14 _ Left _ 2",-158.510955777819,57.320261194548,1212.52763337487,-172.985109250772,78.2285059056327,1215.53414633695
"BIGKAT _ C14 _ Left _ 2",-158.594510001098,55.8766688800821,1211.1492629349,-173.237204847631,81.6871711808263,1216.30360182017
"BIGKAT _ C14 _ Left _ 2",-158.550721979501,54.1318985599211,1209.31701691556,-173.037626704987,86.9345687657343,1217.70668867514
"BIGKAT _ C14 _ Left _ 2",-158.336989270493,52.1225773960026,1207.05051683631,-171.98248853866,93.8523794510961,1219.63043407641
"BIGKAT _ C14 _ Left _ 2",-157.923355524823,49.9078125255227,1204.40476730155,-169.68525042911,102.24185285221,1222.07727867963
"BIGKAT _ C14 _ Left _ 2",-157.301992625788,47.5785680433624,1201.4858151227,-165.898171397144,111.76432284475,1225.10677732007
"BIGKAT _ C14 _ Left _ 2",-156.493709236014,45.2549027203945,1198.45050357637,-160.608394466968,121.932081731586,1228.75541778458
"BIGKAT _ C14 _ Left _ 2",-155.55018906859,43.0744139379299,1195.49234921794,-154.084438461244,132.150609090499,1232.96343886317
"BIGKAT _ C14 _ Left _ 2",-154.551226672706,41.1788117454737,1192.82072442194,-146.861193289627,141.788938171828,1237.53223185925
"BIGKAT _ C14 _ Left _ 2",-153.596521796829,39.7041773563796,1190.64067600954,-139.667358682363,150.246474447189,1242.12460384149
"BIGKAT _ C14 _ Left _ 2",-152.792137554204,38.7758691218434,1189.13724109733,-133.312818927289,156.993606125846,1246.3068417537
"BIGKAT _ C14 _ Left _ 2",-152.233042659711,38.5045994241899,1188.46392862228,-128.559571417901,161.583209426711,1249.62072579707
"BIGKAT _ C14 _ Left _ 2",-151.984961440541,38.9785658412761,1188.73234694105,-125.998244249075,163.649624900702,1251.66807219344
"BIGKAT _ C14 _ Left _ 2",-152.070040389646,40.2485144906551,1189.99985313366,-125.947613869877,162.920320700533,1252.18950291956
"BIGKAT _ C14 _ Left _ 2",-152.460675514054,42.3072919116119,1192.2545667769,-128.391687226314,159.258157175893,1251.12095031239
"BIGKAT _ C14 _ Left _ 2",-153.083986477953,45.0705977758505,1195.40100542586,-132.968232684417,152.731788107259,1248.61497849661
"BIGKAT _ C14 _ Left _ 2",-153.836380916972,48.3686043362996,1199.25302524692,-139.019901937778,143.687744972347,1245.01983140753
"BIGKAT _ C14 _ Left _ 2",-154.604508499495,51.9567509243657,1203.54167408563,-145.70900222183,132.782682040526,1240.81774920828
"BIGKAT _ C14 _ Left _ 2",-155.286999721337,55.5480228507438,1207.94276388838,-152.178258598421,120.939066673524,1236.53464229236
"BIGKAT _ C14 _ Left _ 2",-155.811612101775,58.8605276679512,1212.12260520201,-157.719260613003,109.215318869138,1232.64249008833
"BIGKAT _ C14 _ Left _ 2",-156.144451134027,61.6670872734305,1215.79225427822,-161.90063874408,98.6216309323727,1229.47943234627
"BIGKAT _ C14 _ Left _ 2",-156.290474532998,63.8314946286079,1218.75443073264,-164.618539765964,89.9437169534612,1227.20784677217
"BIGKAT _ C14 _ Left _ 2",-156.286402593062,65.3203764597399,1220.92724779787,-166.058697354753,83.6383308166238,1225.81907132191
"BIGKAT _ C14 _ Left _ 2",-156.188262576535,66.1885035300601,1222.33674391292,-166.588115452761,79.8332035103577,1225.1792571885
"BIGKAT _ C14 _ Left _ 2",-156.056376688292,66.5448103794401,1223.0824275973,-166.61263688935,78.4176132588735,1225.09932230332
"BIGKAT _ C14 _ Left _ 2",-155.940768454653,66.5121165397431,1223.29001022841,-166.440905994458,79.173843968625,1225.4068488089
"BIGKAT _ C14 _ Left _ 2",-155.869689152213,66.193652059049,1223.06853159358,-166.188565354667,81.8904033840391,1225.99989043533
"BIGKAT _ C14 _ Left _ 2",-155.84335125203,65.6549537266763,1222.48507532475,-165.743714904674,86.414639678331,1226.87016132702
"BIGKAT _ C14 _ Left _ 2",-155.834138346148,64.9230667058972,1221.56216065692,-164.799474745457,92.6341136706502,1228.09288965235
"BIGKAT _ C14 _ Left _ 2",-155.79354599585,63.9988998181217,1220.29424156196,-162.944400666302,100.408614929179,1229.78979650529
"BIGKAT _ C14 _ Left _ 2",-155.664797299935,62.8751197646458,1218.67362903437,-159.788419657974,109.494939666957,1232.07781171318
"BIGKAT _ C14 _ Left _ 2",-155.398538600462,61.5522354765609,1216.71471859141,-155.093153698175,119.505577194454,1235.01772462978
"BIGKAT _ C14 _ Left _ 2",-154.967776010986,60.0489277355291,1214.46890800942,-148.87370547107,129.920995871083,1238.57423203053
"BIGKAT _ C14 _ Left _ 2",-154.37803999137,58.4068080277788,1212.0286217474,-141.445941077505,140.146050620572,1242.594197007
"BIGKAT _ C14 _ Left _ 2",-153.669965900044,56.6920040443083,1209.52357014554,-133.407722879811,149.58133388919,1246.80615311018
"BIGKAT _ C14 _ Left _ 2",-152.913530419166,54.9954628958115,1207.11339291035,-125.559571761007,157.679220986359,1250.8418552251
"BIGKAT _ C14 _ Left _ 2",-152.195280786583,53.4317880318369,1204.97875240281,-118.783697138286,163.968875455382,1254.27868660499
"BIGKAT _ C14 _ Left _ 2",-151.601539094838,52.1343822192035,1203.30997861275,-113.90619618895,168.054878493889,1256.69892700765
"BIGKAT _ C14 _ Left _ 2",-151.201496019781,51.243842240746,1202.29052617416,-111.565735325643,169.610336120494,1257.75845509605
"BIGKAT _ C14 _ Left _ 2",-151.034068838719,50.8877811433403,1202.0729559446,-112.106982323882,168.38986088344,1257.25398457153
"BIGKAT _ C14 _ Left _ 2",-151.101325606758,51.1537334342503,1202.74827735234,-115.512810974127,164.277836414213,1255.17498473444
"BIGKAT _ C14 _ Left _ 2",-151.369546023026,52.0614357341764,1204.31455104601,-121.38758586792,157.365911114447,1251.72533306348
"BIGKAT _ C14 _ Left _ 2",-151.777180813501,53.5442613054534,1206.65537602363,-129.002300283908,148.029515017221,1247.30289008383
"BIGKAT _ C14 _ Left _ 2",-152.247514087483,55.4494098879288,1209.54003705233,-137.405700794698,136.958566560199,1242.43439636215
"BIGKAT _ C14 _ Left _ 2",-152.70300466679,57.5614110582564,1212.65244763114,-145.589810079454,125.103569118647,1237.6768865525
"BIGKAT _ C14 _ Left _ 2",-153.078269352871,59.6449457116551,1215.64629269923,-152.676676416973,113.52837732852,1233.50965292373
"BIGKAT _ C14 _ Left _ 2",-153.329382000638,61.4946995294465,1218.21277491383,-158.077735484326,103.204614066559,1230.24600979436
"BIGKAT _ C14 _ Left _ 2",-153.43821591188,62.9761684643711,1220.14042999356,-161.580487595862,94.8171696867761,1227.98850701191
"BIGKAT _ C14 _ Left _ 2",-153.411642414483,64.0441768526711,1221.34776741543,-163.340515486166,88.6533188524606,1226.63733559772
"BIGKAT _ C14 _ Left _ 2",-153.276416832849,64.7340478047475,1221.8791756898,-163.787909148585,84.6155606171151,1225.94584945982
"BIGKAT _ C14 _ Left _ 2",-153.071378524057,65.1299895308962,1221.86792731194,-163.480657917743,82.3483603547497,1225.60548734042
"BIGKAT _ C14 _ Left _ 2",-152.838892682116,65.3222880417125,1221.48072792201,-162.946230273944,81.4275498259839,1225.33766004811
"BIGKAT _ C14 _ Left _ 2",-152.617192134619,65.367295966392,1220.86221435599,-162.548417512732,81.5441347313248,1224.97160045092
"BIGKAT _ C14 _ Left _ 2",-152.434684330398,65.2622476452323,1220.09533954658,-162.40547903705,82.6223147454194,1224.49233497581
"BIGKAT _ C14 _ Left _ 2",-152.306715017344,64.9420284291296,1219.18712725729,-162.372679206918,84.8367003332541,1224.04965463366
"BIGKAT _ C14 _ Left _ 2",-152.234924406916,64.2986977411136,1218.08138623215,-162.089970705162,88.5266579171406,1223.92613027753
"BIGKAT _ C14 _ Left _ 2",-152.209181271149,63.2181616423009,1216.69257318418,-161.084439113424,94.0380305389993,1224.46953579964
"BIGKAT _ C14 _ Left _ 2",-152.211951122126,61.6233008972827,1214.94954717012,-158.907071638488,101.546169433309,1226.00226492709
"BIGKAT _ C14 _ Left _ 2",-152.224592828007,59.5106747782715,1212.83573003424,-155.275020102647,110.921150440752,1228.72647193948
"BIGKAT _ C14 _ Left _ 2",-152.234380347368,56.9699180527399,1210.41407334058,-150.185968469562,121.680538687781,1232.6468595134
"BIGKAT _ C14 _ Left _ 2",-152.240304692176,54.1807551611573,1207.83081900189,-143.973832177373,133.040486541195,1237.53139858145
"BIGKAT _ C14 _ Left _ 2",-152.255510968276,51.3895324256631,1205.29894656956,-137.286900609058,144.038303325619,1242.9231725116
"BIGKAT _ C14 _ Left _ 2",-152.304947248319,48.8721530901883,1203.06731120894,-130.988619520184,153.678742149078,1248.20505137414
"BIGKAT _ C14 _ Left _ 2",-152.418319579951,46.8920169528683,1201.38324986312,-126.00117116857,161.060744774795,1252.70554920023
"BIGKAT _ C14 _ Left _ 2",-152.620260891574,45.6607834704919,1200.45556172272,-123.125932350778,165.463852120686,1255.82282249306
"BIGKAT _ C14 _ Left _ 2",-152.92101217379,45.3077908255665,1200.42291345442,-122.879492250109,166.398451006331,1257.13837792367
"BIGKAT _ C14 _ Left _ 2",-153.311118348028,45.8617935841532,1201.33122782473,-125.380446912147,163.63794860094,1256.49455407417
"BIGKAT _ C14 _ Left _ 2",-153.762349463431,47.246971372681,1203.12296956487,-130.313516921432,157.248016387979,1254.01876839841
"BIGKAT _ C14 _ Left _ 2",-154.234779289332,49.2938531945406,1205.64092528602,-136.984513692132,147.612107190754,1250.08985181268
"BIGKAT _ C14 _ Left _ 2",-154.687666515334,51.7641322522202,1208.64785743485,-144.460922657636,135.435154261697,1245.25512055289
"BIGKAT _ C14 _ Left _ 2",-155.090351819855,54.3857225867805,1211.86024379975,-151.768989118994,121.701854863576,1240.1189574748
"BIGKAT _ C14 _ Left _ 2",-155.429357363149,56.8914060077196,1214.98963213243,-158.096455915032,107.578505756611,1235.23116629483
"BIGKAT _ C14 _ Left _ 2",-155.709362878617,59.0527294361954,1217.78142759192,-162.9428935821,94.2719181351574,1231.00265755862
"BIGKAT _ C14 _ Left _ 2",-155.948134316929,60.7019510400324,1220.04112212453,-166.174976910111,82.8801499198429,1227.66654326117
"BIGKAT _ C14 _ Left _ 2",-156.167677877227,61.7387671846515,1221.64281438069,-167.977170415388,74.273983040024,1225.2880736845
"BIGKAT _ C14 _ Left _ 2",-156.384968581477,62.1236877746806,1222.52208430439,-168.723333658574,69.0327251260457,1223.81264024949
"BIGKAT _ C14 _ Left _ 2",-156.605316082996,61.8641531725421,1222.66119734061,-168.816561285413,67.4325532308526,1223.13179553419
"BIGKAT _ C14 _ Left _ 2",-156.820133195852,61.0010299208731,1222.07631973956,-168.547519132687,69.4656099945812,1223.14499410231
"BIGKAT _ C14 _ Left _ 2",-157.009213239688,59.6011389584418,1220.8131823153,-168.009348616226,74.8653347593665,1223.79936076124
"BIGKAT _ C14 _ Left _ 2",-157.14622552975,57.7567107585761,1218.95116417141,-167.087118926878,83.1284591773783,1225.09912045345
"BIGKAT _ C14 _ Left _ 2",-157.205385490695,55.5875608394285,1216.60957436488,-165.517981276774,93.5445658260486,1227.08677075397
"BIGKAT _ C14 _ Left _ 2",-157.167259289785,53.2393249551801,1213.94757866935,-162.999092722751,105.253511072323,1229.80584381294
"BIGKAT _ C14 _ Left _ 2",-157.022307482616,50.8729752738401,1211.15224578993,-159.308188037482,117.34071472904,1233.25811689046
"BIGKAT _ C14 _ Left _ 2",-156.771747007033,48.6460670356249,1208.41567703321,-154.400320622984,128.957016471273,1237.3671219242
"BIGKAT _ C14 _ Left _ 2",-156.426200647002,46.6914946464762,1205.90808526633,-148.454939549732,139.430076996711,1241.95691167944
"BIGKAT _ C14 _ Left _ 2",-156.003041500099,45.1017539297871,1203.75579325225,-141.866011095807,148.330772690214,1246.7512693235
"BIGKAT _ C14 _ Left _ 2",-155.52321096511,43.9247856933588,1202.03095435796,-135.186085820003,155.471655472058,1251.39374931212
"BIGKAT _ C14 _ Left _ 2",-155.007877857412,43.172752936787,1200.75513771138,-129.045264041243,160.838195434413,1255.48410018781
"BIGKAT _ C14 _ Left _ 2",-154.475116595708,42.8399150170495,1199.91408257649,-124.065125415507,164.47799634326,1258.62414442541
"BIGKAT _ C14 _ Left _ 2",-153.937050080494,42.9220954541469,1199.47746455875,-120.779464960011,166.389819152385,1260.46708516653
"BIGKAT _ C14 _ Left _ 2",-153.39836605125,43.4292386140126,1199.41617907378,-119.565373086674,166.456666050866,1260.76633410352
"BIGKAT _ C14 _ Left _ 2",-152.85726103282,44.3846158835681,1199.71084981689,-120.585706611441,164.453572113274,1259.4200048831
"BIGKAT _ C14 _ Left _ 2",-152.309285761654,45.8090933242216,1200.34880121488,-123.748351237805,160.134816730104,1256.50409997479
"BIGKAT _ C14 _ Left _ 2",-151.753276499327,47.6952704712296,1201.31140386147,-128.694936004245,153.374771580883,1252.28349029316
"BIGKAT _ C14 _ Left _ 2",-151.197196491535,49.9818851530914,1202.55786619773,-134.835058051199,144.311426809602,1247.18935041422
"BIGKAT _ C14 _ Left _ 2",-150.661191631177,52.5408115186842,1204.01360829038,-141.435184641377,133.432230628175,1241.75814215796
"BIGKAT _ C14 _ Left _ 2",-150.175964942888,55.1854183460377,1205.57005101583,-147.752626313748,121.556318206243,1236.54003023494
"BIGKAT _ C14 _ Left _ 2",-149.776453222778,57.7006717891188,1207.09796720264,-153.181735048067,109.705333219354,1231.99833585831
"BIGKAT _ C14 _ Left _ 2",-149.492887720135,59.8856958438592,1208.47034511052,-157.366325249834,98.9031574606655,1228.42866909482
"BIGKAT _ C14 _ Left _ 2",-149.342474566499,61.5934612016384,1209.5859970314,-160.240347245953,89.9786181313915,1225.92202616924
"BIGKAT _ C14 _ Left _ 2",-149.32444174513,62.7533216648934,1210.38446631648,-161.985236268218,83.443918472373,1224.3818692662
"BIGKAT _ C14 _ Left _ 2",-149.41952379495,63.3698190573963,1210.84678460737,-162.922269945478,79.4843515998841,1223.58756880115
"BIGKAT _ C14 _ Left _ 2",-149.59328393917,63.5012459370543,1210.98325057643,-163.377427005243,78.0433255751951,1223.2829910198
"BIGKAT _ C14 _ Left _ 2",-149.80184235104,63.2287058290081,1210.81502291268,-163.560009089471,78.9488933446235,1223.26373208119
"BIGKAT _ C14 _ Left _ 2",-149.998602605252,62.6280850868445,1210.35828617295,-163.488042266216,82.0196600752001,1223.43950625155
"BIGKAT _ C14 _ Left _ 2",-150.14099059196,61.7539695449971,1209.61776075809,-162.978615472184,87.1073479247088,1223.85679212807
"BIGKAT _ C14 _ Left _ 2",-150.196593777542,60.6384718679409,1208.59181867091,-161.70405173067,94.067974237186,1224.67787244721
"BIGKAT _ C14 _ Left _ 2",-150.148195463372,59.3018449633001,1207.28642935019,-159.298191090481,102.688252593763,1226.12329586188
"BIGKAT _ C14 _ Left _ 2",-149.997081037841,57.7679070139159,1205.73154318606,-155.483973563637,112.614176275539,1228.39346617152
"BIGKAT _ C14 _ Left _ 2",-149.763868669605,56.0770793202643,1203.99277962703,-150.18722268087,123.325125792361,1231.58976142475
"BIGKAT _ C14 _ Left _ 2",-149.486209183203,54.2929401227253,1202.17365039771,-143.604915173681,134.170523013572,1235.65524289249
"BIGKAT _ C14 _ Left _ 2",-149.213114124699,52.5023944371053,1200.40765915482,-136.20950441743,144.45223420301,1240.34985751701
"BIGKAT _ C14 _ Left _ 2",-148.996384456593,50.8121328795878,1198.84336440777,-128.689836314562,153.514985495073,1245.26655788909
"BIGKAT _ C14 _ Left _ 2",-148.880475491718,49.3438582541996,1197.62730527849,-121.846295573352,160.809572292103,1249.88523865807
"BIGKAT _ C14 _ Left _ 2",-148.892864967722,48.2286542972408,1196.88908534015,-116.466207492853,165.914560291891,1253.65341624403
"BIGKAT _ C14 _ Left _ 2",-149.037264613344,47.5985652163234,1196.73042002714,-113.203484789797,168.527493610492,1256.07821283806
"BIGKAT _ C14 _ Left _ 2",-149.291605315371,47.572557796669,1197.21699462606,-112.478601613277,168.452767313917,1256.81363510785
"BIGKAT _ C14 _ Left _ 2",-149.611642953656,48.2356385081263,1198.37042848508,-114.40829133504,165.61272024609,1255.72850817723
"BIGKAT _ C14 _ Left _ 2",-149.939581818658,49.6139673420823,1200.15891402069,-118.772900368652,160.091674903942,1252.94183621702
"BIGKAT _ C14 _ Left _ 2",-150.215723217273,51.6536655277199,1202.48893373628,-125.031276878787,152.19742809316,1248.81432267822
"BIGKAT _ C14 _ Left _ 2",-150.390165004085,54.213657104293,1205.20427571479,-132.392379090586,142.503334039938,1243.89037860358
"BIGKAT _ C14 _ Left _ 2",-150.431381090189,57.0805354886232,1208.098900833,-139.943270879463,131.829354977027,1238.79671077751
"BIGKAT _ C14 _ Left _ 2",-150.329514208077,60.0056910830027,1210.94562901923,-146.813983733166,121.139902696137,1234.11918525426
"BIGKAT _ C14 _ Left _ 2",-150.094261520173,62.754911862926,1213.53505839354,-152.33937552196,111.375271574263,1230.29113430128
"BIGKAT _ C14 _ Left _ 2",-149.749209110221,65.1538068226941,1215.7126284334,-156.170824744024,103.272152006298,1227.52540409748
"BIGKAT _ C14 _ Left _ 2",-149.325200262761,67.1130132268547,1217.40023389429,-158.304472038217,97.2420231180242,1225.80796008749
"BIGKAT _ C14 _ Left _ 2",-148.854720414456,68.6252737015802,1218.59403245434,-159.021507184452,93.3531852114983,1224.94991185182
"BIGKAT _ C14 _ Left _ 2",-148.368170865816,69.7377525704018,1219.33984589648,-158.76438763367,91.4163818239471,1224.67728661538
"BIGKAT _ C14 _ Left _ 2",-147.891974458605,70.511828252066,1219.69661890661,-157.988860477255,91.1321415450058,1224.72980246456
"BIGKAT _ C14 _ Left _ 2",-147.447892449058,70.9857853976372,1219.7023973321,-157.032744734975,92.2392744163636,1224.94150811257
"BIGKAT _ C14 _ Left _ 2",-147.052727028496,71.1533184454186,1219.3552876564,-156.032800323518,94.6109835614737,1225.28430169234
"BIGKAT _ C14 _ Left _ 2",-146.717740665047,70.9644260054046,1218.61561501342,-154.906231229381,98.2696162693086,1225.86640533359
"BIGKAT _ C14 _ Left _ 2",-146.447582168817,70.347455783092,1217.42760672825,-153.397566810087,103.322331862866,1226.88912872621
"BIGKAT _ C14 _ Left _ 2",-146.239085930055,69.2440435956597,1215.75200061347,-151.177274670924,109.847722034552,1228.57479308771
"BIGKAT _ C14 _ Left _ 2",-146.080727290856,67.6446903716122,1213.59748004179,-147.967089423819,117.778684124559,1231.08489346338
"BIGKAT _ C14 _ Left _ 2",-145.953532008212,65.6133531336202,1211.04042244594,-143.66036302949,126.823727140303,1234.4490836462
"BIGKAT _ C14 _ Left _ 2",-145.833846088263,63.2943709348851,1208.22839221267,-138.405636212087,136.449204625202,1238.52211993863
"BIGKAT _ C14 _ Left _ 2",-145.697821926734,60.9014057575037,1205.36942601221,-132.629214711304,145.92014284929,1242.97907936112
"BIGKAT _ C14 _ Left _ 2",-145.526950372448,58.6923219704729,1202.7122781946,-126.986743485735,154.381230468312,1247.35137447736
"BIGKAT _ C14 _ Left _ 2",-145.313414850332,56.9349249421771,1200.52140368999,-122.251027285232,160.957667443015,1251.09866156804
"BIGKAT _ C14 _ Left _ 2",-145.063575683394,55.8679094053244,1199.04731727725,-119.15904882287,164.862702454215,1253.70474860317
"BIGKAT _ C14 _ Left _ 2",-144.798054664931,55.6613540683536,1198.49185099068,-118.251796575906,165.505520720539,1254.77930034202
"BIGKAT _ C14 _ Left _ 2",-144.548027025187,56.3823182617848,1198.97049712107,-119.744562536428,162.593115609199,1254.14286951965
"BIGKAT _ C14 _ Left _ 2",-144.3488366098,57.9727650105784,1200.47903794792,-123.462127093842,156.211946371052,1251.8727585532
"BIGKAT _ C14 _ Left _ 2",-144.232844246444,60.2475420477534,1202.87546355911,-128.86161164728,146.864761264807,1248.29363353762
"BIGKAT _ C14 _ Left _ 2",-144.223207244289,62.9177236430086,1205.88763318924,-135.144945530996,135.434662340945,1243.91031264729
"BIGKAT _ C14 _ Left _ 2",-144.329796798408,65.6384491767002,1209.15135503394,-141.435849533529,123.06134309441,1239.29780976886
"BIGKAT _ C14 _ Left _ 2",-144.548198842557,68.0719349663337,1212.2739139847,-146.972640226228,110.944191870707,1234.97868949894
"BIGKAT _ C14 _ Left _ 2",-144.862252631162,69.9493461422401,1214.90781434024,-151.260774102908,100.121571330692,1231.32262385805
"BIGKAT _ C14 _ Left _ 2",-145.249373207503,71.1138364237795,1216.81337751785,-154.143849575075,91.2950535159238,1228.49494892263
"BIGKAT _ C14 _ Left _ 2",-145.686537077281,71.5329386125456,1217.89104768215,-155.781487924692,84.7569559799642,1226.46409817479
"BIGKAT _ C14 _ Left _ 2",-146.15437924893,71.2792719009444,1218.17499208289,-156.551817372917,80.4413101931845,1225.0597205896
"BIGKAT _ C14 _ Left _ 2",-146.637738531787,70.4891859878545,1217.79375633968,-156.913492671849,78.071144039904,1224.0603297991
"BIGKAT _ C14 _ Left _ 2",-147.122614654655,69.3149050212446,1216.91435046786,-157.265251307276,77.3413479813363,1223.28410077129
"BIGKAT _ C14 _ Left _ 2",-147.591030435638,67.8853353151615,1215.68915031131,-157.834539204783,78.0689796345608,1222.65852353253
"BIGKAT _ C14 _ Left _ 2",-148.016195435224,66.2853627016437,1214.22089660386,-158.616215182033,80.2602831168543,1222.25198970636
"BIGKAT _ C14 _ Left _ 2",-148.360448723051,64.5559629670295,1212.55292398966,-159.371132504218,84.0764266815282,1222.26060216437
"BIGKAT _ C14 _ Left _ 2",-148.577723256686,62.7104193864528,1210.68285494789,-159.683654900659,89.7166252995369,1222.95446631127
"BIGKAT _ C14 _ Left _ 2",-148.620888047099,60.7573707630265,1208.59097789481,-159.066847545388,97.2669561205131,1224.59756981492
"BIGKAT _ C14 _ Left _ 2",-148.452646343158,58.720623186218,1206.27131085474,-157.094227087267,106.575526259854,1227.36196810326
"BIGKAT _ C14 _ Left _ 2",-148.057275211605,56.6489638647454,1203.75488427557,-153.528985519981,117.202759539799,1231.25822349803
"BIGKAT _ C14 _ Left _ 2",-147.450015909239,54.6150817322364,1201.12018685349,-148.41885964547,128.462263649666,1236.09917557996
"BIGKAT _ C14 _ Left _ 2",-146.681604261283,52.7077758098241,1198.49195878191,-142.130848685951,139.529052443376,1241.50506039925
"BIGKAT _ C14 _ Left _ 2",-145.836778168984,51.0229787406013,1196.03306320566,-135.314896040112,149.568450184348,1246.9482428597
"BIGKAT _ C14 _ Left _ 2",-145.02676243059,49.6567524067824,1193.93363137771,-128.804261524993,157.841057756847,1251.82817151437
"BIGKAT _ C14 _ Left _ 2",-144.376294861166,48.6999159081776,1192.39841973413,-123.475128763536,163.761092151258,1255.56275090015
"BIGKAT _ C14 _ Left _ 2",-144.006090336605,48.2318453941231,1191.62994959704,-120.094466029163,166.912755160881,1257.68096909012
"BIGKAT _ C14 _ Left _ 2",-144.012436910324,48.3111237900099,1191.80400195183,-119.183991868726,167.0481691602,1257.90216187718
"BIGKAT _ C14 _ Left _ 2",-144.447123725052,48.9628060777571,1193.03684673052,-120.923228808676,164.092961526169,1256.18846039872
"BIGKAT _ C14 _ Left _ 2",-145.302484814214,50.1651342773171,1195.34950222604,-125.109374057692,158.171896193224,1252.75877172059
"BIGKAT _ C14 _ Left _ 2",-146.506817898224,51.8410077455584,1198.6402767376,-131.185964655468,149.644664476712,1248.0567966806
"BIGKAT _ C14 _ Left _ 2",-147.933828731559,53.8597076165993,1202.67891137496,-138.342674112342,139.123370774209,1242.67397787211
"BIGKAT _ C14 _ Left _ 2",-149.42596551392,56.0515451288785,1207.13123171119,-145.672140208886,127.440491710899,1237.24051018231
"BIGKAT _ C14 _ Left _ 2",-150.826639802394,58.2330920472082,1211.61270985055,-152.349449011369,115.554464833021,1232.30960211903
"BIGKAT _ C14 _ Left _ 2",-152.012471234518,60.235681603389,1215.7567446583,-157.78611766796,104.41220666956,1228.2656408709
"BIGKAT _ C14 _ Left _ 2",-152.915962047967,61.9276445593943,1219.27536733,-161.714164780115,94.8145939146166,1225.281091797
"BIGKAT _ C14 _ Left _ 2",-153.53211615429,63.2229995932798,1221.99205613227,-164.178672678704,87.3330886549649,1223.33101843178
"BIGKAT _ C14 _ Left _ 2",-153.908068202093,64.0753857057541,1223.83846611402,-165.448462918181,82.2998040184838,1222.25510777032
"BIGKAT _ C14 _ Left _ 2",-154.120170051039,64.4627752609011,1224.82262710586,-165.879480916553,79.8559144821249,1221.84333034941
"BIGKAT _ C14 _ Left _ 2",-154.246136005685,64.3722729466577,1224.98697344862,-165.775623920634,80.0178222708114,1221.91739068606
"BIGKAT _ C14 _ Left _ 2",-154.340254964375,63.7932877427049,1224.37577015393,-165.287105772151,82.7199335873628,1222.3853983384
"BIGKAT _ C14 _ Left _ 2",-154.417982854258,62.7223835906202,1223.02409088447,-164.371900069235,87.8142581486345,1223.25811316027
"BIGKAT _ C14 _ Left _ 2",-154.453360680771,61.1766974392331,1220.96891973922,-162.826826823551,95.0369698878919,1224.62744714497
"BIGKAT _ C14 _ Left _ 2",-154.389381864363,59.2080164606358,1218.27248235072,-160.375951549097,103.97438662114,1226.61796707383
"BIGKAT _ C14 _ Left _ 2",-154.158199037492,56.9089755981413,1215.04309518801,-156.78892014163,114.062890734265,1229.32736559681
"BIGKAT _ C14 _ Left _ 2",-153.705540193719,54.4070002402915,1211.4417401853,-151.99414850672,124.637418300635,1232.77161767766
"BIGKAT _ C14 _ Left _ 2",-153.012649060999,51.8482475973627,1207.67127890946,-146.153993480691,135.014201180695,1236.84664099526
"BIGKAT _ C14 _ Left _ 2",-152.109899061028,49.3787741452961,1203.95435515489,-139.681024403672,144.57441489157,1241.31366511755
"BIGKAT _ C14 _ Left _ 2",-151.078561617294,47.1306310006053,1200.51027799987,-133.192268250576,152.816314375155,1245.81170581713
"BIGKAT _ C14 _ Left _ 2",-150.040083614119,45.2168946503822,1197.53883922479,-127.415070696203,159.360487882317,1249.89691949676
"BIGKAT _ C14 _ Left _ 2",-149.134932139788,43.7343400201998,1195.2127138639,-123.067951884359,163.915567571017,1253.10419491263
"BIGKAT _ C14 _ Left _ 2",-148.4953962559,42.7683326314651,1193.67432922356,-120.740651965154,166.2303455511,1255.02149944693
"BIGKAT _ C14 _ Left _ 2",-148.21843537982,42.3934063744239,1193.03101915767,-120.79249634284,166.065724835621,1255.36373510449
"BIGKAT _ C14 _ Left _ 2",-148.345036569312,42.665419884615,1193.34422260302,-123.28247603441,163.212834422288,1254.03141759905
"BIGKAT _ C14 _ Left _ 2",-148.851055850464,43.6060757352323,1194.61290333352,-127.941447492444,157.563442122526,1251.14068175094
"BIGKAT _ C14 _ Left _ 2",-149.651563059932,45.1855645267555,1196.75636824044,-134.195932742203,149.212132308088,1247.01495690318
"BIGKAT _ C14 _ Left _ 2",-150.617391991588,47.3116387258092,1199.60526119822,-141.249710413481,138.547086769999,1242.13548361558
"BIGKAT _ C14 _ Left _ 2",-151.599898163665,49.8322058413227,1202.90958408752,-148.218577170151,126.279474784947,1237.05752036631
"BIGKAT _ C14 _ Left _ 2",-152.45832180957,52.5539417451538,1206.36791390949,-154.294999105404,113.378313255172,1232.30954889001
"BIGKAT _ C14 _ Left _ 2",-153.083839132735,55.2731530487641,1209.67366417689,-158.901514657855,100.915398148006,1228.29993419885
"BIGKAT _ C14 _ Left _ 2",-153.415430778711,57.8095530301536,1212.56589628177,-161.788177914423,89.8671833486459,1225.25530168602
"BIGKAT _ C14 _ Left _ 2",-153.444909824117,60.031288893252,1214.86827378089,-163.046342893568,80.9444108645865,1223.20624747847
"BIGKAT _ C14 _ Left _ 2",-153.211257759234,61.8621824070463,1216.50306969247,-163.040341719485,74.5108237983441,1222.02185415868
"BIGKAT _ C14 _ Left _ 2",-152.786954088868,63.2692770220911,1217.4768121287,-162.283896759524,70.6131483080506,1221.48028951585
"BIGKAT _ C14 _ Left _ 2",-152.260426342382,64.2373172180926,1217.84554795878,-161.298837441274,69.0965723331065,1221.35352845075
"BIGKAT _ C14 _ Left _ 2",-151.718755827573,64.7425015553433,1217.67513525183,-160.490436892038,69.74746098986,1221.4823302843
"BIGKAT _ C14 _ Left _ 2",-151.233704892832,64.7380651752364,1217.01234923884,-160.063170484657,72.4010004281927,1221.82239725278
"BIGKAT _ C14 _ Left _ 2",-150.852715697372,64.1591054070692,1215.87663098787,-159.98897733306,76.9733412063614,1222.45168907943
"BIGKAT _ C14 _ Left _ 2",-150.595368263666,62.9458138701583,1214.2730920915,-160.029939239598,83.4136493432467,1223.53940976915
"BIGKAT _ C14 _ Left _ 2",-150.455063293904,61.0760805000076,1212.21854495529,-159.80879262203,91.6068325131658,1225.28684185347
"BIGKAT _ C14 _ Left _ 2",-150.405204275033,58.5936950078568,1209.76721624148,-158.912813037263,101.279027327517,1227.85689209871
"BIGKAT _ C14 _ Left _ 2",-150.408559856746,55.6198023537903,1207.02373795695,-157.0089925089,111.955479828768,1231.31114344913
"BIGKAT _ C14 _ Left _ 2",-150.427773496365,52.3429216212374,1204.13783186997,-153.943200640949,122.994098124195,1235.56976914338
"BIGKAT _ C14 _ Left _ 2",-150.434616282029,48.9927580814883,1201.28432979184,-149.797535113676,133.680976754655,1240.40235107759
"BIGKAT _ C14 _ Left _ 2",-150.415972047448,45.8093301080187,1198.63868362904,-144.891054142541,143.346725103364,1245.44939835928
"BIGKAT _ C14 _ Left _ 2",-150.3754975682,43.0182786843064,1196.35855628126,-139.726460827465,151.457696514162,1250.26779113979
"BIGKAT _ C14 _ Left _ 2",-150.330867130792,40.8171702039813,1194.57690472023,-134.900922786094,157.653212673665,1254.38993511046
"BIGKAT _ C14 _ Left _ 2",-150.307267174886,39.3705216031335,1193.40457924867,-131.005595635183,161.727515605207,1257.38646796124
"BIGKAT _ C14 _ Left _ 2",-150.328497502599,38.8069442885085,1192.93487140663,-128.534192790016,163.580053404031,1258.92479199789
"BIGKAT _ C14 _ Left _ 2",-150.407754402985,39.2117487062302,1193.2413857545,-127.81127023988,163.169523532663,1258.81805950295
"BIGKAT _ C14 _ Left _ 2",-150.540697752094,40.612156738041,1194.36459262108,-128.943235478121,160.501683846913,1257.05952826464
"BIGKAT _ C14 _ Left _ 2",-150.703247883421,42.9582420810234,1196.28950345589,-131.793982974364,155.661049272509,1253.83569586899
"BIGKAT _ C14 _ Left _ 2",-150.855344763446,46.1082551795054,1198.92366138924,-135.991326519091,148.870528507364,1249.51068926705
"BIGKAT _ C14 _ Left _ 2",-150.949872450463,49.8291882117914,1202.08775852185,-140.973661543333,140.542285411937,1244.57700836733
"BIGKAT _ C14 _ Left _ 2",-150.94400006282,53.8203123628,1205.52874435268,-146.080870389389,131.27908035806,1239.57557785406
"BIGKAT _ C14 _ Left _ 2",-150.809313152432,57.7591658355176,1208.95737526958,-150.677301771866,121.804132494851,1234.99958097001
"BIGKAT _ C14 _ Left _ 2",-150.537749728675,61.3590289464152,1212.10133120365,-154.276089986513,112.83331517292,1231.20628568336
"BIGKAT _ C14 _ Left _ 2",-150.142136061193,64.4193597256747,1214.75616661379,-156.62705119304,104.937384096695,1228.36248440705
"BIGKAT _ C14 _ Left _ 2",-149.652092181462,66.8508484468711,1216.81486628669,-157.741691163717,98.4523642543408,1226.43972333513
"BIGKAT _ C14 _ Left _ 2",-149.107316063431,68.6658491806222,1218.2648044293,-157.851679381518,93.4752886641517,1225.25923589128
"BIGKAT _ C14 _ Left _ 2",-148.550395284825,69.9386893772899,1219.15470676123,-157.318300359699,89.9428216854506,1224.57111142261
"BIGKAT _ C14 _ Left _ 2",-148.020645699241,70.7517470727454,1219.54641190215,-156.521418993865,87.7545574244643,1224.14366974591
"BIGKAT _ C14 _ Left _ 2",-147.549645414459,71.1474019036411,1219.47126919529,-155.756982653748,86.8870029337277,1223.83865558566
"BIGKAT _ C14 _ Left _ 2",-147.158581894127,71.1025437136889,1218.90798720296,-155.16587255341,87.4511462714583,1223.65369680559
"BIGKAT _ C14 _ Left _ 2",-146.85740852572,70.5336667780788,1217.79002837133,-154.707900186116,89.6698567362535,1223.72262496235
"BIGKAT _ C14 _ Left _ 2",-146.645984795706,69.3298839873076,1216.03960902813,-154.185186625284,93.7820428469506,1224.27446460513
"BIGKAT _ C14 _ Left _ 2",-146.517517647883,67.4016749645071,1213.61547292739,-153.309786273215,99.9087958806824,1225.56150497769
"BIGKAT _ C14 _ Left _ 2",-146.464301911213,64.7280069490794,1210.55627360845,-151.801225466581,107.932763147949,1227.77430835882
"BIGKAT _ C14 _ Left _ 2",-146.484745445128,61.386019915911,1207.00321700166,-149.491195886644,117.437811227354,1230.96508940755
"BIGKAT _ C14 _ Left _ 2",-146.589368365563,57.5553671320221,1203.19435447355,-146.40740531343,127.731407601318,1234.99937663759
"BIGKAT _ C14 _ Left _ 2",-146.802902270957,53.4993104072954,1199.434242748,-142.810477291837,137.938577000863,1239.5493237189
"BIGKAT _ C14 _ Left _ 2",-147.16051276095,49.5312652193643,1196.05047245729,-139.169099618324,147.131526092727,1244.13207524354
"BIGKAT _ C14 _ Left _ 2",-147.69816407572,45.9762837296143,1193.34952563488,-136.076514057743,154.454535700027,1248.1858127547
"BIGKAT _ C14 _ Left _ 2",-148.439213856701,43.1338793066809,1191.58010853905,-134.128536238193,159.217713745902,1251.16744577974
"BIGKAT _ C14 _ Left _ 2",-149.380762728295,41.2451310295862,1190.90665536469,-133.792765607357,160.954458575552,1252.65164560448
"BIGKAT _ C14 _ Left _ 2",-150.483868197262,40.4654410372759,1191.39248131022,-135.298870116163,159.453378668143,1252.4114236325
"BIGKAT _ C14 _ Left _ 2",-151.671285089588,40.8449908338413,1192.9920243868,-138.574045791215,154.778117661137,1250.46411102246
"BIGKAT _ C14 _ Left _ 2",-152.834750562343,42.3206294669286,1195.55346467764,-143.239637508843,147.278180781807,1247.07180492661
"BIGKAT _ C14 _ Left _ 2",-153.851247463309,44.7235075120186,1198.83438028832,-148.674898095195,137.578617123698,1242.69266858685
"BIGKAT _ C14 _ Left _ 2",-154.604946880647,47.8043556681578,1202.53187596876,-154.139799067292,126.528839752414,1237.89043032723
"BIGKAT _ C14 _ Left _ 2",-155.009625416687,51.2727117353498,1206.32418264797,-158.930786185939,115.100579330046,1233.22252634344
"BIGKAT _ C14 _ Left _ 2",-155.025987895787,54.8400456585424,1209.91486131842,-162.528148313734,104.250217477602,1229.13662713132
"BIGKAT _ C14 _ Left _ 2",-154.669651561703,58.2537181920933,1213.06724004812,-164.691827748798,94.785853088973,1225.90438930529
"BIGKAT _ C14 _ Left _ 2",-154.008078103538,61.3119863897148,1215.61898063045,-165.47867239254,87.2844933402998,1223.60887583886
"BIGKAT _ C14 _ Left _ 2",-153.147546756748,63.8589635157047,1217.47475982747,-165.181081473833,82.0825671368204,1222.18346114858
"BIGKAT _ C14 _ Left _ 2",-152.213388539033,65.767947454258,1218.58480877906,-164.211370160766,79.3269140911717,1221.48354580746
"BIGKAT _ C14 _ Left _ 2",-151.327646701625,66.9266188561538,1218.92283672504,-162.968858269501,79.0465123719584,1221.36437070848
"BIGKAT _ C14 _ Left _ 2",-150.588260582522,67.2357373103188,1218.47553172302,-161.726695588337,81.2020538070268,1221.74011879712
"BIGKAT _ C14 _ Left _ 2",-150.053328162907,66.6252187415942,1217.24839601922,-160.566543144677,85.6897745618499,1222.60875027951
"BIGKAT _ C14 _ Left _ 2",-149.733333746847,65.0814867001758,1215.28305289287,-159.375542760144,92.305575589699,1224.03943052484
"BIGKAT _ C14 _ Left _ 2",-149.593264923719,62.6725149680435,1212.67420654821,-157.904201620463,100.699982730647,1226.13085480865
"BIGKAT _ C14 _ Left _ 2",-149.564813677053,59.5563411511745,1209.57409334754,-155.867899562174,110.361035614798,1228.95601143522
"BIGKAT _ C14 _ Left _ 2",-149.566285444249,55.9663113566066,1206.17921374007,-153.061922915898,120.646963314144,1232.51045994777
"BIGKAT _ C14 _ Left _ 2",-149.525344478224,52.1779774441828,1202.70433728441,-149.45514659323,130.862939793647,1236.67789745738
"BIGKAT _ C14 _ Left _ 2",-149.398713376962,48.4710667789681,1199.35570244997,-145.234352062531,140.353335520487,1241.22091840888
"BIGKAT _ C14 _ Left _ 2",-149.183951696765,45.1001794464181,1196.31484293155,-140.788025160969,148.574661849636,1245.7982902953
"BIGKAT _ C14 _ Left _ 2",-148.920653036396,42.2808113906887,1193.73750400981,-136.63802469145,155.125287394442,1250.00394010245
"BIGKAT _ C14 _ Left _ 2",-148.680790678027,40.1882387220969,1191.76324025667,-133.341072125548,159.728822205965,1253.41880868334
"BIGKAT _ C14 _ Left _ 2",-148.5502379957,38.960859453427,1190.52539545853,-131.385000118062,162.189639234131,1255.66639692488
"BIGKAT _ C14 _ Left _ 2",-148.605686267915,38.6990228855092,1190.15082804547,-131.099186379902,162.352416650123,1256.46549245402
"BIGKAT _ C14 _ Left _ 2",-148.892723776078,39.4545012987894,1190.7435271974,-132.590984987502,160.096337650032,1255.67585571866
"BIGKAT _ C14 _ Left _ 2",-149.41091515256,41.2122041071836,1192.35390272491,-135.715628153608,155.377853509403,1253.33171170214
"BIGKAT _ C14 _ Left _ 2",-150.110073312943,43.8717029462564,1194.9433077631,-140.086493381317,148.309847309774,1249.65466040459
"BIGKAT _ C14 _ Left _ 2",-150.899001067508,47.2391689129901,1198.35846673983,-145.131529076,139.240748638122,1245.0363515618
"BIGKAT _ C14 _ Left _ 2",-151.664607307557,51.0388216320821,1202.330305967,-150.194370274919,128.786934909116,1239.98589737167
"BIGKAT _ C14 _ Left _ 2",-152.296397015817,54.9468499865134,1206.5048864454,-154.663563594115,117.784069999227,1235.04746688296
"BIGKAT _ C14 _ Left _ 2",-152.709775706686,58.6418622684351,1210.50212621063,-158.096925989417,107.156398108367,1230.70517016876
"BIGKAT _ C14 _ Left _ 2",-152.86202852683,61.8578225666072,1213.98548034491,-160.302704694364,97.7428334383127,1227.29900936256
"BIGKAT _ C14 _ Left _ 2",-152.757297894111,64.4221360304156,1216.71917836829,-161.352214667148,90.1431344905583,1224.97377549315
"BIGKAT _ C14 _ Left _ 2",-152.440525522207,66.265617331163,1218.593456529,-161.523861345648,84.6413901038381,1223.67320053297
"BIGKAT _ C14 _ Left _ 2",-151.983532461626,67.4016802294457,1219.61134823581,-161.201182427983,81.2302069600558,1223.1786286602
"BIGKAT _ C14 _ Left _ 2",-151.467871284622,67.8845116436053,1219.84636113727,-160.757437510593,79.7162331611017,1223.18000835753
"BIGKAT _ C14 _ Left _ 2",-150.968686063712,67.764153154004,1219.39091995838,-160.456547605339,79.8575912313916,1223.36070699369
"BIGKAT _ C14 _ Left _ 2",-150.54241085159,67.0567421520102,1218.31665665956,-160.39092718809,81.477660895194,1223.47718222687
"BIGKAT _ C14 _ Left _ 2",-150.219667630632,65.7412394674782,1216.66042557785,-160.466240685562,84.5154684715305,1223.41808443673
"BIGKAT _ C14 _ Left _ 2",-150.003687818689,63.783095840813,1214.43825867906,-160.433594000292,89.0011856488717,1223.23244844898
"BIGKAT _ C14 _ Left _ 2",-149.873991777892,61.1746156827218,1211.67798314713,-159.961330044904,94.9747241385926,1223.12170118441
"BIGKAT _ C14 _ Left _ 2",-149.794605049135,57.9752869713618,1208.45414088267,-158.73102737889,102.385779034322,1223.39493531446
"BIGKAT _ C14 _ Left _ 2",-149.725404136876,54.3359839808101,1204.90912158715,-156.535814286488,111.017286511332,1224.39192250937
"BIGKAT _ C14 _ Left _ 2",-149.634249259585,50.4985301032897,1201.25193158139,-153.35586343315,120.459979197746,1226.38496157739
"BIGKAT _ C14 _ Left _ 2",-149.506858806995,46.7722469264329,1197.73651665492,-149.389479582954,130.141475095337,1229.4794436798
"BIGKAT _ C14 _ Left _ 2",-149.351466221805,43.4959561682385,1194.62892201119,-145.030157604247,139.392193000422,1233.54095056189
"BIGKAT _ C14 _ Left _ 2",-149.196301094191,40.9948887655727,1192.17343842253,-140.796502656388,147.522043353296,1238.17678668979
"BIGKAT _ C14 _ Left _ 2",-149.07970120258,39.5391980597249,1190.56388343971,-137.235065497238,153.887552128923,1242.7869754249
"BIGKAT _ C14 _ Left _ 2",-149.035072643788,39.307933288567,1189.92169804031,-134.820231360783,157.942957117071,1246.67742224587
"BIGKAT _ C14 _ Left _ 2",-149.075484955471,40.3614242454785,1190.2808903487,-133.870938793902,159.281970180456,1249.20675452807
"BIGKAT _ C14 _ Left _ 2",-149.184090845433,42.6258420187978,1191.58114642136,-134.496318649652,157.681523527594,1249.92763416705
"BIGKAT _ C14 _ Left _ 2",-149.315319120622,45.8946513913403,1193.6722770014,-136.576210800387,153.151640943111,1248.68561296744
"BIGKAT _ C14 _ Left _ 2",-149.407716066912,49.8508624891168,1196.33293031878,-139.779396878701,145.979851757837,1245.65082642159
"BIGKAT _ C14 _ Left _ 2",-149.404089704802,54.1102930426709,1199.30313079953,-143.620004622828,136.743802770163,1241.27556259645
"BIGKAT _ C14 _ Left _ 2",-149.27095549227,58.27995584409,1202.32489818881,-147.546972362445,126.26409016887,1236.18994797204
"BIGKAT _ C14 _ Left _ 2",-149.009353595805,62.0194434045278,1205.18085548818,-151.05117524582,115.488174570776,1231.06409771311
"BIGKAT _ C14 _ Left _ 2",-148.653066184488,65.0899001521578,1207.72007196295,-153.76423078765,105.329819398029,1226.47325039189
"BIGKAT _ C14 _ Left _ 2",-148.25590496056,67.3771374672983,1209.86390560732,-155.520681087514,96.5171739711268,1222.79997059969
"BIGKAT _ C14 _ Left _ 2",-147.873923870295,68.8828152113255,1211.59073555602,-156.365874545016,89.5053604820199,1220.19528032947
"BIGKAT _ C14 _ Left _ 2",-147.549290308958,69.6880657254084,1212.90529186873,-156.510485105035,84.4814338230986,1218.6023325468
"BIGKAT _ C14 _ Left _ 2",-147.30055021197,69.9032981826591,1213.80393618257,-156.248912814072,81.4473355829753,1217.82795725873
"BIGKAT _ C14 _ Left _ 2",-147.12093197106,69.6220900727814,1214.24952390665,-155.866250064067,80.3341392635038,1217.63549431102
"BIGKAT _ C14 _ Left _ 2",-146.983722933394,68.8944010799461,1214.16684000404,-155.557421584983,81.0930429382861,1217.83020547121
"BIGKAT _ C14 _ Left _ 2",-146.852231203306,67.7262998023706,1213.46246525663,-155.376114248525,83.7247927972612,1218.3151136011
"BIGKAT _ C14 _ Left _ 2",-146.691307166897,66.1032010584433,1212.06353974952,-155.223213872389,88.2397383734982,1219.10653457401
"BIGKAT _ C14 _ Left _ 2",-146.477530163733,64.0247766465248,1209.96142450024,-154.876089101443,94.5728535456951,1220.31085974386
"BIGKAT _ C14 _ Left _ 2",-146.205740749167,61.5353871590493,1207.24224973852,-154.051638670908,102.499250508529,1222.07416391264
"BIGKAT _ C14 _ Left _ 2",-145.890549762015,58.7362369485586,1204.08966699104,-152.488098215932,111.596201523985,1224.52174439428
"BIGKAT _ C14 _ Left _ 2",-145.56276484377,55.7740865670061,1200.75580892723,-150.025019719904,121.275836055146,1227.70477782983
"BIGKAT _ C14 _ Left _ 2",-145.262137401029,52.8123020250039,1197.50994993211,-146.660539130429,130.879077696063,1231.56664591075
"BIGKAT _ C14 _ Left _ 2",-145.028940741049,49.9975922089938,1194.58360092329,-142.571781492626,139.793855298873,1235.93429112821
"BIGKAT _ C14 _ Left _ 2",-144.897098020464,47.4364909164869,1192.13128336936,-138.096070861557,147.55209798019,1240.5327802231
"BIGKAT _ C14 _ Left _ 2",-144.89071147497,45.190167863125,1190.21884641681,-133.682159906637,153.871494402005,1245.01619348827
"BIGKAT _ C14 _ Left _ 2",-145.024243075644,43.2878905574089,1188.8402149168,-129.826516466761,158.631726512429,1249.00634809338
"BIGKAT _ C14 _ Left _ 2",-145.304978403523,41.7519658407622,1187.95347552787,-127.007941201975,161.800695261949,1252.13280180886
"BIGKAT _ C14 _ Left _ 2",-145.735521523457,40.6226657889231,1187.5213959796,-125.627347333227,163.3450857041,1254.07148376482
"BIGKAT _ C14 _ Left _ 2",-146.314270693636,39.9715717815846,1187.54103747551,-125.953856037427,163.165412144233,1254.58233378813
"BIGKAT _ C14 _ Left _ 2",-147.03293791711,39.8959154469376,1188.05153532498,-128.077656701402,161.086742495539,1253.54602913579
"BIGKAT _ C14 _ Left _ 2",-147.871748564457,40.4936628199657,1189.11689603969,-131.874788144532,156.915443866768,1250.9957872415
"BIGKAT _ C14 _ Left _ 2",-148.794442582755,41.8268497883065,1190.78970636962,-136.995766489123,150.545829021488,1247.13455751677
"BIGKAT _ C14 _ Left _ 2",-149.746007337272,43.8860695461342,1193.06927656785,-142.893346792978,142.07712800808,1242.3249017547
"BIGKAT _ C14 _ Left _ 2",-150.655745860729,46.5698695948647,1195.87107500575,-148.899310398363,131.890468910307,1237.04280838323
"BIGKAT _ C14 _ Left _ 2",-151.446671780855,49.6884475613108,1199.02124211162,-154.344055698293,120.645479315918,1231.7986122483
"BIGKAT _ C14 _ Left _ 2",-152.049643505807,52.9923194632989,1202.28043926867,-158.691357957815,109.187242337661,1227.04340470418
"BIGKAT _ C14 _ Left _ 2",-152.41812166968,56.2165268113662,1205.38864308154,-161.646643680559,98.394662383544,1223.08922777372
"BIGKAT _ C14 _ Left _ 2",-152.538424821878,59.1243023066771,1208.1131032769,-163.201792974506,89.029219312597,1220.06931350478
"BIGKAT _ C14 _ Left _ 2",-152.43173261573,61.5350498410145,1210.28125037836,-163.602024930447,81.6409047483468,1217.95084811965
"BIGKAT _ C14 _ Left _ 2",-152.147203004796,63.3299411892447,1211.78927898898,-163.247942087391,76.5563231396102,1216.59388740174
"BIGKAT _ C14 _ Left _ 2",-151.74872778889,64.4395501675289,1212.58978466604,-162.564749130707,73.9319970672307,1215.83463166928
"BIGKAT _ C14 _ Left _ 2",-151.299633635166,64.825493242698,1212.67082890288,-161.876148098792,73.8278087756779,1215.56479788184
"BIGKAT _ C14 _ Left _ 2",-150.849714945011,64.4685555529682,1212.04015844205,-161.315313162587,76.2537775091367,1215.7820491272
"BIGKAT _ C14 _ Left _ 2",-150.427846080663,63.3699800133029,1210.72276728627,-160.794362900647,81.164919127456,1216.59670553013
"BIGKAT _ C14 _ Left _ 2",-150.041702350995,61.5640499335115,1208.7712436063,-160.039929031533,88.4108214498644,1218.19342587032
"BIGKAT _ C14 _ Left _ 2",-149.684242628182,59.1333148298693,1206.28090278538,-158.687119137331,97.6728999784609,1220.75940083345
"BIGKAT _ C14 _ Left _ 2",-149.344796675361,56.2165152469284,1203.39932062117,-156.408708778156,108.429791555847,1224.3995112511
"BIGKAT _ C14 _ Left _ 2",-149.021145671117,53.0041415645932,1200.32362564028,-153.044176049867,119.976136479531,1229.06185382077
"BIGKAT _ C14 _ Left _ 2",-148.728407605085,49.7239534586597,1197.28592622838,-148.689853325153,131.492062783874,1234.49417853453
"BIGKAT _ C14 _ Left _ 2",-148.501294925677,46.6231168103804,1194.53248096541,-143.721121068319,142.137776395295,1240.2448940525
"BIGKAT _ C14 _ Left _ 2",-148.388259268905,43.9522637874014,1192.30258508189,-138.738021357472,151.141854637258,1245.71301275746
"BIGKAT _ C14 _ Left _ 2",-148.438491344535,41.9519724069089,1190.80981405974,-134.448547058895,157.862549601903,1250.24067043901
"BIGKAT _ C14 _ Left _ 2",-148.68504528628,40.8380864026795,1190.22475103604,-131.520154998146,161.819630896179,1253.23116050893
"BIGKAT _ C14 _ Left _ 2",-149.129035594028,40.7816075593521,1190.65720754044,-130.435598498213,162.709670792051,1254.26735092918
"BIGKAT _ C14 _ Left _ 2",-149.73034281887,41.8818794613972,1192.13766228552,-131.385518754322,160.422554132035,1253.20235883637
"BIGKAT _ C14 _ Left _ 2",-150.409008376688,44.1371579494743,1194.60108006003,-134.221353917023,155.068945471539,1250.19786014503
"BIGKAT _ C14 _ Left _ 2",-151.058502514409,47.4220495831826,1197.87945295308,-138.480631049794,147.011704989926,1245.69608884848
"BIGKAT _ C14 _ Left _ 2",-151.568118780613,51.4836161598291,1201.71011198564,-143.482617988687,136.878491226055,1240.32875763072
"BIGKAT _ C14 _ Left _ 2",-151.848245929272,55.9647734928345,1205.76371788397,-148.475234182568,125.528757460462,1234.78553508532
"BIGKAT _ C14 _ Left _ 2",-151.850700074932,60.4550381479808,1209.68942189205,-152.797118282353,113.961634897286,1229.67828484508
"BIGKAT _ C14 _ Left _ 2",-151.577711682989,64.5578945461595,1213.16758027225,-156.009776876552,103.177345773821,1225.43788606538
"BIGKAT _ C14 _ Left _ 2",-151.077259313653,67.9560634723755,1215.95593076904,-157.961816633162,94.0300705699741,1222.26773855193
"BIGKAT _ C14 _ Left _ 2",-150.427315756354,70.4550891440778,1217.91573675275,-158.770287915634,87.1193912498242,1220.15874685288
"BIGKAT _ C14 _ Left _ 2",-149.714860779164,71.9931649827275,1219.01067774058,-158.732556551841,82.753605669195,1218.95304352742
"BIGKAT _ C14 _ Left _ 2",-149.01604366432,72.6179212129992,1219.2812887078,-158.202370237994,80.9875134103413,1218.43281248869
"BIGKAT _ C14 _ Left _ 2",-148.382158621047,72.4428978793162,1218.80709901568,-157.469181149695,81.7058811384806,1218.40729224578
"BIGKAT _ C14 _ Left _ 2",-147.833518421001,71.6020496483937,1217.67257716985,-156.672579398607,84.7082735961362,1218.77466497634
"BIGKAT _ C14 _ Left _ 2",-147.361073807449,70.2180591353484,1215.94969045153,-155.770083779039,89.7581889756301,1219.54458211002
"BIGKAT _ C14 _ Left _ 2",-146.934216200617,68.3917430596147,1213.70125119197,-154.561640049238,96.5839053840408,1220.8190597759
"BIGKAT _ C14 _ Left _ 2",-146.512505500543,66.2097474685709,1210.99930845472,-152.7608033239,104.846996833016,1222.74124908453
"BIGKAT _ C14 _ Left _ 2",-146.058730616625,63.7603900275018,1207.94597517448,-150.092317814588,114.112790543948,1225.42999956585
"BIGKAT _ C14 _ Left _ 2",-145.550523274127,61.1459381473943,1204.68348492442,-146.390122113941,123.85512339704,1228.92062090379
"BIGKAT _ C14 _ Left _ 2",-144.9879054827,58.4841647294715,1201.38653264859,-141.670261469292,133.506068526461,1233.12789571425
"BIGKAT _ C14 _ Left _ 2",-144.395088909632,55.8996975252372,1198.23984885582,-136.160538195461,142.532987553814,1237.83819079676
"BIGKAT _ C14 _ Left _ 2",-143.816523591453,53.5117221324409,1195.41176977052,-130.281452866149,150.507980736586,1242.72790123947
"BIGKAT _ C14 _ Left _ 2",-143.308786933391,51.4257447380955,1193.0358627891,-124.586679129461,157.137823512816,1247.39968400179
"BIGKAT _ C14 _ Left _ 2",-142.930512116255,49.7335057118214,1191.20729607542,-119.68036535224,162.242064910615,1251.42743409228
"BIGKAT _ C14 _ Left _ 2",-142.732124190985,48.519503871786,1189.99230006835,-116.129622790816,165.691935394212,1254.40405822612
"BIGKAT _ C14 _ Left _ 2",-142.746458508677,47.8681390014329,1189.44239517717,-114.385074505304,167.341683085794,1255.98960975237
"BIGKAT _ C14 _ Left _ 2",-142.981156521304,47.8642159204922,1189.60302322715,-114.715517932172,166.989475122588,1255.95838320072
"BIGKAT _ C14 _ Left _ 2",-143.414129708394,48.5819211629513,1190.50929348979,-117.159781628733,164.395035198485,1254.24097812946
"BIGKAT _ C14 _ Left _ 2",-143.993725425712,50.0625855944471,1192.16820089649,-121.501386991124,159.358943120148,1250.95251098627
"BIGKAT _ C14 _ Left _ 2",-144.644826555191,52.287688496253,1194.53407470307,-127.276708462355,151.841355119869,1246.39473416407
"BIGKAT _ C14 _ Left _ 2",-145.280768260902,55.1578091612868,1197.48879893744,-133.828690536002,142.075941218402,1241.02208574108
"BIGKAT _ C14 _ Left _ 2",-145.819054508708,58.4879368282696,1200.8378646477,-140.409684402987,130.62861805221,1235.37157308696
"BIGKAT _ C14 _ Left _ 2",-146.197220349549,62.0240816362755,1204.32730092684,-146.318127715126,118.366528300848,1229.97075151323
"BIGKAT _ C14 _ Left _ 2",-146.384705856812,65.4777921336804,1207.67774451204,-151.03366199492,106.337064647107,1225.24931494351
"BIGKAT _ C14 _ Left _ 2",-146.387702024367,68.568052215777,1210.62477663832,-154.308056835174,95.5943016843226,1221.48086706501
"BIGKAT _ C14 _ Left _ 2",-146.246132004047,71.0576097043882,1212.95274641718,-156.182439392901,87.0311677019905,1218.77091817541
"BIGKAT _ C14 _ Left _ 2",-146.024142722294,72.7742666115631,1214.5133940997,-156.928197918953,81.2682903814627,1217.09018700443
"BIGKAT _ C14 _ Left _ 2",-145.796762342075,73.6153274133899,1215.2283503262,-156.934714261926,78.6195327180255,1216.33670432617
"BIGKAT _ C14 _ Left _ 2",-145.635550886573,73.5411483177635,1215.081707961,-156.580721692291,79.1186786280518,1216.40208400354
"BIGKAT _ C14 _ Left _ 2",-145.59562427115,72.5671070400954,1214.11137805264,-156.125823307614,82.5718044352499,1217.21880762334
"BIGKAT _ C14 _ Left _ 2",-145.705952534623,70.7604872032101,1212.40470535501,-155.648843558739,88.6040325565653,1218.77482383572
"BIGKAT _ C14 _ Left _ 2",-145.964526039692,68.2418608970181,1210.09724619646,-155.045258086102,96.6906429243182,1221.09501853051
"BIGKAT _ C14 _ Left _ 2",-146.33958187008,65.1842584234272,1207.3682051419,-154.080375969199,106.184950631812,1224.2010570432
"BIGKAT _ C14 _ Left _ 2",-146.777131443783,61.8022499639562,1204.42578750505,-152.480637806415,116.363813006728,1228.06733888671
"BIGKAT _ C14 _ Left _ 2",-147.213443942073,58.3283282054555,1201.48138984757,-150.035299639046,126.500904488836,1232.5894329292
"BIGKAT _ C14 _ Left _ 2",-147.58958522444,54.9821382322436,1198.71938154282,-146.67863512399,135.956634078958,1237.57400378304
"BIGKAT _ C14 _ Left _ 2",-147.864527166861,51.9431520135432,1196.27355871272,-142.530689845195,144.257356105291,1242.74998272008
"BIGKAT _ C14 _ Left _ 2",-148.023934399487,49.3360585966878,1194.21928524194,-137.889970426885,151.135201479966,1247.79371843554
"BIGKAT _ C14 _ Left _ 2",-148.082836373225,47.2322805402449,1192.58362236387,-133.18724911431,156.512527177745,1252.35863340313
"BIGKAT _ C14 _ Left _ 2",-148.081438279053,45.664767878259,1191.36839375539,-128.918704986714,160.434711608126,1256.10282086599
"BIGKAT _ C14 _ Left _ 2",-148.074512955212,44.649150673513,1190.57641581994,-125.576064834949,162.974120045395,1258.71378822862
"BIGKAT _ C14 _ Left _ 2",-148.116515329494,44.2027870538145,1190.23048032825,-123.584037561339,164.139929634703,1259.93425429021
"BIGKAT _ C14 _ Left _ 2",-148.246340113529,44.3539235756303,1190.37772329172,-123.247142333546,163.828837588549,1259.59325269869
"BIGKAT _ C14 _ Left _ 2",-148.476342065645,45.1361596177625,1191.07717576898,-124.704456567718,161.839706952281,1257.64216170511
"BIGKAT _ C14 _ Left _ 2",-148.789089975537,46.5685653330899,1192.37392236674,-127.893974288213,157.953785870172,1254.18789736762
"BIGKAT _ C14 _ Left _ 2",-149.142725049259,48.6279087113831,1194.26813085802,-132.535864224062,152.057096707062,1249.50918941893
"BIGKAT _ C14 _ Left _ 2",-149.482898904998,51.2241467175849,1196.6899663877,-138.14983617465,144.261073032419,1244.04071423803
"BIGKAT _ C14 _ Left _ 2",-149.757212210169,54.1911703785189,1199.49076073237,-144.118854771553,134.970752437396,1238.31692073648
"BIGKAT _ C14 _ Left _ 2",-149.927622726347,57.3004592743039,1202.45629261047,-149.796384569997,124.863768215258,1232.8821302273
"BIGKAT _ C14 _ Left _ 2",-149.977607985033,60.2966252490484,1205.34061519353,-154.632991455526,114.776956954748,1228.18982456567
"BIGKAT _ C14 _ Left _ 2",-149.913235571364,62.9441263453505,1207.91089523721,-158.283805200131,105.537545838986,1224.52259254553
"BIGKAT _ C14 _ Left _ 2",-149.759406791018,65.0685392598598,1209.988541572,-160.661852636478,97.8018548286588,1221.95897125708
"BIGKAT _ C14 _ Left _ 2",-149.553466393841,66.5774241099741,1211.47265853947,-161.922135923935,91.9606902492297,1220.3966240047
"BIGKAT _ C14 _ Left _ 2",-149.338126032501,67.4547648746845,1212.33918459641,-162.385609665711,88.1385612959723,1219.62152909523
"BIGKAT _ C14 _ Left _ 2",-149.154845785905,67.7345398493683,1212.61950202908,-162.429126538824,86.2716721684869,1219.39878694415
"BIGKAT _ C14 _ Left _ 2",-149.038073696024,67.467098201721,1212.37023793078,-162.37278031965,86.219301522788,1219.55642321753
"BIGKAT _ C14 _ Left _ 2",-149.010411947972,66.69324761098,1211.6477486146,-162.392234873558,87.8566491915262,1220.03847395339
"BIGKAT _ C14 _ Left _ 2",-149.078933522596,65.4358137279558,1210.49655197433,-162.474831333484,91.1128956753702,1220.91441389897
"BIGKAT _ C14 _ Left _ 2",-149.23334094969,63.7098965666388,1208.95349435652,-162.427670659925,95.9463118248246,1222.34495140651
"BIGKAT _ C14 _ Left _ 2",-149.447063987005,61.5447522216222,1207.06214996451,-161.93504138644,102.276807556341,1224.51613695743
"BIGKAT _ C14 _ Left _ 2",-149.682260381121,59.0055453426516,1204.88797316731,-160.652189614822,109.914027591922,1227.56178598331
"BIGKAT _ C14 _ Left _ 2",-149.898698142188,56.2043274425996,1202.52593812616,-158.313506087421,118.518135182583,1231.49613994361
"BIGKAT _ C14 _ Left _ 2",-150.064892835532,53.2958643522697,1200.09798606623,-154.828049968277,127.611232922275,1236.17392589405
"BIGKAT _ C14 _ Left _ 2",-150.16847487394,50.4614534309024,1197.74372192714,-150.336991202973,136.63101982527,1241.28571027927
"BIGKAT _ C14 _ Left _ 2",-150.22235307723,47.8881494514241,1195.6102587152,-145.21714332846,145.000055065597,1246.38683133986
"BIGKAT _ C14 _ Left _ 2",-150.263964845643,45.7503633319805,1193.84486057863,-140.029327724127,152.182628196772,1250.95201511115
"BIGKAT _ C14 _ Left _ 2",-150.346478440952,44.1974013579467,1192.58962412418,-135.424260926094,157.714477838861,1254.44627011917
"BIGKAT _ C14 _ Left _ 2",-150.523015248264,43.3467030874769,1191.97431753434,-132.027358532999,161.209224865575,1256.40378609586
"BIGKAT _ C14 _ Left _ 2",-150.82752633598,43.2798776995887,1192.10364367556,-130.325832910179,162.359405626203,1256.50657346755
"BIGKAT _ C14 _ Left _ 2",-151.258130174534,44.0379152924604,1193.03848758586,-130.578255548627,160.952825539845,1254.65135561813
"BIGKAT _ C14 _ Left _ 2",-151.769228023792,45.6135319343262,1194.77534503185,-132.761494950784,156.915220292742,1250.98874110887
"BIGKAT _ C14 _ Left _ 2",-152.276587591379,47.9420375481819,1197.23155397808,-136.565146465349,150.371897065338,1245.91805318585
"BIGKAT _ C14 _ Left _ 2",-152.675175474482,50.8956932809906,1200.24415467802,-141.438850964534,141.702436374364,1240.02876786455
"BIGKAT _ C14 _ Left _ 2",-152.864633252639,54.2879046256415,1203.58668035194,-146.690031514078,131.553788633726,1233.99512165834
"BIGKAT _ C14 _ Left _ 2",-152.774235330963,57.891222631623,1207.00206866395,-151.616378898458,120.785870542429,1228.44817139096
"BIGKAT _ C14 _ Left _ 2",-152.379462951099,61.4674128359885,1210.24347967876,-155.642541948514,110.349926087222,1223.86054897112
"BIGKAT _ C14 _ Left _ 2",-151.705814913796,64.8013587051226,1213.11077333518,-158.423239200811,101.132292390069,1220.47692831927
"BIGKAT _ C14 _ Left _ 2",-150.820296595703,67.7270301719526,1215.47087079747,-159.88303534271,93.8163814037258,1218.30811971117
"BIGKAT _ C14 _ Left _ 2",-149.814801431047,70.1360337337064,1217.25582437034,-160.184367402711,88.8096602680726,1217.18556832415
"BIGKAT _ C14 _ Left _ 2",-148.786932562959,71.9670263022525,1218.44139282934,-159.639203434401,86.2520913988984,1216.85476317395
"BIGKAT _ C14 _ Left _ 2",-147.822916026108,73.1834620028703,1219.01727858972,-158.595010580371,86.0856533165245,1217.07674656628
"BIGKAT _ C14 _ Left _ 2",-146.985352096898,73.7525607975949,1218.96374354956,-157.328584681542,88.1418895480753,1217.70794835397
"BIGKAT _ C14 _ Left _ 2",-146.306847025268,73.6372613165638,1218.24628460532,-155.974405244239,92.2056622462508,1218.73774653546
"BIGKAT _ C14 _ Left _ 2",-145.789609077019,72.8061290195228,1216.83181418266,-154.502270053117,98.0340541139139,1220.27668581581
"BIGKAT _ C14 _ Left _ 2",-145.410705474779,71.2570722045563,1214.71982345099,-152.745838989523,105.33714627499,1222.50227282213
"BIGKAT _ C14 _ Left _ 2",-145.132248605697,69.0434523539572,1211.97445474018,-150.471767860467,113.748240445017,1225.58029291503
"BIGKAT _ C14 _ Left _ 2",-144.91475576339,66.2893992777037,1208.74191554574,-147.469994152081,122.81465402706,1229.58500475626
"BIGKAT _ C14 _ Left _ 2",-144.730468651504,63.1861025882263,1205.24363382256,-143.641072199292,132.025124439106,1234.44017380786
"BIGKAT _ C14 _ Left _ 2",-144.572622045061,59.9699401851468,1201.74650265979,-139.057770853755,140.866053916903,1239.89562096461
"BIGKAT _ C14 _ Left _ 2",-144.457617983913,56.8911823639818,1198.52172420717,-133.985700213487,148.881314321879,1245.54349867576
"BIGKAT _ C14 _ Left _ 2",-144.419590161738,54.1842655504513,1195.80749743086,-128.859284717332,155.708483921365,1250.86841478806
"BIGKAT _ C14 _ Left _ 2",-144.499434742128,52.0468444342187,1193.78640162744,-124.220640493045,161.077268158888,1255.3190756455
"BIGKAT _ C14 _ Left _ 2",-144.731688407918,50.6284435367208,1192.57920373226,-120.635816916483,164.77557115852,1258.38774938409
"BIGKAT _ C14 _ Left _ 2",-145.13253991091,50.0248902726569,1192.24884673904,-118.604110331936,166.605718836679,1259.68606373392
"BIGKAT _ C14 _ Left _ 2",-145.691523590772,50.2740266945815,1192.80565740367,-118.473708528524,166.360272883769,1259.00815358628
"BIGKAT _ C14 _ Left _ 2",-146.368677833549,51.3508248372167,1194.20761773453,-120.37432810275,163.8404908446,1256.37262980803
"BIGKAT _ C14 _ Left _ 2",-147.098191908026,53.1638542049865,1196.35555481851,-124.177134613455,158.922462820136,1252.03386105776
"BIGKAT _ C14 _ Left _ 2",-147.79850291081,55.5577961245131,1199.08907709703,-129.493226479395,151.652541201712,1246.45399805556
"BIGKAT _ C14 _ Left _ 2",-148.387237573719,58.3265926918864,1202.19166742257,-135.720362712068,142.334340692932,1240.23358796887
"BIGKAT _ C14 _ Left _ 2",-148.797630486549,61.238388153714,1205.41054810475,-142.139083461586,131.564090830237,1234.01056002866
"BIGKAT _ C14 _ Left _ 2",-148.991974593583,64.0681239088307,1208.48989458864,-148.043528492235,120.185108595269,1228.34982608862
"BIGKAT _ C14 _ Left _ 2",-148.968162373775,66.6292044870155,1211.20853313205,-152.875564911561,109.162780447348,1223.6518937992
"BIGKAT _ C14 _ Left _ 2",-148.757568199417,68.7944100672949,1213.4094961921,-156.323813733669,99.4161836855505,1220.10499710148
"BIGKAT _ C14 _ Left _ 2",-148.415470805804,70.4990041939325,1215.01084518816,-158.358267872934,91.6637294076876,1217.69265633069
"BIGKAT _ C14 _ Left _ 2",-148.007478507557,71.7249795848037,1215.99433829569,-159.192834706936,86.3349887352938,1216.25208291243
"BIGKAT _ C14 _ Left _ 2",-147.596031020238,72.4725654848668,1216.37769560512,-159.191373016469,83.5703681544968,1215.56404983467
"BIGKAT _ C14 _ Left _ 2",-147.230117187602,72.7306329846215,1216.18314070163,-158.747679414666,83.2911670274011,1215.4463051587
"BIGKAT _ C14 _ Left _ 2",-146.939743361242,72.4588515245902,1215.41632123933,-158.173062705966,85.2961230276581,1215.82261885745
"BIGKAT _ C14 _ Left _ 2",-146.735279650582,71.5904400014844,1214.06505680497,-157.619057412962,89.3385213327408,1216.74762906539
"BIGKAT _ C14 _ Left _ 2",-146.610977420111,70.0564535515663,1212.11871134994,-157.051744514143,95.1572436638384,1218.38101296243
"BIGKAT _ C14 _ Left _ 2",-146.551586444551,67.8236759500271,1209.5998485402,-156.281411944672,102.463373865302,1220.91933543463
"BIGKAT _ C14 _ Left _ 2",-146.540753397999,64.9318914073576,1206.59398755539,-155.038793139792,110.906855670072,1224.50627448022
"BIGKAT _ C14 _ Left _ 2",-146.569470911735,61.5156561026354,1203.26364655494,-153.078177797457,120.054431393033,1229.14822249587
"BIGKAT _ C14 _ Left _ 2",-146.642375875112,57.8014981163778,1199.83965547783,-150.280243836568,129.398508883658,1234.66038789165
"BIGKAT _ C14 _ Left _ 2",-146.779694554985,54.0809693351519,1196.59236488201,-146.726290976097,138.395392664042,1240.65909119608
"BIGKAT _ C14 _ Left _ 2",-147.013579986449,50.6681410919331,1193.79258639562,-142.722423979601,146.514455761348,1246.60245835333
"BIGKAT _ C14 _ Left _ 2",-147.379347211333,47.8533210849773,1191.67378684763,-138.765565229459,153.276688073468,1251.86900786685
"BIGKAT _ C14 _ Left _ 2",-147.903873342582,45.8629760333648,1190.40384726606,-135.45829873145,158.271290032659,1255.85572957684
"BIGKAT _ C14 _ Left _ 2",-148.594343276624,44.8317693773703,1190.06937550226,-133.391610722787,161.154906156954,1258.07561629309
"BIGKAT _ C14 _ Left _ 2",-149.430429102962,44.789046553949,1190.67117533446,-133.021088915754,161.65023802295,1258.23763661771
"BIGKAT _ C14 _ Left _ 2",-150.362287639891,45.6601131441283,1192.12794795359,-134.563046764939,159.562595481954,1256.29659218139
"BIGKAT _ C14 _ Left _ 2",-151.315636562162,47.2816156091443,1194.28637461667,-137.933517277825,154.823155605414,1252.4642096926
"BIGKAT _ C14 _ Left _ 2",-152.203514405391,49.4290203574819,1196.93739517772,-142.746102959001,147.550391551126,1247.17731487247
"BIGKAT _ C14 _ Left _ 2",-152.942336570055,51.8520872780822,1199.83890204677,-148.374226670646,138.104389070941,1241.02630581937
"BIGKAT _ C14 _ Left _ 2",-153.468227945042,54.3121136976107,1202.74380216619,-154.069062497725,127.101670738834,1234.65675975601
"BIGKAT _ C14 _ Left _ 2",-153.749161327347,56.6139427964334,1205.43023125086,-159.108324411284,115.366456183852,1228.66466522786
"BIGKAT _ C14 _ Left _ 2",-153.789574273114,58.6269853139354,1207.72877229528,-162.939053394556,103.816736565772,1223.50753400669
"BIGKAT _ C14 _ Left _ 2",-153.626458946006,60.2922792104233,1209.54079696327,-165.276677339958,93.3112435854508,1219.44903267707
"BIGKAT _ C14 _ Left _ 2",-153.318334153764,61.6157047471796,1210.84304506766,-166.135618863725,84.5035658912019,1216.5461107579
"BIGKAT _ C14 _ Left _ 2",-152.930115228777,62.6498851444733,1211.67631238047,-165.788650464529,77.7520666263282,1214.67784615362
"BIGKAT _ C14 _ Left _ 2",-152.517504256721,63.4688139688346,1212.12015098428,-164.673076491136,73.1162665799401,1213.60668902977
"BIGKAT _ C14 _ Left _ 2",-152.11433085249,64.1402550122612,1212.25975888795,-163.273134910483,70.438459667763,1213.05680928318
"BIGKAT _ C14 _ Left _ 2",-151.725491118132,64.7016487260505,1212.15424407417,-162.007665040922,69.4769987198425,1212.79157323188
"BIGKAT _ C14 _ Left _ 2",-151.326963998515,65.1451384082012,1211.81579951877,-161.144154968448,70.0392006055529,1212.67327989408
"BIGKAT _ C14 _ Left _ 2",-150.873035898434,65.4157804319512,1211.20654207042,-160.750642542272,72.0644073215837,1212.69303479788
"BIGKAT _ C14 _ Left _ 2",-150.309468127008,65.4240173365884,1210.25457265954,-160.689282135519,75.6287148436996,1212.96585133596
"BIGKAT _ C14 _ Left _ 2",-149.589992814726,65.0697192768195,1208.88471705052,-160.65027017611,80.8732527599318,1213.69400245177
"BIGKAT _ C14 _ Left _ 2",-148.692422305121,64.2715751920058,1207.05422737411,-160.220845053705,87.8869572223143,1215.10861519535
"BIGKAT _ C14 _ Left _ 2",-147.630204928431,62.9936496126445,1204.78140580303,-158.979417008827,96.5921778677335,1217.4038973328
"BIGKAT _ C14 _ Left _ 2",-146.455937209466,61.2617505753227,1202.15721409364,-156.598881773239,106.679299707749,1220.67876060958
"BIGKAT _ C14 _ Left _ 2",-145.255309899566,59.1660336226217,1199.3363509316,-152.93771705371,117.614295391997,1224.89674846364
"BIGKAT _ C14 _ Left _ 2",-144.132688101569,56.8512583169499,1196.51228019879,-148.096580798182,128.711311694728,1229.86919848601
"BIGKAT _ C14 _ Left _ 2",-143.191919830543,54.49961445791,1193.8861633357,-142.424790752257,139.237760241138,1235.26177811364
"BIGKAT _ C14 _ Left _ 2",-142.51706009128,52.3115403993642,1191.6400294946,-136.473827952536,148.51316786509,1240.62258197171
"BIGKAT _ C14 _ Left _ 2",-142.157234317528,50.488034787983,1189.92042415009,-130.908472519702,155.974651000665,1245.42979452449
"BIGKAT _ C14 _ Left _ 2",-142.118354871637,49.2151857995331,1188.83291284882,-126.394954411935,161.202526949106,1249.15637648479
"BIGKAT _ C14 _ Left _ 2",-142.36261900842,48.6494546065708,1188.44298257997,-123.487664441491,163.918850748583,1251.34689328838
"BIGKAT _ C14 _ Left _ 2",-142.815203423492,48.9016994717056,1188.77699099807,-122.533339798664,163.981464814538,1251.69711534944
"BIGKAT _ C14 _ Left _ 2",-143.376567988985,50.0194623738477,1189.8186191772,-123.607524777373,161.392731129175,1250.1213809826
"BIGKAT _ C14 _ Left _ 2",-143.93823651065,51.9701908456391,1191.50091846672,-126.494658434499,156.327297298196,1246.78876260599
"BIGKAT _ C14 _ Left _ 2",-144.399546034383,54.6313831712357,1193.69899927933,-130.719644480033,149.16413198262,1242.11082266597
"BIGKAT _ C14 _ Left _ 2",-144.682533224269,57.7950104160697,1196.2308929775,-135.631917675724,140.494852812846,1236.67397175682
"BIGKAT _ C14 _ Left _ 2",-144.742172188296,61.1911301165353,1198.87257194374,-140.530284230844,131.08211683693,1231.12684924363
"BIGKAT _ C14 _ Left _ 2",-144.569944586505,64.5291612242039,1201.38765391776,-144.801137168866,121.761027650975,1226.05118223371
"BIGKAT _ C14 _ Left _ 2",-144.190241841934,67.5471151758371,1203.56490842584,-148.03303949598,113.305413723786,1221.85394111644
"BIGKAT _ C14 _ Left _ 2",-143.651089677849,70.0533893672187,1205.25119705013,-150.075393256692,106.303603175757,1218.71310757146
"BIGKAT _ C14 _ Left _ 2",-143.012435046417,71.9466019543713,1206.36786349003,-151.027435474422,101.08985174417,1216.59077185637
"BIGKAT _ C14 _ Left _ 2",-142.335740742452,73.207246680135,1206.90551010631,-151.166644492424,97.7545683485938,1215.30432918452
"BIGKAT _ C14 _ Left _ 2",-141.67746317498,73.8667420008502,1206.90171176429,-150.842229680118,96.2214162584009,1214.62896287272
"BIGKAT _ C14 _ Left _ 2",-141.086848162384,73.9684311330768,1206.41303094647,-150.365068305972,96.3518564602321,1214.39772686007
"BIGKAT _ C14 _ Left _ 2",-140.606596003443,73.5370976297845,1205.49357937676,-149.921840015093,98.030565037634,1214.56939168708
"BIGKAT _ C14 _ Left _ 2",-140.2741330626,72.5686297911032,1204.18783676799,-149.532170231455,101.198494917274,1215.24566084307
"BIGKAT _ C14 _ Left _ 2",-140.121596328817,71.0424689772755,1202.53818579574,-149.056608683748,105.825729014682,1216.63446276835
"BIGKAT _ C14 _ Left _ 2",-140.173800976264,68.9501471205132,1200.60083646277,-148.252026688809,111.842752172734,1218.9710853972
"BIGKAT _ C14 _ Left _ 2",-140.444747429012,66.3271759687185,1198.46033787675,-146.860378667633,119.065924952564,1222.42046736354
"BIGKAT _ C14 _ Left _ 2",-140.933970396817,63.2753619332771,1196.23443977111,-144.70788729256,127.153268232844,1226.98883608072
"BIGKAT _ C14 _ Left _ 2",-141.624009640342,59.9681153742992,1194.0669440369,-141.787134478608,135.6099257975,1232.4694964218
"BIGKAT _ C14 _ Left _ 2",-142.479786446264,56.6389067078245,1192.11271687298,-138.297466088433,143.838438963496,1238.43743160996
"BIGKAT _ C14 _ Left _ 2",-143.450034754801,53.5581509411782,1190.52188737572,-134.630250731993,151.211423530373,1244.29468717682
"BIGKAT _ C14 _ Left _ 2",-144.470291072593,51.004646444306,1189.42805914806,-131.301152996546,157.141902673096,1249.35762398606
"BIGKAT _ C14 _ Left _ 2",-145.466595414307,49.2357850228641,1188.94064984852,-128.845857142268,161.137090049163,1252.97013471062
"BIGKAT _ C14 _ Left _ 2",-146.359441788268,48.4586081613308,1189.13805465806,-127.704447886939,162.835491057323,1254.62306309944
"BIGKAT _ C14 _ Left _ 2",-147.068526605159,48.802945322751,1190.05828798101,-128.121697477811,162.035696607164,1254.05743880351
"BIGKAT _ C14 _ Left _ 2",-147.519596268903,50.2986521766045,1191.68672171177,-130.086688636939,158.724054953762,1251.32784495752
"BIGKAT _ C14 _ Left _ 2",-147.654236090903,52.8607688328003,1193.94451306462,-133.327123479712,153.099354511681,1246.80571939639
"BIGKAT _ C14 _ Left _ 2",-147.441612574473,56.2878962648846,1196.68388891244,-137.362250778012,145.582044027431,1241.11431985002
"BIGKAT _ C14 _ Left _ 2",-146.888937621686,60.2786768233362,1199.69605067796,-141.604042646732,136.790999901113,1235.00633544515
"BIGKAT _ C14 _ Left _ 2",-146.046245389648,64.4681219159861,1202.73407339423,-145.481752241338,127.477065203885,1229.2143091941
"BIGKAT _ C14 _ Left _ 2",-145.001939038845,68.4801233242066,1205.54811489855,-148.556451626483,118.417862366121,1224.31367403193
"BIGKAT _ C14 _ Left _ 2",-143.868408864725,71.9864270597588,1207.92536860587,-150.595251951832,110.295569412425,1220.63326116773
"BIGKAT _ C14 _ Left _ 2",-142.760777270124,74.7579938909356,1209.72418827954,-151.589259265979,103.590390344368,1218.23139109451
"BIGKAT _ C14 _ Left _ 2",-141.774787318695,76.6945230309266,1210.89207584513,-151.718045389883,98.5222657239329,1216.93537157262
"BIGKAT _ C14 _ Left _ 2",-140.97045127541,77.8233292505885,1211.46150392707,-151.278121603703,95.0607329108039,1216.42645556584
"BIGKAT _ C14 _ Left _ 2",-140.365883900517,78.2683982898682,1211.52489701809,-150.598751707946,93.0008314165354,1216.34471371524
"BIGKAT _ C14 _ Left _ 2",-139.941920838173,78.2002442269515,1211.19746840524,-149.965757744545,92.0796402008502,1216.38823349096
"BIGKAT _ C14 _ Left _ 2",-139.654648598914,77.78275786815,1210.58056838244,-149.566562629123,92.0935817609476,1216.38618736338
"BIGKAT _ C14 _ Left _ 2",-139.451249795876,77.1326610313816,1209.73725986324,-149.46182312049,92.9770211358939,1216.33319928741
"BIGKAT _ C14 _ Left _ 2",-139.284730223328,76.3016310644522,1208.68693961904,-149.583183011299,94.8167763153301,1216.38114084046
"BIGKAT _ C14 _ Left _ 2",-139.124445803821,75.2832732180677,1207.41907567743,-149.753453199184,97.7991916838117,1216.79274054594
"BIGKAT _ C14 _ Left _ 2",-138.961067747407,74.0394336727612,1205.91964635527,-149.724142822467,102.109554324929,1217.86853168039
"BIGKAT _ C14 _ Left _ 2",-138.806113312897,72.5348276856673,1204.19943506238,-149.224541929282,107.821064947819,1219.86406646657
"BIGKAT _ C14 _ Left _ 2",-138.687099326401,70.7671082507609,1202.31247384045,-148.015635518067,114.815657914561,1222.91673083782
"BIGKAT _ C14 _ Left _ 2",-138.639715517302,68.7821821592437,1200.35658907181,-145.940998577137,122.767192679361,1226.99919801458
"BIGKAT _ C14 _ Left _ 2",-138.698461388459,66.6711836404498,1198.45558368588,-142.966348725862,131.19145201926,1231.90905029808
"BIGKAT _ C14 _ Left _ 2",-138.887348512623,64.5533579257122,1196.73107901229,-139.200725426632,139.538990621986,1237.29376702743
"BIGKAT _ C14 _ Left _ 2",-139.212562135116,62.5544408214635,1195.27700386394,-134.895586429485,147.291107608997,1242.70144876096
"BIGKAT _ C14 _ Left _ 2",-139.658903461762,60.7904019751996,1194.14819043462,-130.422237667204,154.023103320712,1247.6434147107
"BIGKAT _ C14 _ Left _ 2",-140.190964253915,59.3618349818794,1193.36723244256,-126.230990818895,159.418155534792,1251.65552914539
"BIGKAT _ C14 _ Left _ 2",-140.758549825601,58.3574854753749,1192.94458594131,-122.796386122386,163.239122258743,1254.34952638907
"BIGKAT _ C14 _ Left _ 2",-141.304595594101,57.8600224377619,1192.90042529124,-120.552838427066,165.284061528692,1255.45165420425
"BIGKAT _ C14 _ Left _ 2",-141.773321313148,57.9458506977299,1193.27578044183,-119.826205226854,165.357495596101,1254.83056722313
"BIGKAT _ C14 _ Left _ 2",-142.116798376484,58.6739788712406,1194.1250753434,-120.770076131603,163.281519780596,1252.51656710883
"BIGKAT _ C14 _ Left _ 2",-142.299234069679,60.0650028313406,1195.49046060171,-123.320049546502,158.951825305205,1248.70975122445
"BIGKAT _ C14 _ Left _ 2",-142.299471401235,62.0774080163498,1197.36716797703,-127.182018494104,152.420709191217,1243.7692599121
"BIGKAT _ C14 _ Left _ 2",-142.112621478086,64.5919296785397,1199.6747111836,-131.867646289276,143.971617683159,1238.1753228539
"BIGKAT _ C14 _ Left _ 2",-141.751066553276,67.413720210282,1202.24809435668,-136.779013193057,134.146461050013,1232.46318698662
"BIGKAT _ C14 _ Left _ 2",-141.243988342056,70.2963063763232,1204.85599716781,-141.326736079529,123.70166996942,1227.1403431993
"BIGKAT _ C14 _ Left _ 2",-140.634198145604,72.9828238735168,1207.24217208189,-145.049836430108,113.497136257453,1222.60830776121
"BIGKAT _ C14 _ Left _ 2",-139.971889307379,75.2524998011502,1209.17678324363,-147.701258053111,104.351405423852,1219.11107269576
"BIGKAT _ C14 _ Left _ 2",-139.306520817612,76.9574023464643,1210.50040114848,-149.27400806615,96.9122313469461,1216.72346651097
"BIGKAT _ C14 _ Left _ 2",-138.679260526821,78.0377829025942,1211.14664117497,-149.963590434695,91.5848518865278,1215.3787891128
"BIGKAT _ C14 _ Left _ 2",-138.11836338827,78.5126511621752,1211.13837506681,-150.082278760004,88.5335399462418,1214.922554251
"BIGKAT _ C14 _ Left _ 2",-137.638581782002,78.4516343681359,1210.56264234284,-149.952364270856,87.7392807614827,1215.17268665225
"BIGKAT _ C14 _ Left _ 2",-137.244095293507,77.9402258814927,1209.53607362519,-149.807402820949,89.0754689028504,1215.96779572042
"BIGKAT _ C14 _ Left _ 2",-136.933410406267,77.050964445857,1208.1734824577,-149.72527464463,92.3638689165368,1217.19281322845
"BIGKAT _ C14 _ Left _ 2",-136.704507570313,75.8287373006594,1206.56821698916,-149.607855453502,97.3916419654098,1218.78175862942
"BIGKAT _ C14 _ Left _ 2",-136.558930661021,74.2919510307535,1204.7866629826,-149.211481621437,103.89561273403,1220.7063911233
"BIGKAT _ C14 _ Left _ 2",-136.504040339759,72.445705249767,1202.87386118749,-148.221280701883,111.538874699751,1222.96326985338
"BIGKAT _ C14 _ Left _ 2",-136.55295363958,70.3004878015482,1200.86462617116,-146.351824879101,119.90740799531,1225.56817470885
"BIGKAT _ C14 _ Left _ 2",-136.7218658024,67.8907335737635,1198.79541140484,-143.448522762721,128.539496413524,1228.55713761598
"BIGKAT _ C14 _ Left _ 2",-137.024897725219,65.2902031729605,1196.71506427838,-139.561921899077,136.97836510639,1231.982954921
"BIGKAT _ C14 _ Left _ 2",-137.467391354352,62.6229807602711,1194.69485455436,-134.973033978229,144.823348982007,1235.89264769688
"BIGKAT _ C14 _ Left _ 2",-138.039146772371,60.0686147215186,1192.83776117872,-130.160906697302,151.755632968701,1240.27971391463
"BIGKAT _ C14 _ Left _ 2",-138.709021769627,57.8583481441876,1191.2843629706,-125.719380541912,157.528865519165,1245.02234689596
"BIGKAT _ C14 _ Left _ 2",-139.421900716008,56.2585029048631,1190.21011519641,-122.242842058582,161.933479741176,1249.83458180241
"BIGKAT _ C14 _ Left _ 2",-140.098962143146,55.538435352875,1189.80867637394,-120.20738535918,164.756928307448,1254.26029970368
"BIGKAT _ C14 _ Left _ 2",-140.642633562027,55.9243451140838,1190.25931328278,-119.873557489546,165.765063791501,1257.72694622104
"BIGKAT _ C14 _ Left _ 2",-140.947924546091,57.5457547644176,1191.68257541501,-121.231317134505,164.722299844614,1259.65360951845
"BIGKAT _ C14 _ Left _ 2",-140.920843959033,60.3870512802082,1194.09518026391,-123.999347264735,161.452917556996,1259.58759660951
"BIGKAT _ C14 _ Left _ 2",-140.501837533612,64.2597274519254,1197.37931166008,-127.681075432786,155.927649246336,1257.3320972527
"BIGKAT _ C14 _ Left _ 2",-139.688509169745,68.8093337714703,1201.28053438496,-131.668527125423,148.344618256971,1253.02625499716
"BIGKAT _ C14 _ Left _ 2",-138.549339572846,73.5633027716859,1205.4412061508,-135.372259743923,139.168776789107,1247.14726324383
"BIGKAT _ C14 _ Left _ 2",-137.220810111906,78.0130633562308,1209.46432880733,-138.34466321925,129.104184057079,1240.42324209902
"BIGKAT _ C14 _ Left _ 2",-135.885059661242,81.7106645880391,1212.99064094609,-140.362298047423,118.997441833806,1233.67506261249
"BIGKAT _ C14 _ Left _ 2",-134.73241479558,84.3525663720409,1215.76498668754,-141.445324716778,109.698414257052,1227.63471003131
"BIGKAT _ C14 _ Left _ 2",-133.919484429552,85.8258098720782,1217.670661634,-141.813949760383,101.921842701165,1222.79984242089
"BIGKAT _ C14 _ Left _ 2",-133.535671789819,86.2043157579347,1218.72236247827,-141.801839754971,96.1513956064073,1219.3692418349
"BIGKAT _ C14 _ Left _ 2",-133.587650776073,85.7003809605225,1219.02430714612,-141.755381320336,92.6081703591369,1217.26988736744
"BIGKAT _ C14 _ Left _ 2",-134.004345283471,84.5908732998986,1218.71243210643,-141.944461022449,91.2802179650606,1216.25265333366
"BIGKAT _ C14 _ Left _ 2",-134.658119343422,83.1431421528294,1217.90311794449,-142.500825027233,91.9908830130933,1216.01571089302
"BIGKAT _ C14 _ Left _ 2",-135.394515861683,81.5611957530543,1216.66556418233,-143.390546225605,94.4776165061444,1216.3154026726
"BIGKAT _ C14 _ Left _ 2",-136.063309763793,79.9620932524405,1215.02429819627,-144.420592269169,98.4575895214336,1217.03651828749
"BIGKAT _ C14 _ Left _ 2",-136.545690368446,78.3813187441845,1212.98658232216,-145.275487462872,103.666664436875,1218.20932366733
"BIGKAT _ C14 _ Left _ 2",-136.773982037063,76.7980660837012,1210.58030537305,-145.577279990266,109.869605861391,1219.97526079409
"BIGKAT _ C14 _ Left _ 2",-136.741216645381,75.1682646602795,1207.88448934496,-144.959864032106,116.848648200609,1222.51545461538
"BIGKAT _ C14 _ Left _ 2",-136.499059855451,73.4545069705781,1205.03867896442,-143.147178270083,124.38198008091,1225.9643214116
"BIGKAT _ C14 _ Left _ 2",-136.144655310789,71.646351752394,1202.22766490557,-140.023862246364,132.222471012405,1230.3325159526
"BIGKAT _ C14 _ Left _ 2",-135.799402775254,69.7694831037705,1199.64896101419,-135.686446102904,140.082485232625,1235.45860407786
"BIGKAT _ C14 _ Left _ 2",-135.584508429207,67.8857606437392,1197.47667674809,-130.46359614989,147.626680171072,1240.99965682811
"BIGKAT _ C14 _ Left _ 2",-135.598578463565,66.0873962915614,1195.83483700841,-124.896663696549,154.473184090134,1246.46162925672
"BIGKAT _ C14 _ Left _ 2",-135.901387080292,64.4877192746436,1194.7873185085,-119.677571597542,160.204241060759,1251.26373442086
"BIGKAT _ C14 _ Left _ 2",-136.505725384523,63.209280967826,1194.34356021581,-115.549149572095,164.389134663353,1254.82682823957
"BIGKAT _ C14 _ Left _ 2",-137.377054652014,62.3687360823972,1194.4727660476,-113.181678582666,166.623055007524,1256.67213427307
"BIGKAT _ C14 _ Left _ 2",-138.439628871661,62.0582432621499,1195.11754417617,-113.046834028767,166.583341096343,1256.5126238409
"BIGKAT _ C14 _ Left _ 2",-139.587858471257,62.3253411323713,1196.20130572961,-115.314657249362,164.098255353618,1254.31696265578
"BIGKAT _ C14 _ Left _ 2",-140.701900009823,63.1561695442635,1197.629477084,-119.798895812367,159.214492408942,1250.32842903109
"BIGKAT _ C14 _ Left _ 2",-141.665799887187,64.4684409116133,1199.28886599533,-125.969621144346,152.241481139504,1245.02997626389
"BIGKAT _ C14 _ Left _ 2",-142.385232074185,66.119199842998,1201.05054512243,-133.038809603645,143.748136610367,1239.05960533813
"BIGKAT _ C14 _ Left _ 2",-142.801147747688,67.928197639297,1202.77986640955,-140.105805862624,134.495840741935,1233.09336425989
"BIGKAT _ C14 _ Left _ 2",-142.896343733551,69.7122334918933,1204.35376829298,-146.330174603359,125.311293559252,1227.72249011492
"BIGKAT _ C14 _ Left _ 2",-142.693770157182,71.3213654113272,1205.68137914209,-151.087774626234,116.928594395927,1223.3534573183
"BIGKAT _ C14 _ Left _ 2",-142.247428987304,72.6664532384911,1206.7206811779,-154.069302314544,109.848971487541,1220.15393717939
"BIGKAT _ C14 _ Left _ 2",-141.628305237084,73.7298461418389,1207.48372830945,-155.299213268614,104.26653120065,1218.05537759769
"BIGKAT _ C14 _ Left _ 2",-140.908684012948,74.5562880642697,1208.02639148964,-155.078472335479,100.086298560762,1216.80790300778
"BIGKAT _ C14 _ Left _ 2",-140.148339596958,75.2271276914988,1208.42427525426,-153.875580853201,97.0269601345724,1216.07049826414
"BIGKAT _ C14 _ Left _ 2",-139.38542638028,75.8254550367779,1208.74152117848,-152.199561618074,94.7715223382594,1215.51282713385
"BIGKAT _ C14 _ Left _ 2",-138.633672763362,76.4017025159842,1209.00173507059,-150.485961753652,93.1157185366171,1214.90531075181
"BIGKAT _ C14 _ Left _ 2",-137.886058119579,76.9486575149201,1209.16990772798,-149.01717205473,92.067815715618,1214.1792601622
"BIGKAT _ C14 _ Left _ 2",-137.123861384074,77.3924276267991,1209.15153524853,-147.886858839685,91.869863306105,1213.44625568452
"BIGKAT _ C14 _ Left _ 2",-136.328966787004,77.6023274756143,1208.81092653877,-147.008589071812,92.9336145524347,1212.9738600467
"BIGKAT _ C14 _ Left _ 2",-135.49664965382,77.4184204697457,1208.00565736125,-146.161990538858,95.7090006763248,1213.12248727491
"BIGKAT _ C14 _ Left _ 2",-134.645786452316,76.6911563055249,1206.62927598613,-145.065534840956,100.523631876932,1214.25551338164
"BIGKAT _ C14 _ Left _ 2",-133.823631138946,75.3241783131645,1204.65111913877,-143.462110608185,107.441961995174,1216.64068156778
"BIGKAT _ C14 _ Left _ 2",-133.103100527031,73.3101800843143,1202.14205221647,-141.201236095216,116.186889015549,1220.36394791869
"BIGKAT _ C14 _ Left _ 2",-132.571981134542,70.7513872176382,1199.27878212774,-138.300554753443,126.144842017675,1225.27570688757
"BIGKAT _ C14 _ Left _ 2",-132.315486878465,67.8601542171129,1196.3258309995,-134.970842822254,136.447220896747,1230.98372935878
"BIGKAT _ C14 _ Left _ 2",-132.395745782777,64.9394859496884,1193.60047560284,-131.594662990203,146.100015160274,1236.89825373477
"BIGKAT _ C14 _ Left _ 2",-132.833354075251,62.3464251740669,1191.429263971,-128.658805798263,154.127304092091,1242.32387403559
"BIGKAT _ C14 _ Left _ 2",-133.596320172846,60.442892967527,1190.10415810079,-126.652478889718,159.701100778389,1246.58182231089
"BIGKAT _ C14 _ Left _ 2",-134.600176962491,59.5396457254638,1189.84329246862,-125.953592269733,162.2421327653,1249.13739611593
"BIGKAT _ C14 _ Left _ 2",-135.720182770936,59.8406990163973,1190.75865545452,-126.731539718525,161.486201110644,1249.70334530032
"BIGKAT _ C14 _ Left _ 2",-136.813308922032,61.3980467227187,1192.83290300337,-128.894407489139,157.514575235419,1248.29297484899
"BIGKAT _ C14 _ Left _ 2",-137.745092318955,64.0882289391338,1195.90969842061,-132.099955222063,150.745392090896,1245.20738193878
"BIGKAT _ C14 _ Left _ 2",-138.415064685685,67.6206718113984,1199.70370471214,-135.832802690376,141.881717089575,1240.95853744108
"BIGKAT _ C14 _ Left _ 2",-138.774613481345,71.5810478305759,1203.8343331867,-139.528503197507,131.816806561723,1236.14930694429
"BIGKAT _ C14 _ Left _ 2",-138.832797606556,75.5023176426451,1207.8803856938,-142.707094989232,121.509425396965,1231.34548491061
"BIGKAT _ C14 _ Left _ 2",-138.648739130758,78.9458494594605,1211.44367858623,-145.074179853693,111.855970921973,1226.97690872157
"BIGKAT _ C14 _ Left _ 2",-138.313149629834,81.5705120442626,1214.20442719392,-146.560152448758,103.591791675331,1223.29319307394
"BIGKAT _ C14 _ Left _ 2",-137.924807490259,83.1722073054302,1215.95404532037,-147.291325761313,97.2446315831809,1220.37921784262
"BIGKAT _ C14 _ Left _ 2",-137.568738396164,83.6882804643251,1216.60109514934,-147.508838499104,93.141087212829,1218.2148805627
"BIGKAT _ C14 _ Left _ 2",-137.301220022919,83.1743041060854,1216.15727993533,-147.464328935746,91.4443096958971,1216.75100867064
"BIGKAT _ C14 _ Left _ 2",-137.143859147143,81.7680947729255,1214.71595906005,-147.323942760146,92.1914263289287,1215.97225167852
"BIGKAT _ C14 _ Left _ 2",-137.086414706874,79.6548528295054,1212.43328047489,-147.106789185718,95.3076472397405,1215.92645454196
"BIGKAT _ C14 _ Left _ 2",-137.096434292732,77.0405381196652,1209.51450138595,-146.673532240307,100.594881432469,1216.71389870475
"BIGKAT _ C14 _ Left _ 2",-137.132973947347,74.1332124591061,1206.20101677156,-145.767705272283,107.713120444055,1218.44390125159
"BIGKAT _ C14 _ Left _ 2",-137.161244849773,71.1286691275731,1202.7519315183,-144.098524197862,116.180373073078,1221.17617277386
"BIGKAT _ C14 _ Left _ 2",-137.164790227474,68.1983957195398,1199.41865808877,-141.44223512628,125.406962035289,1224.86723856354
"BIGKAT _ C14 _ Left _ 2",-137.152066695556,65.4816759070391,1196.41796604805,-137.733280974966,134.759788090525,1229.33815445696
"BIGKAT _ C14 _ Left _ 2",-137.155542587141,63.0848621573167,1193.91232171417,-133.119794343966,143.635513352255,1234.2715521008
"BIGKAT _ C14 _ Left _ 2",-137.223451687683,61.0880438475671,1192.00368384755,-127.96917378041,151.517860287651,1239.23768215976
"BIGKAT _ C14 _ Left _ 2",-137.406287552999,59.5551917519198,1190.74054471394,-122.823705041682,158.003161949532,1243.74356219657
"BIGKAT _ C14 _ Left _ 2",-137.741323132175,58.5419452099858,1190.13242513502,-118.31766266689,162.793645686472,1247.29725026945
"BIGKAT _ C14 _ Left _ 2",-138.23893145288,58.0966096429363,1190.16420752274,-115.073346644836,165.672280694273,1249.47889804184
"BIGKAT _ C14 _ Left _ 2",-138.874465958471,58.253248277495,1190.8046175339,-113.59470307487,166.480462976049,1250.00906838313
"BIGKAT _ C14 _ Left _ 2",-139.588692233578,59.0190966529487,1192.00694884908,-114.175676648115,165.117440469428,1248.80227707464
"BIGKAT _ C14 _ Left _ 2",-140.297832022197,60.3608411394724,1193.7038418766,-116.8382716639,161.569016639764,1245.99229962168
"BIGKAT _ C14 _ Left _ 2",-140.911360231975,62.1952595811371,1195.80051843249,-121.313284011944,155.956851794776,1241.91880158468
"BIGKAT _ C14 _ Left _ 2",-141.352825898194,64.3891899509429,1198.17186879531,-127.073293971178,148.5850405446,1237.07322414535
"BIGKAT _ C14 _ Left _ 2",-141.577492368018,66.7716416636248,1200.66781186147,-133.419411018583,139.95472645124,1232.01300221713
"BIGKAT _ C14 _ Left _ 2",-141.581344013938,69.1572335391528,1203.12830789532,-139.608965691073,130.725364504895,1227.26279338378
"BIGKAT _ C14 _ Left _ 2",-141.398868859375,71.3758481148742,1205.40507861716,-144.995304525217,121.622223912872,1223.22590830701
"BIGKAT _ C14 _ Left _ 2",-141.090901329462,73.3000289178667,1207.38322538078,-149.142274349576,113.315573850337,1220.1270828201
"BIGKAT _ C14 _ Left _ 2",-140.727019945806,74.8610684402139,1208.99456113522,-151.88188019427,106.314209150706,1217.99971528929
"BIGKAT _ C14 _ Left _ 2",-140.368186963409,76.0479593883621,1210.21685130786,-153.302459878707,100.913134033461,1216.71891279642
"BIGKAT _ C14 _ Left _ 2",-140.054299587408,76.8895403232225,1211.0587671575,-153.677369537765,97.2116213970492,1216.06949572748
"BIGKAT _ C14 _ Left _ 2",-139.79902842137,77.4265550538708,1211.53666234508,-153.360584144937,95.1858874833622,1215.82922657303
"BIGKAT _ C14 _ Left _ 2",-139.591966326892,77.6840069684936,1211.65309302647,-152.6808588146,94.7776445045219,1215.84461744748
"BIGKAT _ C14 _ Left _ 2",-139.406443935267,77.653722873689,1211.38646656157,-151.861224512412,95.956387381459,1216.08008662456
"BIGKAT _ C14 _ Left _ 2",-139.210525554195,77.2930105835583,1210.69668618888,-150.979801215741,98.7286358102622,1216.62923635159
"BIGKAT _ C14 _ Left _ 2",-138.978498592546,76.5394013100175,1209.54506704078,-149.975506341842,103.093173841245,1217.68709391985
"BIGKAT _ C14 _ Left _ 2",-138.700392013596,75.3357471337505,1207.92063519487,-148.691252913677,108.966880818301,1219.49192725764
"BIGKAT _ C14 _ Left _ 2",-138.387583868088,73.6564475218377,1205.86176123708,-146.939475463211,116.120515255725,1222.25252513867
"BIGKAT _ C14 _ Left _ 2",-138.073357242153,71.5258676491235,1203.46381267701,-144.571358820744,124.160237257781,1226.07963344937
"BIGKAT _ C14 _ Left _ 2",-137.808292250282,69.0240168684927,1200.86981567652,-141.532499304538,132.569100651088,1230.93767664871
"BIGKAT _ C14 _ Left _ 2",-137.651442764512,66.2800194186602,1198.24869017172,-137.893493559711,140.794047654652,1236.62620077507
"BIGKAT _ C14 _ Left _ 2",-137.659021813942,63.4578879626572,1195.77022514709,-133.852237874332,148.343372833102,1242.79244800935
"BIGKAT _ C14 _ Left _ 2",-137.872665137703,60.7402026755527,1193.58579006919,-129.712378631226,154.856508002445,1248.96967677172
"BIGKAT _ C14 _ Left _ 2",-138.309470722412,58.3138962279353,1191.82007140612,-125.846447904884,160.121422151741,1254.6317268452
"BIGKAT _ C14 _ Left _ 2",-138.95604661647,56.3593951075675,1190.57383726753,-122.651839856658,164.037338000159,1259.25355067531
"BIGKAT _ C14 _ Left _ 2",-139.768316745532,55.0410321861228,1189.93233780816,-120.504552991107,166.542512943127,1262.36979563389
"BIGKAT _ C14 _ Left _ 2",-140.67743694299,54.4946559065125,1189.97039420397,-119.712430065688,167.540682367018,1263.62738991287
"BIGKAT _ C14 _ Left _ 2",-141.600363556991,54.8093622327006,1190.74591673925,-120.468891390431,166.861004402978,1262.83059952345
"BIGKAT _ C14 _ Left _ 2",-142.452472009122,56.004437975398,1192.27931973544,-122.810842075096,164.274668879494,1259.9759015362
"BIGKAT _ C14 _ Left _ 2",-143.159664177105,58.0080667704018,1194.5248610721,-126.589590288198,159.570191168366,1255.26983484959
"BIGKAT _ C14 _ Left _ 2",-143.668196893465,60.6480055830581,1197.34705407024,-131.467948802027,152.665410825469,1249.11968057513
"BIGKAT _ C14 _ Left _ 2",-143.951226554443,63.6635507927193,1200.51689396299,-136.955294986095,143.716078027943,1242.08919400437
"BIGKAT _ C14 _ Left _ 2",-144.011373235203,66.7419581169638,1203.73688606901,-142.482156617757,133.176829752999,1234.8211973438
"BIGKAT _ C14 _ Left _ 2",-143.878631438487,69.5731657182929,1206.69242424721,-147.49993804054,121.783658440116,1227.94148287582
"BIGKAT _ C14 _ Left _ 2",-143.603316326152,71.9083957131446,1209.11505476314,-151.578706511671,110.453073663579,1221.96664167987
"BIGKAT _ C14 _ Left _ 2",-143.244993077568,73.605139443265,1210.8369146978,-154.474844088907,100.12160264523,1217.23726135265
"BIGKAT _ C14 _ Left _ 2",-142.86016616162,74.6449587660218,1211.81867845254,-156.151660699058,91.5696446976971,1213.88904514393
"BIGKAT _ C14 _ Left _ 2",-142.492535888606,75.1198575397802,1212.14375811853,-156.753070271537,85.2795157254176,1211.86340192195
"BIGKAT _ C14 _ Left _ 2",-142.168682015761,75.1936156175371,1211.98360473083,-156.544570623486,81.3666880979043,1210.9502122062
"BIGKAT _ C14 _ Left _ 2",-141.899480803725,75.0520319417707,1211.54747232368,-155.841861858625,79.5989211089356,1210.84989965327
"BIGKAT _ C14 _ Left _ 2",-141.685086593999,74.8577970992479,1211.0325824175,-154.945510628498,79.4896852669354,1211.23967733903
"BIGKAT _ C14 _ Left _ 2",-141.520406542444,74.7216637424665,1210.58763922381,-154.093692106401,80.431864439905,1211.83018293318
