"fileName","thumb_y","thumb_x","thumb_z","finger_y","finger_x","finger_z"
"BIGKAT _ C08 _ Right _ 2",-56.6847017635534,53.9944504853687,1367.50350843642,-67.2847047709763,153.208367534667,1406.15259578873
"BIGKAT _ C08 _ Right _ 2",-56.7009622024175,54.0100128832404,1367.47874150235,-67.3199459342283,153.22584692036,1406.18739759645
"BIGKAT _ C08 _ Right _ 2",-56.7183042324146,54.0282107908384,1367.44811851949,-67.3560275479202,153.244519264467,1406.24427452561
"BIGKAT _ C08 _ Right _ 2",-56.7302524223946,54.0437089358055,1367.41749944007,-67.3799980744969,153.257484067091,1406.31733756605
"BIGKAT _ C08 _ Right _ 2",-56.7280028548044,54.0489109523897,1367.39473460458,-67.3754455956782,153.255340397614,1406.3939062696
"BIGKAT _ C08 _ Right _ 2",-56.7015747166407,54.0349125675049,1367.38780741948,-67.3253535437769,153.22738222849,1406.4559024121
"BIGKAT _ C08 _ Right _ 2",-56.6416113284251,53.9930513586071,1367.40220177057,-67.2160258911643,153.163454969944,1406.4835099868
"BIGKAT _ C08 _ Right _ 2",-56.5415174762766,53.9167196615394,1367.43825472692,-67.0411702281564,153.056121393627,1406.46055472285
"BIGKAT _ C08 _ Right _ 2",-56.3994328438847,53.8028956818784,1367.48970096497,-66.8048422880672,152.902587494977,1406.37997963848
"BIGKAT _ C08 _ Right _ 2",-56.219456240036,53.6528104438276,1367.54459790693,-66.5219736627416,152.705775879022,1406.24705686359
"BIGKAT _ C08 _ Right _ 2",-56.0116165246233,53.4714070091703,1367.58899506934,-66.215819023149,152.474093128622,1406.0784427715
"BIGKAT _ C08 _ Right _ 2",-55.7903735000272,53.2657162756122,1367.61227658685,-65.9127536416209,152.219829653748,1405.89707221125
"BIGKAT _ C08 _ Right _ 2",-55.5718714707161,53.0427569285388,1367.61190039588,-65.6359233945174,151.956593446205,1405.72507171336
"BIGKAT _ C08 _ Right _ 2",-55.3706033710963,52.8078082645181,1367.595218706,-65.3997305014221,151.696468259389,1405.57778395032
"BIGKAT _ C08 _ Right _ 2",-55.1964069682727,52.5637547938185,1367.57743831734,-65.2068362171104,151.447610145587,1405.46117778221
"BIGKAT _ C08 _ Right _ 2",-55.0526901853087,52.3117077715702,1367.57671844372,-65.0485010573091,151.212837793656,1405.37312565152
"BIGKAT _ C08 _ Right _ 2",-54.9364191907498,52.0525089974532,1367.60854715989,-64.9080201069913,150.989512639091,1405.30726944491
"BIGKAT _ C08 _ Right _ 2",-54.8397790458733,51.788308160578,1367.68127375677,-64.7660794918347,150.770687064859,1405.25726966047
"BIGKAT _ C08 _ Right _ 2",-54.7527889286006,51.5233411564338,1367.79367281197,-64.6063462721649,150.547211562277,1405.21955429019
"BIGKAT _ C08 _ Right _ 2",-54.6658463405133,51.2633418588673,1367.93469774558,-64.4196204283562,150.310317977906,1405.19386727137
"BIGKAT _ C08 _ Right _ 2",-54.5713516703532,51.0136535835768,1368.08532222364,-64.2053481942411,150.054116701347,1405.18200824832
"BIGKAT _ C08 _ Right _ 2",-54.4641097099829,50.7769122335232,1368.22203358569,-63.9701373771704,149.777416076966,1405.18557522022
"BIGKAT _ C08 _ Right _ 2",-54.3408287086459,50.5517171814331,1368.32103324984,-63.7239984943858,149.484357159053,1405.20343093227
"BIGKAT _ C08 _ Right _ 2",-54.1994507780537,50.3334030475398,1368.36208984428,-63.475949925559,149.183661644132,1405.22942495499
"BIGKAT _ C08 _ Right _ 2",-54.0390470820661,50.1167799869923,1368.33150687769,-63.230838634747,148.886761958158,1405.25085699097
"BIGKAT _ C08 _ Right _ 2",-53.8605712904649,49.8993947416158,1368.2242107794,-62.9886035195288,148.605477997869,1405.24833353095
"BIGKAT _ C08 _ Right _ 2",-53.6681109392918,49.6836034672649,1368.044924272,-62.7461170285559,148.349984798591,1405.19787188788
"BIGKAT _ C08 _ Right _ 2",-53.4697729686118,49.476628248879,1367.80788385779,-62.5006553293235,148.127536610737,1405.07576672384
"BIGKAT _ C08 _ Right _ 2",-53.2772769054737,49.2888402290342,1367.53428414489,-62.2533284539991,147.941983748501,1404.86543132203
"BIGKAT _ C08 _ Right _ 2",-53.1037988718496,49.1310378645881,1367.24720030898,-62.0107827554757,147.793861755043,1404.56382467061
"BIGKAT _ C08 _ Right _ 2",-52.9604389516292,49.0115706054859,1366.96507531276,-61.7842907475752,147.680890784758,1404.1846149393
"BIGKAT _ C08 _ Right _ 2",-52.8524659781723,48.9341295265846,1366.69612870475,-61.5865711949026,147.598894977245,1403.75650311147
"BIGKAT _ C08 _ Right _ 2",-52.7768243700866,48.8968755999109,1366.43631649392,-61.4276416360123,147.543121259215,1403.31718516893
"BIGKAT _ C08 _ Right _ 2",-52.7220836163045,48.893156313934,1366.17237252958,-61.3112670569859,147.509655920006,1402.90496334628
"BIGKAT _ C08 _ Right _ 2",-52.6711147216767,48.9134738852761,1365.88928815663,-61.233165799313,147.496373277244,1402.55057232659
"BIGKAT _ C08 _ Right _ 2",-52.6055956535952,48.9478934524065,1365.57926679324,-61.1813671768287,147.502870904376,1402.27151724934
"BIGKAT _ C08 _ Right _ 2",-52.5105807126593,48.9879042957038,1365.24810917691,-61.1383445050182,147.52916643852,1402.07027634609
"BIGKAT _ C08 _ Right _ 2",-52.3773769450884,49.0269246427949,1364.91610914936,-61.0840560065488,147.573390564518,1401.93637470881
"BIGKAT _ C08 _ Right _ 2",-52.2038899821523,49.059165022482,1364.61334963396,-60.998935660463,147.629149578739,1401.8511798788
"BIGKAT _ C08 _ Right _ 2",-51.9928675848608,49.077314850073,1364.37188666149,-60.8661691569068,147.68352853734,1401.79380959109
"BIGKAT _ C08 _ Right _ 2",-51.7493166239817,49.0701979030148,1364.21797157331,-60.6731436551787,147.716741366682,1401.74673513592
"BIGKAT _ C08 _ Right _ 2",-51.4783903781291,49.0218097082293,1364.1662440753,-60.4124735587657,147.704103378918,1401.70001472212
"BIGKAT _ C08 _ Right _ 2",-51.1844678323449,48.9128049050961,1364.21638644287,-60.0830629913384,147.620310042075,1401.65318793864
"BIGKAT _ C08 _ Right _ 2",-50.8715116890492,48.7246067852708,1364.35230246555,-59.6911605532991,147.445176115414,1401.61389856561
"BIGKAT _ C08 _ Right _ 2",-50.5443530013206,48.4451883022382,1364.54399205788,-59.2507793464945,147.169409196009,1401.59295870986
"BIGKAT _ C08 _ Right _ 2",-50.2102191720839,48.0747102307012,1364.75189723879,-58.7828184648991,146.798927880316,1401.59707747991
"BIGKAT _ C08 _ Right _ 2",-49.8796024422266,47.6290289488209,1364.93268532792,-58.3127642980676,146.356612876469,1401.62203537579
"BIGKAT _ C08 _ Right _ 2",-49.5657066034351,47.1397069070306,1365.04510316786,-57.86742226813,145.880921884095,1401.64935875704
"BIGKAT _ C08 _ Right _ 2",-49.2823482550897,46.6502659901872,1365.0550145359,-57.471325550866,145.421336442552,1401.64807530507
"BIGKAT _ C08 _ Right _ 2",-49.0410356904127,46.2095430746442,1364.93944845872,-57.1434336817416,145.031194623582,1401.58092555453
"BIGKAT _ C08 _ Right _ 2",-48.8484434500354,45.8637896003073,1364.68964484257,-56.8947568448269,144.75916138236,1401.412889215
"BIGKAT _ C08 _ Right _ 2",-48.7053235990507,45.6494242109046,1364.31257145792,-56.7275477580446,144.641178128384,1401.11955298496
"BIGKAT _ C08 _ Right _ 2",-48.6072279861871,45.5880194926105,1363.83000128301,-56.6364083870255,144.694780184222,1400.69326051409
"BIGKAT _ C08 _ Right _ 2",-48.5466415267125,45.6842777962299,1363.27469750901,-56.6110016402287,144.916992010561,1400.14557824388
"BIGKAT _ C08 _ Right _ 2",-48.5155453626724,45.9267974203903,1362.68431123412,-56.6393350811091,145.285934564611,1399.50523930398
"BIGKAT _ C08 _ Right _ 2",-48.5073178095014,46.2907996285455,1362.09450416823,-56.710268333044,145.765344964936,1398.81166652806
"BIGKAT _ C08 _ Right _ 2",-48.517340010932,46.7418783155428,1361.53303239835,-56.8142800731435,146.310713732372,1398.10552737441
"BIGKAT _ C08 _ Right _ 2",-48.5423652275659,47.240106846269,1361.0159967502,-56.9424318460214,146.875662818677,1397.41899328528
"BIGKAT _ C08 _ Right _ 2",-48.5791796637004,47.7441630544586,1360.54664861098,-57.0843586212919,147.417391096861,1396.76873941641
"BIGKAT _ C08 _ Right _ 2",-48.6232183850886,48.2152399075287,1360.11662590858,-57.2265651013415,147.900434732463,1396.15402610478
"BIGKAT _ C08 _ Right _ 2",-48.6677320217018,48.6204030988956,1359.70933243903,-57.3521991258243,148.298555862746,1395.56072405544
"BIGKAT _ C08 _ Right _ 2",-48.7039036524559,48.9349938016796,1359.3049935436,-57.442886199519,148.595100001977,1394.97022228616
"BIGKAT _ C08 _ Right _ 2",-48.7219991001887,49.1438468003983,1358.8865039878,-57.4822786073911,148.782430895801,1394.37017513017
"BIGKAT _ C08 _ Right _ 2",-48.7132534736624,49.2414194992743,1358.4446574576,-57.4600373208011,148.861008567207,1393.76277483832
"BIGKAT _ C08 _ Right _ 2",-48.6719014069602,49.2311675582864,1357.9811133338,-57.3745812996899,148.838456213323,1393.16671911769
"BIGKAT _ C08 _ Right _ 2",-48.5966948175018,49.1245223692751,1357.50795016451,-57.2334278338403,148.728690392034,1392.61154859088
"BIGKAT _ C08 _ Right _ 2",-48.4914241094072,48.9396853429843,1357.04387130947,-57.0510434897568,148.55093311806,1392.12644632365
"BIGKAT _ C08 _ Right _ 2",-48.3642805117951,48.7002804871989,1356.60845557396,-56.8452139425687,148.32832689866,1391.72823016311
"BIGKAT _ C08 _ Right _ 2",-48.226296985052,48.4337800874061,1356.21653539783,-56.6334917283168,148.086075649195,1391.41390180625
"BIGKAT _ C08 _ Right _ 2",-48.0894477561091,48.1695846504093,1355.8745354614,-56.4310652431566,147.849394742087,1391.16135000472
"BIGKAT _ C08 _ Right _ 2",-47.965061767453,47.936706187195,1355.57970107494,-56.2505314439481,147.641688349303,1390.93820715752
"BIGKAT _ C08 _ Right _ 2",-47.8629416452146,47.7611297408156,1355.32213173993,-56.1029795765427,147.483105486961,1390.71498088695
"BIGKAT _ C08 _ Right _ 2",-47.791150477231,47.6630684176699,1355.08877118366,-55.9990895145557,147.389250447008,1390.47646822848
"BIGKAT _ C08 _ Right _ 2",-47.7560808462548,47.6544681577672,1354.86803142953,-55.9490434256427,147.369768333392,1390.22648960607
"BIGKAT _ C08 _ Right _ 2",-47.7623152733368,47.7372342736346,1354.65353266072,-55.9608835267293,147.426857477656,1389.98466553877
"BIGKAT _ C08 _ Right _ 2",-47.8120054177867,47.9026791454198,1354.44571896931,-56.0379743399377,147.554168595104,1389.77795315192
"BIGKAT _ C08 _ Right _ 2",-47.9039879110085,48.1325580567879,1354.25103513264,-56.1768315886052,147.736749289064,1389.63148464795
"BIGKAT _ C08 _ Right _ 2",-48.0333010769862,48.4017532815061,1354.07957237021,-56.3665081074418,147.952598752526,1389.56228151791
"BIGKAT _ C08 _ Right _ 2",-48.1917316694331,48.6822697370341,1353.94274410093,-56.5901235353761,148.176003957192,1389.57705421253
"BIGKAT _ C08 _ Right _ 2",-48.3694037934542,48.9478490407287,1353.85198723093,-56.8282999468683,148.382190266595,1389.67334563567
"BIGKAT _ C08 _ Right _ 2",-48.5566846378792,49.178280652097,1353.81807624481,-57.0635093630895,148.552178844504,1389.84247947627
"BIGKAT _ C08 _ Right _ 2",-48.7454598537571,49.3624431341652,1353.8496960079,-57.2838803608365,148.676473641837,1390.07274963922
"BIGKAT _ C08 _ Right _ 2",-48.9293091084145,49.4993256889448,1353.95048067922,-57.4850673441397,148.756524660619,1390.35153336027
"BIGKAT _ C08 _ Right _ 2",-49.1028662443366,49.5968093266187,1354.11541972297,-57.6694834218245,148.803657678171,1390.66558458017
"BIGKAT _ C08 _ Right _ 2",-49.2611183803144,49.6686794652846,1354.32888593742,-57.843310892375,148.835874315721,1390.99979955369
"BIGKAT _ C08 _ Right _ 2",-49.3993549948278,49.7308424490115,1354.56635282719,-58.0126345014702,148.873336585584,1391.33576682007
"BIGKAT _ C08 _ Right _ 2",-49.5140225788995,49.7977554152465,1354.8001242714,-58.180267550681,148.93353611087,1391.65166076358
"BIGKAT _ C08 _ Right _ 2",-49.6041081567182,49.8797363159516,1355.00712117329,-58.3443423336322,149.027226558323,1391.92431936261
"BIGKAT _ C08 _ Right _ 2",-49.6721831916201,49.9814356604997,1355.1753340284,-58.498927087494,149.156100873641,1392.13318879714
"BIGKAT _ C08 _ Right _ 2",-49.7242398078167,50.1015513998708,1355.30591601362,-58.636233061334,149.312823629842,1392.26489333234
"BIGKAT _ C08 _ Right _ 2",-49.768061263049,50.2337835465751,1355.4099412395,-58.7495700612198,149.483415974145,1392.316879873
"BIGKAT _ C08 _ Right _ 2",-49.8107238745006,50.3688599750366,1355.50140873783,-58.8360963384087,149.651297099984,1392.29892266855
"BIGKAT _ C08 _ Right _ 2",-49.8563161951268,50.4971737122419,1355.58974713613,-58.898505074965,149.801751278801,1392.23192758396
"BIGKAT _ C08 _ Right _ 2",-49.9047926790491,50.611320706097,1355.67512213165,-58.9450198462179,149.925457147057,1392.1440436627
"BIGKAT _ C08 _ Right _ 2",-49.9522999795198,50.7078200153179,1355.74841945939,-58.9874755503433,150.020102630212,1392.06463226704
"BIGKAT _ C08 _ Right _ 2",-49.9927465085205,50.7875698857755,1355.79566778093,-59.0379021334649,150.089877252959,1392.01749334673
"BIGKAT _ C08 _ Right _ 2",-50.0200308575585,50.8549790164775,1355.80481453764,-59.1047283649187,150.143393221216,1392.01560016585
"BIGKAT _ C08 _ Right _ 2",-50.0302040286247,50.9160499217067,1355.77190012118,-59.1900468948741,150.190931976018,1392.05942893154
"BIGKAT _ C08 _ Right _ 2",-50.0229106637993,50.9759716650506,1355.70414762273,-59.2890197020632,150.241784886524,1392.13935145359
"BIGKAT _ C08 _ Right _ 2",-50.0017219607721,51.0370061012206,1355.61900372668,-59.3916149342783,150.302176430143,1392.24055913952
"BIGKAT _ C08 _ Right _ 2",-49.9733314444859,51.0974738062743,1355.53983879967,-59.4859343083063,150.374085130323,1392.34811841553
"BIGKAT _ C08 _ Right _ 2",-49.9458908830049,51.1522987404735,1355.49002938479,-59.5618313295968,150.455134898552,1392.45032627017
"BIGKAT _ C08 _ Right _ 2",-49.9269482535093,51.1949213437185,1355.487307576,-59.613547501477,150.539493058482,1392.53976136195
"BIGKAT _ C08 _ Right _ 2",-49.9215336663936,51.2197496917923,1355.53985573903,-59.6406964899828,150.619477834032,1392.61261846096
"BIGKAT _ C08 _ Right _ 2",-49.9309349215762,51.22406109079,1355.64498660234,-59.6477677255689,150.68749778506,1392.66768986184
"BIGKAT _ C08 _ Right _ 2",-49.9525480151971,51.2085820210318,1355.79051579484,-59.6428479174694,150.738004367441,1392.70627915945
"BIGKAT _ C08 _ Right _ 2",-49.9808533627549,51.1766849214168,1355.95818733521,-59.6361591153422,150.769188649072,1392.73322868862
"BIGKAT _ C08 _ Right _ 2",-50.0091930251949,51.132804100257,1356.12799611222,-59.638535258256,150.784087427343,1392.75781673234
"BIGKAT _ C08 _ Right _ 2",-50.0317935298698,51.0809405809531,1356.28223100974,-59.6596446156964,150.790660604144,1392.79274998709
"BIGKAT _ C08 _ Right _ 2",-50.0454486496146,51.0239641698391,1356.40847309151,-59.7058838465143,150.800474042203,1392.85039370073
"BIGKAT _ C08 _ Right _ 2",-50.0503995000247,50.9640144580633,1356.50121276779,-59.778272855938,150.825980292895,1392.93713040557
"BIGKAT _ C08 _ Right _ 2",-50.0501832620828,50.9038330269676,1356.56191899229,-59.8710852434442,150.876888526365,1393.04817995921
"BIGKAT _ C08 _ Right _ 2",-50.0505307633256,50.8484319844791,1356.59751382944,-59.9721523847049,150.956519337296,1393.16558661171
"BIGKAT _ C08 _ Right _ 2",-50.0576912066709,50.8062181666245,1356.61758310932,-60.0656459148654,151.059292983723,1393.26132489342
"BIGKAT _ C08 _ Right _ 2",-50.0767081837206,50.7886680299923,1356.63111182855,-60.1375773690669,151.170651945378,1393.30589201969
"BIGKAT _ C08 _ Right _ 2",-50.1100716695565,50.807956930041,1356.64364013341,-60.1832729076777,151.270618444707,1393.2806205308
"BIGKAT _ C08 _ Right _ 2",-50.1568996381032,50.8725574122331,1356.65542938287,-60.2149530213345,151.341513302128,1393.18976580776
"BIGKAT _ C08 _ Right _ 2",-50.212540592288,50.9816052733938,1356.66078029229,-60.2667517702212,151.379016011664,1393.06719220417
"BIGKAT _ C08 _ Right _ 2",-50.2683839954319,51.1195939356403,1356.64825914863,-60.3944569540325,151.404035022222,1392.97318499554
"BIGKAT _ C08 _ Right _ 2",-50.3118237220424,51.2534802509088,1356.60147175735,-60.6680883722446,151.471348699701,1392.97977414552
"BIGKAT _ C08 _ Right _ 2",-50.3267301573446,51.3343590924077,1356.50045269574,-61.1570697875473,151.670320816296,1393.14708281036
"BIGKAT _ C08 _ Right _ 2",-50.2951664425562,51.3053045467492,1356.32448181096,-61.9098488615517,152.113721553593,1393.49686588764
"BIGKAT _ C08 _ Right _ 2",-50.201035301848,51.1156792387928,1356.05733476602,-62.9317961501641,152.912924748659,1393.99102152654
"BIGKAT _ C08 _ Right _ 2",-50.0357481840206,50.7402680276131,1355.69507500641,-64.1665681298531,154.141140783454,1394.52213908809
"BIGKAT _ C08 _ Right _ 2",-49.8050982747279,50.1993789953978,1355.2549365853,-65.4866596249059,155.790274145143,1394.92085771552
"BIGKAT _ C08 _ Right _ 2",-49.5356212321999,49.5742708099836,1354.78253796065,-66.6984450578425,157.730802856859,1394.98165144224
"BIGKAT _ C08 _ Right _ 2",-49.2781322089335,49.0117624529751,1354.35424560689,-67.565179069427,159.686847596008,1394.50463296656
"BIGKAT _ C08 _ Right _ 2",-49.1060952398604,48.7132916981977,1354.0721165201,-67.8477016786436,161.238940929978,1393.34593446288
"BIGKAT _ C08 _ Right _ 2",-49.1072668949208,48.9070583468722,1354.05037105166,-67.35704660628,161.863462842713,1391.46403504798
"BIGKAT _ C08 _ Right _ 2",-49.3688342194035,49.8065768762641,1354.39470740978,-66.0069931363146,161.00978163022,1388.94642036388
"BIGKAT _ C08 _ Right _ 2",-49.9587483388558,51.5638003813818,1355.17862195902,-63.8503649153466,158.205120750611,1386.00320636083
"BIGKAT _ C08 _ Right _ 2",-50.9080861125291,54.228432082823,1356.42305684133,-61.0837408687503,153.166131220864,1382.9235892473
"BIGKAT _ C08 _ Right _ 2",-52.199762217549,57.7253983189734,1358.08567309143,-58.0132125103123,145.889311305468,1380.00553087049
"BIGKAT _ C08 _ Right _ 2",-53.7672293637298,61.85845738848,1360.06336961655,-54.9876326526703,136.69392989592,1377.48298849712
"BIGKAT _ C08 _ Right _ 2",-55.50355339779,66.3400014815427,1362.20723773485,-52.320130193537,126.202762551493,1375.47989309767
"BIGKAT _ C08 _ Right _ 2",-57.2778057908818,70.8381745845869,1364.34464720082,-50.2260101910137,115.26481505997,1374.0104214248
"BIGKAT _ C08 _ Right _ 2",-58.9535608107529,75.026662450155,1366.30059838285,-48.8001649594904,104.842659995015,1373.02382841255
"BIGKAT _ C08 _ Right _ 2",-60.4043655063383,78.6227824208648,1367.91162670653,-48.0406928499752,95.8960576067251,1372.4706311915
"BIGKAT _ C08 _ Right _ 2",-61.5233842612989,81.4057168077265,1369.03075034727,-47.9050748656466,89.2878305895412,1372.35728503205
"BIGKAT _ C08 _ Right _ 2",-62.2279708212937,83.2161800223202,1369.52874888447,-48.3708900019489,85.7197631034435,1372.762510315
"BIGKAT _ C08 _ Right _ 2",-62.4627644508493,83.9473466198806,1369.30077482403,-49.4711248634179,85.6858310650879,1373.80484638457
"BIGKAT _ C08 _ Right _ 2",-62.2051638430449,83.5403489449012,1368.2845372379,-51.2847093139885,89.4206692842143,1375.56981638327
"BIGKAT _ C08 _ Right _ 2",-61.474307730248,81.993924670446,1366.48817076868,-53.8811238425832,96.8306168631318,1378.02101574375
"BIGKAT _ C08 _ Right _ 2",-60.3405681396888,79.3883074104054,1364.0173528682,-57.2373947610105,107.418855505874,1380.92970144398
"BIGKAT _ C08 _ Right _ 2",-58.9296197505877,75.9128696455302,1361.08755538279,-61.1605036223689,120.240535332164,1383.85882096528
"BIGKAT _ C08 _ Right _ 2",-57.4153983727679,71.8808812790633,1358.01099123597,-65.252615272043,133.931944358421,1386.22544751187
"BIGKAT _ C08 _ Right _ 2",-55.9998763138842,67.716555675248,1355.15689798658,-68.9463557072695,146.841686565935,1387.43838869028
"BIGKAT _ C08 _ Right _ 2",-54.8826444991198,63.9087915138729,1352.8930591427,-71.6130564239475,157.257499823405,1387.0724836888
"BIGKAT _ C08 _ Right _ 2",-54.2270925388668,60.9382733634208,1351.52146246982,-72.7164950799966,163.68639311244,1385.01576725524
"BIGKAT _ C08 _ Right _ 2",-54.1309875122885,59.1942459108826,1351.22138653644,-71.9620806393998,165.124776137919,1381.5287099201
"BIGKAT _ C08 _ Right _ 2",-54.6078482518733,58.9008297846808,1352.01145106939,-69.3888713248456,161.256124128586,1377.18903621261
"BIGKAT _ C08 _ Right _ 2",-55.5829515766507,60.0701447298313,1353.73956546685,-65.3720778948238,152.532500851867,1372.74373404076
"BIGKAT _ C08 _ Right _ 2",-56.9049097997884,62.4928023417187,1356.10502638878,-60.5381093965858,140.124114124171,1368.92633572139
"BIGKAT _ C08 _ Right _ 2",-58.3707275875501,65.7677478498024,1358.70921655611,-55.6268559323742,125.750079151759,1366.30504255419
"BIGKAT _ C08 _ Right _ 2",-59.7594339506828,69.3649322512179,1361.12279520276,-51.3512264019096,111.427049602511,1365.20425068919
"BIGKAT _ C08 _ Right _ 2",-60.8677150104551,72.7081187224182,1362.95294869079,-48.2950297664358,99.1835108361519,1365.70265624711
"BIGKAT _ C08 _ Right _ 2",-61.5412028273275,75.2630290291371,1363.89719395411,-46.8636914264951,90.7831682471258,1367.67813560199
"BIGKAT _ C08 _ Right _ 2",-61.6967998125399,76.6175503456585,1363.77795491267,-47.2745037530892,87.4874318842601,1370.86000917511
"BIGKAT _ C08 _ Right _ 2",-61.3333856577249,76.5434517843105,1362.55890096302,-49.559564655637,89.8769210648313,1374.86354447045
"BIGKAT _ C08 _ Right _ 2",-60.5297351698539,75.0313081510828,1360.34609503766,-53.5605969147994,97.751360609137,1379.20701920647
"BIGKAT _ C08 _ Right _ 2",-59.4298074988847,72.2925562915008,1357.37520039471,-58.9145244345919,110.130229222435,1383.33299823603
"BIGKAT _ C08 _ Right _ 2",-58.2173563334701,68.72624083057,1353.98395472619,-65.0492454663313,125.371444062088,1386.66044090793
"BIGKAT _ C08 _ Right _ 2",-57.0840779794111,64.8537938599243,1350.56980648165,-71.2172344604361,141.405296014306,1388.67737506866
"BIGKAT _ C08 _ Right _ 2",-56.1975058955264,61.2324161737899,1347.53615484112,-76.5837684231013,156.050056102038,1389.05261077572
"BIGKAT _ C08 _ Right _ 2",-55.6753400752229,58.3637883223054,1345.23462444243,-80.3618144472936,167.349106843132,1387.72081782511
"BIGKAT _ C08 _ Right _ 2",-55.5710281226497,56.6166448986466,1343.91278441177,-81.9615164383118,173.862661354295,1384.89946060436
"BIGKAT _ C08 _ Right _ 2",-55.8718473000485,56.1777037523813,1343.67636932778,-81.1122510863257,174.863000569942,1381.02847341821
"BIGKAT _ C08 _ Right _ 2",-56.5074745644037,57.0374656778605,1344.47347292145,-77.9222997375901,170.408941650034,1376.66014870298
"BIGKAT _ C08 _ Right _ 2",-57.3656394019974,59.0091224316311,1346.10552642123,-72.8591744852957,161.29891024116,1372.34230458806
"BIGKAT _ C08 _ Right _ 2",-58.3116345945945,61.7725797392005,1348.26495181752,-66.6555978483881,148.918425808023,1368.52830011495
"BIGKAT _ C08 _ Right _ 2",-59.2087770896772,64.9317537803879,1350.5919933267,-60.1673785162484,135.01214986508,1365.52752912602
"BIGKAT _ C08 _ Right _ 2",-59.9367222018368,68.0719823628188,1352.73632585902,-54.2239998395008,121.425662753399,1363.49460572349
"BIGKAT _ C08 _ Right _ 2",-60.4046920887805,70.806745146683,1354.40741060533,-49.5126437464468,109.869103501019,1362.44843289255
"BIGKAT _ C08 _ Right _ 2",-60.5581629545257,72.8093048475976,1355.4034241803,-46.5183996021934,101.740951392882,1362.30967580583
"BIGKAT _ C08 _ Right _ 2",-60.3798777981996,73.8326235342999,1355.61868078066,-45.5158896630223,98.0180226869153,1362.943503655
"BIGKAT _ C08 _ Right _ 2",-59.8875761936339,73.7251495290565,1355.03751471028,-46.5864146821952,99.1893368016587,1364.19479752911
"BIGKAT _ C08 _ Right _ 2",-59.130502267533,72.4479001890197,1353.72441949485,-49.6314338462353,105.208180014915,1365.90738192241
"BIGKAT _ C08 _ Right _ 2",-58.1850712488362,70.0911807759033,1351.81625235566,-54.3675416783651,115.458956008507,1367.92644161256
"BIGKAT _ C08 _ Right _ 2",-57.1485924841157,66.8822237554071,1349.51609901539,-60.3108480051649,128.764066287642,1370.09073718357
"BIGKAT _ C08 _ Right _ 2",-56.1300154272482,63.1733295091795,1347.08396125304,-66.7773812121967,143.467389289657,1372.22505741636
"BIGKAT _ C08 _ Right _ 2",-55.2382553142081,59.4056564670815,1344.81886297529,-72.9298652197522,157.613541889892,1374.14203065669
"BIGKAT _ C08 _ Right _ 2",-54.57020589832,56.0530691760414,1343.02964187239,-77.8854698792816,169.206383395596,1375.65713625053
"BIGKAT _ C08 _ Right _ 2",-54.2005540435465,53.5570939861436,1341.99577054064,-80.8703488366689,176.5001934449,1376.6144460687
"BIGKAT _ C08 _ Right _ 2",-54.1742529678037,52.2648012614092,1341.92385308324,-81.3803869575074,178.26910540257,1376.91592535949
"BIGKAT _ C08 _ Right _ 2",-54.5015281116499,52.3784421564796,1342.90902307872,-79.2980696968199,174.01135372874,1376.54522952001
"BIGKAT _ C08 _ Right _ 2",-55.155399306706,53.9228936067537,1344.91149944824,-74.9271151294747,164.059958790116,1375.57816135215
"BIGKAT _ C08 _ Right _ 2",-56.0723154536078,56.7357753573211,1347.75549637516,-68.93334567729,149.581120944675,1374.17604239754
"BIGKAT _ C08 _ Right _ 2",-57.1566714696088,60.4836953774282,1351.15127394362,-62.2110466060372,132.448769096384,1372.56348391036
"BIGKAT _ C08 _ Right _ 2",-58.2894420794889,64.7044288564744,1354.73429872348,-55.7168708566719,114.99778251209,1370.99567636013
"BIGKAT _ C08 _ Right _ 2",-59.3403671425316,68.8693808313359,1358.11163137803,-50.3187178331237,99.6837183454987,1369.72119621319
"BIGKAT _ C08 _ Right _ 2",-60.1826393914441,72.4561272489044,1360.90662281217,-46.6925279634449,88.7055206876058,1368.94583004277
"BIGKAT _ C08 _ Right _ 2",-60.7089723483213,75.019624913206,1362.79766250166,-45.2734960650075,83.6632177779546,1368.8025395159
"BIGKAT _ C08 _ Right _ 2",-60.8477507909431,76.2527523718422,1363.55139699439,-46.2444892268664,85.3139471167379,1369.33220647172
"BIGKAT _ C08 _ Right _ 2",-60.5771930223323,76.0297425814699,1363.05200997951,-49.5360028637749,93.4625039624719,1370.47833075879
"BIGKAT _ C08 _ Right _ 2",-59.9343468906722,74.4275138476625,1361.32521963895,-54.8219977248687,106.994034972968,1372.09646848945
"BIGKAT _ C08 _ Right _ 2",-59.015318870204,71.7201971220873,1358.55116922965,-61.517139961884,124.037263501569,1373.97670686637
"BIGKAT _ C08 _ Right _ 2",-57.9644042862014,68.3438742669307,1355.05806881554,-68.7996172770388,142.233424665634,1375.87528859928
"BIGKAT _ C08 _ Right _ 2",-56.952809598555,64.8337137142039,1351.29056577246,-75.6866427554673,159.072150567583,1377.54958245335
"BIGKAT _ C08 _ Right _ 2",-56.1511394907505,61.7431391048754,1347.75285436058,-81.1720909984435,172.243106586881,1378.78964881107
"BIGKAT _ C08 _ Right _ 2",-55.7018198058015,59.5602736979726,1344.93384227576,-84.4054363187174,179.950099957877,1379.44105953808
"BIGKAT _ C08 _ Right _ 2",-55.697088569213,58.6370665316628,1343.22745396722,-84.8652754564586,181.146125459783,1379.41735670041
"BIGKAT _ C08 _ Right _ 2",-56.1658027111675,59.1415516488979,1342.8637373543,-82.4739536128714,175.666035798658,1378.70424152288
"BIGKAT _ C08 _ Right _ 2",-57.0697449318343,61.0374222603053,1343.86536483394,-77.6157216870775,164.247421103409,1377.35881908533
"BIGKAT _ C08 _ Right _ 2",-58.3085986709011,64.0908964007905,1346.03944633513,-71.0521459573706,148.436735848576,1375.50561378121
"BIGKAT _ C08 _ Right _ 2",-59.7324121262387,67.9028190380515,1349.00703022532,-63.76267124359,130.384074277705,1373.32817020201
"BIGKAT _ C08 _ Right _ 2",-61.1604673674991,71.9620818612981,1352.26410353891,-56.7618496548452,112.545553665844,1371.05314555608
"BIGKAT _ C08 _ Right _ 2",-62.4051442864905,75.7137836585377,1355.26101515646,-50.9469309373477,97.3362965390705,1368.92484185087
"BIGKAT _ C08 _ Right _ 2",-63.2983778649411,78.633361172895,1357.48458313872,-47.0080576402114,86.7953446021933,1367.17219128188
"BIGKAT _ C08 _ Right _ 2",-63.7171594526887,80.297732062974,1358.52964152015,-45.3991804310872,82.3203952814071,1365.97451027009
"BIGKAT _ C08 _ Right _ 2",-63.6039050892187,80.4458953528346,1358.15250830837,-46.3403797934849,84.5047465942048,1365.43351097615
"BIGKAT _ C08 _ Right _ 2",-62.9777714642118,79.0225202869074,1356.3038790212,-49.8166480451104,93.0801202988933,1365.55689368999
"BIGKAT _ C08 _ Right _ 2",-61.9341727883041,76.1977900388491,1353.14014997128,-55.5558110083007,106.956461792139,1366.25609809406
"BIGKAT _ C08 _ Right _ 2",-60.6316691075588,72.3564169510171,1349.01086718076,-62.9977908939416,124.353325041982,1367.35915865089
"BIGKAT _ C08 _ Right _ 2",-59.267848674945,68.0511020521138,1344.41930343235,-71.2916255423469,143.019929565967,1368.63788324219
"BIGKAT _ C08 _ Right _ 2",-58.0484985917779,63.9227104453661,1339.95611256265,-79.3602738663034,160.528749095173,1369.84537104055
"BIGKAT _ C08 _ Right _ 2",-57.1564030184909,60.5995751520211,1336.21268146216,-86.0506275864521,174.604987555681,1370.75644972768
"BIGKAT _ C08 _ Right _ 2",-56.7262197345521,58.596460152449,1333.68821218391,-90.3466981518159,183.438501400665,1371.2025854323
"BIGKAT _ C08 _ Right _ 2",-56.8295099181669,58.2347093853368,1332.70883007826,-91.5884489740141,185.927459443961,1371.09491781543
"BIGKAT _ C08 _ Right _ 2",-57.4703907842323,59.5985462617115,1333.37596611077,-89.6263168353233,181.820336249511,1370.43255323417
"BIGKAT _ C08 _ Right _ 2",-58.5896541158199,62.5326616816865,1335.55526145537,-84.8581202887842,171.741514752772,1369.29645817211
"BIGKAT _ C08 _ Right _ 2",-60.0746734987832,66.6776020667816,1338.90801510551,-78.1333258881589,157.098235334724,1367.83191868157
"BIGKAT _ C08 _ Right _ 2",-61.7733043330282,71.5333333522144,1342.95688377968,-70.5547907599609,139.877290714231,1366.22430145505
"BIGKAT _ C08 _ Right _ 2",-63.5108107062216,76.5371464492389,1347.16886622257,-63.2427314832082,122.357104967991,1364.67309008836
"BIGKAT _ C08 _ Right _ 2",-65.1088074182725,81.1402735824294,1351.03487526779,-57.1344034617931,106.783790320981,1363.36809470907
"BIGKAT _ C08 _ Right _ 2",-66.4045874291448,84.8699007226331,1354.12898069739,-52.8707408312204,95.0741462149179,1362.4704695627
"BIGKAT _ C08 _ Right _ 2",-67.2688660871263,87.3699461912334,1356.14091003411,-50.779200090148,88.5983528802924,1362.09994556441
"BIGKAT _ C08 _ Right _ 2",-67.6202428545987,88.4221086666033,1356.88727727618,-50.9224633964691,88.0613151831647,1362.32774355845
"BIGKAT _ C08 _ Right _ 2",-67.4350924386611,87.9538865733379,1356.31341852443,-53.1645060918716,93.4664665675642,1363.17242319772
"BIGKAT _ C08 _ Right _ 2",-66.7516626124386,86.0399939029149,1354.4954376794,-57.2139839249601,104.13379051483,1364.59548450563
"BIGKAT _ C08 _ Right _ 2",-65.6669841578524,82.8987185454583,1351.64351370379,-62.6316495198284,118.758828985766,1366.49617376765
"BIGKAT _ C08 _ Right _ 2",-64.3254091001017,78.8788943313494,1348.098569456,-68.8188510582791,135.52276192589,1368.70932025397
"BIGKAT _ C08 _ Right _ 2",-62.8989186849115,74.4307626364387,1344.3108608706,-75.0233399084693,152.271741208136,1371.012696702
"BIGKAT _ C08 _ Right _ 2",-61.5619061384165,70.0576749960991,1340.79337292092,-80.3965591734049,166.767971296382,1373.14857507088
"BIGKAT _ C08 _ Right _ 2",-60.4657236891477,66.2535655847926,1338.05256977418,-84.1130053192355,176.987070373096,1374.85868946939
"BIGKAT _ C08 _ Right _ 2",-59.7188773218548,63.4379564226971,1336.50845547808,-85.5288800997813,181.415286161831,1375.9264534296
"BIGKAT _ C08 _ Right _ 2",-59.3764999324272,61.9013198005403,1336.42075270092,-84.3320430355461,179.295932506149,1376.21755926198
"BIGKAT _ C08 _ Right _ 2",-59.4390592953959,61.7691782667346,1337.83762738711,-80.6312665681911,170.782204965772,1375.70977036915
"BIGKAT _ C08 _ Right _ 2",-59.8575969222507,62.9876839961108,1340.57924768119,-74.9512690955365,156.964270366616,1374.50412053223
"BIGKAT _ C08 _ Right _ 2",-60.5424391154453,65.3303253856068,1344.26173009764,-68.1323611038815,139.750695526795,1372.81312068759
"BIGKAT _ C08 _ Right _ 2",-61.3737147280897,68.4248817662055,1348.35833309531,-61.1666172402981,121.604455975868,1370.92677364795
"BIGKAT _ C08 _ Right _ 2",-62.2136764759179,71.7992364526125,1352.28573973283,-55.0224019883611,105.166127441772,1369.16282507764
"BIGKAT _ C08 _ Right _ 2",-62.9215546453927,74.9423846894776,1355.49708583183,-50.5059530313198,92.8326548800855,1367.81203641586
"BIGKAT _ C08 _ Right _ 2",-63.3710825432527,77.3735975026186,1357.56298666413,-48.1837868754289,86.3793000233337,1367.09078974412
"BIGKAT _ C08 _ Right _ 2",-63.4692147462172,78.7099754479423,1358.22734529604,-48.3576279762163,86.7002900076128,1367.11081968
"BIGKAT _ C08 _ Right _ 2",-63.1726273839686,78.7214909619524,1357.4328613545,-51.0637237204949,93.7069456964517,1367.87007788654
"BIGKAT _ C08 _ Right _ 2",-62.4973638940722,77.3633380957311,1355.31758542538,-56.0712725243251,106.383214445469,1369.26294487523
"BIGKAT _ C08 _ Right _ 2",-61.5175412902683,74.7785849984984,1352.18674690649,-62.8757454834797,122.973416798161,1371.10488902118
"BIGKAT _ C08 _ Right _ 2",-60.3518569943108,71.2702426475515,1348.46498511346,-70.7068350767079,141.263300351579,1373.16574688455
"BIGKAT _ C08 _ Right _ 2",-59.1409482545848,67.2497801154856,1344.63558097755,-78.580936616455,158.90481035896,1375.20541279007
"BIGKAT _ C08 _ Right _ 2",-58.0223058895229,63.1755257940882,1341.17573765655,-85.4162456725248,173.728644636548,1377.00581702526
"BIGKAT _ C08 _ Right _ 2",-57.1100950525272,59.4954048123391,1338.49820916944,-90.2008156632073,183.995834458657,1378.39451251571
"BIGKAT _ C08 _ Right _ 2",-56.4842641862601,56.602798814594,1336.90749637937,-92.1767955111694,188.563011022681,1379.25791924322
"BIGKAT _ C08 _ Right _ 2",-56.1885965693902,54.8054416449647,1336.57394347292,-90.9922122851108,186.964513955722,1379.54517889628
"BIGKAT _ C08 _ Right _ 2",-56.2338404994727,54.3014418842424,1337.52425244264,-86.778457857944,179.431062989456,1379.2655070948
"BIGKAT _ C08 _ Right _ 2",-56.6015430487375,55.1577349909824,1339.64493873661,-80.1312939968968,166.860957257939,1378.48235352497
"BIGKAT _ C08 _ Right _ 2",-57.2463215172193,57.2928607532033,1342.69647123581,-71.9986231634475,150.742867865979,1377.30661927334
"BIGKAT _ C08 _ Right _ 2",-58.097186283502,60.4721251916476,1346.33794481593,-63.5039358381908,133.016513329734,1375.88915820092
"BIGKAT _ C08 _ Right _ 2",-59.060294664377,64.3237037607904,1350.1621253762,-55.7531903318138,115.863161192779,1374.41085072731
"BIGKAT _ C08 _ Right _ 2",-60.0253922543536,68.3784573679763,1353.73812039659,-49.6756844757331,101.441194199683,1373.06786865432
"BIGKAT _ C08 _ Right _ 2",-60.8767753673757,72.1283551908785,1356.65661104575,-45.9313981544236,91.6059862448771,1372.05085429881
"BIGKAT _ C08 _ Right _ 2",-61.5079833547875,75.0934259530581,1358.57321287168,-44.8855485926187,87.6604023954681,1371.51907158112
"BIGKAT _ C08 _ Right _ 2",-61.8381179907897,76.8864992025658,1359.24795206415,-46.6232480598049,90.172067040909,1371.57320827269
"BIGKAT _ C08 _ Right _ 2",-61.8265737865935,77.2664302213812,1358.57935360004,-50.9691020189771,98.8805672443251,1372.23279916802
"BIGKAT _ C08 _ Right _ 2",-61.482180165579,76.1719686710064,1356.62869416072,-57.4916579796802,112.710609099438,1373.42545331607
"BIGKAT _ C08 _ Right _ 2",-60.86315523199,73.7304135997636,1353.62639222165,-65.5002681173196,129.899095985311,1374.99368764467
"BIGKAT _ C08 _ Right _ 2",-60.0666705054068,70.2392343012558,1349.95284051044,-74.0645064805387,148.225828086947,1376.72013642635
"BIGKAT _ C08 _ Right _ 2",-59.2106902598167,66.1248179899027,1346.09200514404,-82.0888314948568,165.312290035936,1378.36493607128
"BIGKAT _ C08 _ Right _ 2",-58.4139012509705,61.8877973649287,1342.56484705911,-88.4544947487682,178.935445842053,1379.70451477828
"BIGKAT _ C08 _ Right _ 2",-57.7797200257572,58.0455635540564,1339.8557871079,-92.2080468072261,187.305669600633,1380.56208397187
"BIGKAT _ C08 _ Right _ 2",-57.3872787791855,55.0785117525609,1338.3458529917,-92.7494090135027,189.277812964212,1380.82568103732
"BIGKAT _ C08 _ Right _ 2",-57.2881041221987,53.3804597886211,1338.26191207942,-89.9650478447758,184.486769465342,1380.4553129251
"BIGKAT _ C08 _ Right _ 2",-57.5047564196368,53.210847870153,1339.64630302072,-84.2644969366847,173.408088873609,1379.48319294949
"BIGKAT _ C08 _ Right _ 2",-58.0283194675529,54.6496771389582,1342.34832648639,-76.5051851649734,157.337326092933,1378.0100483199
"BIGKAT _ C08 _ Right _ 2",-58.8144787323895,57.5635195713634,1346.0386257475,-67.8234283043509,138.271194476989,1376.1978508306
"BIGKAT _ C08 _ Right _ 2",-59.7809510530935,61.5966022003315,1350.24713651612,-59.4190736317958,118.676849506696,1374.25702107204
"BIGKAT _ C08 _ Right _ 2",-60.8103603963847,66.199697378861,1354.42254736765,-52.3554726971539,101.161180993587,1372.42573527424
"BIGKAT _ C08 _ Right _ 2",-61.7615747904332,70.7004292899504,1358.00615261429,-47.4255724238336,88.0897689506898,1370.94134245352
"BIGKAT _ C08 _ Right _ 2",-62.4896727663703,74.4058925305219,1360.50862744921,-45.101538517728,81.2309674135138,1370.00779519061
"BIGKAT _ C08 _ Right _ 2",-62.8714722112723,76.7183466943423,1361.5777800735,-45.5471437467723,81.4956014329264,1369.76508319645
"BIGKAT _ C08 _ Right _ 2",-62.8311224235574,77.2408421156413,1361.04866017081,-48.6513438987628,88.812026226577,1370.2655165444
"BIGKAT _ C08 _ Right _ 2",-62.3592517777127,75.8516648763534,1358.97123966821,-54.048919123134,102.143359187945,1371.45991617434
"BIGKAT _ C08 _ Right _ 2",-61.5198959677902,72.7323980471049,1355.61242362735,-61.1228450318587,119.635182049063,1373.1968075057
"BIGKAT _ C08 _ Right _ 2",-60.4421218014216,68.3428404974938,1351.42923086257,-69.0142052306827,138.873441187883,1375.2378994528
"BIGKAT _ C08 _ Right _ 2",-59.2975766846374,63.3465766927286,1347.01194142339,-76.6788651468376,157.220823986187,1377.29022626592
"BIGKAT _ C08 _ Right _ 2",-58.2696262122336,58.5020704338654,1343.00158257372,-83.0153972221362,172.183857742587,1379.04974641029
"BIGKAT _ C08 _ Right _ 2",-57.5220415047925,54.5417545163998,1339.99334336951,-87.0525607412529,181.753628834485,1380.24717233077
"BIGKAT _ C08 _ Right _ 2",-57.1741099738598,52.0618204351002,1338.44267686611,-88.1480749492028,184.670060400644,1380.68744409696
"BIGKAT _ C08 _ Right _ 2",-57.2855786593601,51.4388297044625,1338.591704045,-86.1347636130244,180.579374213531,1380.27820959261
"BIGKAT _ C08 _ Right _ 2",-57.8514168220252,52.78108595046,1340.43018757828,-81.3630587233219,170.073341801725,1379.04641020856
"BIGKAT _ C08 _ Right _ 2",-58.804760972327,55.9176480452328,1343.69901102725,-74.623146824989,154.60862144481,1377.14367278735
"BIGKAT _ C08 _ Right _ 2",-60.02653321075,60.4256576338504,1347.93572092262,-66.9713398716901,136.309627822078,1374.84075202245
"BIGKAT _ C08 _ Right _ 2",-61.3607795758991,65.6935159204324,1352.55228486677,-59.517619479839,117.670691086722,1372.50931474912
"BIGKAT _ C08 _ Right _ 2",-62.6345696824026,71.0113159656591,1356.92739044951,-53.2404714250709,101.19707537928,1370.58706476146
"BIGKAT _ C08 _ Right _ 2",-63.6803212773683,75.6732838936038,1360.49330641678,-48.8752517708947,89.0485326750994,1369.5219848473
"BIGKAT _ C08 _ Right _ 2",-64.3576378030242,79.074437012386,1362.80273763291,-46.8830652839084,82.7538579930814,1369.69539686436
"BIGKAT _ C08 _ Right _ 2",-64.5719131618982,80.7872309873181,1363.57159746998,-47.4704001817383,83.0414881705524,1371.33122858051
"BIGKAT _ C08 _ Right _ 2",-64.2876724874685,80.6108390822334,1362.70244813554,-50.6152893942447,89.7935144610368,1374.40817552494
"BIGKAT _ C08 _ Right _ 2",-63.5349641605819,78.5911584022877,1360.29461444516,-56.06872116423,102.103573987447,1378.60002990586
"BIGKAT _ C08 _ Right _ 2",-62.4070746967698,75.0116296762684,1356.64092076539,-63.3305817137625,118.414302291223,1383.2738509141
"BIGKAT _ C08 _ Right _ 2",-61.0485264898239,70.3553608774888,1352.20436811717,-71.6301677872961,136.716485422101,1387.57006613331
"BIGKAT _ C08 _ Right _ 2",-59.6345393316464,65.2410282033438,1347.56811497665,-79.9550033367807,154.792681416089,1390.56786573282
"BIGKAT _ C08 _ Right _ 2",-58.345959779216,60.339763391438,1343.35987761335,-87.1587764324134,170.479229716378,1391.50555073757
"BIGKAT _ C08 _ Right _ 2",-57.3450162997492,56.2855101998261,1340.16170343313,-92.1446191044593,181.913120810776,1389.9930165597
"BIGKAT _ C08 _ Right _ 2",-56.7560656901208,53.5932438428758,1338.42180964757,-94.0821338375776,187.734496498246,1386.14310587324
"BIGKAT _ C08 _ Right _ 2",-56.6528119504204,52.5962629188057,1338.38513353523,-92.5952652993723,187.229641191194,1380.5710102854
"BIGKAT _ C08 _ Right _ 2",-57.0513626730854,53.4080596109245,1340.05534913176,-87.8617251909713,180.411877250965,1374.25611437813
"BIGKAT _ C08 _ Right _ 2",-57.9081544690247,55.9103882095568,1343.19544991642,-80.5896835402178,168.039586894647,1368.30756259598
"BIGKAT _ C08 _ Right _ 2",-59.1228706841757,59.7684841219618,1347.36731394121,-71.8752580643659,151.563189823775,1363.7075335944
"BIGKAT _ C08 _ Right _ 2",-60.5475966112117,64.4740782571654,1352.00308946576,-62.9834226243562,132.987674303417,1361.11481246285
"BIGKAT _ C08 _ Right _ 2",-62.0032449487255,69.4134458471576,1356.49378791776,-55.1196522684492,114.64589129023,1360.7874206927
"BIGKAT _ C08 _ Right _ 2",-63.3024479188774,73.9515361225317,1360.27604327431,-49.2559526804536,98.9015326518087,1362.62957194388
"BIGKAT _ C08 _ Right _ 2",-64.2757545010251,77.5183520232544,1362.90002133963,-46.0425949877101,87.8270455775337,1366.31033616628
"BIGKAT _ C08 _ Right _ 2",-64.7966207187033,79.6837026407968,1364.07027713807,-45.7940079539731,82.9132595684064,1371.37533338825
"BIGKAT _ C08 _ Right _ 2",-64.8008839068173,80.2105984622667,1363.66223947321,-48.5092798294743,84.857525902762,1377.2957631298
"BIGKAT _ C08 _ Right _ 2",-64.29749073242,79.0823502542166,1361.72316958197,-53.8892335586721,93.4564427474739,1383.45382108914
"BIGKAT _ C08 _ Right _ 2",-63.3683799504935,76.5012832967216,1358.46463783893,-61.3383909051173,107.613826986431,1389.1140297894
"BIGKAT _ C08 _ Right _ 2",-62.1566084302982,72.8583620682359,1354.24664579993,-69.9729008251689,125.467910256343,1393.44739379365
"BIGKAT _ C08 _ Right _ 2",-60.8437201135533,68.6755376042224,1349.54793557678,-78.6736868508814,144.632693742596,1395.65001299377
"BIGKAT _ C08 _ Right _ 2",-59.6201862532199,64.5281539483521,1344.91767052877,-86.2144058288884,162.527558744301,1395.14087271058
"BIGKAT _ C08 _ Right _ 2",-58.6552602061248,60.9615054363088,1340.91015830352,-91.4589159666689,176.743028326938,1391.76563468711
"BIGKAT _ C08 _ Right _ 2",-58.072869162186,58.4185604235392,1338.01175476371,-93.5823596002452,185.376946123959,1385.91172820879
"BIGKAT _ C08 _ Right _ 2",-57.9376672939856,57.1914493685086,1336.57283628329,-92.2482948028361,187.285651515955,1378.47123118954
"BIGKAT _ C08 _ Right _ 2",-58.2517148471411,57.3998839246099,1336.75679687838,-87.683779441959,182.221813954561,1370.65230277136
"BIGKAT _ C08 _ Right _ 2",-58.9595817343787,58.9915702030039,1338.51448008979,-80.6280467387923,170.855636626654,1363.70038874035
"BIGKAT _ C08 _ Right _ 2",-59.9588911385173,61.7573784485163,1341.58847330722,-72.1713293435916,154.686712386491,1358.6218694945
"BIGKAT _ C08 _ Right _ 2",-61.1139244810263,65.356793982157,1345.54775615978,-63.5334209377333,135.854313446839,1355.99865216505
"BIGKAT _ C08 _ Right _ 2",-62.2709474411605,69.3528259856431,1349.8485730474,-55.8471426411653,116.858778659944,1355.94525972049
"BIGKAT _ C08 _ Right _ 2",-63.2746859396023,73.2566573539932,1353.91212928256,-50.0038820544164,100.223798644213,1358.20106412809
"BIGKAT _ C08 _ Right _ 2",-63.9856034101479,76.5807166537875,1357.20566305002,-46.5873578488494,88.1503155818381,1362.29395052673
"BIGKAT _ C08 _ Right _ 2",-64.29727056217,78.8965367336767,1359.31297543173,-45.8812389254786,82.2202195885012,1367.68864002713
"BIGKAT _ C08 _ Right _ 2",-64.1522632703037,79.8920282086541,1359.98427669712,-47.9081829704821,83.1940261322333,1373.85702838851
"BIGKAT _ C08 _ Right _ 2",-63.5540107651757,79.4212905691062,1359.16144831227,-52.4572779348349,90.9216009508168,1380.26302048828
"BIGKAT _ C08 _ Right _ 2",-62.5714332860551,77.5383365634726,1356.98023325276,-59.0816896245573,104.366541383632,1386.30752883057
"BIGKAT _ C08 _ Right _ 2",-61.3336017810421,74.5049863370033,1353.7527799603,-67.082677615915,121.739119760486,1391.30346975059
"BIGKAT _ C08 _ Right _ 2",-60.0133333321612,70.7648299864091,1349.93257953064,-75.5201210657613,140.729268976621,1394.53479113329
"BIGKAT _ C08 _ Right _ 2",-58.8015113194532,66.8814364993414,1346.0622243742,-83.2886407967436,158.817628658221,1395.40446564866
"BIGKAT _ C08 _ Right _ 2",-57.877022619278,63.4491591803615,1342.7055611039,-89.2709591693405,173.621341477478,1393.61920994182
"BIGKAT _ C08 _ Right _ 2",-57.3787900670633,60.9945796100143,1340.36987721911,-92.5409088296149,183.217617505143,1389.32809563742
"BIGKAT _ C08 _ Right _ 2",-57.385358215965,59.8904486262856,1339.42853039067,-92.5593102949297,186.394140231344,1383.14753117581
"BIGKAT _ C08 _ Right _ 2",-57.9046987016194,60.29989961459,1340.05755363027,-89.3010307250076,182.796829825763,1376.05364843921
"BIGKAT _ C08 _ Right _ 2",-58.8743020874528,62.1595429176184,1342.1999414217,-83.2710285974242,172.966742363229,1369.17470418223
"BIGKAT _ C08 _ Right _ 2",-60.1703715778266,65.2005289583354,1345.5679383714,-75.4021609270713,158.268406420932,1363.54971165236
"BIGKAT _ C08 _ Right _ 2",-61.6246465631938,68.9997137562803,1349.68661269671,-66.8659361562676,140.71499720297,1359.92902545565
"BIGKAT _ C08 _ Right _ 2",-63.0470481607022,73.0490615902678,1353.97232488602,-58.8551807769467,122.702502612084,1358.67563674314
"BIGKAT _ C08 _ Right _ 2",-64.251506069703,76.8300245729533,1357.83016226003,-52.4016051158629,106.681548251691,1359.78358514056
"BIGKAT _ C08 _ Right _ 2",-65.0814467132155,79.880932097397,1360.74896015538,-48.2678290425784,94.8156610357521,1362.97810497678
"BIGKAT _ C08 _ Right _ 2",-65.4311824467479,81.8491202102538,1362.3740448029,-46.9145854151813,88.6843591970262,1367.83024377985
"BIGKAT _ C08 _ Right _ 2",-65.2599576449091,82.5240032499222,1362.54564171778,-48.5116247104737,89.0796104017548,1373.82731263072
"BIGKAT _ C08 _ Right _ 2",-64.596304234754,81.8504211864751,1361.30099919292,-52.9526227530144,95.9206458592748,1380.38254750407
"BIGKAT _ C08 _ Right _ 2",-63.5314838727728,79.9227034158649,1358.84639985072,-59.8519538192568,108.289530345774,1386.81463639943
"BIGKAT _ C08 _ Right _ 2",-62.2024518207908,76.9603805700107,1355.50947446048,-68.5316992002993,124.576178210769,1392.3526673863
"BIGKAT _ C08 _ Right _ 2",-60.7671592119078,73.268457253687,1351.6831056141,-78.0316109976604,142.711441311341,1396.21108683697
"BIGKAT _ C08 _ Right _ 2",-59.3775305425519,69.1892350247085,1347.77108172912,-87.1776304339724,160.453037253,1397.73726899363
"BIGKAT _ C08 _ Right _ 2",-58.1567509685659,65.0567599404093,1344.14350877609,-94.7234056171117,175.675300921118,1396.58517771968
"BIGKAT _ C08 _ Right _ 2",-57.1862825544251,61.1653674893323,1341.10699575389,-99.5465238053434,186.613175572181,1392.84400944608
"BIGKAT _ C08 _ Right _ 2",-56.5043330829504,57.7582055185814,1338.89063321557,-100.85513983552,192.030287704821,1387.06559724248
"BIGKAT _ C08 _ Right _ 2",-56.1131700959405,55.0317869066819,1337.64429542262,-98.3519965424521,191.31047716544,1380.17445560315
"BIGKAT _ C08 _ Right _ 2",-55.9901140579461,53.1440789580082,1337.44241971377,-92.310781757872,184.492507868472,1373.28343883296
"BIGKAT _ C08 _ Right _ 2",-56.097281817566,52.2120566274055,1338.28592912257,-83.539493120821,172.266778750427,1367.46285072464
"BIGKAT _ C08 _ Right _ 2",-56.3873408592421,52.2917476226884,1340.09812333772,-73.2335495052562,155.934905501168,1363.523116494
"BIGKAT _ C08 _ Right _ 2",-56.8051549328851,53.3459281598937,1342.71620819816,-62.7529520635637,137.31425791884,1361.87167429653
"BIGKAT _ C08 _ Right _ 2",-57.2872070608058,55.2149077049278,1345.8858542148,-53.3823443798128,118.566627667174,1362.48689107958
"BIGKAT _ C08 _ Right _ 2",-57.7616910949866,57.60837644674,1349.2683966959,-46.136934367309,101.949328469269,1365.01135776451
"BIGKAT _ C08 _ Right _ 2",-58.1521085453544,60.1299028103254,1352.46761159941,-41.6547845599956,89.5181878864759,1368.91611122665
"BIGKAT _ C08 _ Right _ 2",-58.3860900932551,62.3343807316974,1355.07708508058,-40.1771819303848,82.8343230009854,1373.65542291123
"BIGKAT _ C08 _ Right _ 2",-58.4090817531301,63.8082497677331,1356.74289909285,-41.5863517781048,82.7261462757519,1378.74411814674
"BIGKAT _ C08 _ Right _ 2",-58.19996400438,64.2557294494929,1357.23118932247,-45.4617796336499,89.1412683630341,1383.74202559364
"BIGKAT _ C08 _ Right _ 2",-57.7835451513329,63.5714044557841,1356.48615174788,-51.132977005751,101.108661920305,1388.18988427339
"BIGKAT _ C08 _ Right _ 2",-57.2343595071151,61.8798002733312,1354.6620696469,-57.7326075620121,116.82721686509,1391.57097051771
"BIGKAT _ C08 _ Right _ 2",-56.6681672826353,59.5274953915348,1352.11540309588,-64.271210958847,133.890479688206,1393.35555064135
"BIGKAT _ C08 _ Right _ 2",-56.2216739369706,57.0241563847325,1349.3516307328,-69.751840528862,149.634289133965,1393.1306803527
"BIGKAT _ C08 _ Right _ 2",-56.0253176034847,54.9434302852928,1346.93413894651,-73.3208272627119,161.557818394654,1390.75870521471
"BIGKAT _ C08 _ Right _ 2",-56.1761300243324,53.8068812194038,1345.37377752982,-74.4234006083509,167.739938326974,1386.48253698144
"BIGKAT _ C08 _ Right _ 2",-56.7169003359266,53.9784710788986,1345.02362088184,-72.918011929575,167.169076706201,1380.92010069909
"BIGKAT _ C08 _ Right _ 2",-57.6254541563486,55.5924133144156,1346.00294802292,-69.1106066420854,159.924755056964,1374.94477102458
"BIGKAT _ C08 _ Right _ 2",-58.8154460411392,58.5271203493188,1348.16805352154,-63.6959816595232,147.179282308392,1369.49810870813
"BIGKAT _ C08 _ Right _ 2",-60.1482334809224,62.4270060091175,1351.13650916449,-57.6250045993633,131.018235143375,1365.40259627669
"BIGKAT _ C08 _ Right _ 2",-61.4539424172405,66.7648382156098,1354.35872514265,-51.9391574737416,114.106783126202,1363.23100556464
"BIGKAT _ C08 _ Right _ 2",-62.5585379661511,70.931140935214,1357.22009283549,-47.6167086627546,99.2562905168192,1363.25383503239
"BIGKAT _ C08 _ Right _ 2",-63.3126785375291,74.3343320680759,1359.15174447944,-45.4568623561641,88.9669775671197,1365.44584397604
"BIGKAT _ C08 _ Right _ 2",-63.6176387847389,76.4958545103168,1359.7287694307,-46.0015017313516,85.0281255295398,1369.51174554915
"BIGKAT _ C08 _ Right _ 2",-63.4437703376389,77.1271464501954,1358.73989706896,-49.4769422358128,88.2424908846507,1374.90301010545
"BIGKAT _ C08 _ Right _ 2",-62.8377828414552,76.177983183469,1356.21945445938,-55.7418214872077,98.3131909233607,1380.83169871053
"BIGKAT _ C08 _ Right _ 2",-61.9167159054402,73.8481509086892,1352.43904577175,-64.2482968242183,113.90243360944,1386.31700205418
"BIGKAT _ C08 _ Right _ 2",-60.8490465201435,70.5582342407035,1347.86259057157,-74.046358778547,132.848321094603,1390.30303176895
"BIGKAT _ C08 _ Right _ 2",-59.8264958624496,66.8820476667692,1343.07387984324,-83.8670572204014,152.504744279402,1391.85547210069
"BIGKAT _ C08 _ Right _ 2",-59.0325057779549,63.4519612897931,1338.68951410364,-92.3005039076663,170.147565258028,1390.39409208819
"BIGKAT _ C08 _ Right _ 2",-58.6137892304773,60.8554404657569,1335.27078417024,-98.0461271529943,183.375924851799,1385.87985143088
"BIGKAT _ C08 _ Right _ 2",-58.6596156692857,59.5427772303874,1333.24600240023,-100.176483945361,190.44230337877,1378.87813622945
"BIGKAT _ C08 _ Right _ 2",-59.1907452516536,59.7615743657296,1332.85191377584,-98.3412641064695,190.469218633056,1370.4634926176
"BIGKAT _ C08 _ Right _ 2",-60.1578223082107,61.5260817569211,1334.10091068893,-92.8508717698526,183.539778317691,1361.98883934346
"BIGKAT _ C08 _ Right _ 2",-61.4483133687356,64.6227669381612,1336.77948981861,-84.6129095548349,170.667838475905,1354.7864750018
"BIGKAT _ C08 _ Right _ 2",-62.9011522093842,68.6488297355057,1340.48062872002,-74.9387875714585,153.658154988667,1349.88859005753
"BIGKAT _ C08 _ Right _ 2",-64.3280593356866,73.0765393354533,1344.66709296274,-65.2775375483934,134.867667121477,1347.84834082947
"BIGKAT _ C08 _ Right _ 2",-65.5394541448569,77.3323039774794,1348.7551189916,-56.9536598214461,116.887487834266,1348.70610025571
"BIGKAT _ C08 _ Right _ 2",-66.3713854225975,80.8765514775351,1352.20188438018,-50.9747738152795,102.182956721772,1352.087607219
"BIGKAT _ C08 _ Right _ 2",-66.7090988989634,83.2712592700363,1354.5794800559,-47.9378791599714,92.7457953461584,1357.36894039065
"BIGKAT _ C08 _ Right _ 2",-66.5034564095373,84.2269536833091,1355.623606162,-48.0208538101822,89.8146703069576,1363.82838748887
"BIGKAT _ C08 _ Right _ 2",-65.7778799399452,83.6275258318331,1355.25363734055,-51.0213644841608,93.705444695283,1370.73478245002
"BIGKAT _ C08 _ Right _ 2",-64.6247747257215,81.535363838296,1353.56739830866,-56.4084003981479,103.770672021285,1377.37344376026
"BIGKAT _ C08 _ Right _ 2",-63.1913654086736,78.1794570190597,1350.81671005568,-63.3745109090237,118.491114886219,1383.05180217707
"BIGKAT _ C08 _ Right _ 2",-61.6563721951563,73.9272833805363,1347.36956231988,-70.9017074570018,135.690137014925,1387.13521717394
"BIGKAT _ C08 _ Right _ 2",-60.2013014385134,69.2409630820588,1343.66393317031,-77.8637714683647,152.846434553152,1389.13649565225
"BIGKAT _ C08 _ Right _ 2",-58.9822627938759,64.6210243327935,1340.15793709002,-83.1752836060325,167.460064829887,1388.83698464515
"BIGKAT _ C08 _ Right _ 2",-58.10846677911,60.5454145795942,1337.28066457815,-85.9702822314007,177.411621392623,1386.38226984266
"BIGKAT _ C08 _ Right _ 2",-57.6312968458188,57.413480463188,1335.38719017796,-85.7681157025556,181.256327336111,1382.29512183479
"BIGKAT _ C08 _ Right _ 2",-57.5442944946407,55.5025717386231,1334.72019811218,-82.5760175512243,178.413180794586,1377.38205429357
"BIGKAT _ C08 _ Right _ 2",-57.7915292094559,54.9404024731305,1335.38042565224,-76.8917286181662,169.231940372153,1372.55582632182
"BIGKAT _ C08 _ Right _ 2",-58.2808130201273,55.6929747274465,1337.30900731449,-69.5993035813275,154.936719785713,1368.63101760919
"BIGKAT _ C08 _ Right _ 2",-58.8987741627882,57.5676125950999,1340.28601941395,-61.7858928709216,137.454106457377,1366.16128509147
"BIGKAT _ C08 _ Right _ 2",-59.5258138640308,60.2319240987287,1343.94924145109,-54.533279513837,119.143913523725,1365.37128459256
"BIGKAT _ C08 _ Right _ 2",-60.0496452286674,63.249430022854,1347.83397640038,-48.742680476226,102.467039612332,1366.19593250281
"BIGKAT _ C08 _ Right _ 2",-60.3765331812167,66.1302501749069,1351.42979598322,-45.0306810117139,89.6416868153405,1368.39002971966
"BIGKAT _ C08 _ Right _ 2",-60.4399097705405,68.3923466610503,1354.24648465592,-43.6990109455586,82.3431228813585,1371.64017108965
"BIGKAT _ C08 _ Right _ 2",-60.2066083242723,69.6272201220648,1355.88114175246,-44.7520114597734,81.4869037319527,1375.61982648589
"BIGKAT _ C08 _ Right _ 2",-59.6809635716517,69.5631560055254,1356.07966330304,-47.9286546835732,87.1118072086539,1379.9725311817
"BIGKAT _ C08 _ Right _ 2",-58.9062279371174,68.117331544062,1354.78547782938,-52.7307167354782,98.3650648156138,1384.25888834471
"BIGKAT _ C08 _ Right _ 2",-57.9617829680676,65.425414853388,1352.16594973333,-58.4524459821549,113.593895394974,1387.93038704821
"BIGKAT _ C08 _ Right _ 2",-56.9546115586064,61.8368827550465,1348.60567338224,-64.2341460557835,130.549484600527,1390.38166777425
"BIGKAT _ C08 _ Right _ 2",-56.0050637787753,57.8696596032415,1344.65995725191,-69.1612618739922,146.695525840747,1391.08747446919
"BIGKAT _ C08 _ Right _ 2",-55.2293533969839,54.1285854709515,1340.9713865694,-72.4100110145331,159.583727880733,1389.77503328108
"BIGKAT _ C08 _ Right _ 2",-54.7227278246264,51.2036582744962,1338.16320108032,-73.41066615298,167.231639607863,1386.55084053846
"BIGKAT _ C08 _ Right _ 2",-54.5467453292268,49.5699332368417,1336.73029318462,-71.9782823462935,168.431744896457,1381.91475336752
"BIGKAT _ C08 _ Right _ 2",-54.7221838769462,49.5091563451987,1336.94982174397,-68.3621352719928,162.937017129234,1376.64597500302
"BIGKAT _ C08 _ Right _ 2",-55.2273633738356,51.0661678728001,1338.82944902576,-63.1905125778923,151.495198444702,1371.603928959
"BIGKAT _ C08 _ Right _ 2",-56.0010309254563,54.0449537563984,1342.10349351823,-57.3253456018194,135.730163349085,1367.52177562344
"BIGKAT _ C08 _ Right _ 2",-56.9492367595775,58.0423337263403,1346.27750342316,-51.674249287271,117.890768792333,1364.86764945503
"BIGKAT _ C08 _ Right _ 2",-57.9560385027028,62.5118517798072,1350.71203166638,-47.0201891320967,100.507858741092,1363.8119848996
"BIGKAT _ C08 _ Right _ 2",-58.8977273316757,66.8462790944504,1354.72885182271,-43.9145644910841,86.0172474396833,1364.28668555304
"BIGKAT _ C08 _ Right _ 2",-59.659449474386,70.4650615475068,1357.71917776629,-42.6458779657208,76.4125309464911,1366.0815940281
"BIGKAT _ C08 _ Right _ 2",-60.152122495877,72.8941538897234,1359.23479333275,-43.2626467416086,72.9794170979902,1368.91821131564
"BIGKAT _ C08 _ Right _ 2",-60.3269891925706,73.8295029161287,1359.04896883155,-45.6138292365241,76.1376411785079,1372.46926746741
"BIGKAT _ C08 _ Right _ 2",-60.1850542907784,73.1793977323149,1357.18177378181,-49.378013468163,85.393697987717,1376.33415580814
"BIGKAT _ C08 _ Right _ 2",-59.7788309674365,71.0823227358849,1353.89027497688,-54.0757317846549,99.4005199935544,1380.01108919152
"BIGKAT _ C08 _ Right _ 2",-59.2045670848692,67.8957946504764,1349.62707476638,-59.0831624228919,116.124655027687,1382.913941038
"BIGKAT _ C08 _ Right _ 2",-58.5850262815297,64.1512364879279,1344.9727407823,-63.6764896663754,133.120010764911,1384.46126771282
"BIGKAT _ C08 _ Right _ 2",-58.0458420666479,60.4743032580483,1340.55080744376,-67.1263278161131,147.887454247694,1384.2230048299
"BIGKAT _ C08 _ Right _ 2",-57.6910205789521,57.4799486612599,1336.93732403397,-68.8337730563503,158.267664030725,1382.0676036233
"BIGKAT _ C08 _ Right _ 2",-57.5836558012021,55.6625246788623,1334.57821824272,-68.4693006291851,162.79096585292,1378.23821287406
"BIGKAT _ C08 _ Right _ 2",-57.7360383867899,55.3066829778064,1333.72650897586,-66.0627618376717,160.909666332451,1373.31563777013
"BIGKAT _ C08 _ Right _ 2",-58.1103482792883,56.4408343876942,1334.40872749423,-62.0071751944715,153.06654384208,1368.08136336736
"BIGKAT _ C08 _ Right _ 2",-58.6284859635416,58.8427455297177,1336.426191766,-56.9734160135397,140.594300222317,1363.3394655218
"BIGKAT _ C08 _ Right _ 2",-59.1879441538043,62.0918496723071,1339.39124960794,-51.7680590253618,125.478888992731,1359.76514605061
"BIGKAT _ C08 _ Right _ 2",-59.6799513044392,65.6512272359989,1342.79152030044,-47.1840300076779,110.043561497289,1357.82019763068
"BIGKAT _ C08 _ Right _ 2",-60.0064072332353,68.9582150286699,1346.06934705307,-43.8859413270815,96.6143795894374,1357.73379668981
"BIGKAT _ C08 _ Right _ 2",-60.093324379738,71.5065920636414,1348.70246986754,-42.3461675568539,87.2129762612482,1359.5171944641
"BIGKAT _ C08 _ Right _ 2",-59.9000394451615,72.911378024923,1350.27537914044,-42.820560781979,83.3001680975193,1362.97782148031
"BIGKAT _ C08 _ Right _ 2",-59.4244139689026,72.9538397289736,1350.53516159796,-45.3395406848014,85.5814457114296,1367.71840982899
"BIGKAT _ C08 _ Right _ 2",-58.704086985608,71.6061570225503,1349.42742007076,-49.69644740145,93.8896706745941,1373.13476527001
"BIGKAT _ C08 _ Right _ 2",-57.8131081357569,69.0337029358023,1347.10736758125,-55.4348163457765,107.171457274056,1378.44544966652
"BIGKAT _ C08 _ Right _ 2",-56.8531197253147,65.5720797309853,1343.92165026474,-61.8568183010778,123.603255165403,1382.78551170812
"BIGKAT _ C08 _ Right _ 2",-55.9393861066864,61.6789476820315,1340.36024652615,-68.0821948296907,140.840840525699,1385.36976002497
"BIGKAT _ C08 _ Right _ 2",-55.1838773833674,57.866801226131,1336.98416916092,-73.1725941246558,156.3691673199,1385.68858394143
"BIGKAT _ C08 _ Right _ 2",-54.6788818454789,54.6285914015162,1334.34055300954,-76.3056431799266,167.888220318052,1383.66622777131
"BIGKAT _ C08 _ Right _ 2",-54.484259474336,52.3697174673795,1332.87940556383,-76.9534344993133,173.661705172654,1379.71254901799
"BIGKAT _ C08 _ Right _ 2",-54.619906029181,51.3566672071688,1332.88553980386,-75.0083979065225,172.770547514129,1374.6371888487
"BIGKAT _ C08 _ Right _ 2",-55.0636142841522,51.6871893091589,1334.43628623586,-70.8119293290096,165.239100412025,1369.44804041298
"BIGKAT _ C08 _ Right _ 2",-55.7540776158905,53.2827744160649,1337.39149639989,-65.072171027878,152.02424770662,1365.09808244537
"BIGKAT _ C08 _ Right _ 2",-56.5988804603343,55.9024890821245,1341.41722219576,-58.6953168837121,134.872378835506,1362.26210933522
"BIGKAT _ C08 _ Right _ 2",-57.4870812868787,59.1762492009379,1346.03839467543,-52.5855659955282,116.062684772995,1361.21351343228
"BIGKAT _ C08 _ Right _ 2",-58.3050226372838,62.6535426369665,1350.70991265377,-47.4783608148913,98.0733737676276,1361.83247681971
"BIGKAT _ C08 _ Right _ 2",-58.9527286030678,65.8606533353381,1354.89193128662,-43.8530758153452,83.2266738442713,1363.72388943037
"BIGKAT _ C08 _ Right _ 2",-59.357625641858,68.3579175458635,1358.11593322046,-41.9331703623152,73.3761652806827,1366.38281591735
"BIGKAT _ C08 _ Right _ 2",-59.4830237548498,69.7902046023538,1360.03355694903,-41.7446816328278,69.6858972623522,1369.33963391655
"BIGKAT _ C08 _ Right _ 2",-59.3304388756208,69.9274099700558,1360.44731065763,-43.1866301016971,72.5202357563007,1372.24339993651
"BIGKAT _ C08 _ Right _ 2",-58.9362868059546,68.6939298304167,1359.3268628337,-46.0744550784567,81.4356811017056,1374.87827923139
"BIGKAT _ C08 _ Right _ 2",-58.3641049183882,66.1849565865499,1356.81406263909,-50.1419730929632,95.2562130999972,1377.1344004776
"BIGKAT _ C08 _ Right _ 2",-57.6936808911149,62.6646849804799,1353.2156743976,-55.0153052797012,112.219005040418,1378.96422596349
"BIGKAT _ C08 _ Right _ 2",-57.0089251134043,58.5409267749824,1348.97933667495,-60.1911542018014,130.182153030248,1380.34927719505
"BIGKAT _ C08 _ Right _ 2",-56.3868901429791,54.3146735560395,1344.64902203354,-65.0534532354562,146.880223436654,1381.28596323242
"BIGKAT _ C08 _ Right _ 2",-55.8902020182117,50.510669783762,1340.80113162306,-68.9459824679205,160.200671302137,1381.78437146152
"BIGKAT _ C08 _ Right _ 2",-55.5638237264052,47.6018414556512,1337.96828987929,-71.2913491287507,168.445254461635,1381.86911427021
"BIGKAT _ C08 _ Right _ 2",-55.4350999742604,45.9424568050142,1336.56224184481,-71.7211972453343,170.541881825023,1381.57617388048
"BIGKAT _ C08 _ Right _ 2",-55.5147072753177,45.7215800081986,1336.80917431449,-70.1711162667018,166.181626781231,1380.94699042776
"BIGKAT _ C08 _ Right _ 2",-55.7963546694398,46.9424975425315,1338.71021206014,-66.9028931223618,155.865698961818,1380.02504494274
"BIGKAT _ C08 _ Right _ 2",-56.2547059055525,49.4284892224745,1342.03645356517,-62.4429912294178,140.853422753067,1378.85971506025
"BIGKAT _ C08 _ Right _ 2",-56.8429694055388,52.8516093782386,1346.36156904322,-57.4580301516067,123.008165154848,1377.51845483408
"BIGKAT _ C08 _ Right _ 2",-57.4926963523469,56.7784053694496,1351.12673772912,-52.6118561723595,104.552147524681,1376.10297242716
"BIGKAT _ C08 _ Right _ 2",-58.1179746162379,60.7245319110856,1355.72511640945,-48.453484060609,87.7653560861013,1374.76030132265
"BIGKAT _ C08 _ Right _ 2",-58.6247944969522,64.2100707824444,1359.58921120474,-45.3674258359556,74.6856657034551,1373.67877811095
"BIGKAT _ C08 _ Right _ 2",-58.9247235186505,66.8098735699624,1362.26612834352,-43.5861989453496,66.8671728729249,1373.06405437619
"BIGKAT _ C08 _ Right _ 2",-58.9506984347771,68.1972189684405,1363.47138531413,-43.2361196171842,65.2263569326837,1373.09910873926
"BIGKAT _ C08 _ Right _ 2",-58.6717992623771,68.1815386055087,1363.11813981068,-44.3762317344275,69.9701721010284,1373.89928341824
"BIGKAT _ C08 _ Right _ 2",-58.1034045210973,66.739566850603,1361.32224579706,-46.9997555274185,80.5831175877974,1375.47524655156
"BIGKAT _ C08 _ Right _ 2",-57.3095576163148,64.0346599964466,1358.38434341037,-50.9913256211571,95.8607387049924,1377.71455302066
"BIGKAT _ C08 _ Right _ 2",-56.3960529772703,60.4149297085568,1354.75055400906,-56.0610122058239,113.999870355568,1380.38837319754
"BIGKAT _ C08 _ Right _ 2",-55.4953389028603,56.3814860642408,1350.95523807366,-61.696298420172,132.767196456678,1383.18421395983
"BIGKAT _ C08 _ Right _ 2",-54.7467147027271,52.5248714120081,1347.55225582096,-67.1753428060467,149.754529726883,1385.75791889618
"BIGKAT _ C08 _ Right _ 2",-54.2762070836665,49.4377621090714,1345.04329458969,-71.6642078055119,162.699068429163,1387.79168826794
"BIGKAT _ C08 _ Right _ 2",-54.1794919542174,47.6200435652716,1343.81205105499,-74.384140866336,169.819070760941,1389.04399684441
"BIGKAT _ C08 _ Right _ 2",-54.5091740452502,47.3949698808844,1344.07220184702,-74.8001196557037,170.104231944658,1389.38315391707
"BIGKAT _ C08 _ Right _ 2",-55.2662879053365,48.8526001051392,1345.83627032451,-72.7669812273899,163.506055396423,1388.80380859845
"BIGKAT _ C08 _ Right _ 2",-56.3960387386843,51.8313577960751,1348.91129829721,-68.5822213363501,150.988841521999,1387.42899770603
"BIGKAT _ C08 _ Right _ 2",-57.7890774288393,55.9418210808938,1352.92422210917,-62.9288689550297,134.421290776972,1385.49854329103
"BIGKAT _ C08 _ Right _ 2",-59.2905022255835,60.6289630459382,1357.37458314073,-56.73199367326,116.313225478154,1383.34167942902
"BIGKAT _ C08 _ Right _ 2",-60.7179817225635,65.2610201649916,1361.70614903506,-50.9799293042587,99.4330170286612,1381.33205998833
"BIGKAT _ C08 _ Right _ 2",-61.8877926107285,69.2275823031382,1365.38467416294,-46.5634954211922,86.372454615259,1379.82830070424
"BIGKAT _ C08 _ Right _ 2",-62.6444881330832,72.028935886587,1367.96847545918,-44.164476045159,79.1421608802161,1379.11049422479
"BIGKAT _ C08 _ Right _ 2",-62.8881393269711,73.343200427367,1369.16215523091,-44.1938668292143,78.8708768831152,1379.32767796566
"BIGKAT _ C08 _ Right _ 2",-62.5933601856548,73.0643874290392,1368.84949957078,-46.7605345982749,85.6515417963857,1380.46972051852
"BIGKAT _ C08 _ Right _ 2",-61.8159768353393,71.3095895393795,1367.10558300369,-51.6522448024743,98.5448710698681,1382.37068159878
"BIGKAT _ C08 _ Right _ 2",-60.685321734054,68.3959848292186,1364.18835564099,-58.3289919689116,115.729725978056,1384.74260025356
"BIGKAT _ C08 _ Right _ 2",-59.382630115976,64.7901108231017,1360.50840856095,-65.9484814496571,134.775405712946,1387.2308929345
"BIGKAT _ C08 _ Right _ 2",-58.1091499376273,61.0353564170335,1356.57634267075,-73.449720857338,152.995801525104,1389.47676759004
"BIGKAT _ C08 _ Right _ 2",-57.0507009882754,57.6688914760818,1352.9320439038,-79.7054360290412,167.830926060039,1391.17120392765
"BIGKAT _ C08 _ Right _ 2",-56.3468350690981,55.1433114465039,1350.06655504508,-83.7235430727866,177.197745934093,1392.09078291089
"BIGKAT _ C08 _ Right _ 2",-56.0712570731026,53.7676165808691,1348.35075765264,-84.8489876368468,179.764177328265,1392.11488248097
"BIGKAT _ C08 _ Right _ 2",-56.2264298527525,53.6762880462131,1347.98377052561,-82.9063809326006,175.119824297798,1391.2303155842
"BIGKAT _ C08 _ Right _ 2",-56.7512570218241,54.8273481655517,1348.96913822697,-78.2372413633457,163.831930877853,1389.52974037961
"BIGKAT _ C08 _ Right _ 2",-57.5380134990417,57.024241139759,1351.12099792118,-71.6180675501289,147.380377168457,1387.20566838476
"BIGKAT _ C08 _ Right _ 2",-58.4536945287355,59.9535922600522,1354.09723929886,-64.0847366603789,127.9690719487,1384.53677405655
"BIGKAT _ C08 _ Right _ 2",-59.3612642576779,63.2305139337635,1357.4527883812,-56.7195912261143,108.224785299171,1381.86101959177
"BIGKAT _ C08 _ Right _ 2",-60.1373370704194,66.4440336648657,1360.70350550891,-50.4659473268527,90.8212696494993,1379.53295132428
"BIGKAT _ C08 _ Right _ 2",-60.684331944569,69.1973455520977,1363.39019411273,-46.015284731266,78.0935468689395,1377.86996647646
"BIGKAT _ C08 _ Right _ 2",-60.9369574224597,71.1410744108892,1365.13378201192,-43.7747932508661,71.7141380657551,1377.09976813833
"BIGKAT _ C08 _ Right _ 2",-60.8645178746823,72.0014756876056,1365.67667593118,-43.8881676469164,72.4816841558288,1377.32261455377
"BIGKAT _ C08 _ Right _ 2",-60.4711469886688,71.6070506483895,1364.90941517915,-46.2689010438129,80.2378592349934,1378.49653837544
"BIGKAT _ C08 _ Right _ 2",-59.7952277688311,69.9146436773167,1362.88351856534,-50.617043705385,93.904547864558,1380.44668566513
"BIGKAT _ C08 _ Right _ 2",-58.9074866129049,67.0306672909779,1359.8102970503,-56.4175549014468,111.627902159476,1382.89551918286
"BIGKAT _ C08 _ Right _ 2",-57.9059080759621,63.2184214352291,1356.04341125498,-62.9446242329277,131.016334896846,1385.5079489655
"BIGKAT _ C08 _ Right _ 2",-56.9059879086486,58.8825739024516,1352.04295897977,-69.3066667309122,149.451115196042,1387.94247460178
"BIGKAT _ C08 _ Right _ 2",-56.0268939307357,54.5276344102801,1348.32196941761,-74.5538880755868,164.431887330568,1389.89745909701
"BIGKAT _ C08 _ Right _ 2",-55.3761771161761,50.6951604718622,1345.38059812902,-77.839794883413,173.908309065038,1391.1438310411
"BIGKAT _ C08 _ Right _ 2",-55.0360491802439,47.8895636303495,1343.6365028737,-78.5962959166956,176.552405585567,1391.54218760836
"BIGKAT _ C08 _ Right _ 2",-55.0529792591665,46.503148175645,1343.36115346946,-76.6666282612124,171.940146013982,1391.04932140043
"BIGKAT _ C08 _ Right _ 2",-55.4310031219503,46.7501305555646,1344.632150571,-72.3490414193612,160.623695706292,1389.72122431022
"BIGKAT _ C08 _ Right _ 2",-56.1288515729785,48.6199157017426,1347.31126135265,-66.3327960830232,144.081736632483,1387.71498199648
"BIGKAT _ C08 _ Right _ 2",-57.0616133755221,51.8611280768421,1351.05544078383,-59.5451217903289,124.540077437327,1385.28450980926
"BIGKAT _ C08 _ Right _ 2",-58.1081307345644,56.0058477845442,1355.36219011464,-52.9588481331436,104.670163093769,1382.76107445545
"BIGKAT _ C08 _ Right _ 2",-59.1247681598823,60.4355059236536,1359.64219057293,-47.4213270141785,87.2026397092405,1380.51298209962
"BIGKAT _ C08 _ Right _ 2",-59.9645700826074,64.4782297067066,1363.30513175278,-43.5491286832189,74.5236443904454,1378.88831847819
"BIGKAT _ C08 _ Right _ 2",-60.4990920044088,67.5182354745529,1365.84307408631,-41.6977443108111,68.3309912728262,1378.15385841383
"BIGKAT _ C08 _ Right _ 2",-60.6393754040683,69.0959931491785,1366.8998433955,-41.9815658054389,69.4066314739154,1378.44584163611
"BIGKAT _ C08 _ Right _ 2",-60.352694733744,68.9827523464466,1366.32079959597,-44.3056525786539,77.5261793696617,1379.74373878392
"BIGKAT _ C08 _ Right _ 2",-59.6721379375726,67.2198099619528,1364.18023894397,-48.3819666517944,91.5008644832177,1381.87141127356
"BIGKAT _ C08 _ Right _ 2",-58.6964397838208,64.1175739180729,1360.78266571907,-53.7290580182262,109.340146667116,1384.52517587471
"BIGKAT _ C08 _ Right _ 2",-57.5783191035245,60.21232653368,1356.63236459142,-59.6792078556167,128.521143042437,1387.32442638771
"BIGKAT _ C08 _ Right _ 2",-56.5016788637866,56.1830431621882,1352.36762695108,-65.4256899814872,146.339230228404,1389.87552176123
"BIGKAT _ C08 _ Right _ 2",-55.6512322287003,52.7387569847266,1348.66371081029,-70.1281946563057,160.294051813813,1391.83503506428
"BIGKAT _ C08 _ Right _ 2",-55.1808388234199,50.4963271162857,1346.11962642979,-73.0632582667584,168.450692150242,1392.95843672573
"BIGKAT _ C08 _ Right _ 2",-55.1873544357588,49.873720452659,1345.15232334324,-73.7769449500621,169.717782378797,1393.12648652193
"BIGKAT _ C08 _ Right _ 2",-55.6949233674439,51.021502579302,1345.92271934225,-72.1871439864295,164.000850403278,1392.3500754448
"BIGKAT _ C08 _ Right _ 2",-56.6517524175477,53.8059662160011,1348.31036322271,-68.5986266184584,152.210302272384,1390.75925807102
"BIGKAT _ C08 _ Right _ 2",-57.9389552573968,57.8448390747993,1351.94080513722,-63.6269682974792,136.12235195787,1388.58183679487
"BIGKAT _ C08 _ Right _ 2",-59.389421224989,62.5844607874992,1356.25688296103,-58.0615278043768,118.110041357288,1386.1137533593
"BIGKAT _ C08 _ Right _ 2",-60.8134089035259,67.3985334178018,1360.61578164555,-52.7172747834252,100.784622662953,1383.6816258433
"BIGKAT _ C08 _ Right _ 2",-62.026525835264,71.6855861662976,1364.38987794774,-48.3212509328725,86.6106354061344,1381.5992312649
"BIGKAT _ C08 _ Right _ 2",-62.8754750753473,74.9466980828495,1367.05193628704,-45.4542114423637,77.5661936535132,1380.12348805616
"BIGKAT _ C08 _ Right _ 2",-63.2579258238074,76.8351339804839,1368.23339120029,-44.5359803879814,74.9023487475858,1379.41788616637
"BIGKAT _ C08 _ Right _ 2",-63.1346667762627,77.1800721071586,1367.75470780305,-45.822666083946,79.0205079709945,1379.5300768413
"BIGKAT _ C08 _ Right _ 2",-62.5336832449534,75.9919327121712,1365.63382112165,-49.3855973865019,89.4580048545657,1380.38718591381
"BIGKAT _ C08 _ Right _ 2",-61.5462204420623,73.455251934194,1362.07898472859,-55.0629712264927,104.963969694192,1381.80993889247
"BIGKAT _ C08 _ Right _ 2",-60.3147343538865,69.9097375509263,1357.46774114872,-62.4035849281591,123.653855724664,1383.54441341751
"BIGKAT _ C08 _ Right _ 2",-59.0132110424593,65.8164153968834,1352.30977436704,-70.64261506928,143.233736997432,1385.30614249272
"BIGKAT _ C08 _ Right _ 2",-57.8223144580317,61.7071548198616,1347.19231489624,-78.750056560107,161.276341271419,1386.82615514423
"BIGKAT _ C08 _ Right _ 2",-56.9040473465379,58.1213695341204,1342.71164598492,-85.569716643894,175.517137502727,1387.88668933659
"BIGKAT _ C08 _ Right _ 2",-56.3810455276241,55.5387748913494,1339.39900047479,-90.029560631834,184.133340168828,1388.33921613525
"BIGKAT _ C08 _ Right _ 2",-56.3236038677777,54.3180495981347,1337.65092942638,-91.3704564502352,185.975204513917,1388.10694520858
"BIGKAT _ C08 _ Right _ 2",-56.7445228794839,54.6487397070444,1337.6734028062,-89.3259258112628,180.729321077889,1387.1813051364
"BIGKAT _ C08 _ Right _ 2",-57.5999648657983,56.5212981578078,1339.44735623563,-84.1962206782195,168.997281446534,1385.62153314883
"BIGKAT _ C08 _ Right _ 2",-58.794614358064,59.7197707520765,1342.72215748457,-76.7915586197466,152.26904018031,1383.5590630552
"BIGKAT _ C08 _ Right _ 2",-60.1907912487389,63.8415952511838,1347.04155009373,-68.2610672057552,132.769592637569,1381.19969102049
"BIGKAT _ C08 _ Right _ 2",-61.6222105317146,68.3461438737907,1351.80208458666,-59.8610237988063,113.173959445482,1378.81294795615
"BIGKAT _ C08 _ Right _ 2",-62.9127464772792,72.6273879445533,1356.33670427019,-52.731965823051,96.2209677061729,1376.70232352544
"BIGKAT _ C08 _ Right _ 2",-63.898999619149,76.0994949777565,1360.00919094932,-47.7401384116372,84.2943365850107,1375.15916585199
"BIGKAT _ C08 _ Right _ 2",-64.4537554784224,78.2813247361863,1362.30292018669,-45.4022682715956,79.0551637553831,1374.41096955543
"BIGKAT _ C08 _ Right _ 2",-64.5065326473041,78.8676929156708,1362.89115397493,-45.8758804828973,81.1925886805599,1374.57667374118
"BIGKAT _ C08 _ Right _ 2",-64.0574695762154,77.7789850642711,1361.68260311309,-48.9810653378117,90.3245546752892,1375.63854349565
"BIGKAT _ C08 _ Right _ 2",-63.1813194187411,75.1826319832008,1358.84007376525,-54.2290604497426,105.052522579069,1377.43658865092
"BIGKAT _ C08 _ Right _ 2",-62.019152683627,71.4798829247639,1354.76946752847,-60.8573492139547,123.160084126326,1379.6886361045
"BIGKAT _ C08 _ Right _ 2",-60.7571259712049,67.2528858684183,1350.07431862803,-67.8919360647824,141.934000176077,1382.03460712972
"BIGKAT _ C08 _ Right _ 2",-59.5949372679614,63.1741381807313,1345.47319422648,-74.259605447252,158.567255543987,1384.09660987299
"BIGKAT _ C08 _ Right _ 2",-58.7104814979708,59.8922843083892,1341.68644950232,-78.9523416293672,170.582971395718,1385.54113118916
"BIGKAT _ C08 _ Right _ 2",-58.2293788631811,57.918896658285,1339.3114106178,-81.2139970336031,176.209252599733,1386.1301543287
"BIGKAT _ C08 _ Right _ 2",-58.2066471055894,57.5431470776062,1338.71350388398,-80.6960663976037,174.644593204659,1385.75380653193
"BIGKAT _ C08 _ Right _ 2",-58.6234629468047,58.7930589023108,1339.95968114169,-77.5304998697057,166.175005014035,1384.44332347872
"BIGKAT _ C08 _ Right _ 2",-59.3972493606079,61.4477073775991,1342.80995585868,-72.2935633737611,152.127057277931,1382.36585902108
"BIGKAT _ C08 _ Right _ 2",-60.4004480042636,65.0911325790175,1346.76758805558,-65.8732159650231,134.66168413119,1379.80227655246
"BIGKAT _ C08 _ Right _ 2",-61.4828142412345,69.190518123047,1351.17396076971,-59.2856079842957,116.435952295145,1377.10841343361
"BIGKAT _ C08 _ Right _ 2",-62.493132309216,73.1796402423924,1355.32474938549,-53.4991267024112,100.186354451133,1374.66201409134
"BIGKAT _ C08 _ Right _ 2",-63.2978589591593,76.5326792427588,1358.58197493547,-49.3110334859238,88.3093058822544,1372.8022036551
"BIGKAT _ C08 _ Right _ 2",-63.7956431225061,78.8208154811896,1360.46194344194,-47.2897141175473,82.5171090551367,1371.77352699669
"BIGKAT _ C08 _ Right _ 2",-63.927517387793,79.751186822582,1360.68916068548,-47.7632003832345,83.6241145488991,1371.68781844035
"BIGKAT _ C08 _ Right _ 2",-63.6826153787605,79.1913778011251,1359.21636712623,-50.8196421901292,91.4805483434823,1372.5126059908
"BIGKAT _ C08 _ Right _ 2",-63.0987336282274,77.1814132711187,1356.21654511849,-56.2939618368566,105.041604774019,1374.08710313726
"BIGKAT _ C08 _ Right _ 2",-62.2566924814934,73.9315077355523,1352.05307276415,-63.7397828447489,122.546020160467,1376.15994107403
"BIGKAT _ C08 _ Right _ 2",-61.2682106627086,69.8018381357849,1347.23217709227,-72.4119183694155,141.773147951697,1378.43804804457
"BIGKAT _ C08 _ Right _ 2",-60.2590561082159,65.2630530921191,1342.34157310866,-81.2967635965636,160.340410229881,1380.63369569037
"BIGKAT _ C08 _ Right _ 2",-59.3513183128789,60.8417490658525,1337.98145580633,-89.2174331811858,175.996525795089,1382.49821142796
"BIGKAT _ C08 _ Right _ 2",-58.6489320100962,57.0593608630809,1334.69581491223,-95.0116269497905,186.870865766508,1383.8375573477
"BIGKAT _ C08 _ Right _ 2",-58.2285153846929,54.3725157632113,1332.91083727789,-97.7476623696502,191.6585825148,1384.51452078864
"BIGKAT _ C08 _ Right _ 2",-58.1346794992305,53.1191270243498,1332.88432320889,-96.9230559914097,189.74325449965,1384.44876839297
"BIGKAT _ C08 _ Right _ 2",-58.3774152563362,53.472055967469,1334.66890900097,-92.5880291081277,181.267562595538,1383.62504934631
"BIGKAT _ C08 _ Right _ 2",-58.9298807258621,55.4041917810353,1338.09357730659,-85.3535020445186,167.152105517504,1382.11232514582
"BIGKAT _ C08 _ Right _ 2",-59.7270256957564,58.6733290536928,1342.7701448345,-76.2754469574457,149.04299767215,1380.08726118412
"BIGKAT _ C08 _ Right _ 2",-60.6673579277941,62.8369481127831,1348.13065451478,-66.6460904867555,129.159653871717,1377.8485282863
"BIGKAT _ C08 _ Right _ 2",-61.6205226330867,67.3022909108904,1353.49610837416,-57.7527513997619,110.029948146054,1375.80598139775
"BIGKAT _ C08 _ Right _ 2",-62.4419354056804,71.4074604456069,1358.16834300025,-50.6716650329939,94.1385191738716,1374.43263372199
"BIGKAT _ C08 _ Right _ 2",-62.9932028669682,74.5200394652762,1361.52945776566,-46.1416921751121,83.5537022432938,1374.17789831225
"BIGKAT _ C08 _ Right _ 2",-63.164800187866,76.1356167134547,1363.1312519873,-44.5233489280205,79.612924966226,1375.35497729028
"BIGKAT _ C08 _ Right _ 2",-62.8964404495705,75.9600365642915,1362.76103143162,-45.8153198242693,82.7274223536957,1378.02837469221
"BIGKAT _ C08 _ Right _ 2",-62.1908281010617,73.9630139445495,1360.47622032221,-49.6914557521538,92.3320843174081,1381.9354539603
"BIGKAT _ C08 _ Right _ 2",-61.1175763904074,70.3941287846226,1356.60441134326,-55.5372001263741,106.977586200809,1386.47662392546
"BIGKAT _ C08 _ Right _ 2",-59.8057389077026,65.7553331161391,1351.70710629466,-62.4913743927747,124.545219830027,1390.79870016324
"BIGKAT _ C08 _ Right _ 2",-58.4256703580145,60.7294335277263,1346.50722281016,-69.5180196444178,142.551675142771,1393.97123086361
"BIGKAT _ C08 _ Right _ 2",-57.1634755153744,56.0729385196102,1341.78562369302,-75.5296335302905,158.497492398884,1395.21858978616
"BIGKAT _ C08 _ Right _ 2",-56.1931369305854,52.4918202776856,1338.26039793624,-79.5577936587719,170.205616998518,1394.13685355697
"BIGKAT _ C08 _ Right _ 2",-55.651471737797,50.5249883938459,1336.47035348161,-80.935300421624,176.10216537334,1390.81696562038
"BIGKAT _ C08 _ Right _ 2",-55.6193674155516,50.4588931162099,1336.68638056442,-79.4358379278777,175.40779514682,1385.82632540996
"BIGKAT _ C08 _ Right _ 2",-56.110647975723,52.2885409081275,1338.86934473537,-75.3234501985566,168.225634820978,1380.05608385016
"BIGKAT _ C08 _ Right _ 2",-57.0689257794853,55.7294046989678,1342.68302995695,-69.2916057557727,155.522643266365,1374.49183199529
"BIGKAT _ C08 _ Right _ 2",-58.3730255458677,60.2746796722397,1347.55867632067,-62.3086563916936,139.005666003794,1369.98906850898
"BIGKAT _ C08 _ Right _ 2",-59.8516907341054,65.2843245431953,1352.79642576684,-55.4185663464231,120.899099939995,1367.12549740824
"BIGKAT _ C08 _ Right _ 2",-61.3069865495319,70.0870957585356,1357.68089862198,-49.558499978432,103.645253774764,1366.16390634485
"BIGKAT _ C08 _ Right _ 2",-62.5432938023804,74.0759710331288,1361.5861731703,-45.4403769718533,89.5688139649552,1367.10692527226
"BIGKAT _ C08 _ Right _ 2",-63.3966958539323,76.7821765554469,1364.05151206838,-43.5086350080499,80.5605674543098,1369.78531620586
"BIGKAT _ C08 _ Right _ 2",-63.7593831282166,77.9217699633911,1364.8211186125,-43.9512280478688,77.8306399308791,1373.91839775406
"BIGKAT _ C08 _ Right _ 2",-63.5952721316413,77.4166243581397,1363.85285226202,-46.724975239791,81.7599908451969,1379.1183932599
"BIGKAT _ C08 _ Right _ 2",-62.9449567123143,75.3944043187865,1361.3062326722,-51.5658647232225,91.8567217461763,1384.85641488701
"BIGKAT _ C08 _ Right _ 2",-61.9194427045091,72.169752608628,1357.51786516656,-57.9811672974153,106.8143984592,1390.44022257071
"BIGKAT _ C08 _ Right _ 2",-60.6832183530373,68.2057414286585,1352.96634759592,-65.2471688039275,124.669829964728,1395.0571612351
"BIGKAT _ C08 _ Right _ 2",-59.4288688773075,64.0553588794982,1348.22435783549,-72.4483096288506,143.053012489763,1397.90608648914
"BIGKAT _ C08 _ Right _ 2",-58.3475214411243,60.2882145177091,1343.89634727304,-78.5821126557444,159.504621800912,1398.39097202499
"BIGKAT _ C08 _ Right _ 2",-57.6006494891049,57.4138628406387,1340.54509954183,-82.7239862504576,171.81533754918,1396.30428752217
"BIGKAT _ C08 _ Right _ 2",-57.2980793857942,55.8151208082244,1338.6156191618,-84.2131114470222,178.332113691213,1391.92009448674
"BIGKAT _ C08 _ Right _ 2",-57.4847997843416,55.7012327689148,1338.36774668673,-82.802959393861,178.18522941918,1385.95224636898
"BIGKAT _ C08 _ Right _ 2",-58.1369528512936,57.0852140763814,1339.82972963696,-78.7259388975431,171.408173791929,1379.38978158842
"BIGKAT _ C08 _ Right _ 2",-59.166400688704,59.7861474512077,1342.78437504908,-72.6482496227991,158.93836391785,1373.2683810644
"BIGKAT _ C08 _ Right _ 2",-60.4332085389046,63.4557704273921,1346.79592985376,-65.5279755042099,142.497179735744,1368.45556850764
"BIGKAT _ C08 _ Right _ 2",-61.7650054009808,67.6267381098755,1351.27747261189,-58.4224421491554,124.358566424017,1365.51515009177
"BIGKAT _ C08 _ Right _ 2",-62.9808828333092,71.7762533821541,1355.58673231705,-52.3048508500851,107.032396863005,1364.67848361229
"BIGKAT _ C08 _ Right _ 2",-63.9161307005368,75.3951838452826,1359.12860561237,-47.9373264472636,92.9094632522307,1365.90135516458
"BIGKAT _ C08 _ Right _ 2",-64.443973178455,78.0520243059445,1361.44136166592,-45.8146613382021,83.9278013252281,1368.95050083314
"BIGKAT _ C08 _ Right _ 2",-64.491724218355,79.4437618143228,1362.25172367736,-46.1595591321565,81.3139006170651,1373.4635885654
"BIGKAT _ C08 _ Right _ 2",-64.0502541331436,79.4297751613056,1361.49621940977,-48.9349461983548,85.4293757580278,1378.95891838233
"BIGKAT _ C08 _ Right _ 2",-63.176179635065,78.047444314902,1359.31473192302,-53.8479978045418,95.7299239785563,1384.81422933829
"BIGKAT _ C08 _ Right _ 2",-61.9858728510647,75.5081875201214,1356.02356629145,-60.3455248722219,110.832737145899,1390.26340129551
"BIGKAT _ C08 _ Right _ 2",-60.6404844180241,72.1721007974723,1352.07237872323,-67.6251852611192,128.687948464365,1394.46014651852
"BIGKAT _ C08 _ Right _ 2",-59.3227773524078,68.5011090739539,1347.98735410066,-74.6959575231716,146.844539695978,1396.62562605062
"BIGKAT _ C08 _ Right _ 2",-58.2092989101678,64.9953516664173,1344.30464225363,-80.5066859694643,162.783757970733,1396.24538481836
"BIGKAT _ C08 _ Right _ 2",-57.4434658859391,62.1229637698667,1341.5014357997,-84.1290735399632,174.272176156608,1393.23969458823
"BIGKAT _ C08 _ Right _ 2",-57.1149027584982,60.2557171778298,1339.93401413911,-84.9490690191814,179.677509809941,1388.02938462192
"BIGKAT _ C08 _ Right _ 2",-57.2480782791391,59.6205350320126,1339.79146758865,-82.8068353415937,178.199249198776,1381.46062630321
"BIGKAT _ C08 _ Right _ 2",-57.8006974757167,60.2717721456438,1341.07158677427,-78.0377742773902,169.985042140166,1374.61165200304
"BIGKAT _ C08 _ Right _ 2",-58.6709370030614,62.0850241101786,1343.58260116197,-71.3991980193798,156.120526662259,1368.54948685649
"BIGKAT _ C08 _ Right _ 2",-59.7124133839657,64.7717822067272,1346.97121371938,-63.9057051751906,138.491311840319,1364.11806583463
"BIGKAT _ C08 _ Right _ 2",-60.7554819585442,67.9139502548782,1350.77324497888,-56.6261822691002,119.527344092079,1361.81990885267
"BIGKAT _ C08 _ Right _ 2",-61.6322202338993,71.0156557253259,1354.47834562975,-50.5035165734143,101.858525421468,1361.8099712518
"BIGKAT _ C08 _ Right _ 2",-62.2009898578631,73.5666738316125,1357.59675110949,-46.2395080324828,87.9327890526558,1363.96976330694
"BIGKAT _ C08 _ Right _ 2",-62.3663097795297,75.1092726620892,1359.71686661947,-44.251791063905,79.6609192132814,1367.99891469353
"BIGKAT _ C08 _ Right _ 2",-62.0912346397969,75.3001924440208,1360.54785591116,-44.6778533524955,78.1457865167287,1373.46939214837
"BIGKAT _ C08 _ Right _ 2",-61.4012521059264,73.9611638302784,1359.94757543177,-47.3912573300742,83.531415916798,1379.82808555722
"BIGKAT _ C08 _ Right _ 2",-60.3797213400411,71.1126939594133,1357.93871010196,-52.0095941325906,94.9846985632636,1386.37917556417
"BIGKAT _ C08 _ Right _ 2",-59.1553044554446,66.9857251172147,1354.71395245347,-57.9007412105226,110.809366067722,1392.3017277851
"BIGKAT _ C08 _ Right _ 2",-57.8826953235849,62.0055462980139,1350.62740920448,-64.2157235888974,128.682629082288,1396.74632281774
"BIGKAT _ C08 _ Right _ 2",-56.7195515417397,56.7446146373283,1346.16754528735,-69.977814173195,145.988890781895,1399.00951581718
"BIGKAT _ C08 _ Right _ 2",-55.8039773612434,51.8469320265156,1341.90821395594,-74.2346216601158,160.202316569192,1398.72917284881
"BIGKAT _ C08 _ Right _ 2",-55.2368893973762,47.9344491604542,1338.43814781816,-76.2444977824915,169.253931637341,1396.01367508133
"BIGKAT _ C08 _ Right _ 2",-55.0718043650278,45.5118259276918,1336.2749164768,-75.6416656432435,171.821803761936,1391.43768006923
"BIGKAT _ C08 _ Right _ 2",-55.3121029307439,44.8871170926078,1335.7759474168,-72.5222135922619,167.503479928838,1385.89586020991
"BIGKAT _ C08 _ Right _ 2",-55.9141609020047,46.1228882568512,1337.06475255804,-67.4172168039384,156.855025023541,1380.36760700025
"BIGKAT _ C08 _ Right _ 2",-56.7945743205937,49.0267956659235,1339.99186201611,-61.158859293045,141.299273049118,1375.67900815038
"BIGKAT _ C08 _ Right _ 2",-57.8404797086072,53.1838018833927,1344.14467356221,-54.684271860778,122.917250517025,1372.34412493515
"BIGKAT _ C08 _ Right _ 2",-58.9224924846723,58.0239501342451,1348.90867356878,-48.8434664307756,104.149084053132,1370.53143689772
"BIGKAT _ C08 _ Right _ 2",-59.9093416905059,62.9112326652406,1353.56800929325,-44.270990083572,87.4479062333379,1370.14657887693
"BIGKAT _ C08 _ Right _ 2",-60.6823989212276,67.2342228574513,1357.42245302287,-41.3475052008368,74.9445826276784,1370.97218340152
"BIGKAT _ C08 _ Right _ 2",-61.1481815127492,70.4814034468968,1359.89564595667,-40.2349871956386,68.1791609035512,1372.7867426918
"BIGKAT _ C08 _ Right _ 2",-61.2479013886965,72.2929970995451,1360.61635999751,-40.9407923704004,67.9330098021526,1375.40745814465
"BIGKAT _ C08 _ Right _ 2",-60.9642042615013,72.4910717232806,1359.4650833907,-43.3643576258441,74.1666926749231,1378.65048354326
"BIGKAT _ C08 _ Right _ 2",-60.3252138771919,71.0942866626391,1356.58599374635,-47.3020821691873,86.0510760789335,1382.24729588349
"BIGKAT _ C08 _ Right _ 2",-59.4049336116773,68.3206496945525,1352.36681186316,-52.4171823953665,102.078637543417,1385.77854583404
"BIGKAT _ C08 _ Right _ 2",-58.3183004017117,64.5747140382311,1347.38881192601,-58.2067895293341,120.247399863948,1388.68030653688
"BIGKAT _ C08 _ Right _ 2",-57.2099594360333,60.4113734199532,1342.35045755236,-64.0065627272398,138.307145191786,1390.34432150087
"BIGKAT _ C08 _ Right _ 2",-56.2378177280101,56.4713742265239,1337.97186221482,-69.0590658602442,154.043777331861,1390.28549700393
"BIGKAT _ C08 _ Right _ 2",-55.5539613204613,53.3929151583577,1334.8915271868,-72.6421354059116,165.562963808857,1388.30989763175
"BIGKAT _ C08 _ Right _ 2",-55.2854292625703,51.7137530891745,1333.56955223216,-74.2225593832757,171.530359927276,1384.6089035346
"BIGKAT _ C08 _ Right _ 2",-55.5163797753861,51.7835342638625,1334.21260620774,-73.5843345888122,171.335392081992,1379.73589985335
"BIGKAT _ C08 _ Right _ 2",-56.2730623367786,53.7048020568258,1336.73577149455,-70.8867579686714,165.161248111679,1374.47291196068
"BIGKAT _ C08 _ Right _ 2",-57.5142151941285,57.3150229471151,1340.7734708073,-66.6320073623714,153.956393287593,1369.6387223245
"BIGKAT _ C08 _ Right _ 2",-59.1305628337169,62.2134116604549,1345.74310939348,-61.5543346953282,139.310727323663,1365.90896134619
"BIGKAT _ C08 _ Right _ 2",-60.9560604441276,67.826743898696,1350.95040575777,-56.4705588917835,123.247778713929,1363.7077146531
"BIGKAT _ C08 _ Right _ 2",-62.7901592640422,73.4993679561199,1355.71033085654,-52.1416521884391,107.957815678184,1363.19421810426
"BIGKAT _ C08 _ Right _ 2",-64.4266139125767,78.5874508431786,1359.45174767223,-49.1819015810769,95.5118932635239,1364.32246802587
"BIGKAT _ C08 _ Right _ 2",-65.6827838068037,82.5392564075678,1361.78281923443,-48.0225489007655,87.6026771371464,1366.92039993385
"BIGKAT _ C08 _ Right _ 2",-66.4247031169728,84.9516542750056,1362.51313201278,-48.9086808801622,85.346552908658,1370.73693943056
"BIGKAT _ C08 _ Right _ 2",-66.585560599253,85.6032678396538,1361.64486161684,-51.8975185115633,89.1592039744722,1375.43612192545
"BIGKAT _ C08 _ Right _ 2",-66.1763133879756,84.4704652774263,1359.34981677633,-56.8372777385454,98.7007634862645,1380.55684646881
"BIGKAT _ C08 _ Right _ 2",-65.2865882889447,81.7308569623621,1355.942491666,-63.3305093747417,112.888227587982,1385.48410875366
"BIGKAT _ C08 _ Right _ 2",-64.0735507572152,77.7525741711002,1351.84932522943,-70.7104322298022,129.985206775584,1389.4810247452
"BIGKAT _ C08 _ Right _ 2",-62.7380704345673,73.062386554086,1347.5691700533,-78.069364826702,147.783733975766,1391.80687430041
"BIGKAT _ C08 _ Right _ 2",-61.4914437057163,68.2868527601964,1343.62208337414,-84.366235858927,163.877620959378,1391.90114947132
"BIGKAT _ C08 _ Right _ 2",-60.5197911487081,64.0686665002199,1340.4894381977,-88.6076692904115,175.997473869513,1389.56830703863
"BIGKAT _ C08 _ Right _ 2",-59.9541939352376,60.9706168718149,1338.55274023733,-90.0595732224026,182.352170331758,1385.08158753358
"BIGKAT _ C08 _ Right _ 2",-59.8522440750184,59.386244539114,1338.03979810066,-88.4237950527306,181.914842318676,1379.15185285951
"BIGKAT _ C08 _ Right _ 2",-60.1930950333739,59.4763559748331,1338.98701403488,-83.919543059134,174.60282369821,1372.76454061946
"BIGKAT _ C08 _ Right _ 2",-60.8854040433412,61.1449317396842,1341.22653618353,-77.2399793603702,161.319979883526,1366.94246443436
"BIGKAT _ C08 _ Right _ 2",-61.7859794041712,64.059167717176,1344.4048824092,-69.3979255151471,143.848797683724,1362.51913575648
"BIGKAT _ C08 _ Right _ 2",-62.7255779583541,67.7085907890036,1348.03341879766,-61.5133026857216,124.600274902248,1359.99804197512
"BIGKAT _ C08 _ Right _ 2",-63.5368377454635,71.4894381747613,1351.56205567373,-54.6112913836104,106.255857688237,1359.53203544641
"BIGKAT _ C08 _ Right _ 2",-64.078716949249,74.7956379277051,1354.46033850832,-49.4852980969216,91.3625559194242,1361.00063152201
"BIGKAT _ C08 _ Right _ 2",-64.2531924183368,77.0993504339998,1356.28942965447,-46.6408131844933,81.9557955119771,1364.12103071626
"BIGKAT _ C08 _ Right _ 2",-64.0131300094123,78.0115817616361,1356.7547936393,-46.2978943145838,79.2742391444158,1368.52610549959
"BIGKAT _ C08 _ Right _ 2",-63.3632484723488,77.3221627015582,1355.73786220334,-48.4129120889007,83.6028674551667,1373.77865270423
"BIGKAT _ C08 _ Right _ 2",-62.3568905397666,75.0225946795132,1353.30941689777,-52.6903043183674,94.2529644937441,1379.34067455774
"BIGKAT _ C08 _ Right _ 2",-61.0897428108268,71.3127670817484,1349.72617735515,-58.5821295604745,109.671869951988,1384.55074263087
"BIGKAT _ C08 _ Right _ 2",-59.6897937308026,66.5869678578489,1345.40891711264,-65.2996944960419,127.667062163329,1388.6647122375
"BIGKAT _ C08 _ Right _ 2",-58.3028825983034,61.3924910959747,1340.89986260174,-71.8715484975482,145.717476243405,1390.98270011832
"BIGKAT _ C08 _ Right _ 2",-57.0751112825557,56.3593127720642,1336.79992524057,-77.268185541981,161.328044409425,1391.03243514231
"BIGKAT _ C08 _ Right _ 2",-56.1350531310989,52.1093217556266,1333.69041811592,-80.581649304812,172.37135233052,1388.73547731691
"BIGKAT _ C08 _ Right _ 2",-55.5785000163969,49.1619958924359,1332.04800113081,-81.2151120471596,177.363674871349,1384.47707832595
"BIGKAT _ C08 _ Right _ 2",-55.4570915863683,47.8555381131891,1332.16575748815,-79.0217489610352,175.640801428865,1379.03779587003
"BIGKAT _ C08 _ Right _ 2",-55.7714006801565,48.2986959289669,1334.09670169464,-74.3425384482551,167.420695000192,1373.40340682481
"BIGKAT _ C08 _ Right _ 2",-56.4695800893785,50.3619428944501,1337.63582413568,-67.9251093159385,153.754676924162,1368.5192797342
"BIGKAT _ C08 _ Right _ 2",-57.4532761290979,53.7093311486212,1342.35012688365,-60.7477857445129,136.376042155982,1365.07660072843
"BIGKAT _ C08 _ Right _ 2",-58.5915423457544,57.8640256788346,1347.65315417468,-53.8075089432641,117.462601187065,1363.40372691686
"BIGKAT _ C08 _ Right _ 2",-59.7407847640652,62.2919762621735,1352.90586828506,-47.9408808317781,99.3437076307359,1363.48980285346
"BIGKAT _ C08 _ Right _ 2",-60.7660216928467,66.4829398365443,1357.51678154643,-43.7271897502649,84.1984359473809,1365.10766835426
"BIGKAT _ C08 _ Right _ 2",-61.5581020921612,70.0104561927289,1361.01677009217,-41.4810760105625,73.7961794065048,1367.96057175466
"BIGKAT _ C08 _ Right _ 2",-62.0437804496073,72.5629016970381,1363.09738533207,-41.3034046096763,69.314646913281,1371.77720579706
"BIGKAT _ C08 _ Right _ 2",-62.1893047201674,73.9512604439717,1363.61821306684,-43.1418858227738,71.2408093574709,1376.31876422
"BIGKAT _ C08 _ Right _ 2",-62.0008158629963,74.1080281782333,1362.59913715124,-46.8226418494042,79.3387695842387,1381.31314304287
"BIGKAT _ C08 _ Right _ 2",-61.5244892430552,73.0904099023457,1360.21173415522,-52.0408846727642,92.6694892836098,1386.36873791069
"BIGKAT _ C08 _ Right _ 2",-60.8462975517814,71.090253998104,1356.77276221613,-58.3287761275455,109.665139399645,1390.93142316422
"BIGKAT _ C08 _ Right _ 2",-60.0880226013957,68.4395933598822,1352.73041087996,-65.0382792280501,128.27527119972,1394.33140822144
"BIGKAT _ C08 _ Right _ 2",-59.3955497824405,65.5934663263279,1348.62967072974,-71.3770061978075,146.196096911061,1395.92577533735
"BIGKAT _ C08 _ Right _ 2",-58.9183976991081,63.0768408096477,1345.04975630818,-76.5134574293093,161.167937674314,1395.29157378804
"BIGKAT _ C08 _ Right _ 2",-58.7838558990613,61.3981230717778,1342.51913638207,-79.7333584030638,171.295525990594,1392.38897911616
"BIGKAT _ C08 _ Right _ 2",-59.0720072135065,60.9491068442158,1341.4248738528,-80.5988106525616,175.330151406218,1387.6180904973
"BIGKAT _ C08 _ Right _ 2",-59.7979601134893,61.92062998571,1341.93825978914,-79.0534103180718,172.858769152009,1381.73810317536
"BIGKAT _ C08 _ Right _ 2",-60.90566393201,64.2601537700642,1343.97733468762,-75.4344247680707,164.366199196773,1375.67896954015
"BIGKAT _ C08 _ Right _ 2",-62.2750384189394,67.6840716382669,1347.2189399924,-70.3887474658436,151.161010170653,1370.32014476008
"BIGKAT _ C08 _ Right _ 2",-63.7412714922973,71.7398426841131,1351.15939190254,-64.7259149055504,135.177760603468,1366.31842748814
"BIGKAT _ C08 _ Right _ 2",-65.1221457911699,75.8978240019221,1355.20779187702,-59.2621704298528,118.688300218351,1364.03683512818
"BIGKAT _ C08 _ Right _ 2",-66.2470350616739,79.6454746928126,1358.78639391752,-54.7047341019503,103.972286804236,1363.57503479898
"BIGKAT _ C08 _ Right _ 2",-66.9811958595051,82.5600438315763,1361.41377875908,-51.5982279640228,93.005467491985,1364.85559178499
"BIGKAT _ C08 _ Right _ 2",-67.2415125296397,84.348017135614,1362.7576613685,-50.3212121090006,87.2156844014503,1367.70333232147
"BIGKAT _ C08 _ Right _ 2",-67.0032915436627,84.8541815312204,1362.65742774145,-51.0987914729968,87.3324172786506,1371.87349635253
"BIGKAT _ C08 _ Right _ 2",-66.299766909734,84.0527679325304,1361.12424358644,-53.9976004925381,93.3301979549665,1377.02349590688
"BIGKAT _ C08 _ Right _ 2",-65.215832342709,82.0337187938348,1358.32659121222,-58.889647485182,104.454829700931,1382.66114073026
"BIGKAT _ C08 _ Right _ 2",-63.8762979162276,78.9902625127605,1354.56481761548,-65.3998160296005,119.325273831827,1388.12223267379
"BIGKAT _ C08 _ Right _ 2",-62.4286632901837,75.2054184697165,1350.2351539646,-72.8735384446991,136.109307923264,1392.62294877334
"BIGKAT _ C08 _ Right _ 2",-61.022031616508,71.0308893697436,1345.78473742712,-80.4042438055685,152.763250329197,1395.39732424819
"BIGKAT _ C08 _ Right _ 2",-59.7862508682408,66.8544086618765,1341.66262830167,-86.941131706604,167.305665089143,1395.88242151829
"BIGKAT _ C08 _ Right _ 2",-58.8163111253792,63.0582096628264,1338.27341629576,-91.4650415580275,178.077324918817,1393.88106636565
"BIGKAT _ C08 _ Right _ 2",-58.1652291553866,59.976434281822,1335.9381658419,-93.1900538853206,183.94009868119,1389.63606950917
"BIGKAT _ C08 _ Right _ 2",-57.8452373849936,57.8595582659573,1334.86459961973,-91.7348440367913,184.386745955707,1383.78726589911
"BIGKAT _ C08 _ Right _ 2",-57.8343408338926,56.8503368436999,1335.12740504489,-87.2143328729182,179.5586953943,1377.22858969106
"BIGKAT _ C08 _ Right _ 2",-58.0846504958056,56.9720798549236,1336.66044267791,-80.2241097690033,170.185579835627,1370.9137276362
"BIGKAT _ C08 _ Right _ 2",-58.530095380397,58.1286713355805,1339.26337838692,-71.720493964327,157.464953012439,1365.66940858859
"BIGKAT _ C08 _ Right _ 2",-59.0928443845014,60.1159140905319,1342.62398914836,-62.8302430749281,142.90024115972,1362.0684858067
"BIGKAT _ C08 _ Right _ 2",-59.6888361298926,62.6432536116336,1346.35381510824,-54.6453625165888,128.118064161285,1360.39238725422
"BIGKAT _ C08 _ Right _ 2",-60.2329581392592,65.3630181660265,1350.03070861846,-48.0594890354319,114.692478024122,1360.67702167345
"BIGKAT _ C08 _ Right _ 2",-60.6442616172447,67.9029954654742,1353.24045561598,-43.6800790100378,104.003157584191,1362.80084881787
"BIGKAT _ C08 _ Right _ 2",-60.8517694512149,69.899746872006,1355.61308306132,-41.8156647406841,97.1382825581028,1366.55865136803
"BIGKAT _ C08 _ Right _ 2",-60.8017258687388,71.0337155504095,1356.85549178106,-42.5084520996927,94.8280312416054,1371.68019581436
"BIGKAT _ C08 _ Right _ 2",-60.4667395438748,71.0690360984367,1356.78524887237,-45.5738533476332,97.3814576602973,1377.79048756185
"BIGKAT _ C08 _ Right _ 2",-59.8557783899873,69.897862249296,1355.36706629922,-50.6218586832408,104.612131364453,1384.34726126684
"BIGKAT _ C08 _ Right _ 2",-59.0219658150274,67.5816978051643,1352.7451040937,-57.0609274903431,115.770163396093,1390.61331812463
"BIGKAT _ C08 _ Right _ 2",-58.063920029689,64.3749658196683,1349.25636484824,-64.1089681342976,129.528088951568,1395.71537859868
"BIGKAT _ C08 _ Right _ 2",-57.1172042377915,60.7143729180396,1345.40934039489,-70.8447273708357,144.072099195452,1398.80505745229
"BIGKAT _ C08 _ Right _ 2",-56.3354338579835,57.1647725198619,1341.8203861307,-76.319809443683,157.31978937727,1399.28296704191
"BIGKAT _ C08 _ Right _ 2",-55.8642618832589,54.326299350228,1339.11462786646,-79.7211633267842,167.236098410953,1397.00145595869
"BIGKAT _ C08 _ Right _ 2",-55.8138518888778,52.7219304818314,1337.81143711161,-80.5417491586392,172.179138346436,1392.35521115136
"BIGKAT _ C08 _ Right _ 2",-56.2357495728599,52.6925215588481,1338.22117730289,-78.7013191752058,171.196301208238,1386.21037331254
"BIGKAT _ C08 _ Right _ 2",-57.1089647526637,54.3251559087601,1340.37868228701,-74.5695542481517,164.206358883865,1379.68991032832
"BIGKAT _ C08 _ Right _ 2",-58.3384655102272,57.4320395349985,1344.03082702662,-68.876794355364,152.031486938951,1373.89078780745
"BIGKAT _ C08 _ Right _ 2",-59.7672716405712,61.5844147988435,1348.68229191409,-62.5394420257364,136.273689798173,1369.63198643795
"BIGKAT _ C08 _ Right _ 2",-61.2006170793709,66.1922004848114,1353.68807009814,-56.4592134690657,119.05988065352,1367.31436587662
"BIGKAT _ C08 _ Right _ 2",-62.4375519613185,70.6088852093308,1358.36834249007,-51.3619584751088,102.706891254048,1366.9226554718
"BIGKAT _ C08 _ Right _ 2",-63.3032306476177,74.2366261817886,1362.1169027406,-47.7188573531634,89.3745296852617,1368.14036139059
"BIGKAT _ C08 _ Right _ 2",-63.6754246387779,76.6107032346657,1364.48132854677,-45.7528987939565,80.7714068325738,1370.51023844406
"BIGKAT _ C08 _ Right _ 2",-63.5014568742733,77.4532112254298,1365.20788313757,-45.4983876025654,77.9533256754055,1373.57275226143
"BIGKAT _ C08 _ Right _ 2",-62.8049083565675,76.6970397186562,1364.25747150132,-46.8673478833845,81.22153440686,1376.944144327
"BIGKAT _ C08 _ Right _ 2",-61.6829942185093,74.4867415982365,1361.80279980607,-49.6865336417727,90.1076422436386,1380.33177153561
"BIGKAT _ C08 _ Right _ 2",-60.2950469753112,71.1609837285658,1358.21080849323,-53.6934353795272,103.431442860552,1383.50963589651
"BIGKAT _ C08 _ Right _ 2",-58.8417981185989,67.2155455705298,1354.00599390947,-58.5065705205603,119.428115870519,1386.28524832067
"BIGKAT _ C08 _ Right _ 2",-57.5362631894892,63.2428918397407,1349.80824840708,-63.6032914012601,135.946837030394,1388.48173432694
"BIGKAT _ C08 _ Right _ 2",-56.5702174418182,59.8486704772235,1346.24600272886,-68.3398835378688,150.715540539128,1389.94287626302
"BIGKAT _ C08 _ Right _ 2",-56.0832531064503,57.5556103601902,1343.85681685698,-72.0320315197221,161.649164293951,1390.55353245731
"BIGKAT _ C08 _ Right _ 2",-56.1416996642532,56.7148841127922,1342.99586816747,-74.0845994727673,167.159835500666,1390.26186483727
"BIGKAT _ C08 _ Right _ 2",-56.7318871949504,57.4476961606222,1343.77404525158,-74.1314419766589,166.415804280974,1389.09373305941
"BIGKAT _ C08 _ Right _ 2",-57.7681213592469,59.6333104858818,1346.04171599893,-72.1341010688275,159.496612515752,1387.15696347106
"BIGKAT _ C08 _ Right _ 2",-59.1122427425362,62.9463198070014,1349.42351209475,-68.4008916264878,147.405595707407,1384.63711889961
"BIGKAT _ C08 _ Right _ 2",-60.5994471809197,66.9309416698273,1353.39586772603,-63.5197056171219,131.925565532724,1381.78547977151
"BIGKAT _ C08 _ Right _ 2",-62.0641118133296,71.0893473841601,1357.38635196951,-58.2326604685389,115.336937537925,1378.89782796766
"BIGKAT _ C08 _ Right _ 2",-63.3600052532949,74.9590240635322,1360.86775857427,-53.3003999440619,100.053249646499,1376.28341757886
"BIGKAT _ C08 _ Right _ 2",-64.3718439843971,78.162184178573,1363.42469577312,-49.3986277128433,88.2527566800471,1374.22774120324
"BIGKAT _ C08 _ Right _ 2",-65.0189545563174,80.424598848837,1364.78429735025,-47.0639316889175,81.5809638337986,1372.95665192402
"BIGKAT _ C08 _ Right _ 2",-65.2548330080614,81.574462385034,1364.8179923915,-46.6765049302102,80.9665190998657,1372.6090350395
"BIGKAT _ C08 _ Right _ 2",-65.0669235584356,81.5371133496866,1363.52981183398,-48.4511090502324,86.5518964317072,1373.22106551714
"BIGKAT _ C08 _ Right _ 2",-64.4788209572298,80.3367310126658,1361.0450887829,-52.4118938545184,97.7160789429039,1374.72167548883
"BIGKAT _ C08 _ Right _ 2",-63.5537098357532,78.1054155009451,1357.60428162599,-58.3469342999568,113.166904454444,1376.93894619668
"BIGKAT _ C08 _ Right _ 2",-62.3952018727147,75.0902277511448,1353.55634317886,-65.762899723705,131.092377394233,1379.61846474316
"BIGKAT _ C08 _ Right _ 2",-61.141491979959,71.6454498997671,1349.34082038025,-73.8759941118819,149.364851689551,1382.45327566376
"BIGKAT _ C08 _ Right _ 2",-59.9512084369084,68.2019498811111,1345.45031893926,-81.6725794699018,165.784113112848,1385.12068519895
"BIGKAT _ C08 _ Right _ 2",-58.9828679907751,65.2148429313088,1342.3729050206,-88.0505489243507,178.334151124176,1387.3182094401
"BIGKAT _ C08 _ Right _ 2",-58.372116074241,63.0989633180184,1340.52266843889,-92.0197735634705,185.42483804957,1388.79318333503
"BIGKAT _ C08 _ Right _ 2",-58.210922393349,62.164910384435,1340.17210655665,-92.9118555380172,186.094907758853,1389.36630242586
"BIGKAT _ C08 _ Right _ 2",-58.5316438539729,62.5668908835825,1341.40081986091,-90.5384804077173,180.158347095495,1388.9530760468
"BIGKAT _ C08 _ Right _ 2",-59.2980143553018,64.2705096445749,1344.07204448318,-85.2484393451863,168.275336801991,1387.58496904548
"BIGKAT _ C08 _ Right _ 2",-60.4051144602563,67.0462506185339,1347.84326919592,-77.8626021629778,151.923564516291,1385.42522093286
"BIGKAT _ C08 _ Right _ 2",-61.690129515972,70.4917855802663,1352.21051307538,-69.5045243999351,133.247458587805,1382.76833825006
"BIGKAT _ C08 _ Right _ 2",-62.954018506108,74.0817807869243,1356.57867053747,-61.3779260912348,114.782381307534,1380.01254951643
"BIGKAT _ C08 _ Right _ 2",-63.9912874967937,77.2382592695481,1360.34483983538,-54.5557967392457,99.0863226097591,1377.6027651513
"BIGKAT _ C08 _ Right _ 2",-64.6224752148754,79.4108188253211,1362.98038451054,-49.8318083923576,88.3455975248864,1375.95381484551
"BIGKAT _ C08 _ Right _ 2",-64.7231978879994,80.1560241688854,1364.10095294364,-47.6509809579763,84.0322070295647,1375.37241649723
"BIGKAT _ C08 _ Right _ 2",-64.2447553239158,79.2075338994451,1363.51870936049,-48.1033498439134,86.6734050225516,1375.9966054764
"BIGKAT _ C08 _ Right _ 2",-63.2232691152945,76.5296333426969,1361.27373877677,-50.9501052998052,95.7643720678354,1377.76537441876
"BIGKAT _ C08 _ Right _ 2",-61.7760852422591,72.3454284199506,1357.64089615857,-55.6605599226112,109.831898220215,1380.42441009053
"BIGKAT _ C08 _ Right _ 2",-60.0856606019109,67.129266998712,1353.10673701613,-61.459951272555,126.643208178307,1383.56774745741
"BIGKAT _ C08 _ Right _ 2",-58.3729362125584,61.5551293627011,1348.31232839172,-67.4055240686923,143.538236441943,1386.70792172214
"BIGKAT _ C08 _ Right _ 2",-56.8644186678897,56.4012233212849,1343.96368505764,-72.5077631128917,157.840043984926,1389.35922274451
"BIGKAT _ C08 _ Right _ 2",-55.7589191300723,52.4238704920525,1340.72084244206,-75.8927715042794,167.276039132419,1391.11496614841
"BIGKAT _ C08 _ Right _ 2",-55.1998686261403,50.2252407873576,1339.0851406836,-76.9726201649602,170.336150508564,1391.70428399709
"BIGKAT _ C08 _ Right _ 2",-55.2571753369077,50.1440616958559,1339.30827720671,-75.5720525822727,166.506674063618,1391.02379274203
"BIGKAT _ C08 _ Right _ 2",-55.9199829416993,52.1942539606772,1341.34424703459,-71.9652108488886,156.342061429117,1389.14682005971
"BIGKAT _ C08 _ Right _ 2",-57.099881587201,56.0651625319196,1344.85666789606,-66.8044070302473,141.362717646854,1386.31323074419
"BIGKAT _ C08 _ Right _ 2",-58.6434670858015,61.1818102901079,1349.2810538849,-60.9620178759481,123.794093924897,1382.89946354028
"BIGKAT _ C08 _ Right _ 2",-60.3528584446692,66.8085184089841,1353.92773749963,-55.338483621404,106.193624218757,1379.3679383446
"BIGKAT _ C08 _ Right _ 2",-62.0119785998497,72.1695599140273,1358.10085906679,-50.6981529982275,91.041393407946,1376.20040973963
"BIGKAT _ C08 _ Right _ 2",-63.4151707636451,76.5606673199906,1361.20648309301,-47.5752409802644,80.3801572945691,1373.82690576841
"BIGKAT _ C08 _ Right _ 2",-64.3941279822932,79.4349914462533,1362.83008474814,-46.2557206387151,75.566947540458,1372.56384987357
"BIGKAT _ C08 _ Right _ 2",-64.8398438479407,80.4602447227085,1362.77690826129,-46.8085977484828,77.1523124505845,1372.57027951355
"BIGKAT _ C08 _ Right _ 2",-64.7176119056,79.5519327541333,1361.08057130527,-49.127757427392,84.8644984254238,1373.82493844083
"BIGKAT _ C08 _ Right _ 2",-64.0736779796949,76.886645163783,1357.98950435912,-52.9557534941516,97.667412489786,1376.12494692931
"BIGKAT _ C08 _ Right _ 2",-63.0317617394054,72.892121448893,1353.93692788695,-57.8848037184878,113.878827400406,1379.10857636497
"BIGKAT _ C08 _ Right _ 2",-61.777625006751,68.2046267514231,1349.49332403995,-63.3546626542078,131.354888565929,1382.3050601185
"BIGKAT _ C08 _ Right _ 2",-60.5316908404616,63.5861357641782,1345.29760599872,-68.6790230047013,147.746936121428,1385.20859323663
"BIGKAT _ C08 _ Right _ 2",-59.5133726924165,59.8056660824919,1341.9680537528,-73.1235548004831,160.814623677284,1387.36331251014
"BIGKAT _ C08 _ Right _ 2",-58.904237121054,57.5052042612574,1340.00425914694,-76.0319934340207,168.751362239908,1388.43886407459
"BIGKAT _ C08 _ Right _ 2",-58.8180350414785,57.0815796452495,1339.70022117743,-76.9660948746885,170.462941110254,1388.27850865092
"BIGKAT _ C08 _ Right _ 2",-59.2834939531142,58.6148606582117,1341.09045925973,-75.8093281754711,165.744499892909,1386.9120050892
"BIGKAT _ C08 _ Right _ 2",-60.2421957918688,61.8616583518473,1343.94412072615,-72.7933824123681,155.319327107627,1384.53653444837
"BIGKAT _ C08 _ Right _ 2",-61.5607438634165,66.313414725202,1347.80943020026,-68.4367474112438,140.727582919659,1381.47514403167
"BIGKAT _ C08 _ Right _ 2",-63.054211498858,71.3017560729206,1352.09719581687,-63.4202313116748,124.081068982563,1378.12338098078
"BIGKAT _ C08 _ Right _ 2",-64.5160521153244,76.1209148170711,1356.18199478152,-58.4472347801101,107.729962232695,1374.89377875234
"BIGKAT _ C08 _ Right _ 2",-65.7483412538667,80.1354296104813,1359.49670587604,-54.135487697225,93.91046053172,1372.16644713477
"BIGKAT _ C08 _ Right _ 2",-66.5865508590865,82.8513507955706,1361.60187710197,-50.9635014152693,84.4436627820716,1370.25135675454
"BIGKAT _ C08 _ Right _ 2",-66.915698249992,83.9471128611491,1362.22370200272,-49.2636820664985,80.5294869491302,1369.3629908061
"BIGKAT _ C08 _ Right _ 2",-66.6784204815164,83.2769926079222,1361.26665131937,-49.2327717652433,82.6405258359325,1369.60315330732
"BIGKAT _ C08 _ Right _ 2",-65.8778074409491,80.8664985949922,1358.81227731527,-50.929059783033,90.496267616005,1370.94747683681
"BIGKAT _ C08 _ Right _ 2",-64.5771838794464,76.9122039566663,1355.11219195049,-54.2429370351061,103.100629187348,1373.23702123639
"BIGKAT _ C08 _ Right _ 2",-62.89636976396,71.7836880982592,1350.57441925643,-58.8529797755767,118.843124485589,1376.18351527434
"BIGKAT _ C08 _ Right _ 2",-61.0019177938356,66.0124586287362,1345.73495784769,-64.2007717367397,135.673576686641,1379.39788335992
"BIGKAT _ C08 _ Right _ 2",-59.0896055875049,60.2507638712768,1341.20580833111,-69.5221365797015,151.349790363669,1382.44379373499
"BIGKAT _ C08 _ Right _ 2",-57.3607049415125,55.1939618226083,1337.59773681197,-73.9547557989458,163.733626774806,1384.90603026897
"BIGKAT _ C08 _ Right _ 2",-55.996598416008,51.4771675318662,1335.42700821114,-76.7081643053024,171.090540874581,1386.45621441114
"BIGKAT _ C08 _ Right _ 2",-55.1367888500311,49.5701464103732,1335.02483603758,-77.2485389643102,172.342680393042,1386.90022223456
"BIGKAT _ C08 _ Right _ 2",-54.8633756971451,49.6971966819749,1336.47192962107,-75.435840062059,167.234825938495,1386.19952156084
"BIGKAT _ C08 _ Right _ 2",-55.1927227169644,51.8013935452378,1339.57632986594,-71.5633400078771,156.386789286091,1384.4666388157
"BIGKAT _ C08 _ Right _ 2",-56.0740175019821,55.5599159977876,1343.90190810592,-66.2840956610751,141.219587424797,1381.93993906788
"BIGKAT _ C08 _ Right _ 2",-57.394640787679,60.4440692015868,1348.841283344,-60.4504597441801,123.758249137443,1378.94510459442
"BIGKAT _ C08 _ Right _ 2",-58.9924216544609,65.8071834738306,1353.71526141964,-54.9234059629864,106.336730539978,1375.85107243163
"BIGKAT _ C08 _ Right _ 2",-60.6740460529551,70.9785647376707,1357.87529714935,-50.4143548750292,91.2569987577785,1373.02722971642
"BIGKAT _ C08 _ Right _ 2",-62.2375745983218,75.3445472067717,1360.78809881804,-47.4005458561968,80.4695230106886,1370.80651196234
"BIGKAT _ C08 _ Right _ 2",-63.4963772733926,78.407869051321,1362.09119649077,-46.1177552021267,75.3311749001664,1369.45568485756
"BIGKAT _ C08 _ Right _ 2",-64.3021918773177,79.8285901456519,1361.62019714725,-46.6016467418881,76.4629504055492,1369.15042640588
"BIGKAT _ C08 _ Right _ 2",-64.5656457884224,79.4560355881911,1359.41631617395,-48.7366971862192,83.6979642549842,1369.95162671315
"BIGKAT _ C08 _ Right _ 2",-64.2723730346382,77.3575095729534,1355.72287815063,-52.2819146053126,96.101594123756,1371.78325717763
"BIGKAT _ C08 _ Right _ 2",-63.4915723739113,73.8380208180125,1350.97270506836,-56.8671766548897,112.059564683038,1374.4199360424
"BIGKAT _ C08 _ Right _ 2",-62.3726764930586,69.4339165000017,1345.75965784962,-61.9801232449954,129.445472756323,1377.49771056275
"BIGKAT _ C08 _ Right _ 2",-61.1268113085837,64.8614638175285,1340.78363605142,-66.9782271814436,145.876469464941,1380.55810384469
"BIGKAT _ C08 _ Right _ 2",-59.9937912972685,60.9134957384833,1336.763251415,-71.1548818515291,159.041562403606,1383.12290111076
"BIGKAT _ C08 _ Right _ 2",-59.2006447217022,58.3185489305219,1334.3230424838,-73.862200806219,167.055801514092,1384.78284366
"BIGKAT _ C08 _ Right _ 2",-58.9208879667705,57.5959580389835,1333.87659378231,-74.6591034453976,168.773664157808,1385.2764043688
"BIGKAT _ C08 _ Right _ 2",-59.2433707760354,58.9467157228887,1335.53580020836,-73.4308908955578,163.995123388921,1384.53847668534
"BIGKAT _ C08 _ Right _ 2",-60.1564976108164,62.2107334339228,1339.0743860203,-70.4307307006095,153.516217268927,1382.70922929001
"BIGKAT _ C08 _ Right _ 2",-61.5500416750116,66.9012729937895,1343.96011268284,-66.2237680798469,139.006309211482,1380.10425261972
"BIGKAT _ C08 _ Right _ 2",-63.2337273015164,72.3049466052115,1349.44987221152,-61.5548653494527,122.731117962019,1377.15499122667
"BIGKAT _ C08 _ Right _ 2",-64.9690903835482,77.618560951704,1354.72341953089,-57.1893877033895,107.177150738848,1374.33342339911
"BIGKAT _ C08 _ Right _ 2",-66.5086932737544,82.0877711543219,1359.02262916292,-53.7786920131579,94.6571589216779,1372.077248304
"BIGKAT _ C08 _ Right _ 2",-67.6354807642309,85.1188108496236,1361.76697055996,-51.7798831978761,86.9739273377865,1370.72951937163
"BIGKAT _ C08 _ Right _ 2",-68.195907033719,86.3497118876753,1362.6287140859,-51.4289569280642,85.1898133341768,1370.49885573004
"BIGKAT _ C08 _ Right _ 2",-68.1228801274434,85.6828300687051,1361.5650672343,-52.7459734361563,89.5110419396013,1371.43768366193
"BIGKAT _ C08 _ Right _ 2",-67.4467174085096,83.2877516553245,1358.81223190417,-55.5491436673676,99.2743077417472,1373.43349873715
"BIGKAT _ C08 _ Right _ 2",-66.2929915457356,79.5804422346714,1354.84721391549,-59.4680709834064,113.026886369954,1376.21349324757
"BIGKAT _ C08 _ Right _ 2",-64.8660469766236,75.1761963340047,1350.32100019341,-63.964320275567,128.704671370011,1379.36981853201
"BIGKAT _ C08 _ Right _ 2",-63.4179847147899,70.8098705882125,1345.96635497869,-68.3784894774404,143.912249811849,1382.41292640942
"BIGKAT _ C08 _ Right _ 2",-62.2062994486244,67.2235231141878,1342.48755716754,-72.0187270914242,156.285515805778,1384.85094072125
"BIGKAT _ C08 _ Right _ 2",-61.4479689397375,65.0370027505007,1340.44675614533,-74.2855178364656,163.881902709741,1386.27943910862
"BIGKAT _ C08 _ Right _ 2",-61.2805161116777,64.6313583078128,1340.16801646687,-74.8018189620248,165.518886613759,1386.4582222813
"BIGKAT _ C08 _ Right _ 2",-61.7391371399299,66.0776561676586,1341.6809029849,-73.5033459866751,160.983645491295,1385.35503057393
"BIGKAT _ C08 _ Right _ 2",-62.7541960292189,69.1316846963855,1344.71854024911,-70.6529185131977,151.064798933587,1383.14749243859
"BIGKAT _ C08 _ Right _ 2",-64.1678852041016,73.2938990621743,1348.77193254273,-66.7722574289189,137.399267625239,1380.18648844091
"BIGKAT _ C08 _ Right _ 2",-65.7646595995172,77.9139626572817,1353.18727619963,-62.5180669045227,122.170726905258,1376.93207326526
"BIGKAT _ C08 _ Right _ 2",-67.3078690169684,82.3087869955369,1357.28189648336,-58.548064037261,107.730021829038,1373.87693875117
"BIGKAT _ C08 _ Right _ 2",-68.5750758632809,85.8653525816207,1360.45221113728,-55.4178203770011,96.221382708803,1371.47268491058
"BIGKAT _ C08 _ Right _ 2",-69.3867691805182,88.1122997724408,1362.25442340651,-53.526212269264,89.2839728242119,1370.07027929751
"BIGKAT _ C08 _ Right _ 2",-69.6265310815884,88.7601490738431,1362.45096067686,-53.1011920779551,87.8622313907451,1369.87893310211
"BIGKAT _ C08 _ Right _ 2",-69.2533656317963,87.7205544570762,1361.02635257506,-54.2031081298108,92.1218158390411,1370.94161808622
"BIGKAT _ C08 _ Right _ 2",-68.3074607482446,85.1150789317648,1358.18062059733,-56.7253533895739,101.45187212056,1373.12505554774
"BIGKAT _ C08 _ Right _ 2",-66.9091188091264,81.2749101081955,1354.30573652015,-60.3872423482948,114.542071409179,1376.12677989494
"BIGKAT _ C08 _ Right _ 2",-65.2485152333286,76.7218199005454,1349.94471575789,-64.7320338378887,129.538037920877,1379.506173245
"BIGKAT _ C08 _ Right _ 2",-63.5636491096172,72.1164320258943,1345.7291436316,-69.1535769600466,144.280759478858,1382.74400035407
"BIGKAT _ C08 _ Right _ 2",-62.1067016578755,68.1675799829653,1342.29394542494,-72.9705309676244,156.616377091026,1385.32498717451
"BIGKAT _ C08 _ Right _ 2",-61.1038572331663,65.5134522497039,1340.17782304279,-75.5468142799614,164.732812499449,1386.82658342453
"BIGKAT _ C08 _ Right _ 2",-60.7173268079717,64.6018104456937,1339.72847867568,-76.4301231298659,167.458237430518,1386.99258768383
"BIGKAT _ C08 _ Right _ 2",-61.0184135121101,65.6027821103659,1341.03642538832,-75.4628454341125,164.456220451174,1385.77569380969
"BIGKAT _ C08 _ Right _ 2",-61.9772204175683,68.3796043908559,1343.91620081076,-72.8238076030361,156.273169328508,1383.34375073519
"BIGKAT _ C08 _ Right _ 2",-63.4700903885799,72.5241966759636,1347.94099189557,-68.9847795291473,144.226900475726,1380.05379436876
"BIGKAT _ C08 _ Right _ 2",-65.3018584229493,77.4440957458717,1352.52148890012,-64.5994447964528,130.161723917462,1376.40225838951
"BIGKAT _ C08 _ Right _ 2",-67.2372327588836,82.4733434102584,1357.00810891709,-60.3668966302105,116.127505034026,1372.96018087464
"BIGKAT _ C08 _ Right _ 2",-69.0345262859329,86.9772496178136,1360.79178707509,-56.914583862123,104.058123078716,1370.30100275672
"BIGKAT _ C08 _ Right _ 2",-70.4759274330259,90.4297253400517,1363.38356342881,-54.7273103255697,95.517881817448,1368.92642521102
"BIGKAT _ C08 _ Right _ 2",-71.3911591659396,92.4572426568411,1364.46437741625,-54.1215382610812,91.5509845827891,1369.19294443408
"BIGKAT _ C08 _ Right _ 2",-71.6742114248044,92.8573443273708,1363.90767497494,-55.2438132806589,92.6254649125107,1371.24083567497
"BIGKAT _ C08 _ Right _ 2",-71.294141717916,91.6049700789684,1361.78283791665,-58.0684508132898,98.6350748242552,1374.93259029371
"BIGKAT _ C08 _ Right _ 2",-70.3001535190946,88.8549599088076,1358.34554951609,-62.382120677609,108.925338210689,1379.81875982818
"BIGKAT _ C08 _ Right _ 2",-68.8192390779002,84.9383732758171,1354.01523525303,-67.7632774182206,122.335613626411,1385.15825793724
"BIGKAT _ C08 _ Right _ 2",-67.0435347308278,80.3415341138328,1349.33484618497,-73.5814071335584,137.276017321123,1390.01677690317
"BIGKAT _ C08 _ Right _ 2",-65.2059095671608,75.656482628633,1344.90856835987,-79.0450107597118,151.867109486323,1393.44471224748
"BIGKAT _ C08 _ Right _ 2",-63.5461934167849,71.5009366865875,1341.31945088694,-83.3131763919778,164.155012947938,1394.69929112444
"BIGKAT _ C08 _ Right _ 2",-62.2745956630356,68.41995751639,1339.03847710167,-85.6570820169088,172.383614962387,1393.44212284921
"BIGKAT _ C08 _ Right _ 2",-61.5404709871749,66.7923974850038,1338.34403198316,-85.627974959152,175.275933637783,1389.83661940448
"BIGKAT _ C08 _ Right _ 2",-61.4127507724682,66.767016191795,1339.27181855737,-83.1742061824926,172.263532751468,1384.50168200655
"BIGKAT _ C08 _ Right _ 2",-61.8745880595463,68.2451661393706,1341.60907780158,-78.6620938585052,163.610003713701,1378.33611869836
"BIGKAT _ C08 _ Right _ 2",-62.8312535480889,70.9130056304492,1344.935616182,-72.7899779600142,150.396209187794,1372.28173261692
"BIGKAT _ C08 _ Right _ 2",-64.1281367863187,74.311691356946,1348.7015290868,-66.4258033666855,134.363929518653,1367.11405012023
"BIGKAT _ C08 _ Right _ 2",-65.5745962129395,77.9236898519846,1352.32199414864,-60.4261800453265,117.646192878214,1363.32908851173
"BIGKAT _ C08 _ Right _ 2",-66.96895986006,81.250877104363,1355.2666501107,-55.495509528633,102.440741309789,1361.14430220472
"BIGKAT _ C08 _ Right _ 2",-68.1205929729382,83.867180354471,1357.12607325582,-52.1178706455895,90.6961839307448,1360.57847359267
"BIGKAT _ C08 _ Right _ 2",-68.8671671344306,85.4427212470672,1357.64849327788,-50.5572773789561,83.8682736811942,1361.54652444753
"BIGKAT _ C08 _ Right _ 2",-69.0883295418901,85.7506775191009,1356.75106420928,-50.8941809205782,82.7709268581821,1363.91277020069
"BIGKAT _ C08 _ Right _ 2",-68.7187531217642,84.6745464378777,1354.5163235222,-53.0599269930079,87.5139212477286,1367.48010919943
"BIGKAT _ C08 _ Right _ 2",-67.7622897013065,82.2285670318821,1351.18316450478,-56.8451297007159,97.5070925758961,1371.93280564441
"BIGKAT _ C08 _ Right _ 2",-66.3049108137576,78.5901234284618,1347.13403006297,-61.8827479029968,111.521347879416,1376.77969388106
"BIGKAT _ C08 _ Right _ 2",-64.5198658654816,74.1272134728269,1342.8713590516,-67.6299004790977,127.813349750232,1381.35197287362
"BIGKAT _ C08 _ Right _ 2",-62.6575174109046,69.3958278207191,1338.97322644078,-73.3830800013824,144.323643872117,1384.88992745879
"BIGKAT _ C08 _ Right _ 2",-61.0162502383644,65.0877395433942,1336.02356169204,-78.3525376309552,158.94065154281,1386.70996586472
"BIGKAT _ C08 _ Right _ 2",-59.8975262164308,61.9272342373532,1334.52287798894,-81.7951039412921,169.796068391669,1386.39633566448
"BIGKAT _ C08 _ Right _ 2",-59.5535043477899,60.5366343530559,1334.79513261798,-83.1730611281528,175.538944521393,1383.9388050915
"BIGKAT _ C08 _ Right _ 2",-60.1376464925739,61.3047633537638,1336.91190223694,-82.2869980060666,175.536440568,1379.75534085841
"BIGKAT _ C08 _ Right _ 2",-61.6684202100459,64.2944044816244,1340.65586044783,-79.3340727764874,169.965555714669,1374.58827512417
"BIGKAT _ C08 _ Right _ 2",-64.0148997572719,69.2149409749628,1345.54033491541,-74.868791208949,159.781887493482,1369.31595226359
"BIGKAT _ C08 _ Right _ 2",-66.9100976845484,75.4685374641949,1350.8886028142,-69.679503915975,146.571930856133,1364.7527317121
"BIGKAT _ C08 _ Right _ 2",-69.9919161056566,82.2575857019113,1355.95717823892,-64.6236638659883,132.313711353633,1361.50577004455
"BIGKAT _ C08 _ Right _ 2",-72.8636427737014,88.7242091895021,1360.06986739525,-60.4743500113868,119.086566656101,1359.9215397175
"BIGKAT _ C08 _ Right _ 2",-75.1598113098837,94.086214989415,1362.72501894449,-57.8157527596661,108.780002035378,1360.10824117692
"BIGKAT _ C08 _ Right _ 2",-76.6027747505124,97.7411465909607,1363.65190377291,-56.9960874876016,102.846890605207,1361.98842447219
"BIGKAT _ C08 _ Right _ 2",-77.0404578482973,99.3268653725621,1362.81565896696,-58.1207210309376,102.127837856531,1365.33594950537
"BIGKAT _ C08 _ Right _ 2",-76.4624762770844,98.7435068966231,1360.38863730195,-61.060080555045,106.752702898996,1369.77883348192
"BIGKAT _ C08 _ Right _ 2",-74.995975625576,96.1488987340123,1356.70932996549,-65.4576060453791,116.116348746565,1374.78500169542
"BIGKAT _ C08 _ Right _ 2",-72.8833195844268,91.9358128775422,1352.240349853,-70.7429283717888,128.93156897042,1379.67084413751
"BIGKAT _ C08 _ Right _ 2",-70.4437094821894,86.6905718342779,1347.524693428,-76.1709149797243,143.370457759557,1383.67043520979
"BIGKAT _ C08 _ Right _ 2",-68.0228942039786,81.1273938484271,1343.13419611215,-80.9073315715639,157.299956459604,1386.07482094226
"BIGKAT _ C08 _ Right _ 2",-65.9393370585504,75.9969796120578,1339.60767807069,-84.1637921719696,168.593240511889,1386.40769609735
"BIGKAT _ C08 _ Right _ 2",-64.4381816995343,71.9792698137682,1337.38355927538,-85.3567184428978,175.468270768406,1384.57064436732
"BIGKAT _ C08 _ Right _ 2",-63.662719239188,69.5811236704282,1336.73696480529,-84.2435670015452,176.787255339048,1380.89225522271
"BIGKAT _ C08 _ Right _ 2",-63.6470549590044,69.0622816409042,1337.73317110169,-80.9888042339891,172.255815708956,1376.05451947963
"BIGKAT _ C08 _ Right _ 2",-64.3269142997232,70.405633747265,1340.20870961052,-76.13417893499,162.483206721299,1370.92405291223
"BIGKAT _ C08 _ Right _ 2",-65.5614746424236,73.3348753260034,1343.78801285106,-70.4820264701987,148.893210325962,1366.35331215191
"BIGKAT _ C08 _ Right _ 2",-67.158723963722,77.370524510355,1347.93597546742,-64.9303464161388,133.50168269822,1363.02022759132
"BIGKAT _ C08 _ Right _ 2",-68.8991599356053,81.9084601556646,1352.03721531908,-60.3108299189212,118.599611232768,1361.34662389391
"BIGKAT _ C08 _ Right _ 2",-70.5561703878113,86.3047424653902,1355.48625093279,-57.2710575187465,106.398277147163,1361.49411413347
"BIGKAT _ C08 _ Right _ 2",-71.9146861291952,89.9550522392676,1357.77282037432,-56.2161144498452,98.6996064093464,1363.40350224632
"BIGKAT _ C08 _ Right _ 2",-72.7911939312184,92.3636204731608,1358.55181774098,-57.2977387962954,96.6440975769629,1366.83636614202
"BIGKAT _ C08 _ Right _ 2",-73.0569436724135,93.2012437522598,1357.69300576423,-60.4253102224161,100.564543468241,1371.39555302019
"BIGKAT _ C08 _ Right _ 2",-72.6624267872931,92.3518840679845,1355.30760033863,-65.2777909460436,109.950405618576,1376.53034534753
"BIGKAT _ C08 _ Right _ 2",-71.6567269398214,89.9424248937727,1351.74671223028,-71.3136338079482,123.517272838247,1381.55462430284
"BIGKAT _ C08 _ Right _ 2",-70.1929015318034,86.3443331704775,1347.56448104438,-77.7949535612076,139.375608168457,1385.71060248898
"BIGKAT _ C08 _ Right _ 2",-68.5124633827035,82.1351076832691,1343.44189622927,-83.85058834378,155.289116554065,1388.29212999436
"BIGKAT _ C08 _ Right _ 2",-66.9083163467774,78.0150698627061,1340.07744516096,-88.5925575329016,168.996960609335,1388.80597321606
"BIGKAT _ C08 _ Right _ 2",-65.6731429163549,74.6893479183996,1338.06335637025,-91.2744825199984,178.552375917681,1387.11572261443
"BIGKAT _ C08 _ Right _ 2",-65.0451965498587,72.7390167278452,1337.77418701615,-91.452335982512,182.61800990049,1383.50474692605
"BIGKAT _ C08 _ Right _ 2",-65.1638265554567,72.5121056365617,1339.29399454772,-89.0944722624222,180.664259880303,1378.62182162786
"BIGKAT _ C08 _ Right _ 2",-66.0439686313003,74.061519036825,1342.40025637551,-84.5987841241005,173.037254286249,1373.32218463672
"BIGKAT _ C08 _ Right _ 2",-67.5743295859875,77.1446114639772,1346.60980041198,-78.706269886702,160.888226843173,1368.460861219
"BIGKAT _ C08 _ Right _ 2",-69.5391121385145,81.2824878637346,1351.27677461342,-72.3379462251952,145.979631441531,1364.71212495742
"BIGKAT _ C08 _ Right _ 2",-71.6580589464453,85.8609595077623,1355.71823243258,-66.408451674758,130.404343135606,1362.472190436
"BIGKAT _ C08 _ Right _ 2",-73.6352247568076,90.2446987720091,1359.33445566309,-61.6724437192165,116.270967794319,1361.86087150526
"BIGKAT _ C08 _ Right _ 2",-75.205298604986,93.8759615078882,1361.69446459098,-58.6383579061821,105.413774239002,1362.79311632817
"BIGKAT _ C08 _ Right _ 2",-76.1689755870401,96.3398977990166,1362.57305052882,-57.5508675312257,99.1727598199761,1365.06638515729
"BIGKAT _ C08 _ Right _ 2",-76.4144325697314,97.3945394697089,1361.9459598659,-58.4168711114918,98.2609739179764,1368.41595310197
"BIGKAT _ C08 _ Right _ 2",-75.9267089638,96.9761057426802,1359.9623852776,-61.0423249866227,102.708974879185,1372.51966493329
"BIGKAT _ C08 _ Right _ 2",-74.7879112394764,95.1929505554526,1356.91248310455,-65.0586767746802,111.867713094899,1376.96820033106
"BIGKAT _ C08 _ Right _ 2",-73.1689282672348,92.3146697474749,1353.19635944926,-69.9387529235837,124.463855115837,1381.24054616971
"BIGKAT _ C08 _ Right _ 2",-71.3106611041117,88.7527258757831,1349.28977108098,-75.0206094825283,138.720630244792,1384.72776720827
"BIGKAT _ C08 _ Right _ 2",-69.4928341364139,85.022992599806,1345.69854876262,-79.5637699583438,152.562268929164,1386.82769442481
"BIGKAT _ C08 _ Right _ 2",-67.9922045354654,81.6834120040825,1342.89926409038,-82.8505687616909,163.901029504375,1387.09405574838
"BIGKAT _ C08 _ Right _ 2",-67.0372274242274,79.2504704959255,1341.27264692435,-84.3200926738715,170.970855583543,1385.38446255616
"BIGKAT _ C08 _ Right _ 2",-66.7694204400897,78.1104482095467,1341.04278777613,-83.6967681191944,172.641057001754,1381.93814253195
"BIGKAT _ C08 _ Right _ 2",-67.2207256063501,78.4481840961258,1342.23662834943,-81.0661095000887,168.634624079574,1377.34026421739
"BIGKAT _ C08 _ Right _ 2",-68.3117025227655,80.213429530875,1344.67488553111,-76.8651082227343,159.593593440936,1372.38297731036
"BIGKAT _ C08 _ Right _ 2",-69.8696495023908,83.1338578202757,1347.99835466088,-71.7882862707409,146.971082749906,1367.88172328939
"BIGKAT _ C08 _ Right _ 2",-71.6608953646173,86.7693896133257,1351.72413206557,-66.6443924200297,132.773655731162,1364.5192787208
"BIGKAT _ C08 _ Right _ 2",-73.4289314743457,90.5907978201268,1355.31815746928,-62.2136986027452,119.215007033158,1362.76303239685
"BIGKAT _ C08 _ Right _ 2",-74.9304465957181,94.0613976103804,1358.2679247119,-59.1443154163452,108.359809088552,1362.85392236037
"BIGKAT _ C08 _ Right _ 2",-75.9642905502278,96.7053615275643,1360.14369525371,-57.8975245408725,101.827480531357,1364.8300817672
"BIGKAT _ C08 _ Right _ 2",-76.3921534229006,98.1565000903864,1360.6445315391,-58.7261218483758,100.594671355943,1368.54402448875
"BIGKAT _ C08 _ Right _ 2",-76.1520292206112,98.1906972382887,1359.63104907454,-61.6609796487581,104.900644844277,1373.65532336447
"BIGKAT _ C08 _ Right _ 2",-75.2651394489347,96.7480235867108,1357.14655347126,-66.4913406389171,114.240752978406,1379.61265646036
"BIGKAT _ C08 _ Right _ 2",-73.8348137011671,93.9460880596847,1353.42380020154,-72.7448862163165,127.434832214648,1385.66131113879
"BIGKAT _ C08 _ Right _ 2",-72.0344476389923,90.0789333814809,1348.87105614629,-79.6916850059587,142.767449058182,1390.91317372873
"BIGKAT _ C08 _ Right _ 2",-70.0833679933966,85.5923112465383,1344.03253950808,-86.4007070696262,158.19856404626,1394.49238217509
"BIGKAT _ C08 _ Right _ 2",-68.2138980687177,81.0303567701513,1339.52427149476,-91.8636313578502,171.629941067763,1395.72919140951
"BIGKAT _ C08 _ Right _ 2",-66.6370505746174,76.9587007385575,1335.95295649664,-95.1727315650551,181.193246671661,1394.33875432071
"BIGKAT _ C08 _ Right _ 2",-65.5148894818566,73.8787763306611,1333.82941565521,-95.7111180651837,185.514686027113,1390.5147283423
"BIGKAT _ C08 _ Right _ 2",-64.9442530459452,72.1518344754374,1333.48912812219,-93.2994495032752,183.914701219661,1384.89715421508
"BIGKAT _ C08 _ Right _ 2",-64.9517471655194,71.9477917711799,1335.03216833179,-88.2510083518744,176.51433161248,1378.42317675347
"BIGKAT _ C08 _ Right _ 2",-65.4968577873312,73.226573130822,1338.29405612866,-81.3141190209813,164.233282130911,1372.11190245922
"BIGKAT _ C08 _ Right _ 2",-66.4799327990331,75.7519941608251,1342.85666972037,-73.5173136893401,148.675718119733,1366.85413424049
"BIGKAT _ C08 _ Right _ 2",-67.7534676612646,79.1324598994948,1348.10247991591,-65.9647162014637,131.9126723597,1363.26978266312
"BIGKAT _ C08 _ Right _ 2",-69.136633090465,82.879106881435,1353.30566799058,-59.6428533056126,116.188610466583,1361.66415701809
"BIGKAT _ C08 _ Right _ 2",-70.4334123793207,86.4707593727379,1357.74349588169,-55.2879091982362,103.599619444769,1362.07067966173
"BIGKAT _ C08 _ Right _ 2",-71.4544168239899,89.4169023871211,1360.80606140674,-53.3302260047937,95.7997075517628,1364.33231216653
"BIGKAT _ C08 _ Right _ 2",-72.0418099458347,91.3142522725004,1362.08524150586,-53.898841248447,93.7812932664774,1368.16655019144
"BIGKAT _ C08 _ Right _ 2",-72.0955446523262,91.8964820421009,1361.43159512011,-56.8515977553657,97.7521326251864,1373.18243577502
"BIGKAT _ C08 _ Right _ 2",-71.5970034089885,91.076617312738,1358.97540409242,-61.8024560125239,107.110706049511,1378.85734079619
"BIGKAT _ C08 _ Right _ 2",-70.6236834448919,88.9766612068605,1355.11110493151,-68.1398228784221,120.516821582531,1384.51468608675
"BIGKAT _ C08 _ Right _ 2",-69.3475004915529,85.9326146832055,1350.44466649538,-75.0535596801673,136.05824240136,1389.35453705935
"BIGKAT _ C08 _ Right _ 2",-68.0116911048124,82.4612954082265,1345.70594874896,-81.599633835836,151.511441383159,1392.56928248961
"BIGKAT _ C08 _ Right _ 2",-66.8876321691865,79.1825682975042,1341.63525719354,-86.8217270484747,164.675426159084,1393.53119160529
"BIGKAT _ C08 _ Right _ 2",-66.2205263924883,76.7056037868024,1338.86194000649,-89.920675428418,173.728521015112,1391.98873496932
"BIGKAT _ C08 _ Right _ 2",-66.1776888537036,75.5038419911821,1337.79766763667,-90.4293899489898,177.536372330529,1388.18457688015
"BIGKAT _ C08 _ Right _ 2",-66.8129024309064,75.8122924625286,1338.56616945146,-88.332473496392,175.839310971791,1382.82984133526
"BIGKAT _ C08 _ Right _ 2",-68.0559258165971,77.5778510329568,1340.98602745379,-84.0795095130046,169.270433136805,1376.92884246478
"BIGKAT _ C08 _ Right _ 2",-69.7299107499726,80.4790003091645,1344.61418541915,-78.477116159598,159.194423768862,1371.51406263866
"BIGKAT _ C08 _ Right _ 2",-71.5926353558213,84.0103477665754,1348.84440250256,-72.4906692144107,147.400804349837,1367.38786321035
"BIGKAT _ C08 _ Right _ 2",-73.3910223869052,87.6070561260974,1353.038693821,-67.0198192127138,135.724080829367,1364.95828711423
