"fileName","thumb_y","thumb_x","thumb_z","finger_y","finger_x","finger_z"
"BIGKAT _ C12 _ Right _ 2",-137.957506335827,39.0217148080266,1322.10125796389,-135.230454597012,51.7907117568036,1328.84299787347
"BIGKAT _ C12 _ Right _ 2",-137.952916571563,39.0222050687557,1322.09326092235,-135.228964003994,51.7906670708029,1328.83825860785
"BIGKAT _ C12 _ Right _ 2",-137.948219687926,39.021845989768,1322.08848311946,-135.221163633133,51.7890163891622,1328.82545497766
"BIGKAT _ C12 _ Right _ 2",-137.944974473893,39.0203536879846,1322.09010413352,-135.206689087204,51.7855533538667,1328.80509303284
"BIGKAT _ C12 _ Right _ 2",-137.945053249553,39.0176939443763,1322.100728205,-135.187317797581,51.7806017842422,1328.78058827356
"BIGKAT _ C12 _ Right _ 2",-137.950212678501,39.0142225260196,1322.1212615381,-135.16750053749,51.7751892242316,1328.75867256349
"BIGKAT _ C12 _ Right _ 2",-137.961523694816,39.0107716603799,1322.14981616417,-135.15433776673,51.7710923483773,1328.7490095676
"BIGKAT _ C12 _ Right _ 2",-137.978790571966,39.0086340656223,1322.18100412102,-135.1567891448,51.7706915566995,1328.76283104097
"BIGKAT _ C12 _ Right _ 2",-138.000151903771,39.0094091741222,1322.2060162163,-135.184071763677,51.7766101142503,1328.81065718981
"BIGKAT _ C12 _ Right _ 2",-138.0220780302,39.0147074277331,1322.21378496095,-135.243458403099,51.791176330043,1328.89950201271
"BIGKAT _ C12 _ Right _ 2",-138.039926521825,39.0257548388739,1322.19327866489,-135.337975449053,51.8158229888676,1329.03029719083
"BIGKAT _ C12 _ Right _ 2",-138.049059564914,39.0429907240224,1322.13656588206,-135.464714486859,51.8506001739856,1329.19644199601
"BIGKAT _ C12 _ Right _ 2",-138.04626240366,39.0657876512058,1322.04179875769,-135.614468929372,51.8939878051275,1329.38421946888
"BIGKAT _ C12 _ Right _ 2",-138.030928076455,39.0924203255946,1321.91491209817,-135.773082287386,51.9431211966864,1329.57523882191
"BIGKAT _ C12 _ Right _ 2",-138.00542408551,39.1203496387472,1321.76900519065,-135.924301802225,51.9943963202348,1329.75028382768
"BIGKAT _ C12 _ Right _ 2",-137.974401962263,39.1467723181407,1321.62127956132,-136.053320837481,52.0442681366189,1329.89338761476
"BIGKAT _ C12 _ Right _ 2",-137.943364291467,39.1692635347627,1321.48861892835,-136.149884148292,52.0899812764092,1329.99490067482
"BIGKAT _ C12 _ Right _ 2",-137.917136615808,39.1862894102068,1321.38354097467,-136.210006701374,52.1300170092136,1330.05274209107
"BIGKAT _ C12 _ Right _ 2",-137.89880342847,39.1974303028642,1321.31189081971,-136.235932848086,52.1641693666816,1330.07169779064
"BIGKAT _ C12 _ Right _ 2",-137.889338790542,39.2032881777447,1321.2726946678,-136.234618098471,52.1933006210254,1330.06126210601
"BIGKAT _ C12 _ Right _ 2",-137.887858487441,39.2051660140703,1321.25973800784,-136.215428944379,52.2189112278357,1330.03286176785
"BIGKAT _ C12 _ Right _ 2",-137.892257406367,39.2046560395066,1321.26402086775,-136.187819473291,52.2426759943016,1329.9972844751
"BIGKAT _ C12 _ Right _ 2",-137.899963570429,39.2032622327587,1321.27624115468,-136.159551478385,52.2660651667272,1329.96287074093
"BIGKAT _ C12 _ Right _ 2",-137.908592646367,39.2021383332087,1321.28869811919,-136.135730870685,52.290114234886,1329.93468530517
"BIGKAT _ C12 _ Right _ 2",-137.916377425963,39.2019705740889,1321.29633175701,-136.118657163734,52.3153520940692,1329.9145877787
"BIGKAT _ C12 _ Right _ 2",-137.922339165633,39.2029910844535,1321.29690663533,-136.108291452737,52.3418573795648,1329.90193443678
"BIGKAT _ C12 _ Right _ 2",-137.926238516317,39.2050814285463,1321.29054739724,-136.103062201347,52.3693924178638,1329.89457635846
"BIGKAT _ C12 _ Right _ 2",-137.92838323928,39.2079170911001,1321.27892058319,-136.100734576613,52.3975619630843,1329.88985127389
"BIGKAT _ C12 _ Right _ 2",-137.929378908079,39.2111092324711,1321.26434862416,-136.099137184534,52.4259544852725,1329.88535877249
"BIGKAT _ C12 _ Right _ 2",-137.929895075388,39.2143139232943,1321.24906977599,-136.09663446029,52.4542407120083,1329.8794205222
"BIGKAT _ C12 _ Right _ 2",-137.930493394016,39.2172954502007,1321.23475925868,-136.09232355488,52.4822215006634,1329.87122683021
"BIGKAT _ C12 _ Right _ 2",-137.931535805452,39.2199446058035,1321.22233297969,-136.086001775031,52.5098308321449,1329.86073930901
"BIGKAT _ C12 _ Right _ 2",-137.933167381551,39.2222625183882,1321.21198593409,-136.077986538007,52.5371078151557,1329.84845087515
"BIGKAT _ C12 _ Right _ 2",-137.935353526858,39.2243248287942,1321.2033806349,-136.068876141503,52.5641540218185,1329.83510333664
"BIGKAT _ C12 _ Right _ 2",-137.937945636174,39.2262406274211,1321.19589472882,-136.059324331727,52.5910904910839,1329.82143987712
"BIGKAT _ C12 _ Right _ 2",-137.940751272342,39.2281170837711,1321.18885300281,-136.049874977905,52.6180241855455,1329.8080369291
"BIGKAT _ C12 _ Right _ 2",-137.943591624053,39.2300358956042,1321.18169660625,-136.040874713578,52.6450284087084,1329.79522772563
"BIGKAT _ C12 _ Right _ 2",-137.946337411541,39.2320430532991,1321.17407162026,-136.032458115243,52.672137098899,1329.78310523632
"BIGKAT _ C12 _ Right _ 2",-137.948922094953,39.2341499388444,1321.1658429926,-136.024585418142,52.6993498214044,1329.77157828938
"BIGKAT _ C12 _ Right _ 2",-137.95133671253,39.2363418664395,1321.15705470676,-136.017107383189,52.7266428958405,1329.76045114209
"BIGKAT _ C12 _ Right _ 2",-137.953613416031,39.23858974963,1321.14786243644,-136.009833984066,52.7539821824862,1329.74950104872
"BIGKAT _ C12 _ Right _ 2",-137.955805041214,39.2408612639061,1321.13846268649,-136.002590225019,52.7813341169138,1329.738537008
"BIGKAT _ C12 _ Right _ 2",-137.957966584565,39.2431291544453,1321.1290354965,-135.995250660202,52.8086730724733,1329.7274325129
"BIGKAT _ C12 _ Right _ 2",-137.960142141852,39.2453757364007,1321.11970924399,-135.987751686741,52.835984573472,1329.71613328173
"BIGKAT _ C12 _ Right _ 2",-137.962358492772,39.2475937979242,1321.11054836842,-135.980085982986,52.8632649687274,1329.70464626501
"BIGKAT _ C12 _ Right _ 2",-137.964624640366,39.2497848579571,1321.10155941691,-135.972286076408,52.8905187756457,1329.69301841306
"BIGKAT _ C12 _ Right _ 2",-137.96693549633,39.251956020132,1321.09270816778,-135.964404227796,52.9177550403108,1329.68131326805
"BIGKAT _ C12 _ Right _ 2",-137.969277551761,39.2541165812407,1321.08394042271,-135.956494338909,52.9449838482592,1329.66959134349
"BIGKAT _ C12 _ Right _ 2",-137.971634620244,39.2562752358612,1321.07520061313,-135.948599302628,52.9722137222816,1329.65789748741
"BIGKAT _ C12 _ Right _ 2",-137.97399233836,39.258438314345,1321.06644473806,-135.940744892435,52.9994502075805,1329.64625582787
"BIGKAT _ C12 _ Right _ 2",-137.976340810556,39.2606091185248,1321.05764654445,-135.932939464997,53.0266955810977,1329.63467100232
"BIGKAT _ C12 _ Right _ 2",-137.978675399559,39.2627881519428,1321.04879773063,-135.925177675472,53.0539493892802,1329.62313337547
"BIGKAT _ C12 _ Right _ 2",-137.980996080257,39.2649739054845,1321.03990404699,-135.917446080981,53.0812094272215,1329.61162579132
"BIGKAT _ C12 _ Right _ 2",-137.983305963801,39.2671638433149,1321.03097948868,-135.909728765436,53.1084727971721,1329.60012984761
"BIGKAT _ C12 _ Right _ 2",-137.985609590417,39.26935530303,1321.02204049951,-135.902011713788,53.1357367828458,1329.58863043512
"BIGKAT _ C12 _ Right _ 2",-137.987911449185,39.2715461351285,1321.0131014869,-135.894285353578,53.1629994020412,1329.5771180782
"BIGKAT _ C12 _ Right _ 2",-137.990214984814,39.2737350217154,1321.00417223559,-135.886545280869,53.190259616617,1329.56558925631
"BIGKAT _ C12 _ Right _ 2",-137.992522158349,39.2759215057984,1320.99525719183,-135.8787915905,53.2175172626646,1329.55404528298
"BIGKAT _ C12 _ Right _ 2",-137.994833482693,39.27810581755,1320.98635617819,-135.87102740962,53.244772806473,1329.54249045756
"BIGKAT _ C12 _ Right _ 2",-137.997148372427,39.2802886018285,1320.97746591875,-135.863257220265,53.2720270371562,1329.53093013914
"BIGKAT _ C12 _ Right _ 2",-137.99946562829,39.2824706399554,1320.96858177116,-135.855485416027,53.2992807854464,1329.51936920079
"BIGKAT _ C12 _ Right _ 2",-138.001783904091,39.2846526301617,1320.95969920975,-135.847715342254,53.3265347235252,1329.50781108972
"BIGKAT _ C12 _ Right _ 2",-138.004102056687,39.2868350572322,1320.95081480587,-135.839948880367,53.3537892648988,1329.49625750992
"BIGKAT _ C12 _ Right _ 2",-138.006419337861,39.2890181520057,1320.9419266466,-135.832186494997,53.3810445547,1329.48470859894
"BIGKAT _ C12 _ Right _ 2",-138.008735435737,39.2912019209777,1320.93303427805,-135.824427584693,53.4083005235198,1329.47316340012
"BIGKAT _ C12 _ Right _ 2",-138.011050404743,39.2933862168325,1320.92413833866,-135.816670959794,53.4355569721912,1329.46162042922
"BIGKAT _ C12 _ Right _ 2",-138.013364535681,39.2955708209095,1320.91524006468,-135.808915299103,53.4628136584239,1329.45007817773
"BIGKAT _ C12 _ Right _ 2",-138.015678214373,39.2977555152446,1320.90634082006,-135.801159489412,53.4900703651111,1329.43853545988
"BIGKAT _ C12 _ Right _ 2",-138.017991804352,39.2999401313603,1320.89744174869,-135.793402809096,53.5173269407506,1329.42699157563
"BIGKAT _ C12 _ Right _ 2",-138.020305572262,39.3021245723232,1320.88854358804,-135.78564496451,53.544583311822,1329.41544631204
"BIGKAT _ C12 _ Right _ 2",-138.022619659048,39.3043088117099,1320.87964663402,-135.777886018252,53.5718394734046,1329.40389983461
"BIGKAT _ C12 _ Right _ 2",-138.024934088686,39.3064928771218,1320.8707508166,-135.770126260194,53.5990954673102,1329.39235252853
"BIGKAT _ C12 _ Right _ 2",-138.027248800445,39.3086768268834,1320.86185583342,-135.762366068726,53.6263513569362,1329.38080484146
"BIGKAT _ C12 _ Right _ 2",-138.029563689837,39.3108607272852,1320.85296129253,-135.754605796727,53.6536072058883,1329.36925716292
"BIGKAT _ C12 _ Right _ 2",-138.031878646225,39.3130446352267,1320.84406682929,-135.746845700139,53.6808630642914,1329.35770975551
"BIGKAT _ C12 _ Right _ 2",-138.03419357969,39.3152285883326,1320.83517217917,-135.739085911741,53.7081189635804,1329.34616273681
"BIGKAT _ C12 _ Right _ 2",-138.03650843452,39.3174126023005,1320.82627720438,-135.731326451627,53.7353749181428,1329.33461609974
"BIGKAT _ C12 _ Right _ 2",-138.038823190582,39.3195966737457,1320.81738188311,-135.723567260279,53.7626309308054,1329.32306975429
"BIGKAT _ C12 _ Right _ 2",-138.041137856175,39.3217807862247,1320.80848627614,-135.715808239353,53.7898869988755,1329.31152357438
"BIGKAT _ C12 _ Right _ 2",-138.043452456745,39.3239649172546,1320.79959048587,-135.708049288132,53.8171431180829,1329.29997743752
"BIGKAT _ C12 _ Right _ 2",-138.045767023413,39.3261490447151,1320.79069461978,-135.700290328235,53.8443992830309,1329.28843125073
"BIGKAT _ C12 _ Right _ 2",-138.048081584055,39.3283331517221,1320.78179876557,-135.69253131411,53.8716554842914,1329.27688496131
"BIGKAT _ C12 _ Right _ 2",-138.050396158219,39.3305172296503,1320.77290297988,-135.684772230888,53.8989117037208,1329.26533855502
"BIGKAT _ C12 _ Right _ 2",-138.052710755858,39.3327012793413,1320.7640072887,-135.677013083893,53.926167910593,1329.25379204638
"BIGKAT _ C12 _ Right _ 2",-138.055025378936,39.3348853106521,1320.75511169509,-135.669253885119,53.9534240614653,1329.24224546606
"BIGKAT _ C12 _ Right _ 2",-138.057340024509,39.3370693404633,1320.74621618909,-135.66149464178,53.98068010612,1329.23069884938
"BIGKAT _ C12 _ Right _ 2",-138.059654687904,39.3392533892179,1320.73732075564,-135.653735350642,54.0079360004189,1329.21915222822
"BIGKAT _ C12 _ Right _ 2",-138.061969364907,39.3414374761316,1320.72842537803,-135.6459759999,54.035191724616,1329.2076056271
"BIGKAT _ C12 _ Right _ 2",-138.064284052451,39.3436216134875,1320.71953003663,-135.638216578087,54.0624473030142,1329.1960590625
"BIGKAT _ C12 _ Right _ 2",-138.066598747814,39.3458058008898,1320.71063470456,-135.630457087284,54.0897028184933,1329.184512544
"BIGKAT _ C12 _ Right _ 2",-138.068913446902,39.3479900208833,1320.70173934373,-135.62269755615,54.1169584142224,1329.17296607545
"BIGKAT _ C12 _ Right _ 2",-138.071228142498,39.3501742377397,1320.69284390459,-135.614938047354,54.1442142756903,1329.16141965504
"BIGKAT _ C12 _ Right _ 2",-138.073542823497,39.3523584012021,1320.68394833269,-135.607178654257,54.1714705896473,1329.14987327388
"BIGKAT _ C12 _ Right _ 2",-138.075857475974,39.3545424563364,1320.67505258312,-135.599419483527,54.1987274827322,1329.13832691396
"BIGKAT _ C12 _ Right _ 2",-138.078172086479,39.3567263592524,1320.6661566409,-135.59166062375,54.2259849506786,1329.12678054679
"BIGKAT _ C12 _ Right _ 2",-138.080486647266,39.358910096434,1320.65726054256,-135.583902104782,54.253242797279,1329.11523413469
"BIGKAT _ C12 _ Right _ 2",-138.082801162344,39.3610937031345,1320.64836439124,-135.576143857661,54.2805006081012,1329.10368763638
"BIGKAT _ C12 _ Right _ 2",-138.085115652481,39.3632772744082,1320.63946835651,-135.568385689077,54.3077577842018,1329.09214101738
"BIGKAT _ C12 _ Right _ 2",-138.087430156841,39.3654609616913,1320.63057265128,-135.560627285846,54.3350136530964,1329.08059426401
"BIGKAT _ C12 _ Right _ 2",-138.089744729039,39.3676449492309,1320.62167748246,-135.552868261989,54.3622676567606,1329.06904739805
"BIGKAT _ C12 _ Right _ 2",-138.092059426301,39.3698294086039,1320.61278297957,-135.545108252725,54.3895195907809,1329.05750048707
"BIGKAT _ C12 _ Right _ 2",-138.094374292102,39.3720144359818,1320.60388911461,-135.537347046156,54.4167698395643,1329.0459536446
"BIGKAT _ C12 _ Right _ 2",-138.096689335046,39.3741999847143,1320.59499563594,-135.529584726573,54.4440195277563,1329.03440701511
"BIGKAT _ C12 _ Right _ 2",-138.099004509283,39.3763858133183,1320.58610204513,-135.521821787265,54.4712704980095,1329.02286074139
"BIGKAT _ C12 _ Right _ 2",-138.101319703732,39.3785714733749,1320.57720764466,-135.514059160936,54.4985250402733,1329.01131491666
"BIGKAT _ C12 _ Right _ 2",-138.103634747897,39.3807563602219,1320.5683116746,-135.506298118673,54.5257853447183,1328.99976953032
"BIGKAT _ C12 _ Right _ 2",-138.105949440191,39.3829398393706,1320.55941353472,-135.498540008795,54.5530527287907,1328.98822442211
"BIGKAT _ C12 _ Right _ 2",-138.108263600026,39.3851214426025,1320.55051305911,-135.490785846429,54.5803267876391,1328.97667926415
"BIGKAT _ C12 _ Right _ 2",-138.110577137643,39.3873011017605,1320.5416107769,-135.483035819242,54.6076047131735,1328.96513358999
"BIGKAT _ C12 _ Right _ 2",-138.112890126904,39.3894793606174,1320.53270806608,-135.47528883349,54.6348810871984,1328.95358688341
"BIGKAT _ C12 _ Right _ 2",-138.115202858307,39.3916574842533,1320.52380709881,-135.467542269899,54.6621484415211,1328.9420387258
"BIGKAT _ C12 _ Right _ 2",-138.117515845298,39.3938373812006,1320.5149104976,-135.459792129586,54.6893987624024,1328.93048898097
"BIGKAT _ C12 _ Right _ 2",-138.119829759666,39.3960212755498,1320.50602067955,-135.452033706222,54.7166258877411,1328.91893797405
"BIGKAT _ C12 _ Right _ 2",-138.122145283887,39.3982111193331,1320.49713895819,-135.444262810748,54.7438284251519,1328.90738660204
"BIGKAT _ C12 _ Right _ 2",-138.124462890028,39.4004078169812,1320.48826458597,-135.436477404268,54.7710124705293,1328.89583630737
"BIGKAT _ C12 _ Right _ 2",-138.126782583742,39.4026104298922,1320.47939402649,-135.42867929123,54.7981931318805,1328.88428885809
"BIGKAT _ C12 _ Right _ 2",-138.129103681646,39.4048156152637,1320.4705208065,-135.42087534036,54.8253937881162,1328.87274591617
"BIGKAT _ C12 _ Right _ 2",-138.131424711676,39.4070175959921,1320.46163627087,-135.413077605311,54.8526422565071,1328.86120843665
"BIGKAT _ C12 _ Right _ 2",-138.133743527615,39.4092089229295,1320.45273141803,-135.405301784361,54.8799636757991,1328.84967601659
"BIGKAT _ C12 _ Right _ 2",-138.136057701211,39.4113821518952,1320.44379971858,-135.397563743527,54.9073709089149,1328.838146386
"BIGKAT _ C12 _ Right _ 2",-138.138365193308,39.4135323126559,1320.43484044879,-135.389874338717,54.9348544714972,1328.82661527637
"BIGKAT _ C12 _ Right _ 2",-138.140665213662,39.4156597265634,1320.42586167788,-135.382233447655,54.9623750990876,1328.81507688927
"BIGKAT _ C12 _ Right _ 2",-138.142959073818,39.4177724042219,1320.41688175534,-135.374624815147,54.9898626644995,1328.80352509366
"BIGKAT _ C12 _ Right _ 2",-138.145250747172,39.4198870299755,1320.40792809586,-135.367013804614,55.0172248092297,1328.7919553
"BIGKAT _ C12 _ Right _ 2",-138.14754681206,39.4220275382398,1320.3990323854,-135.359350176258,55.0443670258875,1328.78036671044
"BIGKAT _ C12 _ Right _ 2",-138.149855504768,39.4242206137976,1320.39022210332,-135.351577350086,55.0712229563142,1328.76876437759
"BIGKAT _ C12 _ Right _ 2",-138.152184775038,39.4264881513528,1320.38150942645,-135.343648153316,55.0977897004956,1328.75716029893
"BIGKAT _ C12 _ Right _ 2",-138.154539516308,39.4288377338966,1320.37287995257,-135.335544902898,55.1241588079164,1328.74557272802
"BIGKAT _ C12 _ Right _ 2",-138.156918497932,39.4312533473189,1320.36428489458,-135.327299220285,55.1505306391502,1328.73402308673
"BIGKAT _ C12 _ Right _ 2",-138.159311874835,39.4336895197799,1320.35564097402,-135.319004886148,55.1771994692246,1328.72253036646
"BIGKAT _ C12 _ Right _ 2",-138.161700373061,39.436072448472,1320.34684169307,-135.310816181859,55.2045004228329,1328.71110368514
"BIGKAT _ C12 _ Right _ 2",-138.164057214145,39.4383110470772,1320.33778163441,-135.302925399197,55.2327177620407,1328.69973459359
"BIGKAT _ C12 _ Right _ 2",-138.166353436803,39.4403189481316,1320.32839190263,-135.29551711215,55.2619666261871,1328.6883915618
"BIGKAT _ C12 _ Right _ 2",-138.168566460279,39.4420453540167,1320.31868023609,-135.288703365985,55.2920748463314,1328.67701950388
"BIGKAT _ C12 _ Right _ 2",-138.17069058597,39.4435087015262,1320.30876470822,-135.282452228152,55.3225040305493,1328.66554688346
"BIGKAT _ C12 _ Right _ 2",-138.172746874847,39.4448233166819,1320.29888681774,-135.276530234412,55.3523546530934,1328.65390163255
"BIGKAT _ C12 _ Right _ 2",-138.174788832392,39.4462069104068,1320.28938987626,-135.270484376491,55.3804932150696,1328.64203478004
"BIGKAT _ C12 _ Right _ 2",-138.1769000333,39.4479573645184,1320.28065343197,-135.263688312222,55.4058171110316,1328.62994760904
"BIGKAT _ C12 _ Right _ 2",-138.179180658637,39.4503919670155,1320.27298465267,-135.25546787898,55.4276346061458,1328.61771501455
"BIGKAT _ C12 _ Right _ 2",-138.18172215931,39.4537514605839,1320.26648228974,-135.245301850948,55.4460884943334,1328.60549552398
"BIGKAT _ C12 _ Right _ 2",-138.184572822058,39.4580840459739,1320.26090532241,-135.233067027842,55.4625037317894,1328.59351834879
"BIGKAT _ C12 _ Right _ 2",-138.187701342326,39.4631382892793,1320.25559202135,-135.219267424997,55.4795078826517,1328.58204088813
"BIGKAT _ C12 _ Right _ 2",-138.190969530801,39.4683046313971,1320.24948010923,-135.205164099982,55.5007769562062,1328.57127678285
"BIGKAT _ C12 _ Right _ 2",-138.194127519408,39.4726478802364,1320.24126918039,-135.192715576567,55.5303135743573,1328.56130442181
"BIGKAT _ C12 _ Right _ 2",-138.196843702423,39.4750629754596,1320.22973888485,-135.184258974942,55.5712753233201,1328.55197696528
"BIGKAT _ C12 _ Right _ 2",-138.198775929147,39.4745607510979,1320.21419116348,-135.181914796553,55.6245286227678,1328.54286441346
"BIGKAT _ C12 _ Right _ 2",-138.199679879724,39.4706505321848,1320.19492871594,-135.186781803464,55.6872773370131,1328.53326207348
"BIGKAT _ C12 _ Right _ 2",-138.199536310049,39.463738627272,1320.17362833069,-135.198089413545,55.7522557931959,1328.5222940279
"BIGKAT _ C12 _ Right _ 2",-138.198663933505,39.4554182199388,1320.15343566464,-135.212568316324,55.8080204796887,1328.509122254
"BIGKAT _ C12 _ Right _ 2",-138.197773741789,39.4485032504555,1320.13861832925,-135.224351040964,55.8407633193665,1328.49324205854
"BIGKAT _ C12 _ Right _ 2",-138.197919059246,39.4466739807234,1320.13368334948,-135.225686063044,55.8377651049389,1328.47480671639
"BIGKAT _ C12 _ Right _ 2",-138.200308551382,39.4536680427744,1320.14199817797,-135.208613567412,55.792119946607,1328.45488746158
"BIGKAT _ C12 _ Right _ 2",-138.205979318327,39.4720701229607,1320.16413761426,-135.167502274313,55.7077651974109,1328.43555193941
"BIGKAT _ C12 _ Right _ 2",-138.215372227264,39.5019116862505,1320.19637519227,-135.102013593381,55.6032924922129,1328.4196490114
"BIGKAT _ C12 _ Right _ 2",-138.227904011687,39.5394552701959,1320.2298880052,-135.0197122243,55.5126972945179,1328.41023200743
"BIGKAT _ C12 _ Right _ 2",-138.241676518657,39.5766541160417,1320.25127697123,-134.937289603455,55.4813662701518,1328.40964018844
"BIGKAT _ C12 _ Right _ 2",-138.25348454253,39.6017865029415,1320.24485359292,-134.879336826586,55.5563752757123,1328.41838091912
"BIGKAT _ C12 _ Right _ 2",-138.259261233881,39.6016112075578,1320.1967720134,-134.873912468914,55.7716196475928,1328.43408893174
"BIGKAT _ C12 _ Right _ 2",-138.255020956349,39.5650500160741,1320.10050973079,-134.944856477334,56.1302648185887,1328.45094528131
"BIGKAT _ C12 _ Right _ 2",-138.238223050459,39.4878987762219,1319.96251527581,-135.101858989554,56.5890868038374,1328.45996933595
"BIGKAT _ C12 _ Right _ 2",-138.209304265124,39.3774888266734,1319.80621998993,-135.330520358163,57.0508410488917,1328.4505072885
"BIGKAT _ C12 _ Right _ 2",-138.172952109308,39.2557208370951,1319.67228715143,-135.585712416944,57.3711041566271,1328.41300412624
"BIGKAT _ C12 _ Right _ 2",-138.138574010768,39.1586742181376,1319.6131888975,-135.792047466187,57.384395608668,1328.34277349982
"BIGKAT _ C12 _ Right _ 2",-138.1194238231,39.1312591956761,1319.6811375379,-135.854750419315,56.950455586529,1328.24403303089
"BIGKAT _ C12 _ Right _ 2",-138.130033478944,39.2162611391031,1319.91007429007,-135.682414715983,56.0155838423297,1328.13306720881
"BIGKAT _ C12 _ Right _ 2",-138.181985249157,39.4386208725737,1320.2946189879,-135.220003566228,54.6769900751272,1328.03917326607
"BIGKAT _ C12 _ Right _ 2",-138.278613701654,39.7876859219558,1320.77111587752,-134.486470069524,53.2320494956132,1328.00220165702
"BIGKAT _ C12 _ Right _ 2",-138.409837780037,40.2020081140552,1321.20744010535,-133.607442411138,52.1916464571023,1328.0661394304
"BIGKAT _ C12 _ Right _ 2",-138.548812543813,40.5624137432518,1321.40822332948,-132.830894944932,52.2398447616422,1328.26930494304
"BIGKAT _ C12 _ Right _ 2",-138.652231374874,40.6988344492169,1321.13993062971,-132.514086041197,54.1324204501951,1328.63314771825
"BIGKAT _ C12 _ Right _ 2",-138.665685514078,40.4142226565008,1320.17557643234,-133.074450956537,58.5437351509352,1329.15297050928
"BIGKAT _ C12 _ Right _ 2",-138.534368221015,39.5246995001742,1318.35245929645,-134.905821546688,65.8912344033697,1329.79446694009
"BIGKAT _ C12 _ Right _ 2",-138.217667827159,37.9095632800056,1315.62990183834,-138.272970878405,76.1820930725998,1330.49902194
"BIGKAT _ C12 _ Right _ 2",-137.70429167457,35.5595315540212,1312.13035452525,-143.208797005549,88.9281057568031,1331.19779206938
"BIGKAT _ C12 _ Right _ 2",-137.023451358899,32.6089367150637,1308.1490037237,-149.444764252288,103.158078885682,1331.83032540394
"BIGKAT _ C12 _ Right _ 2",-136.24826367187,29.3396045816787,1304.12476843668,-156.402228899572,117.527634270262,1332.36003735757
"BIGKAT _ C12 _ Right _ 2",-135.489819554782,26.1509992890376,1300.57643614397,-163.258930683205,130.499469729767,1332.77881523965
"BIGKAT _ C12 _ Right _ 2",-134.883010906752,23.500418762256,1298.01685627796,-169.084913466202,140.555834040806,1333.0974096408
"BIGKAT _ C12 _ Right _ 2",-134.566750934928,21.8248210628787,1296.86229946181,-173.022072666159,146.410355592232,1333.3253324687
"BIGKAT _ C12 _ Right _ 2",-134.661462606177,21.4599397315957,1297.35366845258,-174.467233484976,147.19802455348,1333.44995788412
"BIGKAT _ C12 _ Right _ 2",-135.246589464214,22.5729276437638,1299.50380126575,-173.213234267701,142.627677591419,1333.42601572662
"BIGKAT _ C12 _ Right _ 2",-136.341352350851,25.1229802531746,1303.08226534801,-169.507590923473,133.07625717483,1333.18281443557
"BIGKAT _ C12 _ Right _ 2",-137.89291215058,28.8601643643185,1307.64470225738,-164.005742511151,119.595526060821,1332.649188854
"BIGKAT _ C12 _ Right _ 2",-139.776204676615,33.3649608246592,1312.60550470413,-157.625400248592,103.804416384412,1331.78839879417
"BIGKAT _ C12 _ Right _ 2",-141.807637836064,38.1202419181742,1317.34041181893,-151.342620345776,87.6649260989149,1330.63008809548
"BIGKAT _ C12 _ Right _ 2",-143.770794635514,42.5973876660796,1321.29450648814,-145.992749705927,73.1810245565084,1329.28647046055
"BIGKAT _ C12 _ Right _ 2",-145.448477686041,46.3347321108798,1324.06843560293,-142.135112583716,62.093356431034,1327.9454454771
"BIGKAT _ C12 _ Right _ 2",-146.654322290238,48.9924179547007,1325.464538611,-140.009443970267,55.641319961062,1326.84117306074
"BIGKAT _ C12 _ Right _ 2",-147.259103336095,50.379662623222,1325.49013088278,-139.57292701567,54.427733856583,1326.20852818631
"BIGKAT _ C12 _ Right _ 2",-147.209666680601,50.4608617381062,1324.32848722111,-140.580878166089,58.3781145674639,1326.23057981772
"BIGKAT _ C12 _ Right _ 2",-146.539790834496,49.3499939988718,1322.29312781306,-142.670874176264,66.7666059005861,1326.98957989553
"BIGKAT _ C12 _ Right _ 2",-145.371623889843,47.298171876786,1319.77791206159,-145.424601225737,78.2903008329811,1328.4332211011
"BIGKAT _ C12 _ Right _ 2",-143.904952329664,44.6716402627245,1317.2083250838,-148.402974397086,91.1965387674326,1330.36768325898
"BIGKAT _ C12 _ Right _ 2",-142.3916738358,41.9132941893011,1314.99326846353,-151.167618898549,103.480743111779,1332.48440614886
"BIGKAT _ C12 _ Right _ 2",-141.096028831512,39.4837615433937,1313.47544836244,-153.308300802446,113.161354648132,1334.41804688721
"BIGKAT _ C12 _ Right _ 2",-140.246700873356,37.7874489630279,1312.88278466385,-154.488844620876,118.606041349668,1335.82245132958
"BIGKAT _ C12 _ Right _ 2",-139.991866902946,37.0994208577545,1313.28992653552,-154.507240935698,118.846732324924,1336.44508299891
"BIGKAT _ C12 _ Right _ 2",-140.369512586997,37.5139689039093,1314.60257125258,-153.348698968142,113.800754915995,1336.18075983232
"BIGKAT _ C12 _ Right _ 2",-141.301655564007,38.931309310727,1316.57395697641,-151.204821451956,104.324924788764,1335.09161159363
"BIGKAT _ C12 _ Right _ 2",-142.613838256174,41.0862126616501,1318.85307888559,-148.443611771143,92.0705575391595,1333.38950537992
"BIGKAT _ C12 _ Right _ 2",-144.073344906278,43.6076026560714,1321.05266308214,-145.537431829425,79.1678844754765,1331.3873483945
"BIGKAT _ C12 _ Right _ 2",-145.434557714596,46.0892175217769,1322.81815187805,-142.973922462331,67.8225405703566,1329.43358313219
"BIGKAT _ C12 _ Right _ 2",-146.479968618733,48.1529813505125,1323.88083354081,-141.176465792087,59.9267368245881,1327.84682360258
"BIGKAT _ C12 _ Right _ 2",-147.049957007198,49.496310735833,1324.08729249171,-140.448087300675,56.7645465807711,1326.86424953576
"BIGKAT _ C12 _ Right _ 2",-147.060211431913,49.9245162891605,1323.40760238938,-140.937910112394,58.844150447423,1326.61064166542
"BIGKAT _ C12 _ Right _ 2",-146.509139214209,49.373255437584,1321.93013688213,-142.622546671163,65.8516304150415,1327.08873592351
"BIGKAT _ C12 _ Right _ 2",-145.477506864027,47.9226980124278,1319.84954213862,-145.297975877376,76.7086712527868,1328.18829377165
"BIGKAT _ C12 _ Right _ 2",-144.120172838531,45.7986014984137,1317.44885722163,-148.586068523271,89.724176278942,1329.71050019675
"BIGKAT _ C12 _ Right _ 2",-142.64773391485,43.3514142529666,1315.07171199046,-151.967237914905,102.837397299437,1331.40383493038
"BIGKAT _ C12 _ Right _ 2",-141.296502249719,41.006843922942,1313.07997066404,-154.850310006348,113.941103387785,1333.00593530739
"BIGKAT _ C12 _ Right _ 2",-140.288923941373,39.1902833876558,1311.79723893753,-156.67944067421,121.246675075615,1334.28417357191
"BIGKAT _ C12 _ Right _ 2",-139.791458010342,38.2391798162122,1311.44686175702,-157.058959174675,123.623687142849,1335.06814521573
"BIGKAT _ C12 _ Right _ 2",-139.880043507727,38.3258590964211,1312.09973448036,-155.860360267765,120.833680115536,1335.27063406641
"BIGKAT _ C12 _ Right _ 2",-140.522560864986,39.4135660093908,1313.6482080338,-153.273097032408,113.592725686255,1334.89729713534
"BIGKAT _ C12 _ Right _ 2",-141.583299532886,41.2593790561196,1315.81621098118,-149.77756984754,103.438767768085,1334.04628507837
"BIGKAT _ C12 _ Right _ 2",-142.848389444887,43.4629753584688,1318.2050099483,-146.047436909648,92.433416474695,1332.89735597398
"BIGKAT _ C12 _ Right _ 2",-144.066092955029,45.5472025287199,1320.36419971519,-142.812357069345,82.7704282346103,1331.68860346453
"BIGKAT _ C12 _ Right _ 2",-144.993573597308,47.0509783641553,1321.87308317904,-140.718320970316,76.3752893516465,1330.68007901078
"BIGKAT _ C12 _ Right _ 2",-145.442062777461,47.6171549904111,1322.41856298471,-140.212237014237,74.5638312021918,1330.10731611459
"BIGKAT _ C12 _ Right _ 2",-145.313505093401,47.0626085449257,1321.85815934707,-141.463043355168,77.8036134084578,1330.13242479866
"BIGKAT _ C12 _ Right _ 2",-144.622424178401,45.4205084396028,1320.25763110031,-144.324054147561,85.6080708039377,1330.80407113787
"BIGKAT _ C12 _ Right _ 2",-143.49737096062,42.9455501224506,1317.89270920791,-148.341554536866,96.588507803932,1332.03832681331
"BIGKAT _ C12 _ Right _ 2",-142.1586776971,40.0755236214101,1315.20738173303,-152.816374357587,108.676804304222,1333.62845344888
"BIGKAT _ C12 _ Right _ 2",-140.874471353807,37.3502829177071,1312.7298618716,-156.920603475221,119.500422801681,1335.28354284426
"BIGKAT _ C12 _ Right _ 2",-139.903695594217,35.3014130037491,1310.96049941551,-159.857511989584,126.847549044201,1336.68705484202
"BIGKAT _ C12 _ Right _ 2",-139.439917642345,34.3374834841773,1310.25789024155,-161.033487379981,129.124916328806,1337.56113132528
"BIGKAT _ C12 _ Right _ 2",-139.570180657884,34.6542580966493,1310.75392001546,-160.196907798377,125.702171688621,1337.72268346206
"BIGKAT _ C12 _ Right _ 2",-140.258907344046,36.1934343861114,1312.32216471668,-157.500830971962,117.058529389156,1337.1206044454
"BIGKAT _ C12 _ Right _ 2",-141.359749332394,38.6594075221409,1314.60850026332,-153.467668027871,104.69329768642,1335.84746632556
"BIGKAT _ C12 _ Right _ 2",-142.65074194881,41.586786205046,1317.11374596601,-148.867222983832,90.8208762793266,1334.12324779173
"BIGKAT _ C12 _ Right _ 2",-143.8824936251,44.438401037716,1319.30345613189,-144.548441845617,77.9268875138122,1332.25388463154
"BIGKAT _ C12 _ Right _ 2",-144.8272867912,46.7089681880951,1320.71560320507,-141.274572351811,68.2934935457222,1330.57320115161
"BIGKAT _ C12 _ Right _ 2",-145.319239852116,48.013772827496,1321.04342279749,-139.598335826306,63.5944989288864,1329.38050054714
"BIGKAT _ C12 _ Right _ 2",-145.280207518444,48.150383016948,1320.18264016089,-139.790023567272,64.6239411671408,1328.8860104244
"BIGKAT _ C12 _ Right _ 2",-144.730031715677,47.1286762617879,1318.24234246944,-141.813153199926,71.1825527508314,1329.17364093436
"BIGKAT _ C12 _ Right _ 2",-143.781558545394,45.1676455394464,1315.52326213831,-145.337477302555,82.1236069537766,1330.18719803059
"BIGKAT _ C12 _ Right _ 2",-142.621235135966,42.6584588804449,1312.46787099345,-149.784772843612,95.5492763553859,1331.74259279873
"BIGKAT _ C12 _ Right _ 2",-141.476938862206,40.0959550710861,1309.58743735415,-154.409724091324,109.135325083714,1333.56383502939
"BIGKAT _ C12 _ Right _ 2",-140.576996517442,37.9870874133898,1307.37447391838,-158.41731018153,120.538752342563,1335.33525482089
"BIGKAT _ C12 _ Right _ 2",-140.107337607664,36.7528291884814,1306.21408908625,-161.106240078423,127.818139400317,1336.75888459381
"BIGKAT _ C12 _ Right _ 2",-140.175540399148,36.6452367211707,1306.31173844113,-162.010687245079,129.784330608572,1337.6060809769
"BIGKAT _ C12 _ Right _ 2",-140.789840561835,37.6998971311153,1307.6544919637,-161.001489223695,126.208319987209,1337.75545918553
"BIGKAT _ C12 _ Right _ 2",-141.857926669499,39.7351796316995,1310.01633307186,-158.31330229553,117.843112466643,1337.2126435514
"BIGKAT _ C12 _ Right _ 2",-143.205432548456,42.3964175141109,1313.00626571114,-154.487157168058,106.25980479635,1336.10980199106
"BIGKAT _ C12 _ Right _ 2",-144.609013713889,45.2306349544179,1316.14567893109,-150.247978246883,93.5427853373743,1334.68494576288
"BIGKAT _ C12 _ Right _ 2",-145.835844930235,47.7711925151356,1318.95462333047,-146.357082464526,81.9175484156156,1333.24342992783
"BIGKAT _ C12 _ Right _ 2",-146.681714515613,49.6142202717749,1321.02871029722,-143.479370440193,73.3844991054354,1332.10667301794
"BIGKAT _ C12 _ Right _ 2",-147.002790590416,50.477028445797,1322.09658991785,-142.087608124109,69.4088819669697,1331.55500078275
"BIGKAT _ C12 _ Right _ 2",-146.738928710215,50.2364727847046,1322.05584700777,-142.406393381372,70.6924155695219,1331.77286528277
"BIGKAT _ C12 _ Right _ 2",-145.927038556234,48.9478862909991,1320.98793033341,-144.388475094153,77.0440312560599,1332.80612095243
"BIGKAT _ C12 _ Right _ 2",-144.701870015968,46.8430149410939,1319.15079245034,-147.718311038821,87.3730649697381,1334.54184867967
"BIGKAT _ C12 _ Right _ 2",-143.280803700725,44.3025673610176,1316.94543935506,-151.845995019996,99.8304018801059,1336.71919752233
"BIGKAT _ C12 _ Right _ 2",-141.931001991322,41.8000764366732,1314.85397544105,-156.059887690405,112.104702668858,1338.97332192863
"BIGKAT _ C12 _ Right _ 2",-140.921985417878,39.8205854290644,1313.35360539504,-159.601409459731,121.841192077162,1340.90524373978
"BIGKAT _ C12 _ Right _ 2",-140.472440052534,38.7677619430591,1312.82105234494,-161.809758188647,127.106277718466,1342.16252631334
"BIGKAT _ C12 _ Right _ 2",-140.703836115955,38.8809527686057,1313.44974953451,-162.265175927013,126.794207165069,1342.51245121968
"BIGKAT _ C12 _ Right _ 2",-141.613110832834,40.1843986102901,1315.20287199031,-160.888937263493,120.874870859589,1341.89124514591
"BIGKAT _ C12 _ Right _ 2",-143.072006156338,42.4828179399145,1317.81688713911,-157.965833891554,110.415171300675,1340.41820026264
"BIGKAT _ C12 _ Right _ 2",-144.853140333408,45.4036540681269,1320.85540118197,-154.080159582954,97.3623854307305,1338.37097697902
"BIGKAT _ C12 _ Right _ 2",-146.675236673067,48.4723725862513,1323.79775071788,-149.987049188659,84.1423196830337,1336.12722064271
"BIGKAT _ C12 _ Right _ 2",-148.255301065084,51.1996092852868,1326.13782296991,-146.460419620642,73.1756172886867,1334.08624345058
"BIGKAT _ C12 _ Right _ 2",-149.355883274814,53.1606509749844,1327.4697612844,-144.156968925558,66.4294831267585,1332.58975230878
"BIGKAT _ C12 _ Right _ 2",-149.819926511891,54.05593592992,1327.54665111395,-143.518008985666,65.0936257993798,1331.85966461705
"BIGKAT _ C12 _ Right _ 2",-149.590764269318,53.7496102298548,1326.3094562008,-144.7120562249,69.4188644452957,1331.96464835213
"BIGKAT _ C12 _ Right _ 2",-148.717597465909,52.2867927285432,1323.88998100876,-147.612454485938,78.7152698963152,1332.81903957421
"BIGKAT _ C12 _ Right _ 2",-147.34696731234,49.8890568980228,1320.59181397758,-151.806979935649,91.4886324288549,1334.21128077575
"BIGKAT _ C12 _ Right _ 2",-145.70038908513,46.9256459323514,1316.8505209811,-156.643567409585,105.690647139924,1335.85397828049
"BIGKAT _ C12 _ Right _ 2",-144.039618039208,43.8593463212911,1313.17375974085,-161.319103766876,119.052641901999,1337.44339598872
"BIGKAT _ C12 _ Right _ 2",-142.624147105823,41.1718954173193,1310.06569959367,-165.010923926211,129.458623807765,1338.71418272978
"BIGKAT _ C12 _ Right _ 2",-141.668492745022,39.2814113395564,1307.94617959163,-167.034176223687,135.298663812124,1339.47783161758
"BIGKAT _ C12 _ Right _ 2",-141.307513615455,38.4690373656754,1307.07942927314,-166.990478251877,135.739509796262,1339.6404567356
"BIGKAT _ C12 _ Right _ 2",-141.576122455117,38.831003156761,1307.52725429726,-164.8651513347,130.860498334893,1339.2030348388
"BIGKAT _ C12 _ Right _ 2",-142.406456688318,40.2660801695365,1309.13721070083,-161.039584504038,121.627196988052,1338.25108352411
"BIGKAT _ C12 _ Right _ 2",-143.642047313431,42.4994852945996,1311.56884958137,-156.211321438041,109.708348113306,1336.93950285422
"BIGKAT _ C12 _ Right _ 2",-145.065495044999,45.135764528762,1314.35275956708,-151.246262512303,97.1764049763689,1335.47406599452
"BIGKAT _ C12 _ Right _ 2",-146.43429732134,47.7280267919747,1316.97065711644,-147.008040838151,86.1554672176111,1334.08754984122
"BIGKAT _ C12 _ Right _ 2",-147.519249531365,49.8506849423214,1318.94245589764,-144.208149348626,78.4812060932738,1333.00838936944
"BIGKAT _ C12 _ Right _ 2",-148.140818791383,51.1662031152024,1319.90772887408,-143.301242081708,75.4187470969536,1332.42294921655
"BIGKAT _ C12 _ Right _ 2",-148.199693083654,51.4795765301245,1319.69118687587,-144.42897311141,77.4646248727933,1332.4371448909
"BIGKAT _ C12 _ Right _ 2",-147.697352559696,50.7746945943704,1318.34216884141,-147.40566504682,84.2524947594753,1333.04702271304
"BIGKAT _ C12 _ Right _ 2",-146.741588732483,49.2250682396882,1316.13763690907,-151.741363850604,94.5854863459858,1334.12885908851
"BIGKAT _ C12 _ Right _ 2",-145.532335966099,47.1711413969453,1313.54062494142,-156.704753934829,106.613560991677,1335.45562768396
"BIGKAT _ C12 _ Right _ 2",-144.326638389999,45.0610983382044,1311.11453006984,-161.430326330484,118.148903355618,1336.73879394373
"BIGKAT _ C12 _ Right _ 2",-143.387710411264,43.3621888053125,1309.40690937285,-165.065493428029,127.071339376711,1337.68616161865
"BIGKAT _ C12 _ Right _ 2",-142.929186852651,42.4611879306366,1308.82906668752,-166.93601323867,131.739641820697,1338.06252321925
"BIGKAT _ C12 _ Right _ 2",-143.068553872421,42.5794767686151,1309.56315127741,-166.691374654941,131.312963484192,1337.74120440478
"BIGKAT _ C12 _ Right _ 2",-143.80185551718,43.7260385033,1311.52302069294,-164.387179799935,125.905265937221,1336.73815174473
"BIGKAT _ C12 _ Right _ 2",-145.005829525119,45.7005841251015,1314.37973122273,-160.475599404943,116.537696282642,1335.22269994812
"BIGKAT _ C12 _ Right _ 2",-146.465770964537,48.1433639698406,1317.64256819868,-155.704183150278,104.907124378013,1333.50043851589
"BIGKAT _ C12 _ Right _ 2",-147.920399927843,50.6144763436121,1320.76989730852,-150.954198708095,93.0374637941901,1331.96603718473
"BIGKAT _ C12 _ Right _ 2",-149.111574916266,52.6795676172515,1323.2779639156,-147.065963028031,82.9049376846439,1331.02909889092
"BIGKAT _ C12 _ Right _ 2",-149.828103167725,53.9826353373225,1324.822300012,-144.692881268102,76.1176337941647,1331.0230609849
"BIGKAT _ C12 _ Right _ 2",-149.937524770591,54.2963381772573,1325.24069225369,-144.205588256501,73.693036085622,1332.11367124794
"BIGKAT _ C12 _ Right _ 2",-149.404124501225,53.5489672321169,1324.55996042381,-145.648042451306,75.9407685401217,1334.22835566611
"BIGKAT _ C12 _ Right _ 2",-148.293215797185,51.8306344456791,1322.97512600992,-148.73892326251,82.4416736350891,1337.02970136568
"BIGKAT _ C12 _ Right _ 2",-146.761448195668,49.3799653037569,1320.80917570647,-152.913572844012,92.1174561719238,1339.95233051925
"BIGKAT _ C12 _ Right _ 2",-145.032841753047,46.5506487240039,1318.4589130946,-157.406233339569,103.390946840015,1342.3090850054
"BIGKAT _ C12 _ Right _ 2",-143.362234729794,43.7582714687656,1316.33153004585,-161.371491468022,114.430462725977,1343.45009515924
"BIGKAT _ C12 _ Right _ 2",-141.991469795493,41.4126683067543,1314.7786979403,-164.034445927804,123.451034661624,1342.93474821728
"BIGKAT _ C12 _ Right _ 2",-141.106812068732,39.847153906376,1314.03827469854,-164.844452107853,129.021615609368,1340.66419521259
"BIGKAT _ C12 _ Right _ 2",-140.806810431491,39.259851446943,1314.19516864984,-163.59564693575,130.315022616016,1336.92967335926
"BIGKAT _ C12 _ Right _ 2",-141.087652874389,39.6812909390119,1315.17060642524,-160.477844098795,127.244390801445,1332.35844029932
"BIGKAT _ C12 _ Right _ 2",-141.848884634797,40.976113331519,1316.74302630553,-156.038222756666,120.455778873619,1327.77400244832
"BIGKAT _ C12 _ Right _ 2",-142.9173278989,42.8770103905022,1318.59565649832,-151.063033721258,111.183862849516,1324.01569571226
"BIGKAT _ C12 _ Right _ 2",-144.082487172628,45.0397633865351,1320.37842191292,-146.41581637524,101.013652269088,1321.77129156071
"BIGKAT _ C12 _ Right _ 2",-145.13440459598,47.1037542513211,1321.7687332906,-142.879007351147,91.6102967724276,1321.46133966768
"BIGKAT _ C12 _ Right _ 2",-145.896120673867,48.7447678328505,1322.51897590627,-141.034085220588,84.4718099729841,1323.18624824959
"BIGKAT _ C12 _ Right _ 2",-146.246752106491,49.7140895753255,1322.48607194627,-141.191633670898,80.7329922557877,1326.72501223226
"BIGKAT _ C12 _ Right _ 2",-146.134991603002,49.8646585548497,1321.64519257459,-143.363607626435,81.0236953855116,1331.56892366121
"BIGKAT _ C12 _ Right _ 2",-145.584303462388,49.1673191706052,1320.09163985481,-147.265445856333,85.3778084820735,1336.98165752149
"BIGKAT _ C12 _ Right _ 2",-144.690160841389,47.717789305949,1318.03231670796,-152.343488979284,93.2008796259268,1342.08813202707
"BIGKAT _ C12 _ Right _ 2",-143.608113583178,45.7308441783676,1315.76446676581,-157.833951765174,103.318962409682,1345.99786602665
"BIGKAT _ C12 _ Right _ 2",-142.531423572153,43.5164185492546,1313.63836932831,-162.863035982455,114.130516756089,1347.9584262536
"BIGKAT _ C12 _ Right _ 2",-141.659409471653,41.4353442927115,1312.00421971466,-166.587919671705,123.858789498805,1347.51394924545
"BIGKAT _ C12 _ Right _ 2",-141.161453045646,39.8394211771848,1311.15008185692,-168.358286750585,130.864349520955,1344.62530952055
"BIGKAT _ C12 _ Right _ 2",-141.144521767372,39.0076925667852,1311.24398178539,-167.858842209255,133.948442940142,1339.70736552208
"BIGKAT _ C12 _ Right _ 2",-141.632232899421,39.0940877752313,1312.29545017221,-165.187668294869,132.574129035376,1333.56034825121
"BIGKAT _ C12 _ Right _ 2",-142.560627330682,40.0991425930603,1314.14826695983,-160.84001316749,126.954738303605,1327.20812361904
"BIGKAT _ C12 _ Right _ 2",-143.791006789647,41.8713467024049,1316.50729940856,-155.598439546185,117.997467655368,1321.68897314942
"BIGKAT _ C12 _ Right _ 2",-145.135372716814,44.1350038766185,1318.9916251403,-150.364134044384,107.128951646261,1317.85889887399
"BIGKAT _ C12 _ Right _ 2",-146.387409525058,46.5353893495289,1321.19913712826,-145.982277786838,96.0539213916202,1316.2561146156
"BIGKAT _ C12 _ Right _ 2",-147.352744715743,48.691124174544,1322.76835002143,-143.106680958669,86.4979644498935,1317.04554464569
"BIGKAT _ C12 _ Right _ 2",-147.875295622258,50.2471653237548,1323.42952985188,-142.122763954097,79.9661675959795,1320.03214659381
"BIGKAT _ C12 _ Right _ 2",-147.859177352539,50.9256553275297,1323.04365116217,-143.122082700572,77.5295882948576,1324.7175084495
"BIGKAT _ C12 _ Right _ 2",-147.285863333057,50.5723903103833,1321.62923400344,-145.910265415059,79.647645065907,1330.37811425161
"BIGKAT _ C12 _ Right _ 2",-146.224236602728,49.193329281978,1319.3738025602,-150.034998805942,86.0480176639811,1336.15733766679
"BIGKAT _ C12 _ Right _ 2",-144.828924969896,46.971195747078,1316.62256993375,-154.833529898253,95.7026535148485,1341.1746280991
"BIGKAT _ C12 _ Right _ 2",-143.322411548232,44.2511351545818,1313.83692283103,-159.50912094543,106.93958867766,1344.65514533901
"BIGKAT _ C12 _ Right _ 2",-141.960060422016,41.4896725086665,1311.52173657857,-163.244457170919,117.703989263433,1346.06885274195
"BIGKAT _ C12 _ Right _ 2",-140.983080183502,39.1721432190743,1310.13131583078,-165.345274565012,125.9349362373,1345.24769221962
"BIGKAT _ C12 _ Right _ 2",-140.56950919084,37.7155893392766,1309.9735746558,-165.386434983508,129.979466774895,1342.43875499687
"BIGKAT _ C12 _ Right _ 2",-140.795113742757,37.3809916166762,1311.13643689506,-163.318172755059,128.944346926648,1338.26297133329
"BIGKAT _ C12 _ Right _ 2",-141.614210573671,38.2173607977146,1313.45752681689,-159.493483578894,122.897259397359,1333.581103824
"BIGKAT _ C12 _ Right _ 2",-142.865703495443,40.0512303093267,1316.54815835771,-154.600916771276,112.867052031858,1329.30555483595
"BIGKAT _ C12 _ Right _ 2",-144.303255085231,42.5220553251393,1319.86759349459,-149.52055422009,100.644780192457,1326.21674965984
"BIGKAT _ C12 _ Right _ 2",-145.642265443012,45.15199308954,1322.82889694997,-145.146783640717,88.4370607703114,1324.83407964397
"BIGKAT _ C12 _ Right _ 2",-146.612586642346,47.4321403283185,1324.91022150642,-142.225501573916,78.4533187470709,1325.35995903594
"BIGKAT _ C12 _ Right _ 2",-147.006159934287,48.9081216391399,1325.74799949116,-141.236711243082,72.50968716845,1327.68398136747
"BIGKAT _ C12 _ Right _ 2",-146.712009271614,49.2531480870438,1325.19764171196,-142.33076281443,71.7125425715976,1331.42221087837
"BIGKAT _ C12 _ Right _ 2",-145.734532919542,48.3213547427141,1323.35618389141,-145.312586664862,76.2625327280599,1335.97554108682
"BIGKAT _ C12 _ Right _ 2",-144.193114002242,46.175658644972,1320.54626750618,-149.667603309116,85.4062405920033,1340.60715052849
"BIGKAT _ C12 _ Right _ 2",-142.302488385507,43.0841159123129,1317.26361808528,-154.629427018114,97.5511149085186,1344.54723508138
"BIGKAT _ C12 _ Right _ 2",-140.335821992711,39.4806451816371,1314.0942329199,-159.292634202246,110.537463612399,1347.12537057467
"BIGKAT _ C12 _ Right _ 2",-138.576376027059,35.8923728047001,1311.61347112854,-162.766289392896,122.027191221971,1347.9100042729
"BIGKAT _ C12 _ Right _ 2",-137.267201841322,32.8452767536195,1310.2845825089,-164.346471294338,129.935491281617,1346.81469627306
"BIGKAT _ C12 _ Right _ 2",-136.569341610771,30.7678332433503,1310.37616636749,-163.668183898455,132.815544207485,1344.12844138082
"BIGKAT _ C12 _ Right _ 2",-136.536936243999,29.9147475212075,1311.915666904,-160.79101890444,130.114867581763,1340.44889323899
"BIGKAT _ C12 _ Right _ 2",-137.11353236156,30.328125151807,1314.6893526317,-156.186387717774,122.251470490477,1336.5338229978
"BIGKAT _ C12 _ Right _ 2",-138.149084311978,31.8432154776028,1318.28875924168,-150.625321421193,110.499852105192,1333.12012236914
"BIGKAT _ C12 _ Right _ 2",-139.432582064639,34.1335589487597,1322.19146206274,-145.002057219517,96.7222106146314,1330.77270890098
"BIGKAT _ C12 _ Right _ 2",-140.731947736739,36.7802496724868,1325.85497891736,-140.150628891271,83.0171125949734,1329.80754278288
"BIGKAT _ C12 _ Right _ 2",-141.832200334529,39.3461014865968,1328.80149457257,-136.706390664743,71.3709213439122,1330.29262517944
"BIGKAT _ C12 _ Right _ 2",-142.565345934395,41.4392611246705,1330.67873123498,-135.036605503065,63.3782788720249,1332.09498937502
"BIGKAT _ C12 _ Right _ 2",-142.829479153255,42.7593373942224,1331.29362614435,-135.232854218667,60.0585362594,1334.93262223529
"BIGKAT _ C12 _ Right _ 2",-142.597652715304,43.1267788758379,1330.62339647086,-137.140301833859,61.7613482203859,1338.40754505012
"BIGKAT _ C12 _ Right _ 2",-141.917803791835,42.4989472276063,1328.80961315011,-140.399632127381,68.1452018325094,1342.02304517405
"BIGKAT _ C12 _ Right _ 2",-140.904143487796,40.9741557445135,1326.13734185089,-144.490763412334,78.2240201933676,1345.20761057769
"BIGKAT _ C12 _ Right _ 2",-139.719831275646,38.7812055973509,1322.99842966582,-148.782935827583,90.4901089631627,1347.37121588639
"BIGKAT _ C12 _ Right _ 2",-138.551808944554,36.2505968829916,1319.83909300497,-152.603529844291,103.118974899719,1348.00418451138
"BIGKAT _ C12 _ Right _ 2",-137.580977278689,33.7666233346687,1317.09639190453,-155.332415623524,114.240089670927,1346.80118175038
"BIGKAT _ C12 _ Right _ 2",-136.952872309343,31.7058414441363,1315.13281640067,-156.511763629318,122.230210503577,1343.76785111374
"BIGKAT _ C12 _ Right _ 2",-136.754441158059,30.3735206321254,1314.1807840948,-155.942804738942,125.969505835533,1339.26152373005
"BIGKAT _ C12 _ Right _ 2",-137.001394131709,29.9522027763357,1314.30857910945,-153.73341652697,125.004856709354,1333.9367295512
"BIGKAT _ C12 _ Right _ 2",-137.638365829815,30.4738802716576,1315.41552880149,-150.271515889931,119.587950913656,1328.60287789074
"BIGKAT _ C12 _ Right _ 2",-138.551107772778,31.8204221135477,1317.25692635339,-146.127008123655,110.590040763126,1324.03807629342
"BIGKAT _ C12 _ Right _ 2",-139.586919050045,33.7486764675784,1319.49075950821,-141.916119050515,99.328582787067,1320.82128540676
"BIGKAT _ C12 _ Right _ 2",-140.57798060333,35.9310670473775,1321.73329241128,-138.17772265889,87.3591488104376,1319.2348600708
"BIGKAT _ C12 _ Right _ 2",-141.363245261042,38.0021029118359,1323.61199843235,-135.301338172191,76.2792449729586,1319.25723526248
"BIGKAT _ C12 _ Right _ 2",-141.807259041534,39.6051525603902,1324.81048023722,-133.517746997241,67.5640135528491,1320.63024076225
"BIGKAT _ C12 _ Right _ 2",-141.816534020764,40.4381958455903,1325.1056903312,-132.933792687738,62.4264455085256,1322.96443439838
"BIGKAT _ C12 _ Right _ 2",-141.354150130381,40.2983380067349,1324.3989534357,-133.577577140988,61.6853619715217,1325.84357575591
"BIGKAT _ C12 _ Right _ 2",-140.451218555714,39.1217747057589,1322.73885368765,-135.422843279032,65.6375660987575,1328.90063965835
"BIGKAT _ C12 _ Right _ 2",-139.211343221512,37.0108799648022,1320.32921278276,-138.377592465733,73.9555779868333,1331.85469075028
"BIGKAT _ C12 _ Right _ 2",-137.803415818342,34.2371298924935,1317.51346230329,-142.244203054208,85.6513733321637,1334.51361596346
"BIGKAT _ C12 _ Right _ 2",-136.440267795482,31.2111366358881,1314.73032403547,-146.677521563641,99.1454358401654,1336.75691236164
"BIGKAT _ C12 _ Right _ 2",-135.345234251825,28.4195909556764,1312.44389822807,-151.175091713898,112.457613632067,1338.51319853863
"BIGKAT _ C12 _ Right _ 2",-134.713222977799,26.3399414765778,1311.06026664128,-155.125018143605,123.502350530506,1339.7414684863
"BIGKAT _ C12 _ Right _ 2",-134.675139882945,25.3519316037157,1310.84870650174,-157.913914909629,130.439783793099,1340.41925755146
"BIGKAT _ C12 _ Right _ 2",-135.27380987086,25.6670536315138,1311.8864496743,-159.069142628474,132.015272249919,1340.53855668144
"BIGKAT _ C12 _ Right _ 2",-136.456625378099,27.2922584374367,1314.04121161348,-158.388950669361,127.816176449883,1340.11002909368
"BIGKAT _ C12 _ Right _ 2",-138.086143212305,30.0349973157723,1316.99648350517,-156.012020147078,118.385575492456,1339.17455040479
"BIGKAT _ C12 _ Right _ 2",-139.965547618463,33.5456903531909,1320.31323144128,-152.39764324422,105.157517958358,1337.81761399535
"BIGKAT _ C12 _ Right _ 2",-141.872226166453,37.3839824547148,1323.51173693583,-148.222064422871,90.2168320226577,1336.17892777085
"BIGKAT _ C12 _ Right _ 2",-143.591079118927,41.0900818409913,1326.15272032218,-144.228574895525,75.9316552177832,1334.44939415772
"BIGKAT _ C12 _ Right _ 2",-144.940741692916,44.2447826431418,1327.89990426989,-141.081449050541,64.5413546688027,1332.85185763116
"BIGKAT _ C12 _ Right _ 2",-145.790054167397,46.5106710900769,1328.55537431899,-139.261540427676,57.7882534759202,1331.60871389802
"BIGKAT _ C12 _ Right _ 2",-146.066427047154,47.6573432940989,1328.06954170547,-139.015414285042,56.6568799755507,1330.90469254154
"BIGKAT _ C12 _ Right _ 2",-145.759688652023,47.5788145823155,1326.53392381784,-140.34773253603,61.2473219344516,1330.85419927492
"BIGKAT _ C12 _ Right _ 2",-144.923726557807,46.3085833139776,1324.16492645613,-143.038752495327,70.7812997934041,1331.48038464809
"BIGKAT _ C12 _ Right _ 2",-143.674952501846,44.0294359264085,1321.28177749245,-146.674672916996,83.7287541356269,1332.70994022541
"BIGKAT _ C12 _ Right _ 2",-142.183827022234,41.0674267318791,1318.27587892569,-150.690598982968,98.04064427348,1334.3844669865
"BIGKAT _ C12 _ Right _ 2",-140.655722971915,37.8587139773308,1315.56667066487,-154.434736425196,111.466387183031,1336.28581970163
"BIGKAT _ C12 _ Right _ 2",-139.300901935472,34.8858935968874,1313.54301088603,-157.260825956542,121.916655294539,1338.16967520509
"BIGKAT _ C12 _ Right _ 2",-138.298570142795,32.5933462189334,1312.49761954769,-158.64256332717,127.812152561844,1339.80049945053
"BIGKAT _ C12 _ Right _ 2",-137.763849704748,31.3020199025577,1312.57034557791,-158.285632871011,128.349853966231,1340.98290005041
"BIGKAT _ C12 _ Right _ 2",-137.72683925389,31.1472690961011,1313.71818229166,-156.20179066002,123.628101067663,1341.58718352429
"BIGKAT _ C12 _ Right _ 2",-138.12959626386,32.0571369394153,1315.72344061992,-152.714780704539,114.600803154384,1341.56792466131
"BIGKAT _ C12 _ Right _ 2",-138.841386108196,33.7754425835585,1318.2388173837,-148.390544070569,102.872830172795,1340.97302069765
"BIGKAT _ C12 _ Right _ 2",-139.687134857764,35.919948252786,1320.85557730806,-143.91361155234,90.3911851679621,1339.93965509096
"BIGKAT _ C12 _ Right _ 2",-140.48089045413,38.0571777808386,1323.17514039727,-139.950694255683,79.1107881400945,1338.67526863338
"BIGKAT _ C12 _ Right _ 2",-141.056511130058,39.7756640425934,1324.8676604381,-137.040074353825,70.7051443445866,1337.42533594613
"BIGKAT _ C12 _ Right _ 2",-141.291035602367,40.7464225883009,1325.7105745662,-135.525667387105,66.357173664496,1336.43296719737
"BIGKAT _ C12 _ Right _ 2",-141.119785069976,40.7672196034252,1325.60894339455,-135.532823758748,66.6300135091272,1335.89696222337
"BIGKAT _ C12 _ Right _ 2",-140.543964194831,39.7906798571175,1324.6026035972,-136.971810584659,71.4046306990684,1335.93561139966
"BIGKAT _ C12 _ Right _ 2",-139.630997593148,37.9348069822915,1322.86244454628,-139.556932144363,79.8823060044112,1336.56371107438
"BIGKAT _ C12 _ Right _ 2",-138.506454907692,35.4713167509258,1320.67319415082,-142.838771215925,90.6682372459829,1337.68896306437
"BIGKAT _ C12 _ Right _ 2",-137.336150668421,32.7868902368214,1318.39781789293,-146.255660016737,101.955825999932,1339.12981277884
"BIGKAT _ C12 _ Right _ 2",-136.299022192885,30.3178578965879,1316.42215317885,-149.211110039258,111.808900502114,1340.65047927901
"BIGKAT _ C12 _ Right _ 2",-135.555015854589,28.4685308578328,1315.08686384625,-151.174111548112,118.500445738581,1342.00387538096
"BIGKAT _ C12 _ Right _ 2",-135.215184785144,27.532052034185,1314.62222152016,-151.783469278985,120.834335930119,1342.97260108074
"BIGKAT _ C12 _ Right _ 2",-135.32144695301,27.6345873904991,1315.10373109006,-150.925655969619,118.370149561886,1343.40167095152
"BIGKAT _ C12 _ Right _ 2",-135.840687136838,28.7169930031548,1316.44085200035,-148.757668852684,111.494345385293,1343.22047640491
"BIGKAT _ C12 _ Right _ 2",-136.673473303453,30.5556761811011,1318.3998390775,-145.664416705497,101.325065272368,1342.45314453656
"BIGKAT _ C12 _ Right _ 2",-137.673545450357,32.8120775904475,1320.65096478719,-142.165909894171,89.486227664943,1341.21648380469
"BIGKAT _ C12 _ Right _ 2",-138.672175906224,35.0938414158012,1322.82541912933,-138.807868553146,77.8185630787217,1339.70499181812
"BIGKAT _ C12 _ Right _ 2",-139.502254509497,37.012847441047,1324.56958978027,-136.069333619685,68.0953251085867,1338.16376434561
"BIGKAT _ C12 _ Right _ 2",-140.019556749041,38.2331983955884,1325.59111024703,-134.304693898727,61.7829331619465,1336.85201288539
"BIGKAT _ C12 _ Right _ 2",-140.120961874464,38.5099039418175,1325.69665081673,-133.717937580945,59.8554403315163,1336.00165164804
"BIGKAT _ C12 _ Right _ 2",-139.759763834657,37.7214376797445,1324.82227074002,-134.355773033674,62.6592083695822,1335.77708257159
"BIGKAT _ C12 _ Right _ 2",-138.956684232065,35.895876587042,1323.05353295654,-136.107193343673,69.8345033604794,1336.24373665303
"BIGKAT _ C12 _ Right _ 2",-137.803251621633,33.224180575,1320.62799384241,-138.706532559951,80.3193741414889,1337.3529408134
"BIGKAT _ C12 _ Right _ 2",-136.453797489088,30.0502575390952,1317.91151374498,-141.748275766247,92.4671281932007,1338.94776623852
"BIGKAT _ C12 _ Right _ 2",-135.104480882382,26.829752043822,1315.34462773657,-144.727556498424,104.28906269928,1340.78892165409
"BIGKAT _ C12 _ Right _ 2",-133.961734469031,24.0584484571028,1313.36474900629,-147.115199463874,113.794260318903,1342.59440827981
"BIGKAT _ C12 _ Right _ 2",-133.206272306906,22.1829262017941,1312.31993988803,-148.460540232011,119.358831825667,1344.08464724119
"BIGKAT _ C12 _ Right _ 2",-132.960546646976,21.5146696014404,1312.3956918005,-148.496403900676,120.038259809176,1345.02602028557
"BIGKAT _ C12 _ Right _ 2",-133.266822919087,22.1698135543814,1313.57476949789,-147.210101035939,115.746070498671,1345.26751509613
"BIGKAT _ C12 _ Right _ 2",-134.080390343374,24.049484676863,1315.6414869737,-144.851011592213,107.255705298413,1344.7657995088
"BIGKAT _ C12 _ Right _ 2",-135.278659496135,26.8632675066858,1318.22842678757,-141.868832967347,96.030351909662,1343.59453876204
"BIGKAT _ C12 _ Right _ 2",-136.683051326537,30.1859044640153,1320.89086249572,-138.805090166849,83.9330189109637,1341.93566772325
"BIGKAT _ C12 _ Right _ 2",-138.088091144019,33.5303620372261,1323.18798545228,-136.177259828883,72.8965031921176,1340.05349575994
"BIGKAT _ C12 _ Right _ 2",-139.292108927005,36.4215124209973,1324.75323743558,-134.390505570047,64.6257810614535,1338.25531460071
"BIGKAT _ C12 _ Right _ 2",-140.125938988011,38.4614538475367,1325.34535983712,-133.692123420584,60.3708838535753,1336.84350514093
"BIGKAT _ C12 _ Right _ 2",-140.47799056828,39.3839732632425,1324.8801902346,-134.162898061905,60.7731700906297,1336.06471055405
"BIGKAT _ C12 _ Right _ 2",-140.314239169277,39.0971116159634,1323.445712091,-135.728952326061,65.7754662356401,1336.06289881741
"BIGKAT _ C12 _ Right _ 2",-139.690041017022,37.7090268836809,1321.29961156326,-138.17952491793,74.5988055374947,1336.84524313429
"BIGKAT _ C12 _ Right _ 2",-138.748901309571,35.5273161661457,1318.84394753788,-141.185970257607,85.8082325964381,1338.27085769864
"BIGKAT _ C12 _ Right _ 2",-137.703712309941,33.0211569699279,1316.57076581317,-144.328147456433,97.4948474848461,1340.06979667745
"BIGKAT _ C12 _ Right _ 2",-136.799803826943,30.7427401729152,1314.97865508306,-147.139272256159,107.578250414805,1341.89227748652
"BIGKAT _ C12 _ Right _ 2",-136.265424874047,29.2183433409396,1314.47198448604,-149.174883139207,114.189712271929,1343.37856096905
"BIGKAT _ C12 _ Right _ 2",-136.261010264478,28.833723504035,1315.26621939122,-150.097338518864,116.054409284812,1344.23332384579
"BIGKAT _ C12 _ Right _ 2",-136.840782136153,29.7453637587948,1317.32738587727,-149.752457507411,112.773600358574,1344.28734779349
"BIGKAT _ C12 _ Right _ 2",-137.937724942478,31.8438859224445,1320.36733231366,-148.210276147098,104.924754640439,1343.53254863092
"BIGKAT _ C12 _ Right _ 2",-139.376557461649,34.7800023127745,1323.90004126983,-145.753058634695,93.9456267382804,1342.12185557704
"BIGKAT _ C12 _ Right _ 2",-140.91103697269,38.0432355260237,1327.34407969105,-142.815494228879,81.8324180254334,1340.33334701629
"BIGKAT _ C12 _ Right _ 2",-142.274674979271,41.0679970479434,1330.14118441923,-139.900497261766,70.7381407148492,1338.50800895018
"BIGKAT _ C12 _ Right _ 2",-143.230911551173,43.3373558907462,1331.85827093814,-137.497437206167,62.5788769682498,1336.9786170813
"BIGKAT _ C12 _ Right _ 2",-143.611483723556,44.4628230063085,1332.25085522269,-136.018415614393,58.7327021439428,1336.00846094064
"BIGKAT _ C12 _ Right _ 2",-143.338124555689,44.232445000242,1331.28309355052,-135.753257585431,59.8665509075254,1335.75223244262
"BIGKAT _ C12 _ Right _ 2",-142.428574926373,42.6304302587158,1329.11324979823,-136.835874928143,65.883227175514,1336.24223035673
"BIGKAT _ C12 _ Right _ 2",-140.990238364577,39.8344141639582,1326.05759519542,-139.216874500652,75.9648543644398,1337.39644104008
"BIGKAT _ C12 _ Right _ 2",-139.204063082521,36.1930744852892,1322.54209812518,-142.646216833095,88.6957843315907,1339.04243108183
"BIGKAT _ C12 _ Right _ 2",-137.299944415871,32.1829767156682,1319.04565851769,-146.678695838679,102.257599057609,1340.95048366614
"BIGKAT _ C12 _ Right _ 2",-135.525233240696,28.3443159259681,1316.03644733781,-150.717335917572,114.685624162821,1342.86941059477
"BIGKAT _ C12 _ Right _ 2",-134.109855736826,25.201258001099,1313.90573120081,-154.101783878505,124.160421440659,1344.55927845094
"BIGKAT _ C12 _ Right _ 2",-133.233414717612,23.1799250969551,1312.90873448217,-156.232157341728,129.291282599962,1345.8176803927
"BIGKAT _ C12 _ Right _ 2",-132.99990612533,22.54072261334,1313.12505981776,-156.700716532273,129.342593054928,1346.49934368554
"BIGKAT _ C12 _ Right _ 2",-133.424282037473,23.3395391051222,1314.44904485437,-155.393155742716,124.359483188198,1346.53058998436
"BIGKAT _ C12 _ Right _ 2",-134.432935706331,25.4257120813791,1316.61367294725,-152.524788164414,115.163163507231,1345.91904525239
"BIGKAT _ C12 _ Right _ 2",-135.877841212551,28.4760658520748,1319.24303057247,-148.595762744625,103.208454775323,1344.75605960446
"BIGKAT _ C12 _ Right _ 2",-137.561506216701,32.0558321945586,1321.92078819065,-144.278018222373,90.3275578181582,1343.20767705365
"BIGKAT _ C12 _ Right _ 2",-139.267434755445,35.6910524172061,1324.25826755665,-140.271864231214,78.4179218432201,1341.49231458759
"BIGKAT _ C12 _ Right _ 2",-140.789769762955,38.9360174663088,1325.94729432006,-137.177530790532,69.1489392302775,1339.84853997408
"BIGKAT _ C12 _ Right _ 2",-141.957345406443,41.4248065367786,1326.79026767429,-135.412674768414,63.7462324218433,1338.50014291914
"BIGKAT _ C12 _ Right _ 2",-142.650779512008,42.9050979546259,1326.70932042531,-135.181398137796,62.8715761183963,1337.62512705732
"BIGKAT _ C12 _ Right _ 2",-142.813991012994,43.2591577564186,1325.74272784014,-136.480060491261,66.5798813936104,1337.33195604698
"BIGKAT _ C12 _ Right _ 2",-142.461635612935,42.5170761951018,1324.03653949591,-139.119341893455,74.3254340538199,1337.64407191086
"BIGKAT _ C12 _ Right _ 2",-141.681632355616,40.8616902045898,1321.83384765181,-142.74943826743,85.0070744718343,1338.4939038088
"BIGKAT _ C12 _ Right _ 2",-140.629346983575,38.6179540587702,1319.4574416925,-146.888512443417,97.0666063680967,1339.7287941575
"BIGKAT _ C12 _ Right _ 2",-139.509612635744,36.2174350417994,1317.27852364981,-150.964814744876,108.663850068965,1341.13097558539
"BIGKAT _ C12 _ Right _ 2",-138.545722111666,34.1342145740575,1315.66732566265,-154.383531872149,117.934580285396,1342.45087866837
"BIGKAT _ C12 _ Right _ 2",-137.93958333973,32.7998982808114,1314.92988870108,-156.618796959434,123.302138748107,1343.44905694412
"BIGKAT _ C12 _ Right _ 2",-137.831657166539,32.5165947712003,1315.24453854187,-157.314536685623,123.780177447423,1343.93923424958
"BIGKAT _ C12 _ Right _ 2",-138.270860286831,33.3913779307196,1316.61639905626,-156.364808177903,119.190222330548,1343.82429825694
"BIGKAT _ C12 _ Right _ 2",-139.202679636832,35.3113062524803,1318.86548822164,-153.944123250394,110.229561914464,1343.11781158177
"BIGKAT _ C12 _ Right _ 2",-140.478962588947,37.9662218752862,1321.65429673965,-150.47371978795,98.3598636927683,1341.94541230033
"BIGKAT _ C12 _ Right _ 2",-141.886691640941,40.9118825041639,1324.54834348526,-146.534196454918,85.5368575676738,1340.52407282587
"BIGKAT _ C12 _ Right _ 2",-143.187736970359,43.6544860387798,1327.09353140789,-142.754651388566,73.8496679170065,1339.12292411947
"BIGKAT _ C12 _ Right _ 2",-144.159511672956,45.7344916704967,1328.89155735418,-139.711590212344,65.1614328023802,1338.01507835345
"BIGKAT _ C12 _ Right _ 2",-144.628565239439,46.7937117081773,1329.65967843476,-137.857153229071,60.8271413083025,1337.43186318409
"BIGKAT _ C12 _ Right _ 2",-144.493621498623,46.6200499006457,1329.26952839867,-137.477086140083,61.5226723045452,1337.52790544827
"BIGKAT _ C12 _ Right _ 2",-143.738096500755,45.1717934623852,1327.76542161313,-138.667224121772,67.1810111067827,1338.36056491125
"BIGKAT _ C12 _ Right _ 2",-142.432830560809,42.5842429509128,1325.36293233295,-141.318257381913,77.0183048646865,1339.88397469082
"BIGKAT _ C12 _ Right _ 2",-140.728535279904,39.1576819212499,1322.42582940506,-145.108838250856,89.6398138937832,1341.95696171614
"BIGKAT _ C12 _ Right _ 2",-138.836760070458,35.3226517380301,1319.41854310007,-149.51876853954,103.22428610018,1344.36342233013
"BIGKAT _ C12 _ Right _ 2",-136.999763063283,31.5806592774824,1316.83545612207,-153.878672496105,115.779161313913,1346.84194760943
"BIGKAT _ C12 _ Right _ 2",-135.453067297755,28.4259466373327,1315.11643343894,-157.465068891887,125.439105552222,1349.11963062069
"BIGKAT _ C12 _ Right _ 2",-134.387562721819,26.2625186575049,1314.56567662734,-159.631574704283,130.760420877711,1350.94499848867
"BIGKAT _ C12 _ Right _ 2",-133.918946012729,25.3350234342953,1315.29359323655,-159.946468938035,130.956282657749,1352.11712374671
"BIGKAT _ C12 _ Right _ 2",-134.070833865039,25.6899734375966,1317.19708036629,-158.295006790355,126.024707172742,1352.51009328585
"BIGKAT _ C12 _ Right _ 2",-134.774855029777,27.176389720125,1319.98393078274,-154.909585224708,116.738863307584,1352.09187858999
"BIGKAT _ C12 _ Right _ 2",-135.887168712893,29.4848572712617,1323.23525727364,-150.31318808602,104.495983336872,1350.93430186794
"BIGKAT _ C12 _ Right _ 2",-137.216810156748,32.2137274549404,1326.48937398344,-145.193849242309,91.0559607264625,1349.20908956916
"BIGKAT _ C12 _ Right _ 2",-138.558288703778,34.9438794625323,1329.32490083075,-140.254695248957,78.2348798974513,1347.1671332572
"BIGKAT _ C12 _ Right _ 2",-139.720634868925,37.3026840838275,1331.42287704439,-136.089962102514,67.6325450856393,1345.10366347538
"BIGKAT _ C12 _ Right _ 2",-140.548112541785,39.0048868804344,1332.59734832719,-133.118800543808,60.4517925145172,1343.31671520785
"BIGKAT _ C12 _ Right _ 2",-140.932322709838,39.8693828723803,1332.79650021933,-131.578097221215,57.4207302890234,1342.06653559774
"BIGKAT _ C12 _ Right _ 2",-140.818557502376,39.8197393829497,1332.08517124271,-131.550961644291,58.7872514515192,1341.54080318758
"BIGKAT _ C12 _ Right _ 2",-140.209332473499,38.8784397097265,1330.62072611355,-132.999676356825,64.3427122357112,1341.82851563364
"BIGKAT _ C12 _ Right _ 2",-139.165609487422,37.1605622381614,1328.62918343511,-135.780563986896,73.4494808850667,1342.90576058009
"BIGKAT _ C12 _ Right _ 2",-137.803504941335,34.8659216052434,1326.38179606407,-139.636378642395,85.0769938009618,1344.63747072229
"BIGKAT _ C12 _ Right _ 2",-136.283561226714,32.2643361767523,1324.16863813928,-144.180309095667,97.8707677154626,1346.79764891159
"BIGKAT _ C12 _ Right _ 2",-134.791753148095,29.669532089335,1322.26722357004,-148.89605091536,110.276082401176,1349.10545550004
"BIGKAT _ C12 _ Right _ 2",-133.514866114581,27.402376765573,1320.90904909072,-153.175706198736,120.717233405242,1351.26880025672
"BIGKAT _ C12 _ Right _ 2",-132.615216294443,25.7496372898017,1320.25108138903,-156.402462468544,127.809968628801,1353.02510970845
"BIGKAT _ C12 _ Right _ 2",-132.209544274525,24.9265140544708,1320.35928227244,-158.064672704075,130.571226500829,1354.17224693664
"BIGKAT _ C12 _ Right _ 2",-132.355022669873,25.0493558150118,1321.20723037106,-157.870805711624,128.587550499909,1354.58819390525
"BIGKAT _ C12 _ Right _ 2",-133.043327680787,26.1216819375334,1322.68762275966,-155.827856474105,122.106590015327,1354.2416958584
"BIGKAT _ C12 _ Right _ 2",-134.202629529073,28.0342800559328,1324.63124303814,-152.25309347475,112.023529723499,1353.19549811117
"BIGKAT _ C12 _ Right _ 2",-135.706909797193,30.5788179190563,1326.82809100381,-147.71016770219,99.750899541798,1351.60064711277
"BIGKAT _ C12 _ Right _ 2",-137.391331555713,33.4727434957457,1329.04736505727,-142.88883966771,86.989760700704,1349.67865410829
"BIGKAT _ C12 _ Right _ 2",-139.071193659048,36.3909779551685,1331.05483704262,-138.469350722394,75.4545629054687,1347.69104938701
"BIGKAT _ C12 _ Right _ 2",-140.561311209788,38.9989652223954,1332.62759430345,-135.014634164268,66.6217361484769,1345.90130694308
"BIGKAT _ C12 _ Right _ 2",-141.693694865925,40.9838950824729,1333.56809099658,-132.914587272059,61.5563860465271,1344.53742060689
"BIGKAT _ C12 _ Right _ 2",-142.333669196897,42.085060460545,1333.72139715036,-132.379122246509,60.8303843270352,1343.76201016616
"BIGKAT _ C12 _ Right _ 2",-142.395907906459,42.1263445038808,1332.99901239819,-133.457141860595,64.5078722876625,1343.65305345498
"BIGKAT _ C12 _ Right _ 2",-141.860602438449,41.0509212461032,1331.40808252842,-136.055504809005,72.1643694002199,1344.19594327663
"BIGKAT _ C12 _ Right _ 2",-140.786638107415,38.9514781388882,1329.07786880029,-139.943538862628,82.923204421977,1345.28754608877
"BIGKAT _ C12 _ Right _ 2",-139.315637592409,36.0830791286303,1326.26993198038,-144.746689700689,95.5190010262185,1346.75317382642
"BIGKAT _ C12 _ Right _ 2",-137.660772896889,32.8453810320363,1323.35905545274,-149.947922356605,108.410699065281,1348.37529451503
"BIGKAT _ C12 _ Right _ 2",-136.078376516679,29.7287682632874,1320.78024609913,-154.919681823346,119.95593310589,1349.92841360865
"BIGKAT _ C12 _ Right _ 2",-134.826672898945,27.2321511168292,1318.95025349764,-158.999504111006,128.632429468282,1351.21126821278
"BIGKAT _ C12 _ Right _ 2",-134.120767966408,25.7716125209973,1318.18325248032,-161.602593721807,133.268458999256,1352.06888510852
"BIGKAT _ C12 _ Right _ 2",-134.094150816683,25.602923345038,1318.62389871305,-162.344168954741,133.235368271756,1352.40273314274
"BIGKAT _ C12 _ Right _ 2",-134.774976957023,26.776589940666,1320.21596451274,-161.133014659574,128.560194997171,1352.17282618697
"BIGKAT _ C12 _ Right _ 2",-136.082014829709,29.1348925759665,1322.71434020366,-158.20151480254,119.929770825886,1351.39715152442
"BIGKAT _ C12 _ Right _ 2",-137.841061114977,32.3496223548078,1325.73623644997,-154.056987099088,108.578061272942,1350.15080312409
"BIGKAT _ C12 _ Right _ 2",-139.817812284993,35.9888673097672,1328.83694927391,-149.368249973756,96.0768780681244,1348.56290041078
"BIGKAT _ C12 _ Right _ 2",-141.758546563425,39.5936795080558,1331.58936162515,-144.826643773418,84.0802072812274,1346.80766981876
"BIGKAT _ C12 _ Right _ 2",-143.428015508954,42.7445024576048,1333.64727157814,-141.02748294696,74.0868459443097,1345.08794534728
"BIGKAT _ C12 _ Right _ 2",-144.636662065275,45.1047219174425,1334.7812579463,-138.401841907256,67.2704144634533,1343.6123045572
"BIGKAT _ C12 _ Right _ 2",-145.255440714242,46.4410349901592,1334.8881132899,-137.200726770112,64.3875277700074,1342.56852953792
"BIGKAT _ C12 _ Right _ 2",-145.222025758404,46.6300580278717,1333.98398297504,-137.511210326236,65.7406472276205,1342.09631031542
"BIGKAT _ C12 _ Right _ 2",-144.543617111732,45.6622553155814,1332.19261839607,-139.27742830759,71.1640599183939,1342.26285172619
"BIGKAT _ C12 _ Right _ 2",-143.298704513777,43.6480932041854,1329.73432919015,-142.308218523735,80.0201275159789,1343.04667751654
"BIGKAT _ C12 _ Right _ 2",-141.635640959078,40.8220972309987,1326.91301769064,-146.270688882598,91.2210846669801,1344.3356766315
"BIGKAT _ C12 _ Right _ 2",-139.763102940867,37.534278460568,1324.0935320231,-150.686029035507,103.307822243296,1345.94303585335
"BIGKAT _ C12 _ Right _ 2",-137.928611434842,34.2192604128068,1321.66278772016,-154.951968060972,114.608997452524,1347.63892506821
"BIGKAT _ C12 _ Right _ 2",-136.385681473611,31.3410811921522,1319.97506141397,-158.41032929724,123.475695780191,1349.18973361771
"BIGKAT _ C12 _ Right _ 2",-135.355016143385,29.321717254878,1319.29049852018,-160.459380353777,128.554996358173,1350.3945162488
"BIGKAT _ C12 _ Right _ 2",-134.987795608743,28.4687327258597,1319.7216508377,-160.687224209674,129.045277996274,1351.11136822462
"BIGKAT _ C12 _ Right _ 2",-135.338967046601,28.9193516234051,1321.20339414181,-158.985655273863,124.872504449859,1351.27182212329
"BIGKAT _ C12 _ Right _ 2",-136.356432466111,30.6147340526234,1323.49682258272,-155.602806345777,116.738760866153,1350.88496670809
"BIGKAT _ C12 _ Right _ 2",-137.888877553063,33.3107620522417,1326.22891672975,-151.110255482527,106.020000356106,1350.03311522376
"BIGKAT _ C12 _ Right _ 2",-139.710958038811,36.6223008176723,1328.95937321978,-146.290124271915,94.5267366241506,1348.85915156681
"BIGKAT _ C12 _ Right _ 2",-141.56053866883,40.0896904538471,1331.25791398057,-141.976237769856,84.1800040949227,1347.54533095393
"BIGKAT _ C12 _ Right _ 2",-143.180376565238,43.25244217078,1332.77371375514,-138.895679932973,76.6776258632724,1346.28559607326
"BIGKAT _ C12 _ Right _ 2",-144.357115130172,45.7170457398149,1333.28423780554,-137.54789692955,73.219175068294,1345.25627747955
"BIGKAT _ C12 _ Right _ 2",-144.952722485145,47.211023408877,1332.71988567523,-138.137027694562,74.328588993771,1344.59063606503
"BIGKAT _ C12 _ Right _ 2",-144.925351146318,47.6195170391803,1331.16742695538,-140.554657805868,79.7841160305012,1344.36106737219
"BIGKAT _ C12 _ Right _ 2",-144.336833143652,47.0013417166286,1328.85619250777,-144.403583905258,88.6528787838681,1344.57086584743
"BIGKAT _ C12 _ Right _ 2",-143.343707971076,45.5801267349532,1326.12818965141,-149.056394225072,99.4279520209346,1345.15618648113
"BIGKAT _ C12 _ Right _ 2",-142.170084034483,43.7068714981851,1323.39130914705,-153.747298905407,110.262788119686,1345.99758437792
"BIGKAT _ C12 _ Right _ 2",-141.064966900196,41.795748006906,1321.05705330689,-157.693911518819,119.279995948221,1346.93882689951
"BIGKAT _ C12 _ Right _ 2",-140.252446519083,40.243941440316,1319.4705110026,-160.235490642576,124.904517284448,1347.80950328583
"BIGKAT _ C12 _ Right _ 2",-139.886916856198,39.3537818101963,1318.84687454989,-160.960516369123,126.152068955448,1348.44837812459
"BIGKAT _ C12 _ Right _ 2",-140.024790948679,39.2766387589219,1319.23100847121,-159.788894284235,122.805697927133,1348.7258600855
"BIGKAT _ C12 _ Right _ 2",-140.619166468387,39.9918536819899,1320.49197401246,-156.980995072369,115.438255314046,1348.56460802475
"BIGKAT _ C12 _ Right _ 2",-141.536823259459,41.3229571558122,1322.35414951792,-153.068356347618,105.279437593892,1347.95627774058
"BIGKAT _ C12 _ Right _ 2",-142.590592945026,42.9822801306042,1324.45516084637,-148.729532302938,93.9694074420216,1346.97065160038
"BIGKAT _ C12 _ Right _ 2",-143.577016177463,44.6287542271383,1326.41399640421,-144.652812815079,83.2681335133812,1345.75271840799
"BIGKAT _ C12 _ Right _ 2",-144.310431103064,45.9247593214625,1327.89367170462,-141.424388426485,74.785987061005,1344.50480545523
"BIGKAT _ C12 _ Right _ 2",-144.648908653449,46.5843055044373,1328.64960324007,-139.460219362016,69.771682690922,1343.45423185949
"BIGKAT _ C12 _ Right _ 2",-144.511676441709,46.4113642048115,1328.56184463713,-138.977476814587,68.9618878374644,1342.8109545646
"BIGKAT _ C12 _ Right _ 2",-143.889375614286,45.3294734008971,1327.65214276772,-139.989835906955,72.4845067442575,1342.7233064373
"BIGKAT _ C12 _ Right _ 2",-142.847463103357,43.4013242864383,1326.08516097968,-142.313106315233,79.8176707174307,1343.24232616866
"BIGKAT _ C12 _ Right _ 2",-141.521038010805,40.8327818782503,1324.15035096524,-145.578619618452,89.824096138129,1344.30505336952
"BIGKAT _ C12 _ Right _ 2",-140.098623807749,37.9538634096321,1322.22082061995,-149.263166851143,100.885735681107,1345.74314202594
"BIGKAT _ C12 _ Right _ 2",-138.794297107189,35.172524081801,1320.69028230523,-152.748301912588,111.145365336036,1347.31562351793
"BIGKAT _ C12 _ Right _ 2",-137.811402184557,32.905295782148,1319.89739080985,-155.414399671995,118.8261448649,1348.75697451577
"BIGKAT _ C12 _ Right _ 2",-137.304853826425,31.4981336955405,1320.05426996687,-156.758199404189,122.566230155265,1349.82800753293
"BIGKAT _ C12 _ Right _ 2",-137.350767375935,31.1565531005094,1321.1984188584,-156.505019909657,121.690200175517,1350.35870421076
"BIGKAT _ C12 _ Right _ 2",-137.931098134922,31.9034317990824,1323.18245687236,-154.678984090005,116.348180185251,1350.27638931292
"BIGKAT _ C12 _ Right _ 2",-138.937391959005,33.5756641301545,1325.7054829865,-151.60353419332,107.484365590381,1349.61637179711
"BIGKAT _ C12 _ Right _ 2",-140.192589345739,35.859514049012,1328.3770431707,-147.828763782243,96.6422561583644,1348.51446601839
"BIGKAT _ C12 _ Right _ 2",-141.484782825406,38.3532864232606,1330.79500294144,-144.009966939773,85.6607932730657,1347.18292808393
"BIGKAT _ C12 _ Right _ 2",-142.604145123319,40.6398322285832,1332.61643774868,-140.777327271939,76.342804963982,1345.87409548831
"BIGKAT _ C12 _ Right _ 2",-143.375323486709,42.3531038192157,1333.60697354842,-138.63153838942,70.1692694164489,1344.83811411608
"BIGKAT _ C12 _ Right _ 2",-143.681410068253,43.2301295960877,1333.66486680553,-137.88074107851,68.0973249032223,1344.28110426934
"BIGKAT _ C12 _ Right _ 2",-143.479208319458,43.1466097072364,1332.82486449136,-138.61512754177,70.4438839060815,1344.32876542865
"BIGKAT _ C12 _ Right _ 2",-142.806585573636,42.1365205886059,1331.24913755729,-140.707394491867,76.8430499643988,1344.99982245956
"BIGKAT _ C12 _ Right _ 2",-141.781282464432,40.3938003559317,1329.208905989,-143.830660351661,86.2752752960611,1346.19438508769
"BIGKAT _ C12 _ Right _ 2",-140.588672208401,38.251124155621,1327.05492980212,-147.494345604345,97.1820016519169,1347.70243874145
"BIGKAT _ C12 _ Right _ 2",-139.456070550123,36.131496296071,1325.17265801431,-151.104775327015,107.680566444583,1349.23505699932
"BIGKAT _ C12 _ Right _ 2",-138.614477138712,34.4750183910372,1323.92145289361,-154.054784770872,115.870944715911,1350.47535376497
"BIGKAT _ C12 _ Right _ 2",-138.253917185736,33.6533615130081,1323.56595662577,-155.834493158259,120.187955743209,1351.14032961152
"BIGKAT _ C12 _ Right _ 2",-138.482852498913,33.8923789595587,1324.21619523723,-156.139594941289,119.721715774731,1351.04161485741
"BIGKAT _ C12 _ Right _ 2",-139.30275191194,35.2238288056208,1325.79530245325,-154.944397549138,114.423332876345,1350.13314235015
"BIGKAT _ C12 _ Right _ 2",-140.605242964301,37.4792938761851,1328.04728209548,-152.512901395312,105.136645590102,1348.53550202042
"BIGKAT _ C12 _ Right _ 2",-142.192725474218,40.3263632534991,1330.58471651466,-149.342215368573,93.4427947252073,1346.52936010921
"BIGKAT _ C12 _ Right _ 2",-143.81646127154,43.3347302551428,1332.96360950753,-146.057554123363,81.3566245625415,1344.51455170273
"BIGKAT _ C12 _ Right _ 2",-145.221903170802,46.0536372047901,1334.76547849225,-143.292082981319,70.951530330116,1342.93777985944
"BIGKAT _ C12 _ Right _ 2",-146.19126146081,48.084157865976,1335.66822116984,-141.581039428069,63.9973603270955,1342.19930434168
"BIGKAT _ C12 _ Right _ 2",-146.577038910282,49.1370410474708,1335.49491532327,-141.28433731448,61.6764919245147,1342.55574381889
"BIGKAT _ C12 _ Right _ 2",-146.324192582055,49.0733512505223,1334.23780084298,-142.538107367912,64.412775914503,1344.04065915393
"BIGKAT _ C12 _ Right _ 2",-145.480112539322,47.927071693049,1332.05878803005,-145.231475342763,71.8227760233291,1346.42570414505
"BIGKAT _ C12 _ Right _ 2",-144.190966132683,45.90685943743,1329.26785693886,-149.009400100771,82.7843060240163,1349.24096358571
"BIGKAT _ C12 _ Right _ 2",-142.682439846983,43.372152494515,1326.27981215313,-153.30869049833,95.6099328003481,1351.86143681824
"BIGKAT _ C12 _ Right _ 2",-141.22464129093,40.7807139960309,1323.55131103312,-157.434804419451,108.305746762566,1353.64737489247
"BIGKAT _ C12 _ Right _ 2",-140.08505030405,38.6114634118469,1321.50479632409,-160.678009246173,118.884341296072,1354.10453648054
"BIGKAT _ C12 _ Right _ 2",-139.477995189925,37.2754031275109,1320.45192135429,-162.45162532771,125.687807761606,1353.01667448128
"BIGKAT _ C12 _ Right _ 2",-139.521728589527,37.03409091453,1320.53286974781,-162.420153216153,127.667420908195,1350.50618728884
"BIGKAT _ C12 _ Right _ 2",-140.213486364885,37.945928154951,1321.68701989199,-160.579729789875,124.566783730058,1347.00143223139
"BIGKAT _ C12 _ Right _ 2",-141.429065412129,39.8545538672765,1323.66398129089,-157.262903245386,116.967636825148,1343.12267947858
"BIGKAT _ C12 _ Right _ 2",-142.947406241379,42.422379842168,1326.07358023581,-153.063212918304,106.183117039868,1339.52904868011
"BIGKAT _ C12 _ Right _ 2",-144.494017484292,45.1994010510332,1328.46240375065,-148.703290301991,94.0185350053502,1336.78078703801
"BIGKAT _ C12 _ Right _ 2",-145.792241766024,47.7080015054604,1330.39767629525,-144.888323951447,82.4537025589537,1335.25632788873
"BIGKAT _ C12 _ Right _ 2",-146.610635345077,49.5230097801852,1331.53985336315,-142.184473196302,73.3169135591087,1335.12990307244
"BIGKAT _ C12 _ Right _ 2",-146.798330848295,50.3330207776683,1331.69254424157,-140.942901404923,68.0094436335284,1336.38625174628
"BIGKAT _ C12 _ Right _ 2",-146.305551673141,49.9789638234499,1330.8272614861,-141.268959128111,67.310657433427,1338.84292882197
"BIGKAT _ C12 _ Right _ 2",-145.189979083482,48.4724450983853,1329.08570228335,-143.024984610185,71.2699225084933,1342.1665696698
"BIGKAT _ C12 _ Right _ 2",-143.610008298204,45.996539460637,1326.76218182879,-145.856472511149,79.1867292307296,1345.89147346212
"BIGKAT _ C12 _ Right _ 2",-141.804570117488,42.8877933213839,1324.26621275301,-149.239199546641,89.6887646002473,1349.46137879963
"BIGKAT _ C12 _ Right _ 2",-140.058983732125,39.5954169913499,1322.06447753188,-152.550958438487,100.920626480536,1352.31009627764
"BIGKAT _ C12 _ Right _ 2",-138.658949020408,36.616081140946,1320.60514422385,-155.169448976623,110.839292174954,1353.97502311678
"BIGKAT _ C12 _ Right _ 2",-137.839376698983,34.410511651024,1320.23450088261,-156.586605321401,117.578910029745,1354.21143070214
"BIGKAT _ C12 _ Right _ 2",-137.738563300589,33.3172874909183,1321.12258342286,-156.515105563385,119.814254746072,1353.06256453558
"BIGKAT _ C12 _ Right _ 2",-138.368920306055,33.4846161946227,1323.21723824733,-154.955156104593,117.037871722085,1350.85250763969
"BIGKAT _ C12 _ Right _ 2",-139.612396738253,34.8389194994298,1326.24239952516,-152.196877472359,109.678980028284,1348.10115771216
"BIGKAT _ C12 _ Right _ 2",-141.242615361306,37.0997328873398,1329.74548320158,-148.755255670269,99.0296442899009,1345.39533565522
"BIGKAT _ C12 _ Right _ 2",-142.968448977552,39.8369967959265,1333.18370669354,-145.259726505188,86.9944675438791,1343.26566319739
"BIGKAT _ C12 _ Right _ 2",-144.48817895885,42.5548092656058,1336.02693341043,-142.333739672863,75.7265865731704,1342.10536105534
"BIGKAT _ C12 _ Right _ 2",-145.542004053333,44.7804348883827,1337.85182996049,-140.493754288586,67.2358788964155,1342.13565221746
"BIGKAT _ C12 _ Right _ 2",-145.953614425709,46.140583869262,1338.40913144336,-140.0794340738,63.0465400852457,1343.39798442493
"BIGKAT _ C12 _ Right _ 2",-145.656252130234,46.4152284611723,1337.65681542693,-141.211936836505,63.9520867003847,1345.75224637278
"BIGKAT _ C12 _ Right _ 2",-144.702051357347,45.5664759849426,1335.76018389149,-143.773859720606,69.8888788636544,1348.87763280856
"BIGKAT _ C12 _ Right _ 2",-143.254425843912,43.7426649392656,1333.06277888177,-147.410912481716,79.9370348378077,1352.29163280117
"BIGKAT _ C12 _ Right _ 2",-141.563363499468,41.2570887355322,1330.0322528827,-151.563922577972,92.4535312661633,1355.40817037216
"BIGKAT _ C12 _ Right _ 2",-139.92497838119,38.5405673317132,1327.18656348117,-155.541916820941,105.331553186941,1357.6429004747
"BIGKAT _ C12 _ Right _ 2",-138.630222153673,36.0705200726439,1325.00934718626,-158.637987534517,116.356640365094,1358.54764468178
"BIGKAT _ C12 _ Right _ 2",-137.911630009585,34.285936021839,1323.86729128924,-160.271441918663,123.601986621188,1357.93193549252
"BIGKAT _ C12 _ Right _ 2",-137.899006469975,33.5043564399435,1323.94443250587,-160.121189391834,125.786555430984,1355.9238183368
"BIGKAT _ C12 _ Right _ 2",-138.593919254958,33.8597693322206,1325.20730796491,-158.207822155721,122.519797548095,1352.94094035033
"BIGKAT _ C12 _ Right _ 2",-139.869123002262,35.2770618749785,1327.41023874096,-154.893036168778,114.376952967144,1349.57914805704
"BIGKAT _ C12 _ Right _ 2",-141.493477550177,37.4897837932392,1330.14166613554,-150.793314141569,102.785383786186,1346.46151877784
"BIGKAT _ C12 _ Right _ 2",-143.176731761193,40.096088769715,1332.90202141266,-146.637131453006,89.7474644549756,1344.10521304027
"BIGKAT _ C12 _ Right _ 2",-144.623628849944,42.637353481881,1335.19522615015,-143.112966061734,77.4657322459489,1342.84601113984
"BIGKAT _ C12 _ Right _ 2",-145.585348594891,44.6798411262646,1336.61395761048,-140.749310625433,67.9545849242582,1342.82280683104
"BIGKAT _ C12 _ Right _ 2",-145.898990781079,45.8834336927333,1336.90389039788,-139.845231533268,62.7119770976048,1343.99487559795
"BIGKAT _ C12 _ Right _ 2",-145.510627575147,46.0494574422622,1336.00009067154,-140.44792981738,62.4951206075443,1346.16240227465
"BIGKAT _ C12 _ Right _ 2",-144.481280302374,45.1462090447944,1334.03443817946,-142.363962669335,67.2174413937364,1348.98029688853
"BIGKAT _ C12 _ Right _ 2",-142.976548882447,43.3127397610263,1331.3148241376,-145.19355349969,75.971753090704,1351.9777700178
"BIGKAT _ C12 _ Right _ 2",-141.240753771434,40.8401647515382,1328.27753263644,-148.385737784001,87.1800617561547,1354.60569589563
"BIGKAT _ C12 _ Right _ 2",-139.557564072661,38.1292209681933,1325.41694109243,-151.31750341219,98.8592906282449,1356.32455436081
"BIGKAT _ C12 _ Right _ 2",-138.20203726437,35.6260327867246,1323.20186678971,-153.396756620174,108.969072829665,1356.72218571853
"BIGKAT _ C12 _ Right _ 2",-137.392426963582,33.7447391814162,1321.99293054157,-154.176875681883,115.781365583496,1355.62633059407
"BIGKAT _ C12 _ Right _ 2",-137.251725167568,32.7922639604086,1321.97731589982,-153.456678938256,118.196720925322,1353.16814960836
"BIGKAT _ C12 _ Right _ 2",-137.787399075972,32.9128409361406,1323.13508301634,-151.334227259192,115.938210318546,1349.76758544001
"BIGKAT _ C12 _ Right _ 2",-138.893544460248,34.0658284236347,1325.24487235659,-148.193083977147,109.581452775692,1346.04287848203
"BIGKAT _ C12 _ Right _ 2",-140.374108187021,36.0410280883499,1327.92739305203,-144.622925828475,100.420273890213,1342.67680506557
"BIGKAT _ C12 _ Right _ 2",-141.980754310468,38.505023452961,1330.7153834543,-141.300041336707,90.2084931412829,1340.28329460089
"BIGKAT _ C12 _ Right _ 2",-143.456295083003,41.0647738184486,1333.13328844187,-138.862924328868,80.8427428335166,1339.30551982674
"BIGKAT _ C12 _ Right _ 2",-144.575414185493,43.3337811930132,1334.77148927191,-137.809900524018,74.0495365422658,1339.95365517576
"BIGKAT _ C12 _ Right _ 2",-145.177614892726,44.9904518939123,1335.34631278502,-138.428899373299,71.1190484115886,1342.17588468
"BIGKAT _ C12 _ Right _ 2",-145.190328355928,45.8235811234628,1334.74267532276,-140.757278108426,72.7073003072951,1345.65714459589
"BIGKAT _ C12 _ Right _ 2",-144.641032166513,45.7625736703795,1333.03735412514,-144.568138836696,78.7215278257587,1349.84961157604
"BIGKAT _ C12 _ Right _ 2",-143.656435366026,44.8896699734975,1330.49858753326,-149.385667805762,88.3074520978958,1354.04515910644
"BIGKAT _ C12 _ Right _ 2",-142.446310762289,43.4304371828465,1327.55622306507,-154.53764171128,99.957098579048,1357.49421453495
"BIGKAT _ C12 _ Right _ 2",-141.271210433352,41.7199276858036,1324.73956544559,-159.251118578003,111.73962035663,1359.55694304131
"BIGKAT _ C12 _ Right _ 2",-140.397214229413,40.1462895048954,1322.58776582205,-162.785348237106,121.627589648487,1359.85076500516
"BIGKAT _ C12 _ Right _ 2",-140.045404089674,39.0798873356036,1321.54719576126,-164.578765725489,127.86189796397,1358.34749841205
"BIGKAT _ C12 _ Right _ 2",-140.346690999758,38.8014239885022,1321.87757192746,-164.373387822852,129.283401828918,1355.38312488073
"BIGKAT _ C12 _ Right _ 2",-141.312511400675,39.4447552859654,1323.59013909645,-162.278095316005,125.562548404853,1351.57063780718
"BIGKAT _ C12 _ Right _ 2",-142.828803382949,40.9680411172875,1326.43572598847,-158.746040894812,117.276212798861,1347.64062944959
"BIGKAT _ C12 _ Right _ 2",-144.675575898087,43.1608040377578,1329.94916324159,-154.468428165175,105.810384554132,1344.26186118207
"BIGKAT _ C12 _ Right _ 2",-146.568400020945,45.6856663832182,1333.5421215561,-150.216758666487,93.1046967093108,1341.90174925093
"BIGKAT _ C12 _ Right _ 2",-148.212681747796,48.144684429676,1336.62295056768,-146.682803800691,81.2918061980392,1340.76706404112
"BIGKAT _ C12 _ Right _ 2",-149.358738599123,50.1548525992007,1338.7148199669,-144.360155610043,72.3078937784246,1340.8270170242
"BIGKAT _ C12 _ Right _ 2",-149.846905732077,51.4175365563273,1339.5457865369,-143.488088119035,67.5507120365799,1341.8874460468
"BIGKAT _ C12 _ Right _ 2",-149.635839845008,51.7707610633892,1339.09420517245,-144.052926150559,67.6425385718191,1343.67413326368
"BIGKAT _ C12 _ Right _ 2",-148.810752394169,51.2177334600326,1337.5840653404,-145.827193442341,72.3303013814439,1345.89471934778
"BIGKAT _ C12 _ Right _ 2",-147.569925204591,49.9275895278265,1335.43322433078,-148.42583132706,80.5338511752642,1348.26931042723
"BIGKAT _ C12 _ Right _ 2",-146.18914548772,48.2062386494597,1333.16381704867,-151.367177529348,90.5362687668521,1350.53766565682
"BIGKAT _ C12 _ Right _ 2",-144.967285345022,46.4389139357331,1331.29077064737,-154.136596057921,100.292738809667,1352.45963401987
"BIGKAT _ C12 _ Right _ 2",-144.162442310097,45.0125469442923,1330.2110439534,-156.255733102739,107.814086313176,1353.82415537821
"BIGKAT _ C12 _ Right _ 2",-143.933781370099,44.2334054251173,1330.11926755238,-157.356833168122,111.559677449239,1354.47332741731
"BIGKAT _ C12 _ Right _ 2",-144.30535725931,44.2597577051,1330.97116597112,-157.251574510834,110.759436895413,1354.3367465712
"BIGKAT _ C12 _ Right _ 2",-145.16284511258,45.0673833398511,1332.50417048633,-155.975250646417,105.586777085786,1353.46267360284
"BIGKAT _ C12 _ Right _ 2",-146.283922945698,46.4569829321736,1334.30849966761,-153.788413769385,97.1314722057786,1352.0300699612
"BIGKAT _ C12 _ Right _ 2",-147.392348060133,48.1001217473134,1335.92748785837,-151.131123808215,87.1718382660093,1350.33038575397
"BIGKAT _ C12 _ Right _ 2",-148.219370608091,49.6098284552929,1336.9589612098,-148.541712238486,77.8019014581273,1348.71854129274
"BIGKAT _ C12 _ Right _ 2",-148.556586119315,50.6177643705534,1337.13287590296,-146.561199739986,71.0063222533322,1347.54418299333
"BIGKAT _ C12 _ Right _ 2",-148.290214370545,50.8422265952236,1336.35172465706,-145.642078685017,68.2782999484845,1347.08133656526
"BIGKAT _ C12 _ Right _ 2",-147.413983050062,50.1367195624395,1334.69299248413,-146.071937506921,70.35031973311,1347.47440161042
"BIGKAT _ C12 _ Right _ 2",-146.022813820053,48.5137749964868,1332.38162739997,-147.917042366452,77.0744441213423,1348.71279250215
"BIGKAT _ C12 _ Right _ 2",-144.291639935082,46.1420872364655,1329.74359193523,-150.991941665626,87.4610343972968,1350.63844241282
"BIGKAT _ C12 _ Right _ 2",-142.444303731233,43.318088011283,1327.15092778109,-154.865028009587,99.8618794517268,1352.98172122154
"BIGKAT _ C12 _ Right _ 2",-140.717906518685,40.4168704016802,1324.96672798549,-158.910347660066,112.262198670898,1355.41406894265
"BIGKAT _ C12 _ Right _ 2",-139.328154399661,37.8311635497246,1323.49607720695,-162.40837027318,122.628672338199,1357.60284468573
"BIGKAT _ C12 _ Right _ 2",-138.440403726779,35.9090312350653,1322.94681137362,-164.683699729503,129.253585603749,1359.25721374072
"BIGKAT _ C12 _ Right _ 2",-138.14932688974,34.9002148316885,1323.40258014154,-165.251370533989,131.039555871885,1360.16110761092
"BIGKAT _ C12 _ Right _ 2",-138.468478190199,34.918634714238,1324.81072306862,-163.932864005653,127.680327485929,1360.19539847656
"BIGKAT _ C12 _ Right _ 2",-139.330258728458,35.9261258675316,1326.98799533546,-160.904912680059,119.706999924428,1359.35261847997
"BIGKAT _ C12 _ Right _ 2",-140.596269132061,37.7399506235111,1329.6459500757,-156.661758774128,108.388433392069,1357.74409438076
"BIGKAT _ C12 _ Right _ 2",-142.076760858389,40.0626163790674,1332.43343562875,-151.900684128975,95.5032213751764,1355.59520760062
"BIGKAT _ C12 _ Right _ 2",-143.555960412556,42.5273272224301,1334.98799421251,-147.368145819689,83.032507471959,1353.22387606913
"BIGKAT _ C12 _ Right _ 2",-144.81895524131,44.7491924396552,1336.98517840139,-143.714243994745,72.8408655797197,1351.00102778683
"BIGKAT _ C12 _ Right _ 2",-145.676796236761,46.3738603406715,1338.17756480011,-141.391251132284,66.4033698315213,1349.29679898477
"BIGKAT _ C12 _ Right _ 2",-145.988672311646,47.120112780988,1338.42140945637,-140.607444907251,64.6082708744713,1348.41963438041
"BIGKAT _ C12 _ Right _ 2",-145.681204230963,46.8165615102877,1337.6933329505,-141.32655597931,67.6395154744525,1348.55758309084
"BIGKAT _ C12 _ Right _ 2",-144.76372019456,45.4317438601254,1336.09889924337,-143.295381990332,74.9381061600394,1349.73311843519
"BIGKAT _ C12 _ Right _ 2",-143.335701080849,43.0925456230969,1333.87067851258,-146.086737324804,85.2515234819438,1351.78386207628
"BIGKAT _ C12 _ Right _ 2",-141.580883951741,40.08197075177,1331.34953361538,-149.154751135115,96.7875511433763,1354.37880298718
"BIGKAT _ C12 _ Right _ 2",-139.744000990996,36.807929445227,1328.94336083666,-151.906336175363,107.477460708262,1357.0715886221
"BIGKAT _ C12 _ Right _ 2",-138.091050843158,33.7413490744098,1327.06351055072,-153.790899388635,115.323852746967,1359.38198945388
"BIGKAT _ C12 _ Right _ 2",-136.860196168857,31.3322019889053,1326.0483275584,-154.399973582938,118.774964853077,1360.88878024341
"BIGKAT _ C12 _ Right _ 2",-136.214714327244,29.9213550881606,1326.09125296393,-153.555370018821,117.046402557562,1361.31482683637
"BIGKAT _ C12 _ Right _ 2",-136.209877577295,29.6702431065803,1327.19349855124,-151.357821414896,110.311761274416,1360.58702248275
"BIGKAT _ C12 _ Right _ 2",-136.782234873503,30.5272743099243,1329.15647448735,-148.174792149053,99.7064611591857,1358.85776036689
"BIGKAT _ C12 _ Right _ 2",-137.763973448159,32.2403326269151,1331.61822996481,-144.565553215328,87.1305639203363,1356.48050018394
"BIGKAT _ C12 _ Right _ 2",-138.918762617052,34.4120161734274,1334.12539967074,-141.164306078758,74.8869038140525,1353.94073246783
"BIGKAT _ C12 _ Right _ 2",-139.990538621177,36.5831908402775,1336.22277144673,-138.555264083047,65.2339765652319,1351.75499947258
"BIGKAT _ C12 _ Right _ 2",-140.75443595651,38.325066075377,1337.53999489129,-137.170472277559,59.9514217049013,1350.36083536773
"BIGKAT _ C12 _ Right _ 2",-141.059806516167,39.321022385122,1337.85877456984,-137.226329866079,60.0043279217486,1350.02417146105
"BIGKAT _ C12 _ Right _ 2",-140.857944651589,39.4241902758211,1337.15059272165,-138.69951046531,65.3627775709046,1350.78589663938
"BIGKAT _ C12 _ Right _ 2",-140.210242379689,38.6820813897103,1335.58085869852,-141.33583542574,75.002154625036,1352.45868633026
"BIGKAT _ C12 _ Right _ 2",-139.27542869032,37.3243343702158,1333.47936455536,-144.687298237754,87.0841281195176,1354.67286312754
"BIGKAT _ C12 _ Right _ 2",-138.277730281889,35.7148807207688,1331.28058497301,-148.177007946618,99.2928318233916,1356.95860646629
"BIGKAT _ C12 _ Right _ 2",-137.461455222549,34.2763651876504,1329.44214583401,-151.191947820264,109.272333877514,1358.84406904913
"BIGKAT _ C12 _ Right _ 2",-137.040792299155,33.4013095606912,1328.35515245096,-153.195524716092,115.086187013152,1359.94764887099
"BIGKAT _ C12 _ Right _ 2",-137.155185055957,33.3687191478836,1328.26396062723,-153.839053736608,115.607606094996,1360.04754172978
"BIGKAT _ C12 _ Right _ 2",-137.839782771919,34.2845756458539,1329.21332345512,-153.042052678374,110.755508618345,1359.11888466861
"BIGKAT _ C12 _ Right _ 2",-139.017402382483,36.0596449235631,1331.03643750732,-151.013977620327,101.518248350629,1357.33454861933
"BIGKAT _ C12 _ Right _ 2",-140.51371333721,38.429342385287,1333.38827259953,-148.207115767339,89.7515567500582,1355.02978327123
"BIGKAT _ C12 _ Right _ 2",-142.091844107084,41.0100296958836,1335.81670429253,-145.214566527458,77.7928864800294,1352.63599643649
"BIGKAT _ C12 _ Right _ 2",-143.498012543954,43.3771957279025,1337.85372973787,-142.645074940102,67.9838052429217,1350.59597883199
"BIGKAT _ C12 _ Right _ 2",-144.508127275544,45.1470848543572,1339.10524458359,-141.008097377938,62.2126948077802,1349.27867577344
"BIGKAT _ C12 _ Right _ 2",-144.967071590917,46.045816068591,1339.32189380928,-140.630076830007,61.5715645866004,1348.91161485618
"BIGKAT _ C12 _ Right _ 2",-144.815686129285,45.9561992893554,1338.44163660452,-141.60776674411,66.1778721559037,1349.54288366998
"BIGKAT _ C12 _ Right _ 2",-144.102825878089,44.937842143803,1336.60128730493,-143.796172731799,75.1720227080841,1351.03646452055
"BIGKAT _ C12 _ Right _ 2",-142.980571286222,43.218683679496,1334.11698468053,-146.828715298863,86.8783731049865,1353.09886147565
"BIGKAT _ C12 _ Right _ 2",-141.681197862457,41.15747157403,1331.43438274488,-150.170516216602,99.1053801295588,1355.33151375946
"BIGKAT _ C12 _ Right _ 2",-140.476799541221,39.1798944230521,1329.05198833884,-153.205618584506,109.545091272924,1357.30072819203
"BIGKAT _ C12 _ Right _ 2",-139.62689457047,37.6970949013281,1327.42704243178,-155.351530001447,116.209923192492,1358.61441667709
"BIGKAT _ C12 _ Right _ 2",-139.324177338863,37.0220338643535,1326.88079090751,-156.181499247903,117.825276890564,1358.99386306175
"BIGKAT _ C12 _ Right _ 2",-139.651260392516,37.3029864589887,1327.52496794787,-155.523804888922,114.092907210904,1358.32925863272
"BIGKAT _ C12 _ Right _ 2",-140.560063268039,38.4915078881112,1329.23010359948,-153.506931158796,105.759228837174,1356.70865808988
"BIGKAT _ C12 _ Right _ 2",-141.880222553508,40.3540171788506,1331.64726920584,-150.533968836232,94.4644871398863,1354.41134185861
"BIGKAT _ C12 _ Right _ 2",-143.354886469516,42.5239720353969,1334.27999117767,-147.193752854463,82.4043806168309,1351.86116035842
"BIGKAT _ C12 _ Right _ 2",-144.69448972679,44.5801372831775,1336.5880657402,-144.137118057608,71.8865370950736,1349.5454545844
"BIGKAT _ C12 _ Right _ 2",-145.635022853447,46.1308129843981,1338.09700271828,-141.952532861164,64.8871827104541,1347.91704184982
"BIGKAT _ C12 _ Right _ 2",-145.988353157387,46.8860474588998,1338.48906579174,-141.065772883449,62.6984811916774,1347.30296828693
"BIGKAT _ C12 _ Right _ 2",-145.67644701508,46.7068115020119,1337.66086820226,-141.673460351314,65.7186976618877,1347.84071823938
"BIGKAT _ C12 _ Right _ 2",-144.745552962831,45.626665603447,1335.74146861602,-143.710980464494,73.4015018535558,1349.45401980395
"BIGKAT _ C12 _ Right _ 2",-143.358877937833,43.8448700147087,1333.07016908907,-146.854639698226,84.3608187922661,1351.87145695167
"BIGKAT _ C12 _ Right _ 2",-141.768048490856,41.691471668319,1330.13631957557,-150.561608428334,96.6166025928082,1354.68307431059
"BIGKAT _ C12 _ Right _ 2",-140.266583933737,39.5676654025191,1327.48801141891,-154.152007393835,107.951199706964,1357.42242471832
"BIGKAT _ C12 _ Right _ 2",-139.133011913362,37.8699819103173,1325.62373956352,-156.930348861974,116.322608051071,1359.65579468536
"BIGKAT _ C12 _ Right _ 2",-138.575170376853,36.9127132267601,1324.8881217993,-158.329038534612,120.259920614781,1361.05997641394
"BIGKAT _ C12 _ Right _ 2",-138.688207552853,36.8658603463692,1325.39533984649,-158.04165890593,119.15978025355,1361.47531774964
"BIGKAT _ C12 _ Right _ 2",-139.436011553813,37.72343963932,1326.99989090389,-156.107792565184,113.415990612498,1360.92789324182
"BIGKAT _ C12 _ Right _ 2",-140.660363491528,39.3096648741359,1329.32425777874,-152.920439908515,104.345903111984,1359.61926792463
"BIGKAT _ C12 _ Right _ 2",-142.115715279387,41.3208073138303,1331.83964870225,-149.149910090923,93.9215854020681,1357.88456992423
"BIGKAT _ C12 _ Right _ 2",-143.521625018873,43.3915636146909,1333.98221479199,-145.604351862436,84.3615872332592,1356.12335041535
"BIGKAT _ C12 _ Right _ 2",-144.620891023906,45.1694467415136,1335.27717030126,-143.064143835026,77.6756048228623,1354.71527701204
"BIGKAT _ C12 _ Right _ 2",-145.230509737781,46.3806979867097,1335.44104365237,-142.12866235984,75.2651428081959,1353.9405478353
"BIGKAT _ C12 _ Right _ 2",-145.275051329722,46.8757157683058,1334.43910629993,-143.103312443208,77.6645388806462,1353.92639105007
"BIGKAT _ C12 _ Right _ 2",-144.79678356123,46.6482046944328,1332.48764008624,-145.941565042696,84.4681377920283,1354.63330752455
"BIGKAT _ C12 _ Right _ 2",-143.942102517049,45.82755781782,1330.00386482869,-150.247591555172,94.4455454151513,1355.88146089111
"BIGKAT _ C12 _ Right _ 2",-142.928349063204,44.6477450283536,1327.51659602138,-155.339525435654,105.808255908257,1357.4052189158
"BIGKAT _ C12 _ Right _ 2",-141.99842754209,43.3989616210315,1325.55713600767,-160.36707768199,116.56413492225,1358.91717143823
"BIGKAT _ C12 _ Right _ 2",-141.372461274179,42.370898824522,1324.55256199281,-164.467496862848,124.886089373593,1360.1637610537
"BIGKAT _ C12 _ Right _ 2",-141.205772633987,41.7980656911956,1324.74253005783,-166.932492910477,129.427816694267,1360.96155891555
"BIGKAT _ C12 _ Right _ 2",-141.560901984496,41.8172806601644,1326.13615630712,-167.350657147797,129.536663505172,1361.21243093724
"BIGKAT _ C12 _ Right _ 2",-142.3985468453,42.4451408038847,1328.51771832453,-165.690182773017,125.334288840973,1360.90301668602
"BIGKAT _ C12 _ Right _ 2",-143.588518492546,43.5793158060255,1331.49927029376,-162.298485917211,117.657776015986,1360.09620275612
"BIGKAT _ C12 _ Right _ 2",-144.937498570266,45.0223062631224,1334.60646325502,-157.817963871485,107.878613218272,1358.91973235271
"BIGKAT _ C12 _ Right _ 2",-146.226503044739,46.5209088405481,1337.37480885578,-153.043366438913,97.6425190009165,1357.55272493204
"BIGKAT _ C12 _ Right _ 2",-147.249120477633,47.8113262492298,1339.43206958512,-148.763143297883,88.5887427686545,1356.2080298676
"BIGKAT _ C12 _ Right _ 2",-147.843035269468,48.6607086713255,1340.55012819874,-145.624844866764,82.1017325305087,1355.10815887647
"BIGKAT _ C12 _ Right _ 2",-147.911340971361,48.9002062114004,1340.66256208496,-144.046285205546,79.1238335832708,1354.45425701275
"BIGKAT _ C12 _ Right _ 2",-147.433928224902,48.4488548213817,1339.85485724149,-144.173580118928,80.0335346624043,1354.3904187275
"BIGKAT _ C12 _ Right _ 2",-146.470378121773,47.3287102387541,1338.33780565688,-145.876524014045,84.5865438009771,1354.9693065904
"BIGKAT _ C12 _ Right _ 2",-145.154355793531,45.6695194798331,1336.41171602018,-148.773181389657,91.9267251955067,1356.12844989348
"BIGKAT _ C12 _ Right _ 2",-143.677696924001,43.6985380275749,1334.42399302299,-152.282805919784,100.68568768931,1357.68754171705
"BIGKAT _ C12 _ Right _ 2",-142.262738317312,41.7111834755765,1332.72003257427,-155.710553454117,109.185822560635,1359.37329748294
"BIGKAT _ C12 _ Right _ 2",-141.124868034243,40.0227456268655,1331.58936511792,-158.362903936655,115.734787568345,1360.87016391673
"BIGKAT _ C12 _ Right _ 2",-140.432127217758,38.9088729494968,1331.21411654142,-159.67950180813,118.960621502556,1361.88598916705
"BIGKAT _ C12 _ Right _ 2",-140.271902585505,38.5490041177625,1331.63140054323,-159.35235218692,118.107757795037,1362.21623906133
"BIGKAT _ C12 _ Right _ 2",-140.634092273808,38.9883974874915,1332.72166453622,-157.397243330998,113.212504744035,1361.79037568932
"BIGKAT _ C12 _ Right _ 2",-141.415560653754,40.1295521118078,1334.22967322501,-154.152059185296,105.1055267624,1360.68862011282
"BIGKAT _ C12 _ Right _ 2",-142.444048423338,41.7544309114459,1335.81495708202,-150.200541232015,95.2390837705182,1359.12493086837
"BIGKAT _ C12 _ Right _ 2",-143.513870648595,43.5692507374742,1337.11862456431,-146.246201811145,85.3890949408711,1357.40105354527
"BIGKAT _ C12 _ Right _ 2",-144.423451958202,45.258368316355,1337.82911929535,-142.974583342775,77.3131166965044,1355.84410624409
"BIGKAT _ C12 _ Right _ 2",-145.006787838503,46.5350075915803,1337.73317058765,-140.936673535327,72.4415404231984,1354.74303279386
"BIGKAT _ C12 _ Right _ 2",-145.15532550312,47.1820091727998,1336.74641810901,-140.469338892426,71.6496993947541,1354.2966516963
"BIGKAT _ C12 _ Right _ 2",-144.830414898397,47.0808957847104,1334.92488181596,-141.653411459834,75.1276088861729,1354.58086389363
"BIGKAT _ C12 _ Right _ 2",-144.067578921693,46.2292705919188,1332.46013516151,-144.304587376325,82.3495139973628,1355.5382749816
"BIGKAT _ C12 _ Right _ 2",-142.972854822767,44.7451988590161,1329.65891935393,-147.995339736894,92.1451785816259,1356.99066183568
"BIGKAT _ C12 _ Right _ 2",-141.710234979716,42.8554672799068,1326.90582827631,-152.110733894232,102.873860672677,1358.6717296385
"BIGKAT _ C12 _ Right _ 2",-140.47949405891,40.8652571384367,1324.60884871771,-155.940494244594,112.688605183555,1360.27374036236
"BIGKAT _ C12 _ Right _ 2",-139.485775340802,39.1106194281121,1323.13248757849,-158.801220057957,119.855123442879,1361.49869297933
"BIGKAT _ C12 _ Right _ 2",-138.905113465339,37.900528499453,1322.72956435633,-160.169171245861,123.06854012199,1362.10508465008
"BIGKAT _ C12 _ Right _ 2",-138.852133518533,37.4595708054657,1323.48697138323,-159.792470719274,121.7034452068,1361.94449704839
"BIGKAT _ C12 _ Right _ 2",-139.356734772317,37.8837752947232,1325.30034592794,-157.749548932475,115.941214488895,1360.98547208267
"BIGKAT _ C12 _ Right _ 2",-140.355443003549,39.1201572020722,1327.88694751176,-154.432692670918,106.742320013489,1359.32311259053
"BIGKAT _ C12 _ Right _ 2",-141.700144824093,40.9752075184619,1330.83599350069,-150.459322181935,95.6672339523857,1357.17217151026
"BIGKAT _ C12 _ Right _ 2",-143.182605658805,43.1499619985609,1333.68452963578,-146.538596527496,84.5884073549177,1354.84170293879
"BIGKAT _ C12 _ Right _ 2",-144.569377442941,45.2926153019616,1335.9999980349,-143.333361572674,75.3608445603449,1352.69208441971
"BIGKAT _ C12 _ Right _ 2",-145.640345254264,47.05727764555,1337.45174941933,-141.350759234735,69.5167885926982,1351.07894528707
"BIGKAT _ C12 _ Right _ 2",-146.225140448296,48.1595478454216,1337.86089192126,-140.875798984327,68.0265230940408,1350.29129764801
"BIGKAT _ C12 _ Right _ 2",-146.232994007125,48.4227989230996,1337.22509213735,-141.944734803642,71.1435333629994,1350.49313619833
"BIGKAT _ C12 _ Right _ 2",-145.671797336993,47.8102765284436,1335.7180485767,-144.348456338906,78.344290941323,1351.67991989954
"BIGKAT _ C12 _ Right _ 2",-144.651677213692,46.4372309998018,1333.66317447464,-147.659938519605,88.3773585473961,1353.66259589689
"BIGKAT _ C12 _ Right _ 2",-143.369196341062,44.5570142137325,1331.48147508757,-151.287280682028,99.4365376156212,1356.08916052822
"BIGKAT _ C12 _ Right _ 2",-142.071833725652,42.5182783749719,1329.61760640382,-154.556977646338,109.454853675546,1358.50542010419
"BIGKAT _ C12 _ Right _ 2",-141.008150791818,40.6976911344503,1328.4550554118,-156.825929837436,116.482228223741,1360.44492123307
"BIGKAT _ C12 _ Right _ 2",-140.374521170675,39.4212830633889,1328.23774266603,-157.606719638374,119.075506120851,1361.52828452225
"BIGKAT _ C12 _ Right _ 2",-140.27171096748,38.8933858038376,1329.01721706173,-156.676644325781,116.612257040044,1361.54849082535
"BIGKAT _ C12 _ Right _ 2",-140.682641466015,39.1519030339214,1330.64001529748,-154.13689150719,109.447984039603,1360.52132661626
"BIGKAT _ C12 _ Right _ 2",-141.477029442405,40.0619060014296,1332.77957741995,-150.399769708592,98.8693443643426,1358.68733904689
"BIGKAT _ C12 _ Right _ 2",-142.441299420341,41.3485351085973,1335.00487061977,-146.105560043076,86.8462001417376,1356.46204080976
"BIGKAT _ C12 _ Right _ 2",-143.325640250827,42.6590856654756,1336.86830611532,-141.994179247694,75.638509088271,1354.3440013417
"BIGKAT _ C12 _ Right _ 2",-143.896396090332,43.6373467453833,1337.99214662567,-138.767458330367,67.3513197635173,1352.80310075713
"BIGKAT _ C12 _ Right _ 2",-143.98208442316,43.9929798918264,1338.13582741787,-136.971752979828,63.5378331090913,1352.17814466609
"BIGKAT _ C12 _ Right _ 2",-143.504591103294,43.5536193327995,1337.23390061667,-136.91577886412,64.9269901933408,1352.60988177748
"BIGKAT _ C12 _ Right _ 2",-142.491587865423,42.29368652551,1335.40187287422,-138.626557208748,71.3142441637519,1354.02347094444
"BIGKAT _ C12 _ Right _ 2",-141.070011649117,40.338454174936,1332.91237600153,-141.84279714191,81.6200661748548,1356.15952304924
"BIGKAT _ C12 _ Right _ 2",-139.442943264177,37.944198708367,1330.14688996314,-146.047287631917,94.0963497537995,1358.64044292877
"BIGKAT _ C12 _ Right _ 2",-137.854121586468,35.4570643932355,1327.53042754444,-150.541156884813,106.641799836823,1361.05160989554
"BIGKAT _ C12 _ Right _ 2",-136.54613591725,33.2560306976415,1325.45916648626,-154.557926907929,117.171265077904,1363.01641541078
"BIGKAT _ C12 _ Right _ 2",-135.719483724204,31.6887305221826,1324.23296738688,-157.403876676497,123.975243574298,1364.25048711198
"BIGKAT _ C12 _ Right _ 2",-135.499407857072,31.011153717216,1324.00463697001,-158.597993206208,126.008645075524,1364.59056457888
"BIGKAT _ C12 _ Right _ 2",-135.915899846446,31.3423437602235,1324.7554475656,-157.976653572262,123.060703662764,1364.00220456295
"BIGKAT _ C12 _ Right _ 2",-136.900116471391,32.6430389514777,1326.30215684051,-155.731115740174,115.776654349384,1362.57386586973
"BIGKAT _ C12 _ Right _ 2",-138.297861711618,34.7231172354498,1328.33476732148,-152.362218483437,105.525394910339,1360.5026508586
"BIGKAT _ C12 _ Right _ 2",-139.897673974781,37.2768874108866,1330.47735233454,-148.562540266091,94.1366603088873,1358.07218287573
"BIGKAT _ C12 _ Right _ 2",-141.4680428901,39.9388283259603,1332.35868053556,-145.060762800789,83.5613446691005,1355.62016394346
"BIGKAT _ C12 _ Right _ 2",-142.796620649786,42.3478613746608,1333.67773659921,-142.473124656297,75.5259637316536,1353.49432738573
"BIGKAT _ C12 _ Right _ 2",-143.724807847601,44.2078580750423,1334.25253587708,-141.197492289444,71.2456611063475,1351.999422811
"BIGKAT _ C12 _ Right _ 2",-144.173141558767,45.3352027775394,1334.04680328277,-141.364484935276,71.2352013654937,1351.34207201801
"BIGKAT _ C12 _ Right _ 2",-144.154777544523,45.6877866740162,1333.17423285894,-142.84097955188,75.2331576101798,1351.58385338358
"BIGKAT _ C12 _ Right _ 2",-143.774954800186,45.3715374557237,1331.88170473245,-145.27261942194,82.2440614048203,1352.6154512585
"BIGKAT _ C12 _ Right _ 2",-143.214374677072,44.6212332414123,1330.51197175625,-148.15284314373,90.7015863170134,1354.16428038847
"BIGKAT _ C12 _ Right _ 2",-142.695800783777,43.7546881852926,1329.44621523013,-150.910234951983,98.7471059983465,1355.8420313633
"BIGKAT _ C12 _ Right _ 2",-142.437156643283,43.105334206581,1329.03042328219,-153.00741240031,104.592596090498,1357.22703720313
"BIGKAT _ C12 _ Right _ 2",-142.600089827257,42.9463784267794,1329.49686301079,-154.040522590727,106.902083629999,1357.96354928455
"BIGKAT _ C12 _ Right _ 2",-143.247368918043,43.4256563790006,1330.89931016486,-153.821277796331,105.10142480336,1357.85194294624
"BIGKAT _ C12 _ Right _ 2",-144.322316036492,44.5296175433657,1333.08258327277,-152.420015744021,99.529795913453,1356.90404452685
"BIGKAT _ C12 _ Right _ 2",-145.657643485325,46.0865415585007,1335.69990748317,-150.154570808846,91.3824364323253,1355.34608115761
"BIGKAT _ C12 _ Right _ 2",-147.011654255984,47.8064508660218,1338.27753913578,-147.525258549997,82.4521780733899,1353.56602803838
"BIGKAT _ C12 _ Right _ 2",-148.121114720387,49.3442710785693,1340.31132928162,-145.112742915712,74.7350649964654,1352.01863888146
"BIGKAT _ C12 _ Right _ 2",-148.756273562209,50.368670576631,1341.37136429332,-143.463647208335,69.9995005846242,1351.11452752289
"BIGKAT _ C12 _ Right _ 2",-148.765544592394,50.6223446967337,1341.19111570646,-142.986362250872,69.4183159164648,1351.12376910178
"BIGKAT _ C12 _ Right _ 2",-148.102697105691,49.9662031538001,1339.72386984974,-143.872280567432,73.3369998274883,1352.11823705272
"BIGKAT _ C12 _ Right _ 2",-146.834277641582,48.4048275810388,1337.15703135364,-146.05219148122,81.2152026323915,1353.96393988323
"BIGKAT _ C12 _ Right _ 2",-145.127832463186,46.0917572507682,1333.88210411,-149.195326108249,91.7430123622132,1356.36015772626
"BIGKAT _ C12 _ Right _ 2",-143.223377346788,43.3126881786417,1330.42526771841,-152.75634672954,103.101748544644,1358.9103669458
"BIGKAT _ C12 _ Right _ 2",-141.392868213317,40.4458178388569,1327.3507808296,-156.069545060866,113.313952193078,1361.20398599947
"BIGKAT _ C12 _ Right _ 2",-139.894882182514,37.9027023342967,1325.15554502325,-158.478475068582,120.613252536779,1362.88936678304
"BIGKAT _ C12 _ Right _ 2",-138.932843214373,36.0586496544176,1324.17602540778,-159.47590001108,123.764264164937,1363.72544045179
"BIGKAT _ C12 _ Right _ 2",-138.624068529252,35.1860234188229,1324.52705491888,-158.819111061499,122.274140141194,1363.6078821766
"BIGKAT _ C12 _ Right _ 2",-138.984237282862,35.4046813608804,1326.08563644668,-156.586137596634,116.458001410574,1362.57194824099
"BIGKAT _ C12 _ Right _ 2",-139.928705249591,36.6603487835002,1328.52262021718,-153.153220756391,107.34891143905,1360.77698701213
"BIGKAT _ C12 _ Right _ 2",-141.289004625621,38.734623329836,1331.37327055369,-149.100220665843,96.4778880938499,1358.47801533974
"BIGKAT _ C12 _ Right _ 2",-142.840164188982,41.2818458172995,1334.12783153155,-145.076623302481,85.5823535945509,1355.98947230325
"BIGKAT _ C12 _ Right _ 2",-144.333026993637,43.8821967332463,1336.31961419798,-141.671825431987,76.315996109101,1353.64598657987
"BIGKAT _ C12 _ Right _ 2",-145.52653527471,46.1001492720877,1337.59319905771,-139.323389077896,70.0176598427526,1351.7638788316
"BIGKAT _ C12 _ Right _ 2",-146.217479715445,47.5417995914202,1337.7461072183,-138.274209919012,67.5604428118723,1350.60493360032
"BIGKAT _ C12 _ Right _ 2",-146.267219349055,47.9089253570888,1336.74671045355,-138.569050202255,69.2698782571962,1350.34260627031
"BIGKAT _ C12 _ Right _ 2",-145.624425429948,47.047774336031,1334.73393707406,-140.07253906191,74.8915603823258,1351.03237924251
"BIGKAT _ C12 _ Right _ 2",-144.340243652942,44.9863837945624,1332.00089951465,-142.494898432441,83.6031758835379,1352.59194654803
"BIGKAT _ C12 _ Right _ 2",-142.569792979206,41.9493814928773,1328.95980814594,-145.42241543278,94.0865684593534,1354.79993638165
"BIGKAT _ C12 _ Right _ 2",-140.554537154631,38.3387912614128,1326.08492362747,-148.359384268297,104.682045635503,1357.32016420592
"BIGKAT _ C12 _ Right _ 2",-138.584924462776,34.6762354836286,1323.83610571349,-150.790451873785,113.629713322974,1359.75116502229
"BIGKAT _ C12 _ Right _ 2",-136.949693809864,31.5140234056416,1322.57495615479,-152.264435725835,119.368669754298,1361.69196269458
"BIGKAT _ C12 _ Right _ 2",-135.883400017681,29.3339146042334,1322.49280990044,-152.485983243874,120.833473353311,1362.81025519689
"BIGKAT _ C12 _ Right _ 2",-135.524501071957,28.4573916395839,1323.57040874578,-151.388235345407,117.674611876936,1362.8999932607
"BIGKAT _ C12 _ Right _ 2",-135.893229307174,28.988536275707,1325.58212669876,-149.157289642668,110.341145398653,1361.91850615012
"BIGKAT _ C12 _ Right _ 2",-136.89321923012,30.8017397909527,1328.14517886398,-146.192618270647,99.9969436286818,1359.99602195279
"BIGKAT _ C12 _ Right _ 2",-138.334895694804,33.5741970139338,1330.80044823645,-143.012499250334,88.2895689501881,1357.41383541958
"BIGKAT _ C12 _ Right _ 2",-139.973317885541,36.8511005120494,1333.10203037816,-140.136597006627,77.0367050288738,1354.55397433402
"BIGKAT _ C12 _ Right _ 2",-141.550504051878,40.1245960331542,1334.69219523071,-137.984729007122,67.9158223225108,1351.83144586093
"BIGKAT _ C12 _ Right _ 2",-142.833600446699,42.9092239184135,1335.34753668728,-136.818099497683,62.2249247940194,1349.62449233774
"BIGKAT _ C12 _ Right _ 2",-143.644537130159,44.8046726747546,1334.99511689246,-136.726989285474,60.7383466769909,1348.2157062842
"BIGKAT _ C12 _ Right _ 2",-143.880899444423,45.5446885542277,1333.70683223919,-137.651066657102,63.6425355047027,1347.75066707026
"BIGKAT _ C12 _ Right _ 2",-143.529039466955,45.0334682617946,1331.68191767757,-139.412541666292,70.525387198807,1348.21651533218
"BIGKAT _ C12 _ Right _ 2",-142.66883954409,43.3673622593245,1329.22282383241,-141.747384360149,80.4081972731593,1349.44240290907
"BIGKAT _ C12 _ Right _ 2",-141.467116605312,40.8342901478513,1326.70336534852,-144.330456910217,91.8329973788708,1351.12432492671
"BIGKAT _ C12 _ Right _ 2",-140.156148361784,37.8814976564291,1324.52493573827,-146.800474635735,103.028137609653,1352.87459039752
"BIGKAT _ C12 _ Right _ 2",-138.996713693735,35.047674398091,1323.05929527651,-148.794846914387,112.159969424113,1354.29012476171
"BIGKAT _ C12 _ Right _ 2",-138.230412181959,32.8667670657143,1322.58388751658,-149.999841716124,117.644479401526,1355.02729341033
"BIGKAT _ C12 _ Right _ 2",-138.031011088459,31.7626444054514,1323.22355291816,-150.210026580284,118.45851809107,1354.86846933764
"BIGKAT _ C12 _ Right _ 2",-138.466542123336,31.9601600777457,1324.91582863466,-149.37943295921,114.37370051622,1353.7679198357
"BIGKAT _ C12 _ Right _ 2",-139.482011185637,33.4359606124028,1327.41296569121,-147.643765524586,106.044934214343,1351.86882588213
"BIGKAT _ C12 _ Right _ 2",-140.907650894822,35.9220225734942,1330.32353602236,-145.302110343369,94.9181201054443,1349.48707303045
"BIGKAT _ C12 _ Right _ 2",-142.491101510769,38.9599027797926,1333.18441847611,-142.76318508687,82.9689771922154,1347.06140066358
"BIGKAT _ C12 _ Right _ 2",-143.945667456123,41.9898184370143,1335.54521260223,-140.474224979232,72.3316002161879,1345.07495618754
"BIGKAT _ C12 _ Right _ 2",-145.003084737852,44.4516324910372,1337.04517901934,-138.851762912752,64.9033824881497,1343.96004832057
"BIGKAT _ C12 _ Right _ 2",-145.459478381703,45.8766948020793,1337.46766081754,-138.224357597879,62.0123218825322,1344.00387213536
"BIGKAT _ C12 _ Right _ 2",-145.206763565205,45.9572262225904,1336.76527067342,-138.787061205625,64.2080785491918,1345.275786331
"BIGKAT _ C12 _ Right _ 2",-144.246346904753,44.5879248247667,1335.05666918595,-140.564518366521,71.2035126916894,1347.59501476733
"BIGKAT _ C12 _ Right _ 2",-142.685552889622,41.8790119069951,1332.60016958927,-143.385289359913,81.9610361949291,1350.55125710206
"BIGKAT _ C12 _ Right _ 2",-140.719255208487,38.1413021519616,1329.75092611966,-146.878639826721,94.8932761297066,1353.58007839587
"BIGKAT _ C12 _ Right _ 2",-138.600378573098,33.8447332118447,1326.90848186247,-150.508626058751,108.132041683859,1356.08126671095
"BIGKAT _ C12 _ Right _ 2",-136.603782863854,29.5540971098222,1324.46109494851,-153.65373634881,119.815351251365,1357.5543122324
"BIGKAT _ C12 _ Right _ 2",-134.988465396618,25.8492490584443,1322.73304086557,-155.724823932506,128.349532002151,1357.7155348712
"BIGKAT _ C12 _ Right _ 2",-133.962778834915,23.2402708748664,1321.94095167793,-156.296443221336,132.617212200298,1356.56185646092
"BIGKAT _ C12 _ Right _ 2",-133.656619734736,22.0898053426315,1322.16478012165,-155.215305115487,132.114422877854,1354.35981522857
"BIGKAT _ C12 _ Right _ 2",-134.103773686048,22.5550140251266,1323.33784542718,-152.650134398513,127.00646143798,1351.56207426149
"BIGKAT _ C12 _ Right _ 2",-135.236969953508,24.5603900055943,1325.25856866139,-149.061602230715,118.095060857039,1348.67923132601
"BIGKAT _ C12 _ Right _ 2",-136.897179520303,27.8089059919267,1327.6236909061,-145.096593934699,106.695759089559,1346.15243200524
"BIGKAT _ C12 _ Right _ 2",-138.856620525936,31.831429474407,1330.07858772572,-141.438694279993,94.4391524413261,1344.27215458433
"BIGKAT _ C12 _ Right _ 2",-140.852072464331,36.0644677431348,1332.275553134,-138.662212696835,83.0288799610639,1343.16539880628
"BIGKAT _ C12 _ Right _ 2",-142.622938627962,39.9392026749275,1333.92838969688,-137.130891330166,73.9999385886367,1342.83746812659
"BIGKAT _ C12 _ Right _ 2",-143.948420322023,42.9649259476354,1334.85366410269,-136.959397256722,68.5138186305722,1343.22922846974
"BIGKAT _ C12 _ Right _ 2",-144.679708949342,44.7961959248783,1334.99429203387,-138.030917596987,67.2080816666784,1344.2524808942
"BIGKAT _ C12 _ Right _ 2",-144.764250743853,45.2793312545144,1334.42560893434,-140.0501352984,70.1044731050854,1345.78942391432
"BIGKAT _ C12 _ Right _ 2",-144.258614817853,44.4755871796682,1333.34506527165,-142.61011960953,76.5817916559894,1347.66906776194
"BIGKAT _ C12 _ Right _ 2",-143.325273381605,42.6563229283619,1332.04518237722,-145.259382944698,85.4307723699902,1349.64913836599
"BIGKAT _ C12 _ Right _ 2",-142.209149889238,40.2644804367975,1330.8687448158,-147.564565657144,95.0109742934041,1351.43011152358
"BIGKAT _ C12 _ Right _ 2",-141.193873096056,37.8411287230517,1330.14811506947,-149.169045213502,103.511650783274,1352.7098190211
"BIGKAT _ C12 _ Right _ 2",-140.544463560423,35.9258143762196,1330.13691912505,-149.845590549406,109.283209289554,1353.26184841305
"BIGKAT _ C12 _ Right _ 2",-140.449361853323,34.9503970383175,1330.94887678819,-149.534451878193,111.170802775962,1353.00367348524
"BIGKAT _ C12 _ Right _ 2",-140.976841200719,35.151733818802,1332.52092476611,-148.353950152763,108.766325674378,1352.02303396957
"BIGKAT _ C12 _ Right _ 2",-142.057719175645,36.5252763387501,1334.61370751226,-146.575189582808,102.509037324702,1350.55294259013
"BIGKAT _ C12 _ Right _ 2",-143.499157966035,38.8302615011332,1336.85293661556,-144.565431751522,93.60419450881,1348.91218192432
"BIGKAT _ C12 _ Right _ 2",-145.025742981911,41.6426011312041,1338.80325765353,-142.717173087874,83.77929112104,1347.4402646132
"BIGKAT _ C12 _ Right _ 2",-146.336849406278,44.4398848661356,1340.05641076896,-141.382520654313,74.940101715087,1346.44610690353
"BIGKAT _ C12 _ Right _ 2",-147.166185392956,46.6981689336072,1340.31195366248,-140.824137243974,68.8076483259994,1346.16989174405
"BIGKAT _ C12 _ Right _ 2",-147.331257935238,47.9825816970617,1339.43340950566,-141.182991249997,66.6079767914272,1346.74716513294
"BIGKAT _ C12 _ Right _ 2",-146.765373771414,48.0196711155404,1337.47221648289,-142.458050390389,68.8608248819009,1348.17091120636
"BIGKAT _ C12 _ Right _ 2",-145.52926545876,46.7442020021254,1334.66023514075,-144.495973522173,75.2894797925436,1350.26285148628
"BIGKAT _ C12 _ Right _ 2",-143.801800727956,44.3148001078038,1331.37529998124,-146.995794607011,84.8611577780089,1352.67580199844
"BIGKAT _ C12 _ Right _ 2",-141.850602238428,41.0935616686932,1328.08473969627,-149.538559499789,95.9581229074149,1354.94547071624
"BIGKAT _ C12 _ Right _ 2",-139.985823862213,37.5882475142828,1325.27242438,-151.649850268697,106.662754937124,1356.59150577492
"BIGKAT _ C12 _ Right _ 2",-138.504227753579,34.3634252759506,1323.35765991354,-152.892290712647,115.112948298394,1357.2419137878
"BIGKAT _ C12 _ Right _ 2",-137.634300136845,31.936425082704,1322.61839623363,-152.968986323937,119.858587771148,1356.73692891352
"BIGKAT _ C12 _ Right _ 2",-137.494135352764,30.680521364444,1323.13437614337,-151.806086735761,120.140012998678,1355.17104956332
"BIGKAT _ C12 _ Right _ 2",-138.071342093009,30.757666499258,1324.76536287849,-149.582678878903,116.022963477343,1352.8567868925
"BIGKAT _ C12 _ Right _ 2",-139.229079973862,32.0957707034832,1327.17357501847,-146.69262157828,108.359251613261,1350.22829725195
"BIGKAT _ C12 _ Right _ 2",-140.735997406496,34.4133119417289,1329.8881904692,-143.649319858989,98.5887070389894,1347.72792272839
"BIGKAT _ C12 _ Right _ 2",-142.312065458353,37.2813417408985,1332.39696343509,-140.966503513394,88.4403377077493,1345.71882017769
"BIGKAT _ C12 _ Right _ 2",-143.679216345445,40.2048588827469,1334.24203066164,-139.053082225958,79.6111758529501,1344.44360284337
"BIGKAT _ C12 _ Right _ 2",-144.606747930525,42.7053255341025,1335.09858439684,-138.147265831488,73.4903396683131,1344.02053424491
"BIGKAT _ C12 _ Right _ 2",-144.945623538233,44.3922988634818,1334.82450858004,-138.295414744498,70.9632288855834,1344.45492487288
"BIGKAT _ C12 _ Right _ 2",-144.649877045052,45.0191852707307,1333.47912648028,-139.366777685944,72.3000859000828,1345.64855997441
"BIGKAT _ C12 _ Right _ 2",-143.784741905087,44.5210299301219,1331.31390816958,-141.091046083288,77.1221086417352,1347.40487842407
"BIGKAT _ C12 _ Right _ 2",-142.520050653407,43.0304070525919,1328.73723166055,-143.108836269306,84.4459805177752,1349.44063965045
"BIGKAT _ C12 _ Right _ 2",-141.106419837289,40.8644160153098,1326.25358135828,-145.030289224246,92.8184279548809,1351.41838313223
"BIGKAT _ C12 _ Right _ 2",-139.833513022944,38.4764953189549,1324.37970998258,-146.499004930811,100.54830126519,1353.00521259265
"BIGKAT _ C12 _ Right _ 2",-138.974954769584,36.374170898682,1323.54754174725,-147.255320554929,106.017446952771,1353.94603247591
"BIGKAT _ C12 _ Right _ 2",-138.730791094071,35.016096527407,1324.01234529031,-147.186654841319,108.013954786017,1354.12462992935
"BIGKAT _ C12 _ Right _ 2",-139.181820144069,34.7125618373695,1325.78917332661,-146.349225062634,106.004936861181,1353.58641786668
"BIGKAT _ C12 _ Right _ 2",-140.268377318645,35.556372748512,1328.63716325523,-144.950659729298,100.269588746339,1352.51475640782
"BIGKAT _ C12 _ Right _ 2",-141.799864481826,37.4030525128701,1332.10020185964,-143.296840821819,91.8495979963848,1351.17659524463
"BIGKAT _ C12 _ Right _ 2",-143.492828808376,39.9038613234154,1335.59672369239,-141.720753939026,82.3288689751606,1349.86482791819
"BIGKAT _ C12 _ Right _ 2",-145.02773416221,42.5794564893187,1338.53662396363,-140.516014044492,73.5041656133107,1348.85607761354
"BIGKAT _ C12 _ Right _ 2",-146.110654611727,44.9132395572907,1340.43623941512,-139.890313530682,67.0310895799591,1348.38344188892
"BIGKAT _ C12 _ Right _ 2",-146.527175919162,46.4440212424246,1341.00633000528,-139.941597896033,64.1199991046279,1348.61200346105
"BIGKAT _ C12 _ Right _ 2",-146.180046385487,46.8440259862009,1340.19907176941,-140.651737350931,65.327921030038,1349.60911915565
"BIGKAT _ C12 _ Right _ 2",-145.106283500501,45.9743701044383,1338.21074426707,-141.892128845552,70.4662842902135,1351.31520581452
"BIGKAT _ C12 _ Right _ 2",-143.471830569898,43.9125563507968,1335.44304174571,-143.440020592103,78.6306349364278,1353.53184106432
"BIGKAT _ C12 _ Right _ 2",-141.543535238365,40.9465511107374,1332.42937221165,-145.008437410126,88.3513285308567,1355.94404486388
"BIGKAT _ C12 _ Right _ 2",-139.641149713355,37.53155709921,1329.73640118734,-146.29248894617,97.8516190867268,1358.18104558068
"BIGKAT _ C12 _ Right _ 2",-138.07665707803,34.2114821949254,1327.85623623125,-147.029113603522,105.377312164533,1359.90051288484
"BIGKAT _ C12 _ Right _ 2",-137.092822816323,31.5167280128199,1327.10916557467,-147.058046082797,109.537632737035,1360.86638877159
"BIGKAT _ C12 _ Right _ 2",-136.814973412648,29.8594115739952,1327.5782241182,-146.364482524179,109.582892924611,1360.99043069316
"BIGKAT _ C12 _ Right _ 2",-137.228030853754,29.4515154104379,1329.09304665237,-145.08494143616,105.550668221277,1360.32480680462
"BIGKAT _ C12 _ Right _ 2",-138.184875000831,30.267359606279,1331.27048268497,-143.470013323586,98.2412663211284,1359.01885082372
"BIGKAT _ C12 _ Right _ 2",-139.443746273434,32.0594535081492,1333.60448757871,-141.816180226481,89.0294632730951,1357.2706361605
"BIGKAT _ C12 _ Right _ 2",-140.724351911743,34.4207878817129,1335.58263985721,-140.392262467027,79.56686028949,1355.29957520943
"BIGKAT _ C12 _ Right _ 2",-141.767842382785,36.8742051255051,1336.79852437829,-139.385365604139,71.4559631197939,1353.34281249561
"BIGKAT _ C12 _ Right _ 2",-142.386850778509,38.9660615002696,1337.03286440893,-138.878440953435,65.9700240957378,1351.6556252907
"BIGKAT _ C12 _ Right _ 2",-142.497107469004,40.3464360524015,1336.2890466637,-138.856869300754,63.8604242075153,1350.49211703151
"BIGKAT _ C12 _ Right _ 2",-142.128078682906,40.8260224495759,1334.78251793066,-139.232957695011,65.2601524022375,1350.05715888728
"BIGKAT _ C12 _ Right _ 2",-141.41369382391,40.4051356292191,1332.89209603772,-139.876178586522,69.6765444696566,1350.44129166449
"BIGKAT _ C12 _ Right _ 2",-140.565382576029,39.2717512093052,1331.0840525516,-140.640600575617,76.069087667953,1351.56543772824
"BIGKAT _ C12 _ Right _ 2",-139.830289604337,37.7659228565152,1329.82040113567,-141.386035291919,83.0146416507233,1353.16529310228
"BIGKAT _ C12 _ Right _ 2",-139.439685346745,36.3112793490307,1329.46458277532,-141.993439406445,88.9567902355855,1354.83366527902
"BIGKAT _ C12 _ Right _ 2",-139.556466494634,35.32250064711,1330.20117353618,-142.376530733207,92.5122139552856,1356.11599554272
"BIGKAT _ C12 _ Right _ 2",-140.234001780191,35.10809984306,1331.9884052683,-142.490414317206,92.7750658522642,1356.63065716999
"BIGKAT _ C12 _ Right _ 2",-141.398239990023,35.7941995986161,1334.55894718157,-142.336043834954,89.5407092010472,1356.17437279383
"BIGKAT _ C12 _ Right _ 2",-142.859592802779,37.291864098659,1337.4735999456,-141.958945696823,83.379292005578,1354.77955482678
"BIGKAT _ C12 _ Right _ 2",-144.352424198028,39.3177782628505,1340.21694585172,-141.442552460421,75.529393323243,1352.70886485146
"BIGKAT _ C12 _ Right _ 2",-145.591786682483,41.4611499651222,1342.31017459479,-140.898655917265,67.6374085345272,1350.39252621267
"BIGKAT _ C12 _ Right _ 2",-146.332795440622,43.2764011629118,1343.4112133627,-140.457019439172,61.4135272387017,1348.32851567587
"BIGKAT _ C12 _ Right _ 2",-146.418953002661,44.376891248708,1343.37829628696,-140.253074153219,58.2891577125823,1346.97215894827
"BIGKAT _ C12 _ Right _ 2",-145.810343873359,44.5094938750221,1342.2860538174,-140.410209614889,59.1435401306461,1346.64032485141
"BIGKAT _ C12 _ Right _ 2",-144.588202014322,43.5986384470131,1340.39627973896,-141.014505915623,64.1378416191627,1347.44853874976
"BIGKAT _ C12 _ Right _ 2",-142.937072109866,41.7563369772865,1338.09464859856,-142.084747122456,72.671799673668,1349.29028673289
"BIGKAT _ C12 _ Right _ 2",-141.109268903926,39.2597587327945,1335.80940974565,-143.54661913208,83.4653511205276,1351.85927498985
"BIGKAT _ C12 _ Right _ 2",-139.378832830621,36.5011953810334,1333.92933482228,-145.223756085316,94.7581711932759,1354.70812567465
"BIGKAT _ C12 _ Right _ 2",-137.99366652903,33.918497248938,1332.73645499273,-146.856708063439,104.605569315578,1357.33109355753
"BIGKAT _ C12 _ Right _ 2",-137.134621789419,31.9175034893477,1332.36478290739,-148.152676452719,111.229287664002,1359.25515324939
"BIGKAT _ C12 _ Right _ 2",-136.888717550194,30.8003591802468,1332.79022264265,-148.856182647797,113.363085050322,1360.12424947722
"BIGKAT _ C12 _ Right _ 2",-137.240656580078,30.7134255111884,1333.85066423187,-148.819418651108,110.523529843714,1359.76444283852
"BIGKAT _ C12 _ Right _ 2",-138.082976544952,31.6250852343447,1335.28987428518,-148.047581939909,103.141696726327,1358.22067166176
"BIGKAT _ C12 _ Right _ 2",-139.241226781369,33.3374782446494,1336.81459077266,-146.702554087504,92.5143732553371,1355.75774690527
"BIGKAT _ C12 _ Right _ 2",-140.507479965601,35.5284522032886,1338.15185153992,-145.064810093967,80.5727916965401,1352.82058724103
"BIGKAT _ C12 _ Right _ 2",-141.674505242318,37.8131965154748,1339.09435368082,-143.469424706154,69.5137211658381,1349.95493415644
"BIGKAT _ C12 _ Right _ 2",-142.564673748772,39.8117657914104,1339.52617064728,-142.238390683127,61.3751823931167,1347.70101511837
"BIGKAT _ C12 _ Right _ 2",-143.051187992724,41.2100984983909,1339.42795476871,-141.626062446448,57.651385797331,1346.48398797314
"BIGKAT _ C12 _ Right _ 2",-143.072330336722,41.8066996644606,1338.86676548818,-141.783401227193,59.0250727850632,1346.52860088547
"BIGKAT _ C12 _ Right _ 2",-142.64023955393,41.5416888369674,1337.97814883019,-142.73831692565,65.2609255651473,1347.81845421439
"BIGKAT _ C12 _ Right _ 2",-141.844053805489,40.5069823400737,1336.94624903175,-144.388357991138,75.2672610426593,1350.10705182653
"BIGKAT _ C12 _ Right _ 2",-140.84473804935,38.9361616869284,1335.98330090595,-146.50681055939,87.3050092386771,1352.9746729501
"BIGKAT _ C12 _ Right _ 2",-139.857883705091,37.1723533816932,1335.3062076436,-148.768343130713,99.3038148498832,1355.91537869126
"BIGKAT _ C12 _ Right _ 2",-139.122614549284,35.6144256497628,1335.10771519395,-150.79988590928,109.232026855564,1358.4337075872
"BIGKAT _ C12 _ Right _ 2",-138.859047291008,34.6465548792371,1335.52310267765,-152.254274650558,115.459259179715,1360.13158405132
"BIGKAT _ C12 _ Right _ 2",-139.221845509783,34.5624822165061,1336.59828657801,-152.891495882897,117.048416041402,1360.77146514103
"BIGKAT _ C12 _ Right _ 2",-140.261184483633,35.5010687854219,1338.26892429072,-152.642426622509,113.920849382126,1360.30850998831
"BIGKAT _ C12 _ Right _ 2",-141.902988176627,37.4109936168217,1340.35999580363,-151.630294647944,106.856494216295,1358.88968731036
"BIGKAT _ C12 _ Right _ 2",-143.956457246639,40.0571624945798,1342.61046933468,-150.138504375995,97.3224016433119,1356.82099834898
"BIGKAT _ C12 _ Right _ 2",-146.149215590577,43.0697690396859,1344.71949537514,-148.534648143786,87.1643764705942,1354.50749529337
"BIGKAT _ C12 _ Right _ 2",-148.181681704081,46.0232761446382,1346.40285959838,-147.177783137976,78.2337529098935,1352.37607435166
"BIGKAT _ C12 _ Right _ 2",-149.786610268144,48.5236718143723,1347.44524337798,-146.339442520871,72.0362618196981,1350.79620031541
"BIGKAT _ C12 _ Right _ 2",-150.779641851413,50.282452063759,1347.73659387489,-146.158108784899,69.4745179599161,1350.01474929012
"BIGKAT _ C12 _ Right _ 2",-151.090951586655,51.1630163140204,1347.28701843024,-146.630768158237,70.7216271083634,1350.11682652971
"BIGKAT _ C12 _ Right _ 2",-150.773328020207,51.1939061669992,1346.22006351083,-147.633184130823,75.2316995347736,1351.01787190327
"BIGKAT _ C12 _ Right _ 2",-149.986179643239,50.5497445534487,1344.74724734092,-148.956585932394,81.8746117807716,1352.48700408997
"BIGKAT _ C12 _ Right _ 2",-148.958585627041,49.5050901638913,1343.12842269392,-150.350954411971,89.1719875107184,1354.19750350045
"BIGKAT _ C12 _ Right _ 2",-147.938686937983,48.3706294142134,1341.62447677025,-151.569667422536,95.5983766089526,1355.7958455426
"BIGKAT _ C12 _ Right _ 2",-147.140792101255,47.4254379832971,1340.4508700322,-152.412450879621,99.8932971919519,1356.97556830949
"BIGKAT _ C12 _ Right _ 2",-146.703255901844,46.8613187151408,1339.74131566578,-152.761527984467,101.315143736371,1357.53896696624
"BIGKAT _ C12 _ Right _ 2",-146.667700458351,46.7529162492028,1339.52963846911,-152.602307490561,99.770649236736,1357.43120179643
"BIGKAT _ C12 _ Right _ 2",-146.983804554266,47.059890608213,1339.7542276036,-152.020292602856,95.7817574110797,1356.73854155005
"BIGKAT _ C12 _ Right _ 2",-147.535960871245,47.6573013641379,1340.2836659546,-151.172835398027,90.300755884899,1355.65278520607
"BIGKAT _ C12 _ Right _ 2",-148.181698680155,48.3817930400808,1340.95562850981,-150.244493465571,84.4354658276081,1354.41384807711
