"fileName","thumb_y","thumb_x","thumb_z","finger_y","finger_x","finger_z"
"BIGKAT _ C08 _ Right _ 1",-23.4586220631423,5.89787087498906,1271.29046045221,-24.6276266709551,111.77391735268,1316.5756014067
"BIGKAT _ C08 _ Right _ 1",-23.4552443110257,5.8945176735459,1271.28928553643,-24.631016031715,111.771817737498,1316.59516269812
"BIGKAT _ C08 _ Right _ 1",-23.4485469356498,5.89480581786701,1271.28312409505,-24.6510242130242,111.772609876175,1316.59406165591
"BIGKAT _ C08 _ Right _ 1",-23.4380535233579,5.90066945511914,1271.27119924018,-24.6910082113915,111.777527907508,1316.5601513148
"BIGKAT _ C08 _ Right _ 1",-23.4235678224815,5.91335277500334,1271.25394594932,-24.750705160845,111.787122440803,1316.48436799675
"BIGKAT _ C08 _ Right _ 1",-23.405014426294,5.93281387740945,1271.23326613058,-24.8252690629587,111.80081217199,1316.36406825116
"BIGKAT _ C08 _ Right _ 1",-23.3821034931252,5.95732596072698,1271.2123703051,-24.9054757101588,111.816618927982,1316.20546143743
"BIGKAT _ C08 _ Right _ 1",-23.3539435348051,5.98349494083742,1271.19509267,-24.9793925731319,111.831257898717,1316.02402765303
"BIGKAT _ C08 _ Right _ 1",-23.3188862271211,6.00684572267484,1271.18474504648,-25.0352848381335,111.840708481797,1315.84223311144
"BIGKAT _ C08 _ Right _ 1",-23.2749375608517,6.0229629786835,1271.1828132165,-25.0649256445505,111.841272848541,1315.68476669592
"BIGKAT _ C08 _ Right _ 1",-23.2208262389175,6.02893786558133,1271.18793402304,-25.066151357849,111.83093632948,1315.5725607821
"BIGKAT _ C08 _ Right _ 1",-23.1573295369051,6.02464791849568,1271.1954832292,-25.0436920451575,111.81061782097,1315.51746563069
"BIGKAT _ C08 _ Right _ 1",-23.0881087351148,6.01329230040573,1271.19788745886,-25.0079205021334,111.784755910977,1315.51932066728
"BIGKAT _ C08 _ Right _ 1",-23.0194600979105,6.00074240722316,1271.18573255671,-24.9718817876159,111.760754564318,1315.56640308561
"BIGKAT _ C08 _ Right _ 1",-22.9589467816751,5.99370072327543,1271.14981323067,-24.9475087333717,111.747160467164,1315.63909705832
"BIGKAT _ C08 _ Right _ 1",-22.913422461332,5.99723630164985,1271.08403288567,-24.9421674256527,111.750971059386,1315.71549871913
"BIGKAT _ C08 _ Right _ 1",-22.8872043844983,6.01265853454482,1270.98842878307,-24.9565739594348,111.774957754073,1315.7770313115
"BIGKAT _ C08 _ Right _ 1",-22.8810897066725,6.03664509530029,1270.8711161538,-24.9847021751462,111.816066041879,1315.81225927456
"BIGKAT _ C08 _ Right _ 1",-22.8925791919093,6.06206191853761,1270.74812657772,-25.0156893091833,111.865678389085,1315.81789368011
"BIGKAT _ C08 _ Right _ 1",-22.9171216091458,6.0802466757943,1270.64080883805,-25.0371457104804,111.911872555656,1315.79719068913
"BIGKAT _ C08 _ Right _ 1",-22.9496709009904,6.08396981485881,1270.57119776426,-25.0388472761301,111.943007742011,1315.75699729326
"BIGKAT _ C08 _ Right _ 1",-22.9857521676781,6.0700225566553,1270.55636129897,-25.0156420534608,111.951342230276,1315.70494589017
"BIGKAT _ C08 _ Right _ 1",-23.0216623969967,6.04046431194602,1270.60323164286,-24.9686256334756,111.935272678843,1315.64767014561
"BIGKAT _ C08 _ Right _ 1",-23.0540371618351,6.00198982601592,1270.70563957172,-24.9042288939735,111.899340081309,1315.59006549989
"BIGKAT _ C08 _ Right _ 1",-23.0793653375414,5.96355394120304,1270.84489047969,-24.8316390167732,111.852123496217,1315.53521385537
"BIGKAT _ C08 _ Right _ 1",-23.0939640695169,5.93306672894408,1270.99414367111,-24.7596209205732,111.803004281767,1315.48469327134
"BIGKAT _ C08 _ Right _ 1",-23.0945385696675,5.91435747699341,1271.12536085201,-24.6939870849872,111.759091353738,1315.43919765002
"BIGKAT _ C08 _ Right _ 1",-23.0790077370242,5.905553691686,1271.21634759581,-24.636567137315,111.723303993686,1315.39937342736
"BIGKAT _ C08 _ Right _ 1",-23.0470795632663,5.89951580801938,1271.2552622851,-24.5857984334177,111.694004015244,1315.36657781339
"BIGKAT _ C08 _ Right _ 1",-23.0002531413534,5.88612880090649,1271.24123170414,-24.5383929969561,111.665993464909,1315.34311358969
"BIGKAT _ C08 _ Right _ 1",-22.9413460514399,5.85543683621098,1271.1816682248,-24.4911916797873,111.632328885171,1315.33156703651
"BIGKAT _ C08 _ Right _ 1",-22.8739554528352,5.80030354337114,1271.0882695914,-24.4423552938046,111.58628203808,1315.33319798165
"BIGKAT _ C08 _ Right _ 1",-22.8022191134995,5.717693926691,1270.97373421923,-24.3914309232704,111.522882418559,1315.34584746637
"BIGKAT _ C08 _ Right _ 1",-22.7308753814719,5.60849226322412,1270.85010342708,-24.3384511967506,111.439773792132,1315.36237086043
"BIGKAT _ C08 _ Right _ 1",-22.6652111838673,5.47643692856357,1270.7282077461,-24.2827929093741,111.337488457172,1315.37081099697
"BIGKAT _ C08 _ Right _ 1",-22.6104163631946,5.32693821768657,1270.6170130417,-24.2226607964504,111.219439516113,1315.3569812623
"BIGKAT _ C08 _ Right _ 1",-22.5702742678828,5.16630773357787,1270.52221375434,-24.1556100371385,111.091745839476,1315.30883486487
"BIGKAT _ C08 _ Right _ 1",-22.5456885173977,5.00150342402427,1270.44457982361,-24.0797718441539,110.962606874075,1315.2207114432
"BIGKAT _ C08 _ Right _ 1",-22.5337715145482,4.84007727442415,1270.37919847818,-23.9949701549223,110.840852045736,1315.09536255207
"BIGKAT _ C08 _ Right _ 1",-22.527936958309,4.68977813964203,1270.31633710886,-23.9030415116725,110.733763308051,1314.94287405586
"BIGKAT _ C08 _ Right _ 1",-22.5189331702348,4.55740624496011,1270.24364283326,-23.8071583290513,110.644902849844,1314.77718449176
"BIGKAT _ C08 _ Right _ 1",-22.4964470743117,4.44705697793788,1270.14871961974,-23.71036819367,110.572863470917,1314.6115904853
"BIGKAT _ C08 _ Right _ 1",-22.4509697045494,4.35849700661515,1270.02134668606,-23.6138509947758,110.511497716547,1314.45456165356
"BIGKAT _ C08 _ Right _ 1",-22.3758051860075,4.28662651198461,1269.85534258193,-23.515732840373,110.451634592835,1314.3072882178
"BIGKAT _ C08 _ Right _ 1",-22.2690588001284,4.22262232937855,1269.65042075661,-23.4114241796504,110.383831710828,1314.16445362064
"BIGKAT _ C08 _ Right _ 1",-22.1351200134322,4.15664245415939,1269.41391471946,-23.295863936696,110.301375521914,1314.01860647464
"BIGKAT _ C08 _ Right _ 1",-21.9849181245088,4.08127141638247,1269.1614948713,-23.1668799392048,110.202597545364,1313.86627368896
"BIGKAT _ C08 _ Right _ 1",-21.8344296426398,3.99449306754215,1268.91582076465,-23.0280167620306,110.09175246409,1313.71250329406
"BIGKAT _ C08 _ Right _ 1",-21.7015599563199,3.90104769782915,1268.70282314596,-22.8893565521325,109.978186367064,1313.571406324
"BIGKAT _ C08 _ Right _ 1",-21.6022370435143,3.81156298862253,1268.54649727333,-22.7658433786957,109.874081497826,1313.46268710939
"BIGKAT _ C08 _ Right _ 1",-21.5468946157926,3.73966185056411,1268.46383864016,-22.6736348059816,109.791451813434,1313.40592999469
"BIGKAT _ C08 _ Right _ 1",-21.5383105380696,3.69801069742652,1268.46138600795,-22.625595949344,109.739189866961,1313.41461337693
"BIGKAT _ C08 _ Right _ 1",-21.5712169712971,3.69462135847112,1268.53404119925,-22.6272714370971,109.720873780933,1313.49133025925
"BIGKAT _ C08 _ Right _ 1",-21.6335988429219,3.73050194561501,1268.66610675104,-22.6745872080486,109.733811392665,1313.62538199508
"BIGKAT _ C08 _ Right _ 1",-21.709335145901,3.79915164170421,1268.83418175596,-22.7540889923218,109.769494387481,1313.7936250289
"BIGKAT _ C08 _ Right _ 1",-21.7816790678126,3.88779018039219,1269.01142877872,-22.8457840247504,109.815323325069,1313.96477628954
"BIGKAT _ C08 _ Right _ 1",-21.8368574870467,3.9798665102771,1269.17244065084,-22.927855581129,109.857216752843,1314.10636129248
"BIGKAT _ C08 _ Right _ 1",-21.8668990731877,4.058296943582,1269.29762416669,-22.9819435594757,109.882587079889,1314.19254094708
"BIGKAT _ C08 _ Right _ 1",-21.8709092368079,4.10888447559685,1269.37606232109,-22.9975366598019,109.883134522765,1314.21064957872
"BIGKAT _ C08 _ Right _ 1",-21.8544606111399,4.12336132575172,1269.40633425541,-22.9743218029861,109.856911457938,1314.16459022053
"BIGKAT _ C08 _ Right _ 1",-21.8273775925753,4.10148118136914,1269.39546858592,-22.9219250507533,109.809141875649,1314.07408322305
"BIGKAT _ C08 _ Right _ 1",-21.8007091178744,4.05162382720077,1269.35666932849,-22.8571990445526,109.751441647066,1313.9699166961
"BIGKAT _ C08 _ Right _ 1",-21.7839182894641,3.98953751024677,1269.30652293909,-22.7999375597207,109.699444543975,1313.88657376753
"BIGKAT _ C08 _ Right _ 1",-21.7831635306846,3.93520245982532,1269.26222732121,-22.7683626045362,109.669309290763,1313.85443347364
"BIGKAT _ C08 _ Right _ 1",-21.8010137112796,3.90833933817888,1269.23917322465,-22.7756083343813,109.673946364285,1313.89361193589
"BIGKAT _ C08 _ Right _ 1",-21.8372647131578,3.92363526964248,1269.24901313306,-22.8277615944128,109.719894340754,1314.01051111474
"BIGKAT _ C08 _ Right _ 1",-21.8901013315434,3.9870274223019,1269.2982346647,-22.9233508334879,109.805620541631,1314.19710751053
"BIGKAT _ C08 _ Right _ 1",-21.9569060671347,4.09416951942581,1269.38729811151,-23.0539743042909,109.921723000218,1314.43262334089
"BIGKAT _ C08 _ Right _ 1",-22.0344340344505,4.23156446002129,1269.51051975014,-23.2058981461821,110.053077492009,1314.68729396536
"BIGKAT _ C08 _ Right _ 1",-22.1185493634745,4.38002398503744,1269.656893116,-23.362489250517,110.182411550518,1314.92785552685
"BIGKAT _ C08 _ Right _ 1",-22.2040024378658,4.51940769389574,1269.81188025924,-23.5071305914893,110.294293842399,1315.12389221793
"BIGKAT _ C08 _ Right _ 1",-22.2846993039873,4.63325489462737,1269.95996226066,-23.6260435194566,110.378386748951,1315.25364923482
"BIGKAT _ C08 _ Right _ 1",-22.3546111166207,4.71207841284984,1270.0874963398,-23.7104576290312,110.431111907114,1315.30782347158
"BIGKAT _ C08 _ Right _ 1",-22.4090839786931,4.75463952401863,1270.18525462002,-23.7578000735736,110.455454386831,1315.29035657851
"BIGKAT _ C08 _ Right _ 1",-22.4460840748817,4.76719810685024,1270.25006100874,-23.7718158852481,110.459234408792,1315.21612867455
"BIGKAT _ C08 _ Right _ 1",-22.4669699483997,4.76127135734354,1270.28528356356,-23.7616468128925,110.452615970612,1315.10631288359
"BIGKAT _ C08 _ Right _ 1",-22.4765950221196,4.75070095522774,1270.30031993999,-23.7399783804862,110.445776915002,1314.98281841276
"BIGKAT _ C08 _ Right _ 1",-22.482667450285,4.74880500329338,1270.30920896983,-23.7205608175282,110.447464914499,1314.86361209538
"BIGKAT _ C08 _ Right _ 1",-22.4943038195645,4.76615304552592,1270.32818516778,-23.7156350043145,110.464628048028,1314.76041349881
"BIGKAT _ C08 _ Right _ 1",-22.5198471441229,4.80919086910354,1270.37199775825,-23.7337977466242,110.502669630139,1314.67907393631
"BIGKAT _ C08 _ Right _ 1",-22.5644167407013,4.87968625556546,1270.44950068705,-23.7785903417331,110.565566156832,1314.62148240526
"BIGKAT _ C08 _ Right _ 1",-22.6280868567104,4.97482758518724,1270.55993474884,-23.8478862218049,110.655359343861,1314.58725675068
"BIGKAT _ C08 _ Right _ 1",-22.7056160753032,5.08780267831853,1270.69161546637,-23.9342093611338,110.771144880171,1314.5742719296
"BIGKAT _ C08 _ Right _ 1",-22.7880433441582,5.20879423684948,1270.82394576553,-24.0262168410903,110.908147924498,1314.57846177726
"BIGKAT _ C08 _ Right _ 1",-22.865536099233,5.32642956544068,1270.9322249995,-24.1113245771733,111.057562235076,1314.59401668585
"BIGKAT _ C08 _ Right _ 1",-22.9302867422048,5.42966085232738,1270.99364066781,-24.1788751535846,111.207585579549,1314.61460349218
"BIGKAT _ C08 _ Right _ 1",-22.9783800136996,5.50982620815844,1270.9926758262,-24.222858739182,111.345593664371,1314.63524254304
"BIGKAT _ C08 _ Right _ 1",-23.0101499279293,5.56242899464476,1270.92460630569,-24.2433444599918,111.460813896876,1314.65390382521
"BIGKAT _ C08 _ Right _ 1",-23.0291315064731,5.58815328101533,1270.79624272953,-24.2462558066108,111.546534202474,1314.67195264648
"BIGKAT _ C08 _ Right _ 1",-23.0400749810944,5.59283189409975,1270.62358378176,-24.2416034163791,111.601077973667,1314.69305244339
"BIGKAT _ C08 _ Right _ 1",-23.0467316792514,5.58636387909923,1270.42697341353,-24.2407008002874,111.627366102537,1314.72085612449
"BIGKAT _ C08 _ Right _ 1",-23.0503183408454,5.58078142982759,1270.22561351368,-24.2531882621399,111.631472429665,1314.75650885984
"BIGKAT _ C08 _ Right _ 1",-23.0494739623968,5.58778270442295,1270.03387982445,-24.284690207623,111.620844040955,1314.79712998111
"BIGKAT _ C08 _ Right _ 1",-23.0418538815451,5.61617642666722,1269.86089133858,-24.3355994898996,111.602759832997,1314.83588674352
"BIGKAT _ C08 _ Right _ 1",-23.0265335492421,5.66982663674069,1269.71272139041,-24.4010991894774,111.58332095828,1314.86353079054
"BIGKAT _ C08 _ Right _ 1",-23.0058661847746,5.74670756023344,1269.59515163367,-24.4723365764978,111.567011729815,1314.87086437585
"BIGKAT _ C08 _ Right _ 1",-22.9857700021101,5.83946656978302,1269.51496117875,-24.5385451257331,111.55670480725,1314.85145127653
"BIGKAT _ C08 _ Right _ 1",-22.974297141702,5.93744091575671,1269.47900246349,-24.5896712982848,111.553880000977,1314.80370970858
"BIGKAT _ C08 _ Right _ 1",-22.9791301553193,6.02952041059149,1269.49166763654,-24.6188230858261,111.558814768513,1314.73156481037
"BIGKAT _ C08 _ Right _ 1",-23.0049834641089,6.10689378643945,1269.55204183466,-24.6238910537435,111.570658083719,1314.64348404937
"BIGKAT _ C08 _ Right _ 1",-23.0517755456849,6.16481669147573,1269.65199907426,-24.6080074293952,111.587528152851,1314.5506205381
"BIGKAT _ C08 _ Right _ 1",-23.1140886100774,6.20302922153937,1269.77603820272,-24.578870574039,111.606841477361,1314.46511140477
"BIGKAT _ C08 _ Right _ 1",-23.1820214680513,6.22499952798748,1269.90307123267,-24.5471934750315,111.625920005669,1314.39906100764
"BIGKAT _ C08 _ Right _ 1",-23.2431854669012,6.23649098822625,1270.00984126323,-24.5246024481034,111.642742985789,1314.36392837551
"BIGKAT _ C08 _ Right _ 1",-23.2853598709121,6.2439699075836,1270.07525703824,-24.5212769536803,111.65665489442,1314.36957234439
"BIGKAT _ C08 _ Right _ 1",-23.2991951214433,6.25317919835894,1270.08466757028,-24.5436130692755,111.668812689771,1314.4223348058
"BIGKAT _ C08 _ Right _ 1",-23.2803012981604,6.26797754243409,1270.03296211564,-24.5923014303504,111.682104985975,1314.52219731743
"BIGKAT _ C08 _ Right _ 1",-23.2301425056379,6.28946430948575,1269.9255300543,-24.6613525078485,111.700350033645,1314.65993185332
"BIGKAT _ C08 _ Right _ 1",-23.1554576113312,6.31551562420564,1269.77669684035,-24.738594174907,111.726857082129,1314.81577822141
"BIGKAT _ C08 _ Right _ 1",-23.0664154899889,6.34097377261765,1269.60611932102,-24.8079025433828,111.762787745238,1314.96106088762
"BIGKAT _ C08 _ Right _ 1",-22.9741841364507,6.35865279630189,1269.43433966019,-24.8529134431592,111.806016959774,1315.06320731799
"BIGKAT _ C08 _ Right _ 1",-22.8887495996565,6.36103860366121,1269.27884547842,-24.8613087604552,111.851253094253,1315.09319331006
"BIGKAT _ C08 _ Right _ 1",-22.8175398002736,6.34226213860452,1269.15154481985,-24.8282856798433,111.891864139106,1315.03320397818
"BIGKAT _ C08 _ Right _ 1",-22.7649176225442,6.29979449648343,1269.05792183789,-24.7579067605039,111.922992031253,1314.88195794616
"BIGKAT _ C08 _ Right _ 1",-22.7322786726258,6.23539736424365,1268.99767205075,-24.6617847805871,111.944358030885,1314.65587371844
"BIGKAT _ C08 _ Right _ 1",-22.7184791591647,6.1551103275423,1268.96640247303,-24.5555658367591,111.960623300534,1314.38561257485
"BIGKAT _ C08 _ Right _ 1",-22.7204723306291,6.06838600028829,1268.95788166118,-24.4544329150533,111.978193342151,1314.10897275889
"BIGKAT _ C08 _ Right _ 1",-22.7341116681835,5.98673790349718,1268.96624427449,-24.3691717337579,111.999585428871,1313.86229923416
"BIGKAT _ C08 _ Right _ 1",-22.7550434139129,5.92226113488928,1268.98760217267,-24.3042250587257,112.018371030313,1313.67309778279
"BIGKAT _ C08 _ Right _ 1",-22.7795716029236,5.88613389485997,1269.02079525984,-24.2585693850357,112.017996400271,1313.55595999736
"BIGKAT _ C08 _ Right _ 1",-22.8053549495816,5.88695479093756,1269.06730335403,-24.229249394107,111.976413761139,1313.5124022076
"BIGKAT _ C08 _ Right _ 1",-22.8317179937823,5.92872131146018,1269.13028030035,-24.2163925745175,111.876210929081,1313.53376945229
"BIGKAT _ C08 _ Right _ 1",-22.8593000269815,6.00843139307795,1269.2123974406,-24.2279296380349,111.717696366668,1313.60576238653
"BIGKAT _ C08 _ Right _ 1",-22.8889171876634,6.11368391230654,1269.31232166349,-24.2821314602949,111.530767970799,1313.71320925624
"BIGKAT _ C08 _ Right _ 1",-22.9199141682314,6.22124986514012,1269.420534274,-24.4063124627413,111.38069205766,1313.84377889583
"BIGKAT _ C08 _ Right _ 1",-22.9487130240967,6.29815773704382,1269.51634813949,-24.6307146555619,111.363370489342,1313.9893247939
"BIGKAT _ C08 _ Right _ 1",-22.9684240303878,6.30693237138143,1269.56849249491,-24.9778020034609,111.58741337368,1314.14384884299
"BIGKAT _ C08 _ Right _ 1",-22.9701137282366,6.21588136744906,1269.54093034712,-25.4488010246065,112.143326488414,1314.29789803054
"BIGKAT _ C08 _ Right _ 1",-22.9457486746873,6.01371594728059,1269.40385527854,-26.0109162403494,113.064052451686,1314.43046618803
"BIGKAT _ C08 _ Right _ 1",-22.8922320562842,5.7256564729039,1269.14777946082,-26.5897061743664,114.285187291724,1314.50085048025
"BIGKAT _ C08 _ Right _ 1",-22.8155180270932,5.42618114896445,1268.79689318321,-27.0710432069449,115.616201270774,1314.44392970121
"BIGKAT _ C08 _ Right _ 1",-22.733564312579,5.24268202799117,1268.41692687221,-27.3155137338971,116.734679342375,1314.17244467539
"BIGKAT _ C08 _ Right _ 1",-22.6768911306504,5.34531875219064,1268.1131165505,-27.1850856851297,117.213069182848,1313.58852984067
"BIGKAT _ C08 _ Right _ 1",-22.6858362823516,5.92150155260506,1268.01592266008,-26.5778427028482,116.581247205219,1312.60378389905
"BIGKAT _ C08 _ Right _ 1",-22.8043000884188,7.13809982947969,1268.25560302178,-25.462517409984,114.418673770503,1311.16339334473
"BIGKAT _ C08 _ Right _ 1",-23.0708127184987,9.09940112602811,1268.93066082217,-23.9019478036764,110.458624099909,1309.26704233317
"BIGKAT _ C08 _ Right _ 1",-23.5089034590813,11.8123369729223,1270.07838004318,-22.0550782024313,104.677375432832,1306.97925724555
"BIGKAT _ C08 _ Right _ 1",-24.1195734082661,15.1708134765805,1271.65684842028,-20.151811531261,97.3381733725196,1304.42478579261
"BIGKAT _ C08 _ Right _ 1",-24.8786280930115,18.9669992040601,1273.54583267941,-18.4435743500503,88.9677045135833,1301.76928965354
"BIGKAT _ C08 _ Right _ 1",-25.7403834194913,22.9294584717854,1275.5683583416,-17.1423613693392,80.2623753858551,1299.19004595836
"BIGKAT _ C08 _ Right _ 1",-26.647065712432,26.778490394675,1277.52758214748,-16.367734654985,71.9474762776835,1296.84414989728
"BIGKAT _ C08 _ Right _ 1",-27.5409481088929,30.2818253689487,1279.24764375976,-16.1204526190371,64.6335951829109,1294.84249679009
"BIGKAT _ C08 _ Right _ 1",-28.3749872065341,33.2924697226356,1280.60534252867,-16.2924227930953,58.7201237382415,1293.23652410673
"BIGKAT _ C08 _ Right _ 1",-29.1182024421767,35.7563515579976,1281.54275672961,-16.7097257219499,54.3797409879407,1292.02124163331
"BIGKAT _ C08 _ Right _ 1",-29.7542409811348,37.6886966367378,1282.05828013019,-17.1947656108703,51.6252733616793,1291.15299157452
"BIGKAT _ C08 _ Right _ 1",-30.2745325291421,39.130085425384,1282.1819480689,-17.6289330408703,50.4257808197988,1290.57531792072
"BIGKAT _ C08 _ Right _ 1",-30.6697535263035,40.1007058773009,1281.94661312929,-17.9982590642913,50.8180712414973,1290.24347251537
"BIGKAT _ C08 _ Right _ 1",-30.9239822267411,40.571602884305,1281.36725507529,-18.4091900023287,52.9614143081253,1290.13873286235
"BIGKAT _ C08 _ Right _ 1",-31.0147952554279,40.4652460997865,1280.43671767763,-19.0681253409278,57.1050810940126,1290.26750910272
"BIGKAT _ C08 _ Right _ 1",-30.9201718198437,39.687118358655,1279.13938523451,-20.2261037068282,63.4719307470892,1290.64572010287
"BIGKAT _ C08 _ Right _ 1",-30.6302830592649,38.1786343661292,1277.47718041771,-22.0986559008921,72.0954374101271,1291.2743843422
"BIGKAT _ C08 _ Right _ 1",-30.1600150422501,35.9730975006139,1275.49716730842,-24.7794486946747,82.6703555113614,1292.11611979289
"BIGKAT _ C08 _ Right _ 1",-29.5573046492206,33.2338194589616,1273.30889659766,-28.1727247142927,94.4784305521218,1293.0827452188
"BIGKAT _ C08 _ Right _ 1",-28.9034863857142,30.2584625961721,1271.0830519309,-31.9700800731062,106.427297876216,1294.0405591955
"BIGKAT _ C08 _ Right _ 1",-28.3043980827682,27.4444534633664,1269.02958177408,-35.6882556951367,117.202062286178,1294.83300341321
"BIGKAT _ C08 _ Right _ 1",-27.8738300948605,25.2226074046401,1267.36057810975,-38.7662133370983,125.4921628683,1295.31322566347
"BIGKAT _ C08 _ Right _ 1",-27.7130176358332,23.9754024452396,1266.24818573622,-40.6976368710975,130.235287137698,1295.37503892539
"BIGKAT _ C08 _ Right _ 1",-27.8908855923705,23.9602429065138,1265.78945338716,-41.1591591024508,130.819462057057,1294.97181828003
"BIGKAT _ C08 _ Right _ 1",-28.4296191865925,25.2564454698881,1265.98782072691,-40.0934888679983,127.199414348255,1294.11841978635
"BIGKAT _ C08 _ Right _ 1",-29.2989152903949,27.7486094462288,1266.75537503409,-37.721601519942,119.90596666904,1292.87861290795
"BIGKAT _ C08 _ Right _ 1",-30.4202753245214,31.1498595331321,1267.93316539798,-34.4828636850708,109.951145494278,1291.3461015484
"BIGKAT _ C08 _ Right _ 1",-31.6803848895568,35.057985490545,1269.32166793623,-30.9261219671683,98.6535925718159,1289.6281761911
"BIGKAT _ C08 _ Right _ 1",-32.9503836196239,39.0285238227596,1270.71186243179,-27.5891203300407,87.4265682464615,1287.83748592853
"BIGKAT _ C08 _ Right _ 1",-34.1062714498021,42.6447953624828,1271.90934568219,-24.9030157656189,77.5790772579474,1286.09199541989
"BIGKAT _ C08 _ Right _ 1",-35.0457365304725,45.5683204333742,1272.74832337667,-23.1441833737232,70.1720447192731,1284.51866246432
"BIGKAT _ C08 _ Right _ 1",-35.6986641270119,47.5630277804185,1273.09745217195,-22.4341821233208,65.9450462455883,1283.25411728558
"BIGKAT _ C08 _ Right _ 1",-36.031432417439,48.4982574178829,1272.86314105288,-22.7708327865834,65.2973334821518,1282.43611941361
"BIGKAT _ C08 _ Right _ 1",-36.0469948265764,48.3423412827941,1271.99613227659,-24.0661265434078,68.2891999124833,1282.18291337745
"BIGKAT _ C08 _ Right _ 1",-35.7826512496333,47.1572406478516,1270.503602911,-26.1712594046842,74.6368109282725,1282.5631549147
"BIGKAT _ C08 _ Right _ 1",-35.305827685414,45.0971468547539,1268.46341366725,-28.8815642159412,83.6994263743324,1283.56505139808
"BIGKAT _ C08 _ Right _ 1",-34.7066647755628,42.4054295174999,1266.03265076218,-31.9284761353562,94.4847869992968,1285.07704328177
"BIGKAT _ C08 _ Right _ 1",-34.0862997290956,39.4005062957708,1263.44224323385,-34.9758677919858,105.708106468921,1286.89106786221
"BIGKAT _ C08 _ Right _ 1",-33.5417785334123,36.4448228773388,1260.97389756832,-37.6393331118817,115.925061415466,1288.73237073123
"BIGKAT _ C08 _ Right _ 1",-33.1510874223346,33.899726461216,1258.92225280269,-39.5375643495074,123.728283890181,1290.30962495738
"BIGKAT _ C08 _ Right _ 1",-32.9625721192301,32.0764229730139,1257.55009111557,-40.368198553205,127.968700881045,1291.37110410684
"BIGKAT _ C08 _ Right _ 1",-32.9912228694905,31.1946285799081,1257.04585452334,-39.9844416217771,127.951078897809,1291.75114500805
"BIGKAT _ C08 _ Right _ 1",-33.221438252093,31.3564147577864,1257.49166291319,-38.4421928331807,123.558338470553,1291.39609393083
"BIGKAT _ C08 _ Right _ 1",-33.6140103967063,32.5373733680575,1258.84807000834,-35.9949542475275,115.275688318728,1290.36648307303
"BIGKAT _ C08 _ Right _ 1",-34.1149040663435,34.5939997748811,1260.95927591413,-33.0334507305203,104.108241843922,1288.81836622061
"BIGKAT _ C08 _ Right _ 1",-34.6641444999152,37.2850162188282,1263.57882250524,-29.9900929602744,91.4110293380537,1286.97030651062
"BIGKAT _ C08 _ Right _ 1",-35.2036627914199,40.3031853765144,1266.41063072841,-27.2435104993765,78.6728096417174,1285.0642918238
"BIGKAT _ C08 _ Right _ 1",-35.6829431983361,43.3121307300145,1269.15503886025,-25.0568690361169,67.306421247209,1283.32941474796
"BIGKAT _ C08 _ Right _ 1",-36.0614439409389,45.9813021319858,1271.54757938168,-23.5662811747272,58.4913733921722,1281.95579583627
"BIGKAT _ C08 _ Right _ 1",-36.3077598939996,48.0137578391747,1273.38213927558,-22.8122470715312,53.0892136796336,1281.08222599307
"BIGKAT _ C08 _ Right _ 1",-36.3970965617391,49.1661468296321,1274.51838742248,-22.7898692800317,51.6197267558869,1280.79534687962
"BIGKAT _ C08 _ Right _ 1",-36.3096914777849,49.2652693455315,1274.88078686786,-23.489306020367,54.2634845048494,1281.13369547778
"BIGKAT _ C08 _ Right _ 1",-36.0324514750038,48.2267796486887,1274.4585432637,-24.9059016126179,60.8568700952027,1282.08934192008
"BIGKAT _ C08 _ Right _ 1",-35.5643173931128,46.0772955119751,1273.311701271,-27.0147719938816,70.8690017454747,1283.60369261452
"BIGKAT _ C08 _ Right _ 1",-34.923539352409,42.9738391036025,1271.58110088904,-29.7216208077169,83.3813336608063,1285.56026513538
"BIGKAT _ C08 _ Right _ 1",-34.1532980425881,39.2091474213185,1269.49338499894,-32.8147631363062,97.1099163019398,1287.78232938629
"BIGKAT _ C08 _ Right _ 1",-33.3220045987698,35.1921522816066,1267.35048162892,-35.9475181624738,110.504151484558,1290.04388056179
"BIGKAT _ C08 _ Right _ 1",-32.5164695902244,31.4003039812297,1265.49727041853,-38.6716623783489,121.927332510435,1292.09731554951
"BIGKAT _ C08 _ Right _ 1",-31.8290194116361,28.3106233906354,1264.26948250164,-40.5226517672726,129.89042680538,1293.71296317067
"BIGKAT _ C08 _ Right _ 1",-31.3419466217294,26.3240516287101,1263.93239995153,-41.1336351071855,133.289418939631,1294.71924230986
"BIGKAT _ C08 _ Right _ 1",-31.1133690903951,25.6996209280135,1264.62617354144,-40.3393063458274,131.594586261844,1295.03150434237
"BIGKAT _ C08 _ Right _ 1",-31.1676806027679,26.5117304182395,1266.33352490045,-38.2307117816126,124.952011420137,1294.66265335467
"BIGKAT _ C08 _ Right _ 1",-31.4920439897522,28.6380637355665,1268.8798703753,-35.1388138603962,114.175189355607,1293.71615640238
"BIGKAT _ C08 _ Right _ 1",-32.0387412053672,31.7795926162532,1271.96642330212,-31.5511422858087,100.624117956832,1292.36764097446
"BIGKAT _ C08 _ Right _ 1",-32.7322337636641,35.5082858066117,1275.22727855928,-27.9913889034111,85.9915208914523,1290.84213224883
"BIGKAT _ C08 _ Right _ 1",-33.4793889084843,39.3328602771379,1278.29524741743,-24.9051415059557,72.0394693816979,1289.39079871394
"BIGKAT _ C08 _ Right _ 1",-34.181122244426,42.7694712829753,1280.86008133505,-22.5892858353391,60.3458387088716,1288.26712323313
"BIGKAT _ C08 _ Right _ 1",-34.7437129866467,45.4043728434633,1282.70688642331,-21.180394407565,52.1162991603657,1287.70045064279
"BIGKAT _ C08 _ Right _ 1",-35.0885152922922,46.9395499364937,1283.73045127372,-20.6905415898984,48.0901140024311,1287.86534955969
"BIGKAT _ C08 _ Right _ 1",-35.1596134881083,47.2181822469681,1283.92951507342,-21.0613503495988,48.5300949434018,1288.84747293555
"BIGKAT _ C08 _ Right _ 1",-34.9296508876941,46.2317216785937,1283.38983635389,-22.205664176406,53.2611596643715,1290.61027492888
"BIGKAT _ C08 _ Right _ 1",-34.4041494630435,44.1124690082754,1282.26443016696,-24.0186990992936,61.7217315252762,1292.97172006264
"BIGKAT _ C08 _ Right _ 1",-33.6239835183945,41.1147765732233,1280.75483785732,-26.3593051523915,73.012427603129,1295.60424422779
"BIGKAT _ C08 _ Right _ 1",-32.6646011121372,37.5860845375534,1279.09218070689,-29.0187952592657,85.9496447381919,1298.07098458081
"BIGKAT _ C08 _ Right _ 1",-31.6300657907586,33.9282904557814,1277.51451400466,-31.7029352992827,99.1428261915521,1299.9030044504
"BIGKAT _ C08 _ Right _ 1",-30.6409626495548,30.5516391164384,1276.23915600577,-34.0485036914495,111.109648426908,1300.70608605044
"BIGKAT _ C08 _ Right _ 1",-29.8173656939889,27.8262546553136,1275.4334296274,-35.6805695742325,120.42886740353,1300.26793833458
"BIGKAT _ C08 _ Right _ 1",-29.2599258752569,26.03819389266,1275.19079686073,-36.296755618241,125.914677487088,1298.62750625497
"BIGKAT _ C08 _ Right _ 1",-29.0327138448948,25.3561323834231,1275.5191288692,-35.7494709012927,126.785547641306,1296.07547198637
"BIGKAT _ C08 _ Right _ 1",-29.1510632605822,25.8124141116729,1276.34428576601,-34.0939594756492,122.796924128687,1293.07886189299
"BIGKAT _ C08 _ Right _ 1",-29.5770251931214,27.3001222204827,1277.52754283293,-31.581059875435,114.309825584529,1290.1532703987
"BIGKAT _ C08 _ Right _ 1",-30.224205284234,29.5867188566587,1278.891856597,-28.5946451458369,102.274746359996,1287.72936752531
"BIGKAT _ C08 _ Right _ 1",-30.9721999449083,32.3434573014148,1280.25055907311,-25.5561977911131,88.1231154476422,1286.06425040121
"BIGKAT _ C08 _ Right _ 1",-31.6883503837643,35.1870307217153,1281.43255745764,-22.832490432101,73.5776561152907,1285.22850113812
"BIGKAT _ C08 _ Right _ 1",-32.2518256928663,37.7267158537175,1282.29965150132,-20.6791576270099,60.4144268828319,1285.16363398533
"BIGKAT _ C08 _ Right _ 1",-32.573720945445,39.6090857267928,1282.75386861219,-19.2337001319025,50.2231944462604,1285.77068209735
"BIGKAT _ C08 _ Right _ 1",-32.6081881018427,40.5544926616167,1282.73601728826,-18.5467306296554,44.2096649557457,1286.97906578524
"BIGKAT _ C08 _ Right _ 1",-32.3531280319041,40.3832994137512,1282.22023350513,-18.6238683152819,43.0637396748155,1288.76128583482
"BIGKAT _ C08 _ Right _ 1",-31.8425657704173,39.0322576378629,1281.21084992594,-19.4501540815959,46.8954737981,1291.09084538288
"BIGKAT _ C08 _ Right _ 1",-31.1346661482036,36.5612489446314,1279.74562242315,-20.9821733085399,55.2297477427712,1293.86992808031
"BIGKAT _ C08 _ Right _ 1",-30.2991843600899,33.1491598471035,1277.90404992378,-23.1126159196509,67.0549607075355,1296.86846816316
"BIGKAT _ C08 _ Right _ 1",-29.4069151821905,29.0770934265308,1275.81455587198,-25.629203040612,80.9293940068272,1299.71367605125
"BIGKAT _ C08 _ Right _ 1",-28.5224145887601,24.6986100154485,1273.65309677444,-28.1972925810907,95.1475045613406,1301.94913456186
"BIGKAT _ C08 _ Right _ 1",-27.7003376887299,20.3999774141349,1271.62912433271,-30.388603548464,107.95379232242,1303.15097045516
"BIGKAT _ C08 _ Right _ 1",-26.9849570266379,16.5568363279822,1269.9602605641,-31.7590983785434,117.773337606886,1303.05902496572
"BIGKAT _ C08 _ Right _ 1",-26.4115708421047,13.4949229288536,1268.84118544598,-31.9558739835311,123.418596400899,1301.66964660742
"BIGKAT _ C08 _ Right _ 1",-26.0078991425711,11.4603700559845,1268.41362710032,-30.8173095817241,124.237200246675,1299.25078651475
"BIGKAT _ C08 _ Right _ 1",-25.7937516441798,10.6009871114018,1268.74354290203,-28.4300327361648,120.180643117069,1296.27173642853
"BIGKAT _ C08 _ Right _ 1",-25.778369769739,10.9567394241929,1269.80956811958,-25.1204916521102,111.789879398711,1293.27329709689
"BIGKAT _ C08 _ Right _ 1",-25.9564343004237,12.4573674140542,1271.50424348922,-21.3822187902692,100.105834670968,1290.72609950058
"BIGKAT _ C08 _ Right _ 1",-26.3049620682178,14.9269797428863,1273.64690171306,-17.7633502998321,86.5218712613631,1288.92810091492
"BIGKAT _ C08 _ Right _ 1",-26.783365842043,18.0969392261947,1276.00476258139,-14.7528508897893,72.6041696982412,1287.97481724263
"BIGKAT _ C08 _ Right _ 1",-27.3376268203558,21.6276866539527,1278.31730146456,-12.7011730200762,59.9122991989775,1287.8027979372
"BIGKAT _ C08 _ Right _ 1",-27.9076798055549,25.1383025019649,1280.31942179988,-11.792718946331,49.848043637085,1288.27366040158
"BIGKAT _ C08 _ Right _ 1",-28.4360094154372,28.2419360667628,1281.76198709356,-12.0635302683029,43.5422902731165,1289.25126512957
"BIGKAT _ C08 _ Right _ 1",-28.8755914252472,30.5861520997042,1282.43220151156,-13.4407479128981,41.7675239957558,1290.63548153268
"BIGKAT _ C08 _ Right _ 1",-29.1960906747879,31.8974467195315,1282.17784074742,-15.7774802938269,44.8552015218284,1292.34329685847
"BIGKAT _ C08 _ Right _ 1",-29.3878042594457,32.0264628769097,1280.93638713852,-18.8666224739777,52.612177466829,1294.25611748919
"BIGKAT _ C08 _ Right _ 1",-29.4629278856805,30.9854783666894,1278.76395844579,-22.4339083445919,64.2593401354221,1296.16955150926
"BIGKAT _ C08 _ Right _ 1",-29.4536535309876,28.9659884573064,1275.85335516012,-26.1266208276221,78.437645004663,1297.78313574852
"BIGKAT _ C08 _ Right _ 1",-29.4069314347433,26.3253810129579,1272.5296061254,-29.5223838184472,93.3234478242745,1298.75066664137
"BIGKAT _ C08 _ Right _ 1",-29.3766738793059,23.5389411910628,1269.21658952196,-32.1765753740874,106.863547100054,1298.78117195411
"BIGKAT _ C08 _ Right _ 1",-29.415207980254,21.1240331918712,1266.37725176452,-33.7074554028369,117.095844352618,1297.74967105126
"BIGKAT _ C08 _ Right _ 1",-29.565924861707,19.5522796189997,1264.4380380663,-33.8942613629309,122.486848144693,1295.76444606376
"BIGKAT _ C08 _ Right _ 1",-29.8579913743212,19.168834295074,1263.71237763102,-32.7492660770481,122.2075688805,1293.15401159067
"BIGKAT _ C08 _ Right _ 1",-30.302596698685,20.1347975560521,1264.33872400459,-30.5296952002066,116.284911721749,1290.37457397442
"BIGKAT _ C08 _ Right _ 1",-30.8898369258019,22.4020511942833,1266.24711272129,-27.6782992887261,105.596488242987,1287.87664315244
"BIGKAT _ C08 _ Right _ 1",-31.5863939594004,25.7225804216597,1269.16419663143,-24.7113153000955,91.7122046947214,1285.98764007455
"BIGKAT _ C08 _ Right _ 1",-32.3356658792786,29.6884018891673,1272.65886570531,-22.0946774582675,76.6194166669562,1284.85689228251
"BIGKAT _ C08 _ Right _ 1",-33.0624706916242,33.7936913218969,1276.21939825185,-20.1522044058368,62.394237980218,1284.47580050602
"BIGKAT _ C08 _ Right _ 1",-33.6831679515003,37.5077811780857,1279.34289278639,-19.0317315459927,50.8913103127922,1284.74781199986
"BIGKAT _ C08 _ Right _ 1",-34.1196853051052,40.3472104667342,1281.61439455106,-18.7272798324308,43.5104996047807,1285.56243363558
"BIGKAT _ C08 _ Right _ 1",-34.3139936048865,41.937376190257,1282.75941974613,-19.1329928603874,41.0649457774866,1286.83479359273
"BIGKAT _ C08 _ Right _ 1",-34.2392043614563,42.0584356596331,1282.66599280466,-20.0978524756299,43.738438461353,1288.49800257103
"BIGKAT _ C08 _ Right _ 1",-33.9046555682161,40.6736332165595,1281.38305579119,-21.4587963288476,51.102315770032,1290.46222954701
"BIGKAT _ C08 _ Right _ 1",-33.3541514393836,37.9392385177547,1279.10506665772,-23.0465391072897,62.1703414203888,1292.57023593173
"BIGKAT _ C08 _ Right _ 1",-32.6580870466029,34.1938205009948,1276.1481131975,-24.674676289509,75.4920565097232,1294.58069928681
"BIGKAT _ C08 _ Right _ 1",-31.901395955371,29.9231587509596,1272.916720246,-26.1318271430056,89.2996975886532,1296.19840647187
"BIGKAT _ C08 _ Right _ 1",-31.1701669324949,25.6991377237628,1269.85839740923,-27.1946777667001,101.71735715324,1297.14751829021
"BIGKAT _ C08 _ Right _ 1",-30.5400013427164,22.0976924021284,1267.40623941667,-27.6671461715113,111.016844254458,1297.25948968063
"BIGKAT _ C08 _ Right _ 1",-30.0682550115535,19.6094441978188,1265.91598133426,-27.4336388614577,115.878546308431,1296.53463670393
"BIGKAT _ C08 _ Right _ 1",-29.7904992862328,18.5619299205886,1265.60908543977,-26.5024032118253,115.603339745314,1295.14582701323
"BIGKAT _ C08 _ Right _ 1",-29.7199572884725,19.0707636669664,1266.53497239055,-25.0159616790021,110.228714988133,1293.3809702058
"BIGKAT _ C08 _ Right _ 1",-29.8483259492069,21.0292861833239,1268.56243974871,-23.2197340554145,100.52352467444,1291.55171373871
"BIGKAT _ C08 _ Right _ 1",-30.1472335219991,24.1360002879952,1271.40335164207,-21.3998607583551,87.8623809337701,1289.91141232284
"BIGKAT _ C08 _ Right _ 1",-30.5706693959826,27.9503985633791,1274.66298459357,-19.816186362388,74.0062887143085,1288.61776076462
"BIGKAT _ C08 _ Right _ 1",-31.0591844199452,31.9630737681117,1277.90411881868,-18.6577193541309,60.835863248485,1287.74879468828
"BIGKAT _ C08 _ Right _ 1",-31.5463119658658,35.6659315385622,1280.70926309792,-18.034427864092,50.0912864059774,1287.35032832493
"BIGKAT _ C08 _ Right _ 1",-31.9669076350165,38.6122258264109,1282.7288930647,-17.9989743563727,43.1634019564881,1287.47680344852
"BIGKAT _ C08 _ Right _ 1",-32.2664689401093,40.4620630956372,1283.71162607363,-18.5770551081241,40.9554263895975,1288.19518210877
"BIGKAT _ C08 _ Right _ 1",-32.4101865339569,41.0141033997615,1283.52020740175,-19.7829920877195,43.8083881172575,1289.54568842405
"BIGKAT _ C08 _ Right _ 1",-32.3902820935505,40.2259241747256,1282.14024924783,-21.607410852534,51.4720529513648,1291.47799784196
"BIGKAT _ C08 _ Right _ 1",-32.2298185866268,38.223344277676,1279.68534283292,-23.9802841016305,63.1121770861891,1293.79576399032
"BIGKAT _ C08 _ Right _ 1",-31.9809167281688,35.2949428615164,1276.39563957071,-26.7283114925675,77.3640734352448,1296.14333000663
"BIGKAT _ C08 _ Right _ 1",-31.7161188084117,31.8656877397969,1272.62307159027,-29.5539066260281,92.4537590947901,1298.05606543955
"BIGKAT _ C08 _ Right _ 1",-31.5139620930139,28.4459696367284,1268.79855260597,-32.0588331427823,106.399483862907,1299.07108454881
"BIGKAT _ C08 _ Right _ 1",-31.4425156536995,25.5593760326016,1265.38259108158,-33.8182363463373,117.280882691968,1298.8654556657
"BIGKAT _ C08 _ Right _ 1",-31.545723113341,23.6608221555471,1262.80568464242,-34.4870310580511,123.534668533109,1297.36929044617
"BIGKAT _ C08 _ Right _ 1",-31.8360565551915,23.0617018109823,1261.40654364917,-33.9019380211512,124.219280985455,1294.80486591003
"BIGKAT _ C08 _ Right _ 1",-32.2942839906007,23.8780738348116,1261.37664513454,-32.1392997760003,119.191971301429,1291.63154545723
"BIGKAT _ C08 _ Right _ 1",-32.8748501156776,26.0123674003729,1262.72075106571,-29.5043390886319,109.157581523245,1288.41679629197
"BIGKAT _ C08 _ Right _ 1",-33.5144628363995,29.1713526932721,1265.2435930751,-26.4554147467479,95.5732383400392,1285.68567225664
"BIGKAT _ C08 _ Right _ 1",-34.1417454365198,32.9156142717988,1268.57010456476,-23.4934494252688,80.4226841678077,1283.80723487129
"BIGKAT _ C08 _ Right _ 1",-34.6864267716099,36.7298903028978,1272.19931703391,-21.0578679316464,65.9027551744459,1282.95234844288
"BIGKAT _ C08 _ Right _ 1",-35.0870376705559,40.1003947610904,1275.58278072328,-19.4603912193872,54.0842792840288,1283.11776111462
"BIGKAT _ C08 _ Right _ 1",-35.2966556275329,42.5855998798814,1278.21172456514,-18.864449106204,46.6112753884084,1284.18174208582
"BIGKAT _ C08 _ Right _ 1",-35.2869998868782,43.8710196101843,1279.69631586038,-19.296302348304,44.4836239746321,1285.95309895329
"BIGKAT _ C08 _ Right _ 1",-35.0515855807957,43.8043626520725,1279.82455259955,-20.6659202872077,47.939955547935,1288.19358956847
"BIGKAT _ C08 _ Right _ 1",-34.6080988546116,42.4116420200612,1278.59386432143,-22.7822450079995,56.4368790763194,1290.61729975883
"BIGKAT _ C08 _ Right _ 1",-33.9989100407766,39.8952192005583,1276.2123269726,-25.3616348984797,68.7172128906054,1292.88716295471
"BIGKAT _ C08 _ Right _ 1",-33.2878442012294,36.6123935851927,1273.06853393567,-28.0410917590373,82.9662326180126,1294.63342930488
"BIGKAT _ C08 _ Right _ 1",-32.5520577567269,33.0317580559328,1269.6719798189,-30.4121249572447,97.0547533198144,1295.50923614427
"BIGKAT _ C08 _ Right _ 1",-31.8700284703409,29.6675270716915,1266.57093213354,-32.0832307029262,108.851541421966,1295.27584093657
"BIGKAT _ C08 _ Right _ 1",-31.3088126850834,26.9994253854498,1264.26097529638,-32.7615768604295,116.5609394713,1293.88496183212
"BIGKAT _ C08 _ Right _ 1",-30.9142619017394,25.3935549865613,1263.10154594285,-32.3272140361111,119.020879253222,1291.51557333763
"BIGKAT _ C08 _ Right _ 1",-30.7065173616665,25.0427172845654,1263.25736026345,-30.8680133134106,115.895555936505,1288.53890237482
"BIGKAT _ C08 _ Right _ 1",-30.6809339649762,25.9404475234861,1264.67653593237,-28.6564305515455,107.718530014828,1285.42108478048
"BIGKAT _ C08 _ Right _ 1",-30.8129517610549,27.8934568386453,1267.10907840118,-26.0745253060874,95.7778252251984,1282.60528337901
"BIGKAT _ C08 _ Right _ 1",-31.064816423149,30.5667705547417,1270.16024907038,-23.5174137674533,81.8726205757936,1280.42323748922
"BIGKAT _ C08 _ Right _ 1",-31.392167035033,33.5484188596626,1273.3652374797,-21.3139403968514,68.0005574992518,1279.06631485624
"BIGKAT _ C08 _ Right _ 1",-31.7490733462015,36.4177565435714,1276.26710159947,-19.6919617979513,56.047087219704,1278.61219938219
"BIGKAT _ C08 _ Right _ 1",-32.0911040300691,38.8034696085488,1278.4814165264,-18.7910739504917,47.538826898635,1279.07623075965
"BIGKAT _ C08 _ Right _ 1",-32.3771767118285,40.4231215250164,1279.7382510686,-18.7020066421315,43.4941132737048,1280.44965736495
"BIGKAT _ C08 _ Right _ 1",-32.5715352602637,41.1033864869769,1279.90125899707,-19.5013960729245,44.3681347165125,1282.70021935363
"BIGKAT _ C08 _ Right _ 1",-32.6467288998177,40.785557584024,1278.96988459478,-21.256471871872,50.0646686161005,1285.73372831071
"BIGKAT _ C08 _ Right _ 1",-32.5873080809903,39.5219965275203,1277.07129301376,-23.9913167329911,59.9833772911913,1289.33777394865
"BIGKAT _ C08 _ Right _ 1",-32.3930068418205,37.4662511583725,1274.44494085055,-27.6265819465896,73.0878870177861,1293.14214773192
"BIGKAT _ C08 _ Right _ 1",-32.080133105402,34.8557809897841,1271.41864327039,-31.9202339589389,87.9994002300132,1296.62953817957
"BIGKAT _ C08 _ Right _ 1",-31.6806791768109,31.9852165569676,1268.37398334565,-36.4421041239424,103.126831015391,1299.21286586702
"BIGKAT _ C08 _ Right _ 1",-31.2395037835404,29.1709746819698,1265.70135552373,-40.6066295032291,116.833605303998,1300.36725804756
"BIGKAT _ C08 _ Right _ 1",-30.8100566252313,26.7125244159229,1263.74879971463,-43.7681067577073,127.623742862944,1299.77716674943
"BIGKAT _ C08 _ Right _ 1",-30.4486196081988,24.8578424413371,1262.77206232742,-45.3583853346679,134.319147039609,1297.44617191552
"BIGKAT _ C08 _ Right _ 1",-30.2067439655073,23.7787416098659,1262.89509021664,-45.0279252978426,136.201105723699,1293.72553400788
"BIGKAT _ C08 _ Right _ 1",-30.122108483735,23.5574837235962,1264.08981611801,-42.7451912449444,133.097122099525,1289.24431861095
"BIGKAT _ C08 _ Right _ 1",-30.2093585923035,24.1828493829853,1266.18114786521,-38.8195645114383,125.402630586881,1284.7589782813
"BIGKAT _ C08 _ Right _ 1",-30.4538811643648,25.5534983157737,1268.8777588239,-33.8372687439032,114.033997165102,1280.97148110879
"BIGKAT _ C08 _ Right _ 1",-30.8117409156965,27.487807590883,1271.82262741891,-28.530293084092,100.317309973964,1278.37937738143
"BIGKAT _ C08 _ Right _ 1",-31.2172449351303,29.7399591812701,1274.65117379499,-23.6220383990203,85.8289893874779,1277.20816551133
"BIGKAT _ C08 _ Right _ 1",-31.5963333213404,32.0211252508903,1277.042243024,-19.6982997795369,72.2152542610461,1277.43786992407
"BIGKAT _ C08 _ Right _ 1",-31.8813054641271,34.0238789727215,1278.7506935525,-17.1356189579991,61.0190062168609,1278.89180632372
"BIGKAT _ C08 _ Right _ 1",-32.0222194341169,35.4491307026189,1279.61920853643,-16.091000273606,53.5301913689434,1281.33226098636
"BIGKAT _ C08 _ Right _ 1",-31.9925538584578,36.0369885864276,1279.57622325714,-16.5331277277309,50.6577795611187,1284.51666295147
"BIGKAT _ C08 _ Right _ 1",-31.7895358834156,35.6029978614193,1278.63095403311,-18.2861911786281,52.814827081078,1288.19860703727
"BIGKAT _ C08 _ Right _ 1",-31.4311781515403,34.0774561328064,1276.87340963911,-21.0641700848198,59.8211830928561,1292.09142598854
"BIGKAT _ C08 _ Right _ 1",-30.9521195102678,31.5394382044314,1274.47940313306,-24.489743268537,70.8520768822851,1295.83292623039
"BIGKAT _ C08 _ Right _ 1",-30.39947488914,28.2327381542047,1271.71277880074,-28.1088920378404,84.4745266511643,1298.99083653227
"BIGKAT _ C08 _ Right _ 1",-29.8289584125375,24.5518956438538,1268.91387052306,-31.4207809973912,98.8011514370286,1301.12819730253
"BIGKAT _ C08 _ Right _ 1",-29.3010099452045,20.9937417641168,1266.46655554181,-33.9368597408198,111.754338758038,1301.91366009519
"BIGKAT _ C08 _ Right _ 1",-28.876370562256,18.0806475634957,1264.74439749857,-35.2651303875055,121.392537534311,1301.23107653651
"BIGKAT _ C08 _ Right _ 1",-28.61030637459,16.2709786960709,1264.04526031555,-35.19565329924,126.22739017945,1299.23547738365
"BIGKAT _ C08 _ Right _ 1",-28.5448587291559,15.8763549719682,1264.52995703575,-33.7544072622846,125.464541941875,1296.32479146117
"BIGKAT _ C08 _ Right _ 1",-28.6996870751705,17.0035616947696,1266.18220657773,-31.2006111288916,119.124449532938,1293.03529128625
"BIGKAT _ C08 _ Right _ 1",-29.0640040936234,19.5331703413644,1268.80350758355,-27.9637606000029,108.028029668926,1289.90240738848
"BIGKAT _ C08 _ Right _ 1",-29.5934551019034,23.1390418899681,1272.04734370498,-24.5410222463612,93.6566062516611,1287.34190907347
"BIGKAT _ C08 _ Right _ 1",-30.2151232708944,27.3440060419237,1275.48439276288,-21.3919917270439,77.9156218509212,1285.59456088761
"BIGKAT _ C08 _ Right _ 1",-30.8408349449771,31.5985779476376,1278.67914782873,-18.8675090192298,62.8481045492997,1284.74503298857
"BIGKAT _ C08 _ Right _ 1",-31.3850673935015,35.3644040401496,1281.25492936057,-17.1910487331244,50.3528934470351,1284.78858461425
"BIGKAT _ C08 _ Right _ 1",-31.7815084862941,38.1850377734309,1282.93184505962,-16.4844222133863,41.9561940202761,1285.69810779137
"BIGKAT _ C08 _ Right _ 1",-31.9931589545116,39.7337331752149,1283.5369339256,-16.8091255500545,38.6612163886854,1287.45120389314
"BIGKAT _ C08 _ Right _ 1",-32.0140439453663,39.8375489232824,1282.99846857249,-18.1910269149236,40.8711677002419,1290.00428666867
"BIGKAT _ C08 _ Right _ 1",-31.863993233721,38.4838525954399,1281.33989002577,-20.609034076957,48.3648101779293,1293.23028996063
"BIGKAT _ C08 _ Right _ 1",-31.5797809105711,35.8159603284882,1278.68227586461,-23.9501631806456,60.3109043333075,1296.85589470843
"BIGKAT _ C08 _ Right _ 1",-31.2057747140934,32.12009539509,1275.25259913161,-27.9545950271365,75.3288119773956,1300.43929211026
"BIGKAT _ C08 _ Right _ 1",-30.7860997718688,27.8006235983767,1271.3858071357,-32.1863526553372,91.6163938994484,1303.41853545642
"BIGKAT _ C08 _ Right _ 1",-30.359432573343,23.3394151200638,1267.50752160835,-36.061440014919,107.157652676749,1305.23273003696
"BIGKAT _ C08 _ Right _ 1",-29.9571176496318,19.2396297715833,1264.09096298862,-38.9439695978275,119.993631413678,1305.48122166207
"BIGKAT _ C08 _ Right _ 1",-29.6045618259269,15.9612067651685,1261.59170519219,-40.2896547302048,128.509074106975,1304.05895169561
"BIGKAT _ C08 _ Right _ 1",-29.3244434573351,13.8599837161635,1260.37209850258,-39.7905220473699,131.673891511616,1301.20868176388
"BIGKAT _ C08 _ Right _ 1",-29.1390106408614,13.142028158777,1260.63175559127,-37.4686446391358,129.188828039259,1297.46429549097
"BIGKAT _ C08 _ Right _ 1",-29.0689085570403,13.8406596116402,1262.36145391246,-33.6833591893097,121.510090622045,1293.50521391878
"BIGKAT _ C08 _ Right _ 1",-29.1279737570802,15.8186490579537,1265.33475277014,-29.0480312209764,109.755179892164,1289.97736267309
"BIGKAT _ C08 _ Right _ 1",-29.316177693448,18.7936733164498,1269.14343308019,-24.2855416552669,95.5149234944913,1287.34719069213
"BIGKAT _ C08 _ Right _ 1",-29.614472801493,22.3810774137201,1273.27010630652,-20.0723972422342,80.6134069235513,1285.83782439572
"BIGKAT _ C08 _ Right _ 1",-29.9845041981773,26.144744713108,1277.17862753955,-16.9204557362306,66.8652681545927,1285.45680993246
"BIGKAT _ C08 _ Right _ 1",-30.3736641717047,29.6463824901051,1280.39756409544,-15.123713553519,55.8725292726633,1286.08229286528
"BIGKAT _ C08 _ Right _ 1",-30.7236783329706,32.4871564578797,1282.57798720455,-14.7675418393944,48.8796426999842,1287.55268209355
"BIGKAT _ C08 _ Right _ 1",-30.9801210435144,34.3413753580183,1283.52041119941,-15.7747494696333,46.6777846398911,1289.71421675959
"BIGKAT _ C08 _ Right _ 1",-31.10072844655,34.9854527286449,1283.17771805144,-17.9561121315128,49.5367680211683,1292.41157020028
"BIGKAT _ C08 _ Right _ 1",-31.0611458389242,34.3238360005334,1281.64479805471,-21.0421330574642,57.1545421945933,1295.43996279951
"BIGKAT _ C08 _ Right _ 1",-30.8573095776157,32.4083279836458,1279.14172655553,-24.6911626439764,68.6403021631101,1298.49867598601
"BIGKAT _ C08 _ Right _ 1",-30.5042227158587,29.4426648209513,1275.99081898747,-28.4877799652101,82.5660149065026,1301.18779365215
"BIGKAT _ C08 _ Right _ 1",-30.0317714427826,25.7645550090584,1272.58438885799,-31.9555746633764,97.114990501932,1303.07043868605
"BIGKAT _ C08 _ Right _ 1",-29.4792492253975,21.8034436372987,1269.34166470642,-34.6037996768776,110.324687620468,1303.78792554558
"BIGKAT _ C08 _ Right _ 1",-28.8905958058897,18.0207282041808,1266.65811210985,-36.0087427926855,120.382286597321,1303.18219990178
"BIGKAT _ C08 _ Right _ 1",-28.3114171728055,14.8449964207075,1264.85461203396,-35.9081414668656,125.90834891575,1301.36898588021
"BIGKAT _ C08 _ Right _ 1",-27.7871604224348,12.6151394993889,1264.1353977099,-34.2737774887004,126.166608363108,1298.72388438076
"BIGKAT _ C08 _ Right _ 1",-27.3607421257405,11.5400241474664,1264.56252184529,-31.3309141221326,121.160178354807,1295.78087970472
"BIGKAT _ C08 _ Right _ 1",-27.0683616798949,11.6784471070134,1266.0517756558,-27.5116266214869,111.60226794688,1293.0789328113
"BIGKAT _ C08 _ Right _ 1",-26.9338084948805,12.9400351833752,1268.39091152316,-23.354377765304,98.773691217493,1291.01370772597
"BIGKAT _ C08 _ Right _ 1",-26.9631038022434,15.1061158778562,1271.27628787925,-19.3841212102324,84.2992649484714,1289.75135027137
"BIGKAT _ C08 _ Right _ 1",-27.1417354267162,17.8671017794792,1274.35967731229,-16.0155788471755,69.8919486192983,1289.23717361702
"BIGKAT _ C08 _ Right _ 1",-27.4358405917577,20.8690708525381,1277.29452496326,-13.5113459612558,57.1224581924459,1289.2901386549
"BIGKAT _ C08 _ Right _ 1",-27.7972144903787,23.759698705915,1279.7722790497,-12.0003737904673,47.2625334391391,1289.73361573096
"BIGKAT _ C08 _ Right _ 1",-28.1709399468997,26.2255936290705,1281.54501441681,-11.5349577416121,41.218120724139,1290.497365271
"BIGKAT _ C08 _ Right _ 1",-28.5040983578273,28.0187903725106,1282.43765749094,-12.1496094763219,39.528387739369,1291.64307735775
"BIGKAT _ C08 _ Right _ 1",-28.7541343416771,28.9754023873974,1282.35700669351,-13.8882049115505,42.3825709234646,1293.3035554783
"BIGKAT _ C08 _ Right _ 1",-28.8956109648673,29.0303598697904,1281.3027256543,-16.782614555262,49.6144969656135,1295.56381897101
"BIGKAT _ C08 _ Right _ 1",-28.9242003279555,28.2285123761978,1279.37901230416,-20.7889723152919,60.6683472983549,1298.33725790327
"BIGKAT _ C08 _ Right _ 1",-28.8569976466147,26.7272287697988,1276.79917137058,-25.7089519806709,74.5673490382382,1301.2951676319
"BIGKAT _ C08 _ Right _ 1",-28.7289010054073,24.7832101086446,1273.87350251576,-31.1354612445736,89.9357879149208,1303.89117183878
"BIGKAT _ C08 _ Right _ 1",-28.58583354319,22.7192868832614,1270.97549196965,-36.4589835526662,105.111507625804,1305.48587931415
"BIGKAT _ C08 _ Right _ 1",-28.4764444895413,20.8745891370653,1268.48951922122,-40.9508204535856,118.34834399168,1305.53361686178
"BIGKAT _ C08 _ Right _ 1",-28.443974341106,19.5491664131883,1266.75029890867,-43.9089497608704,128.068642034224,1303.76248330778
"BIGKAT _ C08 _ Right _ 1",-28.519269266677,18.9569752611756,1265.98730070695,-44.8242123028157,133.106261027976,1300.27833234888
"BIGKAT _ C08 _ Right _ 1",-28.7152769730291,19.1976398085615,1266.28670320497,-43.5122747231619,132.88563102754,1295.55361459781
"BIGKAT _ C08 _ Right _ 1",-29.0234071741841,20.2503599586192,1267.57993610756,-40.1662074719433,127.503282722207,1290.30772837259
"BIGKAT _ C08 _ Right _ 1",-29.4127147404535,21.9871136280061,1269.66187314421,-35.3119343473595,117.702536185035,1285.32597023473
"BIGKAT _ C08 _ Right _ 1",-29.8331293849313,24.1990763290867,1272.23415095959,-29.6835642200856,104.753244077233,1281.28389450239
"BIGKAT _ C08 _ Right _ 1",-30.2231706582668,26.6293233097171,1274.9620724932,-24.0637478188477,90.2656695316871,1278.63574954592
"BIGKAT _ C08 _ Right _ 1",-30.5208617603705,29.0051743035355,1277.52991276271,-19.1431785055908,75.9787380126564,1277.59254281103
"BIGKAT _ C08 _ Right _ 1",-30.6750085462858,31.0651175792694,1279.68130942589,-15.4385691216739,63.5619317073065,1278.17257662596
"BIGKAT _ C08 _ Right _ 1",-30.6538624992866,32.5786360971886,1281.23845556741,-13.2776610650475,54.4536400723846,1280.27757298493
"BIGKAT _ C08 _ Right _ 1",-30.4495281840508,33.3612471648309,1282.10252229226,-12.8294995321751,49.7354999602818,1283.74555774142
"BIGKAT _ C08 _ Right _ 1",-30.0781765242305,33.2888940187508,1282.24355092394,-14.1429997329192,50.0294884440114,1288.35459004453
"BIGKAT _ C08 _ Right _ 1",-29.5770323588311,32.3138052616117,1281.6885677743,-17.1617139522423,55.4126342382223,1293.78425540607
"BIGKAT _ C08 _ Right _ 1",-28.9990421368344,30.4792977887823,1280.51293979826,-21.7030341319075,65.3660806199648,1299.56911953101
"BIGKAT _ C08 _ Right _ 1",-28.4057560316324,27.9270836631823,1278.83518769899,-27.4157779943485,78.7914542358173,1305.08906473232
"BIGKAT _ C08 _ Right _ 1",-27.8590055307461,24.8904762213142,1276.81257030472,-33.7494055999247,94.1214438669676,1309.62963569897
"BIGKAT _ C08 _ Right _ 1",-27.412557546244,21.6710058562685,1274.63467126572,-39.9710180817187,109.522639065597,1312.51350667077
"BIGKAT _ C08 _ Right _ 1",-27.1054768493119,18.6019776884845,1272.51359956581,-45.24975441575,123.153743140786,1313.26622134189
"BIGKAT _ C08 _ Right _ 1",-26.9586652155835,16.00685062694,1270.67029013813,-48.7994510889424,133.422337358718,1311.75656401369
"BIGKAT _ C08 _ Right _ 1",-26.9748820719359,14.1606990677312,1269.31628564808,-50.043447584789,139.188120525582,1308.25740426288
"BIGKAT _ C08 _ Right _ 1",-27.1412564410618,13.2599615808272,1268.63065869073,-48.7521623755018,139.883124248494,1303.40151340567
"BIGKAT _ C08 _ Right _ 1",-27.4327811107563,13.4020163057781,1268.73378259831,-45.1085622469968,135.544258028835,1298.04205972605
"BIGKAT _ C08 _ Right _ 1",-27.8157414883901,14.5745753299123,1269.66297309155,-39.6763498155007,126.768948310219,1293.05614544785
"BIGKAT _ C08 _ Right _ 1",-28.2508572019428,16.6556589457441,1271.357315367,-33.2750928751333,114.60961506397,1289.14715933761
"BIGKAT _ C08 _ Right _ 1",-28.6963573541599,19.4256308169621,1273.65808028451,-26.7974219617398,100.424307466851,1286.70459907905
"BIGKAT _ C08 _ Right _ 1",-29.1110877794887,22.5911004380908,1276.32666021184,-21.0243280707027,85.705570008061,1285.76318094188
"BIGKAT _ C08 _ Right _ 1",-29.4574103537651,25.8168634971745,1279.07586110367,-16.4947850141511,71.9161401322073,1286.06736637939
"BIGKAT _ C08 _ Right _ 1",-29.7035185373745,28.7596594052763,1281.60616820131,-13.4632549608817,60.3589862648077,1287.20737618615
"BIGKAT _ C08 _ Right _ 1",-29.8250516498091,31.0990306568221,1283.63906470111,-11.9432712320282,52.0934646947862,1288.76953827479
"BIGKAT _ C08 _ Right _ 1",-29.8063795412459,32.5648138831958,1284.94399505605,-11.8040216699534,47.8859326138156,1290.44822965277
"BIGKAT _ C08 _ Right _ 1",-29.6421730308929,32.9636739455196,1285.36012155674,-12.8724938257606,48.169636570222,1292.09136033223
"BIGKAT _ C08 _ Right _ 1",-29.3394969690134,32.2056841404235,1284.81492593788,-14.9992155463614,52.9965747596429,1293.68036666494
"BIGKAT _ C08 _ Right _ 1",-28.9198190983715,30.3272182427569,1283.33880310001,-18.0658664716204,61.9875262543138,1295.26725363369
"BIGKAT _ C08 _ Right _ 1",-28.4196560963535,27.5022337222302,1281.07114677814,-21.9395776324633,74.3078423067842,1296.90072166873
"BIGKAT _ C08 _ Right _ 1",-27.8887071583406,24.034043117615,1278.25254492092,-26.4023912806733,88.7005770843222,1298.57047999783
"BIGKAT _ C08 _ Right _ 1",-27.3852940983115,20.3244924597889,1275.20067620201,-31.0965839862056,103.592976440743,1300.18626819125
"BIGKAT _ C08 _ Right _ 1",-26.9700032274492,16.8242928249728,1272.27219956328,-35.5218247714692,117.267839778774,1301.59208160957
"BIGKAT _ C08 _ Right _ 1",-26.6987600982668,13.9733347652335,1269.81632194474,-39.0992033937896,128.071554475836,1302.60395529753
"BIGKAT _ C08 _ Right _ 1",-26.6161124601659,12.1412706088428,1268.12686847572,-41.2884624465289,134.623688099124,1303.0553470176
"BIGKAT _ C08 _ Right _ 1",-26.7489914829059,11.5772066937052,1267.39974524175,-41.7210159287262,135.99825248359,1302.83637506062
"BIGKAT _ C08 _ Right _ 1",-27.1013302447703,12.3750526164372,1267.70264193608,-40.3026281916812,131.856581319664,1301.91825332899
"BIGKAT _ C08 _ Right _ 1",-27.6506064852643,14.4593414805368,1268.96318471962,-37.2487169137107,122.517716669181,1300.35975936504
"BIGKAT _ C08 _ Right _ 1",-28.3479802733942,17.5947702224297,1270.97943562569,-33.0382285296997,108.952399980218,1298.29744717246
"BIGKAT _ C08 _ Right _ 1",-29.1233944654042,21.4197016620013,1273.45218406266,-28.3010972495655,92.6880926305478,1295.92455068957
"BIGKAT _ C08 _ Right _ 1",-29.8954989214896,25.4986593947035,1276.03268006388,-23.6789667155737,75.6241954933935,1293.46432888137
"BIGKAT _ C08 _ Right _ 1",-30.5842771908684,29.3831852649309,1278.37458416906,-19.7079005566522,59.7805206263606,1291.14268401887
"BIGKAT _ C08 _ Right _ 1",-31.123146761861,32.6678865616286,1280.17793743164,-16.7590148136635,47.0269964424353,1289.16382863641
"BIGKAT _ C08 _ Right _ 1",-31.4678288466964,35.0315420102976,1281.21729043011,-15.043509783623,38.8505287572059,1287.69191605427
"BIGKAT _ C08 _ Right _ 1",-31.6008885673853,36.2605363019228,1281.35369466137,-14.6581664133652,36.1966683351931,1286.83967321552
"BIGKAT _ C08 _ Right _ 1",-31.5322938975607,36.2591050595413,1280.53659817063,-15.632132587032,39.3905401180051,1286.66203423406
"BIGKAT _ C08 _ Right _ 1",-31.296852870627,35.0532830874359,1278.80324194009,-17.9418599543928,48.1176323340218,1287.15105607116
"BIGKAT _ C08 _ Right _ 1",-30.9490671274526,32.7918121160721,1276.27951730945,-21.4829583393686,61.4461143788258,1288.23048264508
"BIGKAT _ C08 _ Right _ 1",-30.5554327689214,29.7406829743683,1273.18007080596,-26.0144699325442,77.8918321702978,1289.75316665727
"BIGKAT _ C08 _ Right _ 1",-30.1842697506522,26.2638782598801,1269.8008213579,-31.1113179410053,95.543432468739,1291.50801417743
"BIGKAT _ C08 _ Right _ 1",-29.894169175642,22.7851362247982,1266.49712615764,-36.1651339443034,112.26072660858,1293.24161248446
"BIGKAT _ C08 _ Right _ 1",-29.7236380673556,19.7333216452442,1263.64561749935,-40.457696996277,125.935467605066,1294.6934816967
"BIGKAT _ C08 _ Right _ 1",-29.6851644749059,17.4819582682521,1261.59414601428,-43.2994332035036,134.777185010591,1295.63719589729
"BIGKAT _ C08 _ Right _ 1",-29.7657030850595,16.2962266958268,1260.60883374322,-44.1925929148859,137.574150630289,1295.91708755652
"BIGKAT _ C08 _ Right _ 1",-29.9330047767575,16.2973293504922,1260.82871743691,-42.9621503799124,133.883893476877,1295.47267604642
"BIGKAT _ C08 _ Right _ 1",-30.1449620945671,17.4483194482499,1262.23756995445,-39.8059469322759,124.120580362265,1294.34734360887
"BIGKAT _ C08 _ Right _ 1",-30.3585205178778,19.5614139053297,1264.65998898269,-35.2450935474197,109.520377549691,1292.68126348622
"BIGKAT _ C08 _ Right _ 1",-30.5357604978794,22.3250855158907,1267.78471795092,-29.9933300414714,91.9811507724869,1290.6907628703
"BIGKAT _ C08 _ Right _ 1",-30.6466076967695,25.3476026677409,1271.21236354815,-24.7940220851008,73.7942713610064,1288.63780098986
"BIGKAT _ C08 _ Right _ 1",-30.6691783498185,28.2107009247999,1274.51824118356,-20.2819669174308,57.3128655016218,1286.79417820106
"BIGKAT _ C08 _ Right _ 1",-30.5892934934684,30.5241982959787,1277.31652272257,-16.9094213474351,44.6209250943958,1285.40544823669
"BIGKAT _ C08 _ Right _ 1",-30.4002653062345,31.9724285769515,1279.31196562159,-14.9413601672677,37.2661294910959,1284.65929479534
"BIGKAT _ C08 _ Right _ 1",-30.1033391469114,32.3472005879962,1280.33087609082,-14.4933260762315,36.0928487290518,1284.66204831232
"BIGKAT _ C08 _ Right _ 1",-29.7086855112805,31.566953728673,1280.33061690059,-15.5723067038267,41.1771811528443,1285.42526533859
"BIGKAT _ C08 _ Right _ 1",-29.2365328144327,29.6840686619755,1279.39232035663,-18.0900429643708,51.8461795053877,1286.86315403791
"BIGKAT _ C08 _ Right _ 1",-28.7177015935018,26.8808056194452,1277.70225801367,-21.8413986971747,66.7661558356198,1288.80182698757
"BIGKAT _ C08 _ Right _ 1",-28.1925628706699,23.45181549994,1275.52523332479,-26.466290577249,84.0961655454865,1291.00154526851
"BIGKAT _ C08 _ Right _ 1",-27.7076772634784,19.7714177154914,1273.17174261104,-31.4305074219976,101.703406694509,1293.19115192908
"BIGKAT _ C08 _ Right _ 1",-27.310220980781,16.2480065419202,1270.96122926793,-36.0593512773246,117.422613607763,1295.1095816624
"BIGKAT _ C08 _ Right _ 1",-27.0413300113008,13.2732376832561,1269.18553892783,-39.6367146818616,129.323928886273,1296.54535565326
"BIGKAT _ C08 _ Right _ 1",-26.9299553932503,11.1757575023006,1268.0774402908,-41.5504816200616,135.948342391691,1297.36468177471
"BIGKAT _ C08 _ Right _ 1",-26.9884281316277,10.1863922173569,1267.78770658878,-41.4394171118227,136.479751607985,1297.52289190291
"BIGKAT _ C08 _ Right _ 1",-27.2101578196295,10.4163924581473,1268.37175027897,-39.2899026480572,130.838380426586,1297.05982456507
"BIGKAT _ C08 _ Right _ 1",-27.5694457580963,11.8468859035376,1269.78515558741,-35.4456403870695,119.690510869032,1296.08410931048
"BIGKAT _ C08 _ Right _ 1",-28.0234905243364,14.3282701044067,1271.8876948454,-30.5234615754232,104.372223882076,1294.75268534964
"BIGKAT _ C08 _ Right _ 1",-28.5168674473442,17.5910338771346,1274.45655520327,-25.2624806476074,86.7279125820149,1293.25056219494
"BIGKAT _ C08 _ Right _ 1",-28.9885163829272,21.2706286678095,1277.20939950392,-20.3587590743449,68.87639557474,1291.77287636522
"BIGKAT _ C08 _ Right _ 1",-29.3804676316234,24.9464779503123,1279.83551795632,-16.3415381803288,52.9375090065925,1290.50849667666
"BIGKAT _ C08 _ Right _ 1",-29.6465962432183,28.1905660324995,1282.0302047435,-13.5261980493212,40.7672873310964,1289.62360948872
"BIGKAT _ C08 _ Right _ 1",-29.7592622523522,30.6177341307287,1283.52646820348,-12.0428069116804,33.74658656929,1289.24513223805
"BIGKAT _ C08 _ Right _ 1",-29.7122281014996,31.929943738637,1284.12059631098,-11.9062658274439,32.6463222583499,1289.44580697672
"BIGKAT _ C08 _ Right _ 1",-29.5195811646407,31.9496698449016,1283.69204365645,-13.0809171332923,37.5677492898566,1290.23369058416
"BIGKAT _ C08 _ Right _ 1",-29.2116715348579,30.6408186176193,1282.21985122186,-15.5031746576681,47.945019527913,1291.54840304977
"BIGKAT _ C08 _ Right _ 1",-28.8295059064627,28.1169036162533,1279.79543925208,-19.0525783398306,62.6027710908025,1293.26585269838
"BIGKAT _ C08 _ Right _ 1",-28.4187043889204,24.635390655592,1276.62721999178,-23.4917359243283,79.8717780570511,1295.21227294363
"BIGKAT _ C08 _ Right _ 1",-28.0237795923141,20.5761962451293,1273.03037195849,-28.4158357461312,97.7656087037366,1297.18629801374
"BIGKAT _ C08 _ Right _ 1",-27.683587253106,16.40374512742,1269.39775791332,-33.2530856147475,114.206915562059,1298.98465653981
"BIGKAT _ C08 _ Right _ 1",-27.4289311258648,12.6157542920148,1266.15378047898,-37.3367865266835,127.273855262704,1300.42532509023
"BIGKAT _ C08 _ Right _ 1",-27.2827170687662,9.68523448259068,1263.69819560883,-40.0369982168049,135.429248015193,1301.36386666979
"BIGKAT _ C08 _ Right _ 1",-27.2616404155044,8.00264759214123,1262.34917437004,-40.9110203459498,137.701965806391,1301.70304541666
"BIGKAT _ C08 _ Right _ 1",-27.3771273692295,7.82363573235914,1262.29458082353,-39.8204768560643,133.803695925481,1301.39904484961
"BIGKAT _ C08 _ Right _ 1",-27.6333841502104,9.22742283738503,1263.55913304151,-36.9723136229537,124.172931678361,1300.46733117522
"BIGKAT _ C08 _ Right _ 1",-28.0222811792819,12.0931168863201,1265.99370432031,-32.8667324486874,109.938069394844,1298.98803846527
"BIGKAT _ C08 _ Right _ 1",-28.517417672078,16.1027921439997,1269.290763122,-28.1681515913663,92.7908811607226,1297.10720156721
"BIGKAT _ C08 _ Right _ 1",-29.0713513459563,20.7770941427304,1273.02546376222,-23.5443037948449,74.772382176647,1295.02877378868
"BIGKAT _ C08 _ Right _ 1",-29.6193531307807,25.5403207706706,1276.71545755585,-19.5306094191302,57.998224846285,1292.99450841181
"BIGKAT _ C08 _ Right _ 1",-30.0902557424232,29.8018665306348,1279.88704875989,-16.4637514396926,44.3772832150861,1291.25357399707
"BIGKAT _ C08 _ Right _ 1",-30.4215365210155,33.0359886879039,1282.13448438239,-14.4948244429548,35.3837224094946,1290.02794801385
"BIGKAT _ C08 _ Right _ 1",-30.5736484643288,34.8451073979932,1283.16385257066,-13.6563298636482,31.9195258787288,1289.48001166944
"BIGKAT _ C08 _ Right _ 1",-30.5388101378692,35.0003800205517,1282.82011314172,-13.9373433756241,34.2657308591754,1289.68585070384
"BIGKAT _ C08 _ Right _ 1",-30.3415898387507,33.4609495966866,1281.10028177484,-15.3247371455878,42.0947337532536,1290.61557458205
"BIGKAT _ C08 _ Right _ 1",-30.0314426764396,30.3757515727684,1278.15521763908,-17.790153381541,54.5186675138739,1292.12337545999
"BIGKAT _ C08 _ Right _ 1",-29.6697338326809,26.0693963344945,1274.27875426703,-21.2314158960228,70.1700532706109,1293.95343729219
"BIGKAT _ C08 _ Right _ 1",-29.3151522042428,21.0105304666754,1269.88055692387,-25.4017585104767,87.3268409868575,1295.7686822196
"BIGKAT _ C08 _ Right _ 1",-29.0117163035705,15.7616645022253,1265.44116546971,-29.8706563712915,104.088883685278,1297.20442731961
"BIGKAT _ C08 _ Right _ 1",-28.7827887102041,10.9144711004123,1261.45323769742,-34.0502236408966,118.591497619975,1297.9393007787
"BIGKAT _ C08 _ Right _ 1",-28.6325778845266,7.02001403374466,1258.3581416086,-37.2938072580663,129.222721328895,1297.76627620713
"BIGKAT _ C08 _ Right _ 1",-28.5538337627189,4.52464289902555,1256.48860627584,-39.0411154583916,134.808913341503,1296.64276051636
"BIGKAT _ C08 _ Right _ 1",-28.537905373093,3.71908945157688,1256.02615604022,-38.9624490881652,134.746600144361,1294.70232468102
"BIGKAT _ C08 _ Right _ 1",-28.5823883612101,4.70452878809276,1256.97879013979,-37.0521923707741,129.072758112605,1292.22095311969
"BIGKAT _ C08 _ Right _ 1",-28.6928925759426,7.37836975102426,1259.18178047758,-33.637977924911,118.469574068836,1289.5458000513
"BIGKAT _ C08 _ Right _ 1",-28.8783643865922,11.4435636294464,1262.32249240557,-29.300472470461,104.195512114106,1287.0106866862
"BIGKAT _ C08 _ Right _ 1",-29.1423947575641,16.4445236594267,1265.98717679187,-24.7303741267954,87.9352535185414,1284.8713985731
"BIGKAT _ C08 _ Right _ 1",-29.4746040956057,21.8275946839903,1269.72285722003,-20.572035690946,71.5773278844177,1283.28527808763
"BIGKAT _ C08 _ Right _ 1",-29.845891557566,27.0157884918775,1273.10244497614,-17.305579985524,56.9562529701877,1282.33456822061
"BIGKAT _ C08 _ Right _ 1",-30.2094678055442,31.481403467722,1275.77949368576,-15.1986770079239,45.6171807953891,1282.06839371608
"BIGKAT _ C08 _ Right _ 1",-30.5073405177442,34.8013570782993,1277.5227858818,-14.3262421187959,38.6558249294322,1282.53174839161
"BIGKAT _ C08 _ Right _ 1",-30.6804644620026,36.6889518259557,1278.22884692592,-14.6292518312184,36.6529897059244,1283.76214638844
"BIGKAT _ C08 _ Right _ 1",-30.6803691484334,37.0065982955911,1277.91792838354,-15.9750039516852,39.6824157377177,1285.75374752818
"BIGKAT _ C08 _ Right _ 1",-30.4801235525963,35.7691713274393,1276.72154532424,-18.1906496829365,47.3502201816417,1288.4051047354
"BIGKAT _ C08 _ Right _ 1",-30.0824316092699,33.1441219096245,1274.86642436435,-21.0616361689871,58.8350237779449,1291.47677299288
"BIGKAT _ C08 _ Right _ 1",-29.52263736482,29.4458455651936,1272.65391349618,-24.3074092482652,72.9281211684948,1294.5867549572
"BIGKAT _ C08 _ Right _ 1",-28.8650789673556,25.1152317288523,1270.43027597286,-27.5607652627683,88.0995198183468,1297.26246361543
"BIGKAT _ C08 _ Right _ 1",-28.1928659974641,20.6761219105135,1268.54490698166,-30.3791621724555,102.620171802678,1299.04708823981
"BIGKAT _ C08 _ Right _ 1",-27.5932083119457,16.6686152667741,1267.29976713567,-32.3036957993631,114.750595676681,1299.63123328619
"BIGKAT _ C08 _ Right _ 1",-27.1417961989224,13.5699023207249,1266.90039252678,-32.9575972848169,122.973924848454,1298.95975257524
"BIGKAT _ C08 _ Right _ 1",-26.8897258566124,11.7205142167306,1267.42223079804,-32.1515842838898,126.225644042084,1297.26368402583
"BIGKAT _ C08 _ Right _ 1",-26.8553844110245,11.27413367655,1268.80334963302,-29.9521451406246,124.065567382555,1294.99461071267
"BIGKAT _ C08 _ Right _ 1",-27.022449380949,12.1829188057121,1270.86654779985,-26.6793095049176,116.750915355636,1292.68286246664
"BIGKAT _ C08 _ Right _ 1",-27.3442484145092,14.2205883320093,1273.36388815243,-22.8291465146396,105.194669358327,1290.77805167928
"BIGKAT _ C08 _ Right _ 1",-27.7538748582482,17.0355496068557,1276.02895047346,-18.9491011154976,90.8212687654384,1289.53941628973
"BIGKAT _ C08 _ Right _ 1",-28.1781448736431,20.2187671919034,1278.62015350403,-15.514476193452,75.3553176995031,1289.01866783156
"BIGKAT _ C08 _ Right _ 1",-28.5519707264278,23.3681756596876,1280.9433860968,-12.8513880478026,60.5921099306353,1289.13203724099
"BIGKAT _ C08 _ Right _ 1",-28.8291614182787,26.1348373009654,1282.85177794171,-11.1273914444312,48.1949108288718,1289.77544141145
"BIGKAT _ C08 _ Right _ 1",-28.9869346955267,28.2449722082437,1284.23031051109,-10.3990614893654,39.5424179507099,1290.91974266782
"BIGKAT _ C08 _ Right _ 1",-29.0240397598344,29.5023847830216,1284.97873551307,-10.6820466061962,35.6226304625752,1292.63814037488
"BIGKAT _ C08 _ Right _ 1",-28.9547759211325,29.7823769140121,1285.00565908655,-12.0027353636029,36.9550106537052,1295.0528467978
"BIGKAT _ C08 _ Right _ 1",-28.802034106033,29.0280896642644,1284.2401866957,-14.4020160886483,43.5303567719835,1298.22532081335
"BIGKAT _ C08 _ Right _ 1",-28.5916449762865,27.2545043423571,1282.65814951825,-17.8851466057174,54.7786188075004,1302.04028018937
"BIGKAT _ C08 _ Right _ 1",-28.3487491992767,24.5578947818942,1280.31209847137,-22.3388618020403,69.5904169479085,1306.14091301485
"BIGKAT _ C08 _ Right _ 1",-28.0958582850581,21.1234927943241,1277.35191260076,-27.4567453450705,86.4142869516355,1309.95680446726
"BIGKAT _ C08 _ Right _ 1",-27.8522042014909,17.2239018425836,1274.02672241432,-32.7165111189254,103.428984734474,1312.82908604893
"BIGKAT _ C08 _ Right _ 1",-27.6342420363209,13.2046687341271,1270.66575226874,-37.4348745147083,118.762492059845,1314.1933281827
"BIGKAT _ C08 _ Right _ 1",-27.4570108058662,9.45798597740392,1267.64166930143,-40.8946988463098,130.714206739468,1313.75264063365
"BIGKAT _ C08 _ Right _ 1",-27.335543626624,6.38737750344843,1265.32329384451,-42.5096617406247,137.94258711216,1311.57700589667
"BIGKAT _ C08 _ Right _ 1",-27.2852499300844,4.36518564885971,1264.02529323349,-41.975923987408,139.600672471134,1308.0953441844
"BIGKAT _ C08 _ Right _ 1",-27.3204736507501,3.68382822715716,1263.96165200508,-39.3620477078862,135.420636963094,1303.98524820843
"BIGKAT _ C08 _ Right _ 1",-27.4510903048704,4.50436378572898,1265.20861844816,-35.1054471606741,125.753555036442,1299.99634190674
"BIGKAT _ C08 _ Right _ 1",-27.6777886297664,6.81172725421136,1267.68274421533,-29.9117393539823,111.5619242133,1296.76223068468
"BIGKAT _ C08 _ Right _ 1",-27.987468431422,10.3909875703009,1271.14022680539,-24.5859108405023,94.3512615231855,1294.66129877432
"BIGKAT _ C08 _ Right _ 1",-28.3507245509563,14.8381012706644,1275.20255264134,-19.849874179824,76.0264909173569,1293.77271571366
"BIGKAT _ C08 _ Right _ 1",-28.7231553535865,19.6100630792622,1279.40805777152,-16.2063012950891,58.6747798065485,1293.93809966012
"BIGKAT _ C08 _ Right _ 1",-29.0510140144741,24.1065017226411,1283.28060555797,-13.8874300165797,44.3023478258839,1294.8928799717
"BIGKAT _ C08 _ Right _ 1",-29.2801674700033,27.7643778752155,1286.40016794908,-12.8891204062477,34.5721768228527,1296.4002271754
"BIGKAT _ C08 _ Right _ 1",-29.3664313628957,30.1448685179342,1288.46044082513,-13.0557416649417,30.5885039209233,1298.32513939287
"BIGKAT _ C08 _ Right _ 1",-29.2853496805197,30.9969335662721,1289.30534619874,-14.1681465203685,32.7544361729811,1300.62283100546
"BIGKAT _ C08 _ Right _ 1",-29.0397845534903,30.2907828096182,1288.94405133827,-15.9978511271276,40.7085195792842,1303.25999233341
"BIGKAT _ C08 _ Right _ 1",-28.663756783882,28.2210348852249,1287.54779309474,-18.3157406243465,53.340379034612,1306.11782125189
"BIGKAT _ C08 _ Right _ 1",-28.2210003609582,25.1815137484575,1285.43054897501,-20.8698700496318,68.8926478233122,1308.93288228516
"BIGKAT _ C08 _ Right _ 1",-27.7972557365351,21.7131991042358,1283.01275797282,-23.3631363504761,85.1598789660195,1311.31493609438
"BIGKAT _ C08 _ Right _ 1",-27.4867565246108,18.4276880431416,1280.76697100493,-25.4607377160354,99.7814140193825,1312.84446157701
"BIGKAT _ C08 _ Right _ 1",-27.3752168934088,15.9131313401065,1279.14824069341,-26.839187802205,110.596193498309,1313.21087670098
"BIGKAT _ C08 _ Right _ 1",-27.5229076415819,14.6368110370062,1278.51867920695,-27.2623090358836,115.998231533926,1312.32805336245
"BIGKAT _ C08 _ Right _ 1",-27.9514560568373,14.8641060207726,1279.08142105188,-26.6504475187719,115.21808190034,1310.37359080173
"BIGKAT _ C08 _ Right _ 1",-28.6370224806722,16.6132819734623,1280.84081970879,-25.1094374711258,108.465311301304,1307.73832601831
"BIGKAT _ C08 _ Right _ 1",-29.5111908671404,19.6579080909448,1283.60123882895,-22.9060164531903,96.8963429675825,1304.91785316401
"BIGKAT _ C08 _ Right _ 1",-30.469710155494,23.5759956784536,1287.00680702254,-20.404011451511,82.4117040822102,1302.40053176098
"BIGKAT _ C08 _ Right _ 1",-31.3880428901829,27.8319320318347,1290.61215031547,-17.9933726731337,67.3263349567377,1300.59507592356
"BIGKAT _ C08 _ Right _ 1",-32.1413392166088,31.8691175079572,1293.96447155147,-16.0414326072564,53.9857856524881,1299.80670566231
"BIGKAT _ C08 _ Right _ 1",-32.6252912534853,35.1912807356129,1296.67509177642,-14.8758399227659,44.4095113155222,1300.23906130308
"BIGKAT _ C08 _ Right _ 1",-32.7739568392625,37.4184306174019,1298.4648621696,-14.7855723819756,40.0249940366009,1301.98973740942
"BIGKAT _ C08 _ Right _ 1",-32.5712544095066,38.3148519841298,1299.17921009058,-16.0146000295961,41.5209354593746,1305.02179567628
"BIGKAT _ C08 _ Right _ 1",-32.0540707581766,37.7952753771399,1298.77927133516,-18.7277802952871,48.8136633253995,1309.11836093256
"BIGKAT _ C08 _ Right _ 1",-31.3064102737195,35.9176626914259,1297.32122101644,-22.946632509009,61.1046212053211,1313.84788464506
"BIGKAT _ C08 _ Right _ 1",-30.4455449207239,32.8681690444917,1294.93533961538,-28.4748580992965,77.0084194808322,1318.57530978785
"BIGKAT _ C08 _ Right _ 1",-29.6025685227947,28.940119855387,1291.81129176183,-34.8494118158993,94.7366223390635,1322.54432406762
"BIGKAT _ C08 _ Right _ 1",-28.9010049445335,24.5076566167434,1288.19002873292,-41.3534827612513,112.319836913857,1325.02777570596
"BIGKAT _ C08 _ Right _ 1",-28.4378576994437,19.9958525702495,1284.35857593098,-47.1097023682796,127.840537476813,1325.50748611621
"BIGKAT _ C08 _ Right _ 1",-28.2710963352394,15.8497283596199,1280.64229671885,-51.2417517907858,139.64290126522,1323.82163086665
"BIGKAT _ C08 _ Right _ 1",-28.4157318004746,12.5025519443825,1277.38916082982,-53.0640077492083,146.493211193506,1320.22382954593
"BIGKAT _ C08 _ Right _ 1",-28.8479605183938,10.3403279015502,1274.94184144043,-52.2445664396604,147.682541714678,1315.33032554065
"BIGKAT _ C08 _ Right _ 1",-29.5145404350133,9.6585173823102,1273.59658566563,-48.8918915187473,143.0799634352,1309.97161659968
"BIGKAT _ C08 _ Right _ 1",-30.3435213607222,10.6118632099074,1273.55281042679,-43.536810354274,133.147963233938,1304.99501022823
"BIGKAT _ C08 _ Right _ 1",-31.2530456515869,13.1671821718369,1274.86341233252,-37.0128014929224,118.92127720937,1301.07764119376
"BIGKAT _ C08 _ Right _ 1",-32.1569513030052,17.0761613696061,1277.40063444573,-30.2694244830681,101.935961383983,1298.60489367112
"BIGKAT _ C08 _ Right _ 1",-32.9684085337368,21.884537826505,1280.85252199309,-24.1756347939141,84.0910690922593,1297.64738424053
"BIGKAT _ C08 _ Right _ 1",-33.6043291464654,26.9843020846705,1284.75805389962,-19.3715800277348,67.4386210840714,1298.03376663725
"BIGKAT _ C08 _ Right _ 1",-33.9927282360774,31.7013937411958,1288.57658020516,-16.2057480860648,53.9239608703048,1299.47809348338
"BIGKAT _ C08 _ Right _ 1",-34.082884104403,35.3999616447069,1291.77521924021,-14.7576025846815,45.1222776960533,1301.69910028929
"BIGKAT _ C08 _ Right _ 1",-33.8556256811705,37.5805722004235,1293.91298945192,-14.9125463811674,42.0224675806493,1304.47939904952
"BIGKAT _ C08 _ Right _ 1",-33.3299851803226,37.9537771311381,1294.7047041342,-16.4428708066482,44.8947759932405,1307.64974427424
"BIGKAT _ C08 _ Right _ 1",-32.5632025592176,36.4784256418274,1294.05672648544,-19.0592816601017,53.2570006346647,1311.02459841309
"BIGKAT _ C08 _ Right _ 1",-31.6430401798784,33.3618638391351,1292.07414145586,-22.4236018307844,65.9391111409285,1314.33879157865
"BIGKAT _ C08 _ Right _ 1",-30.6738154651301,29.0248417487303,1289.04209272549,-26.1395888246095,81.238542918735,1317.23240923018
"BIGKAT _ C08 _ Right _ 1",-29.7598099320199,24.03815227976,1285.38500274173,-29.7523150775659,97.1491219488288,1319.30468417329
"BIGKAT _ C08 _ Right _ 1",-28.9908412871615,19.0418663657429,1281.608936223,-32.7809044629029,111.631558127513,1320.21949173013
"BIGKAT _ C08 _ Right _ 1",-28.4338993249705,14.6609338875059,1278.23468008026,-34.7885339691919,122.880522232583,1319.81501038039
"BIGKAT _ C08 _ Right _ 1",-28.1318643353574,11.430660877037,1275.73037663532,-35.4701436762194,129.543917891192,1318.16623384937
"BIGKAT _ C08 _ Right _ 1",-28.1068636152676,9.74095874376969,1274.45172799549,-34.7254863726446,130.866336175007,1315.57273345538
"BIGKAT _ C08 _ Right _ 1",-28.3638605545722,9.80148910825125,1274.59585885097,-32.6883073381954,126.750710276478,1312.4785735382
"BIGKAT _ C08 _ Right _ 1",-28.8908333908056,11.6252461157763,1276.17346223018,-29.6979382785715,117.74649081652,1309.3570762227
"BIGKAT _ C08 _ Right _ 1",-29.6548827216008,15.0283163661792,1279.00335325514,-26.2201964496796,104.974320533826,1306.60238330124
"BIGKAT _ C08 _ Right _ 1",-30.5970211197747,19.6468521181786,1282.73294577245,-22.7433032434359,89.9928493482569,1304.46451793215
"BIGKAT _ C08 _ Right _ 1",-31.6302361954357,24.9741643042999,1286.88533182873,-19.6846926052602,74.6139584148333,1303.04732620933
"BIGKAT _ C08 _ Right _ 1",-32.644549419185,30.4179931182242,1290.92737483498,-17.3398995044556,60.6832045569568,1302.36153388806
"BIGKAT _ C08 _ Right _ 1",-33.5197695419679,35.3714698861395,1294.34577613274,-15.8847493489216,49.8566790967056,1302.39806855306
"BIGKAT _ C08 _ Right _ 1",-34.1434200582592,39.2857706035409,1296.71471125027,-15.4159534423243,43.4110225645831,1303.17652067076
"BIGKAT _ C08 _ Right _ 1",-34.4297153431184,41.7323608298417,1297.74285954505,-15.9973311212149,42.1125210981434,1304.73876774874
"BIGKAT _ C08 _ Right _ 1",-34.3356703019285,42.4479832642309,1297.29687028919,-17.6787253304876,46.1507563767007,1307.0886907375
"BIGKAT _ C08 _ Right _ 1",-33.8712365064968,41.3615032161373,1295.40562710069,-20.471181031764,55.1282124119069,1310.10749546978
"BIGKAT _ C08 _ Right _ 1",-33.1008454949246,38.6035736505002,1292.25068241153,-24.2863791954679,68.0986132498659,1313.48897755503
"BIGKAT _ C08 _ Right _ 1",-32.1345227626829,34.4975213365494,1288.1450162847,-28.8699528942978,83.6562505075688,1316.73652588716
"BIGKAT _ C08 _ Right _ 1",-31.1090090882125,29.5273955243009,1283.50003621782,-33.7678069115977,100.080922753275,1319.24273553449
"BIGKAT _ C08 _ Right _ 1",-30.1628220915646,24.2814858438002,1278.78194357671,-38.3564352773877,115.531296076097,1320.4373996077
"BIGKAT _ C08 _ Right _ 1",-29.4118149464671,19.3768717486512,1274.46157650051,-41.9442184873795,128.261209317251,1319.95496249103
"BIGKAT _ C08 _ Right _ 1",-28.9315628163329,15.3778756851358,1270.96377730143,-43.920751302163,136.823133106148,1317.75770333135
"BIGKAT _ C08 _ Right _ 1",-28.74992156605,12.7235192662383,1268.62210510757,-43.9089223946031,140.22827139951,1314.16552746317
"BIGKAT _ C08 _ Right _ 1",-28.8493451436929,11.6753939572971,1267.64324098306,-41.8692433837004,138.048287325353,1309.77887726039
"BIGKAT _ C08 _ Right _ 1",-29.1760821116907,12.291304416489,1268.08419943495,-38.1193849595888,130.457161625637,1305.31992709064
"BIGKAT _ C08 _ Right _ 1",-29.6528645810362,14.4255925896961,1269.84499195303,-33.2592102808101,118.215700720252,1301.44501198306
"BIGKAT _ C08 _ Right _ 1",-30.1924348712486,17.7549965778704,1272.6789245345,-28.0241376017355,102.598367494778,1298.5915648012
"BIGKAT _ C08 _ Right _ 1",-30.7101596160712,21.8270479842397,1276.22105855312,-23.1158313068055,85.2614064151265,1296.91156628795
"BIGKAT _ C08 _ Right _ 1",-31.1345248704591,26.1244198139982,1280.03209176493,-19.0670423634642,68.0594982019385,1296.31000398956
"BIGKAT _ C08 _ Right _ 1",-31.4145749162981,30.1342603460938,1283.65110688918,-16.1811027140138,52.8335173665849,1296.56179463142
"BIGKAT _ C08 _ Right _ 1",-31.5236538152768,33.4096572338917,1286.64845910014,-14.5526316699541,41.2038144087103,1297.44664600818
"BIGKAT _ C08 _ Right _ 1",-31.4593128953397,35.6134182165863,1288.67113244867,-14.1414741467047,34.4007931460575,1298.83823544535
"BIGKAT _ C08 _ Right _ 1",-31.2399318713789,36.5413791886972,1289.47673880838,-14.8538165800164,33.1471851454958,1300.71214077666
"BIGKAT _ C08 _ Right _ 1",-30.8992614952983,36.1295047886572,1288.95648581719,-16.5893928896634,37.5876774674252,1303.07778698789
"BIGKAT _ C08 _ Right _ 1",-30.480377799508,34.4519996941184,1287.14893083345,-19.2361902282714,47.2570660957,1305.87303407929
"BIGKAT _ C08 _ Right _ 1",-30.0301380021668,31.7149731774417,1284.24407276748,-22.622599690234,61.0906775759105,1308.87578669195
"BIGKAT _ C08 _ Right _ 1",-29.5943676259901,28.2440449348313,1280.57363048977,-26.4600445916795,77.4968528973531,1311.6826055651
"BIGKAT _ C08 _ Right _ 1",-29.2135433518538,24.4594578598164,1276.58232585566,-30.3175409443381,94.5124148224573,1313.77920893356
"BIGKAT _ C08 _ Right _ 1",-28.919215837637,20.8331796945851,1272.77857373633,-33.6582690477222,110.04097416283,1314.68656911724
"BIGKAT _ C08 _ Right _ 1",-28.7321137288722,17.8294786322988,1269.66912913108,-35.9400148723895,122.141301983021,1314.12578892672
"BIGKAT _ C08 _ Right _ 1",-28.6625340730133,15.8390073573355,1267.68736383815,-36.7491743888931,129.309056636311,1312.12930577461
"BIGKAT _ C08 _ Right _ 1",-28.712216671764,15.1207867270045,1267.12716503424,-35.918682979034,130.69366247905,1309.04782620295
"BIGKAT _ C08 _ Right _ 1",-28.875796837806,15.7645240807695,1268.09442908115,-33.5836854531961,126.210983778783,1305.44979278656
"BIGKAT _ C08 _ Right _ 1",-29.1403435260214,17.6798201385954,1270.48648064234,-30.1526857382639,116.538690042054,1301.9565670945
"BIGKAT _ C08 _ Right _ 1",-29.48320056538,20.6125694592431,1274.00591410484,-26.204926450207,103.003594025679,1299.08062381214
"BIGKAT _ C08 _ Right _ 1",-29.870004590539,24.1839023705434,1278.2082856183,-22.3525745404508,87.3859863599446,1297.12812552437
"BIGKAT _ C08 _ Right _ 1",-30.2551106088489,27.9434336673656,1282.57379651246,-19.1168230001137,71.6769779874166,1296.19455416278
"BIGKAT _ C08 _ Right _ 1",-30.5855762593818,31.426859060973,1286.58587263159,-16.8554251063452,57.829984231177,1296.23650156744
"BIGKAT _ C08 _ Right _ 1",-30.8082868601629,34.2092241085484,1289.79920275265,-15.7518669887054,47.5416126627787,1297.16729866797
"BIGKAT _ C08 _ Right _ 1",-30.8788238535178,35.9493676820525,1291.88710675887,-15.8483462650114,42.0794495983852,1298.91861232016
"BIGKAT _ C08 _ Right _ 1",-30.7705084415055,36.4254613318347,1292.66810885278,-17.0899179364121,42.15488507506,1301.43580274861
"BIGKAT _ C08 _ Right _ 1",-30.482059475609,35.5628160993425,1292.11743399319,-19.3505312187959,47.8330853934285,1304.61476914369
"BIGKAT _ C08 _ Right _ 1",-30.0419739185393,33.4522474354158,1290.36774272995,-22.4290629356844,58.4841539075504,1308.22127426795
"BIGKAT _ C08 _ Right _ 1",-29.5074442521696,30.3527706378727,1287.69766176472,-26.0259245489109,72.798340023925,1311.84679050982
"BIGKAT _ C08 _ Right _ 1",-28.9563642944731,26.6703286718413,1284.50272486834,-29.7279173134512,88.8961070847968,1314.94282698785
"BIGKAT _ C08 _ Right _ 1",-28.4732143604292,22.907690237982,1281.2455812495,-33.031373486867,104.549617543561,1316.94092581748
"BIGKAT _ C08 _ Right _ 1",-28.1323693156836,19.5895247901745,1278.38976865727,-35.4174806493067,117.49877301313,1317.42045464429
"BIGKAT _ C08 _ Right _ 1",-27.9837443219457,17.1769443993604,1276.32889145288,-36.465386014879,125.808599897878,1316.25397760716
"BIGKAT _ C08 _ Right _ 1",-28.0447036476876,15.9916136293757,1275.32632328793,-35.9636414399395,128.194326627006,1313.66265193067
"BIGKAT _ C08 _ Right _ 1",-28.299674667937,16.1674245182004,1275.47872573094,-33.9742979727448,124.244714433573,1310.15456265317
"BIGKAT _ C08 _ Right _ 1",-28.7065101607349,17.6391591439462,1276.71093830714,-30.8214464035406,114.498049011419,1306.37455570187
"BIGKAT _ C08 _ Right _ 1",-29.2071113857224,20.1670187021347,1278.80165282257,-27.008414168328,100.35718672052,1302.93302819619
"BIGKAT _ C08 _ Right _ 1",-29.7391303865052,23.3873934967834,1281.43105354655,-23.0983444874312,83.8615975387214,1300.28361594774
"BIGKAT _ C08 _ Right _ 1",-30.2456653206957,26.8756735130428,1284.23653826197,-19.6057656542577,67.3616878904118,1298.68722408079
"BIGKAT _ C08 _ Right _ 1",-30.6808491582065,30.2066826820041,1286.86299689159,-16.9353532272454,53.1597582767095,1298.25153009505
"BIGKAT _ C08 _ Right _ 1",-31.0109529762073,33.0022278342638,1288.99950470429,-15.375192838261,43.1855307427392,1298.99811031642
"BIGKAT _ C08 _ Right _ 1",-31.2124805399441,34.9620244185302,1290.40183953845,-15.1225008552567,38.7576195228852,1300.90357044047
"BIGKAT _ C08 _ Right _ 1",-31.2698939923988,35.8810528964495,1290.90609704837,-16.3061901921089,40.4522393262407,1303.88615849187
"BIGKAT _ C08 _ Right _ 1",-31.1754362301085,35.6597679991353,1290.43981822124,-18.978215354882,48.0737139108861,1307.74754648531
"BIGKAT _ C08 _ Right _ 1",-30.9319406044547,34.3118428441154,1289.03299741443,-23.0680806247259,60.7111763667969,1312.11041536208
"BIGKAT _ C08 _ Right _ 1",-30.5572744385233,31.9688911415447,1286.82490903752,-28.3205966210708,76.8693295598454,1316.40284919043
"BIGKAT _ C08 _ Right _ 1",-30.0875137502415,28.8768543167287,1284.05868525426,-34.2540287440588,94.663391935744,1319.92480367272
"BIGKAT _ C08 _ Right _ 1",-29.5762444642876,25.3780709157252,1281.05752186225,-40.1753466394508,112.059243997808,1321.99418003698
"BIGKAT _ C08 _ Right _ 1",-29.0893073510296,21.8771128183871,1278.18333312722,-45.2698057868195,127.124530513736,1322.12771206411
"BIGKAT _ C08 _ Right _ 1",-28.6962671216859,18.7944470177424,1275.7858171291,-48.7519545162847,138.249543123525,1320.18918605602
"BIGKAT _ C08 _ Right _ 1",-28.4605560233227,16.5157679338389,1274.15298797218,-50.0384897619989,144.306710475765,1316.44773149462
"BIGKAT _ C08 _ Right _ 1",-28.4297896133074,15.3445139456968,1273.47275802939,-48.891292375034,144.738786981217,1311.52374483368
"BIGKAT _ C08 _ Right _ 1",-28.6272775470192,15.462390646853,1273.81133048793,-45.4846981603382,139.584068683995,1306.23936964425
"BIGKAT _ C08 _ Right _ 1",-29.0459077710403,16.90104789053,1275.11026373053,-40.3719984952306,129.452089367077,1301.41982894856
"BIGKAT _ C08 _ Right _ 1",-29.6460261890882,19.5287688840652,1277.20098590126,-34.3569445496998,115.456928953875,1297.70661126898
"BIGKAT _ C08 _ Right _ 1",-30.3588226417871,23.0570861733913,1279.83295890065,-28.3080548481355,99.107750619444,1295.44083050749
"BIGKAT _ C08 _ Right _ 1",-31.0955354006645,27.0704308062968,1282.70922170092,-22.9744251408469,82.1569678116572,1294.6513448935
"BIGKAT _ C08 _ Right _ 1",-31.7608635580701,31.076497506821,1285.52147708119,-18.8601730290745,66.4164534232547,1295.14112879108
"BIGKAT _ C08 _ Right _ 1",-32.2675114374545,34.5689132731295,1287.97810117914,-16.1888712683997,53.5632131331542,1296.62453011971
"BIGKAT _ C08 _ Right _ 1",-32.5487782165511,37.0909588041819,1289.82315210841,-14.9511095905935,44.9587606854576,1298.84999906159
"BIGKAT _ C08 _ Right _ 1",-32.5673236103124,38.2907655878311,1290.85015316184,-14.996687064475,41.5004674287637,1301.65714382208
"BIGKAT _ C08 _ Right _ 1",-32.3195262597701,37.9626460902706,1290.91692650917,-16.1222918889253,43.5159623388038,1304.95322186576
"BIGKAT _ C08 _ Right _ 1",-31.8354028623558,36.073060463731,1289.96501081737,-18.1182029701056,50.709582813113,1308.63299334368
"BIGKAT _ C08 _ Right _ 1",-31.1741082477457,32.7710922351772,1288.04124059586,-20.7648538432717,62.1721040239145,1312.491470463
"BIGKAT _ C08 _ Right _ 1",-30.4153503524534,28.3819866339909,1285.31401122748,-23.7983563103051,76.4653123861439,1316.18270055701
"BIGKAT _ C08 _ Right _ 1",-29.6480057548188,23.3804844491718,1282.07539992935,-26.8806418365567,91.7850018784738,1319.25708539136
"BIGKAT _ C08 _ Right _ 1",-28.9583303410779,18.3415390627723,1278.72263926975,-29.6074193348553,106.18854750896,1321.271536387
"BIGKAT _ C08 _ Right _ 1",-28.4204097669087,13.870719867612,1275.71670978725,-31.5667413365959,117.853278512354,1321.92810526683
"BIGKAT _ C08 _ Right _ 1",-28.0903184842054,10.52308674952,1273.52063049024,-32.4327639097683,125.320303782027,1321.17878584355
"BIGKAT _ C08 _ Right _ 1",-28.0034952557744,8.72407770153274,1272.52518419121,-32.0580314219855,127.681705873821,1319.24834440599
"BIGKAT _ C08 _ Right _ 1",-28.1735162865769,8.70689289688116,1272.97513991873,-30.5242405312856,124.68437178941,1316.56519431792
"BIGKAT _ C08 _ Right _ 1",-28.5907094799913,10.4782271522586,1274.91283524137,-28.1270675477461,116.742078889193,1313.63072617536
"BIGKAT _ C08 _ Right _ 1",-29.2206619975174,13.819315153053,1278.15557321557,-25.2974710570991,104.86108034704,1310.88092584007
"BIGKAT _ C08 _ Right _ 1",-30.0044319911509,18.3229232797941,1282.31700185692,-22.48814730022,90.4926467072872,1308.59348971259
"BIGKAT _ C08 _ Right _ 1",-30.8628084054584,23.459458890236,1286.87114604687,-20.068274093782,75.3336770753113,1306.87160990249
"BIGKAT _ C08 _ Right _ 1",-31.7056402567323,28.6580104827149,1291.244399244,-18.2652151526694,61.1066793364176,1305.70064096258
"BIGKAT _ C08 _ Right _ 1",-32.4448016162406,33.3838498983392,1294.91113985293,-17.1695299121877,49.3583537564166,1305.04076497297
"BIGKAT _ C08 _ Right _ 1",-33.0074447721828,37.1958834767726,1297.46815382982,-16.7901784390124,41.3115174090901,1304.90460543528
"BIGKAT _ C08 _ Right _ 1",-33.346101504517,39.7761027883238,1298.67293029897,-17.1252185571912,37.7837486889884,1305.38051726398
"BIGKAT _ C08 _ Right _ 1",-33.4437603771031,40.9344655498826,1298.44606161122,-18.2092722601733,39.1581692039147,1306.59059733508
"BIGKAT _ C08 _ Right _ 1",-33.3139919266034,40.600881654162,1296.85008527025,-20.1121507318736,45.3765197199436,1308.60134735735
"BIGKAT _ C08 _ Right _ 1",-32.9972546995931,38.8167410791024,1294.06034662867,-22.8858170294098,55.9336203160154,1311.32465890102
"BIGKAT _ C08 _ Right _ 1",-32.5543110267322,35.7317379568187,1290.3380365324,-26.4804444653383,69.8784407416164,1314.45453142108
"BIGKAT _ C08 _ Right _ 1",-32.0569735746613,31.6023037034044,1286.00688348415,-30.6669361870241,85.8502860072453,1317.47835767543
"BIGKAT _ C08 _ Right _ 1",-31.5765498918593,26.782373298965,1281.42962159658,-35.0064363495649,102.180884924199,1319.77784237956
"BIGKAT _ C08 _ Right _ 1",-31.1717997466619,21.6992750643596,1276.9810645611,-38.8934323011109,117.071110242593,1320.79688940494
"BIGKAT _ C08 _ Right _ 1",-30.8796337256576,16.8149960729388,1273.01863070373,-41.6711157304767,128.818571512136,1320.21791861354
"BIGKAT _ C08 _ Right _ 1",-30.7114428006632,12.5795382263826,1269.85381404461,-42.7872490605246,136.050092646178,1318.07641155584
"BIGKAT _ C08 _ Right _ 1",-30.6558070241317,9.38404185207327,1267.72755294746,-41.9402772587066,137.912587793372,1314.76622818722
"BIGKAT _ C08 _ Right _ 1",-30.6859082192609,7.51821313614658,1266.79040045751,-39.1669932797171,134.191898668854,1310.93259444933
"BIGKAT _ C08 _ Right _ 1",-30.7686066612954,7.13435647697647,1267.08732779085,-34.8427722827076,125.347416059033,1307.29160207918
"BIGKAT _ C08 _ Right _ 1",-30.8721391194703,8.22185163954576,1268.54799960263,-29.5948208043888,112.461184768921,1304.43858415659
"BIGKAT _ C08 _ Right _ 1",-30.9704790132313,10.5990675831882,1270.98570606937,-24.1579595021561,97.1055483994139,1302.70937803852
"BIGKAT _ C08 _ Right _ 1",-31.0440971024632,13.9297493700265,1274.10954913511,-19.2211294151921,81.1415075957795,1302.13932430624
"BIGKAT _ C08 _ Right _ 1",-31.0784530288837,17.7654036100148,1277.55255842438,-15.3126755248196,66.4750326825013,1302.52764239403
"BIGKAT _ C08 _ Right _ 1",-31.0622493337689,21.6066625619968,1280.91317487298,-12.7518530510586,54.8138536886254,1303.57080163868
"BIGKAT _ C08 _ Right _ 1",-30.9870103213164,24.9707277225328,1283.80251591829,-11.6626623687387,47.4688010981463,1304.99927937948
"BIGKAT _ C08 _ Right _ 1",-30.8484003664223,27.4525942814994,1285.88908794094,-12.021165921005,45.2247816969596,1306.65598796944
"BIGKAT _ C08 _ Right _ 1",-30.6486299160815,28.7731069558113,1286.93616118567,-13.7013177422652,48.2785426458574,1308.48984187661
"BIGKAT _ C08 _ Right _ 1",-30.3986886973888,28.8116076195637,1286.83061831184,-16.4968110191614,56.2252084743214,1310.483254099
"BIGKAT _ C08 _ Right _ 1",-30.118997098837,27.6214631792372,1285.60202443924,-20.1178281437546,68.0835884460805,1312.5640666128
"BIGKAT _ C08 _ Right _ 1",-29.8374071510596,25.4245656618608,1283.42766195937,-24.1804534131132,82.3703247981003,1314.55701329444
"BIGKAT _ C08 _ Right _ 1",-29.5844225169859,22.5806061196243,1280.61743480398,-28.214250046148,97.2430516357985,1316.20590037157
"BIGKAT _ C08 _ Right _ 1",-29.386857938947,19.531745284401,1277.57531129616,-31.7063528514093,110.719570748582,1317.25635667834
"BIGKAT _ C08 _ Right _ 1",-29.2621911135997,16.7315850466842,1274.74087492316,-34.1816677280844,120.950575520129,1317.55321906618
"BIGKAT _ C08 _ Right _ 1",-29.2157225229896,14.5736696839734,1272.52160078714,-35.2983114394158,126.497696626393,1317.09951131469
"BIGKAT _ C08 _ Right _ 1",-29.2412702100768,13.3349189668884,1271.22979095046,-34.9261117503967,126.560922402596,1316.0495740713
"BIGKAT _ C08 _ Right _ 1",-29.3244456610308,13.1439446320288,1271.03681646328,-33.1788008103443,121.108840785117,1314.64692484653
"BIGKAT _ C08 _ Right _ 1",-29.446727463934,13.9768579018737,1271.95294578079,-30.3854294698349,110.883323373238,1313.14171042024
"BIGKAT _ C08 _ Right _ 1",-29.5888692948092,15.6770938488209,1273.8352032636,-27.0079340856178,97.272767286129,1311.72320666499
"BIGKAT _ C08 _ Right _ 1",-29.7330448275333,17.9918697773846,1276.41938701759,-23.5324554961968,82.0754816077967,1310.48824861834
"BIGKAT _ C08 _ Right _ 1",-29.8638488955727,20.6158945199339,1279.36693834731,-20.3729325693022,67.2051415103396,1309.44936072142
"BIGKAT _ C08 _ Right _ 1",-29.968629680826,23.2329712669874,1282.31487714478,-17.819311977203,54.4110545021093,1308.57270441348
"BIGKAT _ C08 _ Right _ 1",-30.0377115830512,25.5488069628236,1284.91897834802,-16.0406921131866,45.0793439962403,1307.82694727119
"BIGKAT _ C08 _ Right _ 1",-30.0649520340776,27.3133896148018,1286.88603701943,-15.1276821638658,40.142300407436,1307.2215623681
"BIGKAT _ C08 _ Right _ 1",-30.0488037416278,28.3364695384487,1287.99730359373,-15.1423669243491,40.0727259135316,1306.8186747078
"BIGKAT _ C08 _ Right _ 1",-29.9937023560074,28.5017825548478,1288.1280903111,-16.144801673828,44.9100698924173,1306.71436381662
"BIGKAT _ C08 _ Right _ 1",-29.9112526765352,27.7830609482826,1287.26623271868,-18.1788553656022,54.2724099897725,1306.99795257669
"BIGKAT _ C08 _ Right _ 1",-29.8204727250289,26.2590306949557,1285.52611320828,-21.2204560748716,67.3443058386857,1307.70634843395
"BIGKAT _ C08 _ Right _ 1",-29.7464553191836,24.1193110146454,1283.14962313142,-25.1107654079847,82.8705925271455,1308.79214789998
"BIGKAT _ C08 _ Right _ 1",-29.7172989454513,21.652447557215,1280.48523711943,-29.5087531211755,99.2050509337368,1310.11818505559
"BIGKAT _ C08 _ Right _ 1",-29.7598073653655,19.2126057445642,1277.94264961101,-33.8960757446879,114.449078885462,1311.47985473624
"BIGKAT _ C08 _ Right _ 1",-29.8947943900959,17.1697405172143,1275.92974966057,-37.6497741730654,126.678865958095,1312.64580730988
"BIGKAT _ C08 _ Right _ 1",-30.1326654322512,15.8540204700612,1274.78553610078,-40.1703003141578,134.223494996725,1313.4033250935
"BIGKAT _ C08 _ Right _ 1",-30.4696768368975,15.5058765394811,1274.72393619222,-41.026293067594,135.93849130446,1313.59760427629
"BIGKAT _ C08 _ Right _ 1",-30.885409283388,16.2396543570382,1275.80023887563,-40.0665648558337,131.420492127822,1313.15995857786
"BIGKAT _ C08 _ Right _ 1",-31.3424563964893,18.0248892181183,1277.90611312558,-37.4597695548633,121.119583122634,1312.12387745683
"BIGKAT _ C08 _ Right _ 1",-31.7894838526904,20.68663263643,1280.79252870897,-33.6489169005614,106.320047414506,1310.62820068492
"BIGKAT _ C08 _ Right _ 1",-32.168138414575,23.9245690741606,1284.11370919584,-29.2398115335013,88.9795095485899,1308.90487525722
"BIGKAT _ C08 _ Right _ 1",-32.4228950375233,27.3486056113909,1287.48107273579,-24.8658815518941,71.4444258368929,1307.24810241657
"BIGKAT _ C08 _ Right _ 1",-32.5115104082684,30.526000643453,1290.51518762096,-21.076121770092,56.0923570791231,1305.96509682623
"BIGKAT _ C08 _ Right _ 1",-32.4131616318179,33.0331107635012,1292.88654323221,-18.2760619944645,44.9739227457106,1305.31606708229
"BIGKAT _ C08 _ Right _ 1",-32.1321002086885,34.504824402766,1294.3417407857,-16.7227995804925,39.525236687482,1305.45824105415
"BIGKAT _ C08 _ Right _ 1",-31.6964128923351,34.676759044362,1294.71813322242,-16.5498626594021,40.3949975462391,1306.41055261717
"BIGKAT _ C08 _ Right _ 1",-31.1531227873036,33.4177236420504,1293.95324520003,-17.7889226847316,47.3962183908831,1308.0502977667
"BIGKAT _ C08 _ Right _ 1",-30.5613459617096,30.7508235330727,1292.09312526565,-20.3659565654896,59.5696645335658,1310.14351801031
"BIGKAT _ C08 _ Right _ 1",-29.9845701491074,26.8606032090612,1289.29790822787,-24.0720613352481,75.3384376145231,1312.40090363487
"BIGKAT _ C08 _ Right _ 1",-29.4824344969629,22.0827621236737,1285.83826128805,-28.5314919069874,92.730497331948,1314.54288623637
"BIGKAT _ C08 _ Right _ 1",-29.1026778669367,16.8745559606749,1282.07685625696,-33.1998428691981,109.639077426658,1316.35351075427
"BIGKAT _ C08 _ Right _ 1",-28.874929792648,11.7680111594782,1278.43386816661,-37.4172706414904,124.082733409968,1317.7059490183
"BIGKAT _ C08 _ Right _ 1",-28.8084197002359,7.3119655387752,1275.34069954369,-40.5182841924071,134.427009009259,1318.5543553434
"BIGKAT _ C08 _ Right _ 1",-28.8946266657078,4.01017561973208,1273.18850488912,-41.9724924863061,139.542959460552,1318.90233898629
"BIGKAT _ C08 _ Right _ 1",-29.1139222218768,2.26151795159195,1272.27792948872,-41.5130958007866,138.897505854781,1318.76848049815
"BIGKAT _ C08 _ Right _ 1",-29.4435750979371,2.30740063460486,1272.77595935186,-39.209432949315,132.584570820578,1318.1677487554
"BIGKAT _ C08 _ Right _ 1",-29.863901261863,4.1929941029263,1274.6860188035,-35.4560978953434,121.306500052723,1317.11614704855
"BIGKAT _ C08 _ Right _ 1",-30.3601086790863,7.7514107521962,1277.83763799833,-30.8780708660898,106.305720317227,1315.65218266885
"BIGKAT _ C08 _ Right _ 1",-30.9193694369162,12.6194177383434,1281.9005458448,-26.1802647586943,89.238890602261,1313.8602678896
"BIGKAT _ C08 _ Right _ 1",-31.5251054418506,18.2867461506673,1286.4238891617,-21.990430817948,71.9915003989882,1311.88105959991
"BIGKAT _ C08 _ Right _ 1",-32.1520095074892,24.1701568494276,1290.89500531946,-18.7466400611384,56.4512957958723,1309.90101802816
"BIGKAT _ C08 _ Right _ 1",-32.7648326470104,29.693947822457,1294.80638843675,-16.6610821762073,44.2814756541884,1308.12427667132
"BIGKAT _ C08 _ Right _ 1",-33.3217755847734,34.3568056262556,1297.71758876121,-15.7587369094026,36.7403262182146,1306.73838689137
"BIGKAT _ C08 _ Right _ 1",-33.7810746718887,37.7728389852184,1299.30223348986,-15.9592303015686,34.5743410230081,1305.88633396364
"BIGKAT _ C08 _ Right _ 1",-34.1084985657151,39.6878461520623,1299.37697054503,-17.1572829621828,37.9798155055058,1305.65043482172
"BIGKAT _ C08 _ Right _ 1",-34.2839079248744,39.9820887772164,1297.91460901796,-19.2649502955297,46.6077828320728,1306.04560150531
"BIGKAT _ C08 _ Right _ 1",-34.3056597314518,38.671928649097,1295.04515337926,-22.2006520347507,59.5921376788305,1307.0167131114
"BIGKAT _ C08 _ Right _ 1",-34.191807119679,35.914989572133,1291.04634294956,-25.8356760149472,75.6020016598312,1308.43850006913
"BIGKAT _ C08 _ Right _ 1",-33.9773080379328,32.0133441169778,1286.32265683429,-29.9292646037626,92.9361014115921,1310.12169772167
"BIGKAT _ C08 _ Right _ 1",-33.7076559893817,27.4040314985701,1281.3711631663,-34.0912245781708,109.674771904914,1311.83069682104
"BIGKAT _ C08 _ Right _ 1",-33.4311452602763,22.6289441967344,1276.73448128668,-37.8020615304709,123.886266680174,1313.31392357254
"BIGKAT _ C08 _ Right _ 1",-33.1928099243447,18.2833936377443,1272.94389618719,-40.4971634077838,133.862756946913,1314.3420524209
"BIGKAT _ C08 _ Right _ 1",-33.0317993060967,14.9486378212745,1270.45761322723,-41.6934726561879,138.350863774272,1314.74548349551
"BIGKAT _ C08 _ Right _ 1",-32.9812734915411,13.1158072737903,1269.60009723932,-41.117484829827,136.743418093071,1314.44294675001
"BIGKAT _ C08 _ Right _ 1",-33.0678234081996,13.1093588630114,1270.50957398098,-38.7909745829023,129.205455494254,1313.4559784137
"BIGKAT _ C08 _ Right _ 1",-33.3075358088552,15.020750262139,1273.10271820451,-35.0457166196816,116.711024703687,1311.90722114102
"BIGKAT _ C08 _ Right _ 1",-33.6982019945679,18.6671449082001,1277.06686947393,-30.4637269440699,100.969468255914,1310.00323416203
"BIGKAT _ C08 _ Right _ 1",-34.2104773893602,23.5912938166171,1281.8880531016,-25.7649703692388,84.2287500734463,1308.00463785981
"BIGKAT _ C08 _ Right _ 1",-34.7831184641595,29.1129825951534,1286.91619488528,-21.6797016453853,68.9659857553813,1306.18778845978
"BIGKAT _ C08 _ Right _ 1",-35.3272067404942,34.4296057495724,1291.45897771528,-18.8407497515477,57.508186642864,1304.80318257749
"BIGKAT _ C08 _ Right _ 1",-35.7412316540736,38.7485374187674,1294.88715775635,-17.7133497799254,51.6545069127277,1304.03707704186
"BIGKAT _ C08 _ Right _ 1",-35.9343253584377,41.4236970773831,1296.73094272063,-18.5575571641855,52.3783305035603,1303.9835512175
"BIGKAT _ C08 _ Right _ 1",-35.8509529699765,42.0671389868356,1296.75011058081,-21.4056024406152,59.668875980508,1304.63264978026
"BIGKAT _ C08 _ Right _ 1",-35.4887872320966,40.6130807763113,1294.96725541145,-26.0416577818709,72.538769941815,1305.8764328261
"BIGKAT _ C08 _ Right _ 1",-34.9031312879143,37.3230085943182,1291.6605520303,-31.989525535384,89.1906752352588,1307.53080659633
"BIGKAT _ C08 _ Right _ 1",-34.1956532914038,32.7330549344124,1287.31843363028,-38.5306915749884,107.308260051749,1309.36800308265
"BIGKAT _ C08 _ Right _ 1",-33.4907391518176,27.556636717657,1282.56395564254,-44.7771556981413,124.415038281212,1311.15224412516
"BIGKAT _ C08 _ Right _ 1",-32.9070908867545,22.5639654387649,1278.06135136685,-49.8058977652655,138.233595279405,1312.67029628861
"BIGKAT _ C08 _ Right _ 1",-32.5332934625035,18.462635164546,1274.42017461592,-52.8330975388636,146.984425298178,1313.75115700795
"BIGKAT _ C08 _ Right _ 1",-32.4135855940983,15.7992890753259,1272.11215885827,-53.3821957536356,149.586977113738,1314.27471024332
"BIGKAT _ C08 _ Right _ 1",-32.5455640385374,14.8942815041313,1271.41238340919,-51.3934211571978,145.753393577147,1314.17429832369
"BIGKAT _ C08 _ Right _ 1",-32.887421410761,15.8136243058724,1272.37100692106,-47.2366683511042,135.983812367697,1313.43920036172
"BIGKAT _ C08 _ Right _ 1",-33.3703134158969,18.3774233019074,1274.8168601851,-41.6191904080825,121.476393041314,1312.11984526897
"BIGKAT _ C08 _ Right _ 1",-33.9118385234506,22.2004793157369,1278.39055831406,-35.4144357195254,103.962785299607,1310.33397310168
"BIGKAT _ C08 _ Right _ 1",-34.4283317684697,26.7570387230477,1282.6015420759,-29.4660622680837,85.4821951479984,1308.2686158742
"BIGKAT _ C08 _ Right _ 1",-34.8452692184808,31.4578626662258,1286.89954511411,-24.4295095707712,68.1197730982798,1306.17210727545
"BIGKAT _ C08 _ Right _ 1",-35.1057156091335,35.725769760792,1290.74760440492,-20.6965451358006,53.7507783214368,1304.33269901073
"BIGKAT _ C08 _ Right _ 1",-35.1765734005243,39.0576276641408,1293.6837627388,-18.4121600773125,43.8360400319442,1303.04453202677
"BIGKAT _ C08 _ Right _ 1",-35.0520695961411,41.0666063013441,1295.3634440108,-17.5553112416528,39.2974258747244,1302.56489527749
"BIGKAT _ C08 _ Right _ 1",-34.7539073443386,41.5059660124622,1295.58199891868,-18.0334515178022,40.4722083671624,1303.06736579394
"BIGKAT _ C08 _ Right _ 1",-34.3278154507429,40.2808143948469,1294.28289902455,-19.7435508044527,47.123007575718,1304.59570099719
"BIGKAT _ C08 _ Right _ 1",-33.8366152725225,37.4540969021167,1291.55827500722,-22.5747806436755,58.4801172271719,1307.02650813877
"BIGKAT _ C08 _ Right _ 1",-33.3502595021218,33.2478506551307,1287.64477218243,-26.35886059447,73.3105305772913,1310.05413410629
"BIGKAT _ C08 _ Right _ 1",-32.9337997785865,28.0344684506541,1282.91201577359,-30.8011242456983,90.0235099247723,1313.21348346498
"BIGKAT _ C08 _ Right _ 1",-32.6352352923491,22.3105755031761,1277.83767315694,-35.4381315296844,106.820645665336,1315.94988365136
"BIGKAT _ C08 _ Right _ 1",-32.4763419514203,16.6502295769251,1272.96473154686,-39.6595631538204,121.881044281101,1317.7291549605
"BIGKAT _ C08 _ Right _ 1",-32.4497218848617,11.6415963063796,1268.84208183498,-42.8049488760443,133.555490341661,1318.16190451322
"BIGKAT _ C08 _ Right _ 1",-32.5236375070236,7.81681997705119,1265.95547171943,-44.3113068498821,140.540608641377,1317.10359899309
"BIGKAT _ C08 _ Right _ 1",-32.6532990287552,5.58577230882987,1264.65964721251,-43.8623354313698,142.014456113132,1314.69450784792
"BIGKAT _ C08 _ Right _ 1",-32.7946971331906,5.18221777700474,1265.12330646787,-41.4848761925806,137.727287780316,1311.32261029601
"BIGKAT _ C08 _ Right _ 1",-32.916131690087,6.6288913375524,1267.29711251653,-37.5552412229523,128.045444386227,1307.5204541678
"BIGKAT _ C08 _ Right _ 1",-33.0037120216153,9.72734325006012,1270.91230881986,-32.7094619764225,113.941352588557,1303.83158505073
"BIGKAT _ C08 _ Right _ 1",-33.0597003068206,14.0774198089955,1275.51316991971,-27.6861827759238,96.9162294157184,1300.69346608436
"BIGKAT _ C08 _ Right _ 1",-33.0953706247989,19.1272929514315,1280.51991632351,-23.1558718771151,78.845048238528,1298.37629721228
"BIGKAT _ C08 _ Right _ 1",-33.1218819276499,24.2477501431866,1285.31100107443,-19.5938038877546,61.7514983365526,1296.99159224109
"BIGKAT _ C08 _ Right _ 1",-33.1429561722462,28.8172050111577,1289.30832352871,-17.2332009164414,47.5479390148449,1296.55154345121
"BIGKAT _ C08 _ Right _ 1",-33.1520139837618,32.301171000727,1292.04928122355,-16.0984574955981,37.7936253548375,1297.03790759964
"BIGKAT _ C08 _ Right _ 1",-33.1344593273674,34.3139540097143,1293.23593354768,-16.0854911513452,33.5170049729411,1298.43943683923
"BIGKAT _ C08 _ Right _ 1",-33.0738503607156,34.6583981364048,1292.76030152011,-17.0430829947555,35.1179791767587,1300.73727639702
"BIGKAT _ C08 _ Right _ 1",-32.9593820056477,33.3457007449433,1290.71046593817,-18.8187663498166,42.3377507518789,1303.84618261838
"BIGKAT _ C08 _ Right _ 1",-32.7917305789881,30.5973978535773,1287.36145361808,-21.2566901730972,54.2787789698408,1307.54373978021
"BIGKAT _ C08 _ Right _ 1",-32.5849925428532,26.8270433640158,1283.14998790214,-24.1606899651338,69.4738585645286,1311.431311406
"BIGKAT _ C08 _ Right _ 1",-32.3641331742735,22.5958266867947,1278.62884482966,-27.2535688596339,86.020523994411,1314.96334934652
"BIGKAT _ C08 _ Right _ 1",-32.1594473761519,18.5397336030769,1274.39926626451,-30.1666271643105,101.79459110379,1317.55435866042
"BIGKAT _ C08 _ Right _ 1",-32.0008000739316,15.2756919525731,1271.02777704181,-32.4795347982559,114.731752075114,1318.73368229493
"BIGKAT _ C08 _ Right _ 1",-31.9138776607571,13.3045138701309,1268.96174278493,-33.8051017282126,123.134253680729,1318.28777828733
"BIGKAT _ C08 _ Right _ 1",-31.9187014696334,12.9325354670757,1268.46134791883,-33.8892953095149,125.940894583489,1316.329064553
"BIGKAT _ C08 _ Right _ 1",-32.0288112380296,14.2293179993708,1269.56291253969,-32.687287127984,122.902157844996,1313.26315901624
"BIGKAT _ C08 _ Right _ 1",-32.2492750818597,17.0285024509643,1272.08095827895,-30.386222624083,114.62353849678,1309.6730966471
"BIGKAT _ C08 _ Right _ 1",-32.573126177061,20.9677486851499,1275.64687131113,-27.3687484789186,102.468693876881,1306.17301125071
"BIGKAT _ C08 _ Right _ 1",-32.9777431708598,25.5552889513831,1279.77349983515,-24.1356597096177,88.3423856897434,1303.28868241854
"BIGKAT _ C08 _ Right _ 1",-33.4236814161452,30.2466940525641,1283.93023722297,-21.219043295517,74.3968800740756,1301.39894223199
"BIGKAT _ C08 _ Right _ 1",-33.8579999425949,34.5164275524479,1287.61336748084,-19.1128577380213,62.7188899961972,1300.73461573522
"BIGKAT _ C08 _ Right _ 1",-34.2225921746013,37.9140505784739,1290.40114839978,-18.2299385649109,55.0507935872683,1301.40170854953
"BIGKAT _ C08 _ Right _ 1",-34.4661153861138,40.1023516689249,1291.99010009385,-18.8751754888229,52.5800736408674,1303.38996633526
"BIGKAT _ C08 _ Right _ 1",-34.5564528468755,40.8805303231233,1292.2149178016,-21.2163457465782,55.8069921396698,1306.54849852591
"BIGKAT _ C08 _ Right _ 1",-34.4897494563937,40.196731852852,1291.05634728654,-25.2411639479171,64.4885141495707,1310.54280604649
"BIGKAT _ C08 _ Right _ 1",-34.2924279819292,38.1509069786542,1288.63906671845,-30.7067864481539,77.6604943972898,1314.8326501598
"BIGKAT _ C08 _ Right _ 1",-34.0145638924962,34.9850068997086,1285.21836526475,-37.106368634486,93.7472773234381,1318.71302071981
"BIGKAT _ C08 _ Right _ 1",-33.7162259828434,31.0572452619812,1281.15393233686,-43.6853023261472,110.76145496727,1321.43634713065
"BIGKAT _ C08 _ Right _ 1",-33.4514543564799,26.801413326172,1276.87199759443,-49.5297720639791,126.573524898524,1322.39206590525
"BIGKAT _ C08 _ Right _ 1",-33.2556474746902,22.6776554479193,1272.82073612241,-53.7236121995564,139.205847682327,1321.28233874102
"BIGKAT _ C08 _ Right _ 1",-33.1405062838029,19.1233350616862,1269.42530462582,-55.5383793532115,147.095898068423,1318.22417940651
"BIGKAT _ C08 _ Right _ 1",-33.0972380274828,16.5102370542945,1267.04731186627,-54.6022799993146,149.28635687282,1313.7350805596
"BIGKAT _ C08 _ Right _ 1",-33.1053070011808,15.1099131186254,1265.95055383657,-50.995518783052,145.52403106689,1308.60502326892
"BIGKAT _ C08 _ Right _ 1",-33.1422354345064,15.0664588743688,1266.27304024368,-45.2410856252729,136.270017201355,1303.69834063847
"BIGKAT _ C08 _ Right _ 1",-33.1903511067381,16.3772020853799,1268.00620634879,-38.1922179280426,122.631494469349,1299.749996927
"BIGKAT _ C08 _ Right _ 1",-33.2384138693008,18.8848194234988,1270.98490000455,-30.8500107677393,106.224933591183,1297.21994934601
"BIGKAT _ C08 _ Right _ 1",-33.2786579757776,22.285705843753,1274.89364569646,-24.1660409446731,88.9816169343462,1296.2477801459
"BIGKAT _ C08 _ Right _ 1",-33.3018372771592,26.1571159047002,1279.29333877716,-18.8862890327865,72.9152115928498,1296.71131220041
"BIGKAT _ C08 _ Right _ 1",-33.2935113142105,30.0011985673009,1283.66777636502,-15.4718084758455,59.8827912782967,1298.34965925563
"BIGKAT _ C08 _ Right _ 1",-33.233917480849,33.3008669585443,1287.484255103,-14.0977301114391,51.3732607431108,1300.88476837493
"BIGKAT _ C08 _ Right _ 1",-33.1019834481006,35.5821439225678,1290.26024780823,-14.7026830538535,48.3451078338708,1304.08322723103
"BIGKAT _ C08 _ Right _ 1",-32.8822233722422,36.4784407748087,1291.62883458621,-17.0497787696067,51.1185617373591,1307.73859790682
"BIGKAT _ C08 _ Right _ 1",-32.5720184504939,35.7910205303423,1291.39593787047,-20.7702646077153,59.3216221058356,1311.60130244407
"BIGKAT _ C08 _ Right _ 1",-32.1864405197827,33.5359817963588,1289.5807704301,-25.3834506229697,71.8989672680432,1315.31327903226
"BIGKAT _ C08 _ Right _ 1",-31.758569620478,29.9646493625111,1286.42948338964,-30.3090657731237,87.203591837426,1318.40408663422
"BIGKAT _ C08 _ Right _ 1",-31.335078920027,25.5457189315107,1282.39431386461,-34.8992258526708,103.185355468305,1320.37338523107
"BIGKAT _ C08 _ Right _ 1",-30.9688952420039,20.9055193031632,1278.07716722013,-38.5098820334486,117.664590377408,1320.83565971146
"BIGKAT _ C08 _ Right _ 1",-30.7116863688167,16.7343971733293,1274.144538283,-40.6084163319046,128.646791856784,1319.66282066906
"BIGKAT _ C08 _ Right _ 1",-30.6080477388735,13.6770614699384,1271.22667748268,-40.8877660239941,134.616348245283,1317.05417583695
"BIGKAT _ C08 _ Right _ 1",-30.6912809527153,12.2286498183664,1269.81702467526,-39.3442918793601,134.753048291616,1313.49655329368
"BIGKAT _ C08 _ Right _ 1",-30.9792304216943,12.6558146930297,1270.18876942301,-36.2850980317223,129.038248942326,1309.62963669151
"BIGKAT _ C08 _ Right _ 1",-31.4689329791676,14.9556640866127,1272.34402439736,-32.2563079703238,118.24315974926,1306.07261586456
"BIGKAT _ C08 _ Right _ 1",-32.1307084844789,18.8577710688932,1276.00692336756,-27.9140581278574,103.809327662767,1303.27973930481
"BIGKAT _ C08 _ Right _ 1",-32.9045792530133,23.8672191094171,1280.66467445076,-23.881360442871,87.6414935344013,1301.47444155199
"BIGKAT _ C08 _ Right _ 1",-33.7029031268724,29.3401504018176,1285.65072466657,-20.6376322598697,71.8418230314577,1300.67510672585
"BIGKAT _ C08 _ Right _ 1",-34.421685942088,34.5780526753375,1290.25383481705,-18.4715223444969,58.4246422777649,1300.78496356195
"BIGKAT _ C08 _ Right _ 1",-34.9595667731025,38.9244198101749,1293.83008818692,-17.49846425456,49.0566615013548,1301.69178277862
"BIGKAT _ C08 _ Right _ 1",-35.2397780676533,41.8487607507251,1295.89533231029,-17.7165049166508,44.8611431503125,1303.32414865884
"BIGKAT _ C08 _ Right _ 1",-35.2284584706337,43.0078090336324,1296.18315959841,-19.0615229598899,46.3054515981924,1305.63921128352
"BIGKAT _ C08 _ Right _ 1",-34.9433854991277,42.2796973175806,1294.66408728604,-21.4309340364963,53.1710963860425,1308.55508869467
"BIGKAT _ C08 _ Right _ 1",-34.4500021497696,39.7709552949306,1291.53009656381,-24.667292399162,64.5962167762472,1311.86988402524
"BIGKAT _ C08 _ Right _ 1",-33.8454322632626,35.7976612473011,1287.15287734056,-28.5180712120113,79.1830674273025,1315.21768862142
"BIGKAT _ C08 _ Right _ 1",-33.2349787266158,30.8427693305828,1282.02531623441,-32.6039258479535,95.165778218161,1318.09771105786
"BIGKAT _ C08 _ Right _ 1",-32.7082771982198,25.4939478001342,1276.69619198732,-36.4274483561046,110.625971733215,1319.98002513363
"BIGKAT _ C08 _ Right _ 1",-32.3225026117964,20.3702404216905,1271.70779477035,-39.4372698643075,123.728466675579,1320.45335645917
"BIGKAT _ C08 _ Right _ 1",-32.0971640456511,16.0487094846498,1267.54376961962,-41.1363867696108,132.939495143348,1319.35664179642
"BIGKAT _ C08 _ Right _ 1",-32.0202652428082,13.0012319014408,1264.58991758534,-41.2017041854801,137.195301614478,1316.84064563894
"BIGKAT _ C08 _ Right _ 1",-32.0614168735536,11.5472927825415,1263.10642444102,-39.5739629890893,136.0060957633,1313.33498254627
"BIGKAT _ C08 _ Right _ 1",-32.1857575072727,11.8242526110014,1263.2085516116,-36.4855351677994,129.496428667537,1309.43259323281
"BIGKAT _ C08 _ Right _ 1",-32.3635342533184,13.7749657464978,1264.85460883691,-32.4138561743106,118.388621604454,1305.73252542485
"BIGKAT _ C08 _ Right _ 1",-32.5729656754879,17.1535995003022,1267.84344579816,-27.973641409842,103.932116861256,1302.6954565059
"BIGKAT _ C08 _ Right _ 1",-32.7972362369941,21.5513446299678,1271.8263179581,-23.7830104024773,87.7776988336112,1300.56167041739
"BIGKAT _ C08 _ Right _ 1",-33.0188794847068,26.4419282348431,1276.33746068227,-20.3477747574343,71.7996940169821,1299.35691200343
"BIGKAT _ C08 _ Right _ 1",-33.2154932579044,31.2425780726078,1280.84329676082,-17.998307929169,57.8816880735515,1298.97362866858
"BIGKAT _ C08 _ Right _ 1",-33.359578579563,35.3821271745398,1284.80411709259,-16.8877919683198,47.6936775473613,1299.28048126057
"BIGKAT _ C08 _ Right _ 1",-33.423044241101,38.3671494453868,1287.73827173607,-17.0324758603172,42.4911030589169,1300.20144938799
"BIGKAT _ C08 _ Right _ 1",-33.3846867592045,39.8394542123412,1289.27959441405,-18.3592096531197,42.95746230261,1301.72494329189
"BIGKAT _ C08 _ Right _ 1",-33.2376281699736,39.6210872031779,1289.22241948635,-20.7299446450492,49.1017069092352,1303.84213360479
"BIGKAT _ C08 _ Right _ 1",-32.9936335570939,37.7433821328387,1287.55163251845,-23.9327014532796,60.2198510178519,1306.45165227089
"BIGKAT _ C08 _ Right _ 1",-32.682324010123,34.4547158103664,1284.4555450785,-27.6528510535345,74.9361435378983,1309.28763954034
"BIGKAT _ C08 _ Right _ 1",-32.345192736277,30.2003712035283,1280.31774233677,-31.4557794851994,91.3404797894168,1311.92116502471
"BIGKAT _ C08 _ Right _ 1",-32.0265033245124,25.570466470642,1275.68327713022,-34.8128090358777,107.22448943569,1313.85176791847
"BIGKAT _ C08 _ Right _ 1",-31.7646708088526,21.2190096929006,1271.19714857122,-37.1836095366441,120.390741672075,1314.65883233904
"BIGKAT _ C08 _ Right _ 1",-31.587397615861,17.7660967333562,1267.51874908289,-38.1379334460236,128.98206040362,1314.14671449775
"BIGKAT _ C08 _ Right _ 1",-31.5113859544141,15.7015098065949,1265.22270441103,-37.4739245670561,131.766684985273,1312.41648923613
"BIGKAT _ C08 _ Right _ 1",-31.5444521642332,15.3084115736035,1264.70227484357,-35.2846876939933,128.324933480747,1309.83281723997
"BIGKAT _ C08 _ Right _ 1",-31.6866300801056,16.620995254099,1266.09478000243,-31.9428524934786,119.106462411781,1306.90430048139
"BIGKAT _ C08 _ Right _ 1",-31.9282832700467,19.4227335111796,1269.2475416924,-28.0054360335949,105.352712047032,1304.13206274527
"BIGKAT _ C08 _ Right _ 1",-32.2461777085631,23.2845523431557,1273.73607370126,-24.0732232648759,88.9009384536179,1301.88931121851
"BIGKAT _ C08 _ Right _ 1",-32.6007404445338,27.6353554399605,1278.93416943008,-20.6558026541496,71.9049346904679,1300.37426385307
"BIGKAT _ C08 _ Right _ 1",-32.9377979651722,31.8511798704856,1284.12153350695,-18.0872513572705,56.5229184682562,1299.64050841185
"BIGKAT _ C08 _ Right _ 1",-33.1960097187956,35.3457728587545,1288.60421909429,-16.5113596190336,44.6289569725431,1299.67158262517
"BIGKAT _ C08 _ Right _ 1",-33.3184649986943,37.6469957264044,1291.82141340605,-15.9234595318792,37.5931629403103,1300.45018635025
"BIGKAT _ C08 _ Right _ 1",-33.2651197178369,38.4501814705151,1293.4198526841,-16.2350195079053,36.1496549645978,1301.98346783408
"BIGKAT _ C08 _ Right _ 1",-33.0225280214149,37.647650474013,1293.28945273105,-17.3254274883466,40.344944587726,1304.27358312188
"BIGKAT _ C08 _ Right _ 1",-32.6082666483969,35.3380387246704,1291.5634893483,-19.0598624914953,49.549677655329,1307.2513450037
"BIGKAT _ C08 _ Right _ 1",-32.0689138323542,31.8177747709414,1288.59010582343,-21.2738399774466,62.5262095481208,1310.71012026465
"BIGKAT _ C08 _ Right _ 1",-31.4721062162381,27.5525868043275,1284.88084521617,-23.7442827228179,77.5592324630959,1314.28175079066
"BIGKAT _ C08 _ Right _ 1",-30.8948631697514,23.1248121436684,1281.04061717995,-26.1757519473217,92.6583737692082,1317.48189516947
"BIGKAT _ C08 _ Right _ 1",-30.4114533519714,19.1563957862009,1277.68461642822,-28.2240555321149,105.823655217162,1319.82020174033
"BIGKAT _ C08 _ Right _ 1",-30.08376976536,16.2165960733761,1275.35085449908,-29.5597861027548,115.337034981781,1320.93516079015
"BIGKAT _ C08 _ Right _ 1",-29.9554200471297,14.7319835178626,1274.42030859477,-29.9514149948751,120.02402871218,1320.69646593904
"BIGKAT _ C08 _ Right _ 1",-30.0487166220027,14.9187986254327,1275.05836972727,-29.3344739736368,119.430310799577,1319.23215960052
"BIGKAT _ C08 _ Right _ 1",-30.36297002046,16.7526425567308,1277.18987735008,-27.8376107939017,113.877591452681,1316.87521793478
"BIGKAT _ C08 _ Right _ 1",-30.873356230268,19.9805360481974,1280.51481338085,-25.7551131670292,104.390990806788,1314.06146911407
"BIGKAT _ C08 _ Right _ 1",-31.5311059230104,24.1697705838252,1284.56299752162,-23.4783469883602,92.5174222064769,1311.22747382479
"BIGKAT _ C08 _ Right _ 1",-32.2664283359501,28.7799815067168,1288.77596287529,-21.4135194508596,80.0759657988571,1308.74654983364
"BIGKAT _ C08 _ Right _ 1",-32.99501305155,33.2415999262785,1292.59686624944,-19.9131421839501,68.8922083010316,1306.91180436393
"BIGKAT _ C08 _ Right _ 1",-33.6279036206199,37.0263758260672,1295.54923300823,-19.235378901063,60.5634648057756,1305.94549396263
"BIGKAT _ C08 _ Right _ 1",-34.0837940080839,39.7029413388218,1297.2929547956,-19.5286743227726,56.2806084885163,1306.00233890773
"BIGKAT _ C08 _ Right _ 1",-34.3023128587965,40.9782129668456,1297.65605929809,-20.8288529235434,56.7068280085625,1307.1458005689
"BIGKAT _ C08 _ Right _ 1",-34.2561845854958,40.7286074165537,1296.64665233037,-23.0564153108348,61.9016490195874,1309.30122065152
"BIGKAT _ C08 _ Right _ 1",-33.9593375341022,39.0215598791507,1294.44859049758,-26.0105759548272,71.2876265984155,1312.21298330304
"BIGKAT _ C08 _ Right _ 1",-33.4678393792833,36.1209172639855,1291.40016500322,-29.3678857986297,83.6769129254681,1315.44233633664
"BIGKAT _ C08 _ Right _ 1",-32.8718739501996,32.4657428811449,1287.953087279,-32.70067614753,97.3850299712285,1318.43166066766
"BIGKAT _ C08 _ Right _ 1",-32.2798250006802,28.6156799159238,1284.61239855581,-35.528663273837,110.445430259609,1320.63120699455
"BIGKAT _ C08 _ Right _ 1",-31.7984813201962,25.1666918680446,1281.86437171346,-37.4040607689398,120.904743302146,1321.64856623762
"BIGKAT _ C08 _ Right _ 1",-31.5145543715194,22.6529575004656,1280.10431120901,-38.0113175619849,127.144385038021,1321.36076696911
"BIGKAT _ C08 _ Right _ 1",-31.4815045778339,21.4573270966935,1279.57701117384,-37.2480918245856,128.158693736476,1319.9397160902
"BIGKAT _ C08 _ Right _ 1",-31.7132723520191,21.7510751652695,1280.34052711955,-35.2548458651052,123.728675874898,1317.78031215532
"BIGKAT _ C08 _ Right _ 1",-32.1845788653712,23.4752835617742,1282.26035715048,-32.3787624911151,114.45636853141,1315.36549114781
"BIGKAT _ C08 _ Right _ 1",-32.8366859328428,26.3649503871012,1285.03611630508,-29.0851002574332,101.656588999175,1313.12906297903
"BIGKAT _ C08 _ Right _ 1",-33.5873560202068,30.0065827882894,1288.25596542333,-25.8512926637643,87.1327331378987,1311.37238938701
"BIGKAT _ C08 _ Right _ 1",-34.3434754658875,33.9131788032562,1291.46682419489,-23.0840077107693,72.8867250542761,1310.25867595916
"BIGKAT _ C08 _ Right _ 1",-35.0143452158521,37.5987096556134,1294.24415199005,-21.084231039107,60.8245921066408,1309.86668557157
"BIGKAT _ C08 _ Right _ 1",-35.5235579467098,40.6379882376438,1296.24678766354,-20.0588545462793,52.5119712057137,1310.2566213435
"BIGKAT _ C08 _ Right _ 1",-35.8179991474916,42.7056640925574,1297.249518348,-20.15420291843,49.0087350901694,1311.49966552221
"BIGKAT _ C08 _ Right _ 1",-35.8734290400923,43.5961424725636,1297.1543897394,-21.4789591019618,50.7824632199794,1313.64761503442
"BIGKAT _ C08 _ Right _ 1",-35.6965782820802,43.230238046929,1295.98640468134,-24.0930135346471,57.6849604925452,1316.65501829769
"BIGKAT _ C08 _ Right _ 1",-35.3234768779099,41.6530180012309,1293.8786944494,-27.9589599279556,68.9806575899553,1320.29541158223
"BIGKAT _ C08 _ Right _ 1",-34.8134354572665,39.0232810610116,1291.04924354375,-32.8753960322813,83.4288272100306,1324.12325724651
"BIGKAT _ C08 _ Right _ 1",-34.2386453676242,35.5928809458999,1287.77005684927,-38.4266468969835,99.4253410937331,1327.51866831818
"BIGKAT _ C08 _ Right _ 1",-33.6710165931116,31.6760807732915,1284.33214197006,-43.9843099133077,115.196845150838,1329.81648914974
"BIGKAT _ C08 _ Right _ 1",-33.1696183587112,27.6137558275072,1281.01347438541,-48.7797467330328,129.019605853784,1330.47997707543
"BIGKAT _ C08 _ Right _ 1",-32.7723674794362,23.7402749054912,1278.05779491366,-52.0394995202831,139.423040991025,1329.25459327684
"BIGKAT _ C08 _ Right _ 1",-32.4938952124947,20.3590457482994,1275.66758286104,-53.1499058092637,145.343425282435,1326.24409635397
"BIGKAT _ C08 _ Right _ 1",-32.3289174320767,17.7268070587586,1274.00721087002,-51.8038538841296,146.212232102423,1321.88416466063
"BIGKAT _ C08 _ Right _ 1",-32.2585869370304,16.0411950116528,1273.20684947464,-48.0855348032516,141.983122318703,1316.82801561109
"BIGKAT _ C08 _ Right _ 1",-32.257043538771,15.4253872048614,1273.35771032355,-42.46574421973,133.110825478069,1311.78590410696
"BIGKAT _ C08 _ Right _ 1",-32.2963482218451,15.9085669050786,1274.49491201298,-35.705736108511,120.492843578732,1307.37020933937
"BIGKAT _ C08 _ Right _ 1",-32.3492604484826,17.4078118040785,1276.5724016944,-28.6956000554732,105.37888397216,1303.99214287948
"BIGKAT _ C08 _ Right _ 1",-32.3901775489135,19.7203484765144,1279.44025639293,-22.2749299780118,89.2524144113993,1301.8369526768
"BIGKAT _ C08 _ Right _ 1",-32.3949075442996,22.5325365655775,1282.8353461646,-17.0889936656752,73.6951644568603,1300.91436651363
"BIGKAT _ C08 _ Right _ 1",-32.3400966712857,25.446344132501,1286.39260334637,-13.5174525961927,60.2500324683454,1301.14959848791
"BIGKAT _ C08 _ Right _ 1",-32.2032834154886,28.0203883626681,1289.6792609207,-11.6813859173501,50.2915976732933,1302.4639010105
"BIGKAT _ C08 _ Right _ 1",-31.9645665856153,29.8224393463459,1292.25047155718,-11.503944173411,44.9001403538662,1304.80287109198
"BIGKAT _ C08 _ Right _ 1",-31.6104730428142,30.4907126148125,1293.72096238976,-12.7849530224248,44.730300587743,1308.10021401166
"BIGKAT _ C08 _ Right _ 1",-31.1397091076407,29.7988755205678,1293.84234513395,-15.2546755270872,49.8796645689207,1312.19875688679
"BIGKAT _ C08 _ Right _ 1",-30.5693686381496,27.7143721296014,1292.57006289368,-18.591565881725,59.788457737586,1316.77454318433
"BIGKAT _ C08 _ Right _ 1",-29.9394144223675,24.4348246363585,1290.10097721671,-22.4133010047793,73.2191925953936,1321.31451660953
"BIGKAT _ C08 _ Right _ 1",-29.3133545249316,20.3871290778089,1286.8657667785,-26.2684653217766,88.3576489176772,1325.17946840403
"BIGKAT _ C08 _ Right _ 1",-28.7739953443739,16.1804226933654,1283.47018090099,-29.6585035774257,103.04340399763,1327.7456527313
"BIGKAT _ C08 _ Right _ 1",-28.4143427280749,12.5156252924138,1280.59247653633,-32.1033200719413,115.095621517678,1328.57705875755
"BIGKAT _ C08 _ Right _ 1",-28.3244935504188,10.0664099992818,1278.85629700695,-33.237369216006,122.668848177366,1327.55924175375
"BIGKAT _ C08 _ Right _ 1",-28.5757213393508,9.35497564413151,1278.70546443828,-32.9017193995397,124.565820444118,1324.93942760895
"BIGKAT _ C08 _ Right _ 1",-29.203512188806,10.6486592286507,1280.30840028184,-31.1939893920134,120.447533466752,1321.25904796226
"BIGKAT _ C08 _ Right _ 1",-30.1925374487083,13.9001508198613,1283.51515726799,-28.4540055793627,110.904437664127,1317.21008528324
"BIGKAT _ C08 _ Right _ 1",-31.468073498587,18.7457625017437,1287.87974203133,-25.1896886652714,97.3772158034893,1313.47310750108
"BIGKAT _ C08 _ Right _ 1",-32.8987886187286,24.564098236456,1292.74538847101,-21.9715424412347,81.938731683557,1310.59321374051
"BIGKAT _ C08 _ Right _ 1",-34.3136810650916,30.5837183225653,1297.37353092712,-19.3332826211288,66.9720037784273,1308.9236562804
"BIGKAT _ C08 _ Right _ 1",-35.5314295874413,36.0167362326384,1301.08442408933,-17.7059414888522,54.8002097572077,1308.62940110384
"BIGKAT _ C08 _ Right _ 1",-36.395693234401,40.1900867555066,1303.37534208207,-17.3897360764285,47.3348375524739,1309.71549147459
"BIGKAT _ C08 _ Right _ 1",-36.807524458024,42.6496207100084,1303.99272432289,-18.5470699921932,45.7991906732529,1312.04422302733
"BIGKAT _ C08 _ Right _ 1",-36.7468958416557,43.2219402693099,1302.95145563603,-21.1942401530143,50.5605918765803,1315.3284875508
"BIGKAT _ C08 _ Right _ 1",-36.2783765093785,42.0295051083333,1300.5084740408,-25.1807057206006,61.081287984388,1319.11788227171
"BIGKAT _ C08 _ Right _ 1",-35.5397734730273,39.4615951220765,1297.10412574761,-30.1646366414361,75.9869634162407,1322.8113341233
"BIGKAT _ C08 _ Right _ 1",-34.7161891512602,36.1071100516349,1293.28468496448,-35.6096281112139,93.2488676629833,1325.72647276042
"BIGKAT _ C08 _ Right _ 1",-34.0050011534682,32.6580410449981,1289.61754696629,-40.8297405490706,110.467477407997,1327.23143980764
"BIGKAT _ C08 _ Right _ 1",-33.5792289499762,29.7970090067525,1286.60946205476,-45.0943122708144,125.226181290322,1326.90785502916
"BIGKAT _ C08 _ Right _ 1",-33.5569580441867,28.0872103680735,1284.63770653708,-47.7757247139237,135.460863150738,1324.68385523321
"BIGKAT _ C08 _ Right _ 1",-33.9827266898289,27.8848662329291,1283.90304070717,-48.4969129039753,139.779734424446,1320.87551855468
"BIGKAT _ C08 _ Right _ 1",-34.8236830560903,29.2904981561103,1284.41092222167,-47.2266925575939,137.674913440028,1316.11008092403
"BIGKAT _ C08 _ Right _ 1",-35.9799773998498,32.1468591188964,1285.98354319484,-44.2866460506479,129.589333838395,1311.15712286606
"BIGKAT _ C08 _ Right _ 1",-37.3060665982655,36.0810192171744,1288.29988944254,-40.2666329717088,116.83034327636,1306.73414954262
"BIGKAT _ C08 _ Right _ 1",-38.6377155561961,40.5788655630406,1290.95502202187,-35.8810472127581,101.348304141175,1303.35960868344
"BIGKAT _ C08 _ Right _ 1",-39.8187357683068,45.0742416207805,1293.52539157726,-31.8179637274439,85.4224549451101,1301.29807592896
"BIGKAT _ C08 _ Right _ 1",-40.7222740947136,49.0336635382962,1295.62678909328,-28.6288252301524,71.3141375779298,1300.59532695051
"BIGKAT _ C08 _ Right _ 1",-41.2637660439452,52.0217673140279,1296.9561657875,-26.6806970616986,60.9517348456734,1301.16070722209
"BIGKAT _ C08 _ Right _ 1",-41.4056144372975,53.7411658643103,1297.31572780917,-26.1614755202395,55.6960358429534,1302.84145777488
"BIGKAT _ C08 _ Right _ 1",-41.1558357871315,54.0494682284492,1296.62360042037,-27.108040980747,56.2044102986988,1305.45135546266
"BIGKAT _ C08 _ Right _ 1",-40.5634241152865,52.9612704545095,1294.91708461143,-29.426761753939,62.3845417103168,1308.74951775856
"BIGKAT _ C08 _ Right _ 1",-39.7121386947763,50.6418457008525,1292.35174451355,-32.8918648620303,73.4195678866972,1312.39605252694
"BIGKAT _ C08 _ Right _ 1",-38.7127405958001,47.3939107794894,1289.19447506529,-37.1299254894397,87.8562915919241,1315.92735225053
"BIGKAT _ C08 _ Right _ 1",-37.6925981807351,43.6335517703495,1285.80495097929,-41.6164704620237,103.761170341272,1318.78919646461
"BIGKAT _ C08 _ Right _ 1",-36.7819165175542,39.8500125268625,1282.6004053307,-45.7137851130691,118.948746226762,1320.43956978107
"BIGKAT _ C08 _ Right _ 1",-36.097436103783,36.5478395265071,1280.00357983106,-48.7637072521357,131.270326753353,1320.49429382465
"BIGKAT _ C08 _ Right _ 1",-35.7261199644154,34.1769449073696,1278.38006820342,-50.2213280727137,138.926948533735,1318.8575159031
"BIGKAT _ C08 _ Right _ 1",-35.7119738228713,33.0626751898948,1277.97600416244,-49.7893416408101,140.753807402699,1315.77633138416
"BIGKAT _ C08 _ Right _ 1",-36.0485851457062,33.3506234644111,1278.86891260988,-47.5034152161648,136.421362105039,1311.78921021211
"BIGKAT _ C08 _ Right _ 1",-36.6788977851831,34.9787334300212,1280.94364291283,-43.7332833200075,126.510673721624,1307.58568781438
"BIGKAT _ C08 _ Right _ 1",-37.5026629733839,37.6834638720802,1283.90142891088,-39.0965441976712,112.442358307715,1303.8339661446
"BIGKAT _ C08 _ Right _ 1",-38.3908317115791,41.0394237443238,1287.30306377661,-34.3166589421166,96.2653657360414,1301.04313503796
"BIGKAT _ C08 _ Right _ 1",-39.2047651116591,44.5248423945611,1290.63843725135,-30.075832373857,80.3399627201466,1299.50323656631
"BIGKAT _ C08 _ Right _ 1",-39.8169374249666,47.6003346693679,1293.40768632718,-26.9076559944642,66.9726139954785,1299.30337168534
"BIGKAT _ C08 _ Right _ 1",-40.1294388126333,49.7871733033086,1295.19726353225,-25.148371112258,58.0697174037175,1300.39085723129
"BIGKAT _ C08 _ Right _ 1",-40.087340537161,50.7337837788648,1295.73808080354,-24.9358610596105,54.866587527701,1302.62383493511
"BIGKAT _ C08 _ Right _ 1",-39.685451888277,50.2634710476475,1294.93987887477,-26.2289542289669,57.7634097646355,1305.78785966924
"BIGKAT _ C08 _ Right _ 1",-38.9682627827061,48.3997197336576,1292.90168041068,-28.823011968613,66.2764401685206,1309.57890378995
"BIGKAT _ C08 _ Right _ 1",-38.0233289230688,45.3665093845764,1289.89991144439,-32.3556527236056,79.101964727632,1313.58210625774
"BIGKAT _ C08 _ Right _ 1",-36.9684477054029,41.5612144147675,1286.35479934624,-36.3166014477943,94.2891831742327,1317.2842918419
"BIGKAT _ C08 _ Right _ 1",-35.9336971638159,37.4994342763574,1282.77561822716,-40.0855954651695,109.513155019491,1320.14362562081
"BIGKAT _ C08 _ Right _ 1",-35.0410113746508,33.7361245460992,1279.68843771725,-43.0149330818191,122.422204074342,1321.70724540645
"BIGKAT _ C08 _ Right _ 1",-34.3853858672953,30.7745640621754,1277.55517943021,-44.5510984197104,131.010882184128,1321.73503614488
"BIGKAT _ C08 _ Right _ 1",-34.0217359889021,28.9806350319575,1276.69730623368,-44.3646705485319,133.952450851372,1320.27629554666
"BIGKAT _ C08 _ Right _ 1",-33.9597183232726,28.5213396548317,1277.23937872803,-42.4436072028561,130.823075981969,1317.66420581136
"BIGKAT _ C08 _ Right _ 1",-34.1665823930153,29.34228122831,1279.0862118703,-39.1102839930155,122.164860905951,1314.42819476792
"BIGKAT _ C08 _ Right _ 1",-34.5765291636762,31.1900665537067,1281.94201949023,-34.9467981947,109.363913660763,1311.15554114128
"BIGKAT _ C08 _ Right _ 1",-35.1043905464839,33.6745575529203,1285.37075584037,-30.64766248693,94.3599229437201,1308.34910213237
"BIGKAT _ C08 _ Right _ 1",-35.6612433473273,36.3555931276933,1288.88554396133,-26.8489071198705,79.2484702889948,1306.32589380416
"BIGKAT _ C08 _ Right _ 1",-36.1693571761171,38.8323960190308,1292.04545996151,-23.9910104449191,65.8719321470547,1305.18245142269
