"fileName","thumb_y","thumb_x","thumb_z","finger_y","finger_x","finger_z"
"BIGKAT _ P74 _ Left _ 4",43.9127564060521,7.54957060625512,1131.86014678115,15.8195624097498,84.3508481462015,1176.06107953012
"BIGKAT _ P74 _ Left _ 4",43.9271846667307,7.56997806478216,1131.87396751031,15.8547416184697,84.3696853999584,1176.02915462773
"BIGKAT _ P74 _ Left _ 4",43.9402689717833,7.58808461587489,1131.88144561296,15.884756613192,84.3876904022972,1175.99629653773
"BIGKAT _ P74 _ Left _ 4",43.94571718912,7.59601866268917,1131.87703016765,15.8946014223209,84.3974600362236,1175.97470578574
"BIGKAT _ P74 _ Left _ 4",43.9356711782102,7.58486546083201,1131.85643258109,15.8666336583734,84.3899291457441,1175.98027843282
"BIGKAT _ P74 _ Left _ 4",43.9018635313802,7.54667776908012,1131.81861736943,15.7837712469816,84.3560254499505,1176.03023170084
"BIGKAT _ P74 _ Left _ 4",43.837153757536,7.47691230341012,1131.76764923553,15.6334126340214,84.2888664367071,1176.13973844739
"BIGKAT _ P74 _ Left _ 4",43.7370959467274,7.37666002206371,1131.71372057295,15.411085890852,84.1860099062668,1176.31834213744
"BIGKAT _ P74 _ Left _ 4",43.6011319991251,7.2538780512293,1131.67265532874,15.1226884102928,84.0511145993463,1176.56723713348
"BIGKAT _ P74 _ Left _ 4",43.4331286574684,7.12294708025877,1131.66345048039,14.7845222497191,83.8944256679477,1176.87844483576
"BIGKAT _ P74 _ Left _ 4",43.241232732031,7.00236832544563,1131.70408885859,14.4211063573263,83.7318054750974,1177.23637744807
"BIGKAT _ P74 _ Left _ 4",43.0372279926509,6.91116490776337,1131.80677384443,14.06152876012,83.5824811056494,1177.62142733665
"BIGKAT _ P74 _ Left _ 4",42.835590627283,6.86516544390794,1131.97432507282,13.7354007502924,83.4660738734254,1178.01446421404
"BIGKAT _ P74 _ Left _ 4",42.6522832409749,6.87437126528925,1132.19919223761,13.4692127384201,83.3996228122356,1178.40081667711
"BIGKAT _ P74 _ Left _ 4",42.5031604851892,6.94196927897176,1132.46549614288,13.2834251182509,83.39516704877,1178.77253025817
"BIGKAT _ P74 _ Left _ 4",42.4018506674107,7.06472186308225,1132.75335633038,13.1903295414567,83.4581607009273,1179.12830665786
"BIGKAT _ P74 _ Left _ 4",42.3572203110379,7.23407308465955,1133.04405187148,13.1926765141711,83.5867750331269,1179.47134915514
"BIGKAT _ P74 _ Left _ 4",42.3709828801002,7.43752810593299,1133.32434374246,13.2831666640089,83.7720777738394,1179.80608317947
"BIGKAT _ P74 _ Left _ 4",42.4364235532432,7.66025057862649,1133.58846903457,13.4450097470745,83.9990840647051,1180.13504629528
"BIGKAT _ P74 _ Left _ 4",42.5391469597361,7.88687717154511,1133.83704894736,13.6537693571046,84.248628233424,1180.45699641805
"BIGKAT _ P74 _ Left _ 4",42.6599812122791,8.10328349901983,1134.0735269081,13.8805448530627,84.4998502389262,1180.7666514484
"BIGKAT _ P74 _ Left _ 4",42.7790803173237,8.29787130448116,1134.30014549432,14.0961748797269,84.7328584298392,1181.05578842849
"BIGKAT _ P74 _ Left _ 4",42.8796790766262,8.46213622913963,1134.5157308837,14.2757137561685,84.9309880683807,1181.31499023387
"BIGKAT _ P74 _ Left _ 4",42.950343470492,8.59065338692401,1134.71619258417,14.4021677647035,85.0822240062612,1181.53530996137
"BIGKAT _ P74 _ Left _ 4",42.9855622745198,8.68084984318806,1134.8966304786,14.4685660756893,85.1797629236353,1181.70948054058
"BIGKAT _ P74 _ Left _ 4",42.9852959439539,8.73284417437499,1135.05297297178,14.4779043947497,85.2220369924594,1181.83271096398
"BIGKAT _ P74 _ Left _ 4",42.9541250718236,8.7493262948104,1135.18192649833,14.4411572041471,85.21253494873,1181.90326537236
"BIGKAT _ P74 _ Left _ 4",42.900192470587,8.73522519682324,1135.27974363507,14.3740888828309,85.1594897565881,1181.9229221065
"BIGKAT _ P74 _ Left _ 4",42.8338616136179,8.69701564428644,1135.34127711787,14.2937693264207,85.075227818421,1181.89727223491
"BIGKAT _ P74 _ Left _ 4",42.7661720383231,8.64185673671327,1135.36035634686,14.2155384624881,84.9749202034715,1181.8357187779
"BIGKAT _ P74 _ Left _ 4",42.7074149312356,8.57694666182828,1135.33144636889,14.1508730973711,84.8746667167852,1181.75090766662
"BIGKAT _ P74 _ Left _ 4",42.666103513222,8.50927165876269,1135.2518081696,14.1063470650154,84.7891417197605,1181.65726506821
"BIGKAT _ P74 _ Left _ 4",42.6483288515434,8.44552534263032,1135.12326673073,14.0836470636135,84.729286742839,1181.5686292003
"BIGKAT _ P74 _ Left _ 4",42.657279185697,8.39180004929192,1134.95301179299,14.0803905775098,84.7006529530563,1181.4956276428
"BIGKAT _ P74 _ Left _ 4",42.6927377103958,8.35289652540392,1134.75337957018,14.091363809662,84.7028977582867,1181.44389134332
"BIGKAT _ P74 _ Left _ 4",42.7506113704988,8.33154710353642,1134.5410193164,14.1098486728866,84.7306108092457,1181.41389492012
"BIGKAT _ P74 _ Left _ 4",42.8228154985986,8.32809167398672,1134.33587913715,14.1289013301232,84.7752315873834,1181.40237252081
"BIGKAT _ P74 _ Left _ 4",42.8979703404815,8.34096476152426,1134.15998669765,14.1426113234747,84.8275292552632,1181.40456761732
"BIGKAT _ P74 _ Left _ 4",42.9632311381266,8.36789977765577,1134.03553037905,14.147363977851,84.880015194201,1181.41643226532
"BIGKAT _ P74 _ Left _ 4",43.0071578129843,8.40736793974412,1133.98184441056,14.1429759638623,84.9287072704532,1181.43613617241
"BIGKAT _ P74 _ Left _ 4",43.0229934955789,8.45966220558248,1134.01159678727,14.1334315853805,84.9738531122169,1181.46456983038
"BIGKAT _ P74 _ Left _ 4",43.0113547592118,8.52721959096358,1134.12722145133,14.1269225334607,85.0195419740228,1181.50483943224
"BIGKAT _ P74 _ Left _ 4",42.981345149128,8.61410862878511,1134.31889241102,14.1349771931987,85.0724815557081,1181.56108220293
"BIGKAT _ P74 _ Left _ 4",42.9494565139043,8.72491088455119,1134.56503994896,14.1706260136505,85.1404237594588,1181.63719294348
"BIGKAT _ P74 _ Left _ 4",42.93617580543,8.8633852567666,1134.83580076976,14.2457945411789,85.2307005555048,1181.73604446937
"BIGKAT _ P74 _ Left _ 4",42.9608786928975,9.03129471687953,1135.09903270502,14.368420897417,85.3491045790297,1181.85938386317
"BIGKAT _ P74 _ Left _ 4",43.0362706574165,9.22761867164002,1135.32760870093,14.5400242907446,85.4990681122985,1182.00799892938
"BIGKAT _ P74 _ Left _ 4",43.1640768244504,9.4481686090402,1135.50582388332,14.754439591032,85.6809801499526,1182.18150710128
"BIGKAT _ P74 _ Left _ 4",43.333532545931,9.68552659311903,1135.6325675083,14.9981541546259,85.8916192438829,1182.37754038192
"BIGKAT _ P74 _ Left _ 4",43.523366267037,9.92931025678506,1135.7200291671,15.2522557632949,86.1238791464367,1182.5908018353
"BIGKAT _ P74 _ Left _ 4",43.7067483573698,10.1669269977224,1135.78864303512,15.4955529047924,86.3669968006424,1182.81279370056
"BIGKAT _ P74 _ Left _ 4",43.8577120043412,10.38499062939,1135.86033175154,15.7080907285775,86.6073880135246,1183.03277526186
"BIGKAT _ P74 _ Left _ 4",43.9571859193772,10.5713091556649,1135.95217383898,15.8742248871953,86.8301110357194,1183.23992519925
"BIGKAT _ P74 _ Left _ 4",43.996975478366,10.7169713107779,1136.0720017,15.9846803315932,87.0208953062457,1183.42598161761
"BIGKAT _ P74 _ Left _ 4",43.9806859098579,10.8178940288966,1136.21683772843,16.0374206745314,87.1684680688995,1183.58713193435
"BIGKAT _ P74 _ Left _ 4",43.9215941288638,10.8753855976104,1136.37439744811,16.0374197436858,87.266642028417,1183.72412535221
"BIGKAT _ P74 _ Left _ 4",43.8384689278439,10.8956414769944,1136.52700904947,15.9954805512798,87.3155302019164,1183.84057887597
"BIGKAT _ P74 _ Left _ 4",43.7508154575066,10.8883672030941,1136.65661470226,15.9262409036749,87.3214634105697,1183.94052248198
"BIGKAT _ P74 _ Left _ 4",43.6748578060768,10.8648553840446,1136.74936154873,15.8456105840751,87.2955951615147,1184.0265285854
"BIGKAT _ P74 _ Left _ 4",43.6210484706398,10.8359043919808,1136.79859816504,15.7680773676607,87.2515796583094,1184.09921007449
"BIGKAT _ P74 _ Left _ 4",43.5933008728261,10.80998817866,1136.80571039813,15.7044264191398,87.2029419874265,1184.15803055322
"BIGKAT _ P74 _ Left _ 4",43.5896563764652,10.7920441619529,1136.77898012914,15.6603233684001,87.1607571926464,1184.20281059991
"BIGKAT _ P74 _ Left _ 4",43.6038348131778,10.7831226576603,1136.73123140717,15.6359581744482,87.1320637625168,1184.23520182062
"BIGKAT _ P74 _ Left _ 4",43.6271044932655,10.7809469534063,1136.67718657719,15.6266882093603,87.1192025917388,1184.25957233125
"BIGKAT _ P74 _ Left _ 4",43.6500635803549,10.7811978519367,1136.63119465425,15.6244738937066,87.1201105779559,1184.2829818707
"BIGKAT _ P74 _ Left _ 4",43.6641299098219,10.7791282803728,1136.60555228856,15.619852931107,87.1294814474453,1184.31415138729
"BIGKAT _ P74 _ Left _ 4",43.6626969057116,10.771036024367,1136.60929489554,15.6041634653398,87.1405464065698,1184.3615795598
"BIGKAT _ P74 _ Left _ 4",43.6419797399243,10.755231871977,1136.64724692361,15.5716649866882,87.1470462980751,1184.43121184977
"BIGKAT _ P74 _ Left _ 4",43.601544432475,10.7323560162418,1136.71926976921,15.5211463716301,87.1448958354771,1184.5242567769
"BIGKAT _ P74 _ Left _ 4",43.5444251612582,10.7050665910025,1136.81989974939,15.4566007931867,87.133144890651,1184.63581539612
"BIGKAT _ P74 _ Left _ 4",43.4766756275266,10.6771981734935,1136.93874390825,15.3866503366072,87.1140454402015,1184.75490799967
"BIGKAT _ P74 _ Left _ 4",43.4062694196875,10.6525445202046,1137.06192254273,15.3226917723251,87.0922432338197,1184.8661768966
"BIGKAT _ P74 _ Left _ 4",43.3415017741605,10.6335339278597,1137.17445281968,15.2761958446575,87.0733360880554,1184.95297095609
"BIGKAT _ P74 _ Left _ 4",43.2893325632713,10.6201921986171,1137.26295834337,15.2560187511706,87.0622654905829,1185.00086261589
"BIGKAT _ P74 _ Left _ 4",43.2542084645107,10.6097932283302,1137.31786668265,15.2666636212322,87.0620785824315,1185.00034453571
"BIGKAT _ P74 _ Left _ 4",43.2376820498566,10.5973994877189,1137.33454153181,15.3080316560698,87.0733925790912,1184.94779781682
"BIGKAT _ P74 _ Left _ 4",43.2387560868643,10.5771677666109,1137.31335115988,15.3765445430266,87.0945534342901,1184.84463667447
"BIGKAT _ P74 _ Left _ 4",43.2546161391881,10.5440164336628,1137.25903229693,15.4669864531756,87.1222611341292,1184.69531673919
"BIGKAT _ P74 _ Left _ 4",43.2814292239044,10.4951489907651,1137.1796423152,15.5742580128366,87.1524233470196,1184.50524436954
"BIGKAT _ P74 _ Left _ 4",43.3150766769004,10.4310009383958,1137.0851171722,15.6944630153572,87.1810880259423,1184.2794630959
"BIGKAT _ P74 _ Left _ 4",43.3518310769429,10.3553525687378,1136.98537874286,15.8251801597376,87.2053549956623,1184.02250868495
"BIGKAT _ P74 _ Left _ 4",43.388979809546,10.274596175313,1136.8882174156,15.9651438341373,87.2241366375905,1183.73930070018
"BIGKAT _ P74 _ Left _ 4",43.4253421593097,10.1964278185762,1136.79752003138,16.1136737229365,87.2385875080277,1183.43660694932
"BIGKAT _ P74 _ Left _ 4",43.4616265105009,10.1284238625326,1136.7124380329,16.2700708247817,87.2520324709895,1183.12453005535
"BIGKAT _ P74 _ Left _ 4",43.5005535950453,10.0769211311227,1136.62781300005,16.4330443487141,87.2693249685271,1182.8174759212
"BIGKAT _ P74 _ Left _ 4",43.5465455858113,10.046368080339,1136.53587183882,16.6002102389215,87.295728025725,1182.534060202
"BIGKAT _ P74 _ Left _ 4",43.604708303129,10.0390395355242,1136.42891819592,16.7677674429744,87.3355709649483,1182.29550904248
"BIGKAT _ P74 _ Left _ 4",43.679052286493,10.0548952367786,1136.30238309085,16.9304973373114,87.3910435640322,1182.12246689121
"BIGKAT _ P74 _ Left _ 4",43.7703717665538,10.0914686593901,1136.15731449625,17.0821979270647,87.4614869868682,1182.03069258185
"BIGKAT _ P74 _ Left _ 4",43.8746291295569,10.143904521512,1136.00143892471,17.2165469332106,87.543379886544,1182.0267290641
"BIGKAT _ P74 _ Left _ 4",43.9827745534867,10.2054255901775,1135.84827467503,17.3282047331501,87.6309611470693,1182.1050323296
"BIGKAT _ P74 _ Left _ 4",44.0825066445511,10.2684247264785,1135.71423974544,17.4138241057702,87.7172520697348,1182.24792024988
"BIGKAT _ P74 _ Left _ 4",44.1616146746821,10.3260454109111,1135.61433978203,17.472648372453,87.7952379854454,1182.42884662852
"BIGKAT _ P74 _ Left _ 4",44.2116391106562,10.3737414479732,1135.55783828691,17.5065443228695,87.8590377469498,1182.61817523487
"BIGKAT _ P74 _ Left _ 4",44.2302535856732,10.4101653783068,1135.54573341619,17.5195072929293,87.9048914446207,1182.78956502103
"BIGKAT _ P74 _ Left _ 4",44.2213243033669,10.4369624364519,1135.57124910209,17.5167961227892,87.9317640613603,1182.92495736037
"BIGKAT _ P74 _ Left _ 4",44.1927205318312,10.4575368674894,1135.62310927918,17.5039073568641,87.9414072258692,1183.01694834307
"BIGKAT _ P74 _ Left _ 4",44.1529431714983,10.4753237422059,1135.69008169238,17.4856250910144,87.937852651975,1183.06837930054
"BIGKAT _ P74 _ Left _ 4",44.1080061952532,10.4922852929536,1135.7649173492,17.465387088453,87.9264626657678,1183.08971732704
"BIGKAT _ P74 _ Left _ 4",44.0597104905366,10.5081996606442,1135.84634148889,17.4451390916605,87.9127845917192,1183.09513701057
"BIGKAT _ P74 _ Left _ 4",44.0057920577687,10.5209426758873,1135.93861889909,17.4256880164515,87.9015039759729,1183.09830645437
"BIGKAT _ P74 _ Left _ 4",43.9417407661721,10.5275558199102,1136.04896885642,17.4073756774592,87.8957344692915,1183.10881437596
"BIGKAT _ P74 _ Left _ 4",43.8635433344943,10.5256136141736,1136.18368480541,17.3907652207474,87.89674886552,1183.12998420086
"BIGKAT _ P74 _ Left _ 4",43.7702731445746,10.5143575459673,1136.34429039445,17.3770116587925,87.9041219197249,1183.15854203585
"BIGKAT _ P74 _ Left _ 4",43.665445844801,10.4952118260731,1136.52525066676,17.3677017693662,87.9161707866421,1183.18623353484
"BIGKAT _ P74 _ Left _ 4",43.5565024932023,10.4715107834575,1136.71432653315,17.3641837577731,87.9305430849817,1183.20301861027
"BIGKAT _ P74 _ Left _ 4",43.4525790015949,10.4475065895907,1136.89562324352,17.3666706783581,87.9448027456978,1183.20101776829
"BIGKAT _ P74 _ Left _ 4",43.3615196371559,10.4270166695887,1137.05421018624,17.3735774251458,87.95690544419,1183.17808700834
"BIGKAT _ P74 _ Left _ 4",43.2875025055114,10.4123117141032,1137.18043647474,17.3815681936443,87.9655448618923,1183.13985278062
"BIGKAT _ P74 _ Left _ 4",43.2304461214091,10.4038097796077,1137.27209059008,17.3865935518241,87.9704477880715,1183.09934413721
"BIGKAT _ P74 _ Left _ 4",43.187562434851,10.4007455185503,1137.33347254791,17.3857585318141,87.9727071168877,1183.07409211309
"BIGKAT _ P74 _ Left _ 4",43.1563035654753,10.4024469216811,1137.37198709318,17.3793240275464,87.9751084274606,1183.08154119121
"BIGKAT _ P74 _ Left _ 4",43.1371105113432,10.4095199185774,1137.39419497958,17.3718284581158,87.9822083513282,1183.13432914638
"BIGKAT _ P74 _ Left _ 4",43.1343799312756,10.4242872263868,1137.40344567439,17.3715217960009,87.9998441885142,1183.23695500936
"BIGKAT _ P74 _ Left _ 4",43.1549670406803,10.4501667390827,1137.40009190151,17.3880163362559,88.0339014849106,1183.38457187599
"BIGKAT _ P74 _ Left _ 4",43.2047944136336,10.4901057025171,1137.38367318131,17.4288911855403,88.088472765038,1183.56371365579
"BIGKAT _ P74 _ Left _ 4",43.2850372173324,10.5445594442122,1137.35544342337,17.4964676733666,88.1638542074007,1183.75436977254
"BIGKAT _ P74 _ Left _ 4",43.3895083642399,10.6097466423166,1137.31973197902,17.5859055985545,88.2550175217421,1183.93301102836
"BIGKAT _ P74 _ Left _ 4",43.504323094417,10.6769574916119,1137.2835830251,17.6852898830284,88.3511752383757,1184.07637509233
"BIGKAT _ P74 _ Left _ 4",43.6100393753926,10.733455334066,1137.25516789068,17.7777505463326,88.4368224244741,1184.16559357733
"BIGKAT _ P74 _ Left _ 4",43.6856738729395,10.7650146239818,1137.24193756004,17.8451172828482,88.4942866005856,1184.18979952179
"BIGKAT _ P74 _ Left _ 4",43.7135587221541,10.759552608253,1137.24919441914,17.8722730594964,88.5074449853131,1184.14824521873
"BIGKAT _ P74 _ Left _ 4",43.6839321242537,10.7108699963715,1137.27912912355,17.8512388462453,88.4658746938166,1184.05034815615
"BIGKAT _ P74 _ Left _ 4",43.5982477814889,10.6213796161532,1137.33004679577,17.7840273866958,88.3683535474638,1183.91364744096
"BIGKAT _ P74 _ Left _ 4",43.4702983570011,10.5029046521968,1137.39578731645,17.6834091406331,88.2245808408845,1183.76013256967
"BIGKAT _ P74 _ Left _ 4",43.3244598745039,10.3750924251394,1137.46591220392,17.5710218798201,88.0544174070492,1183.61181241992
"BIGKAT _ P74 _ Left _ 4",43.1909141143854,10.2616167304037,1137.52744944721,17.4728673006304,87.8846617762026,1183.48671192084
"BIGKAT _ P74 _ Left _ 4",43.098682980017,10.1850171566905,1137.56838115748,17.4131027858752,87.7439883145928,1183.39649276051
"BIGKAT _ P74 _ Left _ 4",43.0683531916134,10.1615146883583,1137.5818083989,17.4077637517174,87.656982303474,1183.34634645639
"BIGKAT _ P74 _ Left _ 4",43.1068026087432,10.1971885807061,1137.56878568089,17.4602220407286,87.6383729827618,1183.33680633151
"BIGKAT _ P74 _ Left _ 4",43.2056604469584,10.2865016822588,1137.53813857753,17.5597089428182,87.6888223695514,1183.36622273824
"BIGKAT _ P74 _ Left _ 4",43.3438957736038,10.4135723673884,1137.50314598303,17.6833699067751,87.793824998276,1183.43242427635
"BIGKAT _ P74 _ Left _ 4",43.4934846323561,10.555970411479,1137.47677808266,17.8014066580327,87.9267968422398,1183.53270359708
"BIGKAT _ P74 _ Left _ 4",43.6261842035061,10.6901632273947,1137.46802849184,17.8840955105365,88.0559515284927,1183.66239613086
"BIGKAT _ P74 _ Left _ 4",43.7193986101633,10.7971902088993,1137.48114610023,17.908963383569,88.1528322300619,1183.81331938718
"BIGKAT _ P74 _ Left _ 4",43.7598627056144,10.8669960805823,1137.51765533667,17.8662990970541,88.1996546533195,1183.97357749337
"BIGKAT _ P74 _ Left _ 4",43.7448753424079,10.900250063473,1137.57922044797,17.7615602778657,88.1932924353536,1184.12956345588
"BIGKAT _ P74 _ Left _ 4",43.6815186191961,10.9072415630279,1137.66894968037,17.6140262228959,88.1450849019746,1184.269828395
"BIGKAT _ P74 _ Left _ 4",43.5845079504052,10.9042772839889,1137.78995388393,17.452057394536,88.0769203866044,1184.38938973039
"BIGKAT _ P74 _ Left _ 4",43.4732088171097,10.9086826393158,1137.94195755994,17.3062765732415,88.014982249763,1184.49249969399
"BIGKAT _ P74 _ Left _ 4",43.3682062395923,10.9338760185488,1138.11815107119,17.2025164304145,87.9830288342398,1184.592329462
"BIGKAT _ P74 _ Left _ 4",43.287777117116,10.9859143461767,1138.30448481668,17.1562705246015,87.9969951152016,1184.70740627459
"BIGKAT _ P74 _ Left _ 4",43.2446857090428,11.0623835783995,1138.48240779763,17.1698109621627,88.0620937469006,1184.85611057365
"BIGKAT _ P74 _ Left _ 4",43.2438033268046,11.153708753643,1138.63438116098,17.2324291478806,88.1727040089845,1185.05115166119
"BIGKAT _ P74 _ Left _ 4",43.2810632736625,11.2462152317811,1138.75007780799,17.3235777392761,88.3145171238561,1185.29559802039
"BIGKAT _ P74 _ Left _ 4",43.3441580453359,11.3258818773825,1138.83054860676,17.418070849444,88.4679667160082,1185.58132582805
"BIGKAT _ P74 _ Left _ 4",43.4151040354936,11.3817815505266,1138.88822015322,17.4920316058728,88.6120222267588,1185.89012606295
"BIGKAT _ P74 _ Left _ 4",43.4743021055435,11.4085587077403,1138.94238723629,17.5281316582146,88.7277644573352,1186.19716178321
"BIGKAT _ P74 _ Left _ 4",43.5051707522375,11.4076734554151,1139.01200022975,17.5189439960148,88.8014303985238,1186.47586425626
"BIGKAT _ P74 _ Left _ 4",43.4981196537222,11.3873163402088,1139.10875898719,17.4678327404324,88.8266154007159,1186.70293235186
"BIGKAT _ P74 _ Left _ 4",43.4527152698541,11.3608572270495,1139.23324803252,17.3874569452775,88.8052294241916,1186.86225422191
"BIGKAT _ P74 _ Left _ 4",43.3773443048427,11.3437367297429,1139.37544669907,17.2964094011838,88.7469342134066,1186.94725081223
"BIGKAT _ P74 _ Left _ 4",43.286451036257,11.3492138643671,1139.51907908006,17.2147229580118,88.6671853438998,1186.96176735293
"BIGKAT _ P74 _ Left _ 4",43.196295505116,11.3842214310798,1139.64762620133,17.1591288381056,88.584389577185,1186.91972543292
"BIGKAT _ P74 _ Left _ 4",43.1206839240753,11.4469607461879,1139.7492432295,17.1391088758199,88.5168045413905,1186.84344109485
"BIGKAT _ P74 _ Left _ 4",43.0679384837288,11.5271697108917,1139.81876854021,17.1547622345121,88.4796619227291,1186.76040406683
"BIGKAT _ P74 _ Left _ 4",43.0397227661713,11.6087062650094,1139.8568328605,17.1971068784527,88.4827686622511,1186.69870536807
"BIGKAT _ P74 _ Left _ 4",43.0317038288452,11.6733388323117,1139.86747570587,17.2507198691409,88.5286939767269,1186.68185815304
"BIGKAT _ P74 _ Left _ 4",43.0355984365554,11.7048135541655,1139.85594076558,17.2979111953889,88.6116380995852,1186.72397221201
"BIGKAT _ P74 _ Left _ 4",43.0418421048404,11.6926982597991,1139.82766619287,17.323266220895,88.7171641493558,1186.82605849819
"BIGKAT _ P74 _ Left _ 4",43.0420126419194,11.63553121578,1139.78847965809,17.3174765064278,88.8230879588556,1186.9740400327
"BIGKAT _ P74 _ Left _ 4",43.0304275137431,11.5425269276346,1139.74519406732,17.2797075749461,88.9018921534561,1187.13912527456
"BIGKAT _ P74 _ Left _ 4",43.0049160704948,11.4329830401416,1139.70554861473,17.2180907037508,88.9249744740824,1187.28137564466
"BIGKAT _ P74 _ Left _ 4",42.9672073444126,11.3328796647985,1139.67679415655,17.1482465349774,88.868774988961,1187.35706009423
"BIGKAT _ P74 _ Left _ 4",42.9233239793124,11.2689398930955,1139.66296779144,17.0901444448683,88.722329051246,1187.32940104535
"BIGKAT _ P74 _ Left _ 4",42.8838976197124,11.2613421314223,1139.66174478683,17.064036441073,88.4951161898849,1187.18079798875
"BIGKAT _ P74 _ Left _ 4",42.8638088690496,11.3169246560362,1139.66233087169,17.0864494481506,88.2233442773084,1186.92328853594
"BIGKAT _ P74 _ Left _ 4",42.880419838671,11.4248388603192,1139.64579210787,17.1670796700174,87.9721965223758,1186.60359611759
"BIGKAT _ P74 _ Left _ 4",42.9500666818445,11.5562468217578,1139.58845296109,17.306996053029,87.8312947083817,1186.29983525074
"BIGKAT _ P74 _ Left _ 4",43.0831842525345,11.6690098853709,1139.46798053515,17.4981686390532,87.9010232153729,1186.10849068617
"BIGKAT _ P74 _ Left _ 4",43.2790432996895,11.7174691570962,1139.27110743458,17.7242801633936,88.2688189640058,1186.12224548613
"BIGKAT _ P74 _ Left _ 4",43.5213859156649,11.6663736631332,1139.0017651658,17.9630058077639,88.977263178516,1186.40143186048
"BIGKAT _ P74 _ Left _ 4",43.7762809612583,11.5067856628119,1138.68837807117,18.1901015017951,89.9894958197263,1186.94423450488
"BIGKAT _ P74 _ Left _ 4",43.9933496937534,11.2705301937689,1138.38886829774,18.3853877308885,91.1611800629291,1187.66289010274
"BIGKAT _ P74 _ Left _ 4",44.1111170410147,11.038809820538,1138.19150855231,18.5399856682928,92.2304972816622,1188.3742612051
"BIGKAT _ P74 _ Left _ 4",44.0665223290498,10.9405158128466,1138.20954356975,18.6631525607718,92.8367513662035,1188.8125791343
"BIGKAT _ P74 _ Left _ 4",43.8075097778684,11.1371208275752,1138.56817198198,18.7861630683061,92.5729147505416,1188.66911797102
"BIGKAT _ P74 _ Left _ 4",43.3063596032353,11.7941928532384,1139.38434081774,18.9604381100141,91.0680086818812,1187.6573172249
"BIGKAT _ P74 _ Left _ 4",42.5704966773713,13.0442064660811,1140.74247152392,19.248051916465,88.0834547022375,1185.59254351799
"BIGKAT _ P74 _ Left _ 4",41.6472687183675,14.9500893677966,1142.67197455232,19.7050013321755,83.5970719666167,1182.46561968067
"BIGKAT _ P74 _ Left _ 4",40.6199029550728,17.481536613998,1145.13403250661,20.3607530958785,77.8443784111992,1178.48313642633
"BIGKAT _ P74 _ Left _ 4",39.5939614658936,20.5140530334503,1148.02375043531,21.2004593791428,71.2947970933111,1174.05114300488
"BIGKAT _ P74 _ Left _ 4",38.677038081256,23.8528902046699,1151.18819548551,22.1570573931181,64.5623560448336,1169.69598023754
"BIGKAT _ P74 _ Left _ 4",37.9576760969381,27.2731310171389,1154.45308276323,23.1178085217458,58.2794181010493,1165.94314457456
"BIGKAT _ P74 _ Left _ 4",37.4902661178392,30.5595147997168,1157.64610242805,23.9445893250952,52.981015547081,1163.19762556973
"BIGKAT _ P74 _ Left _ 4",37.290069685262,33.5308873069477,1160.60733826725,24.5027476148044,49.0414996297895,1161.67050314538
"BIGKAT _ P74 _ Left _ 4",37.3380399852209,36.0438931384013,1163.18582207916,24.6920532367611,46.6765872894075,1161.37430230477
"BIGKAT _ P74 _ Left _ 4",37.5914636337093,37.9821422006962,1165.23034799601,24.4742993899612,45.9913228226927,1162.1787414925
"BIGKAT _ P74 _ Left _ 4",37.9952974337781,39.2437779683676,1166.58679929965,23.8929342774695,47.0367146816112,1163.89684313932
"BIGKAT _ P74 _ Left _ 4",38.4903237903157,39.7396356503519,1167.11158543141,23.0797408402004,49.8407177749924,1166.36602131351
"BIGKAT _ P74 _ Left _ 4",39.0167712549247,39.4075717640582,1166.70291895566,22.243222115544,54.3971549171192,1169.4967290149
"BIGKAT _ P74 _ Left _ 4",39.5145868081054,38.2396256564829,1165.34202612182,21.6350599250187,60.6188177844284,1173.27605108868
"BIGKAT _ P74 _ Left _ 4",39.9231515485193,36.3114336506064,1163.12916711283,21.4962988796762,68.2781323881036,1177.72916628509
"BIGKAT _ P74 _ Left _ 4",40.1834072204954,33.8008568427589,1160.29818426077,21.9932861060347,76.9637495915355,1182.85349268189
"BIGKAT _ P74 _ Left _ 4",40.2441385113878,30.9859052200365,1157.19942233128,23.1614707553846,86.0741434537465,1188.54678551145
"BIGKAT _ P74 _ Left _ 4",40.0720646197642,28.2188630157561,1154.25182288229,24.8778187032826,94.8558285003565,1194.55202614857
"BIGKAT _ P74 _ Left _ 4",39.6632962041267,25.8807688998706,1151.87562694188,26.8764825960691,102.481539546934,1200.43954118244
"BIGKAT _ P74 _ Left _ 4",39.0524478300067,24.3254177651041,1150.42268399147,28.808766778481,108.156402401159,1205.64012036014
"BIGKAT _ P74 _ Left _ 4",38.3156404307703,23.8239786517127,1150.12049984136,30.3326842911128,111.236815890081,1209.53132423164
"BIGKAT _ P74 _ Left _ 4",37.5646532779465,24.5208544870786,1151.04106745482,31.2057756385939,111.344374510388,1211.56381006346
"BIGKAT _ P74 _ Left _ 4",36.9314067434644,26.4095532348012,1153.09935210997,31.3517139765572,108.453825823655,1211.39907450339
"BIGKAT _ P74 _ Left _ 4",36.5447424735803,29.3344123061931,1156.08055062192,30.8781052807932,102.931298346899,1209.01972837817
"BIGKAT _ P74 _ Left _ 4",36.5046479785608,33.0196507694944,1159.68981117005,30.038547708749,95.5016392108958,1204.77327026174
"BIGKAT _ P74 _ Left _ 4",36.8612097196306,37.1212703067323,1163.61317119499,29.1518309387848,87.1368490709935,1199.32401549754
"BIGKAT _ P74 _ Left _ 4",37.6049452089978,41.290743118311,1167.57536530593,28.5070267196297,78.8818577912094,1193.5158162212
"BIGKAT _ P74 _ Left _ 4",38.6713068654422,45.234404151801,1171.38019150814,28.2870129509666,71.6609857253819,1188.18296117446
"BIGKAT _ P74 _ Left _ 4",39.9567490099581,48.7518048293625,1174.92277517152,28.5328719175406,66.1230345845126,1183.97112822779
"BIGKAT _ P74 _ Left _ 4",41.3397519625551,51.741959723005,1178.17027363029,29.1543134463712,62.5726888156344,1181.22802662204
"BIGKAT _ P74 _ Left _ 4",42.6997448014688,54.1775315559621,1181.1172747292,29.9762645135031,61.0028749286302,1179.99379765316
"BIGKAT _ P74 _ Left _ 4",43.929720081465,56.0590911310756,1183.73139531522,30.8039985115179,61.2039362825339,1180.0814647252
"BIGKAT _ P74 _ Left _ 4",44.9422634860022,57.3690576398955,1185.90951263774,31.487921529382,62.9002424775625,1181.20793447143
"BIGKAT _ P74 _ Left _ 4",45.671407731955,58.0446318046817,1187.46329510367,31.971616552678,65.8620374295166,1183.12576822135
"BIGKAT _ P74 _ Left _ 4",46.0731784379878,57.9815606005996,1188.1444366001,32.3110900724131,69.9566684543204,1185.7132465075
"BIGKAT _ P74 _ Left _ 4",46.1263525023342,57.0689506596705,1187.70738211816,32.6588887464755,75.1294975214178,1188.99828303024
"BIGKAT _ P74 _ Left _ 4",45.8330439588365,55.2435476460856,1185.99373319977,33.2141870759449,81.3307567939816,1193.1134817055
"BIGKAT _ P74 _ Left _ 4",45.2176825706372,52.5439524626979,1183.01227574186,34.1492162859186,88.4220087283636,1198.19938337955
"BIGKAT _ P74 _ Left _ 4",44.3235216474691,49.1441965196764,1178.98621229548,35.5319717725654,96.0996643233477,1204.2867108078
"BIGKAT _ P74 _ Left _ 4",43.207474490766,45.3525649512798,1174.34730844869,37.2710228861605,103.863475424451,1211.19394769875
"BIGKAT _ P74 _ Left _ 4",41.9353298434881,41.573045511933,1169.67345018637,39.1057609005056,111.04093174224,1218.47321259232
"BIGKAT _ P74 _ Left _ 4",40.5790006758381,38.2387341465312,1165.58505299812,40.6528849302069,116.86228772766,1225.4259508326
"BIGKAT _ P74 _ Left _ 4",39.2155089988342,35.7345353749867,1162.62884037436,41.5009518674588,120.57100322638,1231.19307915615
"BIGKAT _ P74 _ Left _ 4",37.9253091262985,34.3282429105377,1161.17955090199,41.3266479581935,121.550656471607,1234.90598335539
"BIGKAT _ P74 _ Left _ 4",36.7870120612772,34.125078235709,1161.38140822029,39.9960633174471,119.447910992855,1235.86910475785
"BIGKAT _ P74 _ Left _ 4",35.8673098888475,35.0536058547498,1163.13691380891,37.615744710856,114.268395299366,1233.73362130224
"BIGKAT _ P74 _ Left _ 4",35.2080196113236,36.8836011072163,1166.13766100142,34.5124171818995,106.419328662615,1228.61569095267
"BIGKAT _ P74 _ Left _ 4",34.8147773126588,39.2706167802194,1169.92496107119,31.1441711135497,96.6755800048367,1221.11560031755
"BIGKAT _ P74 _ Left _ 4",34.6523990874613,41.8177557166901,1173.96693403884,27.9718748050924,86.0617947182034,1212.21391846632
"BIGKAT _ P74 _ Left _ 4",34.649879941487,44.1420937860343,1177.73978251381,25.3357524630718,75.6721800966215,1203.06097885277
"BIGKAT _ P74 _ Left _ 4",34.7144216926625,45.9318684691015,1180.80115842507,23.3792052101333,66.4784635345018,1194.72259497905
"BIGKAT _ P74 _ Left _ 4",34.75061436697,46.982529539322,1182.84327584048,22.0415365152057,59.185745094391,1187.96831299448
"BIGKAT _ P74 _ Left _ 4",34.6794715925386,47.2057927339967,1183.71590515733,21.1150178116644,54.1759622409781,1183.16920702614
"BIGKAT _ P74 _ Left _ 4",34.4526823582764,46.6141784466937,1183.41660769008,20.3419396776093,51.540534458481,1180.322106531
"BIGKAT _ P74 _ Left _ 4",34.0593470270261,45.2905617141463,1182.05538372822,19.5189008837434,51.1700697249955,1179.16835465988
"BIGKAT _ P74 _ Left _ 4",33.5246216248739,43.3550491663257,1179.80832420666,18.577211358477,52.8555735567761,1179.35105279387
"BIGKAT _ P74 _ Left _ 4",32.9014810481846,40.9394766731508,1176.8760518217,17.6169213108075,56.3630508207799,1180.55673652146
"BIGKAT _ P74 _ Left _ 4",32.2579550522258,38.1746244332374,1173.45755883662,16.88514885999,61.4629007520386,1182.60441972722
"BIGKAT _ P74 _ Left _ 4",31.662685016855,35.1893405464544,1169.74149838782,16.7044786729578,67.9172539070701,1185.46625624447
"BIGKAT _ P74 _ Left _ 4",31.1716759640808,32.1164035332808,1165.90930636243,17.3710232195477,75.444643900158,1189.22394565407
"BIGKAT _ P74 _ Left _ 4",30.8188166357454,29.0986875267543,1162.14129036436,19.0508854177837,83.6865268390371,1193.98050103878
"BIGKAT _ P74 _ Left _ 4",30.6120144260852,26.2911478984972,1158.6190796554,21.7053617608872,92.1929499689378,1199.75586410789
"BIGKAT _ P74 _ Left _ 4",30.5354788099252,23.8575043871994,1155.52311702945,25.0679188733177,100.43110280814,1206.39596349081
"BIGKAT _ P74 _ Left _ 4",30.5570075358584,21.9626303133849,1153.02769149062,28.6814229577907,107.810577823917,1213.51918308215
"BIGKAT _ P74 _ Left _ 4",30.6377881233207,20.7614242898144,1151.29554748352,31.9871627147271,113.718791228497,1220.51491648128
"BIGKAT _ P74 _ Left _ 4",30.7418618414998,20.3836722688743,1150.47069084037,34.4434771314974,117.566464470198,1226.59939635184
"BIGKAT _ P74 _ Left _ 4",30.8430293856249,20.9144079948851,1150.66557186735,35.6446421588813,118.848554266175,1230.92560020186
"BIGKAT _ P74 _ Left _ 4",30.9281031116514,22.3716476869327,1151.94020035324,35.4105850954245,117.224018368739,1232.73492056141
"BIGKAT _ P74 _ Left _ 4",30.9964877050798,24.6871095986417,1154.27572077364,33.8241113430899,112.606814674921,1231.52602352617
"BIGKAT _ P74 _ Left _ 4",31.0568055896929,27.6981039189155,1157.55088970738,31.2039359183639,105.244850364914,1227.20199545429
"BIGKAT _ P74 _ Left _ 4",31.12164777459,31.1575622166616,1161.53304285124,28.018357188379,95.7523622819433,1220.14748776311
"BIGKAT _ P74 _ Left _ 4",31.2016863822428,34.7633529341118,1165.89247765824,24.7632975260001,85.0650244551946,1211.19465040151
"BIGKAT _ P74 _ Left _ 4",31.3004535991367,38.1999792039492,1170.2407189564,21.8426650491219,74.3109908151239,1201.46858778495
"BIGKAT _ P74 _ Left _ 4",31.4109773916949,41.1801514594603,1174.18300238233,19.4896569069967,64.6268562444371,1192.15223336971
"BIGKAT _ P74 _ Left _ 4",31.515067739533,43.474305100102,1177.36940196721,17.7518211562394,56.9742891632065,1184.24937063337
"BIGKAT _ P74 _ Left _ 4",31.5855055560316,44.9227303215857,1179.53087976054,16.5379289068271,52.0119702254069,1178.42491248048
"BIGKAT _ P74 _ Left _ 4",31.5908749550913,45.4335587872765,1180.49487970628,15.703190272156,50.0489138997584,1174.9620207138
"BIGKAT _ P74 _ Left _ 4",31.5022646204878,44.975421341341,1180.18479610855,15.1389522323591,51.069410075038,1173.82331835032
"BIGKAT _ P74 _ Left _ 4",31.3004514792773,43.5734394283297,1178.61320447393,14.8346728079239,54.7984378315492,1174.76841700374
"BIGKAT _ P74 _ Left _ 4",30.9816066174345,41.3120944740581,1175.87762277959,14.8908336572596,60.7763235017986,1177.47368411373
"BIGKAT _ P74 _ Left _ 4",30.5594779739145,38.3416924434218,1172.16115486498,15.4779142338853,68.4244511453116,1181.6156797277
"BIGKAT _ P74 _ Left _ 4",30.062907599178,34.8805196439504,1167.73272152957,16.7547355245037,77.0973529955317,1186.90316260222
"BIGKAT _ P74 _ Left _ 4",29.5293885848198,31.2050731118536,1162.93762339318,18.774572975511,86.1228945649024,1193.06261905244
"BIGKAT _ P74 _ Left _ 4",28.9971592057694,27.6258859100089,1158.17210815249,21.4139537898115,94.8320894715152,1199.79412161183
"BIGKAT _ P74 _ Left _ 4",28.4987646164897,24.453310691199,1153.84394662438,24.3534120979853,102.579156737424,1206.71908206525
"BIGKAT _ P74 _ Left _ 4",28.057826866088,21.9618357436253,1150.32856031443,27.1229319758666,108.755573823334,1213.34232258001
"BIGKAT _ P74 _ Left _ 4",27.689002840937,20.3607291730669,1147.93117410956,29.2033197153228,112.808154455186,1219.04949447211
"BIGKAT _ P74 _ Left _ 4",27.3999147240951,19.7744130317125,1146.85993514704,30.1557537545742,114.274653832457,1223.15580520913
"BIGKAT _ P74 _ Left _ 4",27.1935373004946,20.2317585926045,1147.20849731843,29.7411088228047,112.845280951697,1225.01025787664
"BIGKAT _ P74 _ Left _ 4",27.0699423457439,21.6625086870627,1148.94444377888,27.991416657675,108.444016087231,1224.14045359034
"BIGKAT _ P74 _ Left _ 4",27.0271124505682,23.9012306795208,1151.90290686536,25.2083588886054,101.305291721056,1220.40086503681
"BIGKAT _ P74 _ Left _ 4",27.0612453075794,26.7017447252393,1155.78979317684,21.8856888283847,92.0091235243224,1214.07154578112
"BIGKAT _ P74 _ Left _ 4",27.1671044320219,29.7646227516337,1160.20189979737,18.5781884488562,81.4412820079299,1205.85644925837
"BIGKAT _ P74 _ Left _ 4",27.3385548100382,32.7760741877345,1164.66878586954,15.759419825226,70.6691993651459,1196.76000525074
"BIGKAT _ P74 _ Left _ 4",27.5689699730483,35.4505002062241,1168.7132932811,13.7140380978187,60.7613836221697,1187.87162227873
"BIGKAT _ P74 _ Left _ 4",27.8511175918414,37.5653530285941,1171.91792937221,12.4953209088815,52.6076985314109,1180.13314425071
"BIGKAT _ P74 _ Left _ 4",28.1763575426924,38.9788728794213,1173.97941552809,11.9534848487428,46.7993534188616,1174.17219078624
"BIGKAT _ P74 _ Left _ 4",28.5333229049695,39.6283642862166,1174.73772343627,11.8180442981956,43.5983306704707,1170.24860287497
"BIGKAT _ P74 _ Left _ 4",28.9065855918868,39.5148019215733,1174.1766641445,11.805078927032,42.9855172980429,1168.30820612904
"BIGKAT _ P74 _ Left _ 4",29.2758930955884,38.6838860905398,1172.40370451427,11.7177044719311,44.7492980750485,1168.10037324337
"BIGKAT _ P74 _ Left _ 4",29.6162457850481,37.2120858137895,1169.62105975393,11.512569898587,48.5728477133443,1169.30658414802
"BIGKAT _ P74 _ Left _ 4",29.898728869559,35.2004618014117,1166.09687166743,11.3148664849931,54.0937533283067,1171.63959878186
"BIGKAT _ P74 _ Left _ 4",30.0921250620529,32.7732134819559,1162.13820213115,11.3779127509946,60.9312341845681,1174.8935757777
"BIGKAT _ P74 _ Left _ 4",30.1657696976067,30.0755198337163,1158.06276373164,11.998920006051,68.6922128201008,1178.94412430192
"BIGKAT _ P74 _ Left _ 4",30.0941283475539,27.2672008660849,1154.16761821981,13.4160613507678,76.9715276088481,1183.70966507296
"BIGKAT _ P74 _ Left _ 4",29.8627210414141,24.5128878830952,1150.69898591594,15.7181689313269,85.3550815519766,1189.0921400366
"BIGKAT _ P74 _ Left _ 4",29.4737187110268,21.9724270708278,1147.83230875615,18.7939279934816,93.4251565987077,1194.91746596119
"BIGKAT _ P74 _ Left _ 4",28.948817035144,19.7950229800256,1145.67090989976,22.3339010425482,100.762416019684,1200.89445126113
"BIGKAT _ P74 _ Left _ 4",28.3275925040999,18.1174962228168,1144.2644574444,25.8820988317496,106.942324065563,1206.60564316314
"BIGKAT _ P74 _ Left _ 4",27.661269642642,17.0632531969508,1143.6388764505,28.9209674708893,111.531943639137,1211.53630293487
"BIGKAT _ P74 _ Left _ 4",27.0036764386405,16.7367031270977,1143.82288494341,30.9685515428715,114.10029659843,1215.13967960009
"BIGKAT _ P74 _ Left _ 4",26.4020947999992,17.2092747561344,1144.85673097022,31.6685559105737,114.256210210288,1216.92828332234
"BIGKAT _ P74 _ Left _ 4",25.8903260024842,18.4975024144766,1146.77610128559,30.8588849542121,111.719404905404,1216.57290938127
"BIGKAT _ P74 _ Left _ 4",25.4850365319434,20.5390833013047,1149.57523856696,28.6079126372659,106.414910559643,1213.9860410153
"BIGKAT _ P74 _ Left _ 4",25.1853148532697,23.176931822921,1153.16316687884,25.2097116538798,98.5627493022175,1209.3660733851
"BIGKAT _ P74 _ Left _ 4",24.9750687033952,26.1617852945066,1157.33165717566,21.1330966555741,88.7226697266792,1203.18453347396
"BIGKAT _ P74 _ Left _ 4",24.8281184994213,29.1794486178116,1161.75160009359,16.9287105685595,77.7581346189599,1196.11077197435
"BIGKAT _ P74 _ Left _ 4",24.7156077048874,31.8998810684361,1166.00608871721,13.1132807899301,66.7108321213376,1188.88735288664
"BIGKAT _ P74 _ Left _ 4",24.6142878424955,34.0355831110991,1169.65555209514,10.0628632818385,56.6177272801207,1182.19001952001
"BIGKAT _ P74 _ Left _ 4",24.5132395201818,35.3916600963836,1172.31724815309,7.94703969420613,48.3323194537605,1176.51713832603
"BIGKAT _ P74 _ Left _ 4",24.4168638419512,35.8931712368345,1173.73504599391,6.72150481307734,42.4087791333817,1172.14341522438
"BIGKAT _ P74 _ Left _ 4",24.343647049202,35.5852099113454,1173.81978660815,6.17625547960187,39.0748057524647,1169.14381077214
"BIGKAT _ P74 _ Left _ 4",24.3221361142826,34.6115326983487,1172.65278958199,6.02129746596682,38.280075744491,1167.46391470165
"BIGKAT _ P74 _ Left _ 4",24.3864058414872,33.1827808598848,1170.45776238279,5.98521999626282,39.7839832976172,1166.99972779543
"BIGKAT _ P74 _ Left _ 4",24.5725787159004,31.5439443455988,1167.5534007834,5.9022674708152,43.2450920447401,1167.65565077882
"BIGKAT _ P74 _ Left _ 4",24.9164411488903,29.9454244205165,1164.29910078291,5.76790118229151,48.2888273513845,1169.36646457285
"BIGKAT _ P74 _ Left _ 4",25.4511531152884,28.6171711634361,1161.04222581537,5.74984030167695,54.5484794159376,1172.08747988121
"BIGKAT _ P74 _ Left _ 4",26.2040909956168,27.7440463272929,1158.07162795307,6.1507978026834,61.6870469469375,1175.76894956146
"BIGKAT _ P74 _ Left _ 4",27.1926065489453,27.4431080607987,1155.58157230365,7.32987178326677,69.4081726771182,1180.33156450575
"BIGKAT _ P74 _ Left _ 4",28.4191554123277,27.7475132443006,1153.65234730727,9.59959602865293,77.4564279423332,1185.65077648197
"BIGKAT _ P74 _ Left _ 4",29.8664344273714,28.6038282830289,1152.25521583546,13.1219966337663,85.6002145485239,1191.54655855292
"BIGKAT _ P74 _ Left _ 4",31.4931308717568,29.8876097260769,1151.28623023938,17.8281421598128,93.5929943250092,1197.77075165881
"BIGKAT _ P74 _ Left _ 4",33.2312399337881,31.4363724971871,1150.62450841797,23.3823500700589,101.120802285576,1203.98965508427
"BIGKAT _ P74 _ Left _ 4",34.9867025597858,33.0918926699804,1150.19884824131,29.2054668886953,107.758390659997,1209.77103090149
"BIGKAT _ P74 _ Left _ 4",36.6453959327235,34.7387017588763,1150.03864112438,34.5611001959345,112.962767038524,1214.59385381114
"BIGKAT _ P74 _ Left _ 4",38.0852941555505,36.3254804111415,1150.28676139472,38.693743307101,116.125333035954,1217.89823888906
"BIGKAT _ P74 _ Left _ 4",39.193207002607,37.8614523317869,1151.16404975778,40.990534991559,116.683956293597,1219.17965897613
"BIGKAT _ P74 _ Left _ 4",39.8822489686808,39.3889131509026,1152.89261758397,41.1249990043217,114.271917932063,1218.11049413117
"BIGKAT _ P74 _ Left _ 4",40.1052684562684,40.9423062526853,1155.60190874167,39.1390389936597,108.861076830399,1214.65257388326
"BIGKAT _ P74 _ Left _ 4",39.8603250042335,42.5100402407057,1159.25077663156,35.433392543436,100.84928152978,1209.11697002406
"BIGKAT _ P74 _ Left _ 4",39.1867208569367,44.0145834259183,1163.59578113927,30.6649525731196,91.0520464012025,1202.13912604513
"BIGKAT _ P74 _ Left _ 4",38.1532280149516,45.3187883451581,1168.21984275117,25.5821826489751,80.5866223310069,1194.56763634619
"BIGKAT _ P74 _ Left _ 4",36.8427481981119,46.2552439922342,1172.6124183952,20.8521598525811,70.6749705591987,1187.30066115344
"BIGKAT _ P74 _ Left _ 4",35.3385829899204,46.666676074645,1176.27350922712,16.9326106909291,62.4230433147093,1181.12466076394
"BIGKAT _ P74 _ Left _ 4",33.7163683992789,46.4434554832823,1178.80841606365,14.0203924812834,56.6394541872649,1176.60281138565
"BIGKAT _ P74 _ Left _ 4",32.0430477108417,45.5486685527229,1179.98936784291,12.0773879649268,53.7346702948053,1174.03142155731
"BIGKAT _ P74 _ Left _ 4",30.3811417670875,44.0275770312649,1179.77652451148,10.9105515258709,53.708252037758,1173.45248208903
"BIGKAT _ P74 _ Left _ 4",28.7943166286875,42.0025594553811,1178.30444677589,10.2720529254246,56.2063966566823,1174.69647530506
"BIGKAT _ P74 _ Left _ 4",27.3498650217413,39.6558319879998,1175.84533552843,9.94744948228217,60.6236245219443,1177.43418316528
"BIGKAT _ P74 _ Left _ 4",26.1154091336336,37.2020630877887,1172.75843046865,9.81039417149356,66.2259888558841,1181.22989295277
"BIGKAT _ P74 _ Left _ 4",25.150021941159,34.8535543183333,1169.43141075722,9.83666855962399,72.2788062980928,1185.5990710119
"BIGKAT _ P74 _ Left _ 4",24.4926135808368,32.7828778346944,1166.21923548647,10.0835893502117,78.1632863689684,1190.07415337612
"BIGKAT _ P74 _ Left _ 4",24.1516675690376,31.0908021326027,1163.38913622503,10.6491169519582,83.4642868814279,1194.27354526658
"BIGKAT _ P74 _ Left _ 4",24.0998757451946,29.7887158059652,1161.08381577618,11.6263647593189,88.0111666106615,1197.95857274348
"BIGKAT _ P74 _ Left _ 4",24.2754719865536,28.8025377806175,1159.31376553374,13.0649389036476,91.8599537421996,1201.05886346899
"BIGKAT _ P74 _ Left _ 4",24.5901328705293,27.9991373577061,1157.98232251912,14.9443646873718,95.2177219229825,1203.65191487553
"BIGKAT _ P74 _ Left _ 4",24.9418726907938,27.2287177761924,1156.93644194625,17.1604021631171,98.325138231006,1205.89613993809
"BIGKAT _ P74 _ Left _ 4",25.230431987064,26.3708274404286,1156.02759045205,19.5238461883782,101.325790411876,1207.93388011828
"BIGKAT _ P74 _ Left _ 4",25.3721240336829,25.3704397293463,1155.16487906099,21.7727316465903,104.157500846345,1209.79485487388
"BIGKAT _ P74 _ Left _ 4",25.3111580334206,24.2543388816658,1154.34666526511,23.6004845898388,106.49929389706,1211.33462733357
"BIGKAT _ P74 _ Left _ 4",25.0253612409459,23.1246893576762,1153.66399598564,24.7016878568296,107.79727457142,1212.23425578534
"BIGKAT _ P74 _ Left _ 4",24.5257699442923,22.1330123017438,1153.27607542514,24.8320337661131,107.374207894102,1212.06880226758
"BIGKAT _ P74 _ Left _ 4",23.8510702084028,21.441924486779,1153.36356505014,23.8707183412622,104.603935032955,1210.4293367956
"BIGKAT _ P74 _ Left _ 4",23.0587740374031,21.1839096659607,1154.07065891554,21.8660064572807,99.1083165166796,1207.06239271556
"BIGKAT _ P74 _ Left _ 4",22.2152847235917,21.426873343078,1155.4512011756,19.0433863981346,90.9187658676189,1201.97989738314
"BIGKAT _ P74 _ Left _ 4",21.3868964846661,22.1552702574286,1157.43526386551,15.7646521643055,80.5451346814447,1195.49777630317
"BIGKAT _ P74 _ Left _ 4",20.6333318566358,23.2720907595984,1159.82789308105,12.4446209700322,68.9180674117418,1188.18480355796
"BIGKAT _ P74 _ Left _ 4",20.0044412015424,24.6203784311719,1162.34113228302,9.45205767251229,57.2148964976924,1180.73865203512
"BIGKAT _ P74 _ Left _ 4",19.5392662478472,26.0153582974806,1164.64813774341,7.03055087311697,46.6267660257889,1173.83761200001
"BIGKAT _ P74 _ Left _ 4",19.2655829215797,27.2743567334154,1166.44077796951,5.26670806564503,38.1484767732392,1168.02537674809
"BIGKAT _ P74 _ Left _ 4",19.1982242150563,28.234958628508,1167.47388439693,4.11254403447027,32.4551167738062,1163.66540577465
"BIGKAT _ P74 _ Left _ 4",19.3359956473197,28.7606070372218,1167.58872870642,3.44871154178909,29.8819631525468,1160.96338053379
"BIGKAT _ P74 _ Left _ 4",19.6587575211516,28.7410344151185,1166.71890489515,3.16346892621505,30.4777841518705,1160.02446486813
"BIGKAT _ P74 _ Left _ 4",20.1269901062664,28.0970388779893,1164.88726133152,3.21971561152993,34.0812642264571,1160.90216548857
"BIGKAT _ P74 _ Left _ 4",20.6854250524469,26.7943410090131,1162.20094803228,3.68691816334199,40.3789511163782,1163.60782816553
"BIGKAT _ P74 _ Left _ 4",21.2706426346358,24.8632680739263,1158.84591972999,4.72481844449049,48.9284602744237,1168.07461905223
"BIGKAT _ P74 _ Left _ 4",21.8209435455,22.4150241306146,1155.07724291562,6.52020594042997,59.1564097476041,1174.09525838534
"BIGKAT _ P74 _ Left _ 4",22.2861599671265,19.6447837178447,1151.20078949139,9.19415166651637,70.3542615469266,1181.26809695531
"BIGKAT _ P74 _ Left _ 4",22.6354193593202,16.8167369863949,1147.54558972402,12.710233198112,81.6930693886392,1188.98484066638
"BIGKAT _ P74 _ Left _ 4",22.8615434145164,14.2333104999256,1144.43133863428,16.8185853509154,92.2659207126212,1196.47654388585
"BIGKAT _ P74 _ Left _ 4",22.9811618917667,12.1959392816566,1142.13828877795,21.0622897245057,101.155020779883,1202.91172855313
"BIGKAT _ P74 _ Left _ 4",23.0298754029228,10.9655855386462,1140.88489104755,24.8532470644791,107.515612368859,1207.5233464789
"BIGKAT _ P74 _ Left _ 4",23.0525780949457,10.7285006776046,1140.81342334615,27.6011501040226,110.66995285175,1209.7357396652
"BIGKAT _ P74 _ Left _ 4",23.0906960680716,11.5695784327887,1141.97930920696,28.8599041441617,110.204888062044,1209.26606055541
"BIGKAT _ P74 _ Left _ 4",23.1699824710966,13.454789361738,1144.33949894656,28.4470444806289,106.061058006698,1206.18038467062
"BIGKAT _ P74 _ Left _ 4",23.2933733927227,16.2258781192041,1147.73993995923,26.4965502754442,98.5916400494803,1200.89021071289
"BIGKAT _ P74 _ Left _ 4",23.4423381996342,19.6122914406108,1151.90880442329,23.4244660906693,88.5617734324266,1194.08331916484
"BIGKAT _ P74 _ Left _ 4",23.5872188996971,23.2638428113966,1156.4657745071,19.816189319581,77.0667694985855,1186.5981329967
"BIGKAT _ P74 _ Left _ 4",23.7032855893854,26.8015666010952,1160.95480999127,16.2736788867842,65.3722434803352,1179.27064800986
"BIGKAT _ P74 _ Left _ 4",23.7863580488116,29.8761794356602,1164.89919166245,13.2755423199511,54.7132167702161,1172.79742487781
"BIGKAT _ P74 _ Left _ 4",23.8615635582945,32.218947089831,1167.86810456245,11.0942921851195,46.1112851530579,1167.65527864553
"BIGKAT _ P74 _ Left _ 4",23.9816387890465,33.6725273512968,1169.53920663863,9.78867058241573,40.2619034832214,1164.09527034289
"BIGKAT _ P74 _ Left _ 4",24.2157584255763,34.1983237542975,1169.74370203213,9.26027852107871,37.5103272294125,1162.19637629182
"BIGKAT _ P74 _ Left _ 4",24.6336682896612,33.8662360255366,1168.48694924513,9.34526732548192,37.8964665953335,1161.94093503353
"BIGKAT _ P74 _ Left _ 4",25.290993528594,32.8365850150923,1165.94416788444,9.90642544939645,41.2282265636985,1163.27158335913
"BIGKAT _ P74 _ Left _ 4",26.2198038897424,31.3408617473643,1162.43453594247,10.8955706085314,47.1468195814734,1166.10631884277
"BIGKAT _ P74 _ Left _ 4",27.4252276295929,29.6612323485929,1158.37813799455,12.3673393400797,55.1674760888609,1170.31336245032
"BIGKAT _ P74 _ Left _ 4",28.8860647637349,28.1040331462609,1154.24102520111,14.4409655201114,64.7003562264979,1175.66791948007
"BIGKAT _ P74 _ Left _ 4",30.5564587835072,26.9635641079208,1150.47558206902,17.2236025468667,75.0675708831022,1181.82020863222
"BIGKAT _ P74 _ Left _ 4",32.3670274172665,26.4787029772298,1147.46553858987,20.7223792998009,85.5295836982599,1188.29662080757
"BIGKAT _ P74 _ Left _ 4",34.2262839901782,26.791927100235,1145.48507383064,24.7773067733336,95.3237001588781,1194.53907828826
"BIGKAT _ P74 _ Left _ 4",36.0248525580998,27.9234686330553,1144.67848852467,29.0409264304724,103.709014910195,1199.97125246713
"BIGKAT _ P74 _ Left _ 4",37.6446348329628,29.7702489009693,1145.06185463133,33.0158465314505,110.012411157028,1204.07258791426
"BIGKAT _ P74 _ Left _ 4",38.9728893352847,32.131137083314,1146.54264350236,36.1439529789971,113.67679486973,1206.44398844945
"BIGKAT _ P74 _ Left _ 4",39.918525730423,34.7508468496639,1148.94921195622,37.9263527925231,114.317523970137,1206.85728666776
"BIGKAT _ P74 _ Left _ 4",40.4264755658327,37.3690428273712,1152.06071358123,38.0436107399813,111.788858975865,1205.28647876774
"BIGKAT _ P74 _ Left _ 4",40.4866067129516,39.7616997391498,1155.63044435731,36.4428690826379,106.249045992626,1201.91830035529
"BIGKAT _ P74 _ Left _ 4",40.1356722892543,41.7673500863618,1159.40097341453,33.3639571745504,98.1980500394522,1197.13594433441
"BIGKAT _ P74 _ Left _ 4",39.4526571206916,43.2974047178793,1163.11476319748,29.2923107986097,88.4575534269082,1191.4696300588
"BIGKAT _ P74 _ Left _ 4",38.5485525181604,44.3333089191801,1166.52591007489,24.8499202078445,78.0767768586014,1185.51641653336
"BIGKAT _ P74 _ Left _ 4",37.5514842553926,44.9132733258601,1169.41561828844,20.6574221771634,68.1770575662026,1179.8465269793
"BIGKAT _ P74 _ Left _ 4",36.5884697128621,45.1103804292254,1171.60839931585,17.2093438020584,59.7769579156457,1174.92408558747
"BIGKAT _ P74 _ Left _ 4",35.7663790043637,45.0050091240829,1172.98282686413,14.7958013477002,53.6487409092096,1171.06641780515
"BIGKAT _ P74 _ Left _ 4",35.1561058845721,44.657829168736,1173.47314736592,13.48411664354,50.2402126265724,1168.4482324425
"BIGKAT _ P74 _ Left _ 4",34.7842100923858,44.0921096584871,1173.06410081695,13.1541775134707,49.6660098650615,1167.13649210434
"BIGKAT _ P74 _ Left _ 4",34.6346426490691,43.2926604122944,1171.78572208221,13.5691418962545,51.7489696093905,1167.13104545228
"BIGKAT _ P74 _ Left _ 4",34.6599431567195,42.2229280237106,1169.71401355971,14.4588734001056,56.0857256619998,1168.38961386407
"BIGKAT _ P74 _ Left _ 4",34.7978427017066,40.8540328329985,1166.97759386246,15.5948985552693,62.1185119057271,1170.82964700842
"BIGKAT _ P74 _ Left _ 4",34.9873145784784,39.1936666724991,1163.7634205211,16.8407581691538,69.2076342976845,1174.31580354737
"BIGKAT _ P74 _ Left _ 4",35.1789437760816,37.3020244130101,1160.31126191269,18.1693609065408,76.7065847153468,1178.65159941447
"BIGKAT _ P74 _ Left _ 4",35.3375514559453,35.2871987066579,1156.88994878718,19.6479196135414,84.0396759406723,1183.59132556511
"BIGKAT _ P74 _ Left _ 4",35.4384513921085,33.2814227239109,1153.75760775384,21.398757323798,90.7730695328377,1188.87485886406
"BIGKAT _ P74 _ Left _ 4",35.4607979732109,31.4078460027864,1151.11778266092,23.5482888319674,96.6621517160722,1194.27200718836
"BIGKAT _ P74 _ Left _ 4",35.3817911938082,29.7513179316066,1149.08743907466,26.1763694560084,101.658630799273,1199.61484826367
"BIGKAT _ P74 _ Left _ 4",35.1746675274065,28.3446186426231,1147.68884410058,29.2756586791416,105.8705858721,1204.80078146413
"BIGKAT _ P74 _ Left _ 4",34.8120557835235,27.1751586356803,1146.86786605093,32.7276734750007,109.482963451435,1209.76222010041
"BIGKAT _ P74 _ Left _ 4",34.2745506909794,26.2092959445748,1146.53154876908,36.2995697105753,112.658091088811,1214.41340399351
"BIGKAT _ P74 _ Left _ 4",33.5623051156741,25.4250087419424,1146.59197643809,39.6631609780916,115.441750426715,1218.59463106356
"BIGKAT _ P74 _ Left _ 4",32.7055263178386,24.8406538710608,1147.00271076603,42.4350563711535,117.699954732491,1222.03706182479
"BIGKAT _ P74 _ Left _ 4",31.7688504825185,24.5285404369919,1147.77735710542,44.2342048237485,119.106306380385,1224.36736838476
"BIGKAT _ P74 _ Left _ 4",30.8455240552421,24.6064232376863,1148.98500932297,44.7503845049832,119.190606341902,1225.16152938865
"BIGKAT _ P74 _ Left _ 4",30.0403704350127,25.2064163982597,1150.72272980122,43.8133316515508,117.446048275827,1224.04202585633
"BIGKAT _ P74 _ Left _ 4",29.4447846568397,26.427804834616,1153.07042760164,41.446883226525,113.475273687329,1220.79543939736
"BIGKAT _ P74 _ Left _ 4",29.1107440047195,28.2865366103874,1156.03891441067,37.8882887861603,107.138271492103,1215.47357992187
"BIGKAT _ P74 _ Left _ 4",29.0323948507336,30.6782066859689,1159.52684697778,33.555627476263,98.6548863558352,1208.43815521468
"BIGKAT _ P74 _ Left _ 4",29.1423423474214,33.3705422790839,1163.30360771298,28.9610416974202,88.6203813239688,1200.32274173168
"BIGKAT _ P74 _ Left _ 4",29.3255207151667,36.0335519983725,1167.0292914554,24.5912553186729,77.9185492984052,1191.91572065636
"BIGKAT _ P74 _ Left _ 4",29.4477040871077,38.3019193439559,1170.30995648526,20.7961690771504,67.5561790878565,1184.0018563194
"BIGKAT _ P74 _ Left _ 4",29.3905174738154,39.8511395186601,1172.77207669672,17.726598509411,58.4754679907392,1177.21887688913
"BIGKAT _ P74 _ Left _ 4",29.082571736344,40.4637609678095,1174.13281623156,15.341556218811,51.4065726128193,1171.97586731216
"BIGKAT _ P74 _ Left _ 4",28.5181135679227,40.0675294501743,1174.24625545189,13.4768605402352,46.7971363157893,1168.4482017112
"BIGKAT _ P74 _ Left _ 4",27.7591651404145,38.7390962840841,1173.11696261813,11.9457314003943,44.8171665488066,1166.6297165444
"BIGKAT _ P74 _ Left _ 4",26.9220733855569,36.6783018318363,1170.88432263917,10.6351359361377,45.4101062660734,1166.40553564427
"BIGKAT _ P74 _ Left _ 4",26.1529392813655,34.1643431389697,1167.78807845929,9.56716290530299,48.3558483347061,1167.6127938109
"BIGKAT _ P74 _ Left _ 4",25.5982001758552,31.5059584177445,1164.12628386696,8.90784302945098,53.3236312213757,1170.0734156307
"BIGKAT _ P74 _ Left _ 4",25.3768803292709,28.9952673091321,1160.21396511287,8.92194571009674,59.9092943802163,1173.60141631651
"BIGKAT _ P74 _ Left _ 4",25.5598259393582,26.8716083694387,1156.34784242407,9.88738058069702,67.6616678947377,1177.99799095533
"BIGKAT _ P74 _ Left _ 4",26.1589623577856,25.2989730368163,1152.78093060583,11.9936576867538,76.1037597463019,1183.04766558589
"BIGKAT _ P74 _ Left _ 4",27.1270045939896,24.3583689936245,1149.70968623999,15.2531733376158,84.7496381907987,1188.52075459321
"BIGKAT _ P74 _ Left _ 4",28.3658774273039,24.0540565377361,1147.27417502601,19.4510749498256,93.1138565481267,1194.17762545392
"BIGKAT _ P74 _ Left _ 4",29.7408523012082,24.3300355917254,1145.56840211677,24.1499504328564,100.711262749869,1199.76513714093
"BIGKAT _ P74 _ Left _ 4",31.0972723808025,25.091128176465,1144.65466943992,28.7518881560704,107.051147061762,1204.99918430966
"BIGKAT _ P74 _ Left _ 4",32.2775225086888,26.2224609567067,1144.57418631045,32.6058421687179,111.637301482905,1209.53953191371
"BIGKAT _ P74 _ Left _ 4",33.1370461073893,27.60264401338,1145.3473373219,35.1361893834133,113.989485694315,1212.97764453798
"BIGKAT _ P74 _ Left _ 4",33.5590641171074,29.1091733415506,1146.96114619773,35.9617366246729,113.697708657383,1214.86340451646
"BIGKAT _ P74 _ Left _ 4",33.467807593364,30.6184326933286,1149.34739530207,34.9751360305007,110.507749830738,1214.78379453415
"BIGKAT _ P74 _ Left _ 4",32.8395043911908,32.0055020785786,1152.36042710932,32.3614709522465,104.418450774323,1212.4792204747
"BIGKAT _ P74 _ Left _ 4",31.7093934060298,33.1492619436219,1155.76653446878,28.5504270483351,95.7564014539972,1207.95653051202
"BIGKAT _ P74 _ Left _ 4",30.1723495009221,33.9453505977995,1159.25509575203,24.1148445298796,85.1904113802094,1201.54846995614
"BIGKAT _ P74 _ Left _ 4",28.3750342590025,34.3241660891615,1162.47433818816,19.643529752527,73.6623171275694,1193.8841677695
"BIGKAT _ P74 _ Left _ 4",26.499094470668,34.2658132386954,1165.08376973888,15.6226421416113,62.2409303212951,1185.76930702385
"BIGKAT _ P74 _ Left _ 4",24.7372569427955,33.8024116671186,1166.8068081258,12.3555609033612,51.9403734850493,1178.0138791248
"BIGKAT _ P74 _ Left _ 4",23.2662393232407,33.0029657538991,1167.46720754772,9.93800172187471,43.5628509041,1171.27009611505
"BIGKAT _ P74 _ Left _ 4",22.2215116644291,31.9452007540804,1167.00175602926,8.28878187405744,37.6149053299189,1165.93739572119
"BIGKAT _ P74 _ Left _ 4",21.6788998044209,30.686658435944,1165.45268768975,7.22261456229004,34.3109337793773,1162.15812460805
"BIGKAT _ P74 _ Left _ 4",21.646808364334,29.2487186889913,1162.94916800645,6.5424843617479,33.6400227490361,1159.88746005781
"BIGKAT _ P74 _ Left _ 4",22.0705368467809,27.621216999371,1159.68615593407,6.12576622753738,35.452271089409,1158.99612636579
"BIGKAT _ P74 _ Left _ 4",22.8472704856858,25.7854874642035,1155.90391662985,5.97997632698794,39.5248406877049,1159.36221194425
"BIGKAT _ P74 _ Left _ 4",23.8478538062814,23.7452918794395,1151.86697117383,6.25104550491573,45.5888332324126,1160.92304936325
"BIGKAT _ P74 _ Left _ 4",24.9403198708219,21.5523038968734,1147.84054222489,7.17920748092561,53.3222359115159,1163.6782729944
"BIGKAT _ P74 _ Left _ 4",26.0105334562904,19.3163823246212,1144.06576048756,9.01309687432655,62.3293394896119,1167.65155422779
"BIGKAT _ P74 _ Left _ 4",26.9766800576375,17.1980787614513,1140.73908096457,11.9069473110867,72.1279911581498,1172.82789107222
"BIGKAT _ P74 _ Left _ 4",27.796031556959,15.3875675349104,1138.00268331664,15.8331549119455,82.1560763903456,1179.08684202069
"BIGKAT _ P74 _ Left _ 4",28.4640249399291,14.0775928943668,1135.94941906154,20.5391683400395,91.7960941610647,1186.15130570938
"BIGKAT _ P74 _ Left _ 4",29.006922572631,13.4376157637939,1134.63977917294,25.5644382496998,100.409504006767,1193.56703916047
"BIGKAT _ P74 _ Left _ 4",29.4699806706066,13.5934558171574,1134.12289795632,30.3151750285455,107.373795459211,1200.72122580715
"BIGKAT _ P74 _ Left _ 4",29.9032477701468,14.6133353744622,1134.45156084344,34.1785823732379,112.122213650665,1206.90113264317
"BIGKAT _ P74 _ Left _ 4",30.3472364769139,16.4989134894383,1135.68313085912,36.6485000848217,114.19234175553,1211.38775824146
"BIGKAT _ P74 _ Left _ 4",30.8209251005088,19.1795063205312,1137.86313545437,37.4317802516781,113.289083989902,1213.57387965665
"BIGKAT _ P74 _ Left _ 4",31.3145517731016,22.5093587779163,1140.99440555062,36.5082208639665,109.357791236705,1213.08893438127
"BIGKAT _ P74 _ Left _ 4",31.789098555309,26.2705353251535,1145.00061526992,34.1264456771888,102.648195024605,1209.90355551955
"BIGKAT _ P74 _ Left _ 4",32.1831997297346,30.1855442871404,1149.69703285897,30.7345770525292,93.7387361569688,1204.37814093866
"BIGKAT _ P74 _ Left _ 4",32.4266586335004,33.9423797916101,1154.78130661679,26.86567811823,83.494242946615,1197.22316034493
"BIGKAT _ P74 _ Left _ 4",32.4580456459581,37.2304318270207,1159.85224801625,23.0152735158484,72.9519717893086,1189.3641738556
"BIGKAT _ P74 _ Left _ 4",32.2422903840048,39.7807527137222,1164.45604319431,19.5510348905703,63.1631105256049,1181.74664690455
"BIGKAT _ P74 _ Left _ 4",31.7833672248382,41.401175458462,1168.15028450345,16.6795279421855,55.0392588611711,1175.14903106813
"BIGKAT _ P74 _ Left _ 4",31.1278670188853,41.9977175206759,1170.57043370025,14.470118513742,49.249446349498,1170.07035280096
"BIGKAT _ P74 _ Left _ 4",30.3578079608862,41.5785687432458,1171.48328013189,12.9150293470306,46.1848349919527,1166.7195686397
"BIGKAT _ P74 _ Left _ 4",29.5746962843484,40.2433339069466,1170.81739085031,11.995350079552,45.9756013519688,1165.08533034304
"BIGKAT _ P74 _ Left _ 4",28.8797768558357,38.1645423583643,1168.66859255209,11.725692114819,48.5284924164511,1165.03661909679
"BIGKAT _ P74 _ Left _ 4",28.3561033116306,35.5684959192018,1165.28506858525,12.1611091604269,53.5595802402126,1166.40657321464
"BIGKAT _ P74 _ Left _ 4",28.0565852525849,32.7188267727854,1161.03863128994,13.364757174073,60.6148672195642,1169.03291893561
"BIGKAT _ P74 _ Left _ 4",27.9997425561113,29.9014469590353,1156.38663223836,15.3499233693506,69.087642588713,1172.7527141304
"BIGKAT _ P74 _ Left _ 4",28.1725191783854,27.4068775082018,1151.82660477382,18.0210293309187,78.2472925457932,1177.36710663154
"BIGKAT _ P74 _ Left _ 4",28.5376655279403,25.5065380858973,1147.84607114092,21.1402646515007,87.2891285537966,1182.60084978195
"BIGKAT _ P74 _ Left _ 4",29.0423323851146,24.4227049396071,1144.8720866561,24.3378262655038,95.4041208052494,1188.08104023751
"BIGKAT _ P74 _ Left _ 4",29.6249902002202,24.2958148043741,1143.22631560744,27.167592096778,101.858142468278,1193.35047774382
"BIGKAT _ P74 _ Left _ 4",30.2193913152218,25.1560409600547,1143.09079480502,29.193284456713,106.066806741123,1197.91656007235
"BIGKAT _ P74 _ Left _ 4",30.7562162461179,26.9073859979515,1144.48810780112,30.0795276711717,107.65427677382,1201.32300457308
"BIGKAT _ P74 _ Left _ 4",31.1643491652762,29.3311214969551,1147.2784107231,29.6612938349084,106.489463481512,1203.2245391076
"BIGKAT _ P74 _ Left _ 4",31.3739040177043,32.1113545814798,1151.17448418175,27.9734312943619,102.697219626279,1203.44534568252
"BIGKAT _ P74 _ Left _ 4",31.3223112522061,34.8801330281093,1155.77431187677,25.2352032178113,96.6437491720892,1202.00778407448
"BIGKAT _ P74 _ Left _ 4",30.9634552405227,37.2746731797938,1160.60864042614,21.7976490924236,88.8953951665938,1199.12539265151
"BIGKAT _ P74 _ Left _ 4",30.2784065323111,38.9962647881992,1165.19883925018,18.0699269999931,80.1509058296979,1195.16160130645
"BIGKAT _ P74 _ Left _ 4",29.284999228198,39.8594683821883,1169.11826957991,14.4431357759176,71.1516691700712,1190.56245894085
"BIGKAT _ P74 _ Left _ 4",28.0428262326354,39.8212806174814,1172.04827929852,11.2275192589546,62.5825089273788,1185.77742709666
"BIGKAT _ P74 _ Left _ 4",26.6507893146657,38.9831194730871,1173.81823651274,8.613549272833,54.9841162264803,1181.18589942849
"BIGKAT _ P74 _ Left _ 4",25.2363724313723,37.5639600403996,1174.41920106793,6.66111947715548,48.700806056043,1177.04686680239
"BIGKAT _ P74 _ Left _ 4",23.9386113812961,35.8500776911322,1173.98513224102,5.31546270744446,43.8791762920543,1173.48332831982
"BIGKAT _ P74 _ Left _ 4",22.8889464625704,34.1334620542451,1172.74434933193,4.44444094034058,40.5162007290208,1170.50246920946
"BIGKAT _ P74 _ Left _ 4",22.1946557392289,32.6542152019146,1170.95404374458,3.88967827343776,38.5376626372206,1168.0418307529
"BIGKAT _ P74 _ Left _ 4",21.9282669852678,31.5605909992714,1168.83696061385,3.52281590584711,37.8782017900028,1166.02563986701
"BIGKAT _ P74 _ Left _ 4",22.1240738050889,30.8945784921053,1166.53874134505,3.29703438618737,38.5357724426294,1164.41565383336
"BIGKAT _ P74 _ Left _ 4",22.780727473132,30.6034447888614,1164.11707138128,3.28282133136923,40.5838113788387,1163.24549131613
"BIGKAT _ P74 _ Left _ 4",23.8675715581583,30.5708404575046,1161.56257187413,3.67681052461014,44.1394181209676,1162.63369841486
"BIGKAT _ P74 _ Left _ 4",25.3321442444448,30.6566408634529,1158.84044328333,4.77509495876181,49.3005102513553,1162.77628047499
"BIGKAT _ P74 _ Left _ 4",27.1068961681997,30.7337265584571,1155.93534083052,6.90911501346399,56.0745861975553,1163.92215274982
"BIGKAT _ P74 _ Left _ 4",29.1141987613869,30.7127833195931,1152.88259988195,10.3527521343298,64.3229280192271,1166.33434618561
"BIGKAT _ P74 _ Left _ 4",31.269615664317,30.5520287991148,1149.77674987962,15.2206795086376,73.7363457155894,1170.23782992338
"BIGKAT _ P74 _ Left _ 4",33.4838516385135,30.2550237935487,1146.75963355654,21.3855872162636,83.8455975157305,1175.75502225636
"BIGKAT _ P74 _ Left _ 4",35.6638684297658,29.8632748422635,1143.99922303562,28.4416350563612,94.0578753097327,1182.83449970957
"BIGKAT _ P74 _ Left _ 4",37.7137362935337,29.4495024426126,1141.67151254823,35.7323968756115,103.705797194576,1191.18598601309
"BIGKAT _ P74 _ Left _ 4",39.5361586225606,29.1132343583346,1139.95158531789,42.4458047840684,112.098576538607,1200.24228165265
"BIGKAT _ P74 _ Left _ 4",41.0361475471273,28.9757079250937,1139.01065669065,47.7602503028237,118.573028921099,1209.17239054549
"BIGKAT _ P74 _ Left _ 4",42.1283866595223,29.1688782742184,1139.00969436452,51.0099060811069,122.54896146224,1216.96514610114
"BIGKAT _ P74 _ Left _ 4",42.7486153385448,29.8150538186149,1140.08111153887,51.8283286018445,123.594347817426,1222.58610607157
"BIGKAT _ P74 _ Left _ 4",42.8669610227992,30.9986258502676,1142.29743176575,50.2311092526624,121.499002813872,1225.18467339789
"BIGKAT _ P74 _ Left _ 4",42.4987971979651,32.7370396161893,1145.63513072027,46.6118977348955,116.34380029686,1224.30187070655
"BIGKAT _ P74 _ Left _ 4",41.7080659266199,34.9613744153667,1149.94770799541,41.6494303722319,108.541900395275,1220.01392303961
"BIGKAT _ P74 _ Left _ 4",40.5999503512094,37.5153976897701,1154.9612077175,36.1502039082793,98.8265747934365,1212.95432958518
"BIGKAT _ P74 _ Left _ 4",39.3037415891933,40.1758857600598,1160.29804323763,30.8722961471419,88.1720092339489,1204.19233345299
"BIGKAT _ P74 _ Left _ 4",37.9507336629799,42.6891270862142,1165.52464997994,26.3807703889874,77.656402303877,1194.99835083534
"BIGKAT _ P74 _ Left _ 4",36.653744632058,44.8127224726145,1170.21030394591,22.971198147636,68.2999934767883,1186.5713981052
"BIGKAT _ P74 _ Left _ 4",35.4936177867153,46.3508829261396,1173.9819024546,20.6722002466287,60.9213551310826,1179.81488454973
"BIGKAT _ P74 _ Left _ 4",34.5150148855028,47.175648401788,1176.56298341984,19.3127912131454,56.0470505741271,1175.22032387415
"BIGKAT _ P74 _ Left _ 4",33.7308103616181,47.2333242936412,1177.79270671778,18.624837413077,53.88742644635,1172.87136747175
"BIGKAT _ P74 _ Left _ 4",33.1323944845217,46.5410590342925,1177.62835120786,18.3473057802151,54.3675270091612,1172.53848514439
"BIGKAT _ P74 _ Left _ 4",32.7022161084283,45.1798991629465,1176.1391420939,18.3045952166741,57.1889330108448,1173.81396972806
"BIGKAT _ P74 _ Left _ 4",32.4247428732982,43.2876407325974,1173.49781353674,18.4422736844715,61.8998279653486,1176.2396912172
"BIGKAT _ P74 _ Left _ 4",32.2926536058606,41.0498626107809,1169.97047502876,18.8166840025536,67.961507599528,1179.39806882857
"BIGKAT _ P74 _ Left _ 4",32.3065732758296,38.6843654147721,1165.89912202097,19.5474752096501,74.8099242981976,1182.95854028619
"BIGKAT _ P74 _ Left _ 4",32.4688596244057,36.4155583794286,1161.66949984865,20.7515162533648,81.9131591108984,1186.68786515154
"BIGKAT _ P74 _ Left _ 4",32.7741089579333,34.4409464401674,1157.6629067933,22.4800184714746,88.8198202847824,1190.43864822882
"BIGKAT _ P74 _ Left _ 4",33.2000933036147,32.8983567545529,1154.201387946,24.6766933137565,95.1862707977702,1194.12760406777
"BIGKAT _ P74 _ Left _ 4",33.7023025687844,31.8454450884305,1151.50405748407,27.1657360612766,100.770694207309,1197.70773586763
"BIGKAT _ P74 _ Left _ 4",34.2137293113076,31.2599752784837,1149.67117641524,29.6693646566961,105.392392194151,1201.13278569862
"BIGKAT _ P74 _ Left _ 4",34.6499827640164,31.0615467792577,1148.70176891704,31.8491581663476,108.870862696829,1204.31341263215
"BIGKAT _ P74 _ Left _ 4",34.9187921588419,31.1465946757051,1148.53589823488,33.3632318156716,110.972426267317,1207.07352431325
"BIGKAT _ P74 _ Left _ 4",34.9323790705035,31.4228110982641,1149.10179581209,33.9297439144704,111.39478083794,1209.1263417006
"BIGKAT _ P74 _ Left _ 4",34.6206738931122,31.8293847651811,1150.34606982903,33.3846774402339,109.808746944473,1210.09362958998
"BIGKAT _ P74 _ Left _ 4",33.9427989981515,32.3357804067097,1152.23328691794,31.7193793098565,105.954209230023,1209.58096962189
"BIGKAT _ P74 _ Left _ 4",32.8941570795042,32.9216557049208,1154.71584296789,29.0843903374135,99.7617013049756,1207.29754720579
"BIGKAT _ P74 _ Left _ 4",31.5075913676242,33.5495595342355,1157.68952439647,25.7538013197599,91.4532768029348,1203.18079791693
"BIGKAT _ P74 _ Left _ 4",29.8493520359864,34.1456801064627,1160.95768838433,22.0581039678565,81.5766663659376,1197.47129380573
"BIGKAT _ P74 _ Left _ 4",28.0126941213256,34.5997303001051,1164.22387771029,18.3073035586727,70.949433022773,1190.6961704877
"BIGKAT _ P74 _ Left _ 4",26.1121802294337,34.7849680306624,1167.12036014834,14.7315810277436,60.5273773120659,1183.55978197852
"BIGKAT _ P74 _ Left _ 4",24.2796800471369,34.589134472668,1169.26481540214,11.4597269773955,51.2443662341826,1176.78614155063
"BIGKAT _ P74 _ Left _ 4",22.6600736820178,33.9427627196804,1170.32709024203,8.53958309950651,43.8787152267427,1170.97860838798
"BIGKAT _ P74 _ Left _ 4",21.4030889760352,32.8347229137517,1170.08713625803,5.98834599632471,38.9798754206448,1166.54534451127
"BIGKAT _ P74 _ Left _ 4",20.648805059772,31.3126745185582,1168.47217075909,3.85061725552717,36.8550142046516,1163.69997008011
"BIGKAT _ P74 _ Left _ 4",20.5074923693533,29.4728840171784,1165.5698228531,2.24052737366618,37.5908846606779,1162.51283943291
"BIGKAT _ P74 _ Left _ 4",21.0378366401165,27.446163141436,1161.61947957858,1.34989968550994,41.0829867429863,1162.97519726494
"BIGKAT _ P74 _ Left _ 4",22.229555565844,25.3845509775428,1156.98515898338,1.41515719038778,47.0564990935993,1165.04467191542
"BIGKAT _ P74 _ Left _ 4",23.9961970759395,23.4495043890071,1152.11245150532,2.64912160576884,55.0795308133965,1168.65635468006
"BIGKAT _ P74 _ Left _ 4",26.1815698887238,21.7999593061334,1147.47299326809,5.15668579782352,64.5785467931392,1173.70026943013
"BIGKAT _ P74 _ Left _ 4",28.5794022677673,20.5790958357213,1143.50420182641,8.86131518591598,74.8649586267348,1179.97850137374
"BIGKAT _ P74 _ Left _ 4",30.961739766864,19.9007944055242,1140.55679347058,13.4689400098933,85.1748307660453,1187.16171503678
"BIGKAT _ P74 _ Left _ 4",33.1091517139024,19.8382184001831,1138.86238225754,18.4863778568603,94.717604904927,1194.76500542694
"BIGKAT _ P74 _ Left _ 4",34.8362539189758,20.4164125455415,1138.52600455039,23.2957979004122,102.729070435148,1202.15816972097
"BIGKAT _ P74 _ Left _ 4",36.0087877629077,21.6090689624662,1139.5381004546,27.2698539537012,108.527258709239,1208.6176661448
"BIGKAT _ P74 _ Left _ 4",36.5517068705076,23.338548797267,1141.79428967588,29.8990079207698,111.572719665115,1213.41834956489
"BIGKAT _ P74 _ Left _ 4",36.4499423969497,25.4789197150247,1145.11247147532,30.8970651842038,111.532603241406,1215.9527469056
"BIGKAT _ P74 _ Left _ 4",35.7442945456466,27.8634440569962,1149.24332787449,30.2552158665546,108.340697351745,1215.85418141434
"BIGKAT _ P74 _ Left _ 4",34.5244834346665,30.2987093760884,1153.87764346537,28.2289287993399,102.237094203788,1213.09016752631
"BIGKAT _ P74 _ Left _ 4",32.9203821207736,32.5859774678391,1158.65781366645,25.2625716084431,93.7679621738668,1207.99121385532
"BIGKAT _ P74 _ Left _ 4",31.0914819706622,34.5467611951609,1163.19967694202,21.876407668273,83.7327264684414,1201.19505631385
"BIGKAT _ P74 _ Left _ 4",29.2140912954364,36.0463223763825,1167.12574355498,18.5510788672471,73.0818857659145,1193.51632898101
"BIGKAT _ P74 _ Left _ 4",27.4657998248796,37.0079823175482,1170.10526089267,15.6413955308827,62.786961195257,1185.78259949102
"BIGKAT _ P74 _ Left _ 4",26.0074071327785,37.4135158754624,1171.89296350415,13.3373035997797,53.7157307889517,1178.69113731189
"BIGKAT _ P74 _ Left _ 4",24.9636999573126,37.2895160017023,1172.35769063147,11.6731928314877,46.5442472476406,1172.72847427065
"BIGKAT _ P74 _ Left _ 4",24.405852195508,36.6848878746083,1171.49428114407,10.5739923220287,41.7214771599137,1168.16428156777
"BIGKAT _ P74 _ Left _ 4",24.3392923864128,35.6487449870663,1169.41691942036,9.91992022051647,39.4800243487948,1165.09968259293
"BIGKAT _ P74 _ Left _ 4",24.7009184766498,34.218847903569,1166.33796526845,9.61011649137287,39.8694575172383,1163.53365144583
"BIGKAT _ P74 _ Left _ 4",25.3679972705825,32.4268552071485,1162.54027368296,9.60722051157746,42.7861483359106,1163.41459703539
"BIGKAT _ P74 _ Left _ 4",26.1782380891282,30.3188069809685,1158.35043791212,9.94994904305472,47.9849249402029,1164.66095311365
"BIGKAT _ P74 _ Left _ 4",26.9574912815154,27.9809974953106,1154.11567855254,10.7290898059896,55.0751299651088,1167.15333583265
"BIGKAT _ P74 _ Left _ 4",27.5495130380151,25.5572959724185,1150.18188308614,12.0334409423966,63.5167387411963,1170.71301851987
"BIGKAT _ P74 _ Left _ 4",27.8418898507325,23.24669183884,1146.86854612247,13.8835150086283,72.6344283622033,1175.08403083244
"BIGKAT _ P74 _ Left _ 4",27.7833709573576,21.2782799345084,1144.43938327733,16.1776974808258,81.6589521925409,1179.93094738879
"BIGKAT _ P74 _ Left _ 4",27.3897676844896,19.870804206774,1143.07313328911,18.673685468699,89.7923065980017,1184.85577591563
"BIGKAT _ P74 _ Left _ 4",26.7375055866626,19.190260416904,1142.84350974015,21.016838642703,96.2843728139155,1189.4295997249
"BIGKAT _ P74 _ Left _ 4",25.9457619623011,19.3189379221123,1143.71672217991,22.8108251540447,100.508334206604,1193.23085942071
"BIGKAT _ P74 _ Left _ 4",25.1502450292871,20.2432439700611,1145.56848802511,23.7111878407469,102.027705601089,1195.88374351721
"BIGKAT _ P74 _ Left _ 4",24.4739769309038,21.8595059911721,1148.21319394527,23.5142984121879,100.652554222729,1197.09530208642
"BIGKAT _ P74 _ Left _ 4",24.0020073665742,23.9914833862053,1151.43187195875,22.2146217484162,96.4811843581442,1196.69330452488
"BIGKAT _ P74 _ Left _ 4",23.7666869449272,26.4132255542175,1154.98778333088,20.0118577282456,89.9166634162434,1194.663316314
"BIGKAT _ P74 _ Left _ 4",23.7475157701671,28.8748144525982,1158.62835566128,17.2644158988936,81.641617328603,1191.17349686114
"BIGKAT _ P74 _ Left _ 4",23.8852576548732,31.1319625579542,1162.08371707595,14.4029333618074,72.5385076759439,1186.56795353273
"BIGKAT _ P74 _ Left _ 4",24.1054738100934,32.9794885795243,1165.07651642538,11.8308866897712,63.5601033301466,1181.31557003702
"BIGKAT _ P74 _ Left _ 4",24.3437508841143,34.2836861749314,1167.35072154972,9.84245965335168,55.5789595465517,1175.92279637772
"BIGKAT _ P74 _ Left _ 4",24.5650738997743,35.0042235022932,1168.71295294154,8.5792246199944,49.2594191290223,1170.8412760444
"BIGKAT _ P74 _ Left _ 4",24.7729344081367,35.1971976696284,1169.0691093827,8.03210353393094,44.9888895231487,1166.40539782657
"BIGKAT _ P74 _ Left _ 4",25.0080149243708,34.997472892613,1168.43960825612,8.08114790708955,42.8803443847097,1162.81765364301
"BIGKAT _ P74 _ Left _ 4",25.3393152517568,34.5860832362946,1166.94733672657,8.55738847246386,42.8309243056528,1160.17585461777
"BIGKAT _ P74 _ Left _ 4",25.8513305080667,34.1526243496989,1164.78495935505,9.30855662405604,44.6064625819888,1158.52149087698
"BIGKAT _ P74 _ Left _ 4",26.6299704927423,33.8618079923799,1162.17477904522,10.2522288118571,47.9223663860556,1157.88678078834
"BIGKAT _ P74 _ Left _ 4",27.7485876843105,33.8295678173441,1159.33317521681,11.4043457506413,52.5021154084506,1158.32442889988
"BIGKAT _ P74 _ Left _ 4",29.2546849232811,34.1101665021958,1156.44609390439,12.8770482645963,58.1075290363255,1159.91274715899
"BIGKAT _ P74 _ Left _ 4",31.1579437198533,34.6936053833372,1153.65660313468,14.8464427240099,64.5438061770079,1162.73585999314
"BIGKAT _ P74 _ Left _ 4",33.4209695189871,35.5124487066016,1151.06281101549,17.4971177743315,71.6452843882222,1166.84359201508
"BIGKAT _ P74 _ Left _ 4",35.9549618599383,36.4576096135618,1148.72440577013,20.9547937700969,79.2470490089585,1172.19974476047
"BIGKAT _ P74 _ Left _ 4",38.6225368174694,37.4021024706759,1146.67680959813,25.2209355592255,87.1468542244983,1178.63149237547
"BIGKAT _ P74 _ Left _ 4",41.2486376076382,38.229712340259,1144.95159629148,30.1239856913549,95.0639387209495,1185.79510290831
"BIGKAT _ P74 _ Left _ 4",43.6382480977291,38.862796974111,1143.59977319412,35.3015249686901,102.605834629638,1193.17202675379
"BIGKAT _ P74 _ Left _ 4",45.5976825532704,39.2815577004662,1142.71130454898,40.2252162695372,109.258146510237,1200.10407244613
"BIGKAT _ P74 _ Left _ 4",46.9556968147676,39.5275864512951,1142.42154405216,44.2735776864489,114.411818820247,1205.86854132386
"BIGKAT _ P74 _ Left _ 4",47.5816552087308,39.6881436195178,1142.89577243576,46.8451735742068,117.435421762465,1209.78598295136
"BIGKAT _ P74 _ Left _ 4",47.3995114956866,39.863961922044,1144.2889827444,47.4892269561232,117.7869676559,1211.34515320041
"BIGKAT _ P74 _ Left _ 4",46.3972413420475,40.1303052542066,1146.68868239516,46.0183980498091,115.143920130031,1210.32105095782
"BIGKAT _ P74 _ Left _ 4",44.6311776065543,40.5053699367446,1150.05937155058,42.5668325734502,109.516658089231,1206.85424344785
"BIGKAT _ P74 _ Left _ 4",42.2239994904181,40.9390525735935,1154.21229147826,37.5697761151224,101.306113984989,1201.45930727572
"BIGKAT _ P74 _ Left _ 4",39.3549623774548,41.3279234288334,1158.8183558504,31.6668441199128,91.2760509645693,1194.94404201946
"BIGKAT _ P74 _ Left _ 4",36.2421390691699,41.5516625219194,1163.46627038903,25.5591823182365,80.435147205911,1188.24918803011
"BIGKAT _ P74 _ Left _ 4",33.1187984437401,41.5174675288531,1167.74868961116,19.8669653880375,69.8563249256213,1182.25007855228
"BIGKAT _ P74 _ Left _ 4",30.208237023474,41.1963767544909,1171.34708100865,15.029337608298,60.48630266035,1177.58055532135
"BIGKAT _ P74 _ Left _ 4",27.7018980113927,40.6395475767611,1174.08718529044,11.2679281541807,53.0031877447428,1174.53390093109
"BIGKAT _ P74 _ Left _ 4",25.7441772115144,39.9702445069552,1175.94987242417,8.61029541291345,47.7599263068382,1173.066845846
"BIGKAT _ P74 _ Left _ 4",24.42508550783,39.3548716784676,1177.03915570984,6.95261578158799,44.8165159128386,1172.89483379417
"BIGKAT _ P74 _ Left _ 4",23.7803287880864,38.9616331504658,1177.52226396638,6.13556822748246,44.0320173180168,1173.6371618892
"BIGKAT _ P74 _ Left _ 4",23.7977819875195,38.9179244764258,1177.56235013123,6.01118795058847,45.1726742854444,1174.96002272563
"BIGKAT _ P74 _ Left _ 4",24.429038316116,39.2777082015322,1177.26371772057,6.48680643716428,47.9975672643931,1176.67395264994
"BIGKAT _ P74 _ Left _ 4",25.6038664514036,40.0079281740942,1176.64479016379,7.54096506075385,52.3010205649657,1178.76269610194
"BIGKAT _ P74 _ Left _ 4",27.244205022118,40.9981422623449,1175.64605570831,9.21278216486432,57.9110103728485,1181.34424761316
"BIGKAT _ P74 _ Left _ 4",29.2739015709538,42.0906079817717,1174.16918978456,11.56999297418,64.6571422511231,1184.58454070353
"BIGKAT _ P74 _ Left _ 4",31.6214824640408,43.1215427661966,1172.13296554668,14.6628941595402,72.3272052388461,1188.59510172028
"BIGKAT _ P74 _ Left _ 4",34.2153682011359,43.9612687793206,1169.52691380817,18.4733053436716,80.6288924312763,1193.34615113658
"BIGKAT _ P74 _ Left _ 4",36.9732766415944,44.5425318966389,1166.44704818226,22.869828079847,89.1668110924865,1198.61799416019
"BIGKAT _ P74 _ Left _ 4",39.7896095710345,44.8708939478472,1163.10581433977,27.5820517820874,97.439102335222,1204.00103589511
"BIGKAT _ P74 _ Left _ 4",42.526028472545,45.0162881946509,1159.8155602939,32.2052785916725,104.855741072436,1208.9434448892
"BIGKAT _ P74 _ Left _ 4",45.0106069404619,45.0890616578014,1156.94891195168,36.2426163252656,110.781020049693,1212.83747183039
"BIGKAT _ P74 _ Left _ 4",47.0493605732618,45.2067074650518,1154.8815907242,39.1827574941958,114.602170673955,1215.12952249964
"BIGKAT _ P74 _ Left _ 4",48.4505935596539,45.459149784477,1153.925633988,40.6006483556407,115.821102323109,1215.43347699589
"BIGKAT _ P74 _ Left _ 4",49.0582399832316,45.8810945326875,1154.26457537968,40.2574037357117,114.156338769633,1213.62196301752
"BIGKAT _ P74 _ Left _ 4",48.7867515540696,46.4394720237714,1155.90560048694,38.1697127931465,109.630912389422,1209.86971432577
"BIGKAT _ P74 _ Left _ 4",47.6483759285843,47.0414828015348,1158.66399398338,34.6225990356011,102.615778752089,1204.63080433149
"BIGKAT _ P74 _ Left _ 4",45.764348340612,47.5632190359132,1162.18940194486,30.1150405337367,93.8035907248671,1198.54853151478
"BIGKAT _ P74 _ Left _ 4",43.3546378255225,47.891095534848,1166.03143299244,25.2513895914961,84.1065122633172,1192.31864503401
"BIGKAT _ P74 _ Left _ 4",40.7062798876388,47.961860187246,1169.72808923158,20.6120069416927,74.4990842477796,1186.54471801908
"BIGKAT _ P74 _ Left _ 4",38.1267962492427,47.7857856479031,1172.89106716793,16.6431775924394,65.8510275521352,1181.63019290675
"BIGKAT _ P74 _ Left _ 4",35.8941963085529,47.4432132992303,1175.26226880414,13.5964127442819,58.8017157546327,1177.74061087857
"BIGKAT _ P74 _ Left _ 4",34.216099737372,47.0546592269466,1176.72658104898,11.5276208420728,53.7118445399018,1174.84447529206
"BIGKAT _ P74 _ Left _ 4",33.207116999251,46.7346520222434,1177.28258120821,10.3474870141999,50.6960475426718,1172.81233191132
"BIGKAT _ P74 _ Left _ 4",32.887503302124,46.5451520962504,1176.98782769942,9.9018766431829,49.7093321272147,1171.53392339073
"BIGKAT _ P74 _ Left _ 4",33.1998056707827,46.4640694308976,1175.90271219812,10.0561469029399,50.644155152,1171.0100209326
"BIGKAT _ P74 _ Left _ 4",34.0357293488207,46.3790953726057,1174.05479138215,10.758601732553,53.3978417418216,1171.38726649216
"BIGKAT _ P74 _ Left _ 4",35.2638185041226,46.1092930226374,1171.43615158958,12.064599964076,57.8875383002362,1172.9247239097
"BIGKAT _ P74 _ Left _ 4",36.7500723850573,45.4491323747493,1168.03328544201,14.1130099939924,64.0137606572716,1175.90294218026
"BIGKAT _ P74 _ Left _ 4",38.3677253547063,44.2237568428171,1163.87635253431,17.0595792312663,71.5947975470621,1180.50405171909
"BIGKAT _ P74 _ Left _ 4",39.9974950778038,42.3414584830808,1159.08711696977,20.985111207282,80.3050273837402,1186.70009389726
"BIGKAT _ P74 _ Left _ 4",41.5234744312476,39.8302190435549,1153.90567080445,25.8065720779614,89.6468181726275,1194.18433117272
"BIGKAT _ P74 _ Left _ 4",42.8309098886933,36.8494284755965,1148.68489921923,31.2223427594805,98.9703976599177,1202.36768031103
"BIGKAT _ P74 _ Left _ 4",43.8102401412029,33.6741444342819,1143.85387579759,36.7160231027759,107.536744833833,1210.44381504083
"BIGKAT _ P74 _ Left _ 4",44.3681656784694,30.6554533980441,1139.86092595507,41.6270151466479,114.604610146618,1217.50847625684
"BIGKAT _ P74 _ Left _ 4",44.4428465473576,28.1648199577335,1137.11041007765,45.2752774275712,119.519848153612,1222.70708863781
"BIGKAT _ P74 _ Left _ 4",44.0179438363028,26.5321554157227,1135.90504559698,47.1093788789278,121.791934603956,1225.38161145287
"BIGKAT _ P74 _ Left _ 4",43.1298790687284,25.9875239143953,1136.40132869376,46.8375747642442,121.151937377234,1225.1897713078
"BIGKAT _ P74 _ Left _ 4",41.8644636356304,26.6162027164631,1138.58265959927,44.5039375471246,117.591163023752,1222.17388096252
"BIGKAT _ P74 _ Left _ 4",40.3423584261247,28.3364235535337,1142.25398587933,40.4851753663425,111.37781027203,1216.76217577221
"BIGKAT _ P74 _ Left _ 4",38.6965280436314,30.9071825465251,1147.06150235417,35.4059774772451,103.043896123465,1209.69600229191
"BIGKAT _ P74 _ Left _ 4",37.0476976585534,33.9683868316304,1152.53867153611,29.995986511632,93.3332470935348,1201.89275379968
"BIGKAT _ P74 _ Left _ 4",35.4848915458639,37.1073619355855,1158.17408630265,24.9307411909935,83.1082980842553,1194.27306012356
"BIGKAT _ P74 _ Left _ 4",34.0569479948113,39.9368939419372,1163.48850288557,20.7029967256116,73.2279201570361,1187.59347310323
"BIGKAT _ P74 _ Left _ 4",32.7774287291311,42.1645273546579,1168.10174948647,17.5570241196786,64.4237100429154,1182.32665623567
"BIGKAT _ P74 _ Left _ 4",31.640438516427,43.6341874155111,1171.77048130381,15.4937688565303,57.2089060507105,1178.61877417048
"BIGKAT _ P74 _ Left _ 4",30.6405904005467,44.3299606954209,1174.3873279387,14.3314236846415,51.8461360474833,1176.331627352
"BIGKAT _ P74 _ Left _ 4",29.7889672407849,44.3449216583547,1175.9471447563,13.7934815832497,48.379124739442,1175.15179650999
"BIGKAT _ P74 _ Left _ 4",29.1191928928029,43.8296714840391,1176.49883773891,13.5963937127946,46.7091644181592,1174.72941881523
"BIGKAT _ P74 _ Left _ 4",28.6821740320622,42.9407195650682,1176.10510346363,13.5171657215297,46.6818432409917,1174.80212934213
"BIGKAT _ P74 _ Left _ 4",28.5322304400983,41.8061004286927,1174.82646791686,13.4316876675812,48.1497665530717,1175.26679501192
"BIGKAT _ P74 _ Left _ 4",28.709499325374,40.5165587791366,1172.73398320501,13.3230905615275,50.9908113848491,1176.17982274042
"BIGKAT _ P74 _ Left _ 4",29.2235169513161,39.1394163671457,1169.94202374889,13.2644036838054,55.0817411545518,1177.69056513118
"BIGKAT _ P74 _ Left _ 4",30.0416836146717,37.7431838849688,1166.64317003408,13.3820582899301,60.2458539207668,1179.93489735069
"BIGKAT _ P74 _ Left _ 4",31.0850242726751,36.4172484434596,1163.12427319076,13.8082193005324,66.2040177236103,1182.92990894199
"BIGKAT _ P74 _ Left _ 4",32.2327588504116,35.2738949865838,1159.74803721744,14.6316968232607,72.5568722477202,1186.5100131273
"BIGKAT _ P74 _ Left _ 4",33.3362734667399,34.4284654108361,1156.89690381445,15.8586909379723,78.812744193291,1190.3290248969
"BIGKAT _ P74 _ Left _ 4",34.2413259699285,33.9640980806309,1154.89161768292,17.3940176888743,84.4568475817615,1193.92801546606
"BIGKAT _ P74 _ Left _ 4",34.8145355349728,33.8955374523012,1153.90956374821,19.049382731199,89.0409110590959,1196.8450431549
"BIGKAT _ P74 _ Left _ 4",34.9674613293281,34.1484015182038,1153.93229717773,20.5781030502538,92.2644630580503,1198.72897351289
"BIGKAT _ P74 _ Left _ 4",34.6707782850473,34.5652592599094,1154.74494154923,21.7275201889618,94.0209557700255,1199.41947395163
"BIGKAT _ P74 _ Left _ 4",33.9536087141476,34.939997674391,1155.99366822122,22.2941310642829,94.391890047194,1198.96777653966
"BIGKAT _ P74 _ Left _ 4",32.8884684971698,35.0711566314836,1157.28666271055,22.1649811916008,93.5876699162884,1197.59353315381
"BIGKAT _ P74 _ Left _ 4",31.5679402611121,34.8173340699965,1158.30678071297,21.3336254316066,91.8523541097646,1195.59555437291
"BIGKAT _ P74 _ Left _ 4",30.0819796920408,34.1363098503064,1158.89806386368,19.8887334424852,89.3657863903313,1193.25053910986
"BIGKAT _ P74 _ Left _ 4",28.5033747165425,33.0948634940603,1159.09679843676,17.983715802906,86.1828339873968,1190.73722223532
"BIGKAT _ P74 _ Left _ 4",26.8846280537614,31.8465182517909,1159.09773752744,15.8010758870644,82.2388372543761,1188.11171714486
"BIGKAT _ P74 _ Left _ 4",25.2649037474118,30.5857649865177,1159.16932759497,13.5231146143037,77.4237472921627,1185.33781103045
"BIGKAT _ P74 _ Left _ 4",23.6824041493351,29.4952330579802,1159.54930824451,11.3136078609365,71.69573089693,1182.35291782907
"BIGKAT _ P74 _ Left _ 4",22.1862697294518,28.7035871529451,1160.35754252827,9.30825187469795,65.1843145310163,1179.13668789809
"BIGKAT _ P74 _ Left _ 4",20.8429413927174,28.2660687219347,1161.55429364375,7.60895162722136,58.235825004716,1175.75203252101
"BIGKAT _ P74 _ Left _ 4",19.7344764824578,28.1691397180864,1162.95283357738,6.27893372145244,51.3807185380802,1172.34658199658
"BIGKAT _ P74 _ Left _ 4",18.9494089174641,28.3508576400495,1164.27429478803,5.33968930938972,45.239324380564,1169.12526527249
"BIGKAT _ P74 _ Left _ 4",18.569107694148,28.7247250720392,1165.22037002202,4.7736553078579,40.4077543810168,1166.31689548838
"BIGKAT _ P74 _ Left _ 4",18.6536411892903,29.1982261329685,1165.54020277911,4.53658815443662,37.365609851872,1164.15274101962
"BIGKAT _ P74 _ Left _ 4",19.2310072654046,29.6842772353005,1165.07728067235,4.58075526844622,36.4265641503423,1162.85983939514
"BIGKAT _ P74 _ Left _ 4",20.292425198812,30.1087405138374,1163.79226430735,4.88512856919918,37.7287687517202,1162.65894815105
"BIGKAT _ P74 _ Left _ 4",21.7943176791027,30.4171197518996,1161.76340581497,5.48321842101675,41.2482042836659,1163.75425393618
"BIGKAT _ P74 _ Left _ 4",23.6652072949377,30.5800791369348,1159.16774029511,6.47571081402431,46.8180206649838,1166.30846622358
"BIGKAT _ P74 _ Left _ 4",25.8142390396523,30.5944433560739,1156.24666639177,8.01662861086267,54.1458442900759,1170.40684610661
"BIGKAT _ P74 _ Left _ 4",28.1384256539954,30.4769716737463,1153.26142039853,10.2695049753384,62.8309610905731,1176.02096922635
"BIGKAT _ P74 _ Left _ 4",30.5276631531968,30.252328059117,1150.4472796959,13.3419050118647,72.3873869986249,1182.98413542147
"BIGKAT _ P74 _ Left _ 4",32.8685271251159,29.9410617799135,1147.97775749019,17.2175062311854,82.2753349407224,1190.98549051988
"BIGKAT _ P74 _ Left _ 4",35.0484709182449,29.554451512731,1145.94888482519,21.7093277557333,91.9365210496917,1199.58254145106
"BIGKAT _ P74 _ Left _ 4",36.9612656143921,29.0997812015477,1144.38810116546,26.4529641058419,100.824400623342,1208.22654532771
"BIGKAT _ P74 _ Left _ 4",38.5133514967954,28.5941982075332,1143.28410873846,30.946906777388,108.422633663521,1216.29533748244
"BIGKAT _ P74 _ Left _ 4",39.6301465058755,28.0808954642894,1142.62658806518,34.6334261495549,114.253099145179,1223.13303559478
"BIGKAT _ P74 _ Left _ 4",40.2614496833749,27.6397237531407,1142.44082502456,37.0028356017519,117.884021165381,1228.10180995218
"BIGKAT _ P74 _ Left _ 4",40.3854439370751,27.3855328157791,1142.80340380791,37.6983798059421,118.953359933335,1230.65224387676
"BIGKAT _ P74 _ Left _ 4",40.0110193017997,27.4509606034791,1143.83078300325,36.5982105374,117.21841532027,1230.41210782552
"BIGKAT _ P74 _ Left _ 4",39.1781527687634,27.955418463401,1145.64120065383,33.8539533639504,112.629403335145,1227.27962822982
"BIGKAT _ P74 _ Left _ 4",37.955948537344,28.9676393142137,1148.29983452283,29.8720657745843,105.407112849022,1221.4929626549
"BIGKAT _ P74 _ Left _ 4",36.4376886167758,30.4733920171605,1151.76480058651,25.2356765303924,96.0910205211357,1213.64205920257
"BIGKAT _ P74 _ Left _ 4",34.7322534437223,32.360367512375,1155.8540334126,20.5813219684861,85.5236619275332,1204.59991723836
"BIGKAT _ P74 _ Left _ 4",32.9522361846616,34.4277068458152,1160.24792145798,16.4626384818621,74.7543086432535,1195.37722400986
"BIGKAT _ P74 _ Left _ 4",31.201021292058,36.4198186850614,1164.53086996469,13.2418600636266,64.8753414975347,1186.93644869868
"BIGKAT _ P74 _ Left _ 4",29.5627742491383,38.076431665449,1168.26162447506,11.041861326326,56.8343167770305,1180.02155747145
"BIGKAT _ P74 _ Left _ 4",28.0990090339454,39.1860750181531,1171.05304900744,9.76885841943234,51.2778451150183,1175.0550638546
"BIGKAT _ P74 _ Left _ 4",26.8526633515678,39.6295186817156,1172.64054105127,9.1907144788623,48.4723262133378,1172.12655883788
"BIGKAT _ P74 _ Left _ 4",25.856826549917,39.402824303518,1172.92378030818,9.03984128465633,48.3173021666059,1171.06128024661
"BIGKAT _ P74 _ Left _ 4",25.142787704469,38.6151920739404,1171.97531742809,9.10695326734411,50.4353835963614,1171.53214390155
"BIGKAT _ P74 _ Left _ 4",24.7424685171158,37.4628917683543,1170.01755994333,9.29964580642134,54.302375230283,1173.17334446607
"BIGKAT _ P74 _ Left _ 4",24.6833405640776,36.1858681393033,1167.37526453738,9.65318844483459,59.3765338413295,1175.66432412765
"BIGKAT _ P74 _ Left _ 4",24.9778416568622,35.0175098579161,1164.41448452831,10.2957977105023,65.1929010801364,1178.76919322039
"BIGKAT _ P74 _ Left _ 4",25.6119513450806,34.1399531789419,1161.48191531,11.3830839887376,71.402133343213,1182.33088580093
"BIGKAT _ P74 _ Left _ 4",26.5376931945149,33.6560326411998,1158.85935824467,13.0231368629465,77.7501301338119,1186.22982188096
"BIGKAT _ P74 _ Left _ 4",27.6722455178021,33.5839646427168,1156.74401036585,15.2138546901357,84.0126956269381,1190.32475218911
"BIGKAT _ P74 _ Left _ 4",28.9036398297414,33.8732996223362,1155.25606198245,17.8092572204135,89.9144973543847,1194.39848727038
"BIGKAT _ P74 _ Left _ 4",30.101242697879,34.4335602317047,1154.46400707401,20.5240110615383,95.0684988934717,1198.13114955283
"BIGKAT _ P74 _ Left _ 4",31.1288067272921,35.1633855745147,1154.41065450456,22.9766883880982,98.9672271294,1201.11664704781
"BIGKAT _ P74 _ Left _ 4",31.85830142519,35.9695698311355,1155.12345902759,24.7631694419725,101.041095856019,1202.92491496345
"BIGKAT _ P74 _ Left _ 4",32.1832889297074,36.7714932332643,1156.60183838696,25.5433880536193,100.775998962363,1203.19647659902
"BIGKAT _ P74 _ Left _ 4",32.0309708247198,37.494345240946,1158.78733516358,25.1194660456719,97.8593519177377,1201.7420160514
"BIGKAT _ P74 _ Left _ 4",31.3721659996364,38.0604595743639,1161.53323532665,23.4835616430315,92.3082502064266,1198.61322363137
"BIGKAT _ P74 _ Left _ 4",30.2283554502363,38.3888003549368,1164.59302218457,20.8209288918658,84.5323065905675,1194.11655529608
"BIGKAT _ P74 _ Left _ 4",28.6745357207241,38.40720139603,1167.63977046472,17.4669261391174,75.3009245351028,1188.75970749583
"BIGKAT _ P74 _ Left _ 4",26.8362162109915,38.0730207046759,1170.31427478086,13.8318038229319,65.6172704101591,1183.1458522051
"BIGKAT _ P74 _ Left _ 4",24.8790863708705,37.391011900834,1172.28602071876,10.3174091472492,56.5364223907834,1177.85115271839
"BIGKAT _ P74 _ Left _ 4",22.9912444947392,36.4172955517808,1173.30603260846,7.25052305393542,48.9850885983273,1173.32556882518
"BIGKAT _ P74 _ Left _ 4",21.3602653068965,35.2455321754021,1173.23658660349,4.84898131635177,43.6337022749469,1169.84333248002
"BIGKAT _ P74 _ Left _ 4",20.1495968621157,33.9809745328527,1172.05493630388,3.22410755966817,40.8441753313448,1167.50678488713
"BIGKAT _ P74 _ Left _ 4",19.4793552441752,32.7139437336981,1169.83862675113,2.41142268935995,40.6859799346946,1166.2885753572
"BIGKAT _ P74 _ Left _ 4",19.4150758987378,31.5033654619965,1166.74328627371,2.41381905113899,42.9949020713991,1166.09008717318
"BIGKAT _ P74 _ Left _ 4",19.9652861787873,30.3748223732863,1162.9801676463,3.23849153836252,47.4464988041123,1166.79752508305
"BIGKAT _ P74 _ Left _ 4",21.0862743261766,29.3305216790898,1158.79502396263,4.91144501961072,53.6243641204457,1168.32553154629
"BIGKAT _ P74 _ Left _ 4",22.6911062905882,28.3647334453007,1154.44747965968,7.46125538474232,61.0733422388297,1170.64465711342
"BIGKAT _ P74 _ Left _ 4",24.6600070114704,27.4788295175945,1150.19216655252,10.8753967148471,69.3338867525915,1173.78921122682
"BIGKAT _ P74 _ Left _ 4",26.8502524793024,26.6929622622878,1146.2660023569,15.0442698384164,77.955570046007,1177.83791753285
"BIGKAT _ P74 _ Left _ 4",29.1050050097161,26.0534163685331,1142.88547350915,19.7154740051461,86.4898584179034,1182.8594148834
"BIGKAT _ P74 _ Left _ 4",31.2615259627441,25.6342592270739,1140.25248875038,24.4806807686087,94.4687024346062,1188.82532017687
"BIGKAT _ P74 _ Left _ 4",33.1597102078467,25.5304694429057,1138.56070436311,28.8094593143156,101.384640459803,1195.51371285092
"BIGKAT _ P74 _ Left _ 4",34.6518987358354,25.8399090150818,1137.99117184966,32.1306725908479,106.693436568316,1202.44367270449
"BIGKAT _ P74 _ Left _ 4",35.6144819164356,26.6348379496371,1138.68947478418,33.9460454692485,109.855962790521,1208.88299950937
"BIGKAT _ P74 _ Left _ 4",35.9609535094439,27.9292025655503,1140.72522970604,33.946782430425,110.421751678629,1213.95113470649
"BIGKAT _ P74 _ Left _ 4",35.6549244955315,29.6527984712134,1144.0451994928,32.0980133135879,108.137551365983,1216.80417142257
"BIGKAT _ P74 _ Left _ 4",34.7204768226358,31.644543710849,1148.43861826191,28.6616381489089,103.047962225038,1216.85234552687
"BIGKAT _ P74 _ Left _ 4",33.2467125990881,33.672856800617,1153.53368190893,24.1462914834113,95.5491799645263,1213.93762894572
"BIGKAT _ P74 _ Left _ 4",31.3839475691807,35.4822136168965,1158.83596986599,19.1980758931223,86.3659144114943,1208.40295847551
"BIGKAT _ P74 _ Left _ 4",29.3306868728662,36.8544939281005,1163.80504798328,14.4664360118254,76.4452548321414,1201.02002868281
"BIGKAT _ P74 _ Left _ 4",27.3127074748281,37.6663653854118,1167.9504133368,10.4854203960983,66.7914752283921,1192.79766875693
"BIGKAT _ P74 _ Left _ 4",25.5574526124895,37.9235978307947,1170.9192606342,7.59934205852604,58.2888562724785,1184.74017281787
"BIGKAT _ P74 _ Left _ 4",24.2679117226758,37.7605309487723,1172.55080941521,5.94172162796303,51.5640446385575,1177.63890431136
"BIGKAT _ P74 _ Left _ 4",23.6000458276572,37.4047292053561,1172.88417974372,5.45905444283447,46.9235024858684,1171.956783523
"BIGKAT _ P74 _ Left _ 4",23.6468647527672,37.1180314158771,1172.12283987877,5.96277733865612,44.3738958101111,1167.82209922309
"BIGKAT _ P74 _ Left _ 4",24.4308606546754,37.1316305999286,1170.57096204328,7.19290726245859,43.7066955374393,1165.10927518308
"BIGKAT _ P74 _ Left _ 4",25.9050136869239,37.5930108505751,1168.56144823686,8.88083337249692,44.6124252424439,1163.56353838147
"BIGKAT _ P74 _ Left _ 4",27.9613161247829,38.5373562243774,1166.39283625732,10.8028236719696,46.7877838198149,1162.92494477967
"BIGKAT _ P74 _ Left _ 4",30.4449131480342,39.8876935522837,1164.28646674163,12.818128204277,50.0076936123479,1163.01894807528
"BIGKAT _ P74 _ Left _ 4",33.1715591583024,41.4795953699298,1162.36896615997,14.8863387090938,54.1491247299405,1163.79808060416
"BIGKAT _ P74 _ Left _ 4",35.9460111040941,43.100601505002,1160.67896668446,17.0595605584147,59.1691384285946,1165.33571776632
"BIGKAT _ P74 _ Left _ 4",38.5791255631985,44.5329332194858,1159.19148445761,19.4479630028969,65.0517287155197,1167.78369406234
"BIGKAT _ P74 _ Left _ 4",40.9019087019418,45.5900884585509,1157.85005321782,22.1632977468474,71.7439699462656,1171.30913019027
"BIGKAT _ P74 _ Left _ 4",42.7757022290723,46.1420511038981,1156.59702130414,25.2527461096267,79.1010301444277,1176.02414960661
"BIGKAT _ P74 _ Left _ 4",44.0987418476693,46.1282756502128,1155.39600296166,28.6417388864853,86.8535411399663,1181.91935412361
"BIGKAT _ P74 _ Left _ 4",44.8098442966643,45.5604889868708,1154.24508324572,32.1056194944457,94.6029708856532,1188.81126081861
"BIGKAT _ P74 _ Left _ 4",44.8896970603321,44.5176959678659,1153.18232499167,35.2842953039267,101.844028624769,1196.31522918292
"BIGKAT _ P74 _ Left _ 4",44.3595949425551,43.1342466781275,1152.28497279067,37.7422309422279,108.009080958898,1203.8555054186
"BIGKAT _ P74 _ Left _ 4",43.2772205699711,41.58047022432,1151.66145584668,39.0617189106959,112.52786868424,1210.71947507598
"BIGKAT _ P74 _ Left _ 4",41.7295228769262,40.0361138078002,1151.43390165775,38.9451818238821,114.895507238652,1216.15329999873
"BIGKAT _ P74 _ Left _ 4",39.823572687027,38.6597492482509,1151.71093419637,37.2970240227121,114.741641022776,1219.48355539746
"BIGKAT _ P74 _ Left _ 4",37.6768470102128,37.5605261342966,1152.55540432881,34.2599729814582,111.892909967741,1220.23929708945
"BIGKAT _ P74 _ Left _ 4",35.4083787159427,36.7798382115461,1153.95600125668,30.1941486615559,106.419620462538,1218.2458432956
"BIGKAT _ P74 _ Left _ 4",33.131786681851,36.2886309649135,1155.81232526113,25.6047792971383,98.6564955607994,1213.66679740793
"BIGKAT _ P74 _ Left _ 4",30.9508074549609,36.0019312412451,1157.93940772578,21.0399954862533,89.1879478349303,1206.98204460283
"BIGKAT _ P74 _ Left _ 4",28.9577643076222,35.8073013600057,1160.09170327753,16.9877605100626,78.7921843900616,1198.90346715152
"BIGKAT _ P74 _ Left _ 4",27.2351026441146,35.5998164494552,1162.00097978824,13.7983376073591,68.3469114834784,1190.24525353954
"BIGKAT _ P74 _ Left _ 4",25.8592204918168,35.313919557363,1163.41925505872,11.6475776730401,58.7115646835696,1181.77965248422
"BIGKAT _ P74 _ Left _ 4",24.9044832255955,34.9428269529413,1164.15721413634,10.5419726727677,50.6121916861248,1174.11630092495
"BIGKAT _ P74 _ Left _ 4",24.4445530285937,34.5393828472606,1164.10958025427,10.355125517134,44.5581306481143,1167.63728649922
"BIGKAT _ P74 _ Left _ 4",24.548967718211,34.1980392397153,1163.26170931104,10.8808846342403,40.8100404498883,1162.50014694062
"BIGKAT _ P74 _ Left _ 4",25.2750238471768,34.0242373769448,1161.67695965298,11.8901617298065,39.4003439900175,1158.69602775134
"BIGKAT _ P74 _ Left _ 4",26.6570507992533,34.1019635883062,1159.47103347262,13.1825366254704,40.1897922217091,1156.13327127884
"BIGKAT _ P74 _ Left _ 4",28.6958772274802,34.4702923152935,1156.78400637095,14.6267459474015,42.9360744354363,1154.71467648341
"BIGKAT _ P74 _ Left _ 4",31.3506570584326,35.1154143667203,1153.76036659145,16.1851978910662,47.3535055830981,1154.38685080807
"BIGKAT _ P74 _ Left _ 4",34.5341830799367,35.9783993261818,1150.54229883094,17.9179584310625,53.1523613057634,1155.15509082235
"BIGKAT _ P74 _ Left _ 4",38.1123081664139,36.9736869200595,1147.27430142483,19.9629917993608,60.0564231688354,1157.07011693372
"BIGKAT _ P74 _ Left _ 4",41.9082186122728,38.0109221955267,1144.11158458099,22.4929375852817,67.8033078407838,1160.19913765583
"BIGKAT _ P74 _ Left _ 4",45.712347130428,39.0136018432817,1141.22364752928,25.6541867074636,76.1329916948563,1164.59201495604
"BIGKAT _ P74 _ Left _ 4",49.2979747583637,39.9310583117862,1138.78865636996,29.5000453044467,84.767940199113,1170.24677301471
"BIGKAT _ P74 _ Left _ 4",52.4411161215162,40.7436204490539,1136.980806202,33.9343389433976,93.3873560627965,1177.0728674548
"BIGKAT _ P74 _ Left _ 4",54.9419099658379,41.4624933884135,1135.95684661761,38.6830579274697,101.600729525116,1184.85021153012
"BIGKAT _ P74 _ Left _ 4",56.6442875889226,42.1254659984889,1135.84643587227,43.3082316844896,108.931210983114,1193.18839377744
"BIGKAT _ P74 _ Left _ 4",57.4513079963306,42.7881040371274,1136.74552587404,47.2695274164453,114.823556701438,1201.50138384031
"BIGKAT _ P74 _ Left _ 4",57.3345857051414,43.5094315595301,1138.70720424165,50.0259066321313,118.690057487499,1209.02211099214
"BIGKAT _ P74 _ Left _ 4",56.3369510176335,44.3324251763605,1141.72434635127,51.1551910940547,119.998441886895,1214.88018095474
"BIGKAT _ P74 _ Left _ 4",54.5677482310261,45.2627660698908,1145.70387007267,50.4589155286649,118.389567235018,1218.24870487638
"BIGKAT _ P74 _ Left _ 4",52.1905697684564,46.2526778007111,1150.44062766455,48.019062823806,113.79516179202,1218.53506073452
"BIGKAT _ P74 _ Left _ 4",49.4044276045603,47.1980296364498,1155.60525284419,44.1854450524124,106.515044145605,1215.55802779722
"BIGKAT _ P74 _ Left _ 4",46.4213000391376,47.9542603627425,1160.76034445954,39.4954631072189,97.2171783405309,1209.63961727729
"BIGKAT _ P74 _ Left _ 4",43.4445242636021,48.3699204763922,1165.41161711961,34.5525830963021,86.8462288727157,1201.56097283784
"BIGKAT _ P74 _ Left _ 4",40.6522987838021,48.3283482386682,1169.08709327838,29.9034370548661,76.4608037496962,1192.3866813417
"BIGKAT _ P74 _ Left _ 4",38.1883822016136,47.7827550653853,1171.42371616143,25.948929102358,67.0495307336703,1183.22204116791
"BIGKAT _ P74 _ Left _ 4",36.1591728756064,46.7714529205011,1172.23446740427,22.906795513787,59.3834709282411,1174.99419530213
"BIGKAT _ P74 _ Left _ 4",34.6344677435273,45.4078935354171,1171.53492348356,20.8233972936293,53.942442845189,1168.32533655755
"BIGKAT _ P74 _ Left _ 4",33.6491646674708,43.8503239691117,1169.52371420436,19.6197608556093,50.9188799914442,1163.51544427747
"BIGKAT _ P74 _ Left _ 4",33.2044890127856,42.2629003384614,1166.52787260359,19.1525403675042,50.2748119276077,1160.60722464117
"BIGKAT _ P74 _ Left _ 4",33.2688972454629,40.7812762637642,1162.9331899881,19.2720245819324,51.8172446084367,1159.48637011036
"BIGKAT _ P74 _ Left _ 4",33.7798155820933,39.4918404247836,1159.11908458959,19.8637207947448,55.263735723335,1159.97481615565
"BIGKAT _ P74 _ Left _ 4",34.6474922732719,38.4278167898439,1155.41077995002,20.865915137905,60.2849114869896,1161.89194461643
"BIGKAT _ P74 _ Left _ 4",35.7615788842069,37.580106754975,1152.05390435765,22.2622277935951,66.5249142033223,1165.07723134156
"BIGKAT _ P74 _ Left _ 4",37.0000762774375,36.9174208167027,1149.21085599583,24.0545402349149,73.6085609010998,1169.38118129433
"BIGKAT _ P74 _ Left _ 4",38.2395575514912,36.4089277411658,1146.97448569831,26.2262476031638,81.1443105007764,1174.63810174594
"BIGKAT _ P74 _ Left _ 4",39.3653342978483,36.0427595434202,1145.39188480706,28.7074043376939,88.7277460554246,1180.63537398836
"BIGKAT _ P74 _ Left _ 4",40.2802564848427,35.8349481440016,1144.48939348259,31.3519100061367,95.9454786097195,1187.09091472875
"BIGKAT _ P74 _ Left _ 4",40.9109142515187,35.8258433288043,1144.2904547641,33.9333834190576,102.377673800556,1193.64533863101
"BIGKAT _ P74 _ Left _ 4",41.210216154889,36.0645890207673,1144.82105342101,36.1620964751397,107.59988035015,1199.87034623117
"BIGKAT _ P74 _ Left _ 4",41.1558049958754,36.5858186228487,1146.1020350401,37.7211946542225,111.189747478301,1205.2921081815
"BIGKAT _ P74 _ Left _ 4",40.7444892261107,37.3850267547381,1148.13169673543,38.3166364325777,112.747904949549,1209.42839520154
"BIGKAT _ P74 _ Left _ 4",39.9837244175471,38.3993848921704,1150.8642572127,37.7316926135357,111.941020505859,1211.83945987559
"BIGKAT _ P74 _ Left _ 4",38.8822539228848,39.4995074146589,1154.1899202587,35.8737795625763,108.567023126247,1212.192078015
"BIGKAT _ P74 _ Left _ 4",37.4431998591098,40.4958315793984,1157.92140717377,32.8003478444675,102.629364740161,1210.33034032948
"BIGKAT _ P74 _ Left _ 4",35.6634128755096,41.1612905125682,1161.79169379461,28.7138361837321,94.3947591372582,1206.33567984832
"BIGKAT _ P74 _ Left _ 4",33.5416772345697,41.2691700988283,1165.46822691643,23.9245914120186,84.4054700146719,1200.54902040442
"BIGKAT _ P74 _ Left _ 4",31.0951333051682,40.6406148954697,1168.58747349886,18.7926630981521,73.4292267315909,1193.53163211116
"BIGKAT _ P74 _ Left _ 4",28.379136523993,39.1909751557111,1170.80761849031,13.6679758689655,62.3547747475425,1185.96442051857
"BIGKAT _ P74 _ Left _ 4",25.5028040211403,36.9610765620736,1171.86804963388,8.84765619033374,52.065291339297,1178.51704658121
"BIGKAT _ P74 _ Left _ 4",22.6325431827968,34.1217862609541,1171.63803518418,4.5596925090467,43.329067271072,1171.73528845214
"BIGKAT _ P74 _ Left _ 4",19.9793098999392,30.9482987336194,1170.13924144032,0.970131743271946,36.7324300196199,1165.98377792069
"BIGKAT _ P74 _ Left _ 4",17.7709141644376,27.7708956414478,1167.53668114411,-1.79676353678042,32.6558730796234,1161.45128650529
"BIGKAT _ P74 _ Left _ 4",16.216141815456,24.9165740056399,1164.10386932616,-3.63738734049455,31.2777840455183,1158.19868218286
"BIGKAT _ P74 _ Left _ 4",15.4705156814252,22.6575727357801,1160.17449003817,-4.45560724470569,32.5886533258286,1156.21924024772
"BIGKAT _ P74 _ Left _ 4",15.6126671864778,21.1782198335942,1156.09346511374,-4.16201862113353,36.4076313493318,1155.48663510225
"BIGKAT _ P74 _ Left _ 4",16.635852202297,20.5632273201956,1152.1766973662,-2.68641411017419,42.4032521519241,1155.97933262457
"BIGKAT _ P74 _ Left _ 4",18.4535984650852,20.8027704003538,1148.68315397882,-0.00141916905729911,50.1240639122536,1157.68266902605
"BIGKAT _ P74 _ Left _ 4",20.9148086345717,21.806192720316,1145.79800283937,3.84746554980783,59.0413941670188,1160.57659957939
"BIGKAT _ P74 _ Left _ 4",23.8230905950913,23.4180451550958,1143.62390213744,8.71285712432563,68.5988575274383,1164.61730273603
"BIGKAT _ P74 _ Left _ 4",26.9566438281659,25.435024160511,1142.17970047189,14.3264977532052,78.2567615798467,1169.71719465024
"BIGKAT _ P74 _ Left _ 4",30.0869333652835,27.6262850916772,1141.40901628821,20.2984665575299,87.5186192340413,1175.72412494307
"BIGKAT _ P74 _ Left _ 4",32.9955463745863,29.7598282698636,1141.20191472333,26.139735588882,95.933049092153,1182.39931973561
"BIGKAT _ P74 _ Left _ 4",35.4889618449474,31.6341361647108,1141.42955576712,31.3090244898568,103.075501936298,1189.395988822
"BIGKAT _ P74 _ Left _ 4",37.4109667285331,33.109273222276,1141.98526645397,35.2804783541009,108.525762041734,1196.24562450966
"BIGKAT _ P74 _ Left _ 4",38.6525940868507,34.1284350513225,1142.81919400879,37.6240090115822,111.863384138759,1202.36446510665
"BIGKAT _ P74 _ Left _ 4",39.1597264425612,34.7217459278045,1143.95166277296,38.0850264519621,112.699989821569,1207.09468995595
"BIGKAT _ P74 _ Left _ 4",38.9384578730184,34.9891068752695,1145.45536497118,36.6456735171934,110.753961668313,1209.78986725929
"BIGKAT _ P74 _ Left _ 4",38.0575755417369,35.0661130383802,1147.40794172306,33.548125274171,105.953036853677,1209.94007708559
"BIGKAT _ P74 _ Left _ 4",36.6463125135682,35.083459611315,1149.83013685537,29.2653483028422,98.5307829046049,1207.31109053626
"BIGKAT _ P74 _ Left _ 4",34.8847612519243,35.1330129382458,1152.63417098122,24.4177187486371,89.0732156487719,1202.0519685899
"BIGKAT _ P74 _ Left _ 4",32.9852109769156,35.2512219155667,1155.60633964332,19.6523946123302,78.4802740558918,1194.72009159205
"BIGKAT _ P74 _ Left _ 4",31.165648689702,35.4234149156755,1158.43520055772,15.5182475657357,67.8355832622543,1186.19432996794
"BIGKAT _ P74 _ Left _ 4",29.6206795758114,35.6041197682225,1160.77706608462,12.3731166823508,58.216929991761,1177.49282798152
"BIGKAT _ P74 _ Left _ 4",28.4978425046958,35.743324832746,1162.33414000027,10.348925591233,50.5083483253791,1169.55667132744
"BIGKAT _ P74 _ Left _ 4",27.8865288390823,35.8088861947434,1162.91673176582,9.37976432746744,45.2743343437821,1163.07450944559
"BIGKAT _ P74 _ Left _ 4",27.8221129695193,35.7995513207615,1162.4711116438,9.27825693555716,42.7273592738328,1158.39867906943
"BIGKAT _ P74 _ Left _ 4",28.301638126983,35.7477397358081,1161.07154943142,9.83310633763443,42.7804139756799,1155.56116024053
"BIGKAT _ P74 _ Left _ 4",29.3029404118682,35.7138255442791,1158.88846301904,10.8974564947082,45.1486050334476,1154.36382911023
"BIGKAT _ P74 _ Left _ 4",30.7987880566384,35.7741805208312,1156.14827500269,12.442796520282,49.4573179838121,1154.50282612341
"BIGKAT _ P74 _ Left _ 4",32.7610776296625,36.0051151794685,1153.09614278664,14.5643631148447,55.3249999915923,1155.68788129426
"BIGKAT _ P74 _ Left _ 4",35.1549489727767,36.4653252238273,1149.96631419982,17.4380102492409,62.4062054180595,1157.727070003
"BIGKAT _ P74 _ Left _ 4",37.9265135898476,37.1805230454508,1146.96121511009,21.2415409127173,70.396414975833,1160.56080206768
"BIGKAT _ P74 _ Left _ 4",40.9896681865901,38.1345803842821,1144.24005459376,26.0625395261751,79.009685967728,1164.24263387413
"BIGKAT _ P74 _ Left _ 4",44.2171639419753,39.270605816673,1141.91842635334,31.818135929064,87.9430942550481,1168.87620320324
"BIGKAT _ P74 _ Left _ 4",47.4393449376773,40.5026723030211,1140.07949996841,38.2095306226366,96.8406648950938,1174.52580724618
"BIGKAT _ P74 _ Left _ 4",50.4517756965294,41.7352970186865,1138.79399102173,44.7263940130117,105.267236160704,1181.12284119278
"BIGKAT _ P74 _ Left _ 4",53.0311795256931,42.8847600540608,1138.14154383981,50.7051903908386,112.701390125158,1188.39204830173
"BIGKAT _ P74 _ Left _ 4",54.9578666254004,43.8951888123747,1138.22313123147,55.4331711516625,118.555851912327,1195.82036434748
"BIGKAT _ P74 _ Left _ 4",56.0419018973446,44.7436285061116,1139.1547981183,58.2783589220658,122.231418503588,1202.68605195364
"BIGKAT _ P74 _ Left _ 4",56.1495502422163,45.4319875980592,1141.03826478519,58.8175393269677,123.204182727087,1208.1551555958
"BIGKAT _ P74 _ Left _ 4",55.2261448104656,45.9689184238253,1143.91261063742,56.9313848974442,121.134958395111,1211.4354053901
"BIGKAT _ P74 _ Left _ 4",53.3114648725667,46.3495227697676,1147.7010094009,52.8403172931699,115.976762274009,1211.95679259106
"BIGKAT _ P74 _ Left _ 4",50.5439442028218,46.5428219697265,1152.17346232441,47.0675337809734,108.046481116416,1209.52932621123
"BIGKAT _ P74 _ Left _ 4",47.1508630771728,46.4943769808912,1156.94623547011,40.3353490712514,98.0276362701011,1204.42212041183
"BIGKAT _ P74 _ Left _ 4",43.4237546720043,46.1445835480165,1161.52844963451,33.4219217868403,86.8875262599945,1197.32473586537
"BIGKAT _ P74 _ Left _ 4",39.6817670222635,45.4551125415056,1165.40817340459,27.0183064854751,75.7215237054016,1189.19299697014
"BIGKAT _ P74 _ Left _ 4",36.2296563403341,44.4313584929752,1168.15262046806,21.6236574587859,65.5673332748168,1181.02978666058
"BIGKAT _ P74 _ Left _ 4",33.3195849704037,43.130657283405,1169.48965023109,17.5007756483151,57.2455685646776,1173.67765685315
"BIGKAT _ P74 _ Left _ 4",31.1253828763215,41.6533363195462,1169.34551550392,14.693629668035,51.2710101537277,1167.68835375388
"BIGKAT _ P74 _ Left _ 4",29.7341469597283,40.1217465621354,1167.83249660145,13.0914694506496,47.8481541783494,1163.29541492622
"BIGKAT _ P74 _ Left _ 4",29.1544229294752,38.6566429503573,1165.19922705806,12.5144988761868,46.9326341558525,1160.47532095109
"BIGKAT _ P74 _ Left _ 4",29.3352010851978,37.3590934020987,1161.76653599204,12.7940425233997,48.321938271721,1159.05846519575
"BIGKAT _ P74 _ Left _ 4",30.1876386196812,36.3014837084804,1157.86979814982,13.8247906884824,51.7388721550026,1158.84623812327
"BIGKAT _ P74 _ Left _ 4",31.6024145275919,35.526610146171,1153.81957839105,15.5764641274928,56.8840758839992,1159.69868202799
"BIGKAT _ P74 _ Left _ 4",33.4590572649369,35.0517289830563,1149.88258293394,18.0646320188055,63.4507170223358,1161.57171568302
"BIGKAT _ P74 _ Left _ 4",35.627742690732,34.8748319776241,1146.27877087354,21.2923343775939,71.1082351950299,1164.49929703905
"BIGKAT _ P74 _ Left _ 4",37.9671545112709,34.9816608742729,1143.18833601547,25.1826957885652,79.4698532886459,1168.53074354791
"BIGKAT _ P74 _ Left _ 4",40.3229185259506,35.352382593903,1140.76248268304,29.5258786528436,88.0610864274528,1173.64423140464
"BIGKAT _ P74 _ Left _ 4",42.5299156597504,35.9661268820241,1139.13268878989,33.9606956562185,96.3054015983522,1179.66321215058
"BIGKAT _ P74 _ Left _ 4",44.419539158383,36.8008816126798,1138.41364325741,38.0024328148077,103.539579855265,1186.20307115854
"BIGKAT _ P74 _ Left _ 4",45.831074086447,37.82701380686,1138.69577328374,41.1156979426691,109.065373195382,1192.67038604733
"BIGKAT _ P74 _ Left _ 4",46.6256204212734,38.9954179882155,1140.0255292976,42.817345160534,112.235638833652,1198.3260277904
"BIGKAT _ P74 _ Left _ 4",46.7010968377226,40.2249850415939,1142.37620355306,42.7834878462258,112.5627097329,1202.40679904634
"BIGKAT _ P74 _ Left _ 4",46.0069859307615,41.3967867940703,1145.61821463887,40.9302969969748,109.826133926123,1204.28111336451
"BIGKAT _ P74 _ Left _ 4",44.5570823016898,42.3621651912513,1149.5026337768,37.4436862585902,104.149862495292,1203.59746130995
"BIGKAT _ P74 _ Left _ 4",42.4378427441456,42.9678021465101,1153.67146393516,32.7479611666389,96.0204267508346,1200.37778897016
"BIGKAT _ P74 _ Left _ 4",39.8095772419886,43.0935413081828,1157.70067717354,27.4230075720529,86.2308234593143,1195.01956247722
"BIGKAT _ P74 _ Left _ 4",36.8979219387536,42.6910822070226,1161.16918418035,22.0949545932493,75.7574617526362,1188.20139669267
"BIGKAT _ P74 _ Left _ 4",33.9739372181875,41.8078261975996,1163.73456877653,17.3294954264803,65.6007722657689,1180.72518696861
"BIGKAT _ P74 _ Left _ 4",31.3231893744673,40.5832764130207,1165.19112567816,13.5501624073332,56.6327238476716,1173.35165695923
"BIGKAT _ P74 _ Left _ 4",29.2074779338119,39.2152601816968,1165.4909577345,10.992236834386,49.4902075667094,1166.68275209217
"BIGKAT _ P74 _ Left _ 4",27.8264340933971,37.9057751045441,1164.72300939976,9.69341176216837,44.5346382049984,1161.11796349348
"BIGKAT _ P74 _ Left _ 4",27.2880044641802,36.8055255682336,1163.06170265954,9.5170753907706,41.8743545420816,1156.8788102138
"BIGKAT _ P74 _ Left _ 4",27.5953600753515,35.9777068263008,1160.70833059921,10.2014402364865,41.4274111302317,1154.07142722559
"BIGKAT _ P74 _ Left _ 4",28.6533530309499,35.3946198807704,1157.84931087587,11.4254936591511,42.9943761976135,1152.74885703736
"BIGKAT _ P74 _ Left _ 4",30.2921232550758,34.9683437464547,1154.64608952213,12.8802168458244,46.314902324798,1152.94253718127
"BIGKAT _ P74 _ Left _ 4",32.300970589316,34.6038320334977,1151.25651248979,14.331521659707,51.0949505604784,1154.65187001473
"BIGKAT _ P74 _ Left _ 4",34.4636839609985,34.2540559832628,1147.87265392522,15.6615167700957,57.0078525143621,1157.80325945816
"BIGKAT _ P74 _ Left _ 4",36.5877245429187,33.9553345233324,1144.75066195084,16.8786416121836,63.6853782133063,1162.20607405473
"BIGKAT _ P74 _ Left _ 4",38.5233036378695,33.8276636736809,1142.20838949596,18.0950820892006,70.7194240772195,1167.53593757423
"BIGKAT _ P74 _ Left _ 4",40.1725244542107,34.0376669227174,1140.57829350633,19.4794115900246,77.6889216790644,1173.36465914839
"BIGKAT _ P74 _ Left _ 4",41.4911101526284,34.736019167243,1140.12326066195,21.1995684981523,84.2126664257563,1179.23587306505
"BIGKAT _ P74 _ Left _ 4",42.4848906426599,35.9911755347464,1140.94292974855,23.3727213934873,90.0134519985239,1184.76434063279
"BIGKAT _ P74 _ Left _ 4",43.2013428217933,37.7430040806227,1142.90747202327,26.0337471155167,94.9695223902634,1189.72345757097
"BIGKAT _ P74 _ Left _ 4",43.7152554459479,39.7931247396564,1145.64950860226,29.1255607215171,99.130094816637,1194.08569184491
"BIGKAT _ P74 _ Left _ 4",44.1083371837477,41.8365120086595,1148.62577501183,32.5065219046721,102.68182704019,1197.99533711119
"BIGKAT _ P74 _ Left _ 4",44.4450034872161,43.5259895794131,1151.23642581088,35.9661327833953,105.868585163967,1201.67711609091
"BIGKAT _ P74 _ Left _ 4",44.7493725811331,44.5517937252294,1152.97016368694,39.2417080178795,108.882818907598,1205.30841267558
"BIGKAT _ P74 _ Left _ 4",44.9902113426951,44.7145780114596,1153.53379221585,42.0343661930349,111.758674976515,1208.89780645342
"BIGKAT _ P74 _ Left _ 4",45.0800578924785,43.9724033826646,1152.92796731692,44.0289508895407,114.30096746791,1212.21319632251
"BIGKAT _ P74 _ Left _ 4",44.8916486874093,42.4496375579615,1151.44600653066,44.9252335177386,116.078293631708,1214.78958754603
"BIGKAT _ P74 _ Left _ 4",44.2897884092427,40.4063668777845,1149.59525635264,44.4846146817105,116.493419556987,1216.02330631925
"BIGKAT _ P74 _ Left _ 4",43.1714495292023,38.177722391829,1147.96353902974,42.5880740896394,114.922670647304,1215.33174954199
"BIGKAT _ P74 _ Left _ 4",41.5030577964608,36.1001058165216,1147.06902296438,39.2907022608299,110.89368586487,1212.33363532291
"BIGKAT _ P74 _ Left _ 4",39.3433076443437,34.4436944894517,1147.23561211881,34.8511497692396,104.253939067228,1206.99277494127
"BIGKAT _ P74 _ Left _ 4",36.8432876313199,33.3675798095763,1148.52693422068,29.7162094549549,95.2772978406244,1199.67500576289
"BIGKAT _ P74 _ Left _ 4",34.2224981753811,32.9064607843901,1150.75318622871,24.453712507003,84.6675158845464,1191.09393614171
"BIGKAT _ P74 _ Left _ 4",31.727137307848,32.9879295340394,1153.54219618147,19.6467151809179,73.4467079621835,1182.15952194645
"BIGKAT _ P74 _ Left _ 4",29.5825222412167,33.470037771009,1156.4467340277,15.7785066758793,62.756306124295,1173.77955009165
"BIGKAT _ P74 _ Left _ 4",27.9523457905025,34.1835695074781,1159.05161619866,13.1418194743229,53.631488280595,1166.68107684898
"BIGKAT _ P74 _ Left _ 4",26.913882477351,34.9647229851914,1161.04961611408,11.7954881790226,46.8194470723697,1161.30747887853
"BIGKAT _ P74 _ Left _ 4",26.4527284930968,35.6711701390811,1162.27137708264,11.5751672680309,42.6904928604453,1157.8122784104
"BIGKAT _ P74 _ Left _ 4",26.4756830830287,36.1838499704043,1162.67356137521,12.1504653644437,41.2510162666051,1156.13107405602
"BIGKAT _ P74 _ Left _ 4",26.8369634755965,36.4033831530356,1162.30319129824,13.1125440133364,42.2309949048164,1156.08697825913
"BIGKAT _ P74 _ Left _ 4",27.3710304349312,36.2506800446128,1161.25984901682,14.0725232358205,45.2017571747355,1157.48208273949
"BIGKAT _ P74 _ Left _ 4",27.9247894575063,35.676633116901,1159.671337434,14.7500111992454,49.6836948286273,1160.14399978026
"BIGKAT _ P74 _ Left _ 4",28.3828941253482,34.6787913240356,1157.68678622085,15.0325986625014,55.2205080313681,1163.9217372066
"BIGKAT _ P74 _ Left _ 4",28.6821473393195,33.3172421539315,1155.47989617086,14.9922994794658,61.4160644648278,1168.64782737642
"BIGKAT _ P74 _ Left _ 4",28.8139378182369,31.72016038518,1153.24927829432,14.8542127321571,67.9436801932827,1174.09550847333
"BIGKAT _ P74 _ Left _ 4",28.8163403513478,30.0723284344094,1151.20519473704,14.9246478469631,74.541367268461,1179.95758232634
"BIGKAT _ P74 _ Left _ 4",28.7591383094294,28.5860760563125,1149.54077207949,15.4969813339956,81.0016129455931,1185.86002091187
"BIGKAT _ P74 _ Left _ 4",28.7252868512836,27.4608410129656,1148.39579706605,16.75960304035,87.1563193886543,1191.40553368402
"BIGKAT _ P74 _ Left _ 4",28.7916292456008,26.8421601331863,1147.82711101467,18.7293569681723,92.8531700757491,1196.22824249995
"BIGKAT _ P74 _ Left _ 4",29.0108838616776,26.7916122883028,1147.79863003296,21.2266474683566,97.9221577808884,1200.03643732562
"BIGKAT _ P74 _ Left _ 4",29.3967012598244,27.275771270141,1148.19683481328,23.8976704302868,102.138730880038,1202.6278771958
"BIGKAT _ P74 _ Left _ 4",29.913938810401,28.1759781483758,1148.8675761334,26.2782462629905,105.198066601905,1203.8773803057
"BIGKAT _ P74 _ Left _ 4",30.4766913349491,29.3144356835897,1149.66167087592,27.8848955214481,106.718136964025,1203.71137134506
"BIGKAT _ P74 _ Left _ 4",30.9563984950939,30.4884216940218,1150.4735480424,28.3134779361869,106.284542689502,1202.09059522538
"BIGKAT _ P74 _ Left _ 4",31.2010059959344,31.5043418469345,1151.26033544556,27.3243959684844,103.537827104302,1199.01692499974
"BIGKAT _ P74 _ Left _ 4",31.0635889570852,32.2059679862731,1152.03681297002,24.8958685429683,98.2873211154626,1194.56570276165
"BIGKAT _ P74 _ Left _ 4",30.4356580446456,32.4944827630936,1152.85101922722,21.2327976981172,90.6200571620339,1188.92840911278
"BIGKAT _ P74 _ Left _ 4",29.2777436471579,32.3398245131814,1153.75158956725,16.7282420327566,80.9661395700017,1182.44022933153
"BIGKAT _ P74 _ Left _ 4",27.6389265335472,31.7824477508414,1154.75835549202,11.8866289502506,70.089497558804,1175.56979423688
"BIGKAT _ P74 _ Left _ 4",25.6584036022005,30.9232381049592,1155.84325460222,7.22896046064401,58.9956429597688,1168.86439814048
"BIGKAT _ P74 _ Left _ 4",23.5461060300828,29.8997654253413,1156.92312370063,3.20480194698233,48.7771990573548,1162.86551489813
"BIGKAT _ P74 _ Left _ 4",21.5452744281196,28.8513124731702,1157.86330504393,0.130936745604679,40.4393261471079,1158.02405903981
"BIGKAT _ P74 _ Left _ 4",19.8859878634665,27.8818758361855,1158.49196718327,-1.83455809655489,34.7502567378583,1154.64378252903
"BIGKAT _ P74 _ Left _ 4",18.7423383779452,27.0351607334272,1158.62694615065,-2.68494812550951,32.1472539170549,1152.86547953356
"BIGKAT _ P74 _ Left _ 4",18.2052940241979,26.2941032482004,1158.11595153205,-2.53289969703907,32.7055591964216,1152.68432529098
"BIGKAT _ P74 _ Left _ 4",18.2782750766871,25.6088184611603,1156.88562782779,-1.56511452888666,36.1598527418712,1153.97989912676
"BIGKAT _ P74 _ Left _ 4",18.8949104024651,24.944530574534,1154.98754455196,0.00506663536740204,41.9614114318407,1156.5398972911
"BIGKAT _ P74 _ Left _ 4",19.9511297441534,24.3305894114732,1152.624184673,1.97673847911873,49.3579886244418,1160.07174456045
"BIGKAT _ P74 _ Left _ 4",21.3393903333416,23.8881194441629,1150.13910607737,4.18470423898942,57.4903552151143,1164.2117381445
"BIGKAT _ P74 _ Left _ 4",22.9730390864952,23.819652323958,1147.96399996799,6.50473537001489,65.5022008038364,1168.54851736089
"BIGKAT _ P74 _ Left _ 4",24.793389377476,24.3580646111406,1146.52971034488,8.84494725793453,72.6554697652116,1172.6715043203
"BIGKAT _ P74 _ Left _ 4",26.7591656436573,25.6892240575978,1146.16347486069,11.1315837815912,78.433577982515,1176.23884065616
"BIGKAT _ P74 _ Left _ 4",28.824791889566,27.8755210930687,1147.00377208645,13.2969000853955,82.6072436643436,1179.04293936875
"BIGKAT _ P74 _ Left _ 4",30.9180250234027,30.8094558220237,1148.96167834133,15.2722831453967,85.2394659606576,1181.04558971524
"BIGKAT _ P74 _ Left _ 4",32.9272132946963,34.2158959457514,1151.74309170035,16.9851134884805,86.6205945543629,1182.36366680222
"BIGKAT _ P74 _ Left _ 4",34.7042247921966,37.7031379009245,1154.9253020512,18.356631634494,87.147056348652,1183.20681281954
"BIGKAT _ P74 _ Left _ 4",36.0828568764244,40.8452708716499,1158.06313852487,19.3003714608856,87.1781094639747,1183.78886508583
"BIGKAT _ P74 _ Left _ 4",36.9072222832439,43.2693723720942,1160.79156409147,19.7238056356537,86.9142682048215,1184.24481622134
"BIGKAT _ P74 _ Left _ 4",37.0621941450824,44.7232533690036,1162.89545033722,19.5369291203539,86.3350797406606,1184.58157786691
"BIGKAT _ P74 _ Left _ 4",36.4983738813337,45.1095325774545,1164.33057166602,18.6697067640024,85.2159085070935,1184.67787139816
"BIGKAT _ P74 _ Left _ 4",35.2459532097385,44.4838958388542,1165.19657804344,17.096432366147,83.21969018311,1184.33224974737
"BIGKAT _ P74 _ Left _ 4",33.4144841828918,43.0249451581205,1165.67672948116,14.8606893401679,80.0363404709301,1183.34283661175
"BIGKAT _ P74 _ Left _ 4",31.1787882574216,40.9883540698832,1165.96701471489,12.0917225279662,75.5252203273617,1181.59104429935
"BIGKAT _ P74 _ Left _ 4",28.7545347091908,38.6591059793644,1166.21789456772,9.00350036274144,69.811184636159,1179.09854540999
"BIGKAT _ P74 _ Left _ 4",26.3693054618273,36.3126540696486,1166.50505973531,5.87240927724095,63.2979711891523,1176.03609117337
"BIGKAT _ P74 _ Left _ 4",24.2352826190035,34.1897681982287,1166.83264938026,2.99704124883172,56.5929693763727,1172.68282832256
"BIGKAT _ P74 _ Left _ 4",22.5280713926423,32.4832437356669,1167.15864655153,0.650385634073178,50.3723811312079,1169.35583430207
"BIGKAT _ P74 _ Left _ 4",21.373699744433,31.3310785561591,1167.42505114154,-0.962635318846763,45.2372080479498,1166.3397311382
"BIGKAT _ P74 _ Left _ 4",20.8438149664086,30.8117224716974,1167.57838404676,-1.73186430502598,41.6077538454836,1163.84113798733
"BIGKAT _ P74 _ Left _ 4",20.9580363566058,30.9406993367282,1167.57555342404,-1.64806105133536,39.6822587283816,1161.97818909572
"BIGKAT _ P74 _ Left _ 4",21.6919521703569,31.6709926355216,1167.37925418639,-0.7895576128828,39.4581553714754,1160.80045199753
"BIGKAT _ P74 _ Left _ 4",22.9888173047881,32.9001235692661,1166.95129893302,0.705453713363592,40.79442813008,1160.32478677811
"BIGKAT _ P74 _ Left _ 4",24.7725040332112,34.4850528947264,1166.2512163454,2.67393815085635,43.4855514917771,1160.56937374951
"BIGKAT _ P74 _ Left _ 4",26.9590347494862,36.2633394817759,1165.24321609778,4.96295082635066,47.3208720238913,1161.57118580263
"BIGKAT _ P74 _ Left _ 4",29.4644952304054,38.0767965376103,1163.90963088497,7.4577638904971,52.114686735365,1163.38048274779
"BIGKAT _ P74 _ Left _ 4",32.208377484588,39.7929015297148,1162.26511476737,10.0979469517755,57.7067113398864,1166.03635522515
"BIGKAT _ P74 _ Left _ 4",35.1130850413752,41.3195263278848,1160.3645890632,12.8785067095422,63.9446097033812,1169.53541119346
"BIGKAT _ P74 _ Left _ 4",38.1018032259783,42.6100269555427,1158.29965658324,15.8362946395712,70.6651690651393,1173.80771708297
"BIGKAT _ P74 _ Left _ 4",41.0974857728001,43.6581529197952,1156.18225163215,19.0251174968612,77.68672798157,1178.70935018169
"BIGKAT _ P74 _ Left _ 4",44.0248323007018,44.4851885287924,1154.11952562427,22.4852490939207,84.8150206448335,1184.03211030836
"BIGKAT _ P74 _ Left _ 4",46.8149249799545,45.1243792496057,1152.18907917122,26.2135015694298,91.8537385372612,1189.52283905793
"BIGKAT _ P74 _ Left _ 4",49.4096984319297,45.6086922170093,1150.42620596094,30.1388877577298,98.6062638905107,1194.90158020877
"BIGKAT _ P74 _ Left _ 4",51.7622431974237,45.9661615490802,1148.83186358572,34.1074434064702,104.859372260144,1199.8710133093
"BIGKAT _ P74 _ Left _ 4",53.8302010275117,46.2227719125798,1147.40121652113,37.8792289864927,110.351466613034,1204.11749019555
"BIGKAT _ P74 _ Left _ 4",55.5630428824172,46.4082716706723,1146.16160950096,41.1410087972347,114.741284864314,1207.31235492986
"BIGKAT _ P74 _ Left _ 4",56.8884047461709,46.5583775058316,1145.20161974035,43.5382794310272,117.600986945258,1209.12630566748
"BIGKAT _ P74 _ Left _ 4",57.7057234823539,46.7089819514067,1144.67364512003,44.7281790476807,118.455046525934,1209.26663690343
"BIGKAT _ P74 _ Left _ 4",57.8951796455674,46.8831962829917,1144.76171541235,44.4490933205631,116.872434313746,1207.53759559513
"BIGKAT _ P74 _ Left _ 4",57.345640699848,47.0776429571428,1145.62063297838,42.5943219812642,112.59767483315,1203.91076539896
"BIGKAT _ P74 _ Left _ 4",55.9978197087596,47.2573388986394,1147.3066739608,39.269484719618,105.683996312857,1198.58059800035
"BIGKAT _ P74 _ Left _ 4",53.8907144679948,47.3665707717484,1149.72764394152,34.8117358649801,96.5790535250288,1191.97676962072
"BIGKAT _ P74 _ Left _ 4",51.1941559756962,47.3559829094438,1152.63603887654,29.757322604014,86.1198751572051,1184.71553812279
"BIGKAT _ P74 _ Left _ 4",48.2113078127524,47.2162724656609,1155.67287311674,24.7607677006138,75.4213945509948,1177.49568939855
"BIGKAT _ P74 _ Left _ 4",45.343112904247,47.0018940663486,1158.44802869206,20.4854154110701,65.6826700513487,1170.97004758926
"BIGKAT _ P74 _ Left _ 4",43.0192009245925,46.8294637470251,1160.62735367442,17.4922446772556,57.9670989975687,1165.63540367852
"BIGKAT _ P74 _ Left _ 4",41.6115642372621,46.846113055293,1161.99609751405,16.1502804385194,53.0203111683814,1161.77427757513
"BIGKAT _ P74 _ Left _ 4",41.3538635918328,47.1777270251961,1162.48204029419,16.5834693194681,51.1701630511661,1159.45781066776
"BIGKAT _ P74 _ Left _ 4",42.2885014072051,47.8776872360737,1162.14054375509,18.661080695875,52.3211151598589,1158.59518109295
"BIGKAT _ P74 _ Left _ 4",44.2562152046012,48.8976888576869,1161.11701733836,22.0322301343697,56.027219965699,1159.0025244738
"BIGKAT _ P74 _ Left _ 4",46.9313450507568,50.0932069352481,1159.60491009923,26.1981807419249,61.6129418834989,1160.46546446727
"BIGKAT _ P74 _ Left _ 4",49.8934451124606,51.2619745640538,1157.81149736387,30.6083311141921,68.3088444524182,1162.7794068914
"BIGKAT _ P74 _ Left _ 4",52.7160879339707,52.2010489980698,1155.93524008389,34.7595324696598,75.3751836288061,1165.76426684884
"BIGKAT _ P74 _ Left _ 4",55.0496575621041,52.761953934506,1154.1521995794,38.276877599448,82.1956869827241,1169.26001316098
"BIGKAT _ P74 _ Left _ 4",56.6781276785018,52.8857778359567,1152.60676139474,40.9591050328409,88.3328618549307,1173.11373151499
"BIGKAT _ P74 _ Left _ 4",57.5390162576951,52.6090340529607,1151.4032491093,42.7819081757396,93.5437447674804,1177.16808286338
"BIGKAT _ P74 _ Left _ 4",57.707194008863,52.0422501875791,1150.59818437775,43.8639918512402,97.7611668320923,1181.25709774831
"BIGKAT _ P74 _ Left _ 4",57.352737246362,51.3320584346118,1150.19584778459,44.4096805458156,101.050477889461,1185.21064643897
"BIGKAT _ P74 _ Left _ 4",56.6878003914181,50.6210224345377,1150.15063183857,44.6457259383127,103.554740317448,1188.8656125551
"BIGKAT _ P74 _ Left _ 4",55.9170885699723,50.0172245824772,1150.37790513833,44.7682927388029,105.441901729723,1192.08051314568
"BIGKAT _ P74 _ Left _ 4",55.2022500906343,49.5797755741931,1150.77182188044,44.9104160383031,106.864932341282,1194.75034865663
"BIGKAT _ P74 _ Left _ 4",54.6444918544763,49.3199397361017,1151.22575600768,45.1329208134634,107.940729915379,1196.81869351929
"BIGKAT _ P74 _ Left _ 4",54.2841073693234,49.2130278162313,1151.65029766377,45.4351516483594,108.747237111221,1198.28414508802
