"fileName","thumb_y","thumb_x","thumb_z","finger_y","finger_x","finger_z"
"BIGKAT _ C06 _ Left _ 4",55.6945211039016,63.2110727461138,1320.26653128266,50.1801972222785,75.9774671005729,1322.66483942677
"BIGKAT _ C06 _ Left _ 4",55.7070419881228,63.2145580512358,1320.24685173717,50.1798932508615,75.9832690059299,1322.66492436008
"BIGKAT _ C06 _ Left _ 4",55.7050378444396,63.218370481924,1320.25722009267,50.180124118477,75.9896745938044,1322.67505299726
"BIGKAT _ C06 _ Left _ 4",55.6807743896234,63.2214993402061,1320.31153036664,50.1814131321203,75.9948193749666,1322.69765093112
"BIGKAT _ C06 _ Left _ 4",55.6290963381168,63.2227406519638,1320.41802421613,50.1844644381381,75.9963068037482,1322.73285093233
"BIGKAT _ C06 _ Left _ 4",55.5497298331616,63.2210272894379,1320.5751799806,50.1901886033816,75.9916820868977,1322.77769381403
"BIGKAT _ C06 _ Left _ 4",55.4488595498142,63.2158684463642,1320.76930817019,50.1997418604919,75.9790996176419,1322.82603371553
"BIGKAT _ C06 _ Left _ 4",55.3391858057436,63.2077914540449,1320.97532102608,50.2145714490948,75.9580277972075,1322.86941908542
"BIGKAT _ C06 _ Left _ 4",55.237967079011,63.1986143145992,1321.1614316675,50.2364187239652,75.9297462107208,1322.89891034542
"BIGKAT _ C06 _ Left _ 4",55.163238836527,63.1913459000968,1321.29704609754,50.2671631774807,75.8973752512224,1322.90739372571
"BIGKAT _ C06 _ Left _ 4",55.1292501876676,63.1895791142681,1321.36132519828,50.3083541095285,75.8653135765941,1322.8917077212
"BIGKAT _ C06 _ Left _ 4",55.1426721127649,63.1964612430653,1321.34900631126,50.3604050191396,75.8382235786963,1322.85392317325
"BIGKAT _ C06 _ Left _ 4",55.2009018494314,63.2136058452239,1321.27109683769,50.4217510086512,75.8199221974097,1322.80124701259
"BIGKAT _ C06 _ Left _ 4",55.2929499323523,63.2404249739189,1321.15051765278,50.4885269764289,75.812545225472,1322.74426817504
"BIGKAT _ C06 _ Left _ 4",55.4024754628754,63.2741857401444,1321.0149335849,50.5551622773867,75.816204217526,1322.69391737293
"BIGKAT _ C06 _ Left _ 4",55.5119194756007,63.3107600962357,1320.88960141713,50.6157460787842,75.829181589502,1322.65833601744
"BIGKAT _ C06 _ Left _ 4",55.6064665257577,63.3457549404791,1320.79230429825,50.6655559007844,75.8485553513765,1322.64100249124
"BIGKAT _ C06 _ Left _ 4",55.6767502430379,63.3755990109833,1320.7312279585,50.7021154427034,75.8710217809419,1322.6406809655
"BIGKAT _ C06 _ Left _ 4",55.7197592748469,63.3982422984805,1320.70558347548,50.7254749329292,75.8936498925973,1322.65278338874
"BIGKAT _ C06 _ Left _ 4",55.7380591164005,63.4133291131028,1320.70811153405,50.7377807814775,75.9143777855936,1322.67129891411
"BIGKAT _ C06 _ Left _ 4",55.737918825544,63.4219146717135,1320.7283606848,50.742420945085,75.9321879546571,1322.69055560698
"BIGKAT _ C06 _ Left _ 4",55.7270823369052,63.4259149548722,1320.75575517444,50.7430768096173,75.9470055528359,1322.70639728792
"BIGKAT _ C06 _ Left _ 4",55.7128102675175,63.4274990677955,1320.78180765684,50.7429419777089,75.9594216339115,1322.71666067388
"BIGKAT _ C06 _ Left _ 4",55.7005704412397,63.4285866186547,1320.80122683126,50.7442494855133,75.9703554254358,1322.72105274137
"BIGKAT _ C06 _ Left _ 4",55.6934886681647,63.430538234387,1320.81200211103,50.7481314334046,75.9807495694933,1322.72064179249
"BIGKAT _ C06 _ Left _ 4",55.692460101433,63.4340545007081,1320.81475667032,50.7547484845696,75.9913560071349,1322.71719921184
"BIGKAT _ C06 _ Left _ 4",55.6966994723049,63.439245009836,1320.81173655677,50.7635822639221,76.0026318086626,1322.71258855886
"BIGKAT _ C06 _ Left _ 4",55.7044761489793,63.4458014977215,1320.80577163328,50.7737783858727,76.014733474192,1322.70832552051
"BIGKAT _ C06 _ Left _ 4",55.7138162570595,63.453205442367,1320.79944574611,50.7844503360089,76.0275797477744,1322.70535415336
"BIGKAT _ C06 _ Left _ 4",55.7230288084149,63.4609140891476,1320.79459234273,50.7948906042559,76.0409471221993,1322.7040213636
"BIGKAT _ C06 _ Left _ 4",55.7309965598041,63.468491028073,1320.79212260725,50.8046726070854,76.0545662795631,1322.70419249526
"BIGKAT _ C06 _ Left _ 4",55.7372431695148,63.4756703558335,1320.79211696592,50.8136562162762,76.068197629228,1322.70543725604
"BIGKAT _ C06 _ Left _ 4",55.7418341504576,63.4823616442406,1320.79407428269,50.821926943436,76.0816757659854,1322.70722192778
"BIGKAT _ C06 _ Left _ 4",55.7451876476814,63.4886137719674,1320.79721181729,50.8297039165542,76.0949228924171,1322.70906283288
"BIGKAT _ C06 _ Left _ 4",55.7478667210507,63.4945590407908,1320.80073209035,50.8372474234713,76.1079381906757,1322.71061911476
"BIGKAT _ C06 _ Left _ 4",55.7504058434315,63.5003565053379,1320.80400724683,50.8447869647358,76.1207732788367,1322.71172353092
"BIGKAT _ C06 _ Left _ 4",55.7531996496384,63.5061475201423,1320.80666596411,50.852479400446,76.1335037518798,1322.71236428231
"BIGKAT _ C06 _ Left _ 4",55.756458946653,63.5120295739346,1320.80859468182,50.8603969234713,76.1462044705289,1322.7126377124
"BIGKAT _ C06 _ Left _ 4",55.760222254242,63.5180484156413,1320.80988041725,50.8685379698398,76.1589329538644,1322.71269187969
"BIGKAT _ C06 _ Left _ 4",55.7644024258037,63.524204361266,1320.810726807,50.8768512338929,76.1717220083839,1322.71267662913
"BIGKAT _ C06 _ Left _ 4",55.7688465821356,63.5304668030295,1320.81137086969,50.8852631696873,76.1845802843372,1322.71270930441
"BIGKAT _ C06 _ Left _ 4",55.7733915924992,63.536791019142,1320.81201898676,50.8937016681781,76.1974980875267,1322.71285878812
"BIGKAT _ C06 _ Left _ 4",55.7779040486342,63.5431327620161,1320.81281033185,50.9021118099718,76.2104554509521,1322.71314557084
"BIGKAT _ C06 _ Left _ 4",55.7823007182903,63.549458055877,1320.81380715984,50.9104626941156,76.2234299247024,1322.71355268413
"BIGKAT _ C06 _ Left _ 4",55.7865511460222,63.5557475380367,1320.81500551361,50.918746672429,76.2364024223505,1322.71404154779
"BIGKAT _ C06 _ Left _ 4",55.7906675496139,63.5619961195514,1320.81635738274,50.9269736004382,76.2493604330671,1322.71456758834
"BIGKAT _ C06 _ Left _ 4",55.7946883647365,63.5682095447829,1320.8177956523,50.9351629983973,76.2622987231032,1322.71509218885
"BIGKAT _ C06 _ Left _ 4",55.7986611788198,63.5743996196416,1320.81925533431,50.9433365566532,76.2752181752849,1322.71558946081
"BIGKAT _ C06 _ Left _ 4",55.8026290885716,63.5805796093079,1320.82068750099,50.9515125603261,76.2881236256194,1322.71604797812
"BIGKAT _ C06 _ Left _ 4",55.80662244971,63.5867607860707,1320.82206513018,50.9597028707259,76.3010215057352,1322.71646870128
"BIGKAT _ C06 _ Left _ 4",55.8106561424019,63.5929505342624,1320.82338214628,50.9679123211484,76.3139178837809,1322.71686078255
"BIGKAT _ C06 _ Left _ 4",55.814731195693,63.5991519383401,1320.82464805822,50.976139887401,76.3268172164275,1322.71723687618
"BIGKAT _ C06 _ Left _ 4",55.8188390053867,63.6053644703432,1320.82588081453,50.9843807997215,76.3397218642481,1322.71760916739
"BIGKAT _ C06 _ Left _ 4",55.8229663636607,63.6115852689758,1320.82710005553,50.9926288187055,76.3526322342505,1322.71798678255
"BIGKAT _ C06 _ Left _ 4",55.82709990846,63.617810532606,1320.82832215239,51.0008781106867,76.3655473160223,1322.71837471911
"BIGKAT _ C06 _ Left _ 4",55.8312291783374,63.6240366763079,1320.82955757515,51.0091244294516,76.3784653644202,1322.71877404802
"BIGKAT _ C06 _ Left _ 4",55.8353480336421,63.630261068537,1320.83081043341,51.0173655613424,76.3913845281279,1322.71918293408
"BIGKAT _ C06 _ Left _ 4",55.839454649192,63.6364823168052,1320.83207959516,51.0256011702705,76.4043033000439,1322.71959798225
"BIGKAT _ C06 _ Left _ 4",55.8435505389563,63.6427001829927,1320.83336062509,51.0338322702689,76.4172207454005,1322.72001550213
"BIGKAT _ C06 _ Left _ 4",55.8476391430475,63.648915266306,1320.83464784335,51.0420605638555,76.4301365277131,1322.72043243268
"BIGKAT _ C06 _ Left _ 4",55.851724435408,63.6551285997968,1320.83593600287,51.0502878381036,76.4430507917347,1322.72084682833
"BIGKAT _ C06 _ Left _ 4",55.8558098586615,63.661341278891,1320.83722133053,51.0585155356798,76.4559639758072,1322.72125793798
"BIGKAT _ C06 _ Left _ 4",55.8598977205584,63.6675541951098,1320.83850190241,51.0667445410756,76.4688766186799,1322.7216659902
"BIGKAT _ C06 _ Left _ 4",55.8639890394424,63.6737679009883,1320.83977748244,51.074975160934,76.4817892062218,1322.72207182713
"BIGKAT _ C06 _ Left _ 4",55.8680837292222,63.679982594359,1320.84104903325,51.0832072405074,76.4947020798436,1322.72247651829
"BIGKAT _ C06 _ Left _ 4",55.8721809731801,63.6861981871743,1320.84231811439,51.0914403463153,76.5076154074411,1322.72288104758
"BIGKAT _ C06 _ Left _ 4",55.8762796419218,63.692414416304,1320.8435863396,51.099673952695,76.5205292031618,1322.72328612019
"BIGKAT _ C06 _ Left _ 4",55.8803786473753,63.6986309580789,1320.84485499612,51.1079075891363,76.5334433754925,1322.72369209434
"BIGKAT _ C06 _ Left _ 4",55.8844771739031,63.7048475198861,1320.84612485991,51.1161409280165,76.5463577831728,1322.72409901274
"BIGKAT _ C06 _ Left _ 4",55.8885747741884,63.7110638959095,1320.84739618527,51.1243738123311,76.5592722831526,1322.72450669442
"BIGKAT _ C06 _ Left _ 4",55.8926713519192,63.7172799862899,1320.84866881548,51.132606236629,76.5721867617334,1322.72491484658
"BIGKAT _ C06 _ Left _ 4",55.8967670716064,63.723495787297,1320.84994235064,51.1408383005574,76.5851011469652,1322.72532316488
"BIGKAT _ C06 _ Left _ 4",55.9008622391697,63.7297113639292,1320.85121631653,51.1490701542039,76.5980154057621,1322.72573140314
"BIGKAT _ C06 _ Left _ 4",55.9049571893049,63.7359268162948,1320.85249029614,51.1573019499047,76.6109295322627,1322.72613940734
"BIGKAT _ C06 _ Left _ 4",55.9090522023651,63.742142248522,1320.85376400592,51.1655338088146,76.6238435346086,1322.72654711821
"BIGKAT _ C06 _ Left _ 4",55.9131474594147,63.7483577453047,1320.85503731707,51.1737658044012,76.6367574259208,1322.72695455299
"BIGKAT _ C06 _ Left _ 4",55.9172430327306,63.754573357805,1320.8563102344,51.1819979605055,76.6496712225165,1322.72736177814
"BIGKAT _ C06 _ Left _ 4",55.9213389020985,63.760789098301,1320.85758285088,51.1902302592787,76.6625849491079,1322.72776888272
"BIGKAT _ C06 _ Left _ 4",55.9254349849285,63.7670049419285,1320.85885529587,51.1984626540094,76.6754986476667,1322.72817595822
"BIGKAT _ C06 _ Left _ 4",55.9295311695231,63.7732208338998,1320.86012769108,51.2066950829861,76.6884123845283,1322.72858308646
"BIGKAT _ C06 _ Left _ 4",55.9336273442037,63.779436701132,1320.86140012244,51.2149274822723,76.7013262497358,1322.72899033352
"BIGKAT _ C06 _ Left _ 4",55.9377234188453,63.7856524676695,1320.86267263007,51.2231597968289,76.7142403439462,1322.7293977461
"BIGKAT _ C06 _ Left _ 4",55.9418193384371,63.7918680731107,1320.86394521415,51.2313919902525,76.7271547514799,1322.72980534688
"BIGKAT _ C06 _ Left _ 4",55.9459150899034,63.7980834922515,1320.86521785119,51.2396240532946,76.7400695029091,1322.73021312725
"BIGKAT _ C06 _ Left _ 4",55.9500107035275,63.8042987525061,1320.86649051419,51.247856010431,76.7529845360223,1322.73062103868
"BIGKAT _ C06 _ Left _ 4",55.9541062493767,63.8105139439405,1320.86776319033,51.2560879225146,76.7658996686688,1322.73102898677
"BIGKAT _ C06 _ Left _ 4",55.9582018279181,63.8167292158201,1320.86903589088,51.2643198826154,76.7788145990958,1322.7314368342
"BIGKAT _ C06 _ Left _ 4",55.9622975533955,63.8229447543546,1320.87030865049,51.2725520021945,76.791728947217,1322.73184441816
"BIGKAT _ C06 _ Left _ 4",55.9663935292005,63.8291607395128,1320.87158151516,51.2807843862645,76.8046423426187,1322.73225158571
"BIGKAT _ C06 _ Left _ 4",55.9704898166813,63.8353772844884,1320.87285452126,51.2890170992718,76.8175545520518,1322.7326582447
"BIGKAT _ C06 _ Left _ 4",55.9745864022904,63.841594368874,1320.87412767055,51.297250127667,76.830465622476,1322.73306442118
"BIGKAT _ C06 _ Left _ 4",55.9786831717827,63.8478117841241,1320.87540090872,51.3054833494906,76.8433759992141,1322.73347030694
"BIGKAT _ C06 _ Left _ 4",55.9827799029021,63.8540291148734,1320.87667411586,51.3137165242794,76.8562865679514,1322.73387627599
"BIGKAT _ C06 _ Left _ 4",55.9868762880277,63.8602457792049,1320.87794711691,51.3219493164638,76.8691985704147,1322.73428284903
"BIGKAT _ C06 _ Left _ 4",55.9909719941894,63.8664611425439,1320.87921971661,51.3301813607166,76.8821133618118,1322.73469059245
"BIGKAT _ C06 _ Left _ 4",55.9950667591158,63.8726747025052,1320.88049175809,51.3384123678456,76.8950320155467,1322.73509995383
"BIGKAT _ C06 _ Left _ 4",55.9991605093021,63.878886317258,1320.88176319573,51.3466422556477,76.9079548340092,1322.73551105822
"BIGKAT _ C06 _ Left _ 4",56.0032534719141,63.8850964225334,1320.88303416475,51.3548712733797,76.920880883207,1322.73592351429
"BIGKAT _ C06 _ Left _ 4",56.0073462407689,63.8913061601168,1320.88430502267,51.3631000756522,76.9338077168347,1322.73633629924
"BIGKAT _ C06 _ Left _ 4",56.0114397527885,63.8975173334077,1320.88557633576,51.3713296972999,76.9467314709314,1322.73674779834
"BIGKAT _ C06 _ Left _ 4",56.0155351401891,63.9037321229172,1320.88684878949,51.3795613905982,76.9596474731836,1322.73715605919
"BIGKAT _ C06 _ Left _ 4",56.0196334483324,63.9099525423095,1320.88812301679,51.3877963135093,76.9725514085312,1322.73755927837
"BIGKAT _ C06 _ Left _ 4",56.0237352489141,63.9161796923727,1320.88939936256,51.3960351016523,76.9854409181047,1322.73795646918
"BIGKAT _ C06 _ Left _ 4",56.0278402269469,63.9224129644192,1320.89067763242,51.4042774107254,76.9983173067281,1322.73834817497
"BIGKAT _ C06 _ Left _ 4",56.0319468658845,63.9286494330883,1320.89195690161,51.4125215669745,77.0111868445642,1322.73873701333
"BIGKAT _ C06 _ Left _ 4",56.0360523816354,63.934883729344,1320.89323547566,51.4207644926516,77.0240610395283,1322.73912779051
"BIGKAT _ C06 _ Left _ 4",56.0401530451451,63.9411086629886,1320.89451108778,51.4290020613115,77.0369553031369,1322.73952694494
"BIGKAT _ C06 _ Left _ 4",56.0442449706062,63.9473167431282,1320.89578137928,51.4372299686658,77.0498856915765,1322.73994118657
"BIGKAT _ C06 _ Left _ 4",56.0483253285557,63.9535025177631,1320.89704463795,51.4454450744585,77.0628638909375,1322.74037540229
"BIGKAT _ C06 _ Left _ 4",56.052393783061,63.9596653449948,1320.8983006714,51.453646993693,77.0758912772142,1322.74083017407
"BIGKAT _ C06 _ Left _ 4",56.0564537829417,63.9658118820219,1320.89955159027,51.4618395280565,77.0889535811519,1322.7412995489
"BIGKAT _ C06 _ Left _ 4",56.0605132102714,63.9719573339445,1320.90080219891,51.470031387785,77.1020182113577,1322.74176991824
"BIGKAT _ C06 _ Left _ 4",56.0645838674082,63.9781244622434,1320.9020596787,51.47823562931,77.1150363794592,1322.74222090288
"BIGKAT _ C06 _ Left _ 4",56.0686794233783,63.9843396222728,1320.90333233442,51.4864673878499,77.1279515934939,1322.74262889823
"BIGKAT _ C06 _ Left _ 4",56.0728117718524,63.9906257384607,1320.90462737629,51.4947398503292,77.1407147152707,1322.74297336283
"BIGKAT _ C06 _ Left _ 4",56.0769862572178,63.9969930984472,1320.90594801724,51.5030589718343,77.1533036928458,1322.74324506189
"BIGKAT _ C06 _ Left _ 4",56.0811968171167,64.003429988605,1320.90729052419,51.5114180941408,77.1657436330801,1322.74345445607
"BIGKAT _ C06 _ Left _ 4",56.0854226146419,64.0098962049754,1320.90864218104,51.5197942066725,77.1781207109154,1322.74363751878
"BIGKAT _ C06 _ Left _ 4",56.0896279854148,64.0163229588996,1320.90998127202,51.5281478709022,77.1905823718684,1322.74385583028
"BIGKAT _ C06 _ Left _ 4",56.0937672910946,64.0226222449989,1320.91128005049,51.5364285727771,77.2033172522555,1322.7441881995
"BIGKAT _ C06 _ Left _ 4",56.0977953982208,64.0287070553865,1320.91251112532,51.5445863041558,77.2165118507495,1322.74471257171
"BIGKAT _ C06 _ Left _ 4",56.1016829747547,64.0345208796128,1320.91365676756,51.5525884862197,77.2302872960642,1322.74547961529
"BIGKAT _ C06 _ Left _ 4",56.1054338093418,64.0400710975794,1320.91471943177,51.5604391482254,77.2446277699551,1322.74648281321
"BIGKAT _ C06 _ Left _ 4",56.1090993446736,64.0454569907335,1320.91573056397,51.5681950439768,77.2593204656313,1322.7476333619
"BIGKAT _ C06 _ Left _ 4",56.1127842209997,64.0508804084329,1320.91675392458,51.5759718391119,77.2739327244342,1322.74875059072
"BIGKAT _ C06 _ Left _ 4",56.1166365871302,64.0566270550386,1320.91787963746,51.5839334522582,77.287852146878,1322.74957868296
"BIGKAT _ C06 _ Left _ 4",56.1208188831379,64.0630101212804,1320.91920636732,51.5922597796762,77.3004074194973,1322.74983711882
"BIGKAT _ C06 _ Left _ 4",56.1254589877903,64.0702760641741,1320.92081158098,51.6010926621406,77.3110702787937,1322.74930502846
"BIGKAT _ C06 _ Left _ 4",56.130587675038,64.0784840102268,1320.92271352962,51.6104666472776,77.3197140191587,1322.74792919423
"BIGKAT _ C06 _ Left _ 4",56.1360750486676,64.0873832228036,1320.92483267418,51.6202385471984,77.3268761601895,1322.74593382815
"BIGKAT _ C06 _ Left _ 4",56.1415840454044,64.0963235230128,1320.9269635605,51.6300358036656,77.3339504940215,1322.74390088747
"BIGKAT _ C06 _ Left _ 4",56.1465607610498,64.1042367535673,1320.9287691431,51.6392455358698,77.3432268751623,1322.74278681374
"BIGKAT _ C06 _ Left _ 4",56.1502769869066,64.1097189414397,1320.92980687629,51.6470613387213,77.3577151930982,1322.74384911845
"BIGKAT _ C06 _ Left _ 4",56.1519288220326,64.1112205850872,1320.92958886214,51.6525921741766,77.3807376159503,1322.74847613002
"BIGKAT _ C06 _ Left _ 4",56.15077775041,64.1073187818313,1320.92766770272,51.6550183748604,77.4153454440247,1322.75794339268
"BIGKAT _ C06 _ Left _ 4",56.1463018116293,64.097008729766,1320.92372829839,51.653759020767,77.4636944491009,1322.77315260378
"BIGKAT _ C06 _ Left _ 4",56.1383128889255,64.0799297615554,1320.91765880111,51.6486020937956,77.5265605052363,1322.79442901942
"BIGKAT _ C06 _ Left _ 4",56.1270008754537,64.0564502085131,1320.90957685962,51.6397540275633,77.6031576675688,1322.82144508603
"BIGKAT _ C06 _ Left _ 4",56.1128888682926,64.0275805115204,1320.89980158346,51.6277911022523,77.6913240892666,1322.8532976802
"BIGKAT _ C06 _ Left _ 4",56.0967153669088,63.9947454096776,1320.88878109043,51.6135302690398,77.7880095217144,1322.88871139343
"BIGKAT _ C06 _ Left _ 4",56.0792828380702,63.9594912066297,1320.87699980799,51.5978627367002,77.8899014284892,1322.92629993134
"BIGKAT _ C06 _ Left _ 4",56.0613167314868,63.9232133182877,1320.86489262985,51.5815987286349,77.9940072414836,1322.96480955127
"BIGKAT _ C06 _ Left _ 4",56.0433673869457,63.8869669372398,1320.85278594113,51.5653588293262,78.0980585254478,1323.00328856629
"BIGKAT _ C06 _ Left _ 4",56.0257684395017,63.8513873512856,1320.84087396053,51.54952652027,78.2006808732137,1323.04115944699
"BIGKAT _ C06 _ Left _ 4",56.0086477421728,63.8167124534904,1320.82922792097,51.5342572578921,78.3013463259957,1323.07820038247
"BIGKAT _ C06 _ Left _ 4",55.991975169532,63.7828772912398,1320.81782819062,51.5195269691753,78.4001735828931,1323.11446323482
"BIGKAT _ C06 _ Left _ 4",55.975627171647,63.7496415128997,1320.80660633888,51.5051984446359,78.4976600547796,1323.15016252189
"BIGKAT _ C06 _ Left _ 4",55.9594495401099,63.7167132704107,1320.79548483234,51.4910864727647,78.594423272606,1323.18556726788
"BIGKAT _ C06 _ Left _ 4",55.9433053044891,63.6838433455629,1320.78440528667,51.4770090296787,78.6910063678643,1323.22091812844
"BIGKAT _ C06 _ Left _ 4",55.9271015879203,63.6508764725696,1320.77334066345,51.4628195163632,78.7877732170719,1323.2563803104
"BIGKAT _ C06 _ Left _ 4",55.910795650462,63.6177593734029,1320.76229136553,51.4484215494616,78.8848915347514,1323.29203186848
"BIGKAT _ C06 _ Left _ 4",55.8943850130959,63.5845146271268,1320.75126907582,51.4337717109608,78.9823819191901,1323.32787908267
"BIGKAT _ C06 _ Left _ 4",55.8778890078733,63.5511952307344,1320.74027494485,51.418876514332,79.0801998310851,1323.36388659286
"BIGKAT _ C06 _ Left _ 4",55.8613294438118,63.5178366271952,1320.72928010236,51.4037881008105,79.1783156378765,1323.40000956052
"BIGKAT _ C06 _ Left _ 4",55.8447167569166,63.484421630857,1320.71821628121,51.388599912698,79.2767637128808,1323.43621750292
"BIGKAT _ C06 _ Left _ 4",55.8280455927925,63.4508697394245,1320.70698248034,51.3734401790984,79.3756430529136,1323.47250354973
"BIGKAT _ C06 _ Left _ 4",55.8113008025874,63.4170563814227,1320.69547004435,51.3584588534677,79.4750667156967,1323.50887769882
"BIGKAT _ C06 _ Left _ 4",55.7944718043822,63.3828602733475,1320.68360353419,51.3438037016418,79.5750732346222,1323.54534734949
"BIGKAT _ C06 _ Left _ 4",55.7775706160878,63.3482289926712,1320.67138895415,51.3295840123422,79.675527467485,1323.58189226723
"BIGKAT _ C06 _ Left _ 4",55.7606470466197,63.3132452741841,1320.65895545395,51.315825574712,79.7760481393039,1323.61844357009
"BIGKAT _ C06 _ Left _ 4",55.7437940007511,63.2781711207574,1320.64657319535,51.3024269699062,79.8760014744767,1323.65487675277
"BIGKAT _ C06 _ Left _ 4",55.7271370361372,63.2434457210964,1320.63463053261,51.2891329187254,79.9745919279302,1323.69102671084
"BIGKAT _ C06 _ Left _ 4",55.7108054672693,63.2096184842286,1320.62355959552,51.2755430148712,80.0710605824208,1323.72672797519
"BIGKAT _ C06 _ Left _ 4",55.6948873384719,63.177211526844,1320.61371141407,51.2611713367655,80.1649703063598,1323.76187619998
"BIGKAT _ C06 _ Left _ 4",55.6793768296124,63.1465262550443,1320.60519885959,51.2455626799098,80.2565189617192,1323.79649838097
"BIGKAT _ C06 _ Left _ 4",55.6641287931083,63.1174333158609,1320.59774473063,51.2284546368065,80.3467866309124,1323.83081119686
"BIGKAT _ C06 _ Left _ 4",55.6488392331135,63.0892083643836,1320.59058798043,51.2099539292574,80.4378021825023,1323.86524187899
"BIGKAT _ C06 _ Left _ 4",55.6330704336948,63.060489672392,1320.58250664778,51.1906752691119,80.5323217822281,1323.90038702711
"BIGKAT _ C06 _ Left _ 4",55.616333231264,63.0294286902474,1320.57200493383,51.1717786631847,80.6332576952749,1323.93689418312
"BIGKAT _ C06 _ Left _ 4",55.5982257914007,62.9940741726799,1320.55767986028,51.154844275136,80.7427828929629,1323.97526957743
"BIGKAT _ C06 _ Left _ 4",55.578609243329,62.9529723431783,1320.53873075893,51.1415489870238,80.8612563926393,1324.01564150944
"BIGKAT _ C06 _ Left _ 4",55.5577791204881,62.9058858998268,1320.51551019326,51.1331576522799,80.9862418027532,1324.05753728485
"BIGKAT _ C06 _ Left _ 4",55.5365736611592,62.8544495716911,1320.48995329553,51.1299097283306,81.1119890028137,1324.09975430601
"BIGKAT _ C06 _ Left _ 4",55.5163531891592,62.8025149737654,1320.46568574919,51.1304549596097,81.229769893997,1324.14041261646
"BIGKAT _ C06 _ Left _ 4",55.4987964954836,62.755923689102,1320.44762268963,51.1315483350353,81.3293606671876,1324.17725719961
"BIGKAT _ C06 _ Left _ 4",55.4854952647216,62.7215136019916,1320.44095074287,51.1282281363397,81.4017211599081,1324.2082277712
"BIGKAT _ C06 _ Left _ 4",55.4773855887384,62.7053254553721,1320.44953892762,51.1146466849136,81.4425488650916,1324.2322334907
"BIGKAT _ C06 _ Left _ 4",55.4741281086744,62.7102261492039,1320.47403517926,51.0855872625836,81.4559424803537,1324.24997245428
"BIGKAT _ C06 _ Left _ 4",55.4736181825139,62.7334612451682,1320.51013112982,51.0384889677054,81.4570111845067,1324.26454515845
"BIGKAT _ C06 _ Left _ 4",55.4718503037029,62.7649154222874,1320.54765068146,50.9755483602224,81.4720639874664,1324.28156062253
"BIGKAT _ C06 _ Left _ 4",55.4633498086246,62.7869939454832,1320.5711554463,50.9052369667345,81.5351686406686,1324.30845928696
"BIGKAT _ C06 _ Left _ 4",55.4422978105765,62.7769334889821,1320.56258568127,50.8424541795675,81.6804995407866,1324.35290573065
"BIGKAT _ C06 _ Left _ 4",55.404305115864,62.7119281646389,1320.50602613593,50.8066176756929,81.9310154557012,1324.42034309164
"BIGKAT _ C06 _ Left _ 4",55.3485544681007,62.5767052930974,1320.39402335814,50.8173467266842,82.2854831143881,1324.5111230294
"BIGKAT _ C06 _ Left _ 4",55.2797744127559,62.3721973941324,1320.23409248805,50.8880291944453,82.707372883743,1324.61796338247
"BIGKAT _ C06 _ Left _ 4",55.2093071973011,62.1229451373448,1320.05333738435,51.0184045340569,83.1202184558092,1324.7247370395
"BIGKAT _ C06 _ Left _ 4",55.1544788745576,61.8801507220578,1319.89873676393,51.1881631306052,83.4140975312735,1324.80763725606
"BIGKAT _ C06 _ Left _ 4",55.1356575612989,61.7172532886186,1319.8309011826,51.3541845621821,83.4664713871083,1324.83948644752
"BIGKAT _ C06 _ Left _ 4",55.1708435167671,61.7158393199446,1319.91018485916,51.4540960743845,83.1775032326908,1324.79730234477
"BIGKAT _ C06 _ Left _ 4",55.2683488224835,61.9417732494195,1320.1759652001,51.4180487011842,82.515412182188,1324.67225226598
"BIGKAT _ C06 _ Left _ 4",55.4189738866363,62.414465234785,1320.62242946674,51.1888535557485,81.5622715592074,1324.47999056349
"BIGKAT _ C06 _ Left _ 4",55.5898484558373,63.0756090518026,1321.17676024513,50.7480310057144,80.5463920313809,1324.26839916246
"BIGKAT _ C06 _ Left _ 4",55.7224757879788,63.7665478645457,1321.68733901447,50.142381062328,79.845901369815,1324.1193432934
"BIGKAT _ C06 _ Left _ 4",55.7371909288971,64.2244289211458,1321.92952211513,49.5032092213608,79.9511419027078,1324.14161793658
"BIGKAT _ C06 _ Left _ 4",55.5450067423631,64.1053177183022,1321.63388699998,49.0493884365395,81.3821112153818,1324.45404813647
"BIGKAT _ C06 _ Left _ 4",55.0656952075847,63.0368115137392,1320.53635740982,49.0670195069856,84.570880409473,1325.16064024306
"BIGKAT _ C06 _ Left _ 4",54.2483227345316,60.6938609565442,1318.44203340028,49.86315584154,89.734937485468,1326.32317660415
"BIGKAT _ C06 _ Left _ 4",53.088177538482,56.8815423910497,1315.28695364767,51.6985743907226,96.7801212351815,1327.93948841196
"BIGKAT _ C06 _ Left _ 4",51.6333791180826,51.6013421970378,1311.17786987318,54.7132254909606,105.273246439,1329.93605413311
"BIGKAT _ C06 _ Left _ 4",49.9767134768492,45.0779744253164,1306.39328567873,58.8644804094487,114.507567592371,1332.17993441778
"BIGKAT _ C06 _ Left _ 4",48.2335331302994,37.7346655419049,1301.34096390715,63.8984757230615,123.649990205152,1334.50760784177
"BIGKAT _ C06 _ Left _ 4",46.5128448949349,30.1232466055701,1296.48375389325,69.3664546803412,131.922248675625,1336.7604522449
"BIGKAT _ C06 _ Left _ 4",44.8923570023718,22.8322884507582,1292.25812860137,74.6836900368358,138.75095178391,1338.81342700266
"BIGKAT _ C06 _ Left _ 4",43.4067289684375,16.4023488117496,1289.01085420181,79.2154631102301,143.835199941533,1340.58727220892
"BIGKAT _ C06 _ Left _ 4",42.0523877856961,11.2693060253552,1286.96857221257,82.3693390690442,147.117338930135,1342.04260548906
"BIGKAT _ C06 _ Left _ 4",40.8055463058418,7.74064362877866,1286.2394629361,83.6769093415824,148.68214385218,1343.16164835313
"BIGKAT _ C06 _ Left _ 4",39.645743809414,5.99518652436455,1286.83390340332,82.8566952647568,148.634744292222,1343.92688535614
"BIGKAT _ C06 _ Left _ 4",38.5763666386641,6.09092123324032,1288.68715478397,79.8564428996235,147.010725316603,1344.30582760836
"BIGKAT _ C06 _ Left _ 4",37.6354462721221,7.96898703277537,1291.67174386588,74.8737462295381,143.755219949422,1344.24840054935
"BIGKAT _ C06 _ Left _ 4",36.8933876892918,11.4511876750536,1295.59693565904,68.3500100069066,138.77885634149,1343.69905040108
"BIGKAT _ C06 _ Left _ 4",36.4382354848752,16.2382841621366,1300.2027607666,60.9293491735706,132.066906506522,1342.62022684122
"BIGKAT _ C06 _ Left _ 4",36.352917965636,21.9219371665225,1305.16189542224,53.3768025329154,123.794398866913,1341.01891058856
"BIGKAT _ C06 _ Left _ 4",36.6917561718481,28.0212893381756,1310.10129980826,46.4613522931913,114.39347267365,1338.96525102706
"BIGKAT _ C06 _ Left _ 4",37.4642554692339,34.0459227484577,1314.64700625282,40.8248039567097,104.534440630307,1336.59384325058
"BIGKAT _ C06 _ Left _ 4",38.6318948015093,39.5740991595485,1318.48354810652,36.869151521037,95.0155480348908,1334.08417633969
"BIGKAT _ C06 _ Left _ 4",40.1185681749092,44.3247340679017,1321.40998555448,34.6948654299902,86.5960323065063,1331.62566058337
"BIGKAT _ C06 _ Left _ 4",41.8295789279118,48.1988063007645,1323.37210419495,34.1089585242937,79.8348984122124,1329.38037605519
"BIGKAT _ C06 _ Left _ 4",43.670660524313,51.2730906596153,1324.45668083835,34.7006084291661,74.9983883950481,1327.45851757913
"BIGKAT _ C06 _ Left _ 4",45.5593151269272,53.7440051214472,1324.84646072085,35.9629850838241,72.0698712450502,1325.91550892438
"BIGKAT _ C06 _ Left _ 4",47.4251844977617,55.8360446797477,1324.74848414089,37.4295986597752,70.851416028707,1324.76914072221
"BIGKAT _ C06 _ Left _ 4",49.2016488763734,57.7012033831466,1324.31792408419,38.7930941133461,71.1093495591732,1324.02590891126
"BIGKAT _ C06 _ Left _ 4",50.8148418487987,59.3393077159459,1323.60139646962,39.9810319124452,72.7021407364674,1323.70229637009
"BIGKAT _ C06 _ Left _ 4",52.1774428676974,60.5642978408523,1322.51807087877,41.1732215868444,75.6396270842125,1323.82967109752
"BIGKAT _ C06 _ Left _ 4",53.1928168544637,61.0301395838585,1320.88622446205,42.7564353687527,80.0503793944918,1324.43893927132
"BIGKAT _ C06 _ Left _ 4",53.7709226747036,60.3145645384136,1318.48989521192,45.2240829366848,86.0688548063108,1325.53040710464
"BIGKAT _ C06 _ Left _ 4",53.8520867181702,58.0418816735535,1315.16770467927,49.0403082168955,93.686027014106,1327.04256373046
"BIGKAT _ C06 _ Left _ 4",53.429974507227,54.0114392980914,1310.89681885867,54.498673957224,102.626641113159,1328.83766804305
"BIGKAT _ C06 _ Left _ 4",52.5631066000229,48.2913236275237,1305.84311600447,61.6118917423572,112.313753008188,1330.71918736494
"BIGKAT _ C06 _ Left _ 4",51.3670879095544,41.2434013534799,1300.35716530458,70.0659301158162,121.951502633696,1332.48466699972
"BIGKAT _ C06 _ Left _ 4",49.9875408152835,33.4678415311012,1294.91417259578,79.2554057033996,130.706913572419,1333.99984964301
"BIGKAT _ C06 _ Left _ 4",48.5632414824401,25.6856784502083,1290.01775281744,88.3901183752247,137.923702816208,1335.26423978467
"BIGKAT _ C06 _ Left _ 4",47.1943754016257,18.6014425066956,1286.10125258907,96.636861552576,143.283039673264,1336.43597696332
"BIGKAT _ C06 _ Left _ 4",45.9283344810107,12.7910255825247,1283.45881088046,103.251029071613,146.848837560774,1337.79899125
"BIGKAT _ C06 _ Left _ 4",44.7668653415694,8.64238405382038,1282.22301994693,107.664812943585,148.984151246278,1339.67876472373
"BIGKAT _ C06 _ Left _ 4",43.6893413708677,6.35083349553171,1282.38591798388,109.52435054126,150.174103212351,1342.33003070202
"BIGKAT _ C06 _ Left _ 4",42.6819126964319,5.95094779042648,1283.84486073327,108.691072253464,150.820120291851,1345.8252442289
"BIGKAT _ C06 _ Left _ 4",41.7618788051738,7.36029709845137,1286.44996107877,105.230984061586,151.074923917755,1349.97266570919
"BIGKAT _ C06 _ Left _ 4",40.9892157461882,10.4150108835439,1290.03504793136,99.4081209226048,150.771648741347,1354.29202293032
"BIGKAT _ C06 _ Left _ 4",40.4613246676182,14.8881275338825,1294.42522647248,91.681864187098,149.470642171693,1358.06987171979
"BIGKAT _ C06 _ Left _ 4",40.2919639157398,20.4932781172465,1299.42551715217,82.6926830943452,146.611760112473,1360.49972100793
"BIGKAT _ C06 _ Left _ 4",40.5802088865897,26.8840740300791,1304.80222238257,73.2161826140243,141.726942353059,1360.88424902237
"BIGKAT _ C06 _ Left _ 4",41.3789389156401,33.6613469495988,1310.26970777779,64.0748699097367,134.64645307868,1358.84771596212
"BIGKAT _ C06 _ Left _ 4",42.6732817399176,40.3963112284941,1315.49127716279,56.0170562532289,125.630046924878,1354.49001784359
"BIGKAT _ C06 _ Left _ 4",44.3766345742844,46.669998271009,1320.09692166094,49.5926295578585,115.374993853888,1348.42161413275
"BIGKAT _ C06 _ Left _ 4",46.3458165810194,52.1213451446704,1323.71612580332,45.0646408745844,104.89240991938,1341.65253974637
"BIGKAT _ C06 _ Left _ 4",48.4099719329733,56.4917146676417,1326.02224392043,42.3878044649368,95.2887973157187,1335.35693727029
"BIGKAT _ C06 _ Left _ 4",50.4033059239261,59.654703502114,1326.78579259566,41.2632329101097,87.5225507495318,1330.57648414426
"BIGKAT _ C06 _ Left _ 4",52.1917724983498,61.626204216598,1325.93506247924,41.2530936691966,82.2099329033329,1327.94395442536
"BIGKAT _ C06 _ Left _ 4",53.6880014379969,62.5570593490975,1323.6206792354,41.920327173168,79.529640072833,1327.49737868739
"BIGKAT _ C06 _ Left _ 4",54.8543218543469,62.7147409580317,1320.27441912536,42.9531164557496,79.2344846129432,1328.62619940256
"BIGKAT _ C06 _ Left _ 4",55.6976551123009,62.4591556715952,1316.64327965629,44.240842389661,80.7448254408828,1330.15921298734
"BIGKAT _ C06 _ Left _ 4",56.2608377591159,62.2124869786036,1313.7725144461,45.8832514288507,83.2845005274633,1330.57897911125
"BIGKAT _ C06 _ Left _ 4",56.6130713831876,62.417973778798,1312.91241078216,48.1325913169162,86.0247428480437,1328.32790133811
"BIGKAT _ C06 _ Left _ 4",56.8393171653463,63.4817803336666,1315.3376023692,51.2857907184698,88.2147624340367,1322.15292767348
"BIGKAT _ C06 _ Left _ 4",57.0264775107491,65.697991956591,1322.09472040114,55.557349769947,89.2888728000846,1311.41851055087
"BIGKAT _ C06 _ Left _ 4",57.2447796588594,69.1689571316812,1333.7279906681,60.9702241309732,88.9431187315978,1296.30864878567
"BIGKAT _ C06 _ Left _ 4",57.5264957684283,73.7475465817259,1350.06024686138,67.2981239809679,87.1705359205911,1277.85205594844
"BIGKAT _ C06 _ Left _ 4",57.8492384208726,79.0348345110135,1370.11139286064,74.0767410088475,84.2425921990544,1257.7493561285
"BIGKAT _ C06 _ Left _ 4",58.1332351517026,84.4541363450322,1392.20311034846,80.6775490841548,80.6343099168099,1238.04793896846
"BIGKAT _ C06 _ Left _ 4",58.257650136703,89.3884324592985,1414.2318421748,86.4165100574637,76.9093686447712,1220.76585322512
"BIGKAT _ C06 _ Left _ 4",58.0919388705717,93.3322391229443,1434.02516887978,90.6623624119902,73.5955090452302,1207.57648264993
"BIGKAT _ C06 _ Left _ 4",57.5308797926382,95.9986105390065,1449.6723018882,92.918451635021,71.0805996483449,1199.62433436728
"BIGKAT _ C06 _ Left _ 4",56.5213842881889,97.3453984013492,1459.75065794107,92.8709317442342,69.5491732478526,1197.47651793246
"BIGKAT _ C06 _ Left _ 4",55.0747178843494,97.5238233708493,1463.43006653839,90.4121982601396,68.966572524724,1201.16316755434
"BIGKAT _ C06 _ Left _ 4",53.2646802368723,96.7825480550582,1460.48498685213,85.6527171476221,69.1078325270128,1210.2466105299
"BIGKAT _ C06 _ Left _ 4",51.2164227187396,95.3703720001493,1451.26131443699,78.9265558423622,69.6215283277593,1223.88179329832
"BIGKAT _ C06 _ Left _ 4",49.0907480676842,93.4721911710257,1436.62855295766,70.782874072354,70.1143591472025,1240.86955104971
"BIGKAT _ C06 _ Left _ 4",47.066409181118,91.193476222528,1417.91608786594,61.9471628646958,70.239878003209,1259.73482244123
"BIGKAT _ C06 _ Left _ 4",45.320670410506,88.5868986203572,1396.8063971384,53.2394728236871,69.7743025583744,1278.86536679591
"BIGKAT _ C06 _ Left _ 4",44.0081794037796,85.6989225411596,1375.15694076274,45.4530015854696,68.6639961235927,1296.71937813425
"BIGKAT _ C06 _ Left _ 4",43.2401105607375,82.6097514089325,1354.75076527892,39.2179673866744,67.0340866324855,1312.06670532679
"BIGKAT _ C06 _ Left _ 4",43.0678090985695,79.4479812822136,1337.01989782359,34.8905759408304,65.1565755510134,1324.19318585861
"BIGKAT _ C06 _ Left _ 4",43.4756846520829,76.3772478750393,1322.81999779993,32.505217383791,63.3875174134705,1332.99247201492
"BIGKAT _ C06 _ Left _ 4",44.3861356440594,73.5676297378401,1312.33699126262,31.8087787159965,62.09179742177,1338.89998794983
"BIGKAT _ C06 _ Left _ 4",45.6757919473808,71.1711072441087,1305.17064581076,32.367911140011,61.5756143896135,1342.67603466214
"BIGKAT _ C06 _ Left _ 4",47.1990886657481,69.3146448573155,1300.58056493779,33.7161292984768,62.0397004064854,1345.09677332243
"BIGKAT _ C06 _ Left _ 4",48.8135219322248,68.1108990535146,1297.82282018181,35.4967976759183,63.5551407347611,1346.64346977694
"BIGKAT _ C06 _ Left _ 4",50.4012395902375,67.6741124351045,1296.47327631405,37.5617701031131,66.0556706253562,1347.28376888275
"BIGKAT _ C06 _ Left _ 4",51.8832254247245,68.1244224055556,1296.63590150381,39.9995668696694,69.339823149439,1346.41612624648
"BIGKAT _ C06 _ Left _ 4",53.2242377242874,69.5690653126937,1298.96677831779,43.0861847116668,73.082058334322,1343.00710880696
"BIGKAT _ C06 _ Left _ 4",54.4282033255779,72.0608496536143,1304.4963134746,47.171708287462,76.859100364999,1335.89946401499
"BIGKAT _ C06 _ Left _ 4",55.5248956086475,75.5477889565194,1314.29098525194,52.5334480488326,80.2005054992528,1324.21616974387
"BIGKAT _ C06 _ Left _ 4",56.5498742768863,79.8371124335106,1329.04828063603,59.2377071398875,82.6667715734687,1307.74499842096
"BIGKAT _ C06 _ Left _ 4",57.5214124658383,84.5964734153553,1348.74791059613,67.0529336204601,83.9438381898916,1287.17698196724
"BIGKAT _ C06 _ Left _ 4",58.4205197108873,89.4024243586913,1372.47283039063,75.4431880737084,83.9262858915824,1264.10711608249
"BIGKAT _ C06 _ Left _ 4",59.1818304046704,93.8250821433652,1398.46027842588,83.6443704832287,82.7551414848817,1240.78575227905
"BIGKAT _ C06 _ Left _ 4",59.7015699254492,97.5192429139416,1424.36392118156,90.7972951860021,80.7885697084447,1219.70198423789
"BIGKAT _ C06 _ Left _ 4",59.8628586657627,100.287328171279,1447.63956411499,96.0961545275264,78.5103168406161,1203.13569165753
"BIGKAT _ C06 _ Left _ 4",59.5708781236978,102.091602320972,1465.94127536437,98.9152963031932,76.4057238930013,1192.80305038569
"BIGKAT _ C06 _ Left _ 4",58.7858296897437,103.015119075047,1477.43892236773,98.8953106537443,74.8446357466202,1189.65674209256
"BIGKAT _ C06 _ Left _ 4",57.5428447640438,103.191558656646,1481.02003800733,95.9874687836091,74.0033283166536,1193.83258849116
"BIGKAT _ C06 _ Left _ 4",55.9534181864679,102.734844161202,1476.38503271104,90.463177664299,73.8420862074762,1204.69807878928
"BIGKAT _ C06 _ Left _ 4",54.1890236319599,101.697029625498,1464.06183476475,82.8914001335879,74.1393814986747,1220.96353857408
"BIGKAT _ C06 _ Left _ 4",52.4519993974948,100.069362044041,1445.35283868836,74.0794313233257,74.5706778601478,1240.84353331519
"BIGKAT _ C06 _ Left _ 4",50.9410167138696,97.8223069502577,1422.20258129595,64.9710829421895,74.8100469318865,1262.2753923716
"BIGKAT _ C06 _ Left _ 4",49.8187755977697,94.9635059620853,1396.96565481104,56.5066923339535,74.6271915874966,1283.19494592927
"BIGKAT _ C06 _ Left _ 4",49.1884438998093,91.5853260002865,1372.07686356657,49.4677903793562,73.9534009353401,1301.83945899913
"BIGKAT _ C06 _ Left _ 4",49.0830622286229,87.8791092102112,1349.67124531558,44.3446057333018,72.8987429619989,1317.01523032712
"BIGKAT _ C06 _ Left _ 4",49.4689598440998,84.1089139470878,1331.24269319356,41.2657590075305,71.7177174958642,1328.25620163845
"BIGKAT _ C06 _ Left _ 4",50.2607522452598,80.5562605969769,1317.43934128518,40.0132930063411,70.7366682907592,1335.82063476587
"BIGKAT _ C06 _ Left _ 4",51.3427688197469,77.4604537140077,1308.06245637499,40.1195047814153,70.2672354863186,1340.51731229949
"BIGKAT _ C06 _ Left _ 4",52.5908470981408,74.9800805915648,1302.27544097353,41.0171644551179,70.531556246743,1343.40182954781
"BIGKAT _ C06 _ Left _ 4",53.8896270000684,73.1898052381919,1298.96512381243,42.2013845705291,71.6168062570304,1345.41981316078
"BIGKAT _ C06 _ Left _ 4",55.1430611150138,72.1089069886253,1297.15254601568,43.3620101847177,73.4639522541421,1347.08837156452
"BIGKAT _ C06 _ Left _ 4",56.2785719564359,71.743488454986,1296.33793411131,44.4560919868624,75.8849802979417,1348.29919853137
"BIGKAT _ C06 _ Left _ 4",57.2470466059323,72.1193050719546,1296.68413013304,45.7053526972437,78.5983336404596,1348.30052813488
"BIGKAT _ C06 _ Left _ 4",58.0211519315201,73.2875189114445,1298.98555836586,47.5198596200916,81.2732864938302,1345.8758114977
"BIGKAT _ C06 _ Left _ 4",58.5934078509333,75.298108490377,1304.42488492741,50.3646426979836,83.5773216747913,1339.68996079656
"BIGKAT _ C06 _ Left _ 4",58.9737134738242,78.150421380168,1314.17632820172,54.5995437219327,85.2231268057231,1328.72620312877
"BIGKAT _ C06 _ Left _ 4",59.1845708139877,81.7422989446551,1328.96143040175,60.331951557831,86.0119127414528,1312.69898771368
"BIGKAT _ C06 _ Left _ 4",59.2522162042034,85.8432275845084,1348.68531815941,67.3233980297621,85.8676163517397,1292.31710310838
"BIGKAT _ C06 _ Left _ 4",59.1939831550094,90.1094855889122,1372.2649630292,74.9801905730427,84.8540264243296,1269.30179145317
"BIGKAT _ C06 _ Left _ 4",59.0058633032889,94.1414336844447,1397.70401368906,82.4353696105282,83.1665458241637,1246.13751040764
"BIGKAT _ C06 _ Left _ 4",58.6569363700321,97.5630560498074,1422.39176992718,88.7019251294862,81.0943269418308,1225.62154888334
"BIGKAT _ C06 _ Left _ 4",58.0962283460313,100.093104268774,1443.54065519538,92.8575480945417,78.9572563832456,1210.34062487885
"BIGKAT _ C06 _ Left _ 4",57.2722055001429,101.582345797687,1458.65183323179,94.2172857484836,77.0327377192523,1202.209679103
"BIGKAT _ C06 _ Left _ 4",56.1586427385048,102.008969072559,1465.91347211329,92.4605540923361,75.4935967459082,1202.16627375405
"BIGKAT _ C06 _ Left _ 4",54.7771524368848,101.443516695368,1464.47223587282,87.6940905225673,74.3763898554378,1210.05537383245
"BIGKAT _ C06 _ Left _ 4",53.2078882127235,100.005667440536,1454.55311101447,80.4442694895234,73.5898957236406,1224.69573713578
"BIGKAT _ C06 _ Left _ 4",51.5843787574665,97.8335598503745,1437.42255778585,71.5791009606135,72.9610663332973,1244.10076607382
"BIGKAT _ C06 _ Left _ 4",50.0735690251252,95.0746400101914,1415.19770020203,62.1670706385128,72.3042174030488,1265.8205603629
"BIGKAT _ C06 _ Left _ 4",48.8462682139816,91.8922963169698,1390.51395328458,53.2921596214515,71.4916314986766,1287.35935864789
"BIGKAT _ C06 _ Left _ 4",48.0456414229368,88.4730836982282,1366.08880647452,45.8607361183476,70.5027895482284,1306.59869914693
"BIGKAT _ C06 _ Left _ 4",47.7616960779719,85.0205230117912,1344.25881007937,40.4472401951033,69.4367948695558,1322.13619186411
"BIGKAT _ C06 _ Left _ 4",48.0176058400503,81.7324446433406,1326.59841221353,37.2209397257567,68.4863594674964,1333.45459809818
"BIGKAT _ C06 _ Left _ 4",48.7697156568982,78.7723675320322,1313.72599081291,35.9731165981026,67.885961281509,1340.87518244372
"BIGKAT _ C06 _ Left _ 4",49.9188280682492,76.2520327831758,1305.35454178232,36.2322803325661,67.8541621222332,1345.31047634802
"BIGKAT _ C06 _ Left _ 4",51.3278012911198,74.2370464517423,1300.56920258315,37.4291442877103,68.5471580120014,1347.88904455949
"BIGKAT _ C06 _ Left _ 4",52.8405092336705,72.7740994237382,1298.243598649,39.0629165800888,70.0307491506074,1349.55717249735
"BIGKAT _ C06 _ Left _ 4",54.299204679656,71.9252043019809,1297.46902558401,40.8261785880325,72.2684294820528,1350.76294699941
"BIGKAT _ C06 _ Left _ 4",55.5597328620755,71.7890412739208,1297.87348302583,42.6612872946529,75.1196586319186,1351.30286728892
"BIGKAT _ C06 _ Left _ 4",56.5054029563947,72.4937301807823,1299.74390779332,44.7403533290124,78.3449714706711,1350.36992060811
"BIGKAT _ C06 _ Left _ 4",57.0599547809409,74.1568306984654,1303.92063076874,47.3791123489066,81.6200872428641,1346.79361494102
"BIGKAT _ C06 _ Left _ 4",57.1982327644848,76.8229483989415,1311.4948425411,50.9099885189391,84.565337054555,1339.41383265519
"BIGKAT _ C06 _ Left _ 4",56.9510632670564,80.4020204996829,1323.39574973361,55.5494559910281,86.7960102429505,1327.48971921108
"BIGKAT _ C06 _ Left _ 4",56.4001857387105,84.6367407595371,1339.99104609286,61.29701644671,87.9918712526385,1311.02403384207
"BIGKAT _ C06 _ Left _ 4",55.6613784072236,89.1210669884356,1360.82737247326,67.8949365465,87.9717830079339,1290.89714516707
"BIGKAT _ C06 _ Left _ 4",54.8587646962172,93.3728873016219,1384.59609804491,74.8587415044681,86.7487011530905,1268.76140308459
"BIGKAT _ C06 _ Left _ 4",54.0977966308849,96.9397307650608,1409.33145005198,81.5638175473274,84.5402535974331,1246.73216982289
"BIGKAT _ C06 _ Left _ 4",53.4452229437859,99.4996650540496,1432.76497352445,87.3548747197932,81.7242709318056,1226.98647855496
"BIGKAT _ C06 _ Left _ 4",52.9208915424192,100.920359696083,1452.71375224391,91.6427930881771,78.7500347192511,1211.40199210243
"BIGKAT _ C06 _ Left _ 4",52.5012857212563,101.257239960829,1467.39061551591,93.9679437769817,76.0322447941315,1201.32775788127
"BIGKAT _ C06 _ Left _ 4",52.1314479991431,100.696433453428,1475.5791921367,94.0303724103646,73.8582491848257,1197.50434723843
"BIGKAT _ C06 _ Left _ 4",51.7413126770648,99.4679369984179,1476.68092698007,91.7025952263902,72.3316842792187,1200.0885845354
"BIGKAT _ C06 _ Left _ 4",51.2633205718784,97.7625022598013,1470.68421460908,87.0428667978786,71.3638329909307,1208.71541224156
"BIGKAT _ C06 _ Left _ 4",50.6491023587963,95.6815889676186,1458.11382250768,80.3160375234829,70.7125793529522,1222.54839131647
"BIGKAT _ C06 _ Left _ 4",49.8832186685569,93.2362634301096,1439.99481403253,72.0120331255693,70.0591795420444,1240.31327877323
"BIGKAT _ C06 _ Left _ 4",48.9914811382749,90.3926314474821,1417.82417397345,62.8384379275176,69.1050095835243,1260.34994462871
"BIGKAT _ C06 _ Left _ 4",48.0410711098768,87.143814011252,1393.50758980662,53.663146518841,67.664535698899,1280.73247508739
"BIGKAT _ C06 _ Left _ 4",47.1306107675303,83.5775033396653,1369.21074612204,45.3994050474861,65.7291362623538,1299.48450300115
"BIGKAT _ C06 _ Left _ 4",46.3709834550744,79.908589486519,1347.10430370745,38.852788542636,63.4819321362829,1314.86645066677
"BIGKAT _ C06 _ Left _ 4",45.8612749398486,76.4596614038275,1329.03749573223,34.5732517114645,61.2574383683916,1325.66168735675
"BIGKAT _ C06 _ Left _ 4",45.6668812054418,73.5941964596348,1316.22629452599,32.7606226915279,59.45820208044,1331.37026543272
"BIGKAT _ C06 _ Left _ 4",45.8067602287894,71.6281860034639,1309.05741280707,33.2542442454065,58.4558121514216,1332.24456797222
"BIGKAT _ C06 _ Left _ 4",46.2536024788444,70.7547459166059,1307.07800036869,35.606451593524,58.5075573525733,1329.15666498342
"BIGKAT _ C06 _ Left _ 4",46.9459290961715,71.0080816277153,1309.17848523611,39.2118174313415,59.7101666251035,1323.34259550738
"BIGKAT _ C06 _ Left _ 4",47.8071865954958,72.2737444840054,1313.9137250229,43.4514086136325,61.9946703633438,1316.0999354026
"BIGKAT _ C06 _ Left _ 4",48.7653200431407,74.3333289370948,1319.87160932328,47.8148018063677,65.1517216255891,1308.515759572
"BIGKAT _ C06 _ Left _ 4",49.7671125193478,76.9224104499419,1325.99593258282,51.9759414396288,68.871257722359,1301.28130822423
"BIGKAT _ C06 _ Left _ 4",50.7838873752647,79.7817487389504,1331.79276421199,55.8146202789645,72.7837897477481,1294.62063417255
"BIGKAT _ C06 _ Left _ 4",51.8079586716564,82.6896390282891,1337.38289291038,59.3884712286301,76.4982497806063,1288.33331171815
"BIGKAT _ C06 _ Left _ 4",52.8417321785038,85.4729964675409,1343.39725053999,62.8688950719241,79.6381685870622,1281.93058909042
"BIGKAT _ C06 _ Left _ 4",53.8831630473732,88.0027127141635,1350.74294862504,66.4584108968225,81.8805846811993,1274.83068257693
"BIGKAT _ C06 _ Left _ 4",54.9121400266474,90.1829861170986,1360.29312135574,70.3075779507984,82.9993356793395,1266.57099327468
"BIGKAT _ C06 _ Left _ 4",55.8821805223357,91.9440753256141,1372.57241795635,74.4479742601804,82.9074972354959,1256.9921509782
"BIGKAT _ C06 _ Left _ 4",56.7205479074132,93.2438239259657,1387.51714656662,78.754154172651,81.6862493829483,1246.35232993851
"BIGKAT _ C06 _ Left _ 4",57.3376194390913,94.0768874278721,1404.37687676798,82.9417706208824,79.5844996944268,1235.34360830541
"BIGKAT _ C06 _ Left _ 4",57.6434273663023,94.4843145102448,1421.78718770987,86.6012035112836,76.9794772931449,1225.00668306479
"BIGKAT _ C06 _ Left _ 4",57.5667290636705,94.5531343262431,1437.98954629773,89.2581809295077,74.3024430396316,1216.56878193673
"BIGKAT _ C06 _ Left _ 4",57.0710977388593,94.3983814015046,1451.1297221142,90.4488252508425,71.9481707039488,1211.24675493219
"BIGKAT _ C06 _ Left _ 4",56.1641104812776,94.1281762804759,1459.55542346815,89.7980294478578,70.1933456383037,1210.0535424857
"BIGKAT _ C06 _ Left _ 4",54.8988427796371,93.8021909326755,1462.05740676636,87.0937367622562,69.1453010104723,1213.62998424813
"BIGKAT _ C06 _ Left _ 4",53.3694373814698,93.3999879909429,1458.03334577233,82.3499427347054,68.7329241051967,1222.11372229978
"BIGKAT _ C06 _ Left _ 4",51.7029560176871,92.8149949464794,1447.5759658855,75.846181228227,68.7410356215222,1235.06195700654
"BIGKAT _ C06 _ Left _ 4",50.0483848914484,91.88184467252,1431.48720440524,68.1255103838502,68.879985227799,1251.45663756538
"BIGKAT _ C06 _ Left _ 4",48.5623295155043,90.431956776871,1411.20699464409,59.934731193743,68.8738826381045,1269.82122865873
"BIGKAT _ C06 _ Left _ 4",47.3912138869521,88.3595172374605,1388.63862436509,52.1049982504835,68.5449090389638,1288.45447038457
"BIGKAT _ C06 _ Left _ 4",46.6518131484454,85.6734799752632,1365.87017118815,45.3948807726028,67.8701072990713,1305.74232671566
"BIGKAT _ C06 _ Left _ 4",46.4142341864972,82.5150846785261,1344.8328410132,40.3394591017553,66.993284418555,1320.46610056907
"BIGKAT _ C06 _ Left _ 4",46.6921043619469,79.1340794104643,1326.97955494467,37.1545968477066,66.1877500185773,1332.00913723807
"BIGKAT _ C06 _ Left _ 4",47.442912283764,75.8343263743573,1313.08116304306,35.7292798925401,65.7813302920317,1340.3903352224
"BIGKAT _ C06 _ Left _ 4",48.5780999451476,72.9119868446823,1303.20861591517,35.7075748113964,66.0670328987481,1346.11077718653
"BIGKAT _ C06 _ Left _ 4",49.9795173989511,70.6102964126672,1296.90781739641,36.6304561803566,67.2256404160344,1349.86435571294
"BIGKAT _ C06 _ Left _ 4",51.5176359220647,69.1036625637824,1293.50707933383,38.0901148541615,69.2795301793149,1352.20787832241
"BIGKAT _ C06 _ Left _ 4",53.0676601032586,68.5071555249787,1292.45259458855,39.8499355700136,72.084628574271,1353.29715431302
"BIGKAT _ C06 _ Left _ 4",54.5215425421751,68.8949302971409,1293.56003417188,41.8978366067374,75.3563036243433,1352.77420533838
"BIGKAT _ C06 _ Left _ 4",55.7957097211403,70.3088210514324,1297.0994995338,44.4216563402413,78.7192430408714,1349.8465696327
"BIGKAT _ C06 _ Left _ 4",56.8352027413276,72.7462755238421,1303.6850130603,47.7167545502733,81.7704960718194,1343.54416029031
"BIGKAT _ C06 _ Left _ 4",57.6147350828967,76.1304912400733,1314.00256071137,52.0540754333085,84.1459799158576,1333.08397554401
"BIGKAT _ C06 _ Left _ 4",58.1363647862033,80.2788284835048,1328.46532407254,57.5483673870711,85.5814394855841,1318.23166964821
"BIGKAT _ C06 _ Left _ 4",58.4230488795651,84.8918879801533,1346.91347164699,64.0674730712125,85.9585850235985,1299.53789904461
"BIGKAT _ C06 _ Left _ 4",58.5082359895566,89.5803523500807,1368.46417026323,71.2117027509748,85.3271778502054,1278.36027188519
"BIGKAT _ C06 _ Left _ 4",58.4238385331733,93.930166913245,1391.56438568476,78.3688296969174,83.8960189583706,1256.65591088723
"BIGKAT _ C06 _ Left _ 4",58.1908662597095,97.5865361778648,1414.22532355394,84.8240377023649,81.991140087233,1236.6153908921
"BIGKAT _ C06 _ Left _ 4",57.8166576966124,100.325151092987,1434.35686572976,89.887800315425,79.9874702356221,1220.2621920852
"BIGKAT _ C06 _ Left _ 4",57.299621722873,102.08263089257,1450.09882033762,93.0057172472474,78.228397433727,1209.1360318041
"BIGKAT _ C06 _ Left _ 4",56.6387280712453,102.935456795392,1460.06691254466,93.8297516705245,76.9522244892657,1204.12347814053
"BIGKAT _ C06 _ Left _ 4",55.8432541082364,103.038223972664,1463.47881344775,92.2494686231015,76.2431828447561,1205.43152004251
"BIGKAT _ C06 _ Left _ 4",54.9392493315354,102.547557418434,1460.17389271246,88.3941739673047,76.0185694023838,1212.65518217372
"BIGKAT _ C06 _ Left _ 4",53.9714486190302,101.561847110203,1450.56821498388,82.6176075379389,76.0556350561381,1224.88424868875
"BIGKAT _ C06 _ Left _ 4",53.0011474867262,100.098964405472,1435.58458420316,75.4686166948293,76.0537503177976,1240.81878718115
"BIGKAT _ C06 _ Left _ 4",52.1010774341379,98.1181102916323,1416.57259710251,67.6415899050102,75.7192972164896,1258.89643852374
"BIGKAT _ C06 _ Left _ 4",51.3479943064758,95.5739109234094,1395.20411266545,59.8978067740108,74.8534127397793,1277.45290180038
"BIGKAT _ C06 _ Left _ 4",50.8134293718707,92.4776193222526,1373.31651477354,52.9578309419993,73.4186700087962,1294.92727243402
"BIGKAT _ C06 _ Left _ 4",50.5534792964371,88.9374252521837,1352.69177572117,47.3825946969395,71.5635322264549,1310.09018400721
"BIGKAT _ C06 _ Left _ 4",50.599439624611,85.1594581865945,1334.79812650171,43.4763787888629,69.5947628266111,1322.23649204518
"BIGKAT _ C06 _ Left _ 4",50.9516314027779,81.409672709843,1320.56086567229,41.2464789108616,67.9052476793873,1331.27196385142
"BIGKAT _ C06 _ Left _ 4",51.578194358465,77.955620305046,1310.24269524558,40.43764323403,66.8804600976682,1337.6481935418
"BIGKAT _ C06 _ Left _ 4",52.41912133138,75.015728902866,1303.48823094349,40.6323064963502,66.8127312113587,1342.15115034559
"BIGKAT _ C06 _ Left _ 4",53.3943508022125,72.7370327535691,1299.53175765598,41.3848564455893,67.8453785086771,1345.60021059167
"BIGKAT _ C06 _ Left _ 4",54.414124714818,71.204954445304,1297.50885100762,42.349750196201,69.9536608494318,1348.54384791702
"BIGKAT _ C06 _ Left _ 4",55.3900860221475,70.4716271475253,1296.77698353013,43.3692488245781,72.9559983393109,1351.03881249121
"BIGKAT _ C06 _ Left _ 4",56.2461574603317,70.5812332677461,1297.14818495967,44.5006907388882,76.543450978525,1352.5773632124
"BIGKAT _ C06 _ Left _ 4",56.9284809474767,71.5741508305523,1298.96363594366,45.9796677352137,80.3180100813308,1352.19045791605
"BIGKAT _ C06 _ Left _ 4",57.413334050913,73.4633537450788,1302.98477530013,48.1308942927334,83.8363744326755,1348.71062398122
"BIGKAT _ C06 _ Left _ 4",57.7111968155883,76.1914116210794,1310.12699743821,51.2511782401429,86.6605531464861,1341.13308436044
"BIGKAT _ C06 _ Left _ 4",57.8646887465633,79.5889354595092,1321.10965211664,55.4968635345322,88.4164690442529,1328.97685742792
"BIGKAT _ C06 _ Left _ 4",57.9388289785119,83.3598405366585,1336.12768922554,60.8086971496014,88.8559339746791,1312.53268925939
"BIGKAT _ C06 _ Left _ 4",58.0044715717503,87.1113570016837,1354.65209353499,66.8973979187689,87.9087338015564,1292.90704311543
"BIGKAT _ C06 _ Left _ 4",58.1189613599612,90.4281320211654,1375.42883352309,73.2933740854455,85.7066011732135,1271.83609334578
"BIGKAT _ C06 _ Left _ 4",58.3098911815605,92.9680197749517,1396.67674010536,79.440583175682,82.5658796860872,1251.33080224717
"BIGKAT _ C06 _ Left _ 4",58.5667580754439,94.5442543113503,1416.41307862266,84.7990601022039,78.930016464175,1233.28001689285
"BIGKAT _ C06 _ Left _ 4",58.8420850534321,95.1623992206739,1432.79761318327,88.9220540895486,75.2877005680578,1219.14438156038
"BIGKAT _ C06 _ Left _ 4",59.0605412777801,94.9984696364741,1444.39761464885,91.4907483947908,72.0883463396374,1209.81832346528
"BIGKAT _ C06 _ Left _ 4",59.1333844751447,94.3271319520636,1450.32403704591,92.3116557685286,69.6726536687518,1205.65684446346
"BIGKAT _ C06 _ Left _ 4",58.975913001904,93.4260264180515,1450.2450867578,91.297306062144,68.2280404735824,1206.60178037993
"BIGKAT _ C06 _ Left _ 4",58.5261194391918,92.4888100672863,1444.32363216277,88.4537622296838,67.7723919068881,1212.32154178817
"BIGKAT _ C06 _ Left _ 4",57.7622350543004,91.5749148370361,1433.13593255144,83.8892782297568,68.1660272177984,1222.29808637602
"BIGKAT _ C06 _ Left _ 4",56.7154855726037,90.6107101978614,1417.60943140596,77.841784993587,69.1494297127263,1235.8398630835
"BIGKAT _ C06 _ Left _ 4",55.4734646847937,89.4391190085594,1398.97896951847,70.7062324948587,70.4013825702643,1252.04878922037
"BIGKAT _ C06 _ Left _ 4",54.1705600607738,87.8981958655378,1378.72654785676,63.0344203827826,71.6081227283524,1269.80150613757
"BIGKAT _ C06 _ Left _ 4",52.9653497430831,85.8991948125551,1358.46197901113,55.4858525650909,72.5298822469674,1287.80447383294
"BIGKAT _ C06 _ Left _ 4",52.0097295302177,83.4752937436074,1339.72858158216,48.7282349927213,73.0490350347784,1304.74649860817
"BIGKAT _ C06 _ Left _ 4",51.4183504059606,80.7842028599124,1323.76655085931,43.3120865062398,73.1867119828676,1319.51665964615
"BIGKAT _ C06 _ Left _ 4",51.2474809208824,78.0672669192365,1311.30820755127,39.5616393222158,73.0832461486858,1331.40952931107
"BIGKAT _ C06 _ Left _ 4",51.4891827310188,75.5857841543855,1302.48690827489,37.5226797284277,72.9495694226228,1340.23028928282
"BIGKAT _ C06 _ Left _ 4",52.0813628069363,73.5628543194607,1296.90729001008,36.987187528826,73.0059137746368,1346.24710433418
"BIGKAT _ C06 _ Left _ 4",52.9293407928825,72.1522362136124,1293.86513950297,37.5858344759862,73.4258827431117,1349.99894129955
"BIGKAT _ C06 _ Left _ 4",53.9317830192284,71.4392428693386,1292.6492717651,38.9166419391069,74.2982406015305,1352.02360143461
"BIGKAT _ C06 _ Left _ 4",55.0036378121517,71.4626425725868,1292.82842572579,40.6692371854483,75.6104337071879,1352.59990344004
"BIGKAT _ C06 _ Left _ 4",56.0905237567013,72.2387561370387,1294.43061337862,42.7088760572551,77.2518363633589,1351.59321875238
"BIGKAT _ C06 _ Left _ 4",57.1719059569943,73.7712773450907,1297.95459011617,45.0980560962739,79.0325880378151,1348.46126130521
"BIGKAT _ C06 _ Left _ 4",58.2534114493532,76.0399830682034,1304.2018083754,48.0511348075704,80.7143243017311,1342.42839800105
"BIGKAT _ C06 _ Left _ 4",59.351157970642,78.973822393525,1313.97046948821,51.8350207057915,82.0498805016332,1332.7838426803
"BIGKAT _ C06 _ Left _ 4",60.4726944216317,82.4238945187031,1327.69865321298,56.6435892416487,82.8284339115423,1319.21505877118
"BIGKAT _ C06 _ Left _ 4",61.599946946947,86.1548120494187,1345.16687633402,62.4818380915286,82.9199366638921,1302.06750934671
"BIGKAT _ C06 _ Left _ 4",62.6792975592248,89.8659628473968,1365.35898424018,69.0948123907529,82.3090411691932,1282.43867871572
"BIGKAT _ C06 _ Left _ 4",63.6223380316204,93.2391277612134,1386.531965631,75.9645061519891,81.1067840838097,1262.06864395201
"BIGKAT _ C06 _ Left _ 4",64.3178170517035,95.9939532956238,1406.477140652,82.3777634536972,79.5314476452409,1243.06069737725
"BIGKAT _ C06 _ Left _ 4",64.6515871548823,97.9278462308424,1422.89728700631,87.5468757119248,77.8590911252191,1227.51946371164
"BIGKAT _ C06 _ Left _ 4",64.5288561104141,98.9256190457311,1433.80059433446,90.7511902939401,76.3554084040341,1217.20583682644
"BIGKAT _ C06 _ Left _ 4",63.8933938939339,98.9410132035931,1437.82608590053,91.4677524095624,75.2079688552545,1213.27944073147
"BIGKAT _ C06 _ Left _ 4",62.7409925889923,97.9668451727209,1434.45047039136,89.4687879708916,74.4784686282908,1216.15435927718
"BIGKAT _ C06 _ Left _ 4",61.1269038989228,96.0150838048622,1424.06125044957,84.8749310304892,74.0892093272022,1225.46055476696
"BIGKAT _ C06 _ Left _ 4",59.1671906447487,93.1208801288931,1407.90036595439,78.158534849957,73.8489978226673,1240.0955767625
"BIGKAT _ C06 _ Left _ 4",57.0323864714104,89.3696873320684,1387.88653887388,70.0917049589869,73.5131245152229,1258.36232146301
"BIGKAT _ C06 _ Left _ 4",54.9309565613456,84.9318716904032,1366.32676498979,61.6360235670599,72.8619105088287,1278.19801705013
"BIGKAT _ C06 _ Left _ 4",53.08190871904,80.0821798839529,1345.54461443999,53.7825463180429,71.7749850369808,1297.48719331067
"BIGKAT _ C06 _ Left _ 4",51.6803767822697,75.186163925068,1327.48704257945,47.3709483787339,70.2774246075285,1314.41453371939
"BIGKAT _ C06 _ Left _ 4",50.864473294795,70.6506851761647,1313.40235915273,42.934485636148,68.5419732215071,1327.77371112698
"BIGKAT _ C06 _ Left _ 4",50.6929795024226,66.8538172560897,1303.68213019776,40.618061970056,66.84743630087,1337.1376070873
"BIGKAT _ C06 _ Left _ 4",51.1402409696118,64.0810285564009,1297.91785707362,40.1948362117849,65.5099521806216,1342.83011138928
"BIGKAT _ C06 _ Left _ 4",52.1086202284483,62.4923447651108,1295.15569242474,41.1727074619301,64.8120989931702,1345.70568206431
"BIGKAT _ C06 _ Left _ 4",53.4532473192982,62.1298655234832,1294.27093310814,42.9537395523009,64.9503975739995,1346.80629741148
"BIGKAT _ C06 _ Left _ 4",55.0111032056876,62.9552275456159,1294.35299793733,44.9988842934186,66.008913186823,1346.99907239361
"BIGKAT _ C06 _ Left _ 4",56.6271494813721,64.8934488720558,1294.99616127677,46.9565619213333,67.9544104763783,1346.69556725866
"BIGKAT _ C06 _ Left _ 4",58.1730697192044,67.8592247203358,1296.42224653181,48.7289440753913,70.6435355704535,1345.72529182056
"BIGKAT _ C06 _ Left _ 4",59.5574576736525,71.7529190037169,1299.40637625072,50.466975536965,73.8353267852485,1343.3937260689
"BIGKAT _ C06 _ Left _ 4",60.728629525473,76.4302479985118,1305.02600174851,52.5006419244984,77.2091083637299,1338.70871927228
"BIGKAT _ C06 _ Left _ 4",61.6721088417049,81.664779957316,1314.29912900389,55.223675633874,80.3934030562479,1330.71538682956
"BIGKAT _ C06 _ Left _ 4",62.4044713836225,87.1292329043799,1327.81125647183,58.9614091439445,83.0116625124192,1318.84639888002
"BIGKAT _ C06 _ Left _ 4",62.9644096199089,92.4156923468444,1345.44043695255,63.8553594031417,84.7436617249155,1303.1828898124
"BIGKAT _ C06 _ Left _ 4",63.4014395082487,97.0970597261231,1366.2649726067,69.7951141614149,85.3901652166315,1284.54293645688
"BIGKAT _ C06 _ Left _ 4",63.7630268136895,100.810516710562,1388.67913211943,76.4147120917257,84.9202579729018,1264.3712039604
"BIGKAT _ C06 _ Left _ 4",64.0817377036668,103.330964569452,1410.67058401254,83.1499082957372,83.4826361049792,1244.47492279865
"BIGKAT _ C06 _ Left _ 4",64.3646201680112,104.6060488707,1430.16346786713,89.3336861932056,81.3745024125541,1226.70246210492
"BIGKAT _ C06 _ Left _ 4",64.5870018745889,104.741438938536,1445.32676710556,94.299690693081,78.9769863589603,1212.6651607583
"BIGKAT _ C06 _ Left _ 4",64.6924509342525,103.944918679956,1454.78485700923,97.4697403339447,76.6754975986043,1203.56312943464
"BIGKAT _ C06 _ Left _ 4",64.6001620623142,102.451265507597,1457.71974311244,98.4165757385611,74.7843898748449,1200.11860437975
"BIGKAT _ C06 _ Left _ 4",64.2203784314287,100.453685145697,1453.89442176543,96.9067272521013,73.4910040316895,1202.57762345713
"BIGKAT _ C06 _ Left _ 4",63.4769956301501,98.063109935851,1443.63903956091,92.9331104048128,72.8286369086185,1210.73003156563
"BIGKAT _ C06 _ Left _ 4",62.3338394557772,95.3065650603856,1427.82647512767,86.740874110937,72.6827168533988,1223.9181400126
"BIGKAT _ C06 _ Left _ 4",60.8179508446209,92.1626274930445,1407.83290534142,78.8375467512357,72.8288775937007,1241.04122520211
"BIGKAT _ C06 _ Left _ 4",59.0313480966821,88.6188913158944,1385.45063005476,69.9682047139489,72.9951246256779,1260.59549771376
"BIGKAT _ C06 _ Left _ 4",57.1441884106964,84.7276578564593,1362.71560887876,61.0372474462642,72.9337408113515,1280.79686562398
"BIGKAT _ C06 _ Left _ 4",55.3677089064512,80.6361630737004,1341.64116019616,52.9746117923867,72.4844797335471,1299.80662251207
"BIGKAT _ C06 _ Left _ 4",53.9129620953109,76.5779139708555,1323.90033006752,46.5704669753388,71.6118431056128,1316.02785877302
"BIGKAT _ C06 _ Left _ 4",52.9474107048821,72.8282460697969,1310.54195227205,42.3242309608476,70.4069269683464,1328.39176908419
"BIGKAT _ C06 _ Left _ 4",52.5626139701577,69.6422859738761,1301.8311101006,40.3565646895219,69.0561248371636,1336.53882255483
"BIGKAT _ C06 _ Left _ 4",52.7619088919772,67.20008759625,1297.26868530449,40.4129793801733,67.7898268423809,1340.83043986531
"BIGKAT _ C06 _ Left _ 4",53.4694842261452,65.5794722554027,1295.78660516142,41.9550781959947,66.8292387131663,1342.18559241451
"BIGKAT _ C06 _ Left _ 4",54.5552220808312,64.7647910090373,1296.06295038143,44.3072791779384,66.3466647753386,1341.79334421965
"BIGKAT _ C06 _ Left _ 4",55.866011559191,64.6850559814672,1296.8730586261,46.8153259607402,66.4460693705516,1340.78372509969
"BIGKAT _ C06 _ Left _ 4",57.2546289070649,65.2635962725217,1297.39262476739,48.9787148105326,67.1611558642838,1339.94035103517
"BIGKAT _ C06 _ Left _ 4",58.6004319340702,66.457705472634,1297.38842816406,50.5342457828012,68.4623267645072,1339.51799117597
"BIGKAT _ C06 _ Left _ 4",59.8200070500139,68.271519762403,1297.26061960191,51.4831147715974,70.2639006469249,1339.19925974977
"BIGKAT _ C06 _ Left _ 4",60.8689523587342,70.7363372034647,1297.93023707594,52.0645917534786,72.4277892057059,1338.19484479338
"BIGKAT _ C06 _ Left _ 4",61.7374589757522,73.8658295209983,1300.59445982655,52.6853360954165,74.7664008777578,1335.464033031
"BIGKAT _ C06 _ Left _ 4",62.4423196985514,77.6047644044477,1306.39958174283,53.8171291281985,77.0523209625417,1330.00753309526
"BIGKAT _ C06 _ Left _ 4",63.017061761548,81.7947258378501,1316.10523455603,55.8797544581069,79.0423985506017,1321.1650467506
"BIGKAT _ C06 _ Left _ 4",63.5009911492589,86.1756349379862,1329.82530066437,59.13057333156,80.5180345983845,1308.84203977832
"BIGKAT _ C06 _ Left _ 4",63.9278834366872,90.4276017810364,1346.91948221434,63.5853796736848,81.333752565771,1293.60278007583
"BIGKAT _ C06 _ Left _ 4",64.3159718862967,94.2393318481013,1366.06847474111,68.9915969666928,81.4580498616763,1276.60364189371
"BIGKAT _ C06 _ Left _ 4",64.6617874007877,97.3765765895295,1385.50658021841,74.8622661865928,80.9898106688293,1259.39117719187
"BIGKAT _ C06 _ Left _ 4",64.9399425851475,99.7240725322829,1403.33569249696,80.5611280157429,80.1413302626006,1243.63084697027
"BIGKAT _ C06 _ Left _ 4",65.1088781118127,101.286260462208,1417.82844629263,85.4139862081887,79.190658757536,1230.8450338315
"BIGKAT _ C06 _ Left _ 4",65.1203071788511,102.14889850994,1427.65055538846,88.8173098473033,78.4155184302404,1222.21963633933
"BIGKAT _ C06 _ Left _ 4",64.9293452289386,102.418228941644,1431.97698216654,90.3229924390779,78.0256521092965,1218.50047009002
"BIGKAT _ C06 _ Left _ 4",64.503413324589,102.162014481032,1430.51900167269,89.6919836913747,78.1104794094598,1219.96461488046
"BIGKAT _ C06 _ Left _ 4",63.8296397160069,101.375480499276,1423.50003219633,86.9200299667941,78.6154083958697,1226.43445251591
"BIGKAT _ C06 _ Left _ 4",62.9211217984057,99.985608929162,1411.61178012072,82.240834248765,79.3537790664039,1237.30821474087
"BIGKAT _ C06 _ Left _ 4",61.8216227208265,97.8927851826835,1395.95821464127,76.1072585430259,80.0530939533442,1251.6022558655
"BIGKAT _ C06 _ Left _ 4",60.6068841164841,95.0346179194686,1377.97112429908,69.1459150609893,80.4253652143422,1268.02144977855
"BIGKAT _ C06 _ Left _ 4",59.380097349485,91.4477288752912,1359.27387515948,62.0806739820523,80.244094773105,1285.08071209011
"BIGKAT _ C06 _ Left _ 4",58.2601339861891,87.3027268516187,1341.48557216978,55.628549850565,79.4069878987575,1301.28659073664
"BIGKAT _ C06 _ Left _ 4",57.3636838647072,82.8962916831494,1325.98888915252,50.3842609055266,77.9660573436333,1315.35839644474
"BIGKAT _ C06 _ Left _ 4",56.785189757125,78.6000820531967,1313.71467766595,46.7205793797094,76.1159492448351,1326.43810939759
"BIGKAT _ C06 _ Left _ 4",56.5799223363956,74.7835219681981,1305.00757419288,44.7330023184484,74.145035190036,1334.2248346426
"BIGKAT _ C06 _ Left _ 4",56.7549264844907,71.7388055253537,1299.62045830896,44.2462174668338,72.3667526911419,1338.98369718652
"BIGKAT _ C06 _ Left _ 4",57.2700883089727,69.6354193397632,1296.84743642074,44.8806597387079,71.0542538822692,1341.41685118516
"BIGKAT _ C06 _ Left _ 4",58.0483087914092,68.5176845174058,1295.76205914318,46.1595578642758,70.3963629697363,1342.4282839992
"BIGKAT _ C06 _ Left _ 4",58.9912310989689,68.339318668218,1295.49737228654,47.6278988729083,70.4805236305275,1342.84527933582
"BIGKAT _ C06 _ Left _ 4",59.9961642224829,69.0140541215872,1295.49567856777,48.955799518312,71.2965960522522,1343.16893404915
"BIGKAT _ C06 _ Left _ 4",60.9706766324317,70.4574414832299,1295.66668720311,50.0060013658562,72.7501223957297,1343.41641947103
"BIGKAT _ C06 _ Left _ 4",61.8429091687751,72.6020469578796,1296.41625329312,50.8542768949482,74.6759396836588,1343.09550789014
"BIGKAT _ C06 _ Left _ 4",62.5670569377883,75.3819286022907,1298.53774792888,51.7602036880556,76.8497735610183,1341.32280022417
"BIGKAT _ C06 _ Left _ 4",63.1242300903082,78.6970083775015,1302.98970423128,53.0937509962213,79.0024644572372,1337.06466989835
"BIGKAT _ C06 _ Left _ 4",63.5191019910543,82.3784713880434,1310.61254142576,55.2309907774826,80.844906446983,1329.44781082515
"BIGKAT _ C06 _ Left _ 4",63.7728783794497,86.1781012759537,1321.8575793022,58.440079894741,82.1089965264113,1318.06079075685
"BIGKAT _ C06 _ Left _ 4",63.9136891006126,89.7950790269591,1336.60371495697,62.7845520396835,82.600869092126,1303.15991367816
"BIGKAT _ C06 _ Left _ 4",63.9664738246565,92.9356799315836,1354.11259923621,68.0705160406333,82.2516207112814,1285.71369566248
"BIGKAT _ C06 _ Left _ 4",63.9450018511527,95.383163292162,1373.12580071015,73.8538432346103,81.1449932353443,1267.27109655631
"BIGKAT _ C06 _ Left _ 4",63.84800154126,97.0476286627838,1392.05976039104,79.5051155503516,79.5063520641448,1249.69894437106
"BIGKAT _ C06 _ Left _ 4",63.659635423468,97.9733934989268,1409.23291859174,84.3128702771976,77.651030933216,1234.87202302565
"BIGKAT _ C06 _ Left _ 4",63.3529344052351,98.2995433524139,1423.07111808739,87.5983638838064,75.9052091049759,1224.39686577743
"BIGKAT _ C06 _ Left _ 4",62.8944723440978,98.1878024690945,1432.26633522393,88.8196681889216,74.5217081770831,1219.41549791491
"BIGKAT _ C06 _ Left _ 4",62.2496237634383,97.7434103066978,1435.8901318327,87.6537468738971,73.6140175429266,1220.49314077302
"BIGKAT _ C06 _ Left _ 4",61.3891297224262,96.9571399284752,1433.47675763392,84.0535553737675,73.1264050398548,1227.56854324455
"BIGKAT _ C06 _ Left _ 4",60.2980005622815,95.6908091505274,1425.08911176609,78.2776615748846,72.8490402107983,1239.94790810661
"BIGKAT _ C06 _ Left _ 4",58.9863649379028,93.7161323044965,1411.36519207987,70.8838430960436,72.4763849249562,1256.34612323362
"BIGKAT _ C06 _ Left _ 4",57.4993619695136,90.7997265311969,1393.52019374911,62.6730829044334,71.6957751178481,1275.00192684211
"BIGKAT _ C06 _ Left _ 4",55.9211711285306,86.8094486624382,1373.26433992966,54.5752984309281,70.283048201087,1293.89444900248
"BIGKAT _ C06 _ Left _ 4",54.3685204397725,81.8050010570884,1352.6053932474,47.4868849585392,68.1767434920672,1311.05627297397
"BIGKAT _ C06 _ Left _ 4",52.9723037213427,76.0755241601566,1333.54405496512,42.0959607274258,65.50590490579,1324.92446081848
"BIGKAT _ C06 _ Left _ 4",51.8511860922362,70.1024181612694,1317.72511208549,38.747708341933,62.5605769613682,1334.6293029887
"BIGKAT _ C06 _ Left _ 4",51.0854601073549,64.4537428533377,1306.14458118182,37.3947302451567,59.7148860124356,1340.12419108768
"BIGKAT _ C06 _ Left _ 4",50.700167573741,59.6459007654122,1299.00570478344,37.6465769200467,57.3308659085208,1342.11344329879
"BIGKAT _ C06 _ Left _ 4",50.6630632302667,56.0236573510991,1295.76564738079,38.8962079418455,55.6771602588825,1341.8074072378
"BIGKAT _ C06 _ Left _ 4",50.8973997115728,53.7012862460136,1295.34952279699,40.4794464767104,54.887093435508,1340.58523416213
"BIGKAT _ C06 _ Left _ 4",51.3046870176375,52.5801742413463,1296.46193630821,41.8237506476172,54.9614253667742,1339.65654162011
"BIGKAT _ C06 _ Left _ 4",51.790324966047,52.4274561156714,1297.91237026093,42.5572551263355,55.8033092452949,1339.79342379744
"BIGKAT _ C06 _ Left _ 4",52.2853668416091,52.9809118083298,1298.88292434128,42.5660050548097,57.2643994747805,1341.17460406455
"BIGKAT _ C06 _ Left _ 4",52.7596655445442,54.0421209493515,1299.0911873475,41.9993447937574,59.1828255720124,1343.35789739129
"BIGKAT _ C06 _ Left _ 4",53.2242287751948,55.5291996988999,1298.82665740401,41.2294165936296,61.4023823480501,1345.378736526
"BIGKAT _ C06 _ Left _ 4",53.7230928064766,57.4764831403456,1298.86152858237,40.7729959843577,63.7731546157816,1345.95813172467
"BIGKAT _ C06 _ Left _ 4",54.3171137661869,59.9861218974788,1300.25575862934,41.1856964786583,66.1428192487502,1343.78852350342
"BIGKAT _ C06 _ Left _ 4",55.0636580841424,63.1516155234579,1304.09373230358,42.9424099154063,68.351942752602,1337.84837578884
"BIGKAT _ C06 _ Left _ 4",55.9971081596295,66.9822761618007,1311.20556768231,46.3240232778825,70.243872492515,1327.67925971008
"BIGKAT _ C06 _ Left _ 4",57.1150613488206,71.3574505998392,1321.93569286576,51.3357949459565,71.6908217966109,1313.55288735423
"BIGKAT _ C06 _ Left _ 4",58.3736886205021,76.0285915014672,1336.01603007618,57.6810051850219,72.6267785185772,1296.47387631356
"BIGKAT _ C06 _ Left _ 4",59.6929573449587,80.6684956602075,1352.57518816768,64.8000796899155,73.0715844584129,1278.01149547787
"BIGKAT _ C06 _ Left _ 4",60.9692358646644,84.9477057001994,1370.27485487784,71.9641913727861,73.1327632541871,1260.01276544136
"BIGKAT _ C06 _ Left _ 4",62.0907075833909,88.6074338365513,1387.52755244898,78.3950931521828,72.9802866424507,1244.28741093736
"BIGKAT _ C06 _ Left _ 4",62.9511338517727,91.5016139807421,1402.73263176801,83.3796116007915,72.7994641559181,1232.35033946962
"BIGKAT _ C06 _ Left _ 4",63.459723557693,93.5956696105857,1414.47566249593,86.3580178783382,72.7349364504209,1225.26597062463
"BIGKAT _ C06 _ Left _ 4",63.5478941719652,94.9285041739029,1421.66399485303,86.9818213129913,72.8425906402354,1223.58834456713
"BIGKAT _ C06 _ Left _ 4",63.1756810904952,95.5584640304755,1423.60355113288,85.1479202052549,73.065030208661,1227.35949473778
"BIGKAT _ C06 _ Left _ 4",62.3400953096421,95.5184129699099,1420.04225981581,81.0165927973215,73.2400750476255,1236.1288636455
"BIGKAT _ C06 _ Left _ 4",61.0849368545797,94.7991899554417,1411.20356199271,75.0121379794315,73.142517025979,1248.98208096608
"BIGKAT _ C06 _ Left _ 4",59.5081187265076,93.3677643038597,1397.81088934208,67.7947329887611,72.5497893777318,1264.59851912323
"BIGKAT _ C06 _ Left _ 4",57.760718053961,91.2112794328652,1381.07538335743,60.1893710334163,71.3145368978187,1281.3719691947
"BIGKAT _ C06 _ Left _ 4",56.0332488808959,88.3863060791647,1362.60495810063,53.0679191478627,69.4230179514665,1297.61458984383
"BIGKAT _ C06 _ Left _ 4",54.5289012258806,85.0488760933603,1344.20815397413,47.2010361759978,67.0199677766544,1311.82432876769
"BIGKAT _ C06 _ Left _ 4",53.4289080875974,81.4479828622177,1327.60958560815,43.1171952549964,64.3897704120365,1322.951380552
"BIGKAT _ C06 _ Left _ 4",52.8591131433027,77.8816662697699,1314.14417279356,41.0124500515519,61.8991188067429,1330.57889966249
"BIGKAT _ C06 _ Left _ 4",52.8670936136117,74.6333771553099,1304.52462823535,40.7399048076889,59.921379719783,1334.95389839323
"BIGKAT _ C06 _ Left _ 4",53.4156457566523,71.9166006966909,1298.76131249589,41.8791811034548,58.76882082772,1336.85591839884
"BIGKAT _ C06 _ Left _ 4",54.3930083371455,69.8509414874994,1296.26138371273,43.8598949791312,58.6513689438996,1337.34448006225
"BIGKAT _ C06 _ Left _ 4",55.6356244755175,68.4760036665412,1296.07240995132,46.1016283913007,59.6645801086466,1337.45714084257
"BIGKAT _ C06 _ Left _ 4",56.957234857108,67.790995085102,1297.19281585514,48.1365692408921,61.79565157058,1337.93352099077
"BIGKAT _ C06 _ Left _ 4",58.1785341202381,67.797616251523,1298.86012373262,49.6925068695521,64.9323409016698,1339.02617837659
"BIGKAT _ C06 _ Left _ 4",59.1531794560791,68.5244913160147,1300.74334091861,50.7260281898403,68.8659219586709,1340.43708412447
"BIGKAT _ C06 _ Left _ 4",59.7872742198175,70.0208176937014,1302.99664245759,51.405298714334,73.2907562259791,1341.39378714669
"BIGKAT _ C06 _ Left _ 4",60.0500190033775,72.3206542906649,1306.16785058576,52.0487996237279,77.8130132990439,1340.85282185213
"BIGKAT _ C06 _ Left _ 4",59.9734798587483,75.3925442835206,1310.99072783118,53.0325385117106,81.9835246211363,1337.788996295
"BIGKAT _ C06 _ Left _ 4",59.6404740743035,79.0972692701045,1318.11979228133,54.6848608161143,85.3613305460335,1331.50077092435
"BIGKAT _ C06 _ Left _ 4",59.1622571524968,83.1757017632868,1327.88369660236,57.1935278326168,87.5974918979876,1321.84497254549
"BIGKAT _ C06 _ Left _ 4",58.6513825916338,87.2780530925741,1340.12975656863,60.5494052970496,88.512712797763,1309.32537152287
"BIGKAT _ C06 _ Left _ 4",58.1975142607823,91.0290695538212,1354.20335775202,64.5411187165529,88.139033009873,1295.00647358636
"BIGKAT _ C06 _ Left _ 4",57.8529356764675,94.1085622308625,1369.05949342236,68.7980605910651,86.7091913955029,1280.28857762851
"BIGKAT _ C06 _ Left _ 4",57.6302356335205,96.3202773945871,1383.46000338784,72.8637192846316,84.5986469831645,1266.62779745912
"BIGKAT _ C06 _ Left _ 4",57.5098021056809,97.6267364140961,1396.18909350312,76.2750206308883,82.2411268811,1255.29099033922
"BIGKAT _ C06 _ Left _ 4",57.4520877287901,98.1399593116875,1406.22681996045,78.6277654845492,80.0420259911149,1247.2038165435
"BIGKAT _ C06 _ Left _ 4",57.4099098391378,98.0723154906512,1412.84645866339,79.6193626005456,78.307984699259,1242.90307359229
"BIGKAT _ C06 _ Left _ 4",57.3381424752761,97.6634334245797,1415.63404148427,79.0716411279293,77.2024832335325,1242.56532588382
"BIGKAT _ C06 _ Left _ 4",57.2003646727195,97.1053561132807,1414.45582912224,76.9430182969584,76.73079417318,1246.06614906594
"BIGKAT _ C06 _ Left _ 4",56.9733418681714,96.4878325750546,1409.41292988792,73.338164794646,76.7536441951421,1253.0302106023
"BIGKAT _ C06 _ Left _ 4",56.6504125900107,95.7792676061423,1400.8162098823,68.5159892801762,77.0260546714087,1262.85527660505
"BIGKAT _ C06 _ Left _ 4",56.2441537149891,94.8483315656037,1389.19181586071,62.8877336146364,77.2549106369943,1274.72125230933
"BIGKAT _ C06 _ Left _ 4",55.7876760297145,93.5193332419819,1375.29936840706,56.9917656326282,77.1657629436402,1287.61551294168
"BIGKAT _ C06 _ Left _ 4",55.33328700549,91.6442545738836,1360.12593503203,51.4345478496718,76.5669166797171,1300.4079153111
"BIGKAT _ C06 _ Left _ 4",54.9474618699924,89.1688064405651,1344.82038561498,46.7989009152834,75.3980184494908,1311.98991302447
"BIGKAT _ C06 _ Left _ 4",54.7020093615208,86.171130924449,1330.55604759277,43.5367740278192,73.7520923979988,1321.45916697456
"BIGKAT _ C06 _ Left _ 4",54.6626452718746,82.8601165857138,1318.34433684118,41.8763023750627,71.8647765751113,1328.29974990968
"BIGKAT _ C06 _ Left _ 4",54.8773808344842,79.5334771314984,1308.85098865811,41.7743619257312,70.0718170642648,1332.49547427129
"BIGKAT _ C06 _ Left _ 4",55.3676066467866,76.5094348330488,1302.27511772566,42.9336023240937,68.7438752272345,1334.5282120176
"BIGKAT _ C06 _ Left _ 4",56.1241188043374,74.0550396902595,1298.33557558087,44.8817578944053,68.2138347872834,1335.2486527343
"BIGKAT _ C06 _ Left _ 4",57.1087428874853,72.3350821861539,1296.37650685231,47.0905156825684,68.7136380019755,1335.64782948632
"BIGKAT _ C06 _ Left _ 4",58.2604320182638,71.3974014733882,1295.56837063215,49.1003539518133,70.3339600519118,1336.58703458071
"BIGKAT _ C06 _ Left _ 4",59.5037054054552,71.1961353877324,1295.15433957641,50.6198411941334,73.0118750329336,1338.55253640522
"BIGKAT _ C06 _ Left _ 4",60.757479127027,71.6400770058409,1294.68092151719,51.5792829421824,76.5429858656601,1341.49204535504
"BIGKAT _ C06 _ Left _ 4",61.9433073489465,72.6448238854621,1294.15542441915,52.1323336744626,80.6097596114934,1344.77083604315
"BIGKAT _ C06 _ Left _ 4",62.9929600796665,74.1676710522942,1294.08795995957,52.610041678019,84.818631305125,1347.26368749898
"BIGKAT _ C06 _ Left _ 4",63.8554728450701,76.2120795280988,1295.39872273191,53.4386212500558,88.7425742120354,1347.57561466236
"BIGKAT _ C06 _ Left _ 4",64.5031845917335,78.8006395488541,1299.20002254679,55.0365255470612,91.9693583669845,1344.35823499314
"BIGKAT _ C06 _ Left _ 4",64.9352197130006,81.9278356318666,1306.49426103266,57.709653099617,94.1556303796157,1336.66044985107
"BIGKAT _ C06 _ Left _ 4",65.1761802211374,85.5128461743839,1317.85813164505,61.5656780760359,95.0824923713352,1324.2288705629
"BIGKAT _ C06 _ Left _ 4",65.2685000002797,89.3745902554074,1333.19965285198,66.4674335886609,94.7013265528993,1307.66864197899
"BIGKAT _ C06 _ Left _ 4",65.2594351621975,93.2439595382721,1351.66540758053,72.0381807775115,93.1536713579332,1288.40330628501
"BIGKAT _ C06 _ Left _ 4",65.1868647029924,96.8127582774246,1371.73381551922,77.7182506037734,90.751459272258,1268.43381802962
"BIGKAT _ C06 _ Left _ 4",65.0694049983247,99.8016211817421,1391.46788971554,82.8578021221067,87.9158673196294,1249.96747490678
"BIGKAT _ C06 _ Left _ 4",64.9042785748211,102.019381143629,1408.84789440067,86.821789138527,85.0889586105351,1235.0287948969
"BIGKAT _ C06 _ Left _ 4",64.6723869105935,103.390131065686,1422.0890791207,89.0847705110823,82.6424972337924,1225.15354882384
"BIGKAT _ C06 _ Left _ 4",64.3472055310956,103.939683609524,1429.87558840617,89.3023534288787,80.8076235076213,1221.21642106581
"BIGKAT _ C06 _ Left _ 4",63.9041085217115,103.751720094053,1431.4868708891,87.3560282877724,79.6405452981371,1223.38691889179
"BIGKAT _ C06 _ Left _ 4",63.3285907982783,102.916351987282,1426.83077830087,83.3730862274454,79.0292013976013,1231.1765801638
"BIGKAT _ C06 _ Left _ 4",62.6233863423507,101.495147782875,1416.41340517155,77.721858481285,78.7373084159604,1243.54052548119
"BIGKAT _ C06 _ Left _ 4",61.8143024082044,99.5174140661759,1401.26948969876,70.9781863268563,78.4752843191385,1259.0155408618
"BIGKAT _ C06 _ Left _ 4",60.9531995827721,97.0071983890816,1382.85907950041,63.8577781131057,77.9817048649561,1275.8949940682
"BIGKAT _ C06 _ Left _ 4",60.115667579474,94.0257247171625,1362.9213568295,57.1153482356536,77.0951994665534,1292.44235673302
"BIGKAT _ C06 _ Left _ 4",59.3918992466423,90.7062066635828,1343.27787903126,51.424388455582,75.7974000739663,1307.12744658168
"BIGKAT _ C06 _ Left _ 4",58.8718683176635,87.2607969833231,1325.59724366267,47.264455102705,74.2145827170305,1318.84493280244
"BIGKAT _ C06 _ Left _ 4",58.6286960716685,83.9517955974867,1311.16007269061,44.8471099481705,72.5782349085333,1327.06211506556
"BIGKAT _ C06 _ Left _ 4",58.7053401834043,81.0357685899319,1300.67961314224,44.1022127026087,71.1588122448098,1331.85462628719
"BIGKAT _ C06 _ Left _ 4",59.1085990650047,78.7023160278176,1294.22729385983,44.7263925176583,70.1963200076729,1333.8208524784
"BIGKAT _ C06 _ Left _ 4",59.8114505857248,77.0323786098872,1291.28535058097,46.2751930446039,69.8511629003126,1333.90189086864
"BIGKAT _ C06 _ Left _ 4",60.7615453563211,75.9925476559225,1290.91253463791,48.2695367876794,70.1885058062159,1333.15619743011
"BIGKAT _ C06 _ Left _ 4",61.891838561697,75.4665633120354,1291.9798188138,50.2890841734908,71.1942208640837,1332.53964706448
"BIGKAT _ C06 _ Left _ 4",63.1295141473741,75.310980392725,1293.42108901289,52.0355787525127,72.8079685345012,1332.72829872879
"BIGKAT _ C06 _ Left _ 4",64.4011057356001,75.4145265111675,1294.44891614627,53.36142674545,74.9543399157265,1334.00400313928
"BIGKAT _ C06 _ Left _ 4",65.6340345971945,75.740988973746,1294.70017514166,54.2676616917569,77.556785605475,1336.21023454243
"BIGKAT _ C06 _ Left _ 4",66.7566296214244,76.3415904623739,1294.29256720564,54.879562658123,80.5284237316766,1338.77899810914
"BIGKAT _ C06 _ Left _ 4",67.6993667815929,77.3322190151226,1293.78698607603,55.408345728695,83.7449409781444,1340.82654546561
"BIGKAT _ C06 _ Left _ 4",68.3993329341678,78.8413658604226,1294.06229648897,56.1054405872838,87.0141145160674,1341.31133033419
"BIGKAT _ C06 _ Left _ 4",68.8080349319465,80.9441693861812,1296.12071037159,57.2139423931236,90.0609994212689,1339.23844980789
"BIGKAT _ C06 _ Left _ 4",68.9003684588028,83.6043309856514,1300.85523889271,58.9213311303321,92.5452954119057,1333.88027136774
"BIGKAT _ C06 _ Left _ 4",68.6809546191272,86.6462602274424,1308.82430459467,61.3187434813885,94.1168209572382,1324.96754459576
"BIGKAT _ C06 _ Left _ 4",68.1842845810664,89.7723743249395,1320.08653436951,64.3737263641655,94.4982080763284,1312.79874879309
"BIGKAT _ C06 _ Left _ 4",67.4674742384524,92.6252749278627,1334.14183741246,67.9230922941892,93.5676810931457,1298.2287391871
"BIGKAT _ C06 _ Left _ 4",66.5976774259241,94.8765574710747,1349.99765349449,71.688474245166,91.409298506619,1282.53343209782
"BIGKAT _ C06 _ Left _ 4",65.6382827409994,96.311909778885,1366.33899342414,75.3106865918022,88.3090125383073,1267.19092847084
"BIGKAT _ C06 _ Left _ 4",64.6378734496493,96.8826588407761,1381.74729596399,78.3940673468754,84.6966678699089,1253.64629464872
"BIGKAT _ C06 _ Left _ 4",63.62427543024,96.7066839668632,1394.90436413228,80.5518612200412,81.0536542200011,1243.12180169273
"BIGKAT _ C06 _ Left _ 4",62.6042510756972,96.0198788599742,1404.73606131516,81.4479519374946,77.8141960027475,1236.5031621303
"BIGKAT _ C06 _ Left _ 4",61.5682988389009,95.0952898821111,1410.48304360687,80.8353809473808,75.2852173452038,1234.29584325899
"BIGKAT _ C06 _ Left _ 4",60.4995242526036,94.1559864861203,1411.71572006129,78.5942351486233,73.6006981610764,1236.62275261473
"BIGKAT _ C06 _ Left _ 4",59.3852021206187,93.3084230084374,1408.32600890923,74.7686300855324,72.7163679472838,1243.23344121829
"BIGKAT _ C06 _ Left _ 4",58.22904803389,92.5163462387574,1400.52483308986,69.5956325133014,72.4418537822579,1253.51219792881
"BIGKAT _ C06 _ Left _ 4",57.0613213698204,91.6231143688652,1388.85471331166,63.5119382774475,72.5005742595252,1266.49682580917
"BIGKAT _ C06 _ Left _ 4",55.9432364235723,90.4155582605165,1374.20096718332,57.1222815558062,72.6028087596055,1280.93686745407
"BIGKAT _ C06 _ Left _ 4",54.9627321237983,88.709142988077,1357.76639148395,51.1210467869933,72.5149331108256,1295.41763761665
"BIGKAT _ C06 _ Left _ 4",54.2210409081158,86.426425894817,1340.97504399507,46.1751175373733,72.1088406361255,1308.55213935938
"BIGKAT _ C06 _ Left _ 4",53.8130479274573,83.6419639288719,1325.29485653235,42.7950733217444,71.380861574552,1319.20738553281
"BIGKAT _ C06 _ Left _ 4",53.8072881748399,80.5776375933737,1312.00711113486,41.2328860072283,70.4382617817051,1326.70451683824
"BIGKAT _ C06 _ Left _ 4",54.2317991343514,77.5497327481104,1301.98351091041,41.4393184117928,69.4608299731445,1330.93036345843
"BIGKAT _ C06 _ Left _ 4",55.0696396909893,74.8865002212559,1295.53971534435,43.0941645320075,68.651643237835,1332.32419813751
"BIGKAT _ C06 _ Left _ 4",56.2641097891641,72.8450886182745,1292.41229676377,45.6971307247629,68.1925517695739,1331.74378640626
"BIGKAT _ C06 _ Left _ 4",57.7304859159153,71.5556222679531,1291.86566669942,48.6888173373426,68.2160419497719,1330.24978803093
"BIGKAT _ C06 _ Left _ 4",59.3696680256018,71.0088415489224,1292.89667899245,51.5670098506238,68.7975139686605,1328.86381079934
"BIGKAT _ C06 _ Left _ 4",61.0797674754117,71.0874725761526,1294.48258060603,53.9722060670674,69.9635063504514,1328.35174495051
"BIGKAT _ C06 _ Left _ 4",62.7637872028301,71.6269952175543,1295.81580101828,55.7311096311771,71.7054130751587,1329.0685542848
"BIGKAT _ C06 _ Left _ 4",64.334018344009,72.4835191620775,1296.48024505685,56.8600719651737,73.9873309708912,1330.88383404329
"BIGKAT _ C06 _ Left _ 4",65.715388980008,73.586378655276,1296.53978506584,57.537798306851,76.7412069580371,1333.19527550651
"BIGKAT _ C06 _ Left _ 4",66.8500383105741,74.959302938016,1296.52542065734,58.0579331925815,79.8504646965199,1335.0294093738
"BIGKAT _ C06 _ Left _ 4",67.7038767909645,76.7040009976063,1297.32223286498,58.7699749585946,83.1315509709831,1335.22129926723
"BIGKAT _ C06 _ Left _ 4",68.2735001952513,78.9512112466274,1299.97231885433,60.0144941413134,86.3279821279683,1332.65286585806
"BIGKAT _ C06 _ Left _ 4",68.5897167307515,81.794482580629,1305.42653984121,62.0581654155786,89.1306128956143,1326.51219456841
"BIGKAT _ C06 _ Left _ 4",68.7135606141477,85.2288591256869,1314.29446649755,65.0362968797412,91.2292669249382,1316.51803732401
"BIGKAT _ C06 _ Left _ 4",68.7230692255676,89.1175235099592,1326.65224118198,68.913684148446,92.3857761013095,1303.04572412849
"BIGKAT _ C06 _ Left _ 4",68.6937184394026,93.2018597509702,1341.96281182285,73.474996027305,92.5035050451986,1287.10651745327
"BIGKAT _ C06 _ Left _ 4",68.6793831122461,97.1546602013525,1359.13573309995,78.350247839207,91.6640448176676,1270.17642752337
"BIGKAT _ C06 _ Left _ 4",68.700793132122,100.65804332441,1376.71016865941,83.0702823987726,90.113511918879,1253.92561590464
"BIGKAT _ C06 _ Left _ 4",68.7444323417114,103.476467046484,1393.10431524949,87.1374507098397,88.2021715544426,1239.93400142948
"BIGKAT _ C06 _ Left _ 4",68.7699030348334,105.497560627085,1406.85802850452,90.0939705657958,86.2984007987679,1229.47182977405
"BIGKAT _ C06 _ Left _ 4",68.721363717746,106.727990732262,1416.80972951579,91.5759767935547,84.7033245801008,1223.38330871734
"BIGKAT _ C06 _ Left _ 4",68.5394176432856,107.250470783721,1422.18374924125,91.3507729305321,83.5877245609955,1222.06370244057
"BIGKAT _ C06 _ Left _ 4",68.1720902862009,107.162749104165,1422.60215420008,89.3418446956522,82.9639874554006,1225.49036145267
"BIGKAT _ C06 _ Left _ 4",67.5852026876308,106.524790424906,1418.05890453691,85.6465479560267,82.6968491180464,1233.26614184568
"BIGKAT _ C06 _ Left _ 4",66.7723894287644,105.335580106999,1408.8943954057,80.5453481912738,82.5486991537494,1244.65450638765
"BIGKAT _ C06 _ Left _ 4",65.7634394451204,103.548586995112,1395.78699270958,74.4935565299951,82.2484482253781,1258.61486867065
"BIGKAT _ C06 _ Left _ 4",64.6278495108736,101.11936899075,1379.74788467642,68.08300223636,81.5677557477498,1273.8672518538
"BIGKAT _ C06 _ Left _ 4",63.4700570888796,98.0652937527854,1362.08383302745,61.966780351168,80.3856617930182,1289.01397313783
"BIGKAT _ C06 _ Left _ 4",62.4147053051666,94.5108823098028,1344.29285752128,56.7547697785906,78.7239217724725,1302.7210088231
"BIGKAT _ C06 _ Left _ 4",61.584092602318,90.6961917996795,1327.88307983689,52.9041224325259,76.7420560269211,1313.92590663855
"BIGKAT _ C06 _ Left _ 4",61.0738387164713,86.939638768822,1314.14330211428,50.6372183847387,74.6930095373079,1322.01425900028
"BIGKAT _ C06 _ Left _ 4",60.9343993137846,83.5657477649977,1303.92480185909,49.91316149114,72.8540211515822,1326.90900139232
"BIGKAT _ C06 _ Left _ 4",61.1641150597813,80.8240615806305,1297.50005806529,50.460131120192,71.4569048471219,1329.04526495333
"BIGKAT _ C06 _ Left _ 4",61.7148961180415,78.829950359467,1294.54259711579,51.8549449061629,70.64193466515,1329.24133335947
"BIGKAT _ C06 _ Left _ 4",62.5069958379748,77.5489478887503,1294.23461961307,53.6237711726747,70.4489115262581,1328.50361237125
"BIGKAT _ C06 _ Left _ 4",63.4469799389183,76.8287459341971,1295.47344192067,55.3380099943864,70.8429280783747,1327.81130440787
"BIGKAT _ C06 _ Left _ 4",64.4435338755332,76.4660759553657,1297.12716379337,56.6879279770481,71.7588298821653,1327.91920556377
"BIGKAT _ C06 _ Left _ 4",65.4181040963928,76.2858385341823,1298.28670852012,57.5267737134501,73.1428582253059,1329.20509548492
"BIGKAT _ C06 _ Left _ 4",66.3100289564258,76.2082394491278,1298.46931969351,57.8851758343843,74.9731074737284,1331.57914429254
"BIGKAT _ C06 _ Left _ 4",67.0777015777191,76.2843914625579,1297.74008941491,57.9585730707692,77.2497082940102,1334.46829913575
"BIGKAT _ C06 _ Left _ 4",67.697945201936,76.6894385451761,1296.72923714867,58.0705908359643,79.9576344779716,1336.88579003665
"BIGKAT _ C06 _ Left _ 4",68.1652092249024,77.6729420009349,1296.53432247305,58.6150000803171,83.0163966453926,1337.58968827673
"BIGKAT _ C06 _ Left _ 4",68.490848507295,79.4775509714622,1298.51153840153,59.9803800332986,86.2385106245947,1335.32053129401
"BIGKAT _ C06 _ Left _ 4",68.7013505652704,82.2470777868177,1303.9813403278,62.4659776386478,89.3196089577235,1329.08548501163
"BIGKAT _ C06 _ Left _ 4",68.8337705287088,85.9513935097996,1313.89991559938,66.2037541176533,91.875094178758,1318.43018914593
"BIGKAT _ C06 _ Left _ 4",68.9274640553402,90.3547044560384,1328.57223617183,71.1070299256073,93.5212014300742,1303.62120563551
"BIGKAT _ C06 _ Left _ 4",69.0133647920614,95.0432414366064,1347.49094355744,76.8652897789122,93.9772749082323,1285.66836055834
"BIGKAT _ C06 _ Left _ 4",69.1043175274671,99.5093809311373,1369.36311598648,82.9935411096582,93.151881583062,1266.15804134017
"BIGKAT _ C06 _ Left _ 4",69.1905369133195,103.268387134745,1392.33096009587,88.925237935674,91.1786445217263,1246.93616010249
"BIGKAT _ C06 _ Left _ 4",69.2421711289988,105.970953092908,1414.3229636155,94.1197513376993,88.3885904539595,1229.74057982821
"BIGKAT _ C06 _ Left _ 4",69.2173708994379,107.476079084698,1433.42526884963,98.1495389639273,85.2319351787409,1215.90200485623
"BIGKAT _ C06 _ Left _ 4",69.0718064810055,107.863558707523,1448.16467123707,100.742276647959,82.1784095691594,1206.19837139895
"BIGKAT _ C06 _ Left _ 4",68.7659725392715,107.386086995366,1457.640403944,101.773580597303,79.6254862686345,1200.8807472615
"BIGKAT _ C06 _ Left _ 4",68.2692614332034,106.379263420597,1461.50447326097,101.226212166408,77.8334239006189,1199.82333157288
"BIGKAT _ C06 _ Left _ 4",67.5625430487294,105.158226643527,1459.84132645853,99.1430726344269,76.8939785462717,1202.71329346442
"BIGKAT _ C06 _ Left _ 4",66.6419629888916,103.930966439753,1453.02103246329,95.600149111661,76.7315581148819,1209.19673935263
"BIGKAT _ C06 _ Left _ 4",65.5252474695365,102.751650774474,1441.59238628849,90.713355699704,77.1320614832996,1218.92838111289
"BIGKAT _ C06 _ Left _ 4",64.2588783102781,101.524981021359,1426.24908966774,84.675152867086,77.7934508009983,1231.51960573565
"BIGKAT _ C06 _ Left _ 4",62.9219723566119,100.057906482703,1407.85762114155,77.7999574406391,78.390765874155,1246.42552292698
"BIGKAT _ C06 _ Left _ 4",61.6223753710244,98.1417219285996,1387.49942816774,70.5483833188569,78.6454284602245,1262.84099731388
"BIGKAT _ C06 _ Left _ 4",60.4829989346186,95.6390404345301,1366.46923843417,63.5038878016422,78.3850298170003,1279.67778697759
"BIGKAT _ C06 _ Left _ 4",59.6207610359604,92.5487020660502,1346.18997746948,57.2926822879264,77.5784448196543,1295.66496150507
"BIGKAT _ C06 _ Left _ 4",59.1243451092393,89.0280933520568,1328.0435275694,52.4641988984286,76.3355367318235,1309.5596672605
"BIGKAT _ C06 _ Left _ 4",59.0381105097963,85.3653177635248,1313.15724064896,49.3723601795931,74.8710700531063,1320.39962751514
"BIGKAT _ C06 _ Left _ 4",59.3571266764329,81.9096688675683,1302.21019749269,48.1022118743838,73.4443143830491,1327.70513271522
"BIGKAT _ C06 _ Left _ 4",60.0337825598593,78.9828320265144,1295.32053936486,48.4675205731694,72.2934985951657,1331.56107079867
"BIGKAT _ C06 _ Left _ 4",60.9922042165935,76.7999802937755,1292.04893767258,50.0745519409889,71.584798413341,1332.56124065762
"BIGKAT _ C06 _ Left _ 4",62.144722325768,75.4262498429887,1291.5170367259,52.4237205792633,71.3893349453014,1331.64544690431
"BIGKAT _ C06 _ Left _ 4",63.4052495442852,74.7810115970174,1292.60906946346,55.0144826584331,71.6912773348036,1329.88368205778
"BIGKAT _ C06 _ Left _ 4",64.6967908483602,74.6855063300493,1294.20924642469,57.4276901560172,72.4194663576663,1328.26014505229
"BIGKAT _ C06 _ Left _ 4",65.9531720509774,74.9358904096049,1295.42737286503,59.374766734559,73.4879961683446,1327.49416048072
"BIGKAT _ C06 _ Left _ 4",67.1173684032392,75.3778401678981,1295.77458008448,60.716124393633,74.830011123358,1327.91769571026
"BIGKAT _ C06 _ Left _ 4",68.1398565925526,75.9606112123527,1295.26314118758,61.4579939091002,76.4130673557269,1329.41749036415
"BIGKAT _ C06 _ Left _ 4",68.9799427630751,76.7555038766637,1294.41516819124,61.7370369729631,78.2316998117036,1331.44499166369
"BIGKAT _ C06 _ Left _ 4",69.6112148861296,77.9335596686229,1294.17472157423,61.7978724035624,80.2810121715759,1333.09603520353
"BIGKAT _ C06 _ Left _ 4",70.0296991079131,79.7080849560323,1295.72924859802,61.9631440988113,82.5221297587586,1333.25928865643
"BIGKAT _ C06 _ Left _ 4",70.2608610350693,82.2575786007429,1300.26191721066,62.5921955809891,84.8544464967255,1330.82334903233
"BIGKAT _ C06 _ Left _ 4",70.3604220085924,85.6517939329089,1308.67597170011,64.0252294542477,87.109168918163,1324.91571030923
"BIGKAT _ C06 _ Left _ 4",70.4052229805587,89.8052860506584,1321.3501794807,66.5158549026891,89.0725335279415,1315.12659178911
"BIGKAT _ C06 _ Left _ 4",70.4745029252747,94.4762205866882,1337.9899578134,70.1642543190068,90.5356268709116,1301.65746221797
"BIGKAT _ C06 _ Left _ 4",70.6273781160338,99.3131978359799,1357.62073229099,74.8704104612856,91.3548287441739,1285.34244052572
"BIGKAT _ C06 _ Left _ 4",70.8853500273706,103.934081804357,1378.72786008038,80.3253786351495,91.4996210885698,1267.52743041578
"BIGKAT _ C06 _ Left _ 4",71.2265419911821,108.007218848233,1399.49853093773,86.0467774036746,91.0682089794801,1249.84310617143
"BIGKAT _ C06 _ Left _ 4",71.5924415588413,111.304783572096,1418.0920537897,91.4489337913516,90.2642554783689,1233.94406354577
"BIGKAT _ C06 _ Left _ 4",71.9026674421222,113.711231946283,1432.87048817603,95.928094179913,89.3423903467579,1221.28633256603
"BIGKAT _ C06 _ Left _ 4",72.0717851030784,115.190239275779,1442.55389637103,98.9435950106404,88.5394232445736,1212.98345586102
"BIGKAT _ C06 _ Left _ 4",72.0240008829702,115.731194420479,1446.30291298068,100.084094387155,88.0107913458926,1209.74010542513
"BIGKAT _ C06 _ Left _ 4",71.7043691858053,115.303777895155,1443.75686030461,99.1170063822783,87.7892530177178,1211.83402587862
"BIGKAT _ C06 _ Left _ 4",71.0871009535006,113.84410186095,1435.05803347324,96.0232503962995,87.7769284460845,1219.11279350919
"BIGKAT _ C06 _ Left _ 4",70.1818811372019,111.281379113258,1420.87304391502,91.0166964229764,87.7736850474653,1230.98938001232
"BIGKAT _ C06 _ Left _ 4",69.0379004714396,107.596256648894,1402.39265124432,84.5413227155729,87.5357484318328,1246.44801077077
"BIGKAT _ C06 _ Left _ 4",67.7435836030481,102.887131598217,1381.27078093184,77.2349035120816,86.8497812796648,1264.09323871414
"BIGKAT _ C06 _ Left _ 4",66.4192993006089,97.4140090344232,1359.4665807619,69.8513889110712,85.6015350530102,1282.27649441505
"BIGKAT _ C06 _ Left _ 4",65.2017457038005,91.594164727261,1338.98436573819,63.1466853660868,83.8171708163166,1299.30995505553
"BIGKAT _ C06 _ Left _ 4",64.2218952130901,85.940460231968,1321.55391700947,57.7498699799563,81.6619533646047,1313.73544352552
"BIGKAT _ C06 _ Left _ 4",63.5816995332329,80.9568416939333,1308.3336950804,54.0542132915038,79.3954210667826,1324.5780703849
"BIGKAT _ C06 _ Left _ 4",63.3362158200837,77.0261162176675,1299.72711620634,52.1603757770046,77.2995942805312,1331.50509842004
"BIGKAT _ C06 _ Left _ 4",63.4863583739706,74.3312056792356,1295.36916507509,51.8867721163434,75.6081991657197,1334.83893053425
"BIGKAT _ C06 _ Left _ 4",63.98369108622,72.8381202546971,1294.28424856623,52.838917407749,74.4628135201836,1335.42338742541
"BIGKAT _ C06 _ Left _ 4",64.7445240288907,72.3437088709471,1295.16552950191,54.5131349028775,73.907417210132,1334.38676824565
"BIGKAT _ C06 _ Left _ 4",65.668122191789,72.567354452036,1296.70087682763,56.4061707569631,73.9151362129219,1332.86570319661
"BIGKAT _ C06 _ Left _ 4",66.6538594737501,73.2532674200707,1297.87211042088,58.1082904587151,74.429201592119,1331.75101748367
"BIGKAT _ C06 _ Left _ 4",67.6139720504512,74.2506082987417,1298.1716744472,59.3671097221982,75.3977754015277,1331.50141110788
"BIGKAT _ C06 _ Left _ 4",68.4808914384544,75.5485956182349,1297.70294239823,60.1178534880232,76.7877911859738,1332.05272287897
"BIGKAT _ C06 _ Left _ 4",69.2099161461192,77.2583465173584,1297.15097775697,60.4808487723149,78.5729693036051,1332.83465628439
"BIGKAT _ C06 _ Left _ 4",69.7787146436401,79.5487047883611,1297.62903811866,60.7291522029588,80.7022682104944,1332.89303751309
"BIGKAT _ C06 _ Left _ 4",70.184890006687,82.5567928066063,1300.42451374677,61.2301131406682,83.0640639446214,1331.10135593405
"BIGKAT _ C06 _ Left _ 4",70.4420645566005,86.3027172420647,1306.68791242343,62.3666510187309,85.4654444989225,1326.42823639793
"BIGKAT _ C06 _ Left _ 4",70.5744083216464,90.638770424921,1317.12784442107,64.4486266060816,87.6427916823096,1318.208562712
"BIGKAT _ C06 _ Left _ 4",70.609854504136,95.2540790020574,1331.78603948729,67.6312657553847,89.3084876006463,1306.35184235037
"BIGKAT _ C06 _ Left _ 4",70.5732899487528,99.7365309608827,1349.95766676047,71.8621023825207,90.2221202874499,1291.42423045234
"BIGKAT _ C06 _ Left _ 4",70.4817300481913,103.671432809373,1370.28617345336,76.8744038163133,90.2608562544902,1274.57081722492
"BIGKAT _ C06 _ Left _ 4",70.3428617013898,106.74153737734,1391.00631581916,82.2311894937843,89.4614863940789,1257.29774805556
"BIGKAT _ C06 _ Left _ 4",70.1565758042096,108.793813762238,1410.25911089593,87.4055339393026,88.0181948742881,1241.18503818604
"BIGKAT _ C06 _ Left _ 4",69.9175289562373,109.853315833817,1426.38497375727,91.8705733796623,86.2380951666014,1227.62156244421
"BIGKAT _ C06 _ Left _ 4",69.6165344584803,110.084774729241,1438.12391173497,95.1734231592694,84.4705531170521,1217.63317620158
"BIGKAT _ C06 _ Left _ 4",69.2398726360999,109.718960933051,1444.69795527953,96.9791938649086,83.0309633203117,1211.82792509857
"BIGKAT _ C06 _ Left _ 4",68.7676994493866,108.969230404938,1445.79593580697,97.0866357865422,82.1367326482534,1210.43475264924
"BIGKAT _ C06 _ Left _ 4",68.1743358284436,107.963981182629,1441.50696114603,95.427720590541,81.8672890731448,1213.38416055958
"BIGKAT _ C06 _ Left _ 4",67.4331082250014,106.714475081844,1432.25099591659,92.0653860501807,82.1539862663073,1220.37828676413
"BIGKAT _ C06 _ Left _ 4",66.5262994454735,105.126523093006,1418.73590150505,87.1969308122459,82.8005099119892,1230.91988568494
"BIGKAT _ C06 _ Left _ 4",65.4577424389675,103.051448038149,1401.9397460609,81.159236921597,83.5295006346288,1244.30313828448
"BIGKAT _ C06 _ Left _ 4",64.2633804250068,100.359748738867,1383.08979311611,74.4224763134782,84.0464326205289,1259.59877851565
"BIGKAT _ C06 _ Left _ 4",63.014902012103,97.0133804407988,1363.59978122392,67.5571591047035,84.1077493048173,1275.67776748982
"BIGKAT _ C06 _ Left _ 4",61.8134659820255,93.1122090390556,1344.94136822029,61.1676216293568,83.5779266736726,1291.30510947353
"BIGKAT _ C06 _ Left _ 4",60.7738759101862,88.8978274902871,1328.45758572257,55.8001918651027,82.4610156746566,1305.30316754356
"BIGKAT _ C06 _ Left _ 4",60.0031399878573,84.7117036226079,1315.15946246589,51.8488522822474,80.8975354239761,1316.74701456186
"BIGKAT _ C06 _ Left _ 4",59.5796699125879,80.9202511267532,1305.56452643747,49.4872261075967,79.1271047632922,1325.13134206784
"BIGKAT _ C06 _ Left _ 4",59.539262137252,77.8314048176601,1299.62935171773,48.649073297608,77.4282573867242,1330.4513192718
"BIGKAT _ C06 _ Left _ 4",59.8713837117363,75.6308142657525,1296.8014269917,49.0629038934131,76.0548454868395,1333.16732267083
"BIGKAT _ C06 _ Left _ 4",60.5254185584251,74.3586639498255,1296.18050504369,50.3281165164401,75.1889083000883,1334.0618746122
"BIGKAT _ C06 _ Left _ 4",61.4233107741258,73.9326233355468,1296.74985835381,52.0089362475758,74.9218572220615,1334.02883286611
"BIGKAT _ C06 _ Left _ 4",62.4738033880427,74.205092662637,1297.6224659324,53.7218587057131,75.2632408625542,1333.84906343783
"BIGKAT _ C06 _ Left _ 4",63.5843386130526,75.0312282525264,1298.24752367915,55.199500365472,76.1657739525677,1334.00377939143
"BIGKAT _ C06 _ Left _ 4",64.6688111021108,76.3222188662112,1298.53446255845,56.3232354531515,77.5514018340466,1334.5633896136
"BIGKAT _ C06 _ Left _ 4",65.6515872754726,78.0651872319497,1298.86926743951,57.124691403351,79.3263407547799,1335.17272344647
"BIGKAT _ C06 _ Left _ 4",66.4695930025302,80.3034392059371,1300.01781364725,57.7607134746523,81.3806879465058,1335.13597437903
"BIGKAT _ C06 _ Left _ 4",67.0743955345483,83.0846639988073,1302.93205429746,58.4683940070262,83.5768982550906,1333.58697663215
"BIGKAT _ C06 _ Left _ 4",67.435174518707,86.3965191979356,1308.49653690533,59.5076450743206,85.7380324724326,1329.71238638019
"BIGKAT _ C06 _ Left _ 4",67.5418979575497,90.1154340603636,1317.27223149335,61.0999658645215,87.6486835615293,1322.97875336068
"BIGKAT _ C06 _ Left _ 4",67.4068594676645,93.9922952426508,1329.30553603984,63.3740472566734,89.0773281026991,1313.30462477044
"BIGKAT _ C06 _ Left _ 4",67.0629094755759,97.6864291668391,1344.06295097959,66.3305444687527,89.8190013588508,1301.12409178213
"BIGKAT _ C06 _ Left _ 4",66.5583197972599,100.840050712609,1360.51932561277,69.8368158117308,89.7457353509284,1287.31513749893
"BIGKAT _ C06 _ Left _ 4",65.9500765561715,103.167880004111,1377.37561195506,73.6550186526691,88.8460549486833,1273.01079631756
"BIGKAT _ C06 _ Left _ 4",65.2978571344453,104.530375019499,1393.33327123143,77.495000248229,87.238502173814,1259.35496352899
"BIGKAT _ C06 _ Left _ 4",64.6595422978394,104.966455378508,1407.33322809707,81.0730679187272,85.1549160721465,1247.28457166276
"BIGKAT _ C06 _ Left _ 4",64.0871720796399,104.676918565753,1418.68710773525,84.1554587005573,82.8996388843484,1237.40546629707
"BIGKAT _ C06 _ Left _ 4",63.6216466772434,103.965110599283,1427.07443574489,86.5728357731918,80.7960065444077,1229.98979219007
"BIGKAT _ C06 _ Left _ 4",63.2858201539914,103.152283006517,1432.42936685618,88.205707930553,79.131655171856,1225.0770620498
"BIGKAT _ C06 _ Left _ 4",63.0778582273076,102.490240000459,1434.77698187701,88.9541180574743,78.1118327062003,1222.62593417761
"BIGKAT _ C06 _ Left _ 4",62.9681939186336,102.093400229803,1434.09284565542,88.7125261361906,77.8268991687934,1222.64888716355
"BIGKAT _ C06 _ Left _ 4",62.9031660922273,101.907002331549,1430.24740872461,87.3691673978743,78.2374699937763,1225.2709824911
"BIGKAT _ C06 _ Left _ 4",62.8165213799717,101.719479367293,1423.06276936436,84.8385549231074,79.1787526483056,1230.68396287109
"BIGKAT _ C06 _ Left _ 4",62.6471471802097,101.216946887162,1412.4639596249,81.1200124975289,80.3845542592696,1239.0088381346
"BIGKAT _ C06 _ Left _ 4",62.3587287374576,100.06792299467,1398.66535488736,76.3601504574601,81.5303000368929,1250.12003396774
"BIGKAT _ C06 _ Left _ 4",61.9554949826098,98.0183827551835,1382.31057514841,70.8894255315167,82.2917820388673,1263.50713671084
"BIGKAT _ C06 _ Left _ 4",61.4885437189756,94.9730220321104,1364.49270006675,65.2071721424166,82.4116136057466,1278.24478189528
"BIGKAT _ C06 _ Left _ 4",61.0495891716582,91.0402477793585,1346.62211695878,59.9065019656087,81.7598631109483,1293.10507945363
"BIGKAT _ C06 _ Left _ 4",60.7527642971861,86.52686695291,1330.16865335613,55.5548202493721,80.3723164440378,1306.79144211457
"BIGKAT _ C06 _ Left _ 4",60.7090362424432,81.8822885908457,1316.35770198455,52.5666648174459,78.4525437059347,1318.22056618133
"BIGKAT _ C06 _ Left _ 4",61.0003281297784,77.6073548390886,1305.92204369686,51.1122074890802,76.3333364855022,1326.75485133445
"BIGKAT _ C06 _ Left _ 4",61.6604779960896,74.1543803772558,1298.99182343733,51.0926942722198,74.4063323819259,1332.30344427511
"BIGKAT _ C06 _ Left _ 4",62.667601667207,71.8476880879187,1295.15445389237,52.1889067657188,73.0398744069632,1335.25964889905
"BIGKAT _ C06 _ Left _ 4",63.9484542370817,70.8455854114039,1293.6573953164,53.9629291828368,72.5083303407275,1336.3024752192
"BIGKAT _ C06 _ Left _ 4",65.3919804871754,71.1480646921984,1293.6834719882,55.9787482130552,72.9492762124602,1336.13419642999
"BIGKAT _ C06 _ Left _ 4",66.8678208707031,72.6372892230631,1294.61340527012,57.907272118425,74.3524801209794,1335.23931444464
"BIGKAT _ C06 _ Left _ 4",68.2459950882952,75.1285052737012,1296.20247009758,59.5917542106813,76.574112878022,1333.73533011689
"BIGKAT _ C06 _ Left _ 4",69.4151436203516,78.4108648528175,1298.62814766117,61.0631990267622,79.3659843986626,1331.35357260926
"BIGKAT _ C06 _ Left _ 4",70.2974736413373,82.2679882361175,1302.40277646534,62.5074516669529,82.4122771742393,1327.55039315974
"BIGKAT _ C06 _ Left _ 4",70.8586133453723,86.480789320771,1308.18104886855,64.1950052728019,85.3710274271134,1321.71334123795
"BIGKAT _ C06 _ Left _ 4",71.1104212678249,90.8239048035771,1316.51974016429,66.3913756555825,87.9199775959349,1313.40016662784
"BIGKAT _ C06 _ Left _ 4",71.1053360368474,95.0681206821235,1327.65930811841,69.2699814783061,89.8041785552709,1302.5380433682
"BIGKAT _ C06 _ Left _ 4",70.9226556263947,98.9949495589419,1341.38835255201,72.8490491795314,90.8776449583745,1289.52310227122
"BIGKAT _ C06 _ Left _ 4",70.6496939837022,102.420694032885,1357.02318268712,76.9672429410424,91.1281760504724,1275.19564525834
"BIGKAT _ C06 _ Left _ 4",70.3626185321874,105.221131290232,1373.49659077591,81.3008691340196,90.6764719466493,1260.71041025044
"BIGKAT _ C06 _ Left _ 4",70.1116670818633,107.346378251391,1389.51831789962,85.4138600674292,89.7469837032028,1247.35241619791
"BIGKAT _ C06 _ Left _ 4",69.9134626685247,108.817898055154,1403.75637000705,88.8255018719496,88.6153134760536,1236.35354349111
"BIGKAT _ C06 _ Left _ 4",69.7507025680774,109.70506031118,1414.99548776092,91.0814326053557,87.5430397981083,1228.74644085447
"BIGKAT _ C06 _ Left _ 4",69.578072583175,110.08614537542,1422.25022780708,91.8184208848845,86.7145503104462,1225.26552032855
"BIGKAT _ C06 _ Left _ 4",69.3330834463045,110.005941268969,1424.83430708867,90.8188527576987,86.1912363607161,1226.2846796985
"BIGKAT _ C06 _ Left _ 4",68.9507193731435,109.445914950112,1422.40445349341,88.0531234304391,85.8958035323484,1231.7762561459
"BIGKAT _ C06 _ Left _ 4",68.3804032292754,108.320877473072,1414.99894711175,83.70578635158,85.6334638527384,1241.28608171045
"BIGKAT _ C06 _ Left _ 4",67.6027185523151,106.507874248407,1403.07678629287,78.1763157193279,85.1480427225378,1253.93836858767
"BIGKAT _ C06 _ Left _ 4",66.642180819797,103.901065686337,1387.53927500498,72.0427330980082,84.20103729546,1268.49838639625
"BIGKAT _ C06 _ Left _ 4",65.5719116088772,100.4748601825,1369.69629917734,65.9813938363463,82.6529689485178,1283.51700992683
"BIGKAT _ C06 _ Left _ 4",64.506977581536,96.3313626709579,1351.14111341279,60.650308975203,80.5224597049159,1297.55422290783
"BIGKAT _ C06 _ Left _ 4",63.585685066759,91.7110725871352,1333.52709366381,56.5615028210863,78.0024827118704,1309.43808748307
"BIGKAT _ C06 _ Left _ 4",62.9419063400142,86.9584996932834,1318.28705284377,53.9800596714419,75.4259282164918,1318.48336964095
"BIGKAT _ C06 _ Left _ 4",62.6752614140698,82.4531155265973,1306.37549479076,52.8843061191784,73.1904609604343,1324.5924525761
"BIGKAT _ C06 _ Left _ 4",62.8277691040809,78.5322450507416,1298.12177005849,53.0016274478416,71.6678587953018,1328.19731018543
"BIGKAT _ C06 _ Left _ 4",63.3740928645684,75.4365254867419,1293.24926609669,53.9072837604532,71.1272826630913,1330.05839290418
"BIGKAT _ C06 _ Left _ 4",64.2282071400805,73.296790577535,1291.05741716995,55.1534751217414,71.6926080013514,1330.98488812035
"BIGKAT _ C06 _ Left _ 4",65.2642635427664,72.1601699457106,1290.70751026,56.3908925655574,73.3371847366094,1331.56081180379
"BIGKAT _ C06 _ Left _ 4",66.3457813074125,72.0350271756907,1291.52265288905,57.4528453264033,75.9054477694775,1331.9523768009
"BIGKAT _ C06 _ Left _ 4",67.3558798439131,72.9279949713925,1293.21323954021,58.3855016510091,79.1461301272791,1331.84531896162
"BIGKAT _ C06 _ Left _ 4",68.2216773358998,74.8529317652289,1295.96504812651,59.4212497221869,82.7459312353278,1330.52705500969
"BIGKAT _ C06 _ Left _ 4",68.9274004657616,77.8066138177279,1300.36673269836,60.90359266613,86.3605503155863,1327.09396444341
"BIGKAT _ C06 _ Left _ 4",69.5128019555348,81.7228396635996,1307.1969859561,63.1810733769372,89.6465766655813,1320.73310500767
"BIGKAT _ C06 _ Left _ 4",70.0563164793096,86.4286074990236,1317.13025611,66.4942127321031,92.2988430232268,1311.00591775133
"BIGKAT _ C06 _ Left _ 4",70.6461628091663,91.6275129702547,1330.44447863732,70.8820754317154,94.0924205427511,1298.05665777961
"BIGKAT _ C06 _ Left _ 4",71.3465958906791,96.9246214944919,1346.81568943065,76.13182570918,94.9198334053145,1282.68667626186
"BIGKAT _ C06 _ Left _ 4",72.1688926243723,101.888249117706,1365.25841629693,81.7846732662379,94.8091799465728,1266.27480570401
"BIGKAT _ C06 _ Left _ 4",73.0558125802979,106.127004349365,1384.22509417233,87.1975553584175,93.9127250099496,1250.5688498288
"BIGKAT _ C06 _ Left _ 4",73.8844844138207,109.354185963801,1401.83188870396,91.6471165082879,92.4663579532151,1237.40355737143
"BIGKAT _ C06 _ Left _ 4",74.487843292375,111.418838337913,1416.15158021556,94.4551997684654,90.7312285126375,1228.40647673423
"BIGKAT _ C06 _ Left _ 4",74.6905626526505,112.298639392234,1425.51229911936,95.1133324139518,88.9344605651129,1224.74104427155
"BIGKAT _ C06 _ Left _ 4",74.3522833516331,112.06586233056,1428.75494293791,93.3851188123828,87.2253129865769,1226.92021754644
"BIGKAT _ C06 _ Left _ 4",73.4087040820021,110.84658331206,1425.4185128733,89.3680058768971,85.6582796364873,1234.71341137153
"BIGKAT _ C06 _ Left _ 4",71.9001633573872,108.791881512612,1415.83269456738,83.4994722790076,84.2069766579275,1247.1643191321
"BIGKAT _ C06 _ Left _ 4",69.9787201154043,106.069488858547,1401.10005755696,76.4991143678731,82.8034140679216,1262.73004442492
"BIGKAT _ C06 _ Left _ 4",67.8891536984513,102.870527166576,1382.95334455378,69.2497946696348,81.3884977036871,1279.53424394542
"BIGKAT _ C06 _ Left _ 4",65.9262282160831,99.4159274647916,1363.48808848401,62.6379313577486,79.9549242197607,1295.69682138501
"BIGKAT _ C06 _ Left _ 4",64.3779132872383,95.9470060343772,1344.80389966233,57.3894913263102,78.5664224420268,1309.67057046401
"BIGKAT _ C06 _ Left _ 4",63.4690755132834,92.6955007015731,1328.62975419195,53.944690798751,77.347833104089,1320.49996218109
"BIGKAT _ C06 _ Left _ 4",63.3201092433712,89.8438895255513,1316.03428836794,52.4044432433037,76.4540187362942,1327.93277688412
"BIGKAT _ C06 _ Left _ 4",63.9298070957211,87.4964744621739,1307.30812264199,52.5583559003034,76.0341010129332,1332.35829218452
"BIGKAT _ C06 _ Left _ 4",65.1838109308341,85.6784146391957,1302.05117246382,53.9786497505958,76.2057595914036,1334.59751616516
"BIGKAT _ C06 _ Left _ 4",66.8829337226881,84.3658591721591,1299.42926316167,56.1478572233557,77.0444481742468,1335.61016650586
"BIGKAT _ C06 _ Left _ 4",68.7822481082638,83.5347243795549,1298.51341192259,58.5849326846072,78.5820305979087,1336.1982843778
"BIGKAT _ C06 _ Left _ 4",70.6323393396391,83.2067833493976,1298.59909437978,60.9418009866292,80.8050266806983,1336.77874538895
"BIGKAT _ C06 _ Left _ 4",72.2167079805547,83.4723410810002,1299.41916118473,63.0546675062147,83.6457576220559,1337.27453690876
"BIGKAT _ C06 _ Left _ 4",73.3817789079529,84.477212291832,1301.2005095798,64.9467503357192,86.9674628851972,1337.14551451363
"BIGKAT _ C06 _ Left _ 4",74.0570662477081,86.3746972880879,1304.55885774563,66.7888840029619,90.5526850572911,1335.54852937215
"BIGKAT _ C06 _ Left _ 4",74.2628881167067,89.2569606085635,1310.26860760774,68.831096110359,94.1086044090388,1331.58740204546
"BIGKAT _ C06 _ Left _ 4",74.1029567534649,93.0903713260488,1318.9779369857,71.3221956974762,97.300044110738,1324.58879790564
"BIGKAT _ C06 _ Left _ 4",73.740931144876,97.6814633694362,1330.95490651477,74.4357747759825,99.8095753160476,1314.32758050366
"BIGKAT _ C06 _ Left _ 4",73.3642353206013,102.691225060545,1345.94103404373,78.2187893850394,101.408794679542,1301.13491852247
"BIGKAT _ C06 _ Left _ 4",73.1433592804561,107.697093424923,1363.15241501494,82.5719171478981,102.014828941262,1285.8598307342
"BIGKAT _ C06 _ Left _ 4",73.1971771163111,112.282139161176,1381.41517962518,87.260672046113,101.709416613944,1269.7086488037
"BIGKAT _ C06 _ Left _ 4",73.5725662030052,116.119698152618,1399.37485536917,91.9475799622113,100.713212369342,1254.02938580514
"BIGKAT _ C06 _ Left _ 4",74.2410514896147,119.024700550745,1415.70179280389,96.2331024161704,99.3253299224315,1240.11529455607
"BIGKAT _ C06 _ Left _ 4",75.109693915785,120.957595253114,1429.23418991576,99.6968050893807,97.8481231833225,1229.07367357796
"BIGKAT _ C06 _ Left _ 4",76.0407464137204,121.985250489285,1439.04140778638,101.936929652081,96.5177334551455,1221.76357653093
"BIGKAT _ C06 _ Left _ 4",76.8751458558155,122.217792770785,1444.42930559197,102.611618204876,95.455828427151,1218.77396931408
"BIGKAT _ C06 _ Left _ 4",77.457047949723,121.746619519609,1444.92991670403,101.485617676267,94.6514122794186,1220.40493507055
"BIGKAT _ C06 _ Left _ 4",77.6581731649914,120.606118233152,1440.31580416391,98.4816225868757,93.9752661714462,1226.62825206843
"BIGKAT _ C06 _ Left _ 4",77.4005332983396,118.771933994678,1430.65836765466,93.7271029755362,93.223443524735,1237.0312644307
"BIGKAT _ C06 _ Left _ 4",76.6744652468997,116.1952588936,1416.416983847,87.5793451197447,92.1801719760019,1250.77658721363
"BIGKAT _ C06 _ Left _ 4",75.547237395555,112.859282422726,1398.51395125994,80.6088286316252,90.6851532421363,1266.62542670736
"BIGKAT _ C06 _ Left _ 4",74.1575485232243,108.834432342889,1378.33365653972,73.5287126179045,88.6872477501506,1283.06225301386
"BIGKAT _ C06 _ Left _ 4",72.6940232192384,104.307152461946,1357.59683894277,67.0765112561142,86.2681557029284,1298.52135410444
"BIGKAT _ C06 _ Left _ 4",71.360752260735,99.5655081542658,1338.10590711367,61.875885104365,83.6276066840104,1311.66614269673
"BIGKAT _ C06 _ Left _ 4",70.3378771460125,94.9428737645066,1321.41893335835,58.3193469613266,81.0347238737078,1321.63742344598
"BIGKAT _ C06 _ Left _ 4",69.7475742695816,90.7409829189469,1308.55476290914,56.5073583526045,78.7635177297606,1328.18981352342
"BIGKAT _ C06 _ Left _ 4",69.6341398173133,87.1643817179701,1299.82997579003,56.2580210124882,77.0364124265244,1331.6757812358
"BIGKAT _ C06 _ Left _ 4",69.961959867647,84.2926926992339,1294.87894930479,57.1767849266661,75.9939316437744,1332.89074971668
"BIGKAT _ C06 _ Left _ 4",70.6294630795767,82.0986721096223,1292.83994830058,58.7598476587106,75.694388452053,1332.83289761004
"BIGKAT _ C06 _ Left _ 4",71.4933011440484,80.5000592433455,1292.63834499015,60.5023826679744,76.1333786336915,1332.44515358352
"BIGKAT _ C06 _ Left _ 4",72.3960779703316,79.4212989506279,1293.28019417731,61.9895151935097,77.266386665836,1332.39883356232
"BIGKAT _ C06 _ Left _ 4",73.192240345464,78.8401963161474,1294.08150450611,62.9577196840871,79.020486810441,1332.95943759847
"BIGKAT _ C06 _ Left _ 4",73.7687468960891,78.8022054843268,1294.78708786806,63.3224897678364,81.2900428237174,1333.95406016743
"BIGKAT _ C06 _ Left _ 4",74.0586799863058,79.3975563395884,1295.56550031812,63.1730675644677,83.9219729436184,1334.8406018899
"BIGKAT _ C06 _ Left _ 4",74.0467239383251,80.7099613821509,1296.89573088567,62.7375054716319,86.7040607397297,1334.8616892101
"BIGKAT _ C06 _ Left _ 4",73.7658797591282,82.7564895296831,1299.38327510583,62.323622363256,89.3711496109484,1333.24978664619
"BIGKAT _ C06 _ Left _ 4",73.2857661872101,85.4427217760714,1303.55624324582,62.2454313970969,91.637013201663,1329.43560018215
"BIGKAT _ C06 _ Left _ 4",72.6947377843467,88.5528985570906,1309.6944101099,62.749621246741,93.246625598823,1323.20609941963
"BIGKAT _ C06 _ Left _ 4",72.0800610154347,91.7818403784818,1317.733459458,63.9588194863449,94.03165882248,1314.77032404599
"BIGKAT _ C06 _ Left _ 4",71.5110508260593,94.7988552128342,1327.26319690705,65.8441922347158,93.9489423561296,1304.72154372788
"BIGKAT _ C06 _ Left _ 4",71.0286059878329,97.321237933305,1337.60856838576,68.2305551712761,93.0888396075171,1293.9198691093
"BIGKAT _ C06 _ Left _ 4",70.6418218618965,99.1720617595187,1347.95803091264,70.8277495591176,91.6522705675575,1283.34097489261
"BIGKAT _ C06 _ Left _ 4",70.3300678811554,100.304214329684,1357.49546058933,73.2771740204705,89.9042966061132,1273.93503129051
"BIGKAT _ C06 _ Left _ 4",70.048266562933,100.785694859165,1365.50073915665,75.2029556929086,88.1160858946913,1266.52140934828
"BIGKAT _ C06 _ Left _ 4",69.7339096730583,100.75416077626,1371.40377416414,76.2611072400545,86.5073994306121,1261.72285680253
"BIGKAT _ C06 _ Left _ 4",69.3155422705703,100.357253900655,1374.79783953729,76.1840766821911,85.2007332134448,1259.92832913985
"BIGKAT _ C06 _ Left _ 4",68.7230729563964,99.6977376784986,1375.4328758839,74.819997915845,84.1963804270715,1261.27020287243
"BIGKAT _ C06 _ Left _ 4",67.8999816811382,98.7994540858989,1373.2125972941,72.1647978463904,83.374351787192,1265.60763716042
"BIGKAT _ C06 _ Left _ 4",66.8165105086532,97.6031933745054,1368.21000312043,68.3819339165125,82.524205850379,1272.51919276369
"BIGKAT _ C06 _ Left _ 4",65.4816962990446,95.9928381588388,1360.6984502347,63.8012309029204,81.3981414053977,1281.31884363646
"BIGKAT _ C06 _ Left _ 4",63.9511384346729,93.8436768026517,1351.17799542453,58.8880682973675,79.7773239251635,1291.11393194537
"BIGKAT _ C06 _ Left _ 4",62.3272197661357,91.0784417051603,1340.36824515002,54.1793595236357,77.537465273417,1300.91636963594
"BIGKAT _ C06 _ Left _ 4",60.7495668859071,87.7140307620674,1329.14528855594,50.1931921045282,74.6981590616474,1309.79911340468
"BIGKAT _ C06 _ Left _ 4",59.3758944631031,83.8841715183609,1318.42083129899,47.3310446529051,71.4423908243032,1317.06546619098
"BIGKAT _ C06 _ Left _ 4",58.3564092027161,79.8305554625363,1308.98854048935,45.799311102905,68.0987165146029,1322.38131059321
"BIGKAT _ C06 _ Left _ 4",57.8074993205153,75.8654743511528,1301.38349796472,45.5752967150656,65.0882745875166,1325.82146337555
"BIGKAT _ C06 _ Left _ 4",57.7913231882339,72.3190684018581,1295.80421597633,46.4305145630973,62.8492064611723,1327.80472981251
"BIGKAT _ C06 _ Left _ 4",58.3064956491197,69.4893297930272,1292.12886309487,48.0051593907738,61.757596098506,1328.93006714018
"BIGKAT _ C06 _ Left _ 4",59.2916795810119,67.6097460582909,1290.02468995277,49.9105365386319,62.0630527920611,1329.76179872471
"BIGKAT _ C06 _ Left _ 4",60.6399010682723,66.8389099432708,1289.11607986387,51.8287503679535,63.849147776278,1330.62924341508
"BIGKAT _ C06 _ Left _ 4",62.2186254456657,67.2644929379224,1289.15571404868,53.5829661094228,67.0194386200405,1331.50035401358
"BIGKAT _ C06 _ Left _ 4",63.8901461374586,68.9079452075443,1290.14170532883,55.1628632339397,71.304932369153,1331.96616964291
"BIGKAT _ C06 _ Left _ 4",65.5283542171364,71.7195165529578,1292.34012978372,56.7028900665164,76.2903123601906,1331.34257823789
"BIGKAT _ C06 _ Left _ 4",67.0302270342545,75.5632409717262,1296.20147140079,58.4223723249802,81.4601796444573,1328.86457801544
"BIGKAT _ C06 _ Left _ 4",68.3221687162129,80.2023259067332,1302.1936544213,60.5454239014298,86.2667915354313,1323.92041920664
"BIGKAT _ C06 _ Left _ 4",69.3621257580849,85.3006916536023,1310.60470923367,63.2239234652292,90.214038951599,1316.25568801242
"BIGKAT _ C06 _ Left _ 4",70.1384257506769,90.4526352834935,1321.38381783755,66.4861894766196,92.941727438119,1306.08090335933
"BIGKAT _ C06 _ Left _ 4",70.6660515690567,95.2408191003424,1334.08044231353,70.2253544294114,94.287528691951,1294.04679612678
"BIGKAT _ C06 _ Left _ 4",70.9807970878347,99.30882898308,1347.90590767333,74.2265361419311,94.3075240009797,1281.10072557062
"BIGKAT _ C06 _ Left _ 4",71.131471106787,102.42592246055,1361.89313086398,78.2172265410164,93.2490945228397,1268.28256483655
"BIGKAT _ C06 _ Left _ 4",71.1702268245622,104.52271468305,1375.09106724478,81.9183284381628,91.4850197018751,1256.53594355093
"BIGKAT _ C06 _ Left _ 4",71.141524292897,105.686275677035,1386.72015975756,85.077196506853,89.4279095881722,1246.59412563049
"BIGKAT _ C06 _ Left _ 4",71.0712080296044,106.116415924854,1396.2376983013,87.4760864637053,87.4465465668162,1238.96062386061
"BIGKAT _ C06 _ Left _ 4",70.9582459324934,106.056535812516,1403.30519779072,88.9231639664314,85.8016004078349,1233.96294715103
"BIGKAT _ C06 _ Left _ 4",70.7721173941952,105.719017295201,1407.69303692193,89.2423633764991,84.6107865091325,1231.83065737393
"BIGKAT _ C06 _ Left _ 4",70.4581334099768,105.225712137427,1409.18249996185,88.2792306273576,83.8459938304496,1232.74453660345
"BIGKAT _ C06 _ Left _ 4",69.9511200892647,104.579300616074,1407.52369942877,85.9321605440962,83.3590674637538,1236.82169058019
"BIGKAT _ C06 _ Left _ 4",69.1954162323469,103.672872016565,1402.48216050761,82.2049466047213,82.9291995778321,1244.0345937656
"BIGKAT _ C06 _ Left _ 4",68.1668479458019,102.335051595608,1393.96689820156,77.2623548655444,82.3226252408605,1254.09834419481
"BIGKAT _ C06 _ Left _ 4",66.8910268069701,100.398300618586,1382.1922055024,71.4617598913963,81.3536421943055,1266.38506200514
"BIGKAT _ C06 _ Left _ 4",65.4523240390604,97.7706720832094,1367.79981709957,65.33625749082,79.9347332969635,1279.92449224122
"BIGKAT _ C06 _ Left _ 4",63.9892605722474,94.4886410934143,1351.87149137333,59.519825906152,78.1039379200603,1293.52100716797
"BIGKAT _ C06 _ Left _ 4",62.6750006906467,90.7326494590001,1335.79832588316,54.6284026967771,76.021425645239,1305.96872169549
"BIGKAT _ C06 _ Left _ 4",61.6860253908575,86.7980649293948,1321.03011710574,51.1317265627387,73.9351716051561,1316.30011400562
"BIGKAT _ C06 _ Left _ 4",61.1665300286137,83.0297980430291,1308.78050660309,49.2581403977392,72.1256542621911,1323.98322811543
"BIGKAT _ C06 _ Left _ 4",61.1982822126493,79.7431051322721,1299.78590560885,48.9632634730144,70.8470298504714,1328.99956038951
"BIGKAT _ C06 _ Left _ 4",61.7840218926542,77.159175461322,1294.19723116234,49.9689962089477,70.2828539641077,1331.77984632138
"BIGKAT _ C06 _ Left _ 4",62.8477389334058,75.3779350397014,1291.63348222504,51.8545137690561,70.527112490536,1333.02475680311
"BIGKAT _ C06 _ Left _ 4",64.2499343480009,74.3944455905903,1291.36957387962,54.1671642947861,71.5897153296785,1333.47051437512
"BIGKAT _ C06 _ Left _ 4",65.8126922727795,74.1471785234595,1292.59114232784,56.521716312642,73.4158088323044,1333.6677550235
"BIGKAT _ C06 _ Left _ 4",67.3487473640437,74.5746647906693,1294.63708113356,58.6665659918394,75.9049821028079,1333.83033389037
"BIGKAT _ C06 _ Left _ 4",68.6897750006142,75.6556897510107,1297.16360886273,60.5083684293244,78.9204697423985,1333.78827408167
"BIGKAT _ C06 _ Left _ 4",69.710418270619,77.4163469390536,1300.19206025126,62.0973707335757,82.2870587190931,1333.05278808101
"BIGKAT _ C06 _ Left _ 4",70.3451912705624,79.9010085900264,1304.03650432603,63.5828799325286,85.7853210439737,1330.9752671125
"BIGKAT _ C06 _ Left _ 4",70.5954378574904,83.1189589417139,1309.13934900373,65.1521697809255,89.1548448224722,1326.95894552474
"BIGKAT _ C06 _ Left _ 4",70.5239668339109,86.9894169203889,1315.8678022429,66.9677838898226,92.1172111226841,1320.66505594196
"BIGKAT _ C06 _ Left _ 4",70.2370759529099,91.3106399475595,1324.33613626493,69.1181068026664,94.4199520902871,1312.15081476039
"BIGKAT _ C06 _ Left _ 4",69.8575947848806,95.7710980454895,1334.3124036121,71.5932093183405,95.8896497170355,1301.89230333235
"BIGKAT _ C06 _ Left _ 4",69.496432572435,100.003903556435,1345.24047754339,74.2907855697406,96.4739234540945,1290.68341047903
"BIGKAT _ C06 _ Left _ 4",69.2310438134688,103.666912424978,1356.36530049061,77.0464965596286,96.2548006772226,1279.44982879326
"BIGKAT _ C06 _ Left _ 4",69.0960963786447,106.519679549047,1366.90921830751,79.674052285008,95.4281025244512,1269.04989651378
"BIGKAT _ C06 _ Left _ 4",69.0863314514264,108.470194894585,1376.23056556888,81.998178701717,94.2564454946988,1260.13308493243
"BIGKAT _ C06 _ Left _ 4",69.1673147051218,109.576909283233,1383.90940237399,83.8693973550151,93.0101297909464,1253.09465952356
"BIGKAT _ C06 _ Left _ 4",69.2883894216,110.00786087491,1389.73949915086,85.1598033681243,91.9099711038485,1248.12130687812
"BIGKAT _ C06 _ Left _ 4",69.393456525593,109.971923733521,1393.64331134821,85.7487090528426,91.0826603221538,1245.28819605509
"BIGKAT _ C06 _ Left _ 4",69.4278496846076,109.643932302322,1395.55451253537,85.51231341356,90.5356705132283,1244.65384314077
"BIGKAT _ C06 _ Left _ 4",69.3421097415554,109.105546444145,1395.32375682869,84.3306405169127,90.1559064941739,1246.30596255057
"BIGKAT _ C06 _ Left _ 4",69.094943095932,108.318615773335,1392.69526200268,82.1178812416875,89.7335252185885,1250.33441968554
"BIGKAT _ C06 _ Left _ 4",68.6577084401935,107.139087806526,1387.37599831641,78.8709137303117,89.0087522362295,1256.73899865633
"BIGKAT _ C06 _ Left _ 4",68.0214603022912,105.368706207388,1379.1825294208,74.719105453818,87.7348063515564,1265.31038239796
"BIGKAT _ C06 _ Left _ 4",67.2052873102617,102.83073991468,1368.2149241079,69.9517430639596,85.7448858888732,1275.54140107062
"BIGKAT _ C06 _ Left _ 4",66.2623967007836,99.4473667341021,1354.98657060976,65.0022664224524,83.0071943210114,1286.62239106865
"BIGKAT _ C06 _ Left _ 4",65.2795134496525,95.293202187239,1340.44414250115,60.3823163715751,79.6515663830925,1297.54617606921
"BIGKAT _ C06 _ Left _ 4",64.3666542927855,90.6045039915133,1325.8463107925,56.5792208689325,75.9565957760126,1307.3031399977
"BIGKAT _ C06 _ Left _ 4",63.6379193577428,85.7374017855389,1312.52343148039,53.9483313209978,72.2974826358788,1315.10479813693
"BIGKAT _ C06 _ Left _ 4",63.1879970570745,81.0876367176192,1301.59126746259,52.6363543105551,69.0687917047009,1320.55724563469
"BIGKAT _ C06 _ Left _ 4",63.0714566744194,77.0007222805077,1293.71455675291,52.5599819557647,66.6064615826521,1323.72417875318
"BIGKAT _ C06 _ Left _ 4",63.2912449321775,73.7059189202849,1288.99808339382,53.4424556630718,65.1334006666677,1325.06268548185
"BIGKAT _ C06 _ Left _ 4",63.7994629779132,71.296167632586,1287.03344968543,54.8914114906511,64.7416268528911,1325.25978218125
"BIGKAT _ C06 _ Left _ 4",64.509313279958,69.7550191344117,1287.07478870581,56.4927824468402,65.40728550751,1325.02395356029
"BIGKAT _ C06 _ Left _ 4",65.3140622802217,69.0122324478303,1288.28012280582,57.8974977864173,67.0224709368939,1324.88959433079
"BIGKAT _ C06 _ Left _ 4",66.1078366063233,69.0008624840191,1289.94576916022,58.8848846038904,69.4254269702472,1325.08070362927
"BIGKAT _ C06 _ Left _ 4",66.8036597840317,69.6918696381623,1291.67389020641,59.3941598893344,72.4177021281966,1325.46218569184
"BIGKAT _ C06 _ Left _ 4",67.3454589925141,71.0940016815638,1293.43779354612,59.5212020083382,75.768230444832,1325.58747268046
"BIGKAT _ C06 _ Left _ 4",67.7122257306505,73.221765184956,1295.53751032074,59.4823621446359,79.2142411948452,1324.83125540012
"BIGKAT _ C06 _ Left _ 4",67.9140334259379,76.0475936672056,1298.46451349339,59.5520824561862,82.4724491217434,1322.57614699008
"BIGKAT _ C06 _ Left _ 4",67.9814321331116,79.4611830755688,1302.71605702332,59.9875283002489,85.2686444558332,1318.40456791235
"BIGKAT _ C06 _ Left _ 4",67.9517647664538,83.2562317724802,1308.61273364712,60.9593630684717,87.3817315780356,1312.23952976327
"BIGKAT _ C06 _ Left _ 4",67.8572388574503,87.1528996849662,1316.17199000987,62.5084144478512,88.6868414534394,1304.38983378399
"BIGKAT _ C06 _ Left _ 4",67.7188413233019,90.8485499918055,1325.07213437787,64.5401771941123,89.1794862683265,1295.4874303524
"BIGKAT _ C06 _ Left _ 4",67.5472255358974,94.0778072962043,1334.71087854886,66.8557566157074,88.9706575773156,1286.34313122994
"BIGKAT _ C06 _ Left _ 4",67.3482244668068,96.6610910530315,1344.33298725859,69.2060459568,88.2552822412623,1277.77140435996
"BIGKAT _ C06 _ Left _ 4",67.1289106638322,98.5279260112131,1353.18536113609,71.3509243347459,87.2656904099646,1270.43580110352
"BIGKAT _ C06 _ Left _ 4",66.9009323812348,99.7123146143738,1360.65774841697,73.1074214039531,86.2242237309467,1264.74934956625
"BIGKAT _ C06 _ Left _ 4",66.6801055823881,100.326725317323,1366.37836742821,74.3771908248949,85.3062332128816,1260.84170032992
"BIGKAT _ C06 _ Left _ 4",66.4832623502552,100.525790759235,1370.24959105739,75.1509294130975,84.619599847802,1258.58650647861
