"fileName","thumb_y","thumb_x","thumb_z","finger_y","finger_x","finger_z"
"BIGKAT _ C05 _ Right _ 2",-25.7159877638145,-44.2792718615388,1029.35831797401,-20.3211442271669,29.4171303632921,1025.61174089332
"BIGKAT _ C05 _ Right _ 2",-25.7178383359943,-44.2767131220875,1029.36653939803,-20.3249528923004,29.4174152027186,1025.6129115358
"BIGKAT _ C05 _ Right _ 2",-25.7203116300439,-44.2746696767236,1029.37644566481,-20.3241991871564,29.4171480859294,1025.6089678084
"BIGKAT _ C05 _ Right _ 2",-25.7229221467484,-44.2740360344867,1029.38538199507,-20.3168166195478,29.4162244848666,1025.59864890368
"BIGKAT _ C05 _ Right _ 2",-25.7249447964519,-44.275626920818,1029.38957154324,-20.3018408318414,29.4147840066911,1025.58211225325
"BIGKAT _ C05 _ Right _ 2",-25.7255656213009,-44.2798388901481,1029.38469206613,-20.2801870623268,29.4133384572252,1025.5615068165
"BIGKAT _ C05 _ Right _ 2",-25.7241446158873,-44.2862708794511,1029.36682412601,-20.255153106227,29.4128709643103,1025.54115064702
"BIGKAT _ C05 _ Right _ 2",-25.7205585410962,-44.2934015247356,1029.33360403018,-20.2323589998018,29.4148715303484,1025.52708072627
"BIGKAT _ C05 _ Right _ 2",-25.7155466417727,-44.2984479144245,1029.28527413348,-20.2189038896644,29.4212767524373,1025.52586197149
"BIGKAT _ C05 _ Right _ 2",-25.7109364834178,-44.2975321531806,1029.22523959481,-20.2217148959124,29.4342868861579,1025.54277322955
"BIGKAT _ C05 _ Right _ 2",-25.7095947053144,-44.2862474420795,1029.15978935445,-20.2453821223442,29.4560347257224,1025.57981175719
"BIGKAT _ C05 _ Right _ 2",-25.7149588983274,-44.2606282202792,1029.09688016453,-20.2901305592834,29.4880802140318,1025.63426966668
"BIGKAT _ C05 _ Right _ 2",-25.7301100244686,-44.2183720581314,1029.04428234757,-20.3507487713807,29.5307400132791,1025.69868967064
"BIGKAT _ C05 _ Right _ 2",-25.7565541960059,-44.1599683394423,1029.00774091423,-20.4170532673246,29.5823828620272,1025.76255407096
"BIGKAT _ C05 _ Right _ 2",-25.7931146636067,-44.0892904052493,1028.98983629079,-20.4758953164072,29.638985748609,1025.81522593004
"BIGKAT _ C05 _ Right _ 2",-25.8354429217115,-44.0133334805501,1028.98987247072,-20.5141774990778,29.6942816535412,1025.84900322367
"BIGKAT _ C05 _ Right _ 2",-25.8765427513276,-43.9410899690143,1029.00464606485,-20.5220598715032,29.7406270399446,1025.8610827473
"BIGKAT _ C05 _ Right _ 2",-25.9083581756273,-43.8818531827153,1029.02964104287,-20.4954452558809,29.7704059205279,1025.85365843984
"BIGKAT _ C05 _ Right _ 2",-25.9239958453718,-43.843385234313,1029.06007984877,-20.4369520480525,29.7775977215142,1025.83203781496
"BIGKAT _ C05 _ Right _ 2",-25.9197539701085,-43.8303786408598,1029.09133367754,-20.3550376730556,29.7591365641486,1025.80142276456
"BIGKAT _ C05 _ Right _ 2",-25.8961080709563,-43.8435538107518,1029.11859446976,-20.2616153940247,29.7157769440913,1025.76366096832
"BIGKAT _ C05 _ Right _ 2",-25.8572790589904,-43.8796001989977,1029.13637862817,-20.1690430080318,29.6522676396341,1025.71548888572
"BIGKAT _ C05 _ Right _ 2",-25.8097215117315,-43.9319728298048,1029.13881385073,-20.0874989648201,29.5767352639198,1025.64934472433
"BIGKAT _ C05 _ Right _ 2",-25.760330329344,-43.9923073142626,1029.12119775658,-20.0235072981112,29.499338468235,1025.55678383219
"BIGKAT _ C05 _ Right _ 2",-25.7150916865664,-44.0520225650888,1029.08222545793,-19.9798622456272,29.4304655802151,1025.43323879591
"BIGKAT _ C05 _ Right _ 2",-25.6784768677408,-44.1036771100602,1029.02550674788,-19.9566574598211,29.3789174582801,1025.28202459055
"BIGKAT _ C05 _ Right _ 2",-25.6534778580876,-44.1418291881016,1028.95924252921,-19.9528040481961,29.3505200525701,1025.11570105727
"BIGKAT _ C05 _ Right _ 2",-25.6419970955717,-44.1633685744093,1028.89397130443,-19.967389266343,29.3474141639426,1024.95404302564
"BIGKAT _ C05 _ Right _ 2",-25.6452751674234,-44.1674209265786,1028.83931708448,-20.0003293350478,29.3679918542574,1024.81920621148
"BIGKAT _ C05 _ Right _ 2",-25.664088221665,-44.1549895171391,1028.80109402128,-20.0519745644498,29.4072839625141,1024.72966343097
"BIGKAT _ C05 _ Right _ 2",-25.6985652330515,-44.1285266772861,1028.77989692359,-20.1217726912833,29.4576483707054,1024.69496504899
"BIGKAT _ C05 _ Right _ 2",-25.7476698915112,-44.0915816036671,1028.77164672925,-20.2066702266107,29.5097594814616,1024.71319876559
"BIGKAT _ C05 _ Right _ 2",-25.8086095986286,-44.0485417860177,1028.76975578326,-20.3001706498011,29.5539609287112,1024.77203255418
"BIGKAT _ C05 _ Right _ 2",-25.8765656792266,-44.0043559931989,1028.76798757431,-20.392639422484,29.5819447223176,1024.8527419239
"BIGKAT _ C05 _ Right _ 2",-25.9450754658434,-43.9640976318046,1028.76296194242,-20.4728653052955,29.5885496913127,1024.9354645374
"BIGKAT _ C05 _ Right _ 2",-26.007110135864,-43.9323199428993,1028.75548942655,-20.5304638367827,29.5733253810056,1025.00372644414
"BIGKAT _ C05 _ Right _ 2",-26.0565178444744,-43.9122956858622,1028.75025064999,-20.5585015455365,29.5414085923151,1025.04702447105
"BIGKAT _ C05 _ Right _ 2",-26.0892981319354,-43.9053191669589,1028.75379791269,-20.5556107057668,29.5032471251068,1025.06138492251
"BIGKAT _ C05 _ Right _ 2",-26.1042900927788,-43.9102364437646,1028.77155418431,-20.5268618994374,29.4728684477465,1025.04863074939
"BIGKAT _ C05 _ Right _ 2",-26.103175916472,-43.9233049609513,1028.80509027025,-20.4828847646455,29.4647514349614,1025.01514706749
"BIGKAT _ C05 _ Right _ 2",-26.0899835775142,-43.938431035017,1028.85093470668,-20.4372353998509,29.4897945104867,1024.97047676557
"BIGKAT _ C05 _ Right _ 2",-26.0703776944954,-43.9478169971337,1028.90144884225,-20.4026922357401,29.5512250299656,1024.92574398733
"BIGKAT _ C05 _ Right _ 2",-26.0509466609814,-43.9430534357253,1028.94735997342,-20.3877373110013,29.6415038150176,1024.89200667724
"BIGKAT _ C05 _ Right _ 2",-26.0384936945174,-43.9166841673515,1028.98088410043,-20.394593664842,29.7413700327812,1024.87886222535
"BIGKAT _ C05 _ Right _ 2",-26.0391547131275,-43.8642119467594,1028.99819414635,-20.4196520250334,29.8221226597734,1024.89349191319
"BIGKAT _ C05 _ Right _ 2",-26.0571477235381,-43.7863509890085,1029.00029845794,-20.4561316331723,29.8518877762185,1024.93984313484
"BIGKAT _ C05 _ Right _ 2",-26.0931550235587,-43.6910452282929,1028.9920366867,-20.497883498214,29.8057350282769,1025.0173464506
"BIGKAT _ C05 _ Right _ 2",-26.1426660582784,-43.594434149122,1028.97957649461,-20.5427793498543,29.6779684200356,1025.11889584963
"BIGKAT _ C05 _ Right _ 2",-26.1949317127733,-43.5197510079614,1028.96724789336,-20.5942415394551,29.4930417340923,1025.22868117308
"BIGKAT _ C05 _ Right _ 2",-26.2333879066688,-43.4932836075396,1028.95474280303,-20.6600445410141,29.3101923925281,1025.32128495
"BIGKAT _ C05 _ Right _ 2",-26.2383912410029,-43.5370858670693,1028.93566590686,-20.7483987460946,29.2170669803728,1025.36367225681
"BIGKAT _ C05 _ Right _ 2",-26.1927372849637,-43.6590104897329,1028.89807254662,-20.8623816583056,29.3098525163918,1025.32121678795
"BIGKAT _ C05 _ Right _ 2",-26.0896233055848,-43.8416848137576,1028.8269728815,-20.9948159654927,29.6614115508218,1025.1680758213
"BIGKAT _ C05 _ Right _ 2",-25.9416257880785,-44.0331043577287,1028.70813870103,-21.1262761199612,30.2836216561702,1024.90120234224
"BIGKAT _ C05 _ Right _ 2",-25.7882798304777,-44.1423148865846,1028.53232060395,-21.2284903015896,31.0940884285161,1024.55569560022
"BIGKAT _ C05 _ Right _ 2",-25.6993636430893,-44.0437623707588,1028.29915928964,-21.2738120478278,31.8990463465081,1024.21693513663
"BIGKAT _ C05 _ Right _ 2",-25.7712361902521,-43.592786331602,1028.02019059306,-21.2490813539919,32.4024749951551,1024.02301745129
"BIGKAT _ C05 _ Right _ 2",-26.1146841163114,-42.6521120762698,1027.72002378568,-21.1698171547874,32.2462466118986,1024.15109874936
"BIGKAT _ C05 _ Right _ 2",-26.8347991579445,-41.1253508516414,1027.43428435074,-21.0890592862245,31.0783718277583,1024.78447580248
"BIGKAT _ C05 _ Right _ 2",-28.0062633960608,-38.9894945818216,1027.2030945646,-21.0951432023387,28.637289035192,1026.06352185758
"BIGKAT _ C05 _ Right _ 2",-29.6502865936602,-36.3158501818997,1027.06037098116,-21.295081302245,24.8315792542555,1028.03163806952
"BIGKAT _ C05 _ Right _ 2",-31.7209075311942,-33.2696009700536,1027.0217038002,-21.7853089877752,19.7901020626259,1030.59447480948
"BIGKAT _ C05 _ Right _ 2",-34.1069868771119,-30.083347877203,1027.07555713208,-22.6180897298729,13.8617223475061,1033.51242477984
"BIGKAT _ C05 _ Right _ 2",-36.6514995757193,-27.0088910539701,1027.18219604914,-23.7766972751692,7.55848092484067,1036.43834909239
"BIGKAT _ C05 _ Right _ 2",-39.1830891656411,-24.2609045950262,1027.28158222361,-25.1718529945941,1.45741164898178,1038.99478799964
"BIGKAT _ C05 _ Right _ 2",-41.5494168462703,-21.9711939450727,1027.30715479443,-26.6644480949635,-3.905787177784,1040.86575239671
"BIGKAT _ C05 _ Right _ 2",-43.6407113079407,-20.1694477581418,1027.19970047385,-28.1084429955234,-8.11447980255586,1041.86984024745
"BIGKAT _ C05 _ Right _ 2",-45.3960228576229,-18.7964558027013,1026.91615534389,-29.3989611594981,-10.8981259034992,1041.98981476829
"BIGKAT _ C05 _ Right _ 2",-46.7922051586984,-17.7432832740496,1026.43178485956,-30.5084716096058,-12.1114803665173,1041.35311523568
"BIGKAT _ C05 _ Right _ 2",-47.8231649745711,-16.9005082681488,1025.73858473792,-31.4987740022561,-11.6900056716517,1040.17628516359
"BIGKAT _ C05 _ Right _ 2",-48.4810451928239,-16.1989147094783,1024.84512042948,-32.5050526586797,-9.61279664511069,1038.69584635531
"BIGKAT _ C05 _ Right _ 2",-48.7498824583388,-15.6273660058462,1023.78159266489,-33.6967986395354,-5.89645660214758,1037.10777346744
"BIGKAT _ C05 _ Right _ 2",-48.6164148283896,-15.222775814166,1022.6092407059,-35.2265768933235,-0.62591311452985,1035.5309968155
"BIGKAT _ C05 _ Right _ 2",-48.0946324565103,-15.0375649609337,1021.42804984505,-37.1806937702303,5.99110813946702,1034.00152974074
"BIGKAT _ C05 _ Right _ 2",-47.2536789871686,-15.0979766606358,1020.37456822791,-39.5457557977888,13.5729801497254,1032.49559931142
"BIGKAT _ C05 _ Right _ 2",-46.2356959913764,-15.3694434003014,1019.60444533604,-42.2017166238178,21.5462944192476,1030.97332829385
"BIGKAT _ C05 _ Right _ 2",-45.2525810264308,-15.7423130501265,1019.26102286329,-44.9451931399776,29.1814717444098,1029.42907508058
"BIGKAT _ C05 _ Right _ 2",-44.557581827347,-16.0441883092757,1019.43828109173,-47.537826519769,35.6840261860984,1027.93138044955
"BIGKAT _ C05 _ Right _ 2",-44.3964170632847,-16.0764857759694,1020.15000693144,-49.7662101418953,40.3246073171187,1026.63652193564
"BIGKAT _ C05 _ Right _ 2",-44.9501473477123,-15.6650887366425,1021.31599144948,-51.495451035152,42.5776992065897,1025.76607996688
"BIGKAT _ C05 _ Right _ 2",-46.2862742234034,-14.7100552643565,1022.77157343898,-52.6992195838602,42.23403295396,1025.54965828263
"BIGKAT _ C05 _ Right _ 2",-48.334262504116,-13.2185191279177,1024.30052680942,-53.4553124368373,39.4550903833525,1026.14665206153
"BIGKAT _ C05 _ Right _ 2",-50.8959391068005,-11.3089157327118,1025.68407883963,-53.9069111435827,34.7494559084288,1027.5727757826
"BIGKAT _ C05 _ Right _ 2",-53.6903666989201,-9.18327247895414,1026.75215571931,-54.2035086468451,28.8705656158994,1029.66262414213
"BIGKAT _ C05 _ Right _ 2",-56.4200383085029,-7.07541679171476,1027.41990534427,-54.4456880904523,22.6606091628433,1032.09142308892
"BIGKAT _ C05 _ Right _ 2",-58.8364218935064,-5.19226887559843,1027.69645157295,-54.6572212174577,16.8863854844698,1034.45545940082
"BIGKAT _ C05 _ Right _ 2",-60.7831513770604,-3.66818440829243,1027.66354275577,-54.794998040877,12.1173158719021,1036.38280873288
"BIGKAT _ C05 _ Right _ 2",-62.2049092239481,-2.54673581633331,1027.43411408892,-54.789901173462,8.67832886208258,1037.63210203771
"BIGKAT _ C05 _ Right _ 2",-63.1241623233077,-1.7931251687802,1027.10798774659,-54.6001318034325,6.67928910967065,1038.14523828697
"BIGKAT _ C05 _ Right _ 2",-63.5994587101946,-1.3291235944845,1026.74091643662,-54.256605551466,6.09429410847272,1038.04162623027
"BIGKAT _ C05 _ Right _ 2",-63.6836681696982,-1.07558764311743,1026.33614768,-53.8848907451664,6.85081901860411,1037.56250022937
"BIGKAT _ C05 _ Right _ 2",-63.3980445822881,-0.986759230560689,1025.85892912039,-53.6955420297565,8.89263932525887,1036.98632218183
"BIGKAT _ C05 _ Right _ 2",-62.7304817132951,-1.06485581182667,1025.26692122799,-53.942676511274,12.196307313254,1036.54014253507
"BIGKAT _ C05 _ Right _ 2",-61.6568122244948,-1.35100271022684,1024.54472878955,-54.8588380816396,16.7406563465421,1036.32988708789
"BIGKAT _ C05 _ Right _ 2",-60.175587610246,-1.89695992362559,1023.72958464506,-56.581687667246,22.4452985040617,1036.30728181046
"BIGKAT _ C05 _ Right _ 2",-58.3422590239728,-2.72864501532018,1022.91827511211,-59.0926594089376,29.1031764383662,1036.28342900591
"BIGKAT _ C05 _ Right _ 2",-56.2893740709284,-3.81496342070302,1022.25206429517,-62.1870438672472,36.3329969247512,1035.98874940742
"BIGKAT _ C05 _ Right _ 2",-54.2243274834493,-5.05338842652254,1021.88401934317,-65.4883534831895,43.5713699512273,1035.16671533323
"BIGKAT _ C05 _ Right _ 2",-52.4029774610029,-6.27830534231328,1021.93861642718,-68.5090579726133,50.1144672699859,1033.67722505347
"BIGKAT _ C05 _ Right _ 2",-51.0841098823395,-7.29129371149909,1022.47547207769,-70.7476616795574,55.2075353066552,1031.57846447407
"BIGKAT _ C05 _ Right _ 2",-50.4752584707829,-7.90600712009216,1023.46791364349,-71.8010533054368,58.1690708413132,1029.15688096761
"BIGKAT _ C05 _ Right _ 2",-50.6838272211755,-7.99550628222588,1024.80337009194,-71.4633537686879,58.5257972096301,1026.88538932297
"BIGKAT _ C05 _ Right _ 2",-51.6876287979509,-7.52801112506329,1026.30658009628,-69.7812726124691,56.1267126965896,1025.31039808505
"BIGKAT _ C05 _ Right _ 2",-53.3349865670352,-6.57905895902214,1027.77964059505,-67.0448035181391,51.2030666341517,1024.89523388476
"BIGKAT _ C05 _ Right _ 2",-55.3766487112925,-5.31433999204089,1029.04723984626,-63.7116598039575,44.3500314224165,1025.87134171702
"BIGKAT _ C05 _ Right _ 2",-57.5217906142363,-3.94689433704299,1029.99333066065,-60.2883739454508,36.4260520475181,1028.15498282346
"BIGKAT _ C05 _ Right _ 2",-59.5018284603134,-2.68176566174213,1030.57817934901,-57.2087986682819,28.3924667633369,1031.36639365701
"BIGKAT _ C05 _ Right _ 2",-61.1225170419948,-1.66640902957281,1030.83154546043,-54.7512626165084,21.1381402953018,1034.94643705725
"BIGKAT _ C05 _ Right _ 2",-62.2890297711525,-0.963194317007483,1030.82631240458,-53.0177086665113,15.3396157659971,1038.32449662418
"BIGKAT _ C05 _ Right _ 2",-62.9990998599162,-0.551669902723759,1030.64373349538,-51.9717591691758,11.3920545274702,1041.07362670606
"BIGKAT _ C05 _ Right _ 2",-63.3111646908044,-0.356765658105361,1030.34353105024,-51.5114664882408,9.41754651992842,1043.00143083097
"BIGKAT _ C05 _ Right _ 2",-63.3024492304932,-0.289974642992284,1029.94876481797,-51.5444841220231,9.33021153681014,1044.15585171202
"BIGKAT _ C05 _ Right _ 2",-63.0331893945785,-0.287322012649806,1029.44894420817,-52.0381604509039,10.9236724421447,1044.75639202082
"BIGKAT _ C05 _ Right _ 2",-62.5283419232598,-0.331132412753307,1028.81837962764,-53.0297813202805,13.9483157104583,1045.08225882526
"BIGKAT _ C05 _ Right _ 2",-61.7800583218463,-0.45011474508466,1028.04210056362,-54.5975384631308,18.1580900229771,1045.35679161544
"BIGKAT _ C05 _ Right _ 2",-60.7664710838016,-0.700658710379916,1027.13959894653,-56.8060398636947,23.3220570492301,1045.66358458756
"BIGKAT _ C05 _ Right _ 2",-59.4777327524438,-1.13824099835528,1026.17769277533,-59.647468271023,29.2086024574184,1045.91676981776
"BIGKAT _ C05 _ Right _ 2",-57.9397087652612,-1.7896949209827,1025.26772295582,-62.999064674715,35.5569829721416,1045.89027337372
"BIGKAT _ C05 _ Right _ 2",-56.2282497229685,-2.63505272499966,1024.54754689354,-66.6107166758373,42.0513788742306,1045.2938885585
"BIGKAT _ C05 _ Right _ 2",-54.4706247284562,-3.60346402611604,1024.153260622,-70.1266170111557,48.3087450659067,1043.87251437425
"BIGKAT _ C05 _ Right _ 2",-52.8339339305005,-4.58331074241921,1024.18796024556,-73.1359701078619,53.8863948805561,1041.50108954263
"BIGKAT _ C05 _ Right _ 2",-51.5025703025954,-5.44332272260193,1024.69507201975,-75.2417527258321,58.3106830638415,1038.25083178264
"BIGKAT _ C05 _ Right _ 2",-50.6482505288112,-6.05961165363639,1025.64240904588,-76.1338481035499,61.1250199306051,1034.40998795212
"BIGKAT _ C05 _ Right _ 2",-50.3972835466346,-6.34289575610435,1026.92083885892,-75.6524173474149,61.9527866927474,1030.45194700529
"BIGKAT _ C05 _ Right _ 2",-50.801057917428,-6.26031826917114,1028.35886356644,-73.8279223947553,60.5669720086599,1026.95358615376
"BIGKAT _ C05 _ Right _ 2",-51.8170279414886,-5.84676226633662,1029.75168723137,-70.8858990189049,56.9530401309985,1024.47687798837
"BIGKAT _ C05 _ Right _ 2",-53.3074914578277,-5.20157991928184,1030.90023098688,-67.2094155014869,51.3467292698936,1023.43766900856
"BIGKAT _ C05 _ Right _ 2",-55.0604810570991,-4.46895418093931,1031.6521836737,-63.2622438109339,44.2284894281599,1023.99570704052
"BIGKAT _ C05 _ Right _ 2",-56.8306490594935,-3.80431444789176,1031.93469115309,-59.4899878444305,36.2651043692434,1026.00343436639
"BIGKAT _ C05 _ Right _ 2",-58.3901150849437,-3.33467417340152,1031.7685519341,-56.2284938532576,28.2065214212503,1029.03938789177
"BIGKAT _ C05 _ Right _ 2",-59.5738722440954,-3.12504263086087,1031.25814233782,-53.6501218748246,20.7651511028521,1032.52295490959
"BIGKAT _ C05 _ Right _ 2",-60.3050713631052,-3.16313507359344,1030.55901747762,-51.7649854340667,14.5146024618151,1035.87251850168
"BIGKAT _ C05 _ Right _ 2",-60.5927271230613,-3.36910508434578,1029.83307207697,-50.4721228265684,9.83719704634711,1038.6498652087
"BIGKAT _ C05 _ Right _ 2",-60.5048161996115,-3.62785361451378,1029.20552090013,-49.6368872069666,6.92776673755871,1040.64281572124
"BIGKAT _ C05 _ Right _ 2",-60.1284541633327,-3.83285807031349,1028.73689177581,-49.1642321235704,5.83770530069202,1041.86781370382
"BIGKAT _ C05 _ Right _ 2",-59.5322999611492,-3.92625076552045,1028.4176239535,-49.0431267347737,6.53031981547293,1042.50540967547
"BIGKAT _ C05 _ Right _ 2",-58.7439911727508,-3.92145161422046,1028.18530078002,-49.3498488324347,8.9205251484655,1042.80021846489
"BIGKAT _ C05 _ Right _ 2",-57.7490738545648,-3.90090204725537,1027.95758692097,-50.2119709639904,12.8850380517889,1042.96064675698
"BIGKAT _ C05 _ Right _ 2",-56.5100979783698,-3.98987065978164,1027.66942997597,-51.7467358919664,18.2457255051937,1043.08686470516
"BIGKAT _ C05 _ Right _ 2",-54.9977837142488,-4.31506428863432,1027.30232100107,-53.9945840143926,24.7409466462526,1043.14346742431
"BIGKAT _ C05 _ Right _ 2",-53.2227166103905,-4.96129784881576,1026.89682033195,-56.8691069843031,32.0029458639201,1042.97998157593
"BIGKAT _ C05 _ Right _ 2",-51.2570102957277,-5.93928582693131,1026.54569990726,-60.138777262316,39.5539896196353,1042.39039435267
"BIGKAT _ C05 _ Right _ 2",-49.2395658771177,-7.17327394743004,1026.37096203139,-63.4461275897281,46.8249801437103,1041.1942306785
"BIGKAT _ C05 _ Right _ 2",-47.363319029625,-8.51105375543196,1026.49147902148,-66.3605534389055,53.1938219293411,1039.31773166369
"BIGKAT _ C05 _ Right _ 2",-45.8465129070576,-9.75335142891611,1026.98916433189,-68.4541687276279,58.0395960239924,1036.85417347908
"BIGKAT _ C05 _ Right _ 2",-44.8927967266933,-10.6957837540171,1027.88170058603,-69.3861477585132,60.8101991995506,1034.0858301721
"BIGKAT _ C05 _ Right _ 2",-44.6477038486107,-11.1743383475163,1029.10931020321,-68.9783265267424,61.1004873192035,1031.45568972713
"BIGKAT _ C05 _ Right _ 2",-45.161710919448,-11.1041888197211,1030.54094059142,-67.263200936175,58.73206030956,1029.48597532395
"BIGKAT _ C05 _ Right _ 2",-46.3711201285817,-10.5017844776474,1032.00060810304,-64.487202732572,53.8165602566467,1028.65479583462
"BIGKAT _ C05 _ Right _ 2",-48.1053404056942,-9.48258841341751,1033.30796503901,-61.0609691438984,46.7781033916343,1029.26075569945
"BIGKAT _ C05 _ Right _ 2",-50.1217762382456,-8.23259346771864,1034.32076066659,-57.4651550059174,38.3145125466795,1031.32039372722
"BIGKAT _ C05 _ Right _ 2",-52.159383077994,-6.96023919774599,1034.96430350228,-54.1394511517848,29.2945512177948,1034.54241750697
"BIGKAT _ C05 _ Right _ 2",-53.9938058498689,-5.84347119834032,1035.23701633932,-51.3927693547459,20.6141510760408,1038.39806777007
"BIGKAT _ C05 _ Right _ 2",-55.4757025196233,-4.98995358477499,1035.19103921292,-49.3653167276016,13.0550016470979,1042.2663882462
"BIGKAT _ C05 _ Right _ 2",-56.5407138092734,-4.42403990636072,1034.89784405618,-48.0506899502212,7.18961112884569,1045.59953209255
"BIGKAT _ C05 _ Right _ 2",-57.1913397338612,-4.10338776845857,1034.41489523387,-47.3610175305265,3.35527620806919,1048.04750595192
"BIGKAT _ C05 _ Right _ 2",-57.4620168237473,-3.95619477978059,1033.76746221387,-47.2037670544773,1.68793166965311,1049.50508261903
"BIGKAT _ C05 _ Right _ 2",-57.384200589068,-3.92253267778453,1032.95173074407,-47.5392184885991,2.18366003828,1050.07832935366
"BIGKAT _ C05 _ Right _ 2",-56.9665502987011,-3.98300565511423,1031.95606064281,-48.3984843341882,4.75096494422341,1049.99534528541
"BIGKAT _ C05 _ Right _ 2",-56.1977287424885,-4.1642727079829,1030.79038857993,-49.8572193947803,9.22926602866335,1049.49793202988
"BIGKAT _ C05 _ Right _ 2",-55.0692138671525,-4.52076112351905,1029.51104049971,-51.9754702969289,15.3700898761488,1048.75032736505
"BIGKAT _ C05 _ Right _ 2",-53.606993342393,-5.10118880460371,1028.22993342677,-54.7261656996308,22.7974192063172,1047.79228289493
"BIGKAT _ C05 _ Right _ 2",-51.8974689123916,-5.91388473885157,1027.10271616259,-57.9401572050731,30.9748056061147,1046.54939373528
"BIGKAT _ C05 _ Right _ 2",-50.0954925425043,-6.90468485510979,1026.29801962047,-61.2919469908969,39.2055145715705,1044.89567717977
"BIGKAT _ C05 _ Right _ 2",-48.409547927629,-7.95603448533823,1025.95685984451,-64.3377760909447,46.68014141055,1042.74586584576
"BIGKAT _ C05 _ Right _ 2",-47.0672748707385,-8.90829686339104,1026.15473978551,-66.6008245505857,52.5700474813585,1040.14368010651
"BIGKAT _ C05 _ Right _ 2",-46.2706762673352,-9.59703116387611,1026.87802160068,-67.6825853184245,56.1509341124103,1037.3119182394
"BIGKAT _ C05 _ Right _ 2",-46.153033922137,-9.89520833702959,1028.02152571076,-67.3693027698321,56.9317951233074,1034.64061598104
"BIGKAT _ C05 _ Right _ 2",-46.7490081984061,-9.74780511174393,1029.40812066255,-65.7001560440889,54.7601936058345,1032.60781998473
"BIGKAT _ C05 _ Right _ 2",-47.9862950962248,-9.18799629469283,1030.82524060661,-62.9714173493018,49.875185930514,1031.65021726772
"BIGKAT _ C05 _ Right _ 2",-49.7018956583418,-8.32901614898429,1032.06879886982,-59.6687570661892,42.8862221200052,1032.02295906394
"BIGKAT _ C05 _ Right _ 2",-51.6790284502862,-7.333027381945,1032.98254399911,-56.3446120689782,34.6724029085195,1033.70036925915
"BIGKAT _ C05 _ Right _ 2",-53.6938195600434,-6.36625461077878,1033.48180597358,-53.4794658607835,26.2203114739149,1036.36117510165
"BIGKAT _ C05 _ Right _ 2",-55.5572110388624,-5.55517900336774,1033.55573019291,-51.3732877102609,18.4422666988077,1039.47081777449
"BIGKAT _ C05 _ Right _ 2",-57.1394827752708,-4.95877858345376,1033.25008364748,-50.1009882076883,12.0276469709126,1042.43236463083
"BIGKAT _ C05 _ Right _ 2",-58.3720799390569,-4.56584678391492,1032.63973688063,-49.5400386712031,7.36905654565705,1044.74948263344
"BIGKAT _ C05 _ Right _ 2",-59.2307039769862,-4.31674270325651,1031.80235508019,-49.4529352025417,4.57602676576534,1046.14491104241
"BIGKAT _ C05 _ Right _ 2",-59.7103739807197,-4.13987832169456,1030.80193484861,-49.5923566297175,3.55653059621697,1046.60148756921
"BIGKAT _ C05 _ Right _ 2",-59.8045323915918,-3.9885928733045,1029.68502236727,-49.7946558237363,4.12614197563017,1046.32328289192
"BIGKAT _ C05 _ Right _ 2",-59.4964564641249,-3.86513944399452,1028.487156972,-50.034426717721,6.102316769729,1045.63812578331
"BIGKAT _ C05 _ Right _ 2",-58.7648336839241,-3.8241251980823,1027.24432159144,-50.4256714079872,9.35384966018063,1044.87553688033
"BIGKAT _ C05 _ Right _ 2",-57.5994775171632,-3.95530728073659,1026.00396516817,-51.170830296435,13.795813451827,1044.25685566632
"BIGKAT _ C05 _ Right _ 2",-56.0199465746192,-4.35238908325293,1024.83150478861,-52.4743506200158,19.3404945744296,1043.82852744536
"BIGKAT _ C05 _ Right _ 2",-54.0899242519734,-5.07829319537224,1023.81018760362,-54.4481379352276,25.8284362618535,1043.45638303126
"BIGKAT _ C05 _ Right _ 2",-51.9227716041931,-6.13744954561644,1023.03416589304,-57.0384622732293,32.9671667543919,1042.8811870474
"BIGKAT _ C05 _ Right _ 2",-49.6768675628658,-7.46258500055564,1022.596158235,-59.9972687027729,40.2996792496568,1041.81864401873
"BIGKAT _ C05 _ Right _ 2",-47.5415602643868,-8.91905887528044,1022.57197633696,-62.9085142802382,47.2150064214018,1040.07523643366
"BIGKAT _ C05 _ Right _ 2",-45.7154209587957,-10.3256308939285,1023.00472014152,-65.266183353691,53.003779553853,1037.64694936826
"BIGKAT _ C05 _ Right _ 2",-44.3789690659394,-11.487410124798,1023.89184031017,-66.5875109197223,56.953545460536,1034.77065207474
"BIGKAT _ C05 _ Right _ 2",-43.6652583374403,-12.2344879241976,1025.17840491757,-66.5340144224385,58.4702845137166,1031.90684969417
"BIGKAT _ C05 _ Right _ 2",-43.633787016768,-12.4581599351907,1026.75936684178,-65.0065958940478,57.203358998213,1029.6480600339
"BIGKAT _ C05 _ Right _ 2",-44.2548808728941,-12.135986946796,1028.49211551333,-62.1832685843179,53.1435357522937,1028.5689232013
"BIGKAT _ C05 _ Right _ 2",-45.4111671538308,-11.3381429881283,1030.21813382712,-58.4822174846575,46.6627240820065,1029.05793678793
"BIGKAT _ C05 _ Right _ 2",-46.9188947769799,-10.211438216856,1031.78954685179,-54.4573584237123,38.4742093058942,1031.18664508932
"BIGKAT _ C05 _ Right _ 2",-48.5653328888529,-8.94387635236997,1033.09369501191,-50.6595661038199,29.5141487254448,1034.66823243199
"BIGKAT _ C05 _ Right _ 2",-50.1519214971104,-7.7195895550898,1034.06816049013,-47.5110999216852,20.7728518581796,1038.92807868286
"BIGKAT _ C05 _ Right _ 2",-51.5297525153891,-6.67816990926864,1034.70124295247,-45.2343185523793,13.1250994961652,1043.26367735834
"BIGKAT _ C05 _ Right _ 2",-52.616569320814,-5.89112635860329,1035.01829901947,-43.8514934876641,7.20934589569973,1047.03433479579
"BIGKAT _ C05 _ Right _ 2",-53.3918969971916,-5.36157809691003,1035.06007563742,-43.2441197477532,3.38338671071078,1049.81359750092
"BIGKAT _ C05 _ Right _ 2",-53.8754256687179,-5.04452092113907,1034.86219651586,-43.2413980953358,1.75129903313877,1051.4603630705
"BIGKAT _ C05 _ Right _ 2",-54.0993538395011,-4.87809296555263,1034.44400472198,-43.7036053480892,2.23171009137039,1052.10015443222
"BIGKAT _ C05 _ Right _ 2",-54.0861077379495,-4.81364323374333,1033.81076884061,-44.5738301981158,4.63147837722554,1052.03694518692
"BIGKAT _ C05 _ Right _ 2",-53.8391010241389,-4.83429812622723,1032.96758745649,-45.8854190428205,8.69941258444962,1051.63050707386
"BIGKAT _ C05 _ Right _ 2",-53.3479356112419,-4.95693345980667,1031.93828228107,-47.7275454692049,14.1517162676448,1051.17638284832
"BIGKAT _ C05 _ Right _ 2",-52.6034981432424,-5.21894262642508,1030.7803811116,-50.1836083105045,20.6745684192887,1050.81953907228
"BIGKAT _ C05 _ Right _ 2",-51.6154522076556,-5.65639382079066,1029.58921168302,-53.2636540152155,27.9148862922907,1050.52148933914
"BIGKAT _ C05 _ Right _ 2",-50.425435929727,-6.28211050756221,1028.48895782306,-56.8517218538596,35.4691817537164,1050.08630386292
"BIGKAT _ C05 _ Right _ 2",-49.112202848167,-7.07075305550326,1027.61331734781,-60.6836562937406,42.8772532269701,1049.23625555075
"BIGKAT _ C05 _ Right _ 2",-47.7877444590367,-7.954732051472,1027.0811451184,-64.3634993332324,49.6261814585714,1047.71620872281
"BIGKAT _ C05 _ Right _ 2",-46.5851709745233,-8.83158802037543,1026.97323096649,-67.4187467078303,55.1709424440003,1045.39913897503
"BIGKAT _ C05 _ Right _ 2",-45.6401599303178,-9.58113782806267,1027.3158380258,-69.38636826841,58.9777894769354,1042.36355976439
"BIGKAT _ C05 _ Right _ 2",-45.0687356874886,-10.0889933755013,1028.07498190933,-69.9125930420914,60.5919704032252,1038.91761909268
"BIGKAT _ C05 _ Right _ 2",-44.9453077591738,-10.2715784770054,1029.16281836485,-68.8420578017855,59.7217334992438,1035.5556565939
"BIGKAT _ C05 _ Right _ 2",-45.2860208827008,-10.0966102922254,1030.45458123432,-66.2695617051677,56.3190758701932,1032.85103092818
"BIGKAT _ C05 _ Right _ 2",-46.0426723424161,-9.59293167550157,1031.81202966486,-62.5337188440154,50.6299191844781,1031.31048198095
"BIGKAT _ C05 _ Right _ 2",-47.1106051094841,-8.84550967171426,1033.10777514879,-58.1475451068197,43.1882352516924,1031.23347081998
"BIGKAT _ C05 _ Right _ 2",-48.3497592362239,-7.97562836574122,1034.24446327532,-53.6832584518744,34.7434568566232,1032.62592571033
"BIGKAT _ C05 _ Right _ 2",-49.6128981400219,-7.11167958967162,1035.16394885254,-49.6480097852637,26.1355610341993,1035.2032729909
"BIGKAT _ C05 _ Right _ 2",-50.7718030966828,-6.36000064424972,1035.8445647428,-46.392185663841,18.1563271038799,1038.48303108521
"BIGKAT _ C05 _ Right _ 2",-51.7332650023266,-5.78542810852339,1036.28877214701,-44.0775337254999,11.4430391079813,1041.92886417071
"BIGKAT _ C05 _ Right _ 2",-52.4416603077867,-5.40713179323388,1036.50714459907,-42.7063427161159,6.43453430789269,1045.08910242791
"BIGKAT _ C05 _ Right _ 2",-52.8709018901318,-5.20899911469255,1036.50584308576,-42.1895384118823,3.38779636940825,1047.68314628323
"BIGKAT _ C05 _ Right _ 2",-53.0124571986144,-5.15851531015017,1036.28288206913,-42.4208024277745,2.42575487032562,1049.61769442811
"BIGKAT _ C05 _ Right _ 2",-52.8664976658204,-5.22576361853169,1035.83454720583,-43.326972400276,3.57829176263804,1050.94285688112
"BIGKAT _ C05 _ Right _ 2",-52.4405680005302,-5.39512468608427,1035.16896090091,-44.8778571139827,6.78998134916393,1051.77519707469
"BIGKAT _ C05 _ Right _ 2",-51.7559607394536,-5.66570297110835,1034.3205986416,-47.0556440575853,11.8909168543833,1052.21940045092
"BIGKAT _ C05 _ Right _ 2",-50.8580261113669,-6.04123793555766,1033.35875456621,-49.7999212733062,18.5490799623125,1052.31545648314
"BIGKAT _ C05 _ Right _ 2",-49.8244771123633,-6.51465345491667,1032.38496471014,-52.9541031858208,26.2344002274075,1052.02713445338
"BIGKAT _ C05 _ Right _ 2",-48.7661676554446,-7.05464117883762,1031.5184951956,-56.2393372945437,34.2222518407909,1051.27300165423
"BIGKAT _ C05 _ Right _ 2",-47.8174836939063,-7.60073610297643,1030.8735055846,-59.2725930615048,41.6507969512611,1049.98672273832
"BIGKAT _ C05 _ Right _ 2",-47.1171049780787,-8.06985169972441,1030.53454469967,-61.6301563203468,47.6291885419743,1048.1831094602
"BIGKAT _ C05 _ Right _ 2",-46.78313705915,-8.37293836547867,1030.53755790684,-62.9415431686337,51.3781932961174,1046.00365423461
"BIGKAT _ C05 _ Right _ 2",-46.8887635596657,-8.43686580692876,1030.86177424906,-62.9866624517878,52.3741033677734,1043.72077802372
"BIGKAT _ C05 _ Right _ 2",-47.4452862228026,-8.22465304284679,1031.43470883756,-61.764403141745,50.4616607621087,1041.69243118335
"BIGKAT _ C05 _ Right _ 2",-48.3983004481388,-7.74721439709967,1032.14905027574,-59.5063137793999,45.9033357018306,1040.27582615929
"BIGKAT _ C05 _ Right _ 2",-49.6394858679009,-7.06205149405078,1032.88696234965,-56.6254194488551,39.3431506665671,1039.72690700594
"BIGKAT _ C05 _ Right _ 2",-51.0314872896733,-6.25851437661372,1033.54476858225,-53.6136838164228,31.6848016160319,1040.12293799608
"BIGKAT _ C05 _ Right _ 2",-52.4383203684781,-5.43421577488886,1034.0501893765,-50.922432528329,23.912218264751,1041.34029772407
"BIGKAT _ C05 _ Right _ 2",-53.7512702679598,-4.67082296356925,1034.3666717449,-48.8667438635063,16.9042046727714,1043.09640231192
"BIGKAT _ C05 _ Right _ 2",-54.9021224946039,-4.01773983282828,1034.48470815241,-47.5829882985461,11.2988162636828,1045.03552319753
"BIGKAT _ C05 _ Right _ 2",-55.8610037620236,-3.48876058313794,1034.40567926083,-47.0455467475804,7.4421070385756,1046.82148792941
"BIGKAT _ C05 _ Right _ 2",-56.6222447847601,-3.07142075679373,1034.12652622746,-47.1271060091115,5.4205460132547,1048.20446971813
"BIGKAT _ C05 _ Right _ 2",-57.1856815326158,-2.74409424291225,1033.63243360776,-47.6755137306579,5.1462370089755,1049.04698756992
"BIGKAT _ C05 _ Right _ 2",-57.5414887478884,-2.49359146532428,1032.90083670328,-48.5800270130318,6.45245495442966,1049.31264469337
"BIGKAT _ C05 _ Right _ 2",-57.6643582742277,-2.32644958876867,1031.91528505719,-49.8075528535616,9.16444991693491,1049.03222991031
"BIGKAT _ C05 _ Right _ 2",-57.5187634316358,-2.26979893638477,1030.68365890351,-51.4010973815971,13.1287697951662,1048.26483701396
"BIGKAT _ C05 _ Right _ 2",-57.072738334402,-2.36174659783814,1029.25341650857,-53.4445916465103,18.2033871663248,1047.06901562187
"BIGKAT _ C05 _ Right _ 2",-56.3147428520823,-2.63523959302562,1027.71783485453,-56.0075077306646,24.2231792280453,1045.49311144773
"BIGKAT _ C05 _ Right _ 2",-55.2678273639791,-3.10167574106672,1026.21087664007,-59.0869474797662,30.9584028462661,1043.58630874659
"BIGKAT _ C05 _ Right _ 2",-53.9969702735066,-3.74016919486136,1024.8920164524,-62.5637160591476,38.0804969693452,1041.42358746605
"BIGKAT _ C05 _ Right _ 2",-52.6076168633337,-4.49591162490889,1023.92418141239,-66.1842316371992,45.1448959416389,1039.1313567693
"BIGKAT _ C05 _ Right _ 2",-51.2351155131311,-5.28800680516165,1023.44824741258,-69.5748536101506,51.5978987065912,1036.89948432967
"BIGKAT _ C05 _ Right _ 2",-50.0260722324489,-6.02469596638226,1023.55778693857,-72.2904212714309,56.8134945654737,1034.97107499793
"BIGKAT _ C05 _ Right _ 2",-49.1141742095592,-6.62236793542893,1024.27856465924,-73.892941358188,60.1632331601212,1033.6103288806
"BIGKAT _ C05 _ Right _ 2",-48.5949437724289,-7.0239443421453,1025.55789316235,-74.047795837302,61.1151144597633,1033.0559153197
"BIGKAT _ C05 _ Right _ 2",-48.5056409823115,-7.21193145966711,1027.26818906484,-72.6150248000942,59.3463153527243,1033.47032126616
"BIGKAT _ C05 _ Right _ 2",-48.8169312170388,-7.21181882954576,1029.22614459225,-69.7071232783274,54.842844090596,1034.89624763944
"BIGKAT _ C05 _ Right _ 2",-49.4407479296696,-7.08319883659214,1031.22435515055,-65.6880738552134,47.9527019352737,1037.23125484402
"BIGKAT _ C05 _ Right _ 2",-50.2538312180779,-6.89950120378062,1033.06787839307,-61.1038251197477,39.3641212597798,1040.23054649184
"BIGKAT _ C05 _ Right _ 2",-51.1303116877774,-6.72199830581533,1034.6062485359,-56.5589765219903,30.0004124304445,1043.54232525863
"BIGKAT _ C05 _ Right _ 2",-51.9723906810127,-6.57751814448266,1035.75304919529,-52.5778971316475,20.853760192731,1046.77012677237
"BIGKAT _ C05 _ Right _ 2",-52.7281915496635,-6.44934937658149,1036.48937853891,-49.4976356493172,12.80791943636,1049.54610325854
"BIGKAT _ C05 _ Right _ 2",-53.3905898713123,-6.28616305429554,1036.85221279168,-47.4275709684855,6.50674378479706,1051.59459220482
"BIGKAT _ C05 _ Right _ 2",-53.9782520988096,-6.02643720165096,1036.91220605609,-46.2827166331038,2.30502327965579,1052.76955571682
"BIGKAT _ C05 _ Right _ 2",-54.5070556517737,-5.6295495123728,1036.74770696953,-45.8692344244621,0.301515842774144,1053.06014137385
"BIGKAT _ C05 _ Right _ 2",-54.9637378206686,-5.10213693465967,1036.42277077152,-45.9850412128877,0.421943296589388,1052.56977766468
"BIGKAT _ C05 _ Right _ 2",-55.2926959965492,-4.50988830858423,1035.97593957421,-46.4986655669242,2.50657227812106,1051.48059107953
"BIGKAT _ C05 _ Right _ 2",-55.4018526296317,-3.96942904028754,1035.42287472278,-47.3814805393993,6.36457845110745,1050.01481345557
"BIGKAT _ C05 _ Right _ 2",-55.1864491047165,-3.62105631112156,1034.77050394499,-48.6861344838935,11.7784470148225,1048.40050317012
"BIGKAT _ C05 _ Right _ 2",-54.5632713829782,-3.5896114051266,1034.0357918813,-50.482369269785,18.465964522492,1046.84444937227
"BIGKAT _ C05 _ Right _ 2",-53.5043528492559,-3.94575047185316,1033.26085175668,-52.7758896891725,26.0257481030461,1045.51323850929
"BIGKAT _ C05 _ Right _ 2",-52.0594468863767,-4.68063718412321,1032.51813892118,-55.4421905647648,33.8990621562849,1044.52341072525
"BIGKAT _ C05 _ Right _ 2",-50.3599465230373,-5.70259120382432,1031.90345533007,-58.2027242233405,41.3750383583181,1043.94084978078
"BIGKAT _ C05 _ Right _ 2",-48.6021489986738,-6.85664655397486,1031.51871106749,-60.656813437424,47.6519406910149,1043.7872218973
"BIGKAT _ C05 _ Right _ 2",-47.0133126125444,-7.96086789056337,1031.44955838334,-62.3642126286474,51.9493479679435,1044.04932109462
"BIGKAT _ C05 _ Right _ 2",-45.8084737605263,-8.84884877886454,1031.74435404007,-62.9560479378225,53.6496970984048,1044.68737119153
"BIGKAT _ C05 _ Right _ 2",-45.1485050786419,-9.40654181982301,1032.4001566753,-62.2406816325867,52.4356191393231,1045.64018756615
"BIGKAT _ C05 _ Right _ 2",-45.1098411191646,-9.59332074989127,1033.35914557872,-60.2693123081163,48.3846835660585,1046.82721437136
"BIGKAT _ C05 _ Right _ 2",-45.6735077856858,-9.44169385906799,1034.51616444275,-57.3361300680388,41.9885222510302,1048.14931568721
"BIGKAT _ C05 _ Right _ 2",-46.7359188386685,-9.0366064896223,1035.73595344703,-53.9087628801077,34.0805306258808,1049.49164959516
"BIGKAT _ C05 _ Right _ 2",-48.1374973691159,-8.48210495921083,1036.87682216442,-50.5102185576655,25.6832306857221,1050.732043214
"BIGKAT _ C05 _ Right _ 2",-49.6996012566036,-7.86777239846007,1037.81557917559,-47.5924897032968,17.8146518453187,1051.75602037048
"BIGKAT _ C05 _ Right _ 2",-51.2579023940843,-7.24736087140108,1038.46725511046,-45.4444353487549,11.3096346308313,1052.47567862877
"BIGKAT _ C05 _ Right _ 2",-52.6827177149128,-6.63673316239868,1038.79416837678,-44.1607515128674,6.70618613682145,1052.84637666544
"BIGKAT _ C05 _ Right _ 2",-53.8829579573186,-6.02974419623109,1038.80263897283,-43.6733974624067,4.22021148703342,1052.87494062159
"BIGKAT _ C05 _ Right _ 2",-54.7973462812994,-5.42315185651165,1038.53042275117,-43.8246517153607,3.79830857570163,1052.61613863909
"BIGKAT _ C05 _ Right _ 2",-55.3809942463847,-4.83856532937009,1038.03105524899,-44.4505296458913,5.21451906609471,1052.15865661188
"BIGKAT _ C05 _ Right _ 2",-55.5956219007744,-4.33170570507347,1037.3612346002,-45.4454045716265,8.17102930956621,1051.60513758028
"BIGKAT _ C05 _ Right _ 2",-55.408364522494,-3.98517283500402,1036.57465479179,-46.7893901659481,12.3723073950529,1051.05170831868
"BIGKAT _ C05 _ Right _ 2",-54.7993071179071,-3.88765593799691,1035.72211836407,-48.5343250950864,17.5589401185042,1050.57154759931
"BIGKAT _ C05 _ Right _ 2",-53.7737700193039,-4.10747322013873,1034.85503642357,-50.7572898264833,23.5031877161217,1050.20576062834
"BIGKAT _ C05 _ Right _ 2",-52.3734923501569,-4.66979951058821,1034.02853057255,-53.4988046962311,29.9780446543212,1049.96327016407
"BIGKAT _ C05 _ Right _ 2",-50.6817496080124,-5.54475637164802,1033.30138147497,-56.7049732423476,36.7150757304691,1049.8291304429
"BIGKAT _ C05 _ Right _ 2",-48.8201742821827,-6.64917976027482,1032.73220098,-60.1903100436664,43.366263318244,1049.77809511663
"BIGKAT _ C05 _ Right _ 2",-46.9378654984806,-7.86059093923755,1032.37309738668,-63.6331159504421,49.4840629153343,1049.78873008216
"BIGKAT _ C05 _ Right _ 2",-45.1950736041002,-9.03920200015066,1032.26284275203,-66.6090635273624,54.5319089995656,1049.85349842602
"BIGKAT _ C05 _ Right _ 2",-43.7442670736756,-10.0528589135415,1032.42117150591,-68.6608733064857,57.9328526740054,1049.98172679034
"BIGKAT _ C05 _ Right _ 2",-42.7112648851788,-10.8000292933858,1032.84492963313,-69.3925633022817,59.155464584389,1050.19465772198
"BIGKAT _ C05 _ Right _ 2",-42.1788715815637,-11.226640102126,1033.50599915787,-68.567174524513,57.8240871954317,1050.51433787765
"BIGKAT _ C05 _ Right _ 2",-42.1754088917777,-11.3334667536982,1034.35083559479,-66.1803906847406,53.8278753882894,1050.95013448806
"BIGKAT _ C05 _ Right _ 2",-42.6706523870806,-11.1719534605862,1035.30228679277,-62.4835071218732,47.3948755102633,1051.48754692424
"BIGKAT _ C05 _ Right _ 2",-43.5813357202062,-10.8282414637996,1036.2653629717,-57.941087327414,39.0995509119217,1052.08333900578
"BIGKAT _ C05 _ Right _ 2",-44.7866508216003,-10.3982622748345,1037.13835081421,-53.1303043494304,29.7885954747212,1052.66893725187
"BIGKAT _ C05 _ Right _ 2",-46.1508042040109,-9.96062231820022,1037.8283566491,-48.6127331868419,20.438348902902,1053.16129622855
"BIGKAT _ C05 _ Right _ 2",-47.546107076809,-9.55667769613189,1038.26715347204,-44.8229107072839,11.9861171917795,1053.47821761682
"BIGKAT _ C05 _ Right _ 2",-48.8688932988217,-9.18601888261148,1038.42154928686,-42.0116801944427,5.19000902027732,1053.55400885496
"BIGKAT _ C05 _ Right _ 2",-50.0433972240679,-8.81977285107008,1038.29410995049,-40.2576076498288,0.557196412722162,1053.35118988091
"BIGKAT _ C05 _ Right _ 2",-51.0144297900319,-8.42626816597453,1037.91434929682,-39.5298250057455,-1.65358721479152,1052.86483889049
"BIGKAT _ C05 _ Right _ 2",-51.7350282017434,-7.99797577804676,1037.32490292994,-39.7661611057874,-1.38215778562548,1052.11861359924
"BIGKAT _ C05 _ Right _ 2",-52.1573297862432,-7.56805039598183,1036.56916563302,-40.9288422204959,1.28956773409134,1051.15482633793
"BIGKAT _ C05 _ Right _ 2",-52.2329607559582,-7.20914148415407,1035.6855352489,-43.0137507506544,6.16764280120636,1050.02322314385
"BIGKAT _ C05 _ Right _ 2",-51.9245171046154,-7.01420316555661,1034.70983157555,-46.0106449414674,12.9386024752155,1048.77307790155
"BIGKAT _ C05 _ Right _ 2",-51.2244026621886,-7.06595561381538,1033.68351945825,-49.8328689160277,21.1369574463094,1047.45142223213
"BIGKAT _ C05 _ Right _ 2",-50.1734451727169,-7.40592031780792,1032.6627073607,-54.2489968773937,30.1156192200643,1046.10781805305
"BIGKAT _ C05 _ Right _ 2",-48.8708508243652,-8.01406811059826,1031.72255569494,-58.8508013652059,39.0491581515198,1044.8034392894
"BIGKAT _ C05 _ Right _ 2",-47.4695630426002,-8.80625349562885,1030.95374614282,-63.0810517380825,46.9896044488088,1043.61955870038
"BIGKAT _ C05 _ Right _ 2",-46.1558494665542,-9.65057478975749,1030.45086845391,-66.3245268399922,52.9776000615038,1042.65903639537
"BIGKAT _ C05 _ Right _ 2",-45.1170595551867,-10.3979001735341,1030.29543267835,-68.0427089358562,56.1936216969115,1042.03583935907
"BIGKAT _ C05 _ Right _ 2",-44.5054157096895,-10.9176254513308,1030.53787757237,-67.9140051325569,56.1184369841327,1041.85240845891
"BIGKAT _ C05 _ Right _ 2",-44.407460890882,-11.1280680803653,1031.18336444287,-65.9334939843559,52.6620657291571,1042.1709365004
"BIGKAT _ C05 _ Right _ 2",-44.8277488502874,-11.0122656592414,1032.1854508186,-62.4338445592676,46.2203034337662,1042.98898090815
"BIGKAT _ C05 _ Right _ 2",-45.691422599506,-10.6145125092462,1033.45000287481,-58.0127588402508,37.6311527980069,1044.22941243789
"BIGKAT _ C05 _ Right _ 2",-46.8644445913009,-10.0197994576556,1034.84910057833,-53.3855950709516,28.030609319065,1045.74919581608
"BIGKAT _ C05 _ Right _ 2",-48.1845079836242,-9.32488492174236,1036.24176216851,-49.2112555886333,18.6412387088779,1047.36403895735
"BIGKAT _ C05 _ Right _ 2",-49.4925558274125,-8.6127412793265,1037.49616093806,-45.950149251336,10.5531148122861,1048.88089206186
"BIGKAT _ C05 _ Right _ 2",-50.6558910702613,-7.93968076516896,1038.50770929037,-43.798552491936,4.55937833879524,1050.12948771525
"BIGKAT _ C05 _ Right _ 2",-51.5784921385119,-7.3377208786515,1039.20906101963,-42.7115026834131,1.08420324806993,1050.98604098294
"BIGKAT _ C05 _ Right _ 2",-52.1998951256618,-6.82738309588313,1039.5709633322,-42.4931649814784,0.203043378965398,1051.38480907017
"BIGKAT _ C05 _ Right _ 2",-52.488041766264,-6.43194292577259,1039.59603416466,-42.9137706942875,1.72459415585177,1051.31608929698
"BIGKAT _ C05 _ Right _ 2",-52.4321311348391,-6.18488712189841,1039.30980674383,-43.8102765862385,5.29336128108497,1050.81253512185
"BIGKAT _ C05 _ Right _ 2",-52.0389629341305,-6.12699231012777,1038.75350314478,-45.1400034621004,10.479779789676,1049.92850851718
"BIGKAT _ C05 _ Right _ 2",-51.3324939875963,-6.29520089460894,1037.98072307716,-46.9758049255785,16.8420566542892,1048.71869340354
"BIGKAT _ C05 _ Right _ 2",-50.3538286555282,-6.70929937616286,1037.05697435767,-49.4510972204083,23.9598259150325,1047.2225317104
"BIGKAT _ C05 _ Right _ 2",-49.1590051627116,-7.36258100544771,1036.05882667805,-52.6774854222747,31.4474196263356,1045.46023748716
"BIGKAT _ C05 _ Right _ 2",-47.814247416395,-8.21965903541112,1035.06978100049,-56.6627880803147,38.9536076616709,1043.44331796421
"BIGKAT _ C05 _ Right _ 2",-46.3908960334992,-9.22067387486725,1034.17236017549,-61.2530520305315,46.1504219074178,1041.19757787373
"BIGKAT _ C05 _ Right _ 2",-44.9629274882522,-10.2887916140594,1033.43854894593,-66.1129088542883,52.7126064121319,1038.79143584523
"BIGKAT _ C05 _ Right _ 2",-43.6081540840011,-11.3380868205995,1032.92168865669,-70.74937994194,58.2935596904034,1036.35940585241
"BIGKAT _ C05 _ Right _ 2",-42.4111280839246,-12.280762239794,1032.65197609972,-74.5770055990645,62.510134622873,1034.11056739853
"BIGKAT _ C05 _ Right _ 2",-41.4635380039754,-13.0345222114313,1032.63594290528,-77.0156914432561,64.9517755630982,1032.31429070199
"BIGKAT _ C05 _ Right _ 2",-40.8579508106149,-13.5314911640797,1032.85897387566,-77.6052547027727,65.225316413366,1031.26022282137
"BIGKAT _ C05 _ Right _ 2",-40.6733236185502,-13.7289353677956,1033.28955493658,-76.1129132408064,63.0350915335389,1031.19690675688
"BIGKAT _ C05 _ Right _ 2",-40.954853223204,-13.6197318240455,1033.88421984338,-72.6051999394376,58.2820716987231,1032.26267389091
"BIGKAT _ C05 _ Right _ 2",-41.6947540870241,-13.2383406027219,1034.59263622376,-67.4585095972123,51.1513638031094,1034.43032675651
"BIGKAT _ C05 _ Right _ 2",-42.8223453938921,-12.6576356265116,1035.36269900057,-61.2959083066386,42.1517894390991,1037.48837021145
"BIGKAT _ C05 _ Right _ 2",-44.2096402283671,-11.9745388021591,1036.14557979931,-54.8608492584549,32.0805410691493,1041.07224674027
"BIGKAT _ C05 _ Right _ 2",-45.6925591764349,-11.287595054344,1036.90011751258,-48.8632091863374,21.9109661096585,1044.74077346512
"BIGKAT _ C05 _ Right _ 2",-47.1007755174261,-10.6748015523455,1037.59512917063,-43.8465926603871,12.6333280407648,1048.07409335869
"BIGKAT _ C05 _ Right _ 2",-48.2852212479831,-10.1814839497848,1038.20818458685,-40.117931198958,5.09917342586921,1050.76038320321
"BIGKAT _ C05 _ Right _ 2",-49.1339786219414,-9.8238622467963,1038.72064932491,-37.7530641455883,-0.0848960864776374,1052.64412960514
"BIGKAT _ C05 _ Right _ 2",-49.5737484852653,-9.6059803130843,1039.11091824772,-36.6601719943234,-2.5959056311446,1053.72486670584
"BIGKAT _ C05 _ Right _ 2",-49.5616593167912,-9.54044820256211,1039.34970293036,-36.6635069238202,-2.37883251857397,1054.11299237598
"BIGKAT _ C05 _ Right _ 2",-49.0766138214594,-9.66111524007034,1039.40161857901,-37.5699069623376,0.393835881453053,1053.96159395284
"BIGKAT _ C05 _ Right _ 2",-48.1182678587317,-10.0195683011664,1039.23506626084,-39.1959615338587,5.36092903197082,1053.39790397093
"BIGKAT _ C05 _ Right _ 2",-46.715962120795,-10.6652129904776,1038.83808068134,-41.3553960684571,11.9985855280863,1052.47652202296
"BIGKAT _ C05 _ Right _ 2",-44.9429388600321,-11.6167723484433,1038.23378787964,-43.8253936169976,19.6383387832427,1051.17086211746
"BIGKAT _ C05 _ Right _ 2",-42.9268304338646,-12.8375518121425,1037.48793917574,-46.320090768799,27.4917716553331,1049.40938186611
"BIGKAT _ C05 _ Right _ 2",-40.8477956560535,-14.2258760264814,1036.70356252964,-48.4957281031669,34.6970447443531,1047.14806369107
"BIGKAT _ C05 _ Right _ 2",-38.9202158534199,-15.6264840893793,1036.0028085419,-49.9967588881611,40.396404257325,1044.45308525793
"BIGKAT _ C05 _ Right _ 2",-37.3601229217685,-16.8609853865997,1035.50097297649,-50.5324529648876,43.8430226154369,1041.55615271241
"BIGKAT _ C05 _ Right _ 2",-36.3460314192392,-17.7685122498054,1035.28026258151,-49.9574627419191,44.5223270779309,1038.84878642786
"BIGKAT _ C05 _ Right _ 2",-35.9839557726172,-18.243583207617,1035.37053570984,-48.3239165371186,42.2605088459494,1036.80321593606
"BIGKAT _ C05 _ Right _ 2",-36.2871055070054,-18.2584399453557,1035.74182747023,-45.8801014526731,37.2865707690019,1035.83921004594
"BIGKAT _ C05 _ Right _ 2",-37.1767017010125,-17.8623107249125,1036.31023803752,-43.0104657093466,30.2197805587436,1036.1844015786
"BIGKAT _ C05 _ Right _ 2",-38.503546286738,-17.1587798430711,1036.95553763191,-40.1364112843981,21.9736479086384,1037.78558641445
"BIGKAT _ C05 _ Right _ 2",-40.0829826072365,-16.2710793940377,1037.54588144038,-37.6154420589212,13.5954023718306,1040.31138016322
"BIGKAT _ C05 _ Right _ 2",-41.731751810596,-15.3094088311952,1037.96280304123,-35.6772786393925,6.08456565539032,1043.24769634723
"BIGKAT _ C05 _ Right _ 2",-43.2957834837975,-14.3521174908598,1038.11932627486,-34.4179706783927,0.242258257845677,1046.04651980805
"BIGKAT _ C05 _ Right _ 2",-44.6627804315686,-13.4451736477651,1037.9666233748,-33.8462526764698,-3.41157052947735,1048.2679350378
"BIGKAT _ C05 _ Right _ 2",-45.7602115731527,-12.6158641303663,1037.48961037564,-33.9544332104956,-4.64538712728531,1049.66442050101
"BIGKAT _ C05 _ Right _ 2",-46.5447786181217,-11.8912058444004,1036.69673270019,-34.7783086921079,-3.46858131815755,1050.18573752454
"BIGKAT _ C05 _ Right _ 2",-46.9911583253215,-11.3110808677741,1035.61099251186,-36.4177501392202,-0.0636205246612693,1049.91502457315
"BIGKAT _ C05 _ Right _ 2",-47.0857329421508,-10.9300294979151,1034.2668739224,-39.0067358753494,5.27184376097659,1048.96938414149
"BIGKAT _ C05 _ Right _ 2",-46.8271627108697,-10.8075097069567,1032.71302587805,-42.6418024177347,12.1577872372224,1047.40694989132
"BIGKAT _ C05 _ Right _ 2",-46.2324047904996,-10.9912387359356,1031.01670758622,-47.2942967676772,20.1408976707428,1045.17750140621
"BIGKAT _ C05 _ Right _ 2",-45.345105893362,-11.4999701609791,1029.26522798911,-52.7390919990744,28.6917401796897,1042.13751045743
"BIGKAT _ C05 _ Right _ 2",-44.2427014850453,-12.3109176150482,1027.56143831365,-58.528725830684,37.2042920118921,1038.12761426137
"BIGKAT _ C05 _ Right _ 2",-43.038402580256,-13.354838574984,1026.01292320091,-64.0294050586009,45.0094584044506,1033.08779629167
"BIGKAT _ C05 _ Right _ 2",-41.8747319997917,-14.5200662042813,1024.71671654015,-68.5181935345615,51.4100488360384,1027.17009413064
"BIGKAT _ C05 _ Right _ 2",-40.9070647932077,-15.6656236710641,1023.74304299017,-71.3230235119446,55.7403395336014,1020.80505193912
"BIGKAT _ C05 _ Right _ 2",-40.278835420967,-16.6422293314455,1023.12267798606,-71.9725737820909,57.4477761097665,1014.68769186145
"BIGKAT _ C05 _ Right _ 2",-40.0936753449068,-17.3180433319459,1022.84230234737,-70.3153767561806,56.1868427977901,1009.67003848488
"BIGKAT _ C05 _ Right _ 2",-40.392096613,-17.6038052443642,1022.85002625983,-66.5704966532248,51.906798783112,1006.57630894247
"BIGKAT _ C05 _ Right _ 2",-41.140142999656,-17.4707099347565,1023.06961052505,-61.2879984384841,44.9088779736293,1005.98717343672
"BIGKAT _ C05 _ Right _ 2",-42.2343363389397,-16.9552737683905,1023.41849646947,-55.2246348998142,35.848731005884,1008.06103631157
"BIGKAT _ C05 _ Right _ 2",-43.5220374435966,-16.1491121163155,1023.82320934069,-49.1709029044654,25.6699460931703,1012.46061552212
"BIGKAT _ C05 _ Right _ 2",-44.8309563557538,-15.1769906028613,1024.22683830648,-43.7861697355459,15.4745284650332,1018.42329576107
"BIGKAT _ C05 _ Right _ 2",-45.9985182984126,-14.1711982815307,1024.58685410152,-39.49602779462,6.3594813651349,1024.95931010218
"BIGKAT _ C05 _ Right _ 2",-46.8928495776017,-13.2514175074486,1024.86603360838,-36.4787008028296,-0.737579467954562,1031.10761762728
"BIGKAT _ C05 _ Right _ 2",-47.4218138622671,-12.5157732093319,1025.02254169978,-34.7288150121111,-5.14653349771594,1036.1563593
"BIGKAT _ C05 _ Right _ 2",-47.5321137368191,-12.0424548101116,1025.00560842637,-34.1572448686118,-6.51186315669304,1039.75580559414
"BIGKAT _ C05 _ Right _ 2",-47.2038446660896,-11.8958810570074,1024.76058133184,-34.6776789122009,-4.7887450434852,1041.90148039446
"BIGKAT _ C05 _ Right _ 2",-46.4456316633586,-12.1298518733866,1024.24279193034,-36.2436349083234,-0.2105796534559,1042.81544323965
"BIGKAT _ C05 _ Right _ 2",-45.292628985329,-12.7829842906845,1023.43570305053,-38.8250005556252,6.75272824747477,1042.78441422487
"BIGKAT _ C05 _ Right _ 2",-43.8066334738872,-13.8668262079522,1022.36692399191,-42.339818462389,15.4379823074838,1042.01904523202
"BIGKAT _ C05 _ Right _ 2",-42.0762584441782,-15.3512817545486,1021.11645893406,-46.5755393128586,25.0358270559159,1040.58284868113
"BIGKAT _ C05 _ Right _ 2",-40.2156043912941,-17.1534411148404,1019.81404402002,-51.1387458353912,34.6477120257874,1038.40969984395
"BIGKAT _ C05 _ Right _ 2",-38.3606626979222,-19.1348191184424,1018.62493000694,-55.4631584073301,43.3562803724764,1035.39551236339
"BIGKAT _ C05 _ Right _ 2",-36.6625554069237,-21.1098520091341,1017.7252115319,-58.8866806573922,50.3084558932729,1031.52341299651
"BIGKAT _ C05 _ Right _ 2",-35.2761194334599,-22.8662735472602,1017.26967081455,-60.7849506868601,54.8062918599608,1026.97027031779
"BIGKAT _ C05 _ Right _ 2",-34.3429165966548,-24.195500354951,1017.35804896068,-60.7269515748465,56.3958943139154,1022.14830253033
"BIGKAT _ C05 _ Right _ 2",-33.9702831904058,-24.9279965395782,1018.00864592233,-58.6040976391059,54.9390526716034,1017.6570471677
"BIGKAT _ C05 _ Right _ 2",-34.2113089026356,-24.9654658019464,1019.14851654042,-54.685099351142,50.6481352401798,1014.15346574438
"BIGKAT _ C05 _ Right _ 2",-35.0523182036351,-24.3005285867054,1020.62560585087,-49.5693003043579,44.066821822936,1012.18204153074
"BIGKAT _ C05 _ Right _ 2",-36.4129204080246,-23.0170327129599,1022.2409939206,-44.0469797123544,35.9904943170225,1012.02768220819
"BIGKAT _ C05 _ Right _ 2",-38.1592795419461,-21.270320136813,1023.79198541615,-38.9117266640901,27.3392990021262,1013.64802221414
"BIGKAT _ C05 _ Right _ 2",-40.1260936641381,-19.254159257284,1025.11243947784,-34.7889139900951,19.0164610442023,1016.7073150704
"BIGKAT _ C05 _ Right _ 2",-42.1398557483884,-17.1656927551084,1026.09793049728,-32.0351340503473,11.7922958547015,1020.68965541106
"BIGKAT _ C05 _ Right _ 2",-44.0370672855438,-15.1788926036035,1026.70994419293,-30.7316063685341,6.2423797442681,1025.04047758977
"BIGKAT _ C05 _ Right _ 2",-45.6751897370802,-13.4314413217601,1026.96198470326,-30.7572815588244,2.74180438931079,1029.2848568803
"BIGKAT _ C05 _ Right _ 2",-46.9383076072249,-12.023340188873,1026.8967737349,-31.9016440888893,1.49297518448511,1033.09161946076
"BIGKAT _ C05 _ Right _ 2",-47.7412790034443,-11.0214249455847,1026.56525184347,-33.9705572032324,2.55624207824486,1036.27767658771
"BIGKAT _ C05 _ Right _ 2",-48.035051107928,-10.4636473685167,1026.01518941502,-36.8487035116548,5.86253199730101,1038.76643297949
"BIGKAT _ C05 _ Right _ 2",-47.8130366175926,-10.3596244625283,1025.29172880695,-40.5023683474231,11.2061747140993,1040.52458418276
"BIGKAT _ C05 _ Right _ 2",-47.1159968370405,-10.6876489542094,1024.44640517014,-44.9288541234603,18.2321437279482,1041.50406647997
"BIGKAT _ C05 _ Right _ 2",-46.032418417287,-11.3910590959743,1023.54747877652,-50.0767940925604,26.4365138839395,1041.61164802921
"BIGKAT _ C05 _ Right _ 2",-44.6930470960298,-12.3773827307325,1022.68436594878,-55.770002758551,35.1916716567165,1040.71847553498
"BIGKAT _ C05 _ Right _ 2",-43.2604730722922,-13.5223201877714,1021.9622592936,-61.6647506147014,43.7956018888248,1038.70780083065
"BIGKAT _ C05 _ Right _ 2",-41.9155736810142,-14.6788514009057,1021.48752243813,-67.2589892996492,51.5356423822261,1035.54540673122
"BIGKAT _ C05 _ Right _ 2",-40.8418471493938,-15.6907219253655,1021.3479331447,-71.9566471680319,57.7552003592114,1031.34863960035
"BIGKAT _ C05 _ Right _ 2",-40.2075580378999,-16.4092744729779,1021.59344033968,-75.1747589994354,61.9153382600527,1026.42866796498
"BIGKAT _ C05 _ Right _ 2",-40.1457195283327,-16.7122891576033,1022.22286768576,-76.4687003257307,63.6475368021805,1021.28611493458
"BIGKAT _ C05 _ Right _ 2",-40.733673483975,-16.5226206623484,1023.18032503455,-75.6433807611428,62.7957180772011,1016.55115943266
"BIGKAT _ C05 _ Right _ 2",-41.9765247142075,-15.8230655712411,1024.36260413057,-72.8180337525894,59.4436048866009,1012.87417705679
"BIGKAT _ C05 _ Right _ 2",-43.8003432472248,-14.6628086304804,1025.63621707924,-68.4209268858048,53.9193331660981,1010.78976842789
"BIGKAT _ C05 _ Right _ 2",-46.0602116561159,-13.1512114588386,1026.86038432927,-63.1082397202344,46.7669786313559,1010.59134081183
"BIGKAT _ C05 _ Right _ 2",-48.5640679392379,-11.4376616664476,1027.91046922687,-57.6255441233966,38.6792866684879,1012.25831128411
"BIGKAT _ C05 _ Right _ 2",-51.1069725668848,-9.68141951593343,1028.69566932528,-52.6524508543105,30.3995428589936,1015.46575398791
"BIGKAT _ C05 _ Right _ 2",-53.5050758230765,-8.02059975536728,1029.1660061808,-48.6793850120208,22.6178527246611,1019.67609395542
"BIGKAT _ C05 _ Right _ 2",-55.617825421085,-6.55120382770965,1029.30707338505,-45.9531431326866,15.8955605162625,1024.27795413607
"BIGKAT _ C05 _ Right _ 2",-57.3521363742153,-5.32348529771406,1029.12563240459,-44.4997588558936,10.6409579320436,1028.71989948836
"BIGKAT _ C05 _ Right _ 2",-58.6507250136793,-4.35539447842083,1028.63294410489,-44.2035209418617,7.13354090402601,1032.5964246497
"BIGKAT _ C05 _ Right _ 2",-59.4737913311603,-3.65548969330772,1027.83376781653,-44.9031696551461,5.56928557752501,1035.67010015125
"BIGKAT _ C05 _ Right _ 2",-59.7852678732758,-3.2440649061478,1026.72665542173,-46.4654559576715,6.09081101670168,1037.83984985713
"BIGKAT _ C05 _ Right _ 2",-59.5516249778212,-3.16238908699294,1025.31644620865,-48.8095933964569,8.77703803142429,1039.0806203348
"BIGKAT _ C05 _ Right _ 2",-58.7547888117158,-3.4649125177999,1023.63454676933,-51.8772846834829,13.5896705942124,1039.38342428273
"BIGKAT _ C05 _ Right _ 2",-57.4140367985735,-4.19615949072981,1021.75868425449,-55.564996611221,20.2972217895292,1038.72032255789
"BIGKAT _ C05 _ Right _ 2",-55.6074662638043,-5.36042654476715,1019.82295614104,-59.6512876363284,28.4114699020757,1037.04949363662
"BIGKAT _ C05 _ Right _ 2",-53.4831976941942,-6.89595149477394,1018.01156361074,-63.7565888107875,37.1711089670037,1034.3623170359
"BIGKAT _ C05 _ Right _ 2",-51.2535389309879,-8.66449253469741,1016.53455333212,-67.3632913093186,45.5941015501242,1030.75815192918
"BIGKAT _ C05 _ Right _ 2",-49.1704390545661,-10.462613549658,1015.58955864035,-69.9027154436138,52.599687411812,1026.51682258808
"BIGKAT _ C05 _ Right _ 2",-47.486143345873,-12.0541775166412,1015.3185132591,-70.8895144784102,57.1802777057053,1022.13073471107
"BIGKAT _ C05 _ Right _ 2",-46.4077626017075,-13.2167170296849,1015.77125047382,-70.0622351115416,58.5878934087096,1018.26471010559
"BIGKAT _ C05 _ Right _ 2",-46.0573216525,-13.7893457055431,1016.88740297113,-67.4794759916191,56.4920817568626,1015.6338930311
"BIGKAT _ C05 _ Right _ 2",-46.4485512530631,-13.7082763301822,1018.50347647305,-63.5302904572446,51.0678686198914,1014.82356806885
"BIGKAT _ C05 _ Right _ 2",-47.4874915670533,-13.018865790871,1020.38439637788,-58.8457448569077,42.9847680608923,1016.10762972887
"BIGKAT _ C05 _ Right _ 2",-48.9966560433255,-11.86021106517,1022.27085648766,-54.1372767405515,33.2913638104057,1019.33761542443
"BIGKAT _ C05 _ Right _ 2",-50.7548192246595,-10.4275670892118,1023.92874835182,-50.019170341527,23.2203857416521,1023.95684441397
"BIGKAT _ C05 _ Right _ 2",-52.5399256527825,-8.92550066761371,1025.18706344846,-46.8794211852979,13.9662520065891,1029.14533762015
"BIGKAT _ C05 _ Right _ 2",-54.1631696152641,-7.52710349259691,1025.9556717662,-44.8406607868743,6.49707898126085,1034.04433186268
"BIGKAT _ C05 _ Right _ 2",-55.4873064784377,-6.35062239051408,1026.22180923501,-43.8135233198567,1.44791661469245,1037.97698139582
"BIGKAT _ C05 _ Right _ 2",-56.4290364702391,-5.4567922514659,1026.03087184054,-43.6098827282805,-0.892598274404377,1040.59084464081
"BIGKAT _ C05 _ Right _ 2",-56.9507318898214,-4.86209031054844,1025.4608844242,-44.0669975971914,-0.525383721442393,1041.88692461221
"BIGKAT _ C05 _ Right _ 2",-57.0488122272331,-4.5584553690376,1024.59984141481,-45.1371279634634,2.34454817098748,1042.14398021417
"BIGKAT _ C05 _ Right _ 2",-56.7445138567363,-4.52993549963783,1023.53165567059,-46.9141523927526,7.38450984762135,1041.77674098254
"BIGKAT _ C05 _ Right _ 2",-56.0791628440615,-4.76039950249214,1022.33163656677,-49.5915452802241,14.1825473487936,1041.17787296565
"BIGKAT _ C05 _ Right _ 2",-55.1126864307909,-5.23173959756144,1021.06860057953,-53.3682151071312,22.269479760734,1040.58973297634
"BIGKAT _ C05 _ Right _ 2",-53.9228524720848,-5.91632626577992,1019.80945592007,-58.3342364296071,31.1285690157495,1040.03806227035
"BIGKAT _ C05 _ Right _ 2",-52.6037226467866,-6.76899670720953,1018.62316188814,-64.3731985567251,40.2074339449756,1039.34002311395
"BIGKAT _ C05 _ Right _ 2",-51.2633342743595,-7.72256435749494,1017.5825740132,-71.1114523763135,48.9391710146191,1038.17812366031
"BIGKAT _ C05 _ Right _ 2",-50.0207744690968,-8.68845446146672,1016.76329066996,-77.9309449507587,56.7710508464642,1036.21525909084
"BIGKAT _ C05 _ Right _ 2",-49.0013667901096,-9.56246552124605,1016.2384160149,-84.04696688996,63.1955435052783,1033.21843340368
"BIGKAT _ C05 _ Right _ 2",-48.3273417189751,-10.2352954161375,1016.06865622649,-88.6383510693432,67.7804547495905,1029.15973616127
"BIGKAT _ C05 _ Right _ 2",-48.102041828555,-10.6074059566262,1016.28917120814,-91.0060659285188,70.1987172452001,1024.26974174276
"BIGKAT _ C05 _ Right _ 2",-48.3888497529916,-10.6068917389017,1016.89703909771,-90.7267759073905,70.2594172146236,1019.02801428057
"BIGKAT _ C05 _ Right _ 2",-49.1902464478889,-10.2070344233634,1017.84426586393,-87.7627614504214,67.9382752673719,1014.08751541605
"BIGKAT _ C05 _ Right _ 2",-50.4354004605444,-9.4380988206684,1019.04023342824,-82.4929399084788,63.3997930151258,1010.1450863566
"BIGKAT _ C05 _ Right _ 2",-51.9842120430525,-8.38738619335248,1020.3647174108,-75.6459053707845,56.9988055716459,1007.7875297148
"BIGKAT _ C05 _ Right _ 2",-53.6507089064712,-7.18418336825387,1021.68888822494,-68.1446482913846,49.2510775781961,1007.35641945812
"BIGKAT _ C05 _ Right _ 2",-55.2405136895391,-5.97205521728754,1022.89820934427,-60.9051497307038,40.7732340750042,1008.87505909665
"BIGKAT _ C05 _ Right _ 2",-56.5898758211907,-4.87738153139337,1023.90960068558,-54.6515614963838,32.2078024032161,1012.06168165232
"BIGKAT _ C05 _ Right _ 2",-57.5920718687107,-3.98601752978753,1024.67700716017,-49.8058147510275,24.1588852427625,1016.42044244566
"BIGKAT _ C05 _ Right _ 2",-58.2024111885142,-3.33690487182323,1025.18426499843,-46.4794928555569,17.158400606563,1021.37381700395
"BIGKAT _ C05 _ Right _ 2",-58.4226666651674,-2.93385387620441,1025.42969361028,-44.5558760430791,11.6636599095813,1026.39105132545
"BIGKAT _ C05 _ Right _ 2",-58.2741954225144,-2.76890216852152,1025.41043336571,-43.8193860219481,8.06755175696215,1031.07702081742
"BIGKAT _ C05 _ Right _ 2",-57.7725313726888,-2.84635293924308,1025.1145900993,-44.0790682954253,6.69588398740692,1035.20413084309
"BIGKAT _ C05 _ Right _ 2",-56.9142462132032,-3.19694003424505,1024.52585125424,-45.2419089623552,7.77570131266354,1038.68792518755
"BIGKAT _ C05 _ Right _ 2",-55.6810793872911,-3.87568781193333,1023.63975744746,-47.3140394493901,11.3771427521158,1041.52159497713
"BIGKAT _ C05 _ Right _ 2",-54.059251065148,-4.94321381094119,1022.48524000272,-50.3350294459671,17.3490475339365,1043.69530807937
"BIGKAT _ C05 _ Right _ 2",-52.0661020038044,-6.43635493924625,1021.14167471945,-54.2743725119961,25.2760855961796,1045.13195790983
"BIGKAT _ C05 _ Right _ 2",-49.7737399503576,-8.33794136027666,1019.74237278615,-58.9327677030894,34.4797298196458,1045.66797266674
"BIGKAT _ C05 _ Right _ 2",-47.3206719677313,-10.5559925858404,1018.4601657757,-63.8898675018198,44.07104044123,1045.09356911005
"BIGKAT _ C05 _ Right _ 2",-44.9062605890238,-12.9198513245766,1017.47742983009,-68.5257625788752,53.047809995973,1043.24435065848
"BIGKAT _ C05 _ Right _ 2",-42.7674876754252,-15.1962904361518,1016.94857913734,-72.1206353781835,60.4184699333424,1040.11407489153
"BIGKAT _ C05 _ Right _ 2",-41.1418160315704,-17.1238675502772,1016.96569894119,-74.011983958649,65.3320107555605,1035.94546835943
"BIGKAT _ C05 _ Right _ 2",-40.2235661117501,-18.4594066583209,1017.53714304645,-73.7674344639886,67.1944961775323,1031.25687160419
"BIGKAT _ C05 _ Right _ 2",-40.1238221938523,-19.0267490280963,1018.58523092232,-71.3193723010806,65.7550028675725,1026.77855403709
"BIGKAT _ C05 _ Right _ 2",-40.8444761410749,-18.7556369094428,1019.96372767937,-67.0116943763471,61.1457653088082,1023.30228372115
"BIGKAT _ C05 _ Right _ 2",-42.274490106632,-17.6992479569255,1021.49005468723,-61.5326003285928,53.8649201080006,1021.48382805
"BIGKAT _ C05 _ Right _ 2",-44.2106950756026,-16.0237440155193,1022.98296041464,-55.7462602767229,44.6988243759326,1021.66481020932
"BIGKAT _ C05 _ Right _ 2",-46.3979889201458,-13.9717512981486,1024.2951217127,-50.4757095870942,34.5957617407995,1023.78008758826
"BIGKAT _ C05 _ Right _ 2",-48.5775463006904,-11.8107801755645,1025.33222812991,-46.3099733828488,24.5197387646838,1027.38457906787
"BIGKAT _ C05 _ Right _ 2",-50.5295601251427,-9.78257328123444,1026.05479024677,-43.4984672176753,15.3221200014142,1031.78558769256
"BIGKAT _ C05 _ Right _ 2",-52.1002182402118,-8.06743135788098,1026.46468197706,-41.9601247455344,7.66159763616462,1036.22991407631
"BIGKAT _ C05 _ Right _ 2",-53.209229746527,-6.77020047446307,1026.58332333444,-41.391696214379,1.98189983156609,1040.08501945403
"BIGKAT _ C05 _ Right _ 2",-53.8406889896295,-5.92629489077997,1026.43068616286,-41.4279994775132,-1.4654977036293,1042.9660257458
"BIGKAT _ C05 _ Right _ 2",-54.0238534592452,-5.52063178777144,1026.01326836639,-41.7959217733361,-2.57802982912648,1044.78246640761
"BIGKAT _ C05 _ Right _ 2",-53.8113006034247,-5.51063056225751,1025.32546615683,-42.4129227120063,-1.36164491394014,1045.70151808795
"BIGKAT _ C05 _ Right _ 2",-53.2609556405246,-5.84555541404517,1024.36374662487,-43.4032779442766,2.09146807841687,1046.04472419312
"BIGKAT _ C05 _ Right _ 2",-52.4263839779399,-6.47730249425125,1023.14811832813,-45.0328987150478,7.60277381142187,1046.15091629647
"BIGKAT _ C05 _ Right _ 2",-51.3567919208971,-7.3613543075704,1021.74201947061,-47.5879421089909,14.890713403981,1046.24630692259
"BIGKAT _ C05 _ Right _ 2",-50.1049643057005,-8.45005428194214,1020.26130789754,-51.2372627342659,23.5496292385724,1046.3610058943
"BIGKAT _ C05 _ Right _ 2",-48.7388810207525,-9.68256126511728,1018.86629511423,-55.9211754327085,33.0374573265943,1046.31851475397
"BIGKAT _ C05 _ Right _ 2",-47.3516281881878,-10.9763590768908,1017.736740177,-61.3000121223723,42.6820096083984,1045.80309600163
"BIGKAT _ C05 _ Right _ 2",-46.0644299671294,-12.2243659762537,1017.03583685496,-66.7794590303441,51.7109910017804,1044.48540228439
"BIGKAT _ C05 _ Right _ 2",-45.0190631335643,-13.3001693919828,1016.87303399909,-71.6102415890239,59.3072092955347,1042.16757725684
"BIGKAT _ C05 _ Right _ 2",-44.3586824078834,-14.0720686732828,1017.2761187877,-75.0410323246136,64.6876980497596,1038.90117597884
"BIGKAT _ C05 _ Right _ 2",-44.1999822925556,-14.4244401776389,1018.18073132447,-76.488483062274,67.2018363926186,1035.03651154442
"BIGKAT _ C05 _ Right _ 2",-44.6036399741269,-14.2824485626656,1019.4410907316,-75.680338336418,66.4374144267614,1031.17931733291
"BIGKAT _ C05 _ Right _ 2",-45.55249187823,-13.6337879457829,1020.86017533563,-72.7301332516676,62.3155118579858,1028.05699421833
"BIGKAT _ C05 _ Right _ 2",-46.9462988866743,-12.5400560448917,1022.23225910617,-68.1172729741984,55.1483834222994,1026.32703482325
"BIGKAT _ C05 _ Right _ 2",-48.6174819755583,-11.1318564742573,1023.38686506188,-62.5733041160881,45.6345983480097,1026.38600411105
"BIGKAT _ C05 _ Right _ 2",-50.3648058688958,-9.58630970624123,1024.22197444992,-56.9070023776456,34.7772476199378,1028.24664486919
"BIGKAT _ C05 _ Right _ 2",-51.9946641421593,-8.09209417218786,1024.71680281843,-51.8243187369351,23.7342470737943,1031.53235721338
"BIGKAT _ C05 _ Right _ 2",-53.3562323251997,-6.81247678567099,1024.92082663069,-47.8008221495756,13.6364817746188,1035.59372317914
"BIGKAT _ C05 _ Right _ 2",-54.3595512460666,-5.85793169064468,1024.92410406884,-45.0408871965167,5.42486355285562,1039.70104269364
"BIGKAT _ C05 _ Right _ 2",-54.9734001349179,-5.27588322352632,1024.82060170258,-43.5213108983384,-0.25069654112663,1043.23832986824
"BIGKAT _ C05 _ Right _ 2",-55.208521655226,-5.05786552421852,1024.6780570114,-43.0862171899058,-3.0564280721281,1045.83228624947
"BIGKAT _ C05 _ Right _ 2",-55.0970219705957,-5.15770134536408,1024.52439068059,-43.5477506445774,-2.9425397003575,1047.38461183135
"BIGKAT _ C05 _ Right _ 2",-54.6785581995376,-5.51122181577291,1024.35392165044,-44.7539514081109,-0.0894909634932244,1048.01543335441
"BIGKAT _ C05 _ Right _ 2",-53.9989745314228,-6.0494779118645,1024.14936283644,-46.6044163649,5.13636993436228,1047.95310340726
"BIGKAT _ C05 _ Right _ 2",-53.1197802458741,-6.7021962369448,1023.90982413054,-49.0174309340054,12.2061632397303,1047.41645162592
"BIGKAT _ C05 _ Right _ 2",-52.1304958650163,-7.39404700058251,1023.67247298507,-51.8716264482387,20.4397915168525,1046.53170061977
"BIGKAT _ C05 _ Right _ 2",-51.1535688016841,-8.04036867171622,1023.51757456452,-54.9546555479061,29.0257572900821,1045.31075339144
"BIGKAT _ C05 _ Right _ 2",-50.3346456997333,-8.54930433235791,1023.55328519401,-57.9476430154734,37.0690562403071,1043.69407213381
"BIGKAT _ C05 _ Right _ 2",-49.8178263332053,-8.83373829984698,1023.88504702406,-60.4589970184254,43.6758119217979,1041.63624044853
"BIGKAT _ C05 _ Right _ 2",-49.7125369533934,-8.83090028863074,1024.58079267214,-62.1008267112134,48.0681457497179,1039.19458677144
"BIGKAT _ C05 _ Right _ 2",-50.0628554450588,-8.52273994782937,1025.64498723585,-62.583482276865,49.7087857361774,1036.57894059346
"BIGKAT _ C05 _ Right _ 2",-50.8302901674249,-7.9482661224725,1027.01156242713,-61.7949713711429,48.4059554509692,1034.1359364037
"BIGKAT _ C05 _ Right _ 2",-51.8972630274637,-7.20086709867761,1028.55904464001,-59.8358480691311,44.3679586229585,1032.26909091802
"BIGKAT _ C05 _ Right _ 2",-53.0918682080018,-6.40874289479611,1030.14270143626,-56.9964214453874,38.1857012710049,1031.32509005886
"BIGKAT _ C05 _ Right _ 2",-54.2269945439204,-5.70323318098565,1031.63163661778,-53.6860410020716,30.7398864921945,1031.49358730426
"BIGKAT _ C05 _ Right _ 2",-55.1416201401382,-5.18525711239772,1032.93689738538,-50.3430475874824,23.0526590348311,1032.76193469044
"BIGKAT _ C05 _ Right _ 2",-55.7315090751965,-4.90158521321336,1034.02112410071,-47.3586617054564,16.1214458143568,1034.93883519658
"BIGKAT _ C05 _ Right _ 2",-55.9610804971244,-4.83910801541393,1034.88890492135,-45.036582732138,10.7763692927541,1037.72732345103
"BIGKAT _ C05 _ Right _ 2",-55.8557670311131,-4.93808374386561,1035.56522798823,-43.5901695408731,7.58977071504198,1040.80772007041
"BIGKAT _ C05 _ Right _ 2",-55.4811210370699,-5.1179665003482,1036.0731291676,-43.1623424345322,6.84470599724061,1043.89483973599
"BIGKAT _ C05 _ Right _ 2",-54.918190233757,-5.30529032383644,1036.41967883824,-43.8472736761462,8.55092117896227,1046.75443235966
"BIGKAT _ C05 _ Right _ 2",-54.2434812121852,-5.45375555258846,1036.59401636988,-45.6977996232503,12.4894856498122,1049.18718391105
"BIGKAT _ C05 _ Right _ 2",-53.5178212596061,-5.55117975394968,1036.57572003147,-48.7134820834282,18.269885909136,1051.00286072555
"BIGKAT _ C05 _ Right _ 2",-52.7843073132321,-5.61371970101545,1036.34877710108,-52.8151456439088,25.3892950538958,1052.00800995014
"BIGKAT _ C05 _ Right _ 2",-52.073138096593,-5.67201160830269,1035.91597698232,-57.8178208830003,33.2871756686948,1052.0204409352
"BIGKAT _ C05 _ Right _ 2",-51.410434571562,-5.75523662138125,1035.3093432518,-63.4140658238592,41.3887974657849,1050.9089986116
"BIGKAT _ C05 _ Right _ 2",-50.8279499516272,-5.87808896651209,1034.59316412422,-69.1759220404646,49.1324799110458,1048.64497971867
"BIGKAT _ C05 _ Right _ 2",-50.3701377840817,-6.03369963594859,1033.85755934608,-74.579713161817,55.9807276668813,1045.34626692383
"BIGKAT _ C05 _ Right _ 2",-50.0949679587465,-6.19382433439965,1033.20305512516,-79.0548898166763,61.4237702521222,1041.29700690723
"BIGKAT _ C05 _ Right _ 2",-50.0662106326617,-6.31610687980766,1032.71987881732,-82.0549508866382,64.9904732211593,1036.93193092591
"BIGKAT _ C05 _ Right _ 2",-50.3379070905829,-6.35659834987653,1032.46802748911,-83.1436332127186,66.2812948682012,1032.78301551362
"BIGKAT _ C05 _ Right _ 2",-50.9354295177044,-6.28395003782968,1032.46429476486,-82.0831672947038,65.0290309268233,1029.39599321621
"BIGKAT _ C05 _ Right _ 2",-51.8401385682207,-6.09046407558175,1032.68028343395,-78.9048597109479,61.1777014221265,1027.23322560285
"BIGKAT _ C05 _ Right _ 2",-52.9845376565946,-5.79544716908069,1033.05184316778,-73.9380909818536,54.9540416713953,1026.58431460098
"BIGKAT _ C05 _ Right _ 2",-54.2613772067905,-5.43869160657062,1033.4965002004,-67.7767157588305,46.8976521068622,1027.50499866614
"BIGKAT _ C05 _ Right _ 2",-55.5444486116204,-5.06600455859396,1033.93261107422,-61.1772267921726,37.8220401715161,1029.80015612409
"BIGKAT _ C05 _ Right _ 2",-56.7135284416155,-4.71280925079186,1034.29359707494,-54.9098522362683,28.7015153336421,1033.05971928784
"BIGKAT _ C05 _ Right _ 2",-57.6740840091798,-4.39358044912547,1034.53334817959,-49.6085681843188,20.5100733672074,1036.74491211737
"BIGKAT _ C05 _ Right _ 2",-58.3651725980312,-4.10275858949207,1034.6235548685,-45.6702568896799,14.0606704152264,1040.30510614539
"BIGKAT _ C05 _ Right _ 2",-58.7549206120985,-3.82745172869995,1034.54764394084,-43.2311689433124,9.89210404506958,1043.29019916192
"BIGKAT _ C05 _ Right _ 2",-58.8286992000104,-3.56630253672116,1034.29679387492,-42.214847918698,8.22772005514479,1045.42263904181
"BIGKAT _ C05 _ Right _ 2",-58.5776237764914,-3.34547215344911,1033.87096376448,-42.4204061910968,9.00137161596684,1046.61060185626
"BIGKAT _ C05 _ Right _ 2",-57.9934242940028,-3.22357203088232,1033.28399292557,-43.6133035266593,11.9270346327554,1046.90842442883
"BIGKAT _ C05 _ Right _ 2",-57.0715321857161,-3.28206171182645,1032.56913517956,-45.5894108212682,16.5839002770911,1046.44818995064
"BIGKAT _ C05 _ Right _ 2",-55.820066347544,-3.60367760530142,1031.78116091333,-48.1989012021512,22.4941796340382,1045.371529746
"BIGKAT _ C05 _ Right _ 2",-54.2704239372256,-4.24594715773889,1030.99298340885,-51.3320892388299,29.1795951580354,1043.78531302943
"BIGKAT _ C05 _ Right _ 2",-52.4856965344879,-5.21807160409382,1030.28714837551,-54.8802806696997,36.1904340018173,1041.75344745128
"BIGKAT _ C05 _ Right _ 2",-50.5646903680296,-6.46770468266076,1029.74402195459,-58.6896788877377,43.1077143829913,1039.32340731818
"BIGKAT _ C05 _ Right _ 2",-48.6403457064104,-7.88104116150502,1029.42885138998,-62.5264427092125,49.5259254962107,1036.57378355581
"BIGKAT _ C05 _ Right _ 2",-46.8715369955705,-9.29671442836179,1029.37990940445,-66.0676633527655,55.030726203497,1033.66143625405
"BIGKAT _ C05 _ Right _ 2",-45.4274534920672,-10.5317563662451,1029.60030595697,-68.9269733226155,59.189875975143,1030.84605492029
"BIGKAT _ C05 _ Right _ 2",-44.4649011016974,-11.4158035388322,1030.05622040908,-70.7146324042917,61.5731686054802,1028.47642678583
"BIGKAT _ C05 _ Right _ 2",-44.101070996594,-11.8273341945669,1030.68321066235,-71.120852633951,61.8074939570035,1026.93481322316
"BIGKAT _ C05 _ Right _ 2",-44.386960323736,-11.7233861141426,1031.399685643,-70.0003277417982,59.6587914874095,1026.55052544133
"BIGKAT _ C05 _ Right _ 2",-45.2886551330663,-11.1534722460461,1032.12369837266,-67.429794187481,55.1181908562079,1027.50705694614
"BIGKAT _ C05 _ Right _ 2",-46.6839280911385,-10.2510635112092,1032.7876494921,-63.7136422246498,48.4607143417563,1029.77396314689
"BIGKAT _ C05 _ Right _ 2",-48.3790550960699,-9.20229871214323,1033.34649221763,-59.3273608756036,40.2469479909024,1033.09037783165
"BIGKAT _ C05 _ Right _ 2",-50.1451330053931,-8.19938258456208,1033.77825763617,-54.8116992039017,31.2539527841984,1037.01061649382
"BIGKAT _ C05 _ Right _ 2",-51.7657687620427,-7.39225042724577,1034.07910247942,-50.652075590177,22.3482803135635,1040.99935756035
"BIGKAT _ C05 _ Right _ 2",-53.0819699677097,-6.85392362337205,1034.25640445202,-47.1857901727833,14.3399042172836,1044.54526591816
"BIGKAT _ C05 _ Right _ 2",-54.0191642551091,-6.57115700481535,1034.32240927084,-44.5678931643465,7.86556739499486,1047.25721493565
"BIGKAT _ C05 _ Right _ 2",-54.5872047035677,-6.46310239414987,1034.28924703521,-42.8008177169612,3.335322572727,1048.91791019072
"BIGKAT _ C05 _ Right _ 2",-54.854726488202,-6.4202518792331,1034.16547182838,-41.8070852390149,0.945229474924799,1049.48836372589
"BIGKAT _ C05 _ Right _ 2",-54.9091950398966,-6.34870254604315,1033.95476516334,-41.5107118175511,0.731135160925038,1049.073315232
"BIGKAT _ C05 _ Right _ 2",-54.8187781651605,-6.20383344882261,1033.65783201384,-41.8946493220995,2.62724775792506,1047.86622191544
"BIGKAT _ C05 _ Right _ 2",-54.6101645413504,-6.00251832577252,1033.27763739454,-43.014310711712,6.5002310033388,1046.09249196469
"BIGKAT _ C05 _ Right _ 2",-54.2692045666206,-5.81138482709541,1032.82618342588,-44.9643745771951,12.1475055631962,1043.96465587137
"BIGKAT _ C05 _ Right _ 2",-53.7621291049434,-5.71706649911424,1032.32947202201,-47.8121576278484,19.2678318718553,1041.65708549975
"BIGKAT _ C05 _ Right _ 2",-53.0677322679934,-5.78996575597687,1031.82751485902,-51.5218673386301,27.4251816793439,1039.30248019591
"BIGKAT _ C05 _ Right _ 2",-52.2078188168736,-6.05406012043466,1031.36837125774,-55.8973490776224,36.029555410268,1037.00711269109
"BIGKAT _ C05 _ Right _ 2",-51.2648059705922,-6.47201471524685,1030.99805585221,-60.5658828752129,44.3521047899887,1034.87626414634
"BIGKAT _ C05 _ Right _ 2",-50.3800214934509,-6.94932444282489,1030.75014505723,-65.0140168335271,51.58141112476,1033.03705305696
"BIGKAT _ C05 _ Right _ 2",-49.7318599987723,-7.35568859282117,1030.63898645722,-68.6718009305351,56.9173453671727,1031.64586749583
"BIGKAT _ C05 _ Right _ 2",-49.4982966452527,-7.55757960002631,1030.6586984476,-71.0274925504475,59.6899213858903,1030.87294272879
"BIGKAT _ C05 _ Right _ 2",-49.8127749729264,-7.45327479839478,1030.78765829937,-71.7436850059783,59.4824042132723,1030.86546775708
"BIGKAT _ C05 _ Right _ 2",-50.7254668717945,-7.00064019452892,1030.99611346936,-70.7411396039898,56.2313201383535,1031.69988367233
"BIGKAT _ C05 _ Right _ 2",-52.1820644377591,-6.22926451318474,1031.25376324294,-68.2221608077649,50.2742442611539,1033.34070564041
"BIGKAT _ C05 _ Right _ 2",-54.0283497773097,-5.23268638361497,1031.53484471496,-64.6227638399515,42.3235683054368,1035.62390238321
"BIGKAT _ C05 _ Right _ 2",-56.0409075056943,-4.14293124381359,1031.81980486299,-60.5078795533786,33.3626002788204,1038.2751094092
"BIGKAT _ C05 _ Right _ 2",-57.9750421060714,-3.09616894068028,1032.09404335911,-56.4457164037653,24.485222524407,1040.95881067757
"BIGKAT _ C05 _ Right _ 2",-59.614561198902,-2.20176949666136,1032.34493439352,-52.9042746252803,16.7212238403443,1043.34173292763
"BIGKAT _ C05 _ Right _ 2",-60.8081016991929,-1.52508753764203,1032.55853555966,-50.2001699877152,10.8937925822858,1045.14964764816
"BIGKAT _ C05 _ Right _ 2",-61.4832894465396,-1.08755590900978,1032.71736390764,-48.5042118996702,7.53907979266341,1046.20257015387
"BIGKAT _ C05 _ Right _ 2",-61.6397470763415,-0.879657001763115,1032.80045313073,-47.8837048195249,6.88983981209021,1046.42378455222
"BIGKAT _ C05 _ Right _ 2",-61.3297516056075,-0.877362735944885,1032.78649193754,-48.349972036278,8.90276570140036,1045.82739601735
"BIGKAT _ C05 _ Right _ 2",-60.6376576848342,-1.05302309914862,1032.65994937601,-49.8841395958761,13.3028546223448,1044.494392425
"BIGKAT _ C05 _ Right _ 2",-59.6659392560798,-1.37657312958475,1032.41871307968,-52.4299042845882,19.6264462095807,1042.54834446853
"BIGKAT _ C05 _ Right _ 2",-58.5296444510078,-1.80915469074396,1032.08046461536,-55.8606044803357,27.2584307963857,1040.13974324619
"BIGKAT _ C05 _ Right _ 2",-57.3556909216067,-2.29543471359511,1031.6846641415,-59.9414722241206,35.4695065818393,1037.44313674934
"BIGKAT _ C05 _ Right _ 2",-56.2810186259002,-2.76130701159239,1031.28818411125,-64.3114868460567,43.4622612423575,1034.66429032587
"BIGKAT _ C05 _ Right _ 2",-55.444560407285,-3.12081319845741,1030.9551042329,-68.5025225277165,50.4318442867029,1032.04779776098
"BIGKAT _ C05 _ Right _ 2",-54.9712516315427,-3.29192836508673,1030.74378054374,-72.000201606382,55.6417710896283,1029.87257314331
"BIGKAT _ C05 _ Right _ 2",-54.9503379663927,-3.21711659709351,1030.69547167158,-74.3359112434994,58.5098800542656,1028.42582512059
"BIGKAT _ C05 _ Right _ 2",-55.4137329277278,-2.88217062395496,1030.82789504312,-75.1869844737878,58.6934881392682,1027.95478531008
"BIGKAT _ C05 _ Right _ 2",-56.3220921718812,-2.32623917286231,1031.13487807395,-74.45557592394,56.1566984436251,1028.6066169068
"BIGKAT _ C05 _ Right _ 2",-57.5656253076827,-1.6375876909972,1031.5910256561,-72.2991737545577,51.1992173415394,1030.37614523795
"BIGKAT _ C05 _ Right _ 2",-58.9828625405595,-0.933718238076873,1032.15890070357,-69.0982208122002,44.4289387423758,1033.08329006929
"BIGKAT _ C05 _ Right _ 2",-60.3943650261604,-0.330154155738547,1032.7960525175,-65.3667325431727,36.6727526914463,1036.39409099268
"BIGKAT _ C05 _ Right _ 2",-61.6420972891516,0.0925593888062601,1033.46021322839,-61.6331251309427,28.8400455740647,1039.88299476757
"BIGKAT _ C05 _ Right _ 2",-62.6219333698097,0.311854621714641,1034.11227415837,-58.3305931802054,21.7732348761637,1043.11750266421
"BIGKAT _ C05 _ Right _ 2",-63.2986034087813,0.366995771432045,1034.71736543438,-55.7318145023773,16.1273977796884,1045.73836417929
"BIGKAT _ C05 _ Right _ 2",-63.6989001256945,0.341784418250889,1035.24441188506,-53.9430068459097,12.3093974150632,1047.5127193205
"BIGKAT _ C05 _ Right _ 2",-63.8871884409307,0.332583846034894,1035.66460787861,-52.9479364149135,10.4815286681098,1048.34999952341
"BIGKAT _ C05 _ Right _ 2",-63.9333870380564,0.4136905320209,1035.94986890312,-52.6753417805795,10.6105584762658,1048.28378334018
"BIGKAT _ C05 _ Right _ 2",-63.8852177088046,0.61230028208613,1036.07298863066,-53.0592700330785,12.532142409703,1047.43175679918
"BIGKAT _ C05 _ Right _ 2",-63.7536465348696,0.900823669871708,1036.01086270427,-54.0698180990743,16.0047767643313,1045.9488646769
"BIGKAT _ C05 _ Right _ 2",-63.5148582521077,1.20759354902673,1035.75044877899,-55.7066142138545,20.7406926782329,1043.98701438589
"BIGKAT _ C05 _ Right _ 2",-63.1261660016268,1.44076017915007,1035.29517330337,-57.9627977686164,26.4151524961612,1041.67067612829
"BIGKAT _ C05 _ Right _ 2",-62.5490138358412,1.51648401100844,1034.66866031624,-60.7776985811318,32.6641095913261,1039.09307515533
"BIGKAT _ C05 _ Right _ 2",-61.7709229082373,1.3824827344732,1033.9135421597,-63.9988006158128,39.081204015048,1036.33256842658
"BIGKAT _ C05 _ Right _ 2",-60.8198135466705,1.0310372844669,1033.08529306423,-67.3684202846696,45.2212919280444,1033.48287588773
"BIGKAT _ C05 _ Right _ 2",-59.7672473331198,0.499753436236208,1032.24335819889,-70.5413737046173,50.6137995715812,1030.68511099642
"BIGKAT _ C05 _ Right _ 2",-58.720149795896,-0.138278879593888,1031.44299518642,-73.1309227618609,54.7878419229155,1028.14661749299
"BIGKAT _ C05 _ Right _ 2",-57.8028167702643,-0.791523747182394,1030.73051473079,-74.7737667517223,57.3111346071476,1026.13372526863
"BIGKAT _ C05 _ Right _ 2",-57.1327558721406,-1.37021978265805,1030.14248893597,-75.2007408366646,57.8431007558323,1024.93305620074
"BIGKAT _ C05 _ Right _ 2",-56.7954492310046,-1.8056173797049,1029.70725555457,-74.2974546430702,56.1972923515867,1024.78721056865
"BIGKAT _ C05 _ Right _ 2",-56.8241684977422,-2.06406984082013,1029.44593328657,-72.1386771613496,52.4003464224321,1025.82204759819
"BIGKAT _ C05 _ Right _ 2",-57.1908503731661,-2.15224929746968,1029.37076938491,-68.9835371249291,46.7279156499815,1027.98983166888
"BIGKAT _ C05 _ Right _ 2",-57.8119683334023,-2.11131608136912,1029.48054236276,-65.2272727794383,39.6973517582171,1031.05119355186
"BIGKAT _ C05 _ Right _ 2",-58.5690261414514,-2.00099447490426,1029.75481989012,-61.3188335346812,32.0063310265493,1034.60770633258
"BIGKAT _ C05 _ Right _ 2",-59.3378873500881,-1.87851888178405,1030.15008101356,-57.667657581396,24.4256178114143,1038.17920158021
"BIGKAT _ C05 _ Right _ 2",-60.0172295803282,-1.78031953828421,1030.60049762545,-54.5698707247844,17.6749677373977,1041.30357792564
"BIGKAT _ C05 _ Right _ 2",-60.5464428464607,-1.71391213206673,1031.02460564394,-52.1780781483337,12.3208857836655,1043.62970212304
"BIGKAT _ C05 _ Right _ 2",-60.9077111901909,-1.66316424537927,1031.33696485332,-50.5212488755039,8.72523495362545,1044.97850310457
"BIGKAT _ C05 _ Right _ 2",-61.113697308239,-1.60392379966683,1031.46228373668,-49.5608459357609,7.04966240288544,1045.35944294992
"BIGKAT _ C05 _ Right _ 2",-61.1878343686431,-1.52230475935633,1031.34896092402,-49.256354864092,7.29763471179038,1044.94282902409
"BIGKAT _ C05 _ Right _ 2",-61.1462354011459,-1.42713040182325,1030.97934767571,-49.6123605057784,9.36587570920237,1043.9985428555
"BIGKAT _ C05 _ Right _ 2",-60.9883106613554,-1.35112462096391,1030.37469597604,-50.6887312602438,13.0818916931913,1042.81748989105
"BIGKAT _ C05 _ Right _ 2",-60.6988472624433,-1.34052900069677,1029.59349669265,-52.570404632746,18.2177348447998,1041.6341709865
"BIGKAT _ C05 _ Right _ 2",-60.2597133605649,-1.43751721354018,1028.72293687925,-55.3081600379932,24.4838827547813,1040.56816758713
"BIGKAT _ C05 _ Right _ 2",-59.666208549484,-1.66224255359554,1027.86464357741,-58.851846133941,31.5150975912758,1039.59897688074
"BIGKAT _ C05 _ Right _ 2",-58.9420860483601,-2.00094670993708,1027.1174744955,-63.0001549522446,38.8609855921721,1038.58210592532
"BIGKAT _ C05 _ Right _ 2",-58.1480452700508,-2.40401087939339,1026.56131027115,-67.386520728009,45.9905934350991,1037.3053379097
"BIGKAT _ C05 _ Right _ 2",-57.3801688019039,-2.79460821395525,1026.24591530137,-71.511457019386,52.3166247726892,1035.57436965319
"BIGKAT _ C05 _ Right _ 2",-56.7569167175545,-3.08583635399291,1026.18748961766,-74.8199909343026,57.242080448787,1033.30776609601
"BIGKAT _ C05 _ Right _ 2",-56.3961012498006,-3.20219416500735,1026.37285070419,-76.8102773438366,60.228669364445,1030.61322273892
"BIGKAT _ C05 _ Right _ 2",-56.3867505095569,-3.09997998991212,1026.7685554932,-77.1478487705977,60.8801686379896,1027.8138384609
"BIGKAT _ C05 _ Right _ 2",-56.7638502630436,-2.78079123313774,1027.33112002678,-75.7529854985869,59.0254777341316,1025.40108662284
"BIGKAT _ C05 _ Right _ 2",-57.4947475149367,-2.29328073059446,1028.01513183422,-72.8311996872007,54.7790063916898,1023.91461707271
"BIGKAT _ C05 _ Right _ 2",-58.4832218980563,-1.72113365775702,1028.77762512922,-68.8315862125776,48.5552113383961,1023.78183018428
"BIGKAT _ C05 _ Right _ 2",-59.591388722677,-1.15966474156845,1029.57873821292,-64.3419197343075,41.0229856651942,1025.17550682593
"BIGKAT _ C05 _ Right _ 2",-60.6729505087628,-0.688124594122945,1030.38003650156,-59.9534937629986,33.0035345328829,1027.94816251965
"BIGKAT _ C05 _ Right _ 2",-61.606787340824,-0.347458047788916,1031.14251949076,-56.1408012010478,25.3361523177774,1031.67224938583
"BIGKAT _ C05 _ Right _ 2",-62.3196967420996,-0.131929623286769,1031.82578506722,-53.1939213776497,18.7497044777621,1035.76939076115
"BIGKAT _ C05 _ Right _ 2",-62.7915957958143,0.00229878049221674,1032.38858976594,-51.218048665035,13.7751353860131,1039.6745127094
"BIGKAT _ C05 _ Right _ 2",-63.043611733703,0.115448628501201,1032.79034049127,-50.1872296449751,10.7162589257586,1042.97160703777
"BIGKAT _ C05 _ Right _ 2",-63.1157242565004,0.258049577173948,1032.99335026074,-50.0210812908042,9.6723644094975,1045.45772996048
"BIGKAT _ C05 _ Right _ 2",-63.0433199649822,0.450146885379475,1032.96621382442,-50.650080419464,10.5890885148456,1047.1255099857
"BIGKAT _ C05 _ Right _ 2",-62.8408447038959,0.672386508350406,1032.68853312226,-52.045060221384,13.3101195776453,1048.0847318235
"BIGKAT _ C05 _ Right _ 2",-62.4971226858615,0.870564403187811,1032.15646046893,-54.2036560892612,17.6103180819173,1048.46083733879
"BIGKAT _ C05 _ Right _ 2",-61.9825963888962,0.970559388304871,1031.38777401918,-57.103616409975,23.204629800186,1048.31026078043
"BIGKAT _ C05 _ Right _ 2",-61.265140041503,0.898032723474984,1030.42496988866,-60.6444787961393,29.7397909113849,1047.58183156908
"BIGKAT _ C05 _ Right _ 2",-60.3291511126814,0.597475850939084,1029.33515448683,-64.6022602894931,36.782568384329,1046.13536608072
"BIGKAT _ C05 _ Right _ 2",-59.1923992499042,0.0470599674084582,1028.20598369649,-68.6169417370338,43.8182296027962,1043.8094389045
"BIGKAT _ C05 _ Right _ 2",-57.9159092269329,-0.732685949508297,1027.13730236663,-72.2223890235471,50.2684192949556,1040.51552992844
"BIGKAT _ C05 _ Right _ 2",-56.6034917562096,-1.67792357952488,1026.22880537441,-74.9162759624618,55.5318453526958,1036.32819490998
"BIGKAT _ C05 _ Right _ 2",-55.3896190408456,-2.68944530440001,1025.56535741352,-76.2561932639965,59.0459205439004,1031.54093955157
"BIGKAT _ C05 _ Right _ 2",-54.4172894606947,-3.64900741643797,1025.20314948768,-75.9593493765245,60.3626856905121,1026.66414782137
"BIGKAT _ C05 _ Right _ 2",-53.810674022295,-4.44100376294227,1025.16052238056,-73.9789920518679,59.2273520595141,1022.35426670166
"BIGKAT _ C05 _ Right _ 2",-53.6495509298959,-4.97438829324216,1025.41637379981,-70.53310284504,55.6431424147886,1019.28235729304
"BIGKAT _ C05 _ Right _ 2",-53.9528064243651,-5.1991424991638,1025.9168914423,-66.0715554290491,49.9038371333277,1017.97240038954
"BIGKAT _ C05 _ Right _ 2",-54.6760328579887,-5.1126804224087,1026.58868025533,-61.1856911305239,42.5782771211605,1018.65764510781
"BIGKAT _ C05 _ Right _ 2",-55.723746047502,-4.75444144226631,1027.35399447554,-56.4840566019015,34.4408060626315,1021.20604869905
"BIGKAT _ C05 _ Right _ 2",-56.9715458992885,-4.1909825272835,1028.14276800923,-52.4716358419133,26.3572401799508,1025.14668652295
"BIGKAT _ C05 _ Right _ 2",-58.2901835473952,-3.49752657844413,1028.89744522754,-49.4697734289858,19.1523366372505,1029.79237047177
"BIGKAT _ C05 _ Right _ 2",-59.5638858470305,-2.74309601467884,1029.57018261687,-47.5984403453745,13.4935558483491,1034.41599873743
"BIGKAT _ C05 _ Right _ 2",-60.6991313900036,-1.98407250124291,1030.11602750809,-46.8180976356023,9.82040519905117,1038.41874508006
"BIGKAT _ C05 _ Right _ 2",-61.6249626451377,-1.26637037332867,1030.48763103009,-47.00668425973,8.33002515673917,1041.43637634938
"BIGKAT _ C05 _ Right _ 2",-62.2891629217189,-0.63202549063032,1030.63576289799,-48.0375398134192,9.00807769864257,1043.3589787683
"BIGKAT _ C05 _ Right _ 2",-62.6550184970224,-0.124275637006796,1030.51659122082,-49.8285921755636,11.6810892466758,1044.27289496346
"BIGKAT _ C05 _ Right _ 2",-62.7015137403474,0.213229546453892,1030.10357524886,-52.3477314395055,16.0668241882409,1044.35779681709
"BIGKAT _ C05 _ Right _ 2",-62.4271718774823,0.343850727430225,1029.40011698933,-55.577152677646,21.8091108878833,1043.78084986839
"BIGKAT _ C05 _ Right _ 2",-61.8557009981629,0.249187684830786,1028.44879008397,-59.4541017021479,28.4952564993508,1042.62472056155
"BIGKAT _ C05 _ Right _ 2",-61.0407196957345,-0.0606468593390646,1027.33367845782,-63.8125904975322,35.6621296510335,1040.87090427179
"BIGKAT _ C05 _ Right _ 2",-60.0669379255393,-0.542202002097574,1026.17387077103,-68.349406335371,42.7999133090146,1038.44022965453
"BIGKAT _ C05 _ Right _ 2",-59.0457931520253,-1.12184594959845,1025.10809821908,-72.6303537626152,49.3624013430804,1035.27425429716
"BIGKAT _ C05 _ Right _ 2",-58.1045501967426,-1.70682758610506,1024.27261707179,-76.1420931676266,54.7915004839252,1031.42878211333
"BIGKAT _ C05 _ Right _ 2",-57.3694594865597,-2.20184302122379,1023.77667178615,-78.3828318508026,58.5611053830762,1027.1456682515
"BIGKAT _ C05 _ Right _ 2",-56.9456490035153,-2.52720826194766,1023.68165326284,-78.9725883915676,60.2402369998404,1022.87209116056
"BIGKAT _ C05 _ Right _ 2",-56.8983478557663,-2.63419842686996,1023.99013237398,-77.753615363211,59.5670831607746,1019.20860016579
"BIGKAT _ C05 _ Right _ 2",-57.2409239599427,-2.51348145309324,1024.64849958438,-74.8487026070716,56.5168736230716,1016.78859369412
"BIGKAT _ C05 _ Right _ 2",-57.934289979243,-2.19386115880154,1025.56255583404,-70.6536306117666,51.3415617716019,1016.11824149508
"BIGKAT _ C05 _ Right _ 2",-58.8990647783193,-1.73088874777038,1026.62073926671,-65.7597807123558,44.5617930446292,1017.42737253387
"BIGKAT _ C05 _ Right _ 2",-60.0370545389113,-1.18818169835717,1027.71674903869,-60.8275873025241,36.9030472700818,1020.58642904305
"BIGKAT _ C05 _ Right _ 2",-61.2542694999847,-0.617528199150231,1028.76384982444,-56.4505637373804,29.1859249008413,1025.12525152084
"BIGKAT _ C05 _ Right _ 2",-62.4765749423026,-0.0452869675389523,1029.69742527035,-53.0532133503051,22.1985922907785,1030.35120401525
"BIGKAT _ C05 _ Right _ 2",-63.6524156657489,0.529205700213026,1030.46835419339,-50.8514000213224,16.5878375231438,1035.52435118679
"BIGKAT _ C05 _ Right _ 2",-64.7432997209901,1.12228641393475,1031.03399047665,-49.8777146018611,12.7973932720057,1040.02662682553
"BIGKAT _ C05 _ Right _ 2",-65.708538347794,1.74637988307691,1031.35356237978,-50.0499276764713,11.0609262673192,1043.47018409286
"BIGKAT _ C05 _ Right _ 2",-66.4932390885675,2.39066057613803,1031.39123159062,-51.2482355157749,11.434187497747,1045.720098047
"BIGKAT _ C05 _ Right _ 2",-67.0268796326233,3.01061122561546,1031.12548897875,-53.3694335786959,13.8386625214506,1046.84072508704
"BIGKAT _ C05 _ Right _ 2",-67.2350253861473,3.5317172597467,1030.56037421337,-56.339648875414,18.0923108247975,1046.99859873984
"BIGKAT _ C05 _ Right _ 2",-67.060919862158,3.86702427877001,1029.73306940549,-60.0855750862954,23.9174050954458,1046.36247170365
"BIGKAT _ C05 _ Right _ 2",-66.4890226156187,3.94283248275205,1028.71368258571,-64.4809064335078,30.9322092947098,1045.03496579657
"BIGKAT _ C05 _ Right _ 2",-65.5611087612371,3.72352281308395,1027.59622303801,-69.2943761920712,38.6436733790956,1043.03519580643
"BIGKAT _ C05 _ Right _ 2",-64.378173140399,3.22675677794139,1026.48386582765,-74.165301036453,46.4580646793251,1040.33316493802
"BIGKAT _ C05 _ Right _ 2",-63.0869019280929,2.52392564400783,1025.47432172663,-78.6224778876681,53.7173936656793,1036.91980962382
"BIGKAT _ C05 _ Right _ 2",-61.8549506548028,1.72597990821887,1024.65031429771,-82.1470746693822,59.7582541750231,1032.88562705097
"BIGKAT _ C05 _ Right _ 2",-60.8420685950644,0.959256609977099,1024.07624529426,-84.265558557315,63.9826711700791,1028.47837282462
"BIGKAT _ C05 _ Right _ 2",-60.1737704598307,0.338126135654784,1023.79825584202,-84.649009517866,65.929528877547,1024.11604532556
"BIGKAT _ C05 _ Right _ 2",-59.9222691541764,-0.058770520900498,1023.84395589683,-83.1922177799174,65.3373442647918,1020.3430060183
"BIGKAT _ C05 _ Right _ 2",-60.0974359340699,-0.203292730039973,1024.22011779965,-80.0498602572162,62.1906895541934,1017.73245981511
"BIGKAT _ C05 _ Right _ 2",-60.6492010314257,-0.120108396063067,1024.9093952559,-75.6169497188762,56.7419219748578,1016.75572017771
"BIGKAT _ C05 _ Right _ 2",-61.4814164794559,0.124501175835039,1025.86848810952,-70.4551396302659,49.4989465087447,1017.65410381901
"BIGKAT _ C05 _ Right _ 2",-62.474804045033,0.445126318623506,1027.02937271388,-65.182727534914,41.1725624081857,1020.356459334
"BIGKAT _ C05 _ Right _ 2",-63.5132095958486,0.76486771689441,1028.30312729593,-60.3594782448495,32.5864678686323,1024.47687667019
"BIGKAT _ C05 _ Right _ 2",-64.5047790749377,1.03880215132228,1029.584471143,-56.4008614403532,24.567089096808,1029.40072208752
"BIGKAT _ C05 _ Right _ 2",-65.3904499414683,1.26384093009155,1030.75586279351,-53.5453597701929,17.8408277071638,1034.43175960781
"BIGKAT _ C05 _ Right _ 2",-66.1372316737889,1.47005188746344,1031.69227853321,-51.8763952659328,12.9641464859143,1038.94738871899
"BIGKAT _ C05 _ Right _ 2",-66.7209011605023,1.6964169115112,1032.26945147811,-51.378209887478,10.2961753139052,1042.50849362455
"BIGKAT _ C05 _ Right _ 2",-67.1079531018572,1.96141806953189,1032.37776963605,-51.9939437823887,10.0037347628497,1044.89453400564
"BIGKAT _ C05 _ Right _ 2",-67.2471052137857,2.24175193445149,1031.94151598426,-53.6579928355951,12.07724909655,1046.06787833567
"BIGKAT _ C05 _ Right _ 2",-67.0763190961187,2.46933792006317,1030.94011543195,-56.289604292507,16.3386896976827,1046.09699454436
"BIGKAT _ C05 _ Right _ 2",-66.5441724062176,2.54917745521806,1029.42560627249,-59.7535427199905,22.4361216250615,1045.07776431996
"BIGKAT _ C05 _ Right _ 2",-65.6374279627405,2.39191014274723,1027.52947222179,-63.8096930948735,29.8352036966608,1043.08653535367
"BIGKAT _ C05 _ Right _ 2",-64.402943870041,1.94870765063468,1025.45340915624,-68.0810788499518,37.8275664024844,1040.18234647656
"BIGKAT _ C05 _ Right _ 2",-62.9537403887716,1.23501810675103,1023.44302134981,-72.0656858706921,45.5744593968725,1036.4547293883
"BIGKAT _ C05 _ Right _ 2",-61.4554038307775,0.334040959589628,1021.74918441849,-75.2024625833655,52.1923848245026,1032.09366302846
"BIGKAT _ C05 _ Right _ 2",-60.0966914532561,-0.621428477018389,1020.58599180679,-76.9811565927936,56.8715886184289,1027.44604037773
"BIGKAT _ C05 _ Right _ 2",-59.0535239411084,-1.48243630965888,1020.09505622829,-77.0668315796748,59.0051964449795,1023.02352692072
"BIGKAT _ C05 _ Right _ 2",-58.456868078524,-2.12139932501176,1020.32376514916,-75.3998610987871,58.3004025479365,1019.44141000933
"BIGKAT _ C05 _ Right _ 2",-58.3729071675846,-2.46171199627932,1021.22130263115,-72.2352474558869,54.8439656012704,1017.29364051716
"BIGKAT _ C05 _ Right _ 2",-58.7998034016695,-2.49037260508535,1022.65211715929,-68.10191264631,49.1016260513228,1016.99770017269
"BIGKAT _ C05 _ Right _ 2",-59.6804272937499,-2.25030615457544,1024.42274064899,-63.6887981441302,41.8444316286799,1018.66248384051
"BIGKAT _ C05 _ Right _ 2",-60.9256038821535,-1.8160287202686,1026.31503324404,-59.6907814633703,34.0131545211413,1022.03170151837
"BIGKAT _ C05 _ Right _ 2",-62.4390633151858,-1.26232888903202,1028.11793341619,-56.6622477763096,26.5510731852295,1026.53047437786
"BIGKAT _ C05 _ Right _ 2",-64.134988112266,-0.638272911015976,1029.65131041729,-54.9221702007013,20.2478685319292,1031.40286425294
"BIGKAT _ C05 _ Right _ 2",-65.9424583373321,0.0435041949445718,1030.77906994727,-54.5332650409778,15.6352697288837,1035.89252573532
"BIGKAT _ C05 _ Right _ 2",-67.797013802664,0.798871858226829,1031.41263842139,-55.3497938552442,12.9565467583131,1039.40573574894
"BIGKAT _ C05 _ Right _ 2",-69.6254197501287,1.65013992588725,1031.50859832261,-57.1069607100675,12.2050158735719,1041.6099623885
"BIGKAT _ C05 _ Right _ 2",-71.332923530913,2.59985487503564,1031.06462311063,-59.5169587303231,13.2044874540572,1042.45042798751
"BIGKAT _ C05 _ Right _ 2",-72.8013898166856,3.61153082234215,1030.11618618289,-62.3417443872911,15.6961497761321,1042.09551196809
"BIGKAT _ C05 _ Right _ 2",-73.9020818778894,4.6051896996351,1028.73395959885,-65.4253517171411,19.4025471265993,1040.83935779548
"BIGKAT _ C05 _ Right _ 2",-74.5205013645273,5.46981437432878,1027.01983049004,-68.6836828112764,24.0547526466806,1038.99522265078
"BIGKAT _ C05 _ Right _ 2",-74.5853222630933,6.08873624495256,1025.09917866869,-72.0631464312046,29.3861031282465,1036.80907376517
"BIGKAT _ C05 _ Right _ 2",-74.0914285631972,6.36965340503623,1023.10881528514,-75.4880940919134,35.1082159966416,1034.41348407812
"BIGKAT _ C05 _ Right _ 2",-73.1093296290952,6.26977268515033,1021.1827909245,-78.818605951669,40.8885033688587,1031.82966665963
"BIGKAT _ C05 _ Right _ 2",-71.7784607451211,5.8086928061982,1019.43999471486,-81.8347653898637,46.3434663053438,1029.01243382655
"BIGKAT _ C05 _ Right _ 2",-70.2869935390117,5.06593224694492,1017.97644552951,-84.2537646786517,51.0532232081586,1025.92141844993
"BIGKAT _ C05 _ Right _ 2",-68.8432078818073,4.16448278093558,1016.86211190805,-85.7760471186578,54.595471628358,1022.5949237969
"BIGKAT _ C05 _ Right _ 2",-67.6432621971247,3.24490421932722,1016.13962599646,-86.1491166489747,56.5937803591974,1019.20190111266
"BIGKAT _ C05 _ Right _ 2",-66.8395283873113,2.43599469781206,1015.8224958056,-85.2331446365015,56.7739341863364,1016.05238346817
"BIGKAT _ C05 _ Right _ 2",-66.5142803899592,1.82854508161707,1015.89307559163,-83.0505396033254,55.0198553972666,1013.55621026534
"BIGKAT _ C05 _ Right _ 2",-66.6648888085006,1.45846690304558,1016.30326998491,-79.802760317057,51.4166736866704,1012.13373826022
"BIGKAT _ C05 _ Right _ 2",-67.2064275572197,1.30424875863504,1016.98114912088,-75.8438075544282,46.2656431731671,1012.09945975358
"BIGKAT _ C05 _ Right _ 2",-67.9938040752737,1.30049832183721,1017.84351276462,-71.6122718663858,40.0582466706504,1013.55532179296
"BIGKAT _ C05 _ Right _ 2",-68.8586958103923,1.36426545588865,1018.80985089467,-67.5398583567653,33.4075593336594,1016.33576886936
"BIGKAT _ C05 _ Right _ 2",-69.6499293007075,1.42549227356761,1019.81073935305,-63.9662914002354,26.9512732907242,1020.03240216007
"BIGKAT _ C05 _ Right _ 2",-70.2635147574692,1.45012243674593,1020.7860743379,-61.0899943022314,21.2545010587342,1024.09433908797
"BIGKAT _ C05 _ Right _ 2",-70.6523592270548,1.44644089199857,1021.67468250898,-58.969156875562,16.7421603252129,1027.96711584374
"BIGKAT _ C05 _ Right _ 2",-70.8140511886373,1.45187505861483,1022.40254678171,-57.5664671829473,13.6776301045332,1031.21841510973
"BIGKAT _ C05 _ Right _ 2",-70.7638010516029,1.50567782972045,1022.87833148467,-56.8142403124135,12.1837498700479,1033.6099217955
"BIGKAT _ C05 _ Right _ 2",-70.5047505089841,1.61868070170815,1023.00168111033,-56.6715857623979,12.2858270329339,1035.10081475263
"BIGKAT _ C05 _ Right _ 2",-70.0078758666625,1.75229830165891,1022.68430255581,-57.1512451424957,13.9515678191108,1035.79405626043
"BIGKAT _ C05 _ Right _ 2",-69.2092928904689,1.81529559316735,1021.87859104039,-58.3065801522089,17.1095501082932,1035.85243777879
"BIGKAT _ C05 _ Right _ 2",-68.0259487121738,1.68035282645538,1020.60495716892,-60.1839395838799,21.6407031837789,1035.41577851414
"BIGKAT _ C05 _ Right _ 2",-66.384140993472,1.21570986896805,1018.96813703608,-62.7578042324634,27.3498175667145,1034.54611115403
"BIGKAT _ C05 _ Right _ 2",-64.2514759052202,0.322499994149877,1017.15533544659,-65.872385466719,33.9317170443445,1033.2173455784
"BIGKAT _ C05 _ Right _ 2",-61.6626774680515,-1.03283698445602,1015.41429896557,-69.2123577972015,40.948041036749,1031.35250249088
"BIGKAT _ C05 _ Right _ 2",-58.7320785089373,-2.7996521901716,1014.0150699161,-72.3180387285104,47.8274416291479,1028.89737784516
"BIGKAT _ C05 _ Right _ 2",-55.6490239286263,-4.84244719573981,1013.203268354,-74.6490206128375,53.8972547445375,1025.90706002967
"BIGKAT _ C05 _ Right _ 2",-52.655994327444,-6.9590342508796,1013.15482660564,-75.687434107997,58.4495354311873,1022.61428541423
"BIGKAT _ C05 _ Right _ 2",-50.0129466968804,-8.91415683293431,1013.94227743009,-75.0594531449886,60.8377001187744,1019.44901765131
"BIGKAT _ C05 _ Right _ 2",-47.9548979966743,-10.4819250701268,1015.52062957667,-72.6435682677565,60.5908654882023,1016.98855911442
"BIGKAT _ C05 _ Right _ 2",-46.6522223729315,-11.4880340243551,1017.73635176689,-68.6305476771184,57.5228171220912,1015.83713665869
"BIGKAT _ C05 _ Right _ 2",-46.1832469190212,-11.8419226627011,1020.3570054378,-63.5077691968921,51.8056715858489,1016.46058736304
"BIGKAT _ C05 _ Right _ 2",-46.5257994356055,-11.5506110720376,1023.11370451639,-57.9618604471489,43.9798499743943,1019.02741752015
"BIGKAT _ C05 _ Right _ 2",-47.5689718969941,-10.7103684702389,1025.74587830214,-52.7232273609005,34.8852283966643,1023.31828070776
"BIGKAT _ C05 _ Right _ 2",-49.1403616785535,-9.47890303463265,1028.0384457515,-48.4011130596605,25.5220446584598,1028.74920382613
"BIGKAT _ C05 _ Right _ 2",-51.0397357279331,-8.03717690502548,1029.84451920556,-45.3639819884259,16.8766537818717,1034.51068356143
"BIGKAT _ C05 _ Right _ 2",-53.0691891815299,-6.5532426107533,1031.09075035382,-43.7019722947933,9.76344644616723,1039.77516184302
"BIGKAT _ C05 _ Right _ 2",-55.0527865310589,-5.15878275450115,1031.76671495073,-43.2748025460876,4.72864283766708,1043.89727335961
"BIGKAT _ C05 _ Right _ 2",-56.8439364093783,-3.94304917909369,1031.9038732346,-43.8170723668243,2.03446349976055,1046.53969446122
"BIGKAT _ C05 _ Right _ 2",-58.3238259266929,-2.96165411262735,1031.55247770305,-45.0568830873468,1.70808546956138,1047.69377009312
"BIGKAT _ C05 _ Right _ 2",-59.3969606766954,-2.25244944764896,1030.76479816711,-46.8059328341908,3.61768209814175,1047.60540035598
"BIGKAT _ C05 _ Right _ 2",-59.989464497563,-1.84931192506587,1029.58978444222,-48.9943851921845,7.53703071075876,1046.64433406855
"BIGKAT _ C05 _ Right _ 2",-60.0530048623086,-1.78695934964789,1028.0791980338,-51.6446509677775,13.176529605806,1045.16405121094
"BIGKAT _ C05 _ Right _ 2",-59.5736283174702,-2.09463834919674,1026.30064280731,-54.7986954792266,20.1804656355241,1043.39416185142
"BIGKAT _ C05 _ Right _ 2",-58.582063775193,-2.78165925698172,1024.35056496937,-58.4283984501077,28.1068858501834,1041.39352211789
"BIGKAT _ C05 _ Right _ 2",-57.1610867595389,-3.82122403085671,1022.36057292867,-62.363532768174,36.411717361018,1039.07383934
"BIGKAT _ C05 _ Right _ 2",-55.4461825292142,-5.13955798370148,1020.49269109641,-66.2655967408469,44.4539897276844,1036.28335937346
"BIGKAT _ C05 _ Right _ 2",-53.6172087734864,-6.615320382115,1018.92249213957,-69.6608621344022,51.529872906441,1032.92254884461
"BIGKAT _ C05 _ Right _ 2",-51.8804742652972,-8.09100656197408,1017.81276579571,-72.0279950523961,56.9352176147271,1029.05329904181
"BIGKAT _ C05 _ Right _ 2",-50.4426936618194,-9.39481192474575,1017.28386129231,-72.9191963595172,60.05079993739,1024.96286936546
"BIGKAT _ C05 _ Right _ 2",-49.4807826137104,-10.3687461516393,1017.38899404611,-72.0820775479932,60.4394510230734,1021.1538488898
"BIGKAT _ C05 _ Right _ 2",-49.1137997037338,-10.896824800485,1018.1021870063,-69.5452212824128,57.9380143105554,1018.25106528998
"BIGKAT _ C05 _ Right _ 2",-49.3842197278219,-10.9262488220962,1019.3226394491,-65.6366771045769,52.7213046667545,1016.84344668651
"BIGKAT _ C05 _ Right _ 2",-50.2540368848798,-10.4753078493905,1020.89372409812,-60.9230013501478,45.3144152543449,1017.30687784413
"BIGKAT _ C05 _ Right _ 2",-51.6169319594359,-9.62497308557979,1022.63018975795,-56.0832807502572,36.5380194055081,1019.67077366332
"BIGKAT _ C05 _ Right _ 2",-53.3223474560374,-8.49645357811636,1024.34542382538,-51.7577370992096,27.3893397994955,1023.58322651564
"BIGKAT _ C05 _ Right _ 2",-55.2032936676509,-7.22240506019777,1025.87214112699,-48.4211650267884,18.883959342209,1028.39404956849
"BIGKAT _ C05 _ Right _ 2",-57.0992404018042,-5.92207568783133,1027.07365199035,-46.3203712665017,11.9000456573268,1033.32634303381
"BIGKAT _ C05 _ Right _ 2",-58.8688877387224,-4.68852184361421,1027.84712887337,-45.4867149367108,7.06639589787422,1037.67127677948
"BIGKAT _ C05 _ Right _ 2",-60.3930748210728,-3.5899062010213,1028.12303331912,-45.8044527012431,4.71711620958825,1040.93690088012
"BIGKAT _ C05 _ Right _ 2",-61.5726075341807,-2.68007326138553,1027.86497646375,-47.0975597332955,4.90875247912644,1042.90872839413
"BIGKAT _ C05 _ Right _ 2",-62.3271331429783,-2.00974135800949,1027.07227352017,-49.1978304633287,7.47515283337184,1043.61931721047
"BIGKAT _ C05 _ Right _ 2",-62.5990699653811,-1.63050017656957,1025.78475866226,-51.9715006825936,12.0901285415133,1043.2562380263
"BIGKAT _ C05 _ Right _ 2",-62.362590378637,-1.58840670611507,1024.08724302294,-55.3020192083453,18.316608072442,1042.05247722257
"BIGKAT _ C05 _ Right _ 2",-61.6341509969854,-1.90960318609317,1022.11002954355,-59.0447524686098,25.635491994981,1040.20047011555
"BIGKAT _ C05 _ Right _ 2",-60.4798122049282,-2.58423793845477,1020.02254167877,-62.9794348410612,33.4597851295978,1037.81589330798
"BIGKAT _ C05 _ Right _ 2",-59.0156398288761,-3.55563080850725,1018.01910108131,-66.7857572148426,41.145851523453,1034.9568117512
"BIGKAT _ C05 _ Right _ 2",-57.3995203879519,-4.71951489322797,1016.29817712469,-70.0583969941516,48.0143074960999,1031.68416165235
"BIGKAT _ C05 _ Right _ 2",-55.8145474031049,-5.93485753373793,1015.0381190064,-72.3642790306887,53.3904090366558,1028.13578031243
"BIGKAT _ C05 _ Right _ 2",-54.445632894406,-7.04462383743962,1014.37330905785,-73.3308586417861,56.6687528470693,1024.58099024633
"BIGKAT _ C05 _ Right _ 2",-53.4526429493429,-7.90243689459486,1014.37497914421,-72.7423571400214,57.3989327055707,1021.42692346814
"BIGKAT _ C05 _ Right _ 2",-52.9451419159039,-8.39938199519266,1015.04042992512,-70.6137376134384,55.3775993826944,1019.16126879309
"BIGKAT _ C05 _ Right _ 2",-52.9648716280045,-8.48435064785726,1016.29286180533,-67.2134790531295,50.721647274882,1018.23793125162
"BIGKAT _ C05 _ Right _ 2",-53.4812028745093,-8.17197527417536,1017.99180518474,-63.0191834964486,43.893231176923,1018.93784335764
"BIGKAT _ C05 _ Right _ 2",-54.4014945600879,-7.53505172800411,1019.95199214155,-58.6134511924297,35.6554533497586,1021.25653415916
"BIGKAT _ C05 _ Right _ 2",-55.5934911275935,-6.68320937327782,1021.96703369978,-54.5524207665856,26.958285848051,1024.86945285723
"BIGKAT _ C05 _ Right _ 2",-56.9126655460502,-5.73482144319191,1023.83371106748,-51.2524981608672,18.7805057558309,1029.19889179441
"BIGKAT _ C05 _ Right _ 2",-58.2259553928851,-4.79205467973113,1025.37314616085,-48.9331840213966,11.9721685038486,1033.56295424453
"BIGKAT _ C05 _ Right _ 2",-59.4256191768141,-3.92743160969345,1026.44647145811,-47.6288665116498,7.14192238849986,1037.35123266249
"BIGKAT _ C05 _ Right _ 2",-60.4319492258268,-3.18463600715835,1026.96437014321,-47.2538088442234,4.61334309082481,1040.16376771037
"BIGKAT _ C05 _ Right _ 2",-61.1886820709655,-2.58953055243527,1026.89120026354,-47.6864748587583,4.44608948971918,1041.87054868346
"BIGKAT _ C05 _ Right _ 2",-61.6574305696002,-2.16323080159312,1026.24474619925,-48.8375863984542,6.49655748429923,1042.58287165372
"BIGKAT _ C05 _ Right _ 2",-61.8161811785158,-1.92954961654974,1025.0920141942,-50.6779860432371,10.4871819669043,1042.55809273631
"BIGKAT _ C05 _ Right _ 2",-61.6628689650878,-1.91334081712598,1023.54059534877,-53.2205101172714,16.0615668468575,1042.07665470148
"BIGKAT _ C05 _ Right _ 2",-61.2208261857715,-2.13152239052524,1021.72502135548,-56.4673881207951,22.8163277725564,1041.33327304962
"BIGKAT _ C05 _ Right _ 2",-60.54116211021,-2.58203925776648,1019.78908381497,-60.3456650738444,30.3122921275804,1040.37508871075
"BIGKAT _ C05 _ Right _ 2",-59.6988590569219,-3.23630671987391,1017.86775946615,-64.6555287784363,38.0738681360093,1039.1025515869
"BIGKAT _ C05 _ Right _ 2",-58.7830879223812,-4.03829813359085,1016.07403450462,-69.0514675140878,45.5866976114221,1037.32924324031
"BIGKAT _ C05 _ Right _ 2",-57.8852415410732,-4.91025599196117,1014.49462423883,-73.0669186573912,52.3028673919062,1034.88026531685
"BIGKAT _ C05 _ Right _ 2",-57.0886768270818,-5.76277716875019,1013.19466418534,-76.1820323255537,57.6616644720095,1031.69880022496
"BIGKAT _ C05 _ Right _ 2",-56.4623777149527,-6.50644262133151,1012.22720698556,-77.9227956814928,61.1315940965395,1027.92794661137
"BIGKAT _ C05 _ Right _ 2",-56.0583151894154,-7.06283671410648,1011.64116219038,-77.9694969815787,62.2745628277793,1023.93949153707
"BIGKAT _ C05 _ Right _ 2",-55.9108509529082,-7.37378538591842,1011.48223598085,-76.2458555103501,60.8251382978915,1020.29252971544
"BIGKAT _ C05 _ Right _ 2",-56.036759649275,-7.40807555037123,1011.78493617191,-72.9602761397416,56.768196952019,1017.62244740129
"BIGKAT _ C05 _ Right _ 2",-56.4356363976095,-7.16462612290912,1012.55796425669,-68.5800555782268,50.3908147711017,1016.48291321357
"BIGKAT _ C05 _ Right _ 2",-57.091176279741,-6.67079349974395,1013.76823791703,-63.7379659850694,42.2838128800626,1017.18470379965
"BIGKAT _ C05 _ Right _ 2",-57.9731807540321,-5.97529595834822,1015.32942108186,-59.0940675299634,33.2786658781182,1019.685661883
"BIGKAT _ C05 _ Right _ 2",-59.0387945474354,-5.13746608039407,1017.09963180305,-55.1944293658717,24.3259034965988,1023.57571482075
"BIGKAT _ C05 _ Right _ 2",-60.2310933685142,-4.21702003022917,1018.89083496055,-52.3719857702567,16.3443560232816,1028.16821640562
"BIGKAT _ C05 _ Right _ 2",-61.474842573422,-3.26914158376472,1020.48982576469,-50.7188054853268,10.0842904476752,1032.66745087186
"BIGKAT _ C05 _ Right _ 2",-62.6723236839905,-2.34710426173981,1021.68798054295,-50.1307253665471,6.04200523738602,1036.35415481416
"BIGKAT _ C05 _ Right _ 2",-63.7043671832369,-1.50993309916593,1022.31461029434,-50.3988176533795,4.44053231800718,1038.73065114817
"BIGKAT _ C05 _ Right _ 2",-64.4410205635395,-0.828747062387081,1022.26739299331,-51.3089139362315,5.26401880810242,1039.59053829353
"BIGKAT _ C05 _ Right _ 2",-64.7623118015899,-0.385163914109621,1021.53335477307,-52.713038417951,8.31675079071407,1039.00859788793
"BIGKAT _ C05 _ Right _ 2",-64.5843398147381,-0.258876164957242,1020.19541602361,-54.5509190008317,13.2774913239557,1037.27039505126
"BIGKAT _ C05 _ Right _ 2",-63.882440107082,-0.507112364898987,1018.42252874987,-56.8193834685587,19.7318905874069,1034.77264881574
"BIGKAT _ C05 _ Right _ 2",-62.7033833880066,-1.14316736139259,1016.44516769127,-59.5062490394952,27.1819496825439,1031.92612127278
"BIGKAT _ C05 _ Right _ 2",-61.1622618988342,-2.12239143386992,1014.52120700182,-62.5178036679059,35.0445786830729,1029.08556357245
"BIGKAT _ C05 _ Right _ 2",-59.4249395575318,-3.34163693384484,1012.89905055042,-65.6311980810487,42.6570986446223,1026.51871797247
"BIGKAT _ C05 _ Right _ 2",-57.6812079471733,-4.65348991819362,1011.78484451832,-68.4942279568851,49.3054725277788,1024.41142066526
"BIGKAT _ C05 _ Right _ 2",-56.1154525136846,-5.89177836341291,1011.31875187553,-70.6784188869184,54.2832276281093,1022.89324592395
"BIGKAT _ C05 _ Right _ 2",-54.8807215210149,-6.90162755082303,1011.56236730748,-71.7729962815084,56.978642219307,1022.06301132881
"BIGKAT _ C05 _ Right _ 2",-54.0800454810354,-7.56641642378817,1012.49676396507,-71.4928150462417,56.9771828113413,1021.99768961721
"BIGKAT _ C05 _ Right _ 2",-53.7570980164911,-7.82515230899543,1014.02942562905,-69.7663876276697,54.1569113386645,1022.7392232136
"BIGKAT _ C05 _ Right _ 2",-53.896927583272,-7.67657850672623,1016.00823904755,-66.7733197939586,48.7491591784319,1024.26633561567
"BIGKAT _ C05 _ Right _ 2",-54.4357637987248,-7.17026140164235,1018.24084536925,-62.9148851425066,41.3392830548154,1026.46734964266
"BIGKAT _ C05 _ Right _ 2",-55.2767501355787,-6.38894800852122,1020.51742300348,-58.724397783959,32.7956900101747,1029.13115872857
"BIGKAT _ C05 _ Right _ 2",-56.3069248745653,-5.42897860049309,1022.63446384077,-54.7470172855486,24.1373817171289,1031.96598464097
"BIGKAT _ C05 _ Right _ 2",-57.4109204919063,-4.38511555905481,1024.41650958296,-51.4303818919377,16.3724760911197,1034.64315858797
"BIGKAT _ C05 _ Right _ 2",-58.4788485846414,-3.34304704278096,1025.73251742388,-49.0610566270967,10.3509267231354,1036.85247726255
"BIGKAT _ C05 _ Right _ 2",-59.4089452120585,-2.37897191621298,1026.50424168528,-47.7600591639884,6.66671935657157,1038.35182865356
"BIGKAT _ C05 _ Right _ 2",-60.1083100627768,-1.56299562934005,1026.70608219621,-47.5250514003012,5.621904165598,1038.99755977779
"BIGKAT _ C05 _ Right _ 2",-60.4958445055215,-0.962047455912952,1026.35846060048,-48.2896741015288,7.24037645871352,1038.75056851622
"BIGKAT _ C05 _ Right _ 2",-60.5096621860344,-0.638458875086766,1025.51851704076,-49.968439197392,11.3066655720222,1037.66208376408
"BIGKAT _ C05 _ Right _ 2",-60.1179010959762,-0.642403447413337,1024.27185231403,-52.4672335841732,17.4080237795763,1035.84906753413
"BIGKAT _ C05 _ Right _ 2",-59.3290340722536,-0.999790318489761,1022.72721468026,-55.6584286051064,24.9706704670525,1033.47064170435
"BIGKAT _ C05 _ Right _ 2",-58.1970838704237,-1.70018148802785,1021.01334628563,-59.337716956091,33.2933249081504,1030.71418252249
"BIGKAT _ C05 _ Right _ 2",-56.8189392687624,-2.68993676832913,1019.27515678944,-63.1898265605047,41.5866522801723,1027.79366191068
"BIGKAT _ C05 _ Right _ 2",-55.3240419777671,-3.87388391990473,1017.66623735123,-66.7883578097863,49.0258355680088,1024.95504061888
"BIGKAT _ C05 _ Right _ 2",-53.8590958915261,-5.12590579195897,1016.33645651468,-69.6425201301234,54.8191253057272,1022.47724627225
"BIGKAT _ C05 _ Right _ 2",-52.5709865733465,-6.30649781881306,1015.41574061498,-71.2858581194086,58.2908158738754,1020.65643748055
"BIGKAT _ C05 _ Right _ 2",-51.5903318453749,-7.28394707518509,1014.99681070089,-71.3852958846589,58.9721225865444,1019.76755298655
"BIGKAT _ C05 _ Right _ 2",-51.0173750177447,-7.95491180242134,1015.12023292927,-69.8379085496391,56.686525071567,1020.00823156254
"BIGKAT _ C05 _ Right _ 2",-50.9119001434558,-8.25973939715731,1015.76502685618,-66.8214857947521,51.6088449034175,1021.4409729482
"BIGKAT _ C05 _ Right _ 2",-51.2888868215778,-8.18841389388288,1016.84757442582,-62.7755572337091,44.27447629416,1023.95472221121
"BIGKAT _ C05 _ Right _ 2",-52.1208162507505,-7.77520204535747,1018.23057335394,-58.3111236202225,35.5218527882081,1027.26368126041
"BIGKAT _ C05 _ Right _ 2",-53.3457430653734,-7.08372443150599,1019.74205824599,-54.0733513056963,26.3688929303621,1030.94926927411
"BIGKAT _ C05 _ Right _ 2",-54.8782248669719,-6.18802048434479,1021.20193741404,-50.6007920953886,17.8480710068359,1034.53537762349
"BIGKAT _ C05 _ Right _ 2",-56.6191081908143,-5.1571934967055,1022.45042797848,-48.2270023773197,10.8438168296257,1037.57505821868
"BIGKAT _ C05 _ Right _ 2",-58.4609599553211,-4.04981590659084,1023.37075538419,-47.053301715941,5.97773907466854,1039.72448722663
"BIGKAT _ C05 _ Right _ 2",-60.2886803219249,-2.91954162678844,1023.89954195364,-46.9928023378365,3.56765314872048,1040.78730694809
"BIGKAT _ C05 _ Right _ 2",-61.9782533151228,-1.82751294407944,1024.02281257733,-47.8594167128353,3.65569541374296,1040.72393132086
"BIGKAT _ C05 _ Right _ 2",-63.3986369433739,-0.853291754554613,1023.76134987776,-49.4622912163582,6.07641899200604,1039.63040266943
"BIGKAT _ C05 _ Right _ 2",-64.4210482669926,-0.0962585432989059,1023.1531540357,-51.6691948364171,10.5290729001999,1037.69714667179
"BIGKAT _ C05 _ Right _ 2",-64.9364527250962,0.336384593580405,1022.24100209046,-54.4181183971294,16.6282970044373,1035.15976560114
"BIGKAT _ C05 _ Right _ 2",-64.8774597210983,0.352673500941799,1021.06955983979,-57.6778574746164,23.9252711894332,1032.25370721762
"BIGKAT _ C05 _ Right _ 2",-64.2374458048305,-0.0976310338278932,1019.69112972646,-61.3782089277971,31.9073581311662,1029.18347592289
"BIGKAT _ C05 _ Right _ 2",-63.0796421139162,-1.00263094323591,1018.1748574593,-65.3419881140127,39.9928175936928,1026.11391223824
"BIGKAT _ C05 _ Right _ 2",-61.5323850295289,-2.28116841312735,1016.61318678611,-69.250573242014,47.5375819458356,1023.18410166287
"BIGKAT _ C05 _ Right _ 2",-59.7716990325747,-3.7913993892545,1015.12139147621,-72.662887298047,53.866038554928,1020.53485329073
"BIGKAT _ C05 _ Right _ 2",-57.9960607500002,-5.3527553989968,1013.82913451436,-75.0893091413811,58.330266260508,1018.3332657565
"BIGKAT _ C05 _ Right _ 2",-56.3992593143396,-6.77594652790411,1012.86539532924,-76.1029131417844,60.3935945470605,1016.7773957006
"BIGKAT _ C05 _ Right _ 2",-55.1464008230127,-7.89433170638092,1012.33940587003,-75.4560926879709,59.7251717380911,1016.07157919804
"BIGKAT _ C05 _ Right _ 2",-54.3565686303881,-8.58992274160052,1012.32095630078,-73.1654238751088,56.2840435603258,1016.37585584564
"BIGKAT _ C05 _ Right _ 2",-54.0940228010343,-8.80842032722323,1012.8239633514,-69.5341507561106,50.3672446760411,1017.74606676254
"BIGKAT _ C05 _ Right _ 2",-54.3680818102126,-8.56016595299516,1013.79747986906,-65.0994000941475,42.5998659706681,1020.08851353883
"BIGKAT _ C05 _ Right _ 2",-55.140031221793,-7.90760614052682,1015.1278207468,-60.515734679283,33.8575837164136,1023.15016472187
"BIGKAT _ C05 _ Right _ 2",-56.3339665922393,-6.94397986459805,1016.65344537077,-56.4097509649295,25.1321650696235,1026.55244552734
"BIGKAT _ C05 _ Right _ 2",-57.8479916406264,-5.77086027292922,1018.19057656335,-53.25223952302,17.3717327980212,1029.85949010626
"BIGKAT _ C05 _ Right _ 2",-59.5630604214785,-4.48218989664509,1019.56353515818,-51.2881933696199,11.3396066137608,1032.65903668722
"BIGKAT _ C05 _ Right _ 2",-61.3488622362621,-3.15900563057502,1020.63163420108,-50.5421876079404,7.52936963798275,1034.63170707921
"BIGKAT _ C05 _ Right _ 2",-63.0686058001318,-1.87364082793019,1021.30570957062,-50.8876533381677,6.15038036580572,1035.59163889402
"BIGKAT _ C05 _ Right _ 2",-64.5858639094361,-0.697662319638774,1021.55145239915,-52.1464243084073,7.16993911047814,1035.49314579157
"BIGKAT _ C05 _ Right _ 2",-65.7756809540404,0.293454205675193,1021.38148806389,-54.1778186608685,10.3810533660595,1034.40872707367
"BIGKAT _ C05 _ Right _ 2",-66.5392735372721,1.0234479564404,1020.84136880237,-56.9246756152602,15.4650645926577,1032.4900259025
"BIGKAT _ C05 _ Right _ 2",-66.8186138718736,1.426170728881,1019.99524240577,-60.4021201377845,22.0320027747286,1029.92486346107
"BIGKAT _ C05 _ Right _ 2",-66.6059177764436,1.46006979598095,1018.91526999595,-64.6364956647278,29.6382736939442,1026.90206736279
"BIGKAT _ C05 _ Right _ 2",-65.944454832886,1.12032648585955,1017.67617536624,-69.5797298035481,37.7919031856813,1023.59303874426
"BIGKAT _ C05 _ Right _ 2",-64.9204630298223,0.444013956207624,1016.35407065155,-75.0324446521631,45.9566484054693,1020.15438946639
"BIGKAT _ C05 _ Right _ 2",-63.6493441226435,-0.493137126343853,1015.02771354097,-80.6054684844379,53.5615833686544,1016.74869180954
"BIGKAT _ C05 _ Right _ 2",-62.2607279909371,-1.58672749701659,1013.78034426539,-85.7372607195847,60.019101566454,1013.57215626325
"BIGKAT _ C05 _ Right _ 2",-60.8857703448402,-2.7174938569564,1012.70037760825,-89.7695322805772,64.7548797573386,1010.87285998129
"BIGKAT _ C05 _ Right _ 2",-59.6474067839092,-3.76639694892362,1011.87907249536,-92.0686350994777,67.2551857887774,1008.94411398115
"BIGKAT _ C05 _ Right _ 2",-58.6523155043136,-4.62933301699934,1011.40333907704,-92.1673243802544,67.1344768449983,1008.08519115064
"BIGKAT _ C05 _ Right _ 2",-57.9833282533191,-5.22999450185572,1011.34282495278,-89.8916254121354,64.2171205812312,1008.53405181335
"BIGKAT _ C05 _ Right _ 2",-57.6926179129295,-5.52876838387509,1011.73263346742,-85.4342790394747,58.6142689507755,1010.38997828449
"BIGKAT _ C05 _ Right _ 2",-57.7976440105263,-5.52502226574203,1012.55600778105,-79.3444819717968,50.7672430983454,1013.55286523192
"BIGKAT _ C05 _ Right _ 2",-58.2819594982853,-5.25101781878357,1013.73371274167,-72.425890546015,41.429590841064,1017.70535442126
"BIGKAT _ C05 _ Right _ 2",-59.1010537594587,-4.75862038051554,1015.12671651793,-65.5664054342498,31.5753409565444,1022.35189378804
"BIGKAT _ C05 _ Right _ 2",-60.1905400622023,-4.10383892050217,1016.55498553939,-59.5509661371629,22.2479090047535,1026.90839375371
"BIGKAT _ C05 _ Right _ 2",-61.4723128316459,-3.33642920713674,1017.82894143554,-54.9172342836309,14.390687960387,1030.81652629894
"BIGKAT _ C05 _ Right _ 2",-62.8554171985173,-2.50004843625539,1018.78460620478,-51.8970168063358,8.71037843505722,1033.64794933553
"BIGKAT _ C05 _ Right _ 2",-64.2321156258649,-1.64293998175006,1019.31180088685,-50.4515278432955,5.6092104323752,1035.16964429777
"BIGKAT _ C05 _ Right _ 2",-65.4738788622879,-0.832850981756147,1019.36781190998,-50.3736392129298,5.19099959279465,1035.35738107312
"BIGKAT _ C05 _ Right _ 2",-66.4339028655405,-0.166655310981041,1018.97483739052,-51.4103370300292,7.31784686779127,1034.36152846296
"BIGKAT _ C05 _ Right _ 2",-66.9606246252636,0.233083612031924,1018.20516018619,-53.3586644071001,11.6833149252333,1032.44168497989
"BIGKAT _ C05 _ Right _ 2",-66.9214279777008,0.236632123429708,1017.16094540485,-56.104420097545,17.8745526581643,1029.89198838951
"BIGKAT _ C05 _ Right _ 2",-66.2301473639219,-0.264023131503463,1015.95517822701,-59.5968783394133,25.4112735370379,1026.97850406558
"BIGKAT _ C05 _ Right _ 2",-64.8692700903921,-1.32514755682302,1014.69767461843,-63.7763073777459,33.7637413930037,1023.90517437049
"BIGKAT _ C05 _ Right _ 2",-62.8995067479505,-2.92974178344567,1013.48724185094,-68.4867384583653,42.3592350575987,1020.8157925804
"BIGKAT _ C05 _ Right _ 2",-60.4544462412687,-4.98077011068281,1012.40911983625,-73.4102310136829,50.5871244941903,1017.82707886296
"BIGKAT _ C05 _ Right _ 2",-57.7231037961161,-7.31032997904825,1011.53571940149,-78.0514521387733,57.8108229636318,1015.07565681047
"BIGKAT _ C05 _ Right _ 2",-54.9256688207221,-9.70182930278346,1010.92809775543,-81.7865636427178,63.393782639747,1012.7550402259
"BIGKAT _ C05 _ Right _ 2",-52.2874750235555,-11.9202308212548,1010.63576886352,-83.9721183874803,66.7458333595804,1011.12127222238
"BIGKAT _ C05 _ Right _ 2",-50.0147082936199,-13.7451389084185,1010.69344725138,-84.0909018820556,67.3924778213865,1010.45698388435
"BIGKAT _ C05 _ Right _ 2",-48.2741111297928,-15.0018461975048,1011.11483574244,-81.8960715058988,65.061363132764,1010.99957990442
"BIGKAT _ C05 _ Right _ 2",-47.1783803992577,-15.5856408557564,1011.88518377902,-77.5080664275957,59.7685533043279,1012.85504048015
"BIGKAT _ C05 _ Right _ 2",-46.7786695172031,-15.4748296255763,1012.95562864661,-71.426238858858,51.877064831361,1015.92895601382
"BIGKAT _ C05 _ Right _ 2",-47.0648793292262,-14.7290867270533,1014.24262141242,-64.4407567917468,42.0976539596701,1019.90556392213
"BIGKAT _ C05 _ Right _ 2",-47.9728801363968,-13.4729076104197,1015.63449878425,-57.4643369633652,31.4125997740166,1024.29128186849
"BIGKAT _ C05 _ Right _ 2",-49.3959480093284,-11.8687009881548,1017.00471247164,-51.3344703648505,20.9280432416068,1028.51543715685
"BIGKAT _ C05 _ Right _ 2",-51.1967697534784,-10.0880301125831,1018.22843981044,-46.6495107141617,11.6909545830674,1032.05793462663
"BIGKAT _ C05 _ Right _ 2",-53.2173427923702,-8.28991184920948,1019.19772480126,-43.688152349145,4.52611554557595,1034.56280338566
"BIGKAT _ C05 _ Right _ 2",-55.2865890444372,-6.61110255126137,1019.831037611,-42.4274790407284,-0.0580925104916026,1035.90279077166
"BIGKAT _ C05 _ Right _ 2",-57.2279153761787,-5.16708317972967,1020.07607359928,-42.6371932290901,-1.87740925787183,1036.17887397134
"BIGKAT _ C05 _ Right _ 2",-58.869739942489,-4.05746612631383,1019.90805683218,-44.0038513050849,-1.0121411695436,1035.65978701659
"BIGKAT _ C05 _ Right _ 2",-60.0607210342694,-3.368163412084,1019.32758015984,-46.2360884844178,2.278636951967,1034.68232715608
"BIGKAT _ C05 _ Right _ 2",-60.6887458441911,-3.16516842853262,1018.36113320633,-49.1167888032948,7.62919525957129,1033.54112697139
"BIGKAT _ C05 _ Right _ 2",-60.6999286997493,-3.47984662009388,1017.06474442167,-52.4927918623197,14.6032455114542,1032.39857085297
"BIGKAT _ C05 _ Right _ 2",-60.1122996223856,-4.29091111319676,1015.52828970238,-56.2179457708705,22.6939839717017,1031.24250447336
"BIGKAT _ C05 _ Right _ 2",-59.0194125362655,-5.51133546833565,1013.87650980847,-60.0828822357879,31.3056679774587,1029.90914043456
"BIGKAT _ C05 _ Right _ 2",-57.5815652780737,-6.98789616788526,1012.26331494974,-63.7693160189005,39.7426431668029,1028.16955918171
"BIGKAT _ C05 _ Right _ 2",-56.0054798558365,-8.5172541228935,1010.8581079153,-66.8570802200165,47.2298421025598,1025.85494680002
"BIGKAT _ C05 _ Right _ 2",-54.5158164741928,-9.87723519140956,1009.82546072596,-68.8920883116852,52.9781086769231,1022.97791304035
"BIGKAT _ C05 _ Right _ 2",-53.323292976501,-10.8670632793945,1009.30154294548,-69.4992701439178,56.2914567961873,1019.80314047059
"BIGKAT _ C05 _ Right _ 2",-52.5948209796568,-11.3468985565288,1009.37184227399,-68.503904240344,56.6959458354291,1016.83279646497
"BIGKAT _ C05 _ Right _ 2",-52.4313428541849,-11.2658793278148,1010.05487175527,-66.0155795964707,54.0563175667735,1014.69842302151
"BIGKAT _ C05 _ Right _ 2",-52.8585019964805,-10.6696836470875,1011.29567078593,-62.4371388533906,48.6420702202257,1013.98528991695
"BIGKAT _ C05 _ Right _ 2",-53.8327673355941,-9.68388838584816,1012.97095729635,-58.3862820128893,41.1131795297719,1015.04581019149
"BIGKAT _ C05 _ Right _ 2",-55.2608413185783,-8.47726773941088,1014.90501834981,-54.5510431516253,32.4173843449867,1017.86990864382
"BIGKAT _ C05 _ Right _ 2",-57.0249106490222,-7.21672110895469,1016.89266212521,-51.5266639557049,23.6200157837389,1022.06189477635
"BIGKAT _ C05 _ Right _ 2",-59.0037205480379,-6.02893175857003,1018.72404617785,-49.6873166801359,15.7123029248295,1026.93149246766
"BIGKAT _ C05 _ Right _ 2",-61.0816798350411,-4.98113186080799,1020.206728575,-49.1294905320969,9.45243535993653,1031.66290945976
"BIGKAT _ C05 _ Right _ 2",-63.144530306164,-4.08580386222515,1021.182464778,-49.6946399815093,5.27986110885311,1035.50229359252
"BIGKAT _ C05 _ Right _ 2",-65.0673888623446,-3.32518180191371,1021.53882919715,-51.0518188494609,3.31406186217924,1037.90799411295
"BIGKAT _ C05 _ Right _ 2",-66.7055274743634,-2.68439284797688,1021.217372931,-52.8068182081921,3.41933813363914,1038.63104107137
"BIGKAT _ C05 _ Right _ 2",-67.8978567550682,-2.17932954518109,1020.21992944393,-54.6041500076373,5.2999007933452,1037.7203502728
"BIGKAT _ C05 _ Right _ 2",-68.4877617156556,-1.86779842469867,1018.61281351282,-56.1972921930206,8.58914629950655,1035.46726601328
"BIGKAT _ C05 _ Right _ 2",-68.3577285183476,-1.83924212109438,1016.52602970777,-57.4754734093733,12.9098277646689,1032.31351904577
"BIGKAT _ C05 _ Right _ 2",-67.4664089003566,-2.18678855982108,1014.14315227355,-58.4484615922508,17.9002540078002,1028.74770111525
"BIGKAT _ C05 _ Right _ 2",-65.8731196809284,-2.97229900617358,1011.67913788862,-59.2019942050717,23.2173461715153,1025.21200624239
"BIGKAT _ C05 _ Right _ 2",-63.7377909479987,-4.19780795917105,1009.34810951052,-59.8430161807913,28.5342937854009,1022.03565036013
"BIGKAT _ C05 _ Right _ 2",-61.2933492776456,-5.79420953571507,1007.32854903595,-60.4535192096789,33.5471002380971,1019.40411138785
"BIGKAT _ C05 _ Right _ 2",-58.7981692348432,-7.63137540802135,1005.73566502436,-61.0648534540366,37.9939732273431,1017.36416016763
"BIGKAT _ C05 _ Right _ 2",-56.4832623418976,-9.5460691184053,1004.60828513287,-61.6545915592975,41.6809040934333,1015.85569471516
"BIGKAT _ C05 _ Right _ 2",-54.5094937883089,-11.3783525205273,1003.91227679725,-62.1601143794386,44.501744841019,1014.75609552535
"BIGKAT _ C05 _ Right _ 2",-52.9452486242866,-13.0054889737252,1003.55759475632,-62.499848081365,46.4433266060469,1013.92324280247
"BIGKAT _ C05 _ Right _ 2",-51.7676888614393,-14.3644003571602,1003.42345531246,-62.5942766124998,47.5729213251723,1013.22830108712
"BIGKAT _ C05 _ Right _ 2",-50.8840260917345,-15.4580440561702,1003.38545839492,-62.3822440942123,48.0122591112246,1012.5753515352
"BIGKAT _ C05 _ Right _ 2",-50.1648374074904,-16.3459287804442,1003.33884176159,-61.8311907391225,47.9063538864556,1011.90886689582
"BIGKAT _ C05 _ Right _ 2",-49.4798644560977,-17.1229750248995,1003.21335869498,-60.9415938165027,47.3957538549423,1011.21134466656
"BIGKAT _ C05 _ Right _ 2",-48.7276022946555,-17.8931926028292,1002.97757180603,-59.7462855197503,46.5982446343196,1010.49363969475
"BIGKAT _ C05 _ Right _ 2",-47.8526819707862,-18.7449805894767,1002.63313859266,-58.3053575003157,45.6019434514401,1009.78103496691
"BIGKAT _ C05 _ Right _ 2",-46.8488626748271,-19.7335263719671,1002.20215983084,-56.6974672732751,44.4677976046606,1009.09872473126
"BIGKAT _ C05 _ Right _ 2",-45.7493251510037,-20.8733546313879,1001.7121807773,-55.0084941816494,43.2371112141845,1008.46023935922
"BIGKAT _ C05 _ Right _ 2",-44.6087143852121,-22.141303821011,1001.18349314001,-53.3187230101906,41.9394750797215,1007.861210145
"BIGKAT _ C05 _ Right _ 2",-43.482432917572,-23.4878300150781,1000.62208430077,-51.6902285291285,40.5980129450171,1007.27940398789
"BIGKAT _ C05 _ Right _ 2",-42.4082792737732,-24.8530360914451,1000.01963442146,-50.156584373368,39.2310987285055,1006.68061027084
"BIGKAT _ C05 _ Right _ 2",-41.3941826869079,-26.1833428657996,999.360043308503,-48.7167911431574,37.8514362174398,1006.02873910797
"BIGKAT _ C05 _ Right _ 2",-40.4138732889659,-27.4451945210741,998.63032124149,-47.3343225415241,36.4639886420694,1005.29759121923
"BIGKAT _ C05 _ Right _ 2",-39.4102198523222,-28.633451050205,997.832430094056,-45.9410037971673,35.0638651811718,1004.48155202386
"BIGKAT _ C05 _ Right _ 2",-38.3042523915724,-29.7738313629402,996.99216393786,-44.4445508935623,33.6345115238883,1003.60290268772
"BIGKAT _ C05 _ Right _ 2",-37.0070471870248,-30.920404059555,996.161819668834,-42.7380815175648,32.1459590348645,1002.71418445573
"BIGKAT _ C05 _ Right _ 2",-35.4316837862128,-32.150143127724,995.415195064068,-40.7097837120382,30.552769747828,1001.89492935014
"BIGKAT _ C05 _ Right _ 2",-33.5031276321226,-33.5566711631176,994.835720573248,-38.2513498109141,28.7917535195787,1001.24307065954
"BIGKAT _ C05 _ Right _ 2",-31.1649861112829,-35.2445031514691,994.500463095077,-35.2647502495649,26.7804006021497,1000.8623298921
"BIGKAT _ C05 _ Right _ 2",-28.3833815501562,-37.3236849656887,994.463802368299,-31.6680817014633,24.4179309158693,1000.84753340085
"BIGKAT _ C05 _ Right _ 2",-25.1491518517604,-39.9032953323395,994.744597154686,-27.4020419015876,21.5914081256709,1001.26998835381
"BIGKAT _ C05 _ Right _ 2",-21.4797641370536,-43.0815600560534,995.319750244905,-22.4386016733059,18.1889817766163,1002.1649579255
"BIGKAT _ C05 _ Right _ 2",-17.4217137196244,-46.9308404268508,996.125622609851,-16.7924386900784,14.1207253251812,1003.52314923727
"BIGKAT _ C05 _ Right _ 2",-13.0531876530308,-51.4776486329724,997.067170372466,-10.5338621086175,9.34493657433118,1005.28785554823
"BIGKAT _ C05 _ Right _ 2",-8.48582803110064,-56.6807341149176,998.033227318567,-3.79995000066706,3.89487764714632,1007.35872945944
"BIGKAT _ C05 _ Right _ 2",-3.86372781496387,-62.4132242622735,998.915105718089,3.20080462017409,-2.10126920319737,1009.60206277377
"BIGKAT _ C05 _ Right _ 2",0.642552815561619,-68.4564924730723,999.62481106755,10.1953296529629,-8.41506948142442,1011.86622734545
"BIGKAT _ C05 _ Right _ 2",4.84881034536953,-74.5126756759628,1000.10899702155,16.8679092009297,-14.733335907155,1014.00011833268
"BIGKAT _ C05 _ Right _ 2",8.57724323962488,-80.2389330279164,1000.35554767183,22.8974007133406,-20.6964234187175,1015.87217219858
"BIGKAT _ C05 _ Right _ 2",11.6814530880552,-85.2999481856284,1000.39130465997,28.0047545652516,-25.9546918840054,1017.38730584339
"BIGKAT _ C05 _ Right _ 2",14.0710511787309,-89.4275454339295,1000.27169718605,32.0004893416623,-30.2311006207447,1018.49867618353
