"fileName","thumb_y","thumb_x","thumb_z","finger_y","finger_x","finger_z"
"BIGKAT _ C08 _ Left _ 1",-130.110760495968,28.4532768176523,1270.25227169751,-126.066251111153,138.372699069442,1308.06510294254
"BIGKAT _ C08 _ Left _ 1",-130.094258108681,28.447381726774,1270.25283909674,-126.061701497224,138.370421460786,1308.07671977097
"BIGKAT _ C08 _ Left _ 1",-130.081591537914,28.4431518791313,1270.25437092729,-126.055998632925,138.368259771911,1308.08408426135
"BIGKAT _ C08 _ Left _ 1",-130.079523710898,28.4430939171031,1270.25715878214,-126.050347832667,138.367047418472,1308.08210178745
"BIGKAT _ C08 _ Left _ 1",-130.095173172436,28.449801435328,1270.2615287718,-126.046401561899,138.367769629881,1308.06579684306
"BIGKAT _ C08 _ Left _ 1",-130.134263030272,28.4653239533025,1270.26796012541,-126.045863278034,138.371365543506,1308.03164630518
"BIGKAT _ C08 _ Left _ 1",-130.199207069298,28.4905047965514,1270.27730988019,-126.049866272635,138.378485204746,1307.97889163056
"BIGKAT _ C08 _ Left _ 1",-130.287619350432,28.5245057023508,1270.29113746025,-126.058231705323,138.389272995784,1307.91036220419
"BIGKAT _ C08 _ Left _ 1",-130.391905039416,28.564749735071,1270.31205874696,-126.068815534005,138.403272574622,1307.83233962694
"BIGKAT _ C08 _ Left _ 1",-130.500396940359,28.6074223804202,1270.34395735598,-126.0772495283,138.419542994629,1307.75321491946
"BIGKAT _ C08 _ Left _ 1",-130.599995437024,28.6484602937575,1270.39178937925,-126.077399531094,138.437019802243,1307.6811631895
"BIGKAT _ C08 _ Left _ 1",-130.679602151397,28.6847212989399,1270.46075317958,-126.062697180082,138.455041149326,1307.62162875518
"BIGKAT _ C08 _ Left _ 1",-130.733156045402,28.7149467913331,1270.5548216215,-126.028119007176,138.473829857002,1307.5757342108
"BIGKAT _ C08 _ Left _ 1",-130.761097179026,28.7402514766074,1270.67494308383,-125.97216937074,138.494673818507,1307.54048243931
"BIGKAT _ C08 _ Left _ 1",-130.769639436744,28.7640213118358,1270.81744685552,-125.898054697741,138.519649214231,1307.51081238546
"BIGKAT _ C08 _ Left _ 1",-130.768073953616,28.7911405712884,1270.97326758803,-125.813440480821,138.550941779283,1307.48260332654
"BIGKAT _ C08 _ Left _ 1",-130.765063943493,28.826578006977,1271.12848817878,-125.728675664451,138.590014302291,1307.45519842705
"BIGKAT _ C08 _ Left _ 1",-130.765246716685,28.8736946897323,1271.26635499912,-125.653989295448,138.636940428116,1307.432316486
"BIGKAT _ C08 _ Left _ 1",-130.767383563133,28.9329539457837,1271.37047020522,-125.596662245391,138.690153164946,1307.42110546815
"BIGKAT _ C08 _ Left _ 1",-130.764871782919,29.0016500705277,1271.42853877263,-125.559212405182,138.746686000415,1307.42982511556
"BIGKAT _ C08 _ Left _ 1",-130.748662916489,29.0748201055992,1271.43585774489,-125.539098833825,138.802807797065,1307.46480738206
"BIGKAT _ C08 _ Left _ 1",-130.711574863895,29.1469960708537,1271.39753525623,-125.529750990846,138.854865705008,1307.52734801167
"BIGKAT _ C08 _ Left _ 1",-130.652120715773,29.2141664365334,1271.32839659345,-125.522397704358,138.900162212768,1307.61154001859
"BIGKAT _ C08 _ Left _ 1",-130.576047020213,29.2752707077808,1271.250167043,-125.50826002813,138.937722475815,1307.70444169805
"BIGKAT _ C08 _ Left _ 1",-130.49493981816,29.3327049749532,1271.18679221776,-125.480802663473,138.968812643215,1307.78959223777
"BIGKAT _ C08 _ Left _ 1",-130.422705842261,29.3916810411173,1271.15973265016,-125.437658054385,138.997086703836,1307.85352888302
"BIGKAT _ C08 _ Left _ 1",-130.371484604304,29.4587670821444,1271.18484344616,-125.381657422236,139.028290944161,1307.89322359042
"BIGKAT _ C08 _ Left _ 1",-130.348405997914,29.5402546118051,1271.27127289666,-125.32038694564,139.069514611201,1307.92120245469
"BIGKAT _ C08 _ Left _ 1",-130.354067583115,29.6409055901094,1271.42179686031,-125.26403027953,139.128030580235,1307.96535783188
"BIGKAT _ C08 _ Left _ 1",-130.383040898129,29.7632334487603,1271.63378199878,-125.22196831447,139.20984927213,1308.06236475856
"BIGKAT _ C08 _ Left _ 1",-130.426157359836,29.9071294358732,1271.90026450737,-125.19937856936,139.318239300275,1308.24647573692
"BIGKAT _ C08 _ Left _ 1",-130.473817355386,30.0696488708991,1272.21101063495,-125.19536403669,139.452604303191,1308.53780870518
"BIGKAT _ C08 _ Left _ 1",-130.519255474525,30.2450664064823,1272.55369383864,-125.20359312603,139.608116977,1308.93474241362
"BIGKAT _ C08 _ Left _ 1",-130.560645773181,30.4255308183954,1272.91531420362,-125.215262621995,139.776312287663,1309.41341292454
"BIGKAT _ C08 _ Left _ 1",-130.601185659228,30.6024552770527,1273.28368403854,-125.22303411024,139.946525803868,1309.93434658592
"BIGKAT _ C08 _ Left _ 1",-130.646941484769,30.7682549796594,1273.64853371317,-125.224076035445,140.107824342746,1310.45336586804
"BIGKAT _ C08 _ Left _ 1",-130.703202758467,30.917699263009,1274.0019067434,-125.220815089027,140.251008363611,1310.93249972719
"BIGKAT _ C08 _ Left _ 1",-130.770959948622,31.0483511992028,1274.33796588018,-125.219277352949,140.370305527508,1311.34733522045
"BIGKAT _ C08 _ Left _ 1",-130.845266204146,31.1601305016713,1274.6526324967,-125.226203095547,140.464429742454,1311.68934649732
"BIGKAT _ C08 _ Left _ 1",-130.916350458886,31.254466898958,1274.94323975832,-125.246577262834,140.536747906525,1311.96381548361
"BIGKAT _ C08 _ Left _ 1",-130.972912198625,31.3335567050815,1275.20797418768,-125.282607923936,140.594435545706,1312.18506761633
"BIGKAT _ C08 _ Left _ 1",-131.006031430619,31.3999950311907,1275.44504913111,-125.334087606568,140.646729195493,1312.37088091807
"BIGKAT _ C08 _ Left _ 1",-131.012090322808,31.4567450714788,1275.65216583231,-125.399300383614,140.702645608748,1312.53759501817
"BIGKAT _ C08 _ Left _ 1",-130.993740780526,31.5071797245029,1275.82690346798,-125.47558923973,140.76874313402,1312.69699515639
"BIGKAT _ C08 _ Left _ 1",-130.95875832705,31.5548911689389,1275.96791226567,-125.559194100962,140.847542486752,1312.85541633149
"BIGKAT _ C08 _ Left _ 1",-130.917342219208,31.6031462807526,1276.0760290535,-125.644578058374,140.937039009028,1313.0146417347
"BIGKAT _ C08 _ Left _ 1",-130.878924947827,31.6541484017656,1276.1545295722,-125.723869084392,141.031384510834,1313.17346010304
"BIGKAT _ C08 _ Left _ 1",-130.849658738209,31.7084300684221,1276.20843991478,-125.78713870785,141.122477607186,1313.32879232089
"BIGKAT _ C08 _ Left _ 1",-130.831365160911,31.7646592844718,1276.24337067182,-125.823961665658,141.202038024259,1313.47609233457
"BIGKAT _ C08 _ Left _ 1",-130.822060717033,31.8199913353555,1276.26442357066,-125.826066990603,141.263722012069,1313.60951844614
"BIGKAT _ C08 _ Left _ 1",-130.817565992405,31.870932498709,1276.27557068361,-125.790161291702,141.304818886723,1313.72250733195
"BIGKAT _ C08 _ Left _ 1",-130.813397021071,31.9144962490734,1276.27962083179,-125.719666898454,141.327040971717,1313.80899049259
"BIGKAT _ C08 _ Left _ 1",-130.806137245919,31.9492482642705,1276.27845015453,-125.624486652677,141.336032157466,1313.86506063418
"BIGKAT _ C08 _ Left _ 1",-130.793772131479,31.9757890631218,1276.2729018465,-125.518768554164,141.339577129908,1313.8905909873
"BIGKAT _ C08 _ Left _ 1",-130.775014399698,31.9964257635319,1276.26207851987,-125.417435959746,141.344998651042,1313.89007705266
"BIGKAT _ C08 _ Left _ 1",-130.748238553362,32.0141519215619,1276.24248883609,-125.332583289861,141.356630114709,1313.87196358471
"BIGKAT _ C08 _ Left _ 1",-130.710896360137,32.031355776618,1276.20797269729,-125.270753078901,141.374298206604,1313.84621445247
"BIGKAT _ C08 _ Left _ 1",-130.660015652197,32.0487546371109,1276.15109560849,-125.231855170024,141.393392938722,1313.82081488173
"BIGKAT _ C08 _ Left _ 1",-130.59376729679,32.0649239632001,1276.06595322374,-125.210135873653,141.406526737794,1313.79870336554
"BIGKAT _ C08 _ Left _ 1",-130.51345316229,32.0765613044503,1275.95150272937,-125.197020018894,141.406245394159,1313.77665049602
"BIGKAT _ C08 _ Left _ 1",-130.42492751703,32.0793895270904,1275.81405894679,-125.184867040907,141.387891492226,1313.74667605963
"BIGKAT _ C08 _ Left _ 1",-130.338609033123,32.0694155557689,1275.66775049194,-125.170134257071,141.351601734551,1313.69929747492
"BIGKAT _ C08 _ Left _ 1",-130.26782216525,32.0441515743761,1275.53248450089,-125.154625878651,141.302636401557,1313.62711407422
"BIGKAT _ C08 _ Left _ 1",-130.22590166535,32.0033935532198,1275.42988352721,-125.144425026859,141.249821604356,1313.52738130332
"BIGKAT _ C08 _ Left _ 1",-130.222942485089,31.9492628007329,1275.37826361452,-125.147156468321,141.202652552578,1313.40295068486
"BIGKAT _ C08 _ Left _ 1",-130.26316179198,31.8854683146386,1275.38791322104,-125.168787883633,141.168190414333,1313.26160933567
"BIGKAT _ C08 _ Left _ 1",-130.343658423768,31.8160722114454,1275.45789215508,-125.211133490015,141.148943608001,1313.11420330868
"BIGKAT _ C08 _ Left _ 1",-130.454992469393,31.7442620676011,1275.57537146622,-125.270822541523,141.142427561408,1312.97208088233
"BIGKAT _ C08 _ Left _ 1",-130.583474466209,31.6716069757156,1275.71801669591,-125.339964757242,141.142381360421,1312.84447521278
"BIGKAT _ C08 _ Left _ 1",-130.714444372786,31.5980319043491,1275.85899107295,-125.408225795301,141.141056364912,1312.73653141095
"BIGKAT _ C08 _ Left _ 1",-130.835412486336,31.5224618089008,1275.97315449081,-125.465616928723,141.131716207486,1312.64866203028
"BIGKAT _ C08 _ Left _ 1",-130.938038447157,31.4438863416163,1276.04258813097,-125.505067950103,141.110509482309,1312.5774947942
"BIGKAT _ C08 _ Left _ 1",-131.018572546617,31.3624663501911,1276.06001405626,-125.523914024565,141.077198963633,1312.51793429756
"BIGKAT _ C08 _ Left _ 1",-131.077163410804,31.2802390121841,1276.02961475486,-125.523892832573,141.034726075811,1312.46540576992
"BIGKAT _ C08 _ Left _ 1",-131.116771472222,31.2010796305963,1275.96545692842,-125.509910001026,140.987981531819,1312.41747690634
"BIGKAT _ C08 _ Left _ 1",-131.142151676479,31.1298906032945,1275.88793285862,-125.488251560734,140.942276516686,1312.3743943685
"BIGKAT _ C08 _ Left _ 1",-131.158898012804,31.0713456902293,1275.81873642483,-125.464916427801,140.901940270692,1312.338377942
"BIGKAT _ C08 _ Left _ 1",-131.172360020732,31.0286814869163,1275.7752096337,-125.444489018858,140.869347745212,1312.31193663246
"BIGKAT _ C08 _ Left _ 1",-131.186402026719,31.0029268966026,1275.76526279938,-125.42969340988,140.844540578762,1312.29593804252
"BIGKAT _ C08 _ Left _ 1",-131.202228018658,30.9927148589937,1275.7841903578,-125.421547252321,140.825442534429,1312.28829458655
"BIGKAT _ C08 _ Left _ 1",-131.217639570818,30.994592105671,1275.81447297787,-125.419881714412,140.808535186722,1312.28379173445
"BIGKAT _ C08 _ Left _ 1",-131.227080944019,31.003638671484,1275.82908492825,-125.42393245676,140.789800854243,1312.27504669149
"BIGKAT _ C08 _ Left _ 1",-131.222671456865,31.0142457037583,1275.797964596,-125.432748737064,140.765733130561,1312.25419965682
"BIGKAT _ C08 _ Left _ 1",-131.196169255448,31.0209877426133,1275.69632544423,-125.4452959291,140.73421251826,1312.21485086281
"BIGKAT _ C08 _ Left _ 1",-131.141511465264,31.0195414420603,1275.51268908561,-125.460288853871,140.695063477516,1312.15385183516
"BIGKAT _ C08 _ Left _ 1",-131.057308233308,31.0075329837925,1275.25424461596,-125.475925048558,140.650187467655,1312.0726198433
"BIGKAT _ C08 _ Left _ 1",-130.948519017182,30.9851306238623,1274.94760753206,-125.489746978372,140.603269361335,1311.9776048066
"BIGKAT _ C08 _ Left _ 1",-130.826602636704,30.9551902187361,1274.63427402868,-125.498838650006,140.559122585148,1311.8795591731
"BIGKAT _ C08 _ Left _ 1",-130.707778252064,30.9228088899999,1274.36171088094,-125.500452347449,140.522775601659,1311.7915448317
"BIGKAT _ C08 _ Left _ 1",-130.609628770041,30.8942559568291,1274.17245482549,-125.492963535053,140.498447536761,1311.7261369284
"BIGKAT _ C08 _ Left _ 1",-130.546903470484,30.8754248289668,1274.09420879674,-125.476813838444,140.488612142249,1311.69270002097
"BIGKAT _ C08 _ Left _ 1",-130.527709996271,30.8701356938884,1274.13349943251,-125.454979559545,140.493356113702,1311.69553696219
"BIGKAT _ C08 _ Left _ 1",-130.551171012503,30.8787613728057,1274.27428776316,-125.432654785055,140.510177181911,1311.73323616639
"BIGKAT _ C08 _ Left _ 1",-130.607206311807,30.8976794801318,1274.48158928372,-125.416190268329,140.534296662145,1311.79913617864
"BIGKAT _ C08 _ Left _ 1",-130.678615448876,30.9199030503898,1274.70912502902,-125.411606222524,140.559517398584,1311.88269868341
"BIGKAT _ C08 _ Left _ 1",-130.745139820453,30.9369128196464,1274.90934897644,-125.423047907564,140.579572352597,1311.97152747574
"BIGKAT _ C08 _ Left _ 1",-130.788637491875,30.9413004306589,1275.04372781387,-125.451476735549,140.589737346363,1312.0536229941
"BIGKAT _ C08 _ Left _ 1",-130.797975578195,30.9294746735017,1275.09091058279,-125.493833180232,140.588321085788,1312.1193375799
"BIGKAT _ C08 _ Left _ 1",-130.771994427556,30.903540359729,1275.05068167607,-125.542902316396,140.577614278995,1312.16260267847
"BIGKAT _ C08 _ Left _ 1",-130.719274637442,30.8716295831043,1274.94258247045,-125.588090670515,140.563980216805,1312.18136552421
"BIGKAT _ C08 _ Left _ 1",-130.654551190134,30.8464029904119,1274.79966836036,-125.617186904263,140.556935091166,1312.1775662678
"BIGKAT _ C08 _ Left _ 1",-130.59305766406,30.8419893869403,1274.65939852596,-125.618896975313,140.567257486724,1312.15706274861
"BIGKAT _ C08 _ Left _ 1",-130.545093354632,30.8701273775491,1274.55442897448,-125.585629989447,140.604388876805,1312.1295282558
"BIGKAT _ C08 _ Left _ 1",-130.513079660035,30.9365675495964,1274.50579848728,-125.515824586271,140.673650129033,1312.10776766008
"BIGKAT _ C08 _ Left _ 1",-130.492205213503,31.0387827407977,1274.51980976089,-125.415090498464,140.774041713117,1312.10564173436
"BIGKAT _ C08 _ Left _ 1",-130.473975967842,31.1657047741789,1274.58836233373,-125.295607479228,140.897448815242,1312.13428196462
"BIGKAT _ C08 _ Left _ 1",-130.450578405798,31.2996550385224,1274.69146087156,-125.173677841125,141.029768269153,1312.19746173482
"BIGKAT _ C08 _ Left _ 1",-130.417801663469,31.4200221366858,1274.80072265772,-125.066027727321,141.153843168973,1312.28814942486
"BIGKAT _ C08 _ Left _ 1",-130.375419244866,31.5077385970041,1274.88364689224,-124.986007164274,141.253414802119,1312.38841085621
"BIGKAT _ C08 _ Left _ 1",-130.325572242185,31.549378227493,1274.90911702029,-124.940842857474,141.316917574202,1312.47351895126
"BIGKAT _ C08 _ Left _ 1",-130.270732486897,31.5398183617274,1274.85423375713,-124.930571723418,141.340013205359,1312.51902789847
"BIGKAT _ C08 _ Left _ 1",-130.212727018365,31.4828471664896,1274.71132861563,-124.94863627402,141.326208404043,1312.50802255121
"BIGKAT _ C08 _ Left _ 1",-130.153349743888,31.3896967453366,1274.49285745399,-124.98372750247,141.285499774765,1312.43569780752
"BIGKAT _ C08 _ Left _ 1",-130.095942304752,31.2760543862134,1274.23162427121,-125.022378118473,141.231513440836,1312.30974813869
"BIGKAT _ C08 _ Left _ 1",-130.046625147328,31.1584790303897,1273.97477215387,-125.051878749428,141.177930053947,1312.14697108524
"BIGKAT _ C08 _ Left _ 1",-130.013991451777,31.051216850837,1273.77216448659,-125.063116901263,141.135104526664,1311.96806842214
"BIGKAT _ C08 _ Left _ 1",-130.006966926038,30.9641343453625,1273.66241262677,-125.05281720076,141.107760534661,1311.79302320784
"BIGKAT _ C08 _ Left _ 1",-130.031590480875,30.9019844315193,1273.66138647396,-125.024506324308,141.094449358041,1311.63846434119
"BIGKAT _ C08 _ Left _ 1",-130.088031533405,30.8647609882159,1273.75742517749,-124.987615660052,141.088994794315,1311.51690490294
"BIGKAT _ C08 _ Left _ 1",-130.16905800434,30.8487112912963,1273.91492848344,-124.954585779004,141.083425260259,1311.43668330876
"BIGKAT _ C08 _ Left _ 1",-130.260656498543,30.8476526923248,1274.08497528386,-124.93649484245,141.071271007237,1311.40132050186
"BIGKAT _ C08 _ Left _ 1",-130.344836437969,30.8543814632166,1274.21944473196,-124.938405031009,141.049982049267,1311.4078321156
"BIGKAT _ C08 _ Left _ 1",-130.403932044983,30.8620259516478,1274.28429480243,-124.956114784304,141.021674114447,1311.44491712556
"BIGKAT _ C08 _ Left _ 1",-130.425108885478,30.8652068020644,1274.26802112456,-124.975973121971,140.992149270804,1311.49294963121
"BIGKAT _ C08 _ Left _ 1",-130.403591178546,30.8608749219598,1274.18274756402,-124.978520552623,140.968748264263,1311.52731497998
"BIGKAT _ C08 _ Left _ 1",-130.343555467502,30.8486845986742,1274.057803791,-124.94511289998,140.957820527911,1311.52479799577
"BIGKAT _ C08 _ Left _ 1",-130.25652836635,30.8307546596798,1273.92837996345,-124.86517848902,140.962524208279,1311.47072099895
"BIGKAT _ C08 _ Left _ 1",-130.158063771888,30.8107942569631,1273.82370292439,-124.741319155452,140.981509029221,1311.36390760035
"BIGKAT _ C08 _ Left _ 1",-130.064034825079,30.7928309389255,1273.75915684142,-124.590315181208,141.008848044322,1311.21763626901
"BIGKAT _ C08 _ Left _ 1",-129.987796613201,30.7799787629426,1273.73479534046,-124.439580158143,141.035297747926,1311.05645216173
"BIGKAT _ C08 _ Left _ 1",-129.938823271545,30.7736444620983,1273.73975270843,-124.320019980825,141.050585657098,1310.90993828215
"BIGKAT _ C08 _ Left _ 1",-129.922621602062,30.7733455824302,1273.7597169137,-124.257339555789,141.046111400375,1310.80521552516
"BIGKAT _ C08 _ Left _ 1",-129.941241782725,30.7770901557287,1273.78394734116,-124.264452738016,141.0173930175,1310.76032077125
"BIGKAT _ C08 _ Left _ 1",-129.993714325638,30.7821417824273,1273.80922156499,-124.337407106452,140.965795160416,1310.78047349697
"BIGKAT _ C08 _ Left _ 1",-130.07610735257,30.7859475794819,1273.83978020543,-124.456039943184,140.899306588807,1310.85823357793
"BIGKAT _ C08 _ Left _ 1",-130.181367435217,30.7869959251234,1273.8840464774,-124.589003889901,140.832177622084,1310.97703866679
"BIGKAT _ C08 _ Left _ 1",-130.299419907323,30.7853893120723,1273.9500581133,-124.701565684993,140.783149202411,1311.11645287138
"BIGKAT _ C08 _ Left _ 1",-130.41796554436,30.7829858852724,1274.04172997302,-124.763991942579,140.77209979716,1311.25717708253
"BIGKAT _ C08 _ Left _ 1",-130.524032298676,30.7830918112995,1274.15725451088,-124.758356906333,140.815400975833,1311.38439380614
"BIGKAT _ C08 _ Left _ 1",-130.605906465809,30.7898469602415,1274.28974156958,-124.682108046659,140.920936084785,1311.48898605458
"BIGKAT _ C08 _ Left _ 1",-130.654914969351,30.8075625471166,1274.42937525964,-124.547493572912,141.084200976915,1311.56714873343
"BIGKAT _ C08 _ Left _ 1",-130.666726325116,30.8402376528297,1274.5662529075,-124.376748955679,141.286919675579,1311.61946896029
"BIGKAT _ C08 _ Left _ 1",-130.64213681006,30.8912517342348,1274.6933588489,-124.19363691447,141.499208200727,1311.65040220032
"BIGKAT _ C08 _ Left _ 1",-130.587425295011,30.9629074629709,1274.80920037533,-124.012625189461,141.685693069781,1311.66839773939
"BIGKAT _ C08 _ Left _ 1",-130.514219678857,31.0553361450547,1274.91923926175,-123.827846393101,141.81526602679,1311.68637882476
"BIGKAT _ C08 _ Left _ 1",-130.438579160261,31.1645139703713,1275.03491194183,-123.604899500666,141.873276678288,1311.72218660419
"BIGKAT _ C08 _ Left _ 1",-130.37891849213,31.2797742290005,1275.16950942208,-123.278954985386,141.873820844692,1311.79847561658
"BIGKAT _ C08 _ Left _ 1",-130.352673193504,31.3819365040177,1275.33153767835,-122.761995110635,141.868540988964,1311.94100373424
"BIGKAT _ C08 _ Left _ 1",-130.37221838318,31.4436074630818,1275.51771606223,-121.960367848804,141.94756903449,1312.17390403952
"BIGKAT _ C08 _ Left _ 1",-130.441218417546,31.4331223573976,1275.70878113611,-120.801446213013,142.228579352838,1312.51133487973
"BIGKAT _ C08 _ Left _ 1",-130.552814052441,31.3229840547123,1275.87124890456,-119.265290611172,142.831772917498,1312.9468623152
"BIGKAT _ C08 _ Left _ 1",-130.690520681043,31.1025419950474,1275.96689433851,-117.414258574297,143.841900857906,1313.4438852226
"BIGKAT _ C08 _ Left _ 1",-130.831593626858,30.7930721960581,1275.96901089385,-115.411486817933,145.262647710808,1313.93119344365
"BIGKAT _ C08 _ Left _ 1",-130.951538614441,30.4616176893914,1275.8813563976,-113.519304552854,146.972965188263,1314.30698420029
"BIGKAT _ C08 _ Left _ 1",-131.028059499093,30.2285409741529,1275.75349766298,-112.071742532347,148.698071493552,1314.45260072858
"BIGKAT _ C08 _ Left _ 1",-131.043260541867,30.2636001672522,1275.68626089271,-111.421327190168,150.008447715308,1314.25436666418
"BIGKAT _ C08 _ Left _ 1",-130.983923321997,30.7672074031219,1275.82329324961,-111.868138386424,150.357135742864,1313.6288966797
"BIGKAT _ C08 _ Left _ 1",-130.840415000419,31.9373953678887,1276.32832653381,-113.586520777233,149.158474283752,1312.54517235533
"BIGKAT _ C08 _ Left _ 1",-130.604927975365,33.9279846181136,1277.35151560188,-116.569252039738,145.900670434543,1311.03639024746
"BIGKAT _ C08 _ Left _ 1",-130.269597780581,36.8078209324126,1278.99162631264,-120.607999804131,140.272352782802,1309.19664248608
"BIGKAT _ C08 _ Left _ 1",-129.82497419038,40.5328014322979,1281.26321923621,-125.321182626671,132.273191843882,1307.16184354449
"BIGKAT _ C08 _ Left _ 1",-129.259380397824,44.9402931697917,1284.07821946104,-130.226476044298,122.275614502334,1305.07985412343
"BIGKAT _ C08 _ Left _ 1",-128.559705729218,49.7693758660986,1287.24845239372,-134.838686461126,111.012802217195,1303.07921464681
"BIGKAT _ C08 _ Left _ 1",-127.713934639701,54.7018495763578,1290.5099504278,-138.761190008455,99.4883129116886,1301.24717263777
"BIGKAT _ C08 _ Left _ 1",-126.71523313908,59.4113812772663,1293.56279368467,-141.73820469923,88.829171842337,1299.62516772202
"BIGKAT _ C08 _ Left _ 1",-125.567016931726,63.6051666113264,1296.11512416992,-143.649494856972,80.1247013735608,1298.22433570334
"BIGKAT _ C08 _ Left _ 1",-124.288299564677,67.046395233825,1297.91981206026,-144.453938636254,74.2941952012795,1297.05608675347
"BIGKAT _ C08 _ Left _ 1",-122.918409229287,69.5557362637448,1298.79746551684,-144.111791182944,72.0047220459123,1296.16541090415
"BIGKAT _ C08 _ Left _ 1",-121.519491507716,71.0012523530007,1298.64692794906,-142.525887028492,73.6299919104839,1295.65065539648
"BIGKAT _ C08 _ Left _ 1",-120.174513542892,71.2922400043558,1297.44947623294,-139.535215950809,79.2242274238759,1295.65618103576
"BIGKAT _ C08 _ Left _ 1",-118.97885170018,70.389461039391,1295.27272632713,-134.973957993494,88.4924432524393,1296.33367988826
"BIGKAT _ C08 _ Left _ 1",-118.025670627769,68.3331202651792,1292.27541258816,-128.783006239967,100.762434137327,1297.78089728421
"BIGKAT _ C08 _ Left _ 1",-117.38851625939,65.2767225407702,1288.70843408131,-121.13773848276,114.984908554162,1299.97808353235
"BIGKAT _ C08 _ Left _ 1",-117.106796261063,61.5074922071945,1284.90508104198,-112.542739667535,129.790600325849,1302.7472928072
"BIGKAT _ C08 _ Left _ 1",-117.179062095437,57.4372667272288,1281.25583194598,-103.8467763941,143.615207674792,1305.75420676803
"BIGKAT _ C08 _ Left _ 1",-117.565304550461,53.5597743945642,1278.16856467911,-96.1514165138503,154.878155530144,1308.55803329651
"BIGKAT _ C08 _ Left _ 1",-118.195433657613,50.3832890402522,1276.01972088773,-90.6198490881035,162.186036305474,1310.69844146678
"BIGKAT _ C08 _ Left _ 1",-118.979552762693,48.3544507876137,1275.1035968191,-88.2276542144454,164.531310085953,1311.79623168098
"BIGKAT _ C08 _ Left _ 1",-119.817070425634,47.7881982321313,1275.58628999404,-89.5214250577636,161.463049214492,1311.64024371392
"BIGKAT _ C08 _ Left _ 1",-120.604370676878,48.8146041724481,1277.4703586352,-94.4553418540174,153.208028029573,1310.23703617124
"BIGKAT _ C08 _ Left _ 1",-121.242609473102,51.3503686563701,1280.57705962964,-102.357755363672,140.714794404838,1307.81030109349
"BIGKAT _ C08 _ Left _ 1",-121.647301687636,55.1008477439835,1284.55346897953,-112.043157089281,125.589606388271,1304.751355054
"BIGKAT _ C08 _ Left _ 1",-121.759959162638,59.5947542932864,1288.90904618501,-122.039631003921,109.905203082856,1301.53674842454
"BIGKAT _ C08 _ Left _ 1",-121.559935943714,64.246952794869,1293.07944221168,-130.865290521111,95.8971502188202,1298.63854084784
"BIGKAT _ C08 _ Left _ 1",-121.072838312967,68.4383367609303,1296.50735909642,-137.277582539751,85.604983471057,1296.45196381167
"BIGKAT _ C08 _ Left _ 1",-120.371417201212,71.5999240603196,1298.72559999481,-140.442124598638,80.539588484918,1295.25360612623
"BIGKAT _ C08 _ Left _ 1",-119.566405047381,73.2912728342313,1299.42832763154,-140.008013761948,81.4468434553797,1295.18726603264
"BIGKAT _ C08 _ Left _ 1",-118.787922804076,73.2667594882972,1298.52081540739,-136.109411444384,88.2017034378726,1296.26415358626
"BIGKAT _ C08 _ Left _ 1",-118.16153888645,71.522971524964,1296.14158844469,-129.322734926738,99.8342180177792,1298.36555051955
"BIGKAT _ C08 _ Left _ 1",-117.785224536622,68.3169523858385,1292.65226356406,-120.596851081019,114.673594918078,1301.24674525717
"BIGKAT _ C08 _ Left _ 1",-117.713233927334,64.1434089069146,1288.5919593715,-111.154570396303,130.589696206771,1304.55153190371
"BIGKAT _ C08 _ Left _ 1",-117.950261474294,59.6646526087319,1284.59817257433,-102.353672559717,145.300473780087,1307.84823211361
"BIGKAT _ C08 _ Left _ 1",-118.455341427607,55.6004361974636,1281.3046518008,-95.5036371412079,156.699976682578,1310.68986940059
"BIGKAT _ C08 _ Left _ 1",-119.152030104396,52.5997553880842,1279.23504057463,-91.6567839095953,163.156195570968,1312.68867449903
"BIGKAT _ C08 _ Left _ 1",-119.940964647197,51.1246201664204,1278.71406209878,-91.4160119341589,163.736833274685,1313.58608258175
"BIGKAT _ C08 _ Left _ 1",-120.712467487125,51.3727807861441,1279.8142779649,-94.8111966779918,158.337048211721,1313.29812540547
"BIGKAT _ C08 _ Left _ 1",-121.358720264185,53.2551186585493,1282.34840244239,-101.285650857991,147.695635618066,1311.92276386902
"BIGKAT _ C08 _ Left _ 1",-121.785845386612,56.4292160778861,1285.90790888786,-109.805144939697,133.293275661496,1309.70776961093
"BIGKAT _ C08 _ Left _ 1",-121.92581076886,60.3771864611503,1289.93944321927,-119.063887495314,117.13733013723,1306.99122178044
"BIGKAT _ C08 _ Left _ 1",-121.746962873498,64.5055744944957,1293.84206360393,-127.729266481525,101.460386019933,1304.13608104631
"BIGKAT _ C08 _ Left _ 1",-121.260978506311,68.2414080820359,1297.06327500876,-134.656721103572,88.3877380729995,1301.48018553208
"BIGKAT _ C08 _ Left _ 1",-120.523760973573,71.1043043827252,1299.1738863684,-139.025714353931,79.6414353955832,1299.31191231218
"BIGKAT _ C08 _ Left _ 1",-119.628587047942,72.7481433939483,1299.91133389511,-140.387009303026,76.3310771585878,1297.86542431213
"BIGKAT _ C08 _ Left _ 1",-118.691511994151,72.979695924763,1299.19342162942,-138.647217617993,78.8454516118563,1297.31832320986
"BIGKAT _ C08 _ Left _ 1",-117.831251113564,71.7673676409545,1297.11229013953,-134.030399327444,86.8317147528599,1297.77606009926
"BIGKAT _ C08 _ Left _ 1",-117.147974597195,69.2478843679522,1293.91797949367,-127.045754766101,99.245689135827,1299.24036943785
"BIGKAT _ C08 _ Left _ 1",-116.706891497051,65.7268436230549,1289.99446379816,-118.465702126258,114.469136549966,1301.57483278663
"BIGKAT _ C08 _ Left _ 1",-116.531851180602,61.6599217920569,1285.82468966427,-109.294751778182,130.496835070034,1304.48965540808
"BIGKAT _ C08 _ Left _ 1",-116.610572100125,57.6030256635871,1281.94019681176,-100.6992138021,145.18616213725,1307.56434360898
"BIGKAT _ C08 _ Left _ 1",-116.907797866228,54.1320687080133,1278.85599849518,-93.8771823451284,156.541435067474,1310.31283702082
"BIGKAT _ C08 _ Left _ 1",-117.379046358348,51.7482343258558,1276.99870075517,-89.8742593713623,162.991104770496,1312.27809879313
"BIGKAT _ C08 _ Left _ 1",-117.978325882341,50.7926126006961,1276.64058071558,-89.3809880119698,163.616708713653,1313.1303600089
"BIGKAT _ C08 _ Left _ 1",-118.657697505481,51.3911308025414,1277.85262426022,-92.5679344266035,158.302175287036,1312.74006386894
"BIGKAT _ C08 _ Left _ 1",-119.361728638074,53.4405543241698,1280.48651616335,-99.0135014801779,147.780187054176,1311.20383338851
"BIGKAT _ C08 _ Left _ 1",-120.022706458504,56.6351668407328,1284.19087609644,-107.756172534862,133.557318434886,1308.81687803524
"BIGKAT _ C08 _ Left _ 1",-120.561941373626,60.524961345262,1288.4610891019,-117.464097081131,117.710557950275,1306.00279124459
"BIGKAT _ C08 _ Left _ 1",-120.899362853747,64.5905861193559,1292.71513544511,-126.675827944361,102.573405786673,1303.22474406621
"BIGKAT _ C08 _ Left _ 1",-120.969428661125,68.3187499517225,1296.38143598767,-134.04520814997,90.3652109395413,1300.90498604828
"BIGKAT _ C08 _ Left _ 1",-120.737918098569,71.2653463189898,1298.98177376909,-138.532144172995,82.8422346919836,1299.3712055252
"BIGKAT _ C08 _ Left _ 1",-120.213175926752,73.1008592360135,1300.19488958656,-139.513049652507,81.0434452409078,1298.83330593491
"BIGKAT _ C08 _ Left _ 1",-119.447516683263,73.6392188401053,1299.89309642767,-136.819270873236,85.1705621158254,1299.3807458706
"BIGKAT _ C08 _ Left _ 1",-118.528651934716,72.8530874956977,1298.15107672598,-130.729078674764,94.6035505731473,1300.98597439102
"BIGKAT _ C08 _ Left _ 1",-117.564808025613,70.875641658987,1295.22954853245,-121.933604606989,108.029517618748,1303.505377061
"BIGKAT _ C08 _ Left _ 1",-116.66871605185,67.985334730336,1291.53696134892,-111.479089837242,123.654551790724,1306.68047980514
"BIGKAT _ C08 _ Left _ 1",-115.944463361231,64.5703958873667,1287.57288476744,-100.672669058543,139.463064547447,1310.15042801682
"BIGKAT _ C08 _ Left _ 1",-115.478386246805,61.0752009903502,1283.85956455429,-90.9384364268765,153.48356182425,1313.4860201415
"BIGKAT _ C08 _ Left _ 1",-115.332614812516,57.9378796001527,1280.87191515455,-83.6264239232092,164.020864929856,1316.24667098995
"BIGKAT _ C08 _ Left _ 1",-115.539162106699,55.5322443735119,1278.97746234633,-79.8005819496745,169.829108125943,1318.05080792434
"BIGKAT _ C08 _ Left _ 1",-116.093908596404,54.1245524985693,1278.39479715959,-80.0498568687199,170.221704427127,1318.64333573443
"BIGKAT _ C08 _ Left _ 1",-116.952154000907,53.849026852416,1279.17380981326,-84.3701125788436,165.129340520854,1317.94297875433
"BIGKAT _ C08 _ Left _ 1",-118.028681569441,54.7005035961183,1281.19651707282,-92.1525558737332,155.114911125775,1316.05667638827
"BIGKAT _ C08 _ Left _ 1",-119.204663521979,56.5410318814593,1284.19551461815,-102.289742856576,141.339113377466,1313.2565478628
"BIGKAT _ C08 _ Left _ 1",-120.341806482189,59.118536195413,1287.78746420861,-113.37835027739,125.457772374982,1309.92573299409
"BIGKAT _ C08 _ Left _ 1",-121.30186191369,62.0965475496377,1291.51932405969,-123.967577196625,109.43729737996,1306.48926905704
"BIGKAT _ C08 _ Left _ 1",-121.967747724016,65.0928878477194,1294.92346750622,-132.786922419323,95.3001914554679,1303.35017828141
"BIGKAT _ C08 _ Left _ 1",-122.261688051934,67.7232824284415,1297.57514758634,-138.89843798517,84.8430607572111,1300.84609901301
"BIGKAT _ C08 _ Left _ 1",-122.156388092467,69.6452853610119,1299.14440580628,-141.753682585428,79.3840279672162,1299.23014804698
"BIGKAT _ C08 _ Left _ 1",-121.677107698848,70.598900205127,1299.43573793273,-141.175570874018,79.5865822709948,1298.66769184545
"BIGKAT _ C08 _ Left _ 1",-120.894854308572,70.4410448164019,1298.41144065316,-137.308046862161,85.3831018704546,1299.23509647116
"BIGKAT _ C08 _ Left _ 1",-119.912997032429,69.169968294221,1296.19664039392,-130.572458864214,95.9998874968917,1300.91036032422
"BIGKAT _ C08 _ Left _ 1",-118.850837499476,66.9337001257931,1293.06500449874,-121.645415865129,110.073265444796,1303.55634929008
"BIGKAT _ C08 _ Left _ 1",-117.827735675745,64.016540109821,1289.40533478578,-111.444429917288,125.838132385677,1306.90831890716
"BIGKAT _ C08 _ Left _ 1",-116.950255523667,60.8019134520879,1285.67215354372,-101.090325119261,141.360357695156,1310.58134993137
"BIGKAT _ C08 _ Left _ 1",-116.302958337674,57.7175769580276,1282.327551568,-91.8180175353533,154.775950465116,1314.10766402271
"BIGKAT _ C08 _ Left _ 1",-115.94196763447,55.1754740003512,1279.7843096779,-84.8280506152499,164.50185438573,1317.00220253131
"BIGKAT _ C08 _ Left _ 1",-115.890158902051,53.5189128755848,1278.35917392626,-81.0990042867069,169.39830011521,1318.84381429868
"BIGKAT _ C08 _ Left _ 1",-116.133721845923,52.9841823207946,1278.24053702141,-81.2023123517021,168.881408135523,1319.35328778877
"BIGKAT _ C08 _ Left _ 1",-116.621018478616,53.6770436688584,1279.4699626537,-85.1685255337649,162.993180695316,1318.44904235942
"BIGKAT _ C08 _ Left _ 1",-117.26535579391,55.5617451708077,1281.9354861242,-92.4466042139543,152.428001960098,1316.26566745968
"BIGKAT _ C08 _ Left _ 1",-117.953297134465,58.4618591553685,1285.37691915219,-101.976861905782,138.498033276188,1313.1290814667
"BIGKAT _ C08 _ Left _ 1",-118.559386842339,62.0747305977597,1289.40641718545,-112.36697955985,123.011386102842,1309.49397526607
"BIGKAT _ C08 _ Left _ 1",-118.966456389799,66.0010542269341,1293.547513491,-122.128218427109,108.05063892734,1305.8609876125
"BIGKAT _ C08 _ Left _ 1",-119.088143477467,69.7879530148045,1297.29155155639,-129.910723491347,95.6739033329206,1302.69692801278
"BIGKAT _ C08 _ Left _ 1",-118.887944038566,72.9807752419647,1300.16450395745,-134.68418883972,87.5970102790258,1300.37723364914
"BIGKAT _ C08 _ Left _ 1",-118.388696503557,75.1779901482421,1301.79340493359,-135.839618393304,84.9290560725585,1299.15738125828
"BIGKAT _ C08 _ Left _ 1",-117.668814181908,76.0842395318193,1301.9616142812,-133.22119083349,88.0156955985079,1299.16623370333
"BIGKAT _ C08 _ Left _ 1",-116.846053850201,75.5561429587961,1300.6443003444,-127.115039944551,96.4097693799204,1300.40743426583
"BIGKAT _ C08 _ Left _ 1",-116.054034337207,73.6330150153296,1298.01793230581,-118.217272314046,108.959276674448,1302.7588215951
"BIGKAT _ C08 _ Left _ 1",-115.418897507593,70.5428341488052,1294.44029149414,-107.584484375893,123.987148071294,1305.97090262853
"BIGKAT _ C08 _ Left _ 1",-115.042255296244,66.6763790201412,1290.4018021873,-96.5515962914733,139.529699555804,1309.67513452766
"BIGKAT _ C08 _ Left _ 1",-114.992553020842,62.5305532932514,1286.45496035405,-86.5976126994297,153.595330900358,1313.41410173568
"BIGKAT _ C08 _ Left _ 1",-115.302668677103,58.6321765186422,1283.13430473336,-79.1546659388632,164.405223764565,1316.69801550936
"BIGKAT _ C08 _ Left _ 1",-115.969694298962,55.4599138235508,1280.88172917035,-75.3823185704506,170.588691812246,1319.08035803376
"BIGKAT _ C08 _ Left _ 1",-116.954334998993,53.3805174106076,1279.98940073957,-75.9532384034962,171.323998311343,1320.23619881713
"BIGKAT _ C08 _ Left _ 1",-118.180666108444,52.6077141971604,1280.56664651784,-80.9057290936757,166.428840176709,1320.02345636604
"BIGKAT _ C08 _ Left _ 1",-119.539456924094,53.1838421965471,1282.53148766191,-89.6089919013294,156.403303124329,1318.51060493922
"BIGKAT _ C08 _ Left _ 1",-120.898190645014,54.9806930888938,1285.62463705295,-100.860903949116,142.414112257057,1315.9625819397
"BIGKAT _ C08 _ Left _ 1",-122.11842608702,57.716897286986,1289.44332315734,-113.101641490266,126.196898584364,1312.78784784988
"BIGKAT _ C08 _ Left _ 1",-123.077686098002,60.9908197794608,1293.4918266757,-124.690355638108,109.859218197084,1309.4607364669
"BIGKAT _ C08 _ Left _ 1",-123.69037909876,64.3274506718377,1297.2436318629,-134.172191160524,95.5951190516396,1306.44019338553
"BIGKAT _ C08 _ Left _ 1",-123.92174614125,67.235670846198,1300.20768751073,-140.472263523449,85.3575056505386,1304.10494846149
"BIGKAT _ C08 _ Left _ 1",-123.790856278882,69.2705948581565,1301.99051172443,-142.989036904315,80.5547356087903,1302.71593676887
"BIGKAT _ C08 _ Left _ 1",-123.362368720671,70.0949991957672,1302.34721327851,-141.601095838754,81.8318407408831,1302.40414794869
"BIGKAT _ C08 _ Left _ 1",-122.730502420884,69.532897703054,1301.21643380823,-136.624756240992,88.9730349371053,1303.17330981154
"BIGKAT _ C08 _ Left _ 1",-122.000830415366,67.6064161550112,1298.73513640301,-128.756142377856,100.936714856216,1304.90694512973
"BIGKAT _ C08 _ Left _ 1",-121.275263035743,64.5457853837123,1295.2291711876,-119.009150742764,116.014290150323,1307.37735963253
"BIGKAT _ C08 _ Left _ 1",-120.643038477113,60.7645098696108,1291.17658082289,-108.637544560645,132.086554136073,1310.26302701236
"BIGKAT _ C08 _ Left _ 1",-120.176913808669,56.7993098862783,1287.14467473842,-99.0201848186803,146.933677984257,1313.18288521538
"BIGKAT _ C08 _ Left _ 1",-119.931008760723,53.2251433383357,1283.70860979801,-91.4985652102432,158.544555264307,1315.74923478235
"BIGKAT _ C08 _ Left _ 1",-119.93666505451,50.5637870261944,1281.36527312843,-87.1794045595141,165.377444470306,1317.63016134822
"BIGKAT _ C08 _ Left _ 1",-120.19543375327,49.2051222359391,1280.45807711365,-86.7389840060528,166.544457726386,1318.60461075785
"BIGKAT _ C08 _ Left _ 1",-120.671999227944,49.3537725665372,1281.12519189203,-90.278371054824,161.913021900095,1318.59231377646
"BIGKAT _ C08 _ Left _ 1",-121.291889353025,51.0053545521903,1283.27831091408,-97.2743627058564,152.124854430273,1317.64690968882
"BIGKAT _ C08 _ Left _ 1",-121.947956284238,53.951262095324,1286.61416184709,-106.650382972476,138.527562154609,1315.91227718146
"BIGKAT _ C08 _ Left _ 1",-122.516551953903,57.8090710657919,1290.65729359444,-116.959166117923,123.009134151582,1313.55644795297
"BIGKAT _ C08 _ Left _ 1",-122.880655767557,62.0745199255,1294.82895117168,-126.634688909506,107.736645111887,1310.70961398092
"BIGKAT _ C08 _ Left _ 1",-122.954290209096,66.1887462367739,1298.53232054164,-134.249634066895,94.8303432634921,1307.43616273994
"BIGKAT _ C08 _ Left _ 1",-122.701339399851,69.6120902914286,1301.24040690924,-138.719195450569,86.036861770564,1303.76079262442
"BIGKAT _ C08 _ Left _ 1",-122.143046500135,71.8952204695741,1302.57181610279,-139.420537749417,82.4756798268248,1299.74662053656
"BIGKAT _ C08 _ Left _ 1",-121.352009708025,72.7394832130461,1302.34276333031,-136.231985825141,84.5102158504415,1295.59664468359
"BIGKAT _ C08 _ Left _ 1",-120.43518114008,72.0393306492931,1300.58889619748,-129.516501003461,91.7535790929639,1291.73098821127
"BIGKAT _ C08 _ Left _ 1",-119.512031472036,69.8996766510261,1297.55532482771,-120.072159967558,103.183861154872,1288.79133426371
"BIGKAT _ C08 _ Left _ 1",-118.694871966119,66.6221138473032,1293.65703264097,-109.056049967236,117.327169228597,1287.54411745603
"BIGKAT _ C08 _ Left _ 1",-118.07598654281,62.6588524374056,1289.41581349322,-97.8728652599889,132.465170080022,1288.690457951
"BIGKAT _ C08 _ Left _ 1",-117.722081362223,58.5417937702388,1285.38423333191,-88.0179648616135,146.831921335371,1292.63173080187
"BIGKAT _ C08 _ Left _ 1",-117.673055187495,54.8019627238383,1282.06987964269,-80.8788084781793,158.779847492501,1299.26804987346
"BIGKAT _ C08 _ Left _ 1",-117.941263252409,51.8963887255132,1279.87210180903,-77.5202734900224,166.913366822521,1307.9070970082
"BIGKAT _ C08 _ Left _ 1",-118.509379334144,50.1542085967677,1279.03855627681,-78.4963433288005,170.203365148861,1317.32970137658
"BIGKAT _ C08 _ Left _ 1",-119.327883589838,49.7453170267197,1279.6429322935,-83.7348540172075,168.098163725488,1326.01023638896
"BIGKAT _ C08 _ Left _ 1",-120.315133252374,50.6690822451412,1281.58178797689,-92.5316195413166,160.632875445315,1332.44372142433
"BIGKAT _ C08 _ Left _ 1",-121.363034874175,52.7600265854717,1284.58875941893,-103.667063624426,148.513432426269,1335.49877322247
"BIGKAT _ C08 _ Left _ 1",-122.349753316198,55.7095942408876,1288.26632721466,-115.625664843205,133.128057718719,1334.6999132979
"BIGKAT _ C08 _ Left _ 1",-123.158356278479,59.103855733579,1292.13511998746,-126.864372458319,116.436489822431,1330.3510730503
"BIGKAT _ C08 _ Left _ 1",-123.697603970202,62.4743896178856,1295.69666412625,-136.056977436463,100.717665574469,1323.4543825668
"BIGKAT _ C08 _ Left _ 1",-123.919226315774,65.3559096505054,1298.49981040831,-142.252775417044,88.2109583683419,1315.44899342836
"BIGKAT _ C08 _ Left _ 1",-123.826133739786,67.3430541704404,1300.19848154225,-144.92807710629,80.7344117669725,1307.86062413851
"BIGKAT _ C08 _ Left _ 1",-123.46868875115,68.1408386408666,1300.59153500813,-143.955432420481,79.375490939483,1301.97435955956
"BIGKAT _ C08 _ Left _ 1",-122.930517404614,67.6056087335288,1299.64199864327,-139.541199442894,84.3211964436418,1298.61278072032
"BIGKAT _ C08 _ Left _ 1",-122.309151808821,65.7727229038995,1297.47772254083,-132.176683125535,94.8479171455262,1298.04775529964
"BIGKAT _ C08 _ Left _ 1",-121.698041865757,62.8641341063693,1294.37615506694,-122.619719120567,109.453386468378,1300.03144093833
"BIGKAT _ C08 _ Left _ 1",-121.17457856186,59.2679022297846,1290.73411715602,-111.889387237068,126.092692705661,1303.9123212611
"BIGKAT _ C08 _ Left _ 1",-120.79491713292,55.4865601028688,1287.02244853891,-101.233703486799,142.472514462216,1308.79852876933
"BIGKAT _ C08 _ Left _ 1",-120.59303223113,52.0612176321976,1283.72761238491,-92.0308682314012,156.357571250956,1313.73411815642
"BIGKAT _ C08 _ Left _ 1",-120.580726202671,49.487222329696,1281.28725616815,-85.6105326201896,165.850826298003,1317.86019532417
"BIGKAT _ C08 _ Left _ 1",-120.747222042386,48.1392735154977,1280.03064278574,-83.020434009271,169.623522579716,1320.54041118025
"BIGKAT _ C08 _ Left _ 1",-121.059412233687,48.2187431796981,1280.13427161059,-84.7961749988833,167.085328988611,1321.43807060074
"BIGKAT _ C08 _ Left _ 1",-121.464823795161,49.7283424286298,1281.59856098455,-90.8033670989229,158.488385107186,1320.53928830802
"BIGKAT _ C08 _ Left _ 1",-121.898591539501,52.4741024167544,1284.24699561895,-100.208035642545,144.948890597415,1318.12351759519
"BIGKAT _ C08 _ Left _ 1",-122.294078920062,56.0927734962148,1287.74699663497,-111.597029893875,128.356861922237,1314.69010808189
"BIGKAT _ C08 _ Left _ 1",-122.595100100626,60.1015797439101,1291.65077235217,-123.224733006761,111.147954396599,1310.85708513677
"BIGKAT _ C08 _ Left _ 1",-122.766444923253,63.9647265855459,1295.4523019391,-133.322289187327,95.9430987656909,1307.25366520844
"BIGKAT _ C08 _ Left _ 1",-122.799135735448,67.168054692854,1298.65339785783,-140.390459524016,85.1125439284481,1304.42755200827
"BIGKAT _ C08 _ Left _ 1",-122.70828875971,69.2919178534195,1300.83002905066,-143.415417650132,80.3603983197133,1302.78027710834
"BIGKAT _ C08 _ Left _ 1",-122.524587818784,70.0729968111079,1301.69139968321,-141.985072859557,82.4268719706947,1302.5319030873
"BIGKAT _ C08 _ Left _ 1",-122.283565146821,69.4465945586939,1301.12650199195,-136.31628752842,90.9696059222277,1303.70744639024
"BIGKAT _ C08 _ Left _ 1",-122.017801346879,67.5612351295623,1299.23242920928,-127.213840532909,104.63777000677,1306.13749750411
"BIGKAT _ C08 _ Left _ 1",-121.754900977632,64.7591615900247,1296.31594804149,-115.972973970451,121.313506742254,1309.4735047684
"BIGKAT _ C08 _ Left _ 1",-121.520120877308,61.5222809491858,1292.85973239413,-104.224585986575,138.467952502885,1313.22533574913
"BIGKAT _ C08 _ Left _ 1",-121.339528356997,58.3926198253246,1289.45162368437,-93.7209398612546,153.562160442886,1316.82690102073
"BIGKAT _ C08 _ Left _ 1",-121.239507017787,55.8844985089674,1286.68738683058,-86.075130545897,164.421745301897,1319.72511025177
"BIGKAT _ C08 _ Left _ 1",-121.241130690759,54.4069835080071,1285.06731336388,-82.4916333037367,169.53139468746,1321.47571444604
"BIGKAT _ C08 _ Left _ 1",-121.351403229723,54.2091488590295,1284.90886242143,-83.5436240437368,168.222766359321,1321.82374226988
"BIGKAT _ C08 _ Left _ 1",-121.55557424478,55.3523066565848,1286.29214064266,-89.0541959298878,160.750231979991,1320.74837897609
"BIGKAT _ C08 _ Left _ 1",-121.814813366031,57.7081820610848,1289.04708692163,-98.1197769537143,148.254345423364,1318.46081337477
"BIGKAT _ C08 _ Left _ 1",-122.071613534401,60.9807751959078,1292.78355148651,-109.278538527219,132.609703724586,1315.35616956013
"BIGKAT _ C08 _ Left _ 1",-122.262214179941,64.7490541718816,1296.95806192684,-120.784412542103,116.158680841223,1311.9334859138
"BIGKAT _ C08 _ Left _ 1",-122.33234199007,68.5251929656618,1300.96413423071,-130.915200306248,101.356050042384,1308.70599740924
"BIGKAT _ C08 _ Left _ 1",-122.250907948191,71.8200200894665,1304.2283796703,-138.238259869355,90.3834954013767,1306.12379038061
"BIGKAT _ C08 _ Left _ 1",-122.016811578607,74.2065124641528,1306.29478978999,-141.783825592122,84.813263210751,1304.52215909625
"BIGKAT _ C08 _ Left _ 1",-121.656754081872,75.3741745236696,1306.88488990681,-141.118713999543,85.3884201198753,1304.09643576714
"BIGKAT _ C08 _ Left _ 1",-121.215851133109,75.1695479536378,1305.92886702916,-136.34653581876,91.9503976903715,1304.89487231576
"BIGKAT _ C08 _ Left _ 1",-120.745888215376,73.6185308591683,1303.56800585104,-128.067996549358,103.507231389242,1306.82038059795
"BIGKAT _ C08 _ Left _ 1",-120.29659976892,70.9254586216987,1300.13054504732,-117.318682607244,118.414133246241,1309.63861631735
"BIGKAT _ C08 _ Left _ 1",-119.913031704956,67.4452646620565,1296.08389202817,-105.478132099868,134.628557661016,1312.997430999
"BIGKAT _ C08 _ Left _ 1",-119.638034953445,63.6305642144635,1291.96864583009,-94.1315798909439,149.996183634088,1316.46430444376
"BIGKAT _ C08 _ Left _ 1",-119.515440348999,59.9633729988955,1288.32373894662,-84.8746834601494,162.52302447533,1319.58260204812
"BIGKAT _ C08 _ Left _ 1",-119.588689401272,56.8864540248031,1285.61453949829,-79.0774062886895,170.599017175923,1321.93882578275
"BIGKAT _ C08 _ Left _ 1",-119.892372769085,54.7479242343096,1284.17472525422,-77.6502637658917,173.159500836343,1323.2272352406
"BIGKAT _ C08 _ Left _ 1",-120.438685309515,53.7655657367156,1284.16841129924,-80.8687586019937,169.790595009349,1323.29788345455
"BIGKAT _ C08 _ Left _ 1",-121.204417983134,54.0097293452834,1285.5741040914,-88.3046466658008,160.788292493169,1322.17797378418
"BIGKAT _ C08 _ Left _ 1",-122.12480949348,55.4009406808984,1288.18951473904,-98.8895892887798,147.166477623003,1320.06221151191
"BIGKAT _ C08 _ Left _ 1",-123.098330572633,57.7204394794228,1291.65640422645,-111.104139192463,130.589382715288,1317.27449363045
"BIGKAT _ C08 _ Left _ 1",-124.002608154548,60.6345487977359,1295.50487741285,-123.250022226409,113.199889105047,1314.21024395899
"BIGKAT _ C08 _ Left _ 1",-124.717880796836,63.7331775156196,1299.21440772291,-133.737961062502,97.3389774966121,1311.27382244037
"BIGKAT _ C08 _ Left _ 1",-125.151849726329,66.5794243656058,1302.28464114433,-141.321096641609,85.1948713229723,1308.82568407252
"BIGKAT _ C08 _ Left _ 1",-125.259159395155,68.7646008005323,1304.30541782879,-145.230394012947,78.4556692885504,1307.14815460302
"BIGKAT _ C08 _ Left _ 1",-125.050199079596,69.9628382432897,1305.01503806897,-145.209880208845,78.0422693275089,1306.42919953348
"BIGKAT _ C08 _ Left _ 1",-124.587204931741,69.9800108336645,1304.33853442047,-141.482134861871,83.9703663234344,1306.75563879511
"BIGKAT _ C08 _ Left _ 1",-123.969645944228,68.7905129637118,1302.40109163697,-134.682011578276,95.3544567180813,1308.10629148965
"BIGKAT _ C08 _ Left _ 1",-123.313840890496,66.5530755297187,1299.51388134074,-125.780993880824,110.542365969678,1310.34285088273
"BIGKAT _ C08 _ Left _ 1",-122.73242296288,63.5968012005023,1296.13145124875,-116.000696981624,127.355651853734,1313.20658593793
"BIGKAT _ C08 _ Left _ 1",-122.317752590461,60.3738496024474,1292.78379619306,-106.698517681034,143.400269311179,1316.33363094851
"BIGKAT _ C08 _ Left _ 1",-122.130888247102,57.3848681900595,1289.99257265582,-99.2113878970362,156.40185748063,1319.29632036456
"BIGKAT _ C08 _ Left _ 1",-122.195731473871,55.0927123138909,1288.18660532856,-94.6639226995021,164.518018514302,1321.66656267767
"BIGKAT _ C08 _ Left _ 1",-122.497378884498,53.8440373338203,1287.63328527201,-93.7734309839377,166.589333908092,1323.08749140733
"BIGKAT _ C08 _ Left _ 1",-122.984376971412,53.8151715277096,1288.39876087561,-96.7013824596497,162.304664498986,1323.33651359484
"BIGKAT _ C08 _ Left _ 1",-123.575453040212,54.9908471627658,1290.34310313925,-102.999312852526,152.264302506287,1322.36582690755
"BIGKAT _ C08 _ Left _ 1",-124.171346206615,57.1760234143868,1293.14963203763,-111.675530674109,137.925029331156,1320.31233266901
"BIGKAT _ C08 _ Left _ 1",-124.671220465504,60.034703661202,1296.38162157246,-121.373400075052,121.414253337104,1317.47551054298
"BIGKAT _ C08 _ Left _ 1",-124.991214324346,63.1458474580098,1299.5549321415,-130.615263002565,105.219228690678,1314.26852448003
"BIGKAT _ C08 _ Left _ 1",-125.080921314459,66.0653501629593,1302.21257856653,-138.045682987534,91.7931148519627,1311.15347331949
"BIGKAT _ C08 _ Left _ 1",-124.933091536955,68.3848985057441,1303.98822900446,-142.616101215128,83.1548839055473,1308.57414883473
"BIGKAT _ C08 _ Left _ 1",-124.583230118921,69.7823578352011,1304.65018363846,-143.685923638719,80.5703576357444,1306.89739151837
"BIGKAT _ C08 _ Left _ 1",-124.098778180105,70.0614270794283,1304.12306767901,-141.051871663766,84.3780851723558,1306.36847358602
"BIGKAT _ C08 _ Left _ 1",-123.561110055843,69.1782370196012,1302.48832666985,-134.936539935905,93.981621595042,1307.08123282068
"BIGKAT _ C08 _ Left _ 1",-123.046223828736,67.2502506553165,1299.96603681697,-125.961337022501,107.991456636342,1308.96348120524
"BIGKAT _ C08 _ Left _ 1",-122.610436877654,64.5420404155045,1296.88128036111,-115.107517183885,124.474718334759,1311.7809488575
"BIGKAT _ C08 _ Left _ 1",-122.285084590001,61.4263418959319,1293.61981375301,-103.648690821431,141.256523110684,1315.16351773762
"BIGKAT _ C08 _ Left _ 1",-122.08005017609,58.3263784329269,1290.57946636049,-93.0330767164564,156.213748977871,1318.65327096783
"BIGKAT _ C08 _ Left _ 1",-121.99211148538,55.6522506089791,1288.12406829239,-84.707518857723,167.515375382045,1321.76780266739
"BIGKAT _ C08 _ Left _ 1",-122.012714915195,53.7453981907157,1286.54487499187,-79.9000292266516,173.792106539356,1324.06854802203
"BIGKAT _ C08 _ Left _ 1",-122.131438458137,52.8398374195867,1286.03132393988,-79.400374791993,174.247558378799,1325.22377542404
"BIGKAT _ C08 _ Left _ 1",-122.3347398907,53.0410257646471,1286.65063656789,-83.3895773530283,168.735520116763,1325.05759683908
"BIGKAT _ C08 _ Left _ 1",-122.602487930485,54.3183690861789,1288.33600713834,-91.3660204668009,157.814661158884,1323.57824217761
"BIGKAT _ C08 _ Left _ 1",-122.905832120789,56.5080062350252,1290.88567002969,-102.198243530678,142.762343557255,1320.98090870243
"BIGKAT _ C08 _ Left _ 1",-123.209010561085,59.3262720687288,1293.97746959057,-114.304052139987,125.504033056457,1317.62349224668
"BIGKAT _ C08 _ Left _ 1",-123.475449632929,62.396732242575,1297.2026624466,-125.919104338524,108.416022189116,1313.97761577503
"BIGKAT _ C08 _ Left _ 1",-123.676140982876,65.2924101783843,1300.11796111881,-135.390579328657,93.99520399415,1310.56191170428
"BIGKAT _ C08 _ Left _ 1",-123.796929372524,67.5908975725551,1302.3089295334,-141.428890972409,84.4454788993312,1307.86806250009
"BIGKAT _ C08 _ Left _ 1",-123.841583269023,68.9362508668217,1303.4541835268,-143.275181515598,81.2735506418688,1306.2907825013
"BIGKAT _ C08 _ Left _ 1",-123.829162772574,69.0992348422468,1303.37953889079,-140.777748165098,84.991979779375,1306.07009466287
"BIGKAT _ C08 _ Left _ 1",-123.786573284646,68.0257472856837,1302.09284830329,-134.393517704296,94.997182166599,1307.25060804502
"BIGKAT _ C08 _ Left _ 1",-123.739359074357,65.8617700623823,1299.79227745528,-125.130866265344,109.647286703985,1309.66220987296
"BIGKAT _ C08 _ Left _ 1",-123.70466032098,62.944030319076,1296.8435169344,-114.435819946912,126.526032110757,1312.9296097136
"BIGKAT _ C08 _ Left _ 1",-123.689089580558,59.751481120712,1293.72620647275,-104.012795917266,142.846108266316,1316.51863719556
"BIGKAT _ C08 _ Left _ 1",-123.691495412782,56.8235171583036,1290.95668313646,-95.5777725541812,155.919246336719,1319.81986462829
"BIGKAT _ C08 _ Left _ 1",-123.707913490428,54.6620874632458,1289.00086811255,-90.5675253974848,163.608534730153,1322.25707710107
"BIGKAT _ C08 _ Left _ 1",-123.735324143366,53.6406313629111,1288.19460438026,-89.8603176485135,164.686242071227,1323.3971650936
"BIGKAT _ C08 _ Left _ 1",-123.772444708527,53.9401708692751,1288.68731929355,-93.5814112637923,159.041862916296,1323.03554552101
"BIGKAT _ C08 _ Left _ 1",-123.818172831833,55.5241193739583,1290.4192545402,-101.056642656805,147.708407604697,1321.23761039318
"BIGKAT _ C08 _ Left _ 1",-123.869671268974,58.1531636924669,1293.1350656732,-110.938333773281,132.695704513745,1318.32789768308
"BIGKAT _ C08 _ Left _ 1",-123.921839901566,61.4333860832403,1296.42958352496,-121.473690751353,116.644630780183,1314.8304364113
"BIGKAT _ C08 _ Left _ 1",-123.968586174055,64.8856774018649,1299.81610246302,-130.840211524508,102.353029463998,1311.37365094504
"BIGKAT _ C08 _ Left _ 1",-124.004760552453,68.0226035137804,1302.8042561859,-137.458411522945,92.2651188207331,1308.57986857241
"BIGKAT _ C08 _ Left _ 1",-124.026788925932,70.4200865342885,1304.97389930143,-140.216216259348,88.0385372473992,1306.96137967445
"BIGKAT _ C08 _ Left _ 1",-124.030682450253,71.7743051637319,1306.03347609115,-138.584674442008,90.2874889441844,1306.84136909432
"BIGKAT _ C08 _ Left _ 1",-124.008163064498,71.9371463642579,1305.8550457682,-132.642275293299,98.5503081945206,1308.31042298891
"BIGKAT _ C08 _ Left _ 1",-123.943814836073,70.9257940184537,1304.48217060338,-123.036711680174,111.46805187651,1311.22150334826
"BIGKAT _ C08 _ Left _ 1",-123.816763275324,68.9052072898908,1302.11118098927,-110.901810363961,127.109602758981,1315.22085044748
"BIGKAT _ C08 _ Left _ 1",-123.608564067244,66.1478153038657,1299.05134014585,-97.7311408692321,143.349286430211,1319.80814408599
"BIGKAT _ C08 _ Left _ 1",-123.315437420231,62.9814181860618,1295.67409199817,-85.2048341238866,158.200734414942,1324.41477146106
"BIGKAT _ C08 _ Left _ 1",-122.959727902048,59.7399825124112,1292.36331688692,-74.9765423308208,170.038496451835,1328.48567359993
"BIGKAT _ C08 _ Left _ 1",-122.594673164386,56.7291842228525,1289.47564852033,-68.4447851690287,177.689376455161,1331.5507568889
"BIGKAT _ C08 _ Left _ 1",-122.298917893297,54.209733240917,1287.3136061393,-66.5452351581459,180.427796815575,1333.27663322137
"BIGKAT _ C08 _ Left _ 1",-122.161326354147,52.3918276669121,1286.10804945599,-69.6021773648603,177.939381796585,1333.49598376343
"BIGKAT _ C08 _ Left _ 1",-122.260222759477,51.429635094166,1286.0036627162,-77.270101409888,170.311079440936,1332.21663264391
"BIGKAT _ C08 _ Left _ 1",-122.642730406788,51.4081076566386,1287.04311278176,-88.5831588542894,158.068964214968,1329.61332150719
"BIGKAT _ C08 _ Left _ 1",-123.309454280308,52.3231618125116,1289.15091723221,-102.111385904757,142.235632187161,1326.00333278637
"BIGKAT _ C08 _ Left _ 1",-124.208324090085,54.0644215271313,1292.12375959897,-116.197869866995,124.343646300297,1321.80628943558
"BIGKAT _ C08 _ Left _ 1",-125.239626051286,56.412000942668,1295.6364233295,-129.225276643369,106.341506785274,1317.49138134891
"BIGKAT _ C08 _ Left _ 1",-126.271944810576,59.0540739889177,1299.26963818777,-139.846390641225,90.3690513126598,1313.52062315437
"BIGKAT _ C08 _ Left _ 1",-127.165790449932,61.6241159824624,1302.55920034461,-147.125490259623,78.4396951667594,1310.29996487147
"BIGKAT _ C08 _ Left _ 1",-127.799069334933,63.7511275850177,1305.05893197523,-150.575129151078,72.1106436863926,1308.146960209
"BIGKAT _ C08 _ Left _ 1",-128.087935233253,65.1150125662787,1306.40707287366,-150.115938054742,72.2238567545376,1307.27458243801
"BIGKAT _ C08 _ Left _ 1",-127.998588334665,65.5001563982022,1306.38631208779,-146.009922117682,78.7680905356847,1307.78198712498
"BIGKAT _ C08 _ Left _ 1",-127.549075352301,64.8396519524287,1304.96868780175,-138.809679804939,90.8751199584024,1309.6423410161
"BIGKAT _ C08 _ Left _ 1",-126.803071356727,63.2402850998817,1302.33629708196,-129.335842211305,106.940351043282,1312.68686716625
"BIGKAT _ C08 _ Left _ 1",-125.858719705367,60.9779049379404,1298.86927210527,-118.661706747324,124.845844817028,1316.5960448969
"BIGKAT _ C08 _ Left _ 1",-124.834927640155,58.4580082075467,1295.09720445232,-108.065582146588,142.251744543323,1320.9138838718
"BIGKAT _ C08 _ Left _ 1",-123.85612402661,56.1469692104477,1291.61938048494,-98.9177128391595,156.910428316765,1325.09519071884
"BIGKAT _ C08 _ Left _ 1",-123.035743252508,54.4898665691921,1289.00858322581,-92.4970565813928,166.955947320082,1328.58261633557
"BIGKAT _ C08 _ Left _ 1",-122.459424451308,53.8347203827352,1287.71768537176,-89.7692375707486,171.134015684167,1330.89791878317
"BIGKAT _ C08 _ Left _ 1",-122.170703941563,54.3783211221349,1288.00632407584,-91.1831199799204,168.956532184131,1331.7262223795
"BIGKAT _ C08 _ Left _ 1",-122.163292411232,56.1400615304474,1289.89920037012,-96.5484844230943,160.77523484363,1330.97396881271
"BIGKAT _ C08 _ Left _ 1",-122.383364660597,58.9631824641615,1293.18132338487,-105.039360907289,147.765974105839,1328.7879746489
"BIGKAT _ C08 _ Left _ 1",-122.742516661445,62.5397143515895,1297.43013513106,-115.331806006264,131.80746737563,1325.53159279674
"BIGKAT _ C08 _ Left _ 1",-123.138470048536,66.4541210768537,1302.07926943295,-125.842652455074,115.243282860647,1321.72299542945
"BIGKAT _ C08 _ Left _ 1",-123.477864632396,70.2390473506902,1306.50322665226,-135.004378946045,100.542594947843,1317.94893400874
"BIGKAT _ C08 _ Left _ 1",-123.694662736505,73.435188068309,1310.10805138119,-141.507061357394,89.9138381396612,1314.77262579344
"BIGKAT _ C08 _ Left _ 1",-123.759197463917,75.6481185891555,1312.41306773163,-144.463541480407,84.950585120469,1312.65374534555
"BIGKAT _ C08 _ Left _ 1",-123.676359574622,76.5978357730459,1313.11351907869,-143.491525821512,86.3824030770808,1311.89133622883
"BIGKAT _ C08 _ Left _ 1",-123.47549966744,76.158688898608,1312.11998966215,-138.732441190538,93.9715187732454,1312.59106415522
"BIGKAT _ C08 _ Left _ 1",-123.197444716683,74.3858096912646,1309.57318699149,-130.829033814458,106.561510260797,1314.65341986464
"BIGKAT _ C08 _ Left _ 1",-122.884256079827,71.5206861931742,1305.83162133008,-120.867524079478,122.261149399358,1317.78196631885
"BIGKAT _ C08 _ Left _ 1",-122.574958340088,67.9678445306417,1301.42904388794,-110.272091844523,138.731837495279,1321.51553010495
"BIGKAT _ C08 _ Left _ 1",-122.3066245264,64.2399589912637,1297.002111666,-100.635484018733,153.534274191573,1325.28785295388
"BIGKAT _ C08 _ Left _ 1",-122.116854716142,60.8786025342155,1293.19626890867,-93.4862028574467,164.481713820971,1328.51087117005
"BIGKAT _ C08 _ Left _ 1",-122.04284426947,58.3667679151296,1290.56520737689,-90.0232546339416,169.950240994537,1330.66863110269
"BIGKAT _ C08 _ Left _ 1",-122.114704083832,57.0520091242285,1289.48248810449,-90.8769782926982,169.110073512894,1331.40383778952
"BIGKAT _ C08 _ Left _ 1",-122.344994711407,57.0948085565206,1290.0818549892,-95.9625209384994,162.055942101039,1330.57996839357
"BIGKAT _ C08 _ Left _ 1",-122.719599542976,58.449258980277,1292.23693549729,-104.474501073087,149.820517443846,1328.30694622882
"BIGKAT _ C08 _ Left _ 1",-123.195015695714,60.8764663578592,1295.5835527801,-115.032646544592,134.255577941762,1324.92522385501
"BIGKAT _ C08 _ Left _ 1",-123.704257615201,63.986403384039,1299.58027613613,-125.942601701078,117.774192665365,1320.95055178943
"BIGKAT _ C08 _ Left _ 1",-124.16984624695,67.3003724943509,1303.59608926304,-135.501936433704,102.974219477238,1316.98903448577
"BIGKAT _ C08 _ Left _ 1",-124.5196382904,70.3236946903631,1307.00941282054,-142.274681281241,92.2033248709905,1313.63807937319
"BIGKAT _ C08 _ Left _ 1",-124.700479590525,72.617932811308,1309.30181813563,-145.281772324923,87.1561073553981,1311.39161402569
"BIGKAT _ C08 _ Left _ 1",-124.686011384709,73.8639741107376,1310.13302696905,-144.09462070174,88.5929916560228,1310.56587714328
"BIGKAT _ C08 _ Left _ 1",-124.477701656054,73.909487117402,1309.38890414812,-138.850479812126,96.2371776610622,1311.25591765994
"BIGKAT _ C08 _ Left _ 1",-124.100774549194,72.7947028000711,1307.19786966799,-130.216022609752,108.858834053977,1313.32625529722
"BIGKAT _ C08 _ Left _ 1",-123.597791963739,70.750189139201,1303.9129386254,-119.312623802717,124.514550000989,1316.43496847865
"BIGKAT _ C08 _ Left _ 1",-123.021995257127,68.1624396174532,1300.05903000639,-107.59916884725,140.88316753922,1320.08790217574
"BIGKAT _ C08 _ Left _ 1",-122.430980790126,65.5094871504361,1296.25051766991,-96.7019255421898,155.628374798744,1323.71608420125
"BIGKAT _ C08 _ Left _ 1",-121.880031682454,63.2775568879032,1293.09127950386,-88.1926637343313,166.725281328727,1326.76464344115
"BIGKAT _ C08 _ Left _ 1",-121.414404768588,61.8764195009307,1291.07524500845,-83.3399808861922,172.710336145618,1328.77810887192
"BIGKAT _ C08 _ Left _ 1",-121.061237441978,61.5716854320252,1290.50649370528,-82.8812083854882,172.841042537139,1329.46724520913
"BIGKAT _ C08 _ Left _ 1",-120.823515084665,62.4466137611281,1291.45374803433,-86.8708084392119,167.169847025059,1328.7466680132
"BIGKAT _ C08 _ Left _ 1",-120.679172764676,64.3975497206772,1293.74648961967,-94.6503421741059,156.537645674826,1326.73869249273
"BIGKAT _ C08 _ Left _ 1",-120.587059597804,67.1597241736186,1297.01137443462,-104.956932162522,142.482008304696,1323.74526919517
"BIGKAT _ C08 _ Left _ 1",-120.498807552321,70.3553544050243,1300.73996252808,-116.14948078506,127.049109428006,1320.19535113739
"BIGKAT _ C08 _ Left _ 1",-120.373128500675,73.5533993173605,1304.37329362314,-126.497694355382,112.510771745547,1316.57892664455
"BIGKAT _ C08 _ Left _ 1",-120.187888981926,76.3299101718061,1307.386743611,-134.463376105118,101.019106936303,1313.38015493629
"BIGKAT _ C08 _ Left _ 1",-119.94582181269,78.3203530468045,1309.3608139084,-138.915071758575,94.2634628932679,1311.01972136924
"BIGKAT _ C08 _ Left _ 1",-119.671783886105,79.2598951303002,1310.02943595659,-139.249331577008,93.205050788541,1309.81139730749
"BIGKAT _ C08 _ Left _ 1",-119.402660232556,79.0114415695228,1309.30409277821,-135.425300169507,97.9455157125201,1309.93242691651
"BIGKAT _ C08 _ Left _ 1",-119.174335995459,77.5813494263699,1307.27600935274,-127.93631321073,107.748956745364,1311.40513334421
"BIGKAT _ C08 _ Left _ 1",-119.01186675028,75.1199810734661,1304.19883423755,-117.738961561773,121.200348971605,1314.0895120446
"BIGKAT _ C08 _ Left _ 1",-118.927554679781,71.9027779953564,1300.45316988,-106.146809785743,136.45590834162,1317.69077612892
"BIGKAT _ C08 _ Left _ 1",-118.927272160574,68.2909087930643,1296.49539363088,-94.6866513494201,151.525324902009,1321.78678839583
"BIGKAT _ C08 _ Left _ 1",-119.020414421683,64.6778860425046,1292.79700163177,-84.9177615593198,164.526810292936,1325.87614450726
"BIGKAT _ C08 _ Left _ 1",-119.226457870599,61.434736699226,1289.78428486406,-78.2269861592738,173.877237283287,1329.44149572648
"BIGKAT _ C08 _ Left _ 1",-119.572927488555,58.8663118627959,1287.78816503259,-75.6261704988144,178.413815398016,1332.0187117992
"BIGKAT _ C08 _ Left _ 1",-120.08451759338,57.1847711135521,1287.01005299367,-77.5860889277494,177.472198058029,1333.26180281166
"BIGKAT _ C08 _ Left _ 1",-120.768083853705,56.4980082930017,1287.50448177442,-83.9408673124252,170.951480425582,1332.99452143032
"BIGKAT _ C08 _ Left _ 1",-121.600448394462,56.8066886987573,1289.17647455794,-93.8898578552277,159.375798528612,1331.24076656969
"BIGKAT _ C08 _ Left _ 1",-122.524644021673,58.0056892768356,1291.79217613902,-106.109264435476,143.928051781578,1328.22758989353
"BIGKAT _ C08 _ Left _ 1",-123.456571613561,59.89097782453,1295.00311701918,-118.962040089587,126.406003545303,1324.35802788883
"BIGKAT _ C08 _ Left _ 1",-124.300091990486,62.176224458167,1298.38465056541,-130.765753033553,109.054684731758,1320.15644840745
"BIGKAT _ C08 _ Left _ 1",-124.9659269658,64.5222121829168,1301.48673360127,-140.057406547125,94.2662329684818,1316.19501085773
"BIGKAT _ C08 _ Left _ 1",-125.388961610528,66.5782972125534,1303.89206970459,-145.796497709697,84.1916938926809,1313.01358713856
"BIGKAT _ C08 _ Left _ 1",-125.539378878386,68.0320787098683,1305.27481333501,-147.474753994189,80.3495852946883,1311.04528587737
"BIGKAT _ C08 _ Left _ 1",-125.425089713772,68.6617095180226,1305.45263227234,-145.136320395688,83.3237939036792,1310.55615961651
"BIGKAT _ C08 _ Left _ 1",-125.085668013746,68.3830571438861,1304.42448716445,-139.333805529828,92.6212138794809,1311.60394190039
"BIGKAT _ C08 _ Left _ 1",-124.580624172973,67.2807259512545,1302.38557956149,-131.044592629942,106.722834564415,1314.02008510414
"BIGKAT _ C08 _ Left _ 1",-123.976265068195,65.6105059987697,1299.71132887914,-121.556397748845,123.322927984068,1317.42142968341
"BIGKAT _ C08 _ Left _ 1",-123.334924674045,63.7646302478857,1296.90628119802,-112.317275891832,139.714385188677,1321.25765560558
"BIGKAT _ C08 _ Left _ 1",-122.708296833297,62.2010382363144,1294.52183120559,-104.74581434243,153.248812138242,1324.89423988355
"BIGKAT _ C08 _ Left _ 1",-122.134201842395,61.350235662381,1293.05603244095,-100.014294300845,161.785865284485,1327.71976621561
"BIGKAT _ C08 _ Left _ 1",-121.634920943396,61.5224632816955,1292.85577077583,-98.841547500139,164.052184184709,1329.25704987385
"BIGKAT _ C08 _ Left _ 1",-121.215912495765,62.8392466846471,1294.04336826245,-101.347448603584,159.851137070008,1329.25426147632
"BIGKAT _ C08 _ Left _ 1",-120.865399890654,65.2065678086189,1296.48550959398,-107.015478319164,150.090382469819,1327.73570373677
"BIGKAT _ C08 _ Left _ 1",-120.556382762776,68.3349945708747,1299.81316627606,-114.782319834427,136.61988423808,1325.00033692272
"BIGKAT _ C08 _ Left _ 1",-120.25220833399,71.7993876938552,1303.48905885987,-123.234572839874,121.901338198461,1321.56743680444
"BIGKAT _ C08 _ Left _ 1",-119.915291017616,75.1211867786213,1306.90740475512,-130.860251909757,108.563906867967,1318.0806618429
"BIGKAT _ C08 _ Left _ 1",-119.516805427128,77.8528052607708,1309.50315937315,-136.292766156473,98.9333914685426,1315.19130674057
"BIGKAT _ C08 _ Left _ 1",-119.044186176692,79.6472482909457,1310.847600677,-138.501086678903,94.6351602164593,1313.44527680695
"BIGKAT _ C08 _ Left _ 1",-118.503855565516,80.3039928316637,1310.71362724804,-136.909432621617,96.3526167959322,1313.19477351307
"BIGKAT _ C08 _ Left _ 1",-117.91878304045,79.7892923794969,1309.10347365153,-131.453832461165,103.778871934643,1314.54723581355
"BIGKAT _ C08 _ Left _ 1",-117.323033409553,78.2321075440207,1306.23903211384,-122.589421587471,115.749844545727,1317.35570934522
"BIGKAT _ C08 _ Left _ 1",-116.756622790821,75.8972547150819,1302.51941517456,-111.253492692036,130.508902515746,1321.24927571695
"BIGKAT _ C08 _ Left _ 1",-116.262842612169,73.1390133289652,1298.45393395394,-98.7774688198319,146.031693881074,1325.69786488734
"BIGKAT _ C08 _ Left _ 1",-115.887475315172,70.3429241281961,1294.58274171435,-86.7390226196014,160.33642420658,1330.10037625961
"BIGKAT _ C08 _ Left _ 1",-115.677100883759,67.8680945978689,1291.40025786748,-76.7578148221035,171.721907159204,1333.87964426651
"BIGKAT _ C08 _ Left _ 1",-115.67384750747,66.0025359841405,1289.29504228949,-70.2579873436744,178.910456122322,1336.56603970126
"BIGKAT _ C08 _ Left _ 1",-115.906413652596,64.9382779111462,1288.5132821906,-68.2366139206481,181.111235435728,1337.85550910315
"BIGKAT _ C08 _ Left _ 1",-116.380066239132,64.7645367851683,1289.14466536198,-71.0834834364184,178.042763025381,1337.63596547446
"BIGKAT _ C08 _ Left _ 1",-117.069683225036,65.4716260814406,1291.12408449613,-78.4934982841684,169.949030257872,1335.98412228619
"BIGKAT _ C08 _ Left _ 1",-117.919258410568,66.9586977235878,1294.24304316239,-89.4990610530707,157.616021489133,1333.13978983062
"BIGKAT _ C08 _ Left _ 1",-118.849251125293,69.0431452217968,1298.16907767816,-102.62538669273,142.361809496178,1329.46573796509
"BIGKAT _ C08 _ Left _ 1",-119.770588230245,71.4740313659054,1302.4753632641,-116.139359989208,125.956008939838,1325.40020775479
"BIGKAT _ C08 _ Left _ 1",-120.601755658344,73.9527050301202,1306.68234406769,-128.33321199914,110.437844878126,1321.4080527273
"BIGKAT _ C08 _ Left _ 1",-121.284040846419,76.1611030367216,1310.3091363222,-137.774119375921,97.8424365666322,1317.93580472204
"BIGKAT _ C08 _ Left _ 1",-121.790349204756,77.7953751944314,1312.92851728438,-143.46934178265,89.8881533387296,1315.37439029282
"BIGKAT _ C08 _ Left _ 1",-122.125291173108,78.6018893397943,1314.21882968791,-144.935206687976,87.6967172638729,1314.02946514257
"BIGKAT _ C08 _ Left _ 1",-122.317596184873,78.4132344495587,1314.00818295199,-142.194006582374,91.6046410934196,1314.09489629659
"BIGKAT _ C08 _ Left _ 1",-122.408803651503,77.1806675243093,1312.30721938464,-135.735488566298,101.09601513399,1315.62443157968
"BIGKAT _ C08 _ Left _ 1",-122.443169498041,74.9960777600325,1309.32470832711,-126.466216107605,114.862121484058,1318.50317852194
"BIGKAT _ C08 _ Left _ 1",-122.462277603442,72.0940902819738,1305.45779812153,-115.644161578837,130.976895285381,1322.43061481615
"BIGKAT _ C08 _ Left _ 1",-122.504668057685,68.827211732106,1301.2502006374,-104.776321585616,147.162306743758,1326.93183164263
"BIGKAT _ C08 _ Left _ 1",-122.607578376932,65.614642649109,1297.31878104622,-95.4574273324506,161.103118001209,1331.40791498491
"BIGKAT _ C08 _ Left _ 1",-122.806525787878,62.8748300137798,1294.2591066167,-89.1494730717541,170.763882098787,1335.22263570592
"BIGKAT _ C08 _ Left _ 1",-123.129936185235,60.9574392779367,1292.54799949929,-86.9337598204559,174.667740159059,1337.80909944042
"BIGKAT _ C08 _ Left _ 1",-123.58959345169,60.0893710352655,1292.46261552786,-89.2926559464904,172.110224388714,1338.77288219021
"BIGKAT _ C08 _ Left _ 1",-124.171104357008,60.3437371230502,1294.03176695895,-95.9844417368398,163.289319837624,1337.96846131594
"BIGKAT _ C08 _ Left _ 1",-124.829700333965,61.6345098406462,1297.02883566542,-106.057184593427,149.3301048879,1335.5315320861
"BIGKAT _ C08 _ Left _ 1",-125.494919130651,63.7350881402708,1301.00823254675,-118.010259693664,132.177390209604,1331.85912619803
"BIGKAT _ C08 _ Left _ 1",-126.084028251947,66.315710580331,1305.37893652756,-130.066339748328,114.34011002504,1327.54075303633
"BIGKAT _ C08 _ Left _ 1",-126.520253017819,68.9917963073228,1309.5001038424,-140.48165175416,98.5063092842912,1323.25500370024
"BIGKAT _ C08 _ Left _ 1",-126.749713369186,71.3742392462777,1312.77865008397,-147.817021530963,87.0954708166736,1319.65419021754
"BIGKAT _ C08 _ Left _ 1",-126.751451819404,73.1151792089825,1314.75079915257,-151.119969371445,81.8461468337839,1317.26113930065
"BIGKAT _ C08 _ Left _ 1",-126.537767316092,73.9476093427823,1315.13796742523,-150.010129517999,83.5292951659741,1316.39562865552
"BIGKAT _ C08 _ Left _ 1",-126.145944579601,73.719931175182,1313.87597628911,-144.689942360042,91.8382198898331,1317.13687297691
"BIGKAT _ C08 _ Left _ 1",-125.625781080064,72.4240685156523,1311.11995278486,-135.906349738843,105.460989655177,1319.32041522893
"BIGKAT _ C08 _ Left _ 1",-125.028636071292,70.2101299692683,1307.22563673215,-124.873274044367,122.308503510393,1322.56624590422
"BIGKAT _ C08 _ Left _ 1",-124.402241869016,67.37770609199,1302.70601248103,-113.146281051946,139.850602852448,1326.33573732658
"BIGKAT _ C08 _ Left _ 1",-123.79177105632,64.3377511380676,1298.16431876268,-102.436452979884,155.499792151278,1330.01236318011
"BIGKAT _ C08 _ Left _ 1",-123.243738435304,61.5483041239741,1294.2102503428,-94.3665750235555,166.980507876698,1332.99525282198
"BIGKAT _ C08 _ Left _ 1",-122.807700971734,59.4366292801208,1291.37176555881,-90.2017941012696,172.634985801013,1334.79022307011
"BIGKAT _ C08 _ Left _ 1",-122.532426307023,58.3246606367473,1290.0169428242,-90.6122024595112,171.638280169149,1335.08352834635
"BIGKAT _ C08 _ Left _ 1",-122.456975918382,58.3728715628991,1290.29845279828,-95.5312459801794,164.111259390076,1333.78812316058
"BIGKAT _ C08 _ Left _ 1",-122.600495290473,59.5524686470479,1292.12943639024,-104.156030419091,151.123064342494,1331.05722164349
"BIGKAT _ C08 _ Left _ 1",-122.95554546149,61.6500060038287,1295.19546165953,-115.098049083667,134.569494021002,1327.26331605573
"BIGKAT _ C08 _ Left _ 1",-123.488216232533,64.3029139043352,1299.00228371385,-126.64766121505,116.917775839951,1322.94361303761
"BIGKAT _ C08 _ Left _ 1",-124.145035536867,67.0588407750635,1302.95246673918,-137.080855934055,100.83394072271,1318.71753887759
"BIGKAT _ C08 _ Left _ 1",-124.863623328291,69.4473039541943,1306.43721894971,-144.930320889702,88.7503583344643,1315.18911726843
"BIGKAT _ C08 _ Left _ 1",-125.582857707899,71.0511768144671,1308.92688851533,-149.169115622297,82.4628222682171,1312.85300343993
"BIGKAT _ C08 _ Left _ 1",-126.24960469098,71.5682798190323,1310.04629359851,-149.297843630787,82.8455834698729,1312.02249189318
"BIGKAT _ C08 _ Left _ 1",-126.821795901973,70.8568414671168,1309.62664131199,-145.35851854029,89.7392625997706,1312.79033081639
"BIGKAT _ C08 _ Left _ 1",-127.269922662158,68.9598216459343,1307.72974535178,-137.904299178569,102.021504225143,1315.02440193782
"BIGKAT _ C08 _ Left _ 1",-127.579365657289,66.1026593977301,1304.64126227665,-127.938304658421,117.831932858633,1318.39548298608
"BIGKAT _ C08 _ Left _ 1",-127.754216988264,62.6606194703466,1300.83065602445,-116.814546055322,134.8959010059,1322.43222734592
"BIGKAT _ C08 _ Left _ 1",-127.820581005202,59.0981676477388,1296.88015728571,-106.086986269844,150.876375721988,1326.5949759802
"BIGKAT _ C08 _ Left _ 1",-127.825718929899,55.8918374061407,1293.39304186154,-97.3052887403508,163.686050902558,1330.35505102379
"BIGKAT _ C08 _ Left _ 1",-127.830276125297,53.4543057868659,1290.89862527743,-91.7804376247983,171.716197772349,1333.26452987502
"BIGKAT _ C08 _ Left _ 1",-127.893911139514,52.076306875323,1289.77249038573,-90.3648078462321,173.975250565505,1335.00612779444
"BIGKAT _ C08 _ Left _ 1",-128.058055040504,51.8953154520796,1290.18502033688,-93.2975102675335,170.158170256957,1335.42057902736
"BIGKAT _ C08 _ Left _ 1",-128.331373900968,52.8910120925186,1292.08345076654,-100.155052323692,160.670998990591,1334.51416479203
"BIGKAT _ C08 _ Left _ 1",-128.683091296829,54.9023780166138,1295.20686812912,-109.924649141822,146.614454659748,1332.44967529509
"BIGKAT _ C08 _ Left _ 1",-129.046992586309,57.6604151749036,1299.13056298089,-121.188456774551,129.703870434842,1329.52243632335
"BIGKAT _ C08 _ Left _ 1",-129.335498746783,60.8308197107715,1303.33326068701,-132.376979446961,112.094362879933,1326.12242115464
"BIGKAT _ C08 _ Left _ 1",-129.459843278276,64.0598417066007,1307.27613257465,-142.028653379444,96.1037102684581,1322.68548510001
"BIGKAT _ C08 _ Left _ 1",-129.350440359828,67.0151672559233,1310.47831813756,-148.993019707727,83.8712198347301,1319.64043477532
"BIGKAT _ C08 _ Left _ 1",-128.971780708248,69.4154970711132,1312.57461865041,-152.54149707413,77.0278558104612,1317.36074391844
"BIGKAT _ C08 _ Left _ 1",-128.328337774752,71.0485021888414,1313.34850547121,-152.389367681212,76.4538706465297,1316.12723661422
"BIGKAT _ C08 _ Left _ 1",-127.460959192252,71.7827214215171,1312.74285991951,-148.662078345059,82.1676650599939,1316.10232587471
"BIGKAT _ C08 _ Left _ 1",-126.436056095243,71.5792403529631,1310.85542123012,-141.843681438442,93.3507459828021,1317.31307934695
"BIGKAT _ C08 _ Left _ 1",-125.331919747624,70.5030704904728,1307.9240608608,-132.727979400744,108.489628701976,1319.64304513775
"BIGKAT _ C08 _ Left _ 1",-124.22704696699,68.7271431076361,1304.30251670828,-122.367903549584,125.60498358862,1322.8380353174
"BIGKAT _ C08 _ Left _ 1",-123.193898674098,66.51985428042,1300.42499394637,-112.00131901384,142.530408134164,1326.53208209488
"BIGKAT _ C08 _ Left _ 1",-122.298349742054,64.2122088554571,1296.75995647261,-102.931696869768,157.196133025382,1330.29379650833
"BIGKAT _ C08 _ Left _ 1",-121.60176944258,62.149373828324,1293.75742890534,-96.3604063554288,167.874822551606,1333.68466883903
"BIGKAT _ C08 _ Left _ 1",-121.1612274524,60.6378651794597,1291.79663191658,-93.1943422473191,173.362109833392,1336.31623473789
"BIGKAT _ C08 _ Left _ 1",-121.024690679923,59.9000291143107,1291.14023370399,-93.8740249960023,173.08623537171,1337.89516784965
"BIGKAT _ C08 _ Left _ 1",-121.22129171918,60.0432469964738,1291.89943404455,-98.2724328753085,167.155163417434,1338.25123072245
"BIGKAT _ C08 _ Left _ 1",-121.749827153589,61.0465587247122,1294.01302871288,-105.700936738439,156.347862666981,1337.34777011602
"BIGKAT _ C08 _ Left _ 1",-122.5701575219,62.7648767954142,1297.24433513391,-115.029945333053,142.044198690151,1335.27584715453
"BIGKAT _ C08 _ Left _ 1",-123.601798208879,64.9499348947155,1301.20056531708,-124.896936437369,126.079778268599,1332.23288978513
"BIGKAT _ C08 _ Left _ 1",-124.731977084159,67.2854737996078,1305.37719111742,-133.94631541916,110.521186509077,1328.48862317689
"BIGKAT _ C08 _ Left _ 1",-125.832361472718,69.4315854253191,1309.22437841745,-141.037970922827,97.3834019254165,1324.34660027379
"BIGKAT _ C08 _ Left _ 1",-126.780607515373,71.0714674673065,1312.22616360032,-145.380396490843,88.3393783983532,1320.11539441794
"BIGKAT _ C08 _ Left _ 1",-127.481218524552,71.9544951901439,1313.97913047772,-146.579958894156,84.482619964667,1316.10237138673
"BIGKAT _ C08 _ Left _ 1",-127.880608774143,71.9313674074607,1314.25700737357,-144.629371069715,86.1900812396372,1312.63100761915
"BIGKAT _ C08 _ Left _ 1",-127.973303772659,70.9778211481526,1313.04947029483,-139.868838935818,93.1041705800257,1310.06474894064
"BIGKAT _ C08 _ Left _ 1",-127.798836667552,69.2026348760619,1310.56657364234,-132.94127978304,104.223895883847,1308.80793787973
"BIGKAT _ C08 _ Left _ 1",-127.431188248543,66.8356316742419,1307.20551784317,-124.740791928961,118.075438964146,1309.25759526755
"BIGKAT _ C08 _ Left _ 1",-126.96390868625,64.1945939509664,1303.48452228407,-116.337509504159,132.92357158705,1311.70086765954
"BIGKAT _ C08 _ Left _ 1",-126.494113497448,61.6361293251324,1299.95732245803,-108.86280217978,146.986555987015,1316.18371011929
"BIGKAT _ C08 _ Left _ 1",-126.107753104344,59.5012437959416,1297.12704107398,-103.35608356533,158.62705919314,1322.40108693106
"BIGKAT _ C08 _ Left _ 1",-125.867672427971,58.0678397283986,1295.37676475778,-100.597703872644,166.50643179436,1329.66199044161
"BIGKAT _ C08 _ Left _ 1",-125.805462612339,57.5184795180119,1294.92676754126,-100.968049020302,169.703300116673,1336.96007837992
"BIGKAT _ C08 _ Left _ 1",-125.917863973243,57.9252704132477,1295.8192191093,-104.373044441946,167.803600865723,1343.14467217498
"BIGKAT _ C08 _ Left _ 1",-126.168212220064,59.2489393377147,1297.92531061285,-110.261220050829,160.964416732237,1347.15431996754
"BIGKAT _ C08 _ Left _ 1",-126.492959128865,61.3483816797687,1300.96911716954,-117.733003254754,149.940125973369,1348.25527287151
"BIGKAT _ C08 _ Left _ 1",-126.812592365983,63.9988317182516,1304.56504952743,-125.715936151652,136.04546713847,1346.22114476358
"BIGKAT _ C08 _ Left _ 1",-127.045358664276,66.9180257111248,1308.26705929221,-133.158181571935,121.029247342876,1341.39947479399
"BIGKAT _ C08 _ Left _ 1",-127.121265275919,69.798422897708,1311.62529803051,-139.186648301124,106.852873287164,1334.63989180089
"BIGKAT _ C08 _ Left _ 1",-126.993318543333,72.3410635194426,1314.24153162239,-143.191596206786,95.4038258038807,1327.10323240883
"BIGKAT _ C08 _ Left _ 1",-126.643344190036,74.2860592422766,1315.81299041585,-144.831839545313,88.2055998154371,1320.01213536096
"BIGKAT _ C08 _ Left _ 1",-126.081254456458,75.4371720414833,1316.15830374201,-143.98746726714,86.192009832031,1314.41772205348
"BIGKAT _ C08 _ Left _ 1",-125.338943250265,75.680892721901,1315.22639106938,-140.7034631608,89.5915649509441,1311.03738542055
"BIGKAT _ C08 _ Left _ 1",-124.462109874135,75.0004954866317,1313.09425749838,-135.161439094001,97.9325505588141,1310.18231578701
"BIGKAT _ C08 _ Left _ 1",-123.503947800043,73.4826902781941,1309.9590453381,-127.693766780967,110.150492589796,1311.76393162504
"BIGKAT _ C08 _ Left _ 1",-122.523072709831,71.3121875022481,1306.1246506769,-118.826569335143,124.764157183136,1315.35689374418
"BIGKAT _ C08 _ Left _ 1",-121.584967670952,68.7509142164546,1301.97862990266,-109.316817202003,140.08140936641,1320.29754771663
"BIGKAT _ C08 _ Left _ 1",-120.763431840589,66.1036394595345,1297.95550293254,-100.142322210841,154.399033670857,1325.7996991203
"BIGKAT _ C08 _ Left _ 1",-120.137814796686,63.6772351087938,1294.48802869865,-92.4155195445645,166.170677824529,1331.070317948
"BIGKAT _ C08 _ Left _ 1",-119.783689544009,61.7430996521619,1291.95430942989,-87.220021368918,174.133038908602,1335.40952889654
"BIGKAT _ C08 _ Left _ 1",-119.757965281122,60.5099053804339,1290.63099167523,-85.4023639861019,177.397029268205,1338.28510633485
"BIGKAT _ C08 _ Left _ 1",-120.082440120117,60.1084796089058,1290.66021031421,-87.3751775703515,175.519970429261,1339.37922037746
"BIGKAT _ C08 _ Left _ 1",-120.731137535402,60.5859396181107,1292.03306356063,-92.991712707601,168.570318102921,1338.609803599
"BIGKAT _ C08 _ Left _ 1",-121.626202907107,61.9049518816427,1294.58908915809,-101.534263713072,157.178358030191,1336.12894679023
"BIGKAT _ C08 _ Left _ 1",-122.645059875877,63.9460228399342,1298.03077746121,-111.826568515772,142.544683940241,1332.29834626066
"BIGKAT _ C08 _ Left _ 1",-123.638477393309,66.5135483229633,1301.9528118411,-122.442582967192,126.368595288972,1327.64081458516
"BIGKAT _ C08 _ Left _ 1",-124.455876136566,69.3476663628501,1305.8849408279,-131.954379324823,110.672082027703,1322.76982922871
"BIGKAT _ C08 _ Left _ 1",-124.971731714207,72.1435722267615,1309.34478179796,-139.153937354099,97.5293857028836,1318.30549825678
"BIGKAT _ C08 _ Left _ 1",-125.10654039522,74.579149647285,1311.89454184861,-143.202448349235,88.74999838732,1314.79145455982
"BIGKAT _ C08 _ Left _ 1",-124.837862813479,76.3511910790626,1313.19559395121,-143.696171503649,85.5829754258709,1312.62820910914
"BIGKAT _ C08 _ Left _ 1",-124.200355900617,77.2190606783113,1313.05628944839,-140.669082058315,88.50323986496,1312.03227817152
"BIGKAT _ C08 _ Left _ 1",-123.276620385392,77.0510154946151,1311.46852392741,-134.562886625337,97.1158896998007,1313.02068749061
"BIGKAT _ C08 _ Left _ 1",-122.182101311827,75.863192610648,1308.62623815508,-126.182873736994,110.190286085144,1315.41464755119
"BIGKAT _ C08 _ Left _ 1",-121.047527870589,73.8377378358178,1304.91690728448,-116.635678911245,125.820073893712,1318.85812164965
"BIGKAT _ C08 _ Left _ 1",-120.002119598769,71.3083439472989,1300.87926426513,-107.229198375962,141.692411375214,1322.8528635826
"BIGKAT _ C08 _ Left _ 1",-119.159907808231,68.7095793890037,1297.12806136118,-99.3178263090552,155.432445321727,1326.81413286549
"BIGKAT _ C08 _ Left _ 1",-118.609809947297,66.4979813189776,1294.25634920292,-94.0989280096001,164.970953333109,1330.14738277926
"BIGKAT _ C08 _ Left _ 1",-118.408438012346,65.0628311878156,1292.73309676409,-92.3971233458647,168.874525345841,1332.33828576591
"BIGKAT _ C08 _ Left _ 1",-118.574439351091,64.64841612899,1292.81656063644,-94.49337930879,166.583519620676,1333.04119940538
"BIGKAT _ C08 _ Left _ 1",-119.084666996706,65.3061769185316,1294.50162158685,-100.053149128333,158.518049313416,1332.14762320123
"BIGKAT _ C08 _ Left _ 1",-119.87425203666,66.8866149840837,1297.51336485479,-108.181231790809,146.029311403853,1329.81742503009
"BIGKAT _ C08 _ Left _ 1",-120.843033879569,69.070720398449,1301.35048258102,-117.591319662712,131.192602407466,1326.46189103685
"BIGKAT _ C08 _ Left _ 1",-121.869199064052,71.4319070227249,1305.37170281711,-126.842133645501,116.464367419437,1322.67815087943
"BIGKAT _ C08 _ Left _ 1",-122.82811391871,73.5138491692993,1308.9084380372,-134.575815581365,104.258609154705,1319.14655778687
"BIGKAT _ C08 _ Left _ 1",-123.61174801164,74.9081892530177,1311.38026994879,-139.705026576989,96.5269380746311,1316.51224206862
"BIGKAT _ C08 _ Left _ 1",-124.143306504493,75.3185857088301,1312.38929930992,-141.52537348426,94.4347918875828,1315.27574133428
"BIGKAT _ C08 _ Left _ 1",-124.383451706743,74.60220721539,1311.77514037394,-139.760897273902,98.2044183822084,1315.7138087729
"BIGKAT _ C08 _ Left _ 1",-124.328211218127,72.7842905584079,1309.62254483276,-134.56570657144,107.149418169598,1317.84218617719
"BIGKAT _ C08 _ Left _ 1",-124.002391641224,70.0450491027009,1306.22533205397,-126.500273856474,119.873930836328,1321.42199632629
"BIGKAT _ C08 _ Left _ 1",-123.453623974651,66.6822363893096,1302.02032456969,-116.485283825912,134.569981187046,1326.00410882379
"BIGKAT _ C08 _ Left _ 1",-122.750004156394,63.0577857548012,1297.51044048018,-105.72300892051,149.330203645668,1331.0015160024
"BIGKAT _ C08 _ Left _ 1",-121.980129259091,59.5413412286444,1293.19516053885,-95.5754541394807,162.403672856879,1335.77704321552
"BIGKAT _ C08 _ Left _ 1",-121.251141317415,56.4638474197309,1289.51975555538,-87.4001753838916,172.355620976483,1339.73248244826
"BIGKAT _ C08 _ Left _ 1",-120.680325304187,54.0891310804396,1286.84501549741,-82.3611704883136,178.134749969884,1342.38632213094
"BIGKAT _ C08 _ Left _ 1",-120.378732221318,52.6028799756719,1285.43105660211,-81.2448629827431,179.086773249862,1343.43065889927
"BIGKAT _ C08 _ Left _ 1",-120.429299396245,52.1115179144961,1285.42557271763,-84.3162006506984,174.96421891698,1342.76228111586
"BIGKAT _ C08 _ Left _ 1",-120.865003715199,52.6421453834788,1286.84985285201,-91.2481925859017,165.96503920931,1340.48663084684
"BIGKAT _ C08 _ Left _ 1",-121.653752105405,54.1391213250369,1289.58329848232,-101.150057300191,152.794548149828,1336.89578828279
"BIGKAT _ C08 _ Left _ 1",-122.695906046271,56.4595260205596,1293.35490245612,-112.701714622606,136.706070005532,1332.42373823662
"BIGKAT _ C08 _ Left _ 1",-123.837671953198,59.3741760327349,1297.7535851847,-124.374703393188,119.45797132108,1327.58509154906
"BIGKAT _ C08 _ Left _ 1",-124.899310594923,62.5805030009247,1302.2658167045,-134.689943379277,103.142894836405,1322.90670347959
"BIGKAT _ C08 _ Left _ 1",-125.712135155956,65.7293818890702,1306.33969898963,-142.447761723082,89.8944376121042,1318.86350479847
"BIGKAT _ C08 _ Left _ 1",-126.154476386666,68.463385878511,1309.46451159467,-146.878039749524,81.5315614314906,1315.82870815846
"BIGKAT _ C08 _ Left _ 1",-126.176329214296,70.461839253791,1311.24943006324,-147.693248693212,79.2300454833113,1314.04371882154
"BIGKAT _ C08 _ Left _ 1",-125.806004860131,71.4880261352622,1311.48675207308,-145.063129676671,83.3001581366536,1313.60603334999
"BIGKAT _ C08 _ Left _ 1",-125.138253310057,71.4331850369446,1310.19014158684,-139.546369469128,93.1146438343106,1314.46852535846
"BIGKAT _ C08 _ Left _ 1",-124.309104830197,70.348998063086,1307.60235996824,-132.007430725821,107.194557951647,1316.44492520021
"BIGKAT _ C08 _ Left _ 1",-123.465734238693,68.4573470439763,1304.1687474339,-123.5267109369,123.433158887906,1319.22267935273
"BIGKAT _ C08 _ Left _ 1",-122.739271321769,66.1273764714644,1300.47554698043,-115.295190115509,139.417743318317,1322.38924335892
"BIGKAT _ C08 _ Left _ 1",-122.225572445586,63.8176263918829,1297.1587473721,-108.481810019558,152.794817603792,1325.476323663
"BIGKAT _ C08 _ Left _ 1",-121.975349294063,61.9927315018238,1294.79786110989,-104.074801931917,161.619892060001,1328.02007151351
"BIGKAT _ C08 _ Left _ 1",-121.992513266915,61.0340181307674,1293.81531805376,-102.719357161036,164.641566827013,1329.62873888768
"BIGKAT _ C08 _ Left _ 1",-122.238881620576,61.1662238894137,1294.40251034647,-104.59085182077,161.484568556688,1330.04592121623
"BIGKAT _ C08 _ Left _ 1",-122.643821101481,62.4176933066225,1296.48794108426,-109.344710427297,152.709631494325,1329.19712041363
"BIGKAT _ C08 _ Left _ 1",-123.117748940023,64.6216724780867,1299.7537103745,-116.167118035938,139.737724595341,1327.20903187666
"BIGKAT _ C08 _ Left _ 1",-123.568066684358,67.4555093053984,1303.69627156144,-123.920022001086,124.638537935218,1324.39470640554
"BIGKAT _ C08 _ Left _ 1",-123.915292044312,70.5055938023392,1307.71799743664,-131.342456628336,109.805478554226,1321.20423244804
"BIGKAT _ C08 _ Left _ 1",-124.106433153506,73.341110482142,1311.2296956936,-137.254715807759,97.5692177911717,1318.1494417815
"BIGKAT _ C08 _ Left _ 1",-124.122580382498,75.5807665586071,1313.74317292791,-140.721043715265,89.824450023368,1315.71916443161
"BIGKAT _ C08 _ Left _ 1",-123.978709507724,76.942759155351,1314.93809757186,-141.152972771162,87.743792007272,1314.30376432153
"BIGKAT _ C08 _ Left _ 1",-123.715830363216,77.2753589925966,1314.69618645448,-138.360708493685,91.6266875524843,1314.14203180159
"BIGKAT _ C08 _ Left _ 1",-123.388234106242,76.5693653940025,1313.10362162477,-132.569112192198,100.895210509557,1315.29423570442
"BIGKAT _ C08 _ Left _ 1",-123.05047916591,74.953590036217,1310.42687718768,-124.40653568198,114.220470114276,1317.6390845783
"BIGKAT _ C08 _ Left _ 1",-122.748703751875,72.6733900496233,1307.06838758985,-114.859341728901,129.747317223241,1320.89174972352
"BIGKAT _ C08 _ Left _ 1",-122.518478479164,70.05330933414,1303.5087068342,-105.176009652017,145.375332203749,1324.64127708551
"BIGKAT _ C08 _ Left _ 1",-122.387744303006,67.44856543394,1300.24215354159,-96.7111772139865,159.048546462609,1328.40469949038
"BIGKAT _ C08 _ Left _ 1",-122.380541308236,65.1940212811197,1297.71329493764,-90.7207744133706,169.01046744302,1331.69200287196
"BIGKAT _ C08 _ Left _ 1",-122.517078196978,63.5603625979945,1296.26139414831,-88.1438658582603,173.997530354589,1334.07332666073
"BIGKAT _ C08 _ Left _ 1",-122.808369879643,62.724402099435,1296.07888985246,-89.4216986937989,173.365148909492,1335.23895260357
"BIGKAT _ C08 _ Left _ 1",-123.247440394887,62.7555317322338,1297.18836972211,-94.4023234038017,167.152676236022,1335.04342847785
"BIGKAT _ C08 _ Left _ 1",-123.801645960234,63.6163489768983,1299.44068785358,-102.360628961954,156.090137673567,1333.52679045367
"BIGKAT _ C08 _ Left _ 1",-124.410765798283,65.1740529768288,1302.53491866668,-112.134069250964,141.537073771884,1330.90831186807
"BIGKAT _ C08 _ Left _ 1",-124.993406886342,67.219615175489,1306.05845928404,-122.341550994946,125.337568940905,1327.55222100493
"BIGKAT _ C08 _ Left _ 1",-125.46109286272,69.4922366802682,1309.54250889067,-131.627803013123,109.588066424397,1323.91068554314
"BIGKAT _ C08 _ Left _ 1",-125.736415141953,71.7065976134324,1312.52490713175,-138.870177973174,96.344216997265,1320.45567260364
"BIGKAT _ C08 _ Left _ 1",-125.769907629122,73.5808276223266,1314.61059265198,-143.30461701534,87.3218895703046,1317.6147264153
"BIGKAT _ C08 _ Left _ 1",-125.550518894811,74.864604337812,1315.52110240984,-144.563591116717,83.6544463579601,1315.72297595608
"BIGKAT _ C08 _ Left _ 1",-125.106620824268,75.367938939109,1315.12774309015,-142.651577054439,85.7484681032386,1314.99520288656
"BIGKAT _ C08 _ Left _ 1",-124.497641851132,74.9898811180014,1313.46602800661,-137.896169942712,93.2495360857002,1315.51309750302
"BIGKAT _ C08 _ Left _ 1",-123.799559837315,73.7424631816323,1310.73049648989,-130.902179630935,105.108668788254,1317.22039539435
"BIGKAT _ C08 _ Left _ 1",-123.089509710278,71.7614606350146,1307.24992649164,-122.512171082352,119.733159191415,1319.92348309029
"BIGKAT _ C08 _ Left _ 1",-122.434675293384,69.2955695363409,1303.44465099825,-113.755307597934,135.202511772399,1323.30189090965
"BIGKAT _ C08 _ Left _ 1",-121.888202806399,66.6709931251102,1299.77083053456,-105.759635480621,149.522453916753,1326.93554216198
"BIGKAT _ C08 _ Left _ 1",-121.49119616443,64.2372171917261,1296.66020692626,-99.6153665796795,160.881326590347,1330.35188122909
"BIGKAT _ C08 _ Left _ 1",-121.276913661369,62.3073000512043,1294.46576330637,-96.2022868443413,167.872728556582,1333.0889115075
"BIGKAT _ C08 _ Left _ 1",-121.272619257741,61.1081712413735,1293.42206906802,-96.0202575028942,169.658239144999,1334.76389357938
"BIGKAT _ C08 _ Left _ 1",-121.496343035548,60.7524677978693,1293.62475032768,-99.0749092417896,166.056981019024,1335.13452002763
"BIGKAT _ C08 _ Left _ 1",-121.949026089779,61.2359982205811,1295.02922659221,-104.863433386679,157.556449721221,1334.13995385731
"BIGKAT _ C08 _ Left _ 1",-122.605557512362,62.4575682135685,1297.46638985747,-112.477686085312,145.241098420645,1331.91214086324
"BIGKAT _ C08 _ Left _ 1",-123.409617681655,64.252752449697,1300.67180618069,-120.801749101977,130.63935620553,1328.75271091853
"BIGKAT _ C08 _ Left _ 1",-124.276295573954,66.4307765476341,1304.32377314916,-128.744581638739,115.503761783212,1325.07784610854
"BIGKAT _ C08 _ Left _ 1",-125.103442228006,68.804069785797,1308.08357323144,-135.433885241298,101.560994272639,1321.34249215897
"BIGKAT _ C08 _ Left _ 1",-125.788986030514,71.2033732619402,1311.62976912042,-140.314731188253,90.2855880280154,1317.96362793741
"BIGKAT _ C08 _ Left _ 1",-126.248867580107,73.4770094460809,1314.67968736455,-143.13850631947,82.7474005219626,1315.26469691603
"BIGKAT _ C08 _ Left _ 1",-126.430288440784,75.4793057992354,1316.99652340923,-143.872792066746,79.5546366049315,1313.45526351445
"BIGKAT _ C08 _ Left _ 1",-126.317463877025,77.0577822511349,1318.38786091126,-142.589389484029,80.8758554431245,1312.64355402211
"BIGKAT _ C08 _ Left _ 1",-125.930279302644,78.0496424874125,1318.70630055259,-139.38693792312,86.4991460066124,1312.86433153509
"BIGKAT _ C08 _ Left _ 1",-125.318293777425,78.2948222461327,1317.86158064094,-134.381342187731,95.8885245232873,1314.10025995686
"BIGKAT _ C08 _ Left _ 1",-124.552821075773,77.6662340958159,1315.84609416385,-127.763382104139,108.22126080524,1316.28327812437
"BIGKAT _ C08 _ Left _ 1",-123.718976377767,76.1099937064738,1312.76587622557,-119.891278750313,122.41668983646,1319.27710893586
"BIGKAT _ C08 _ Left _ 1",-122.908455411824,73.6823703492501,1308.8623037175,-111.367768279751,137.179932381526,1322.85435586347
"BIGKAT _ C08 _ Left _ 1",-122.212866685939,70.5690063611718,1304.50992781524,-103.053227920205,151.078385657588,1326.68618610315
"BIGKAT _ C08 _ Left _ 1",-121.716813268948,67.0767318976903,1300.18318297509,-95.9879744011445,162.653944360924,1330.35843662598
"BIGKAT _ C08 _ Left _ 1",-121.48980484396,63.5970318340773,1296.39527651466,-91.2293309282867,170.562667952889,1333.41810269772
"BIGKAT _ C08 _ Left _ 1",-121.576722469931,60.5486866993922,1293.62123712383,-89.6398357807283,173.731092561672,1335.44327044399
"BIGKAT _ C08 _ Left _ 1",-121.98790887689,58.3117848825393,1292.220806248,-91.681849555561,171.518625241167,1336.12129471827
"BIGKAT _ C08 _ Left _ 1",-122.691458906572,57.1656074807912,1292.37577438546,-97.2764814555564,163.869282464178,1335.31608250697
"BIGKAT _ C08 _ Left _ 1",-123.611120851234,57.2407293976816,1294.0528119666,-105.771281274662,151.421519205071,1333.10642160887
"BIGKAT _ C08 _ Left _ 1",-124.632744363411,58.4930178461443,1296.99884206734,-116.03350261842,135.531284471045,1329.78365847555
"BIGKAT _ C08 _ Left _ 1",-125.620222932035,60.7042688615796,1300.77157706247,-126.649177615073,118.166001018044,1325.80760227744
"BIGKAT _ C08 _ Left _ 1",-126.438778620752,63.510193039053,1304.80199486266,-136.174828100332,101.655775873192,1321.73119976345
"BIGKAT _ C08 _ Left _ 1",-126.980358340409,66.4516458429474,1308.4789146368,-143.374793868268,88.335759033857,1318.11287659378
"BIGKAT _ C08 _ Left _ 1",-127.184410511017,69.041359057083,1311.2413387047,-147.3918621973,80.1553515393715,1315.43653723288
"BIGKAT _ C08 _ Left _ 1",-127.048377630306,70.8373592648654,1312.66407493115,-147.833202673316,78.3408914236766,1314.05214780373
"BIGKAT _ C08 _ Left _ 1",-126.625494646745,71.5145894372598,1312.52528630098,-144.785512850482,83.1763506115647,1314.13893014359
"BIGKAT _ C08 _ Left _ 1",-126.011440786862,70.9256032084176,1310.84791527624,-138.784936478435,93.9331019475823,1315.68625499338
"BIGKAT _ C08 _ Left _ 1",-125.324401314922,69.1390629459413,1307.90847334258,-130.757381560924,108.955598743174,1318.48905763159
"BIGKAT _ C08 _ Left _ 1",-124.684054811426,66.4436556395497,1304.20749346142,-121.926181247358,125.894890353328,1322.16184323915
"BIGKAT _ C08 _ Left _ 1",-124.19371087337,63.3087465540361,1300.39914510767,-113.673168774843,142.064072573679,1326.17975915466
"BIGKAT _ C08 _ Left _ 1",-123.927207858517,60.3033102481472,1297.18541798073,-107.346643755854,154.865513088813,1329.95092610805
"BIGKAT _ C08 _ Left _ 1",-123.920039751856,57.9882989222986,1295.19132940027,-104.03397213856,162.21974787912,1332.9128679154
"BIGKAT _ C08 _ Left _ 1",-124.164001372871,56.8077924827185,1294.84652428893,-104.344711913093,162.921872093834,1334.63446936252
"BIGKAT _ C08 _ Left _ 1",-124.606245577112,57.0054370688372,1296.30035595576,-108.265084332752,156.863010689584,1334.89959844379
"BIGKAT _ C08 _ Left _ 1",-125.155198720905,58.5846048304938,1299.39084701079,-115.135134286868,145.07403984544,1333.75117355449
"BIGKAT _ C08 _ Left _ 1",-125.695332503698,61.3177439000655,1303.67527805621,-123.766616001343,129.572366758456,1331.48369577051
"BIGKAT _ C08 _ Left _ 1",-126.109883841738,64.7976699789517,1308.51522825889,-132.674761614389,113.024416234401,1328.58545573939
"BIGKAT _ C08 _ Left _ 1",-126.306653385785,68.5148337376255,1313.19561386452,-140.360603275557,98.278187492914,1325.6449249747
"BIGKAT _ C08 _ Left _ 1",-126.239384186108,71.9421573996875,1317.05006040896,-145.570933896156,87.8589212573124,1323.24437788222
"BIGKAT _ C08 _ Left _ 1",-125.917770467764,74.6129187647264,1319.56702716241,-147.484128191084,83.5337703313669,1321.86367818217
"BIGKAT _ C08 _ Left _ 1",-125.402888520474,76.1840468584022,1320.46099724729,-145.805954974338,86.0278603827486,1321.8089009692
"BIGKAT _ C08 _ Left _ 1",-124.789978204936,76.4819900796251,1319.70437408693,-140.78694074379,94.9294303125017,1323.17022650533
"BIGKAT _ C08 _ Left _ 1",-124.184714446488,75.5283330960287,1317.52235950265,-133.179584358805,108.781500659102,1325.80848609193
"BIGKAT _ C08 _ Left _ 1",-123.680728091927,73.5397320875121,1314.35428548898,-124.144460704119,125.332933024929,1329.37083894772
"BIGKAT _ C08 _ Left _ 1",-123.34457297162,70.8965874249737,1310.78486296951,-115.102999158311,141.906479803646,1333.33767658772
"BIGKAT _ C08 _ Left _ 1",-123.210355784577,68.0804998602795,1307.45186982832,-107.534656647395,155.828333500157,1337.09973147859
"BIGKAT _ C08 _ Left _ 1",-123.28196866783,65.5902115956461,1304.94292599561,-102.732404277022,164.854902642929,1340.05680955531
"BIGKAT _ C08 _ Left _ 1",-123.538663219213,63.8537902756949,1303.69918015903,-101.556367549114,167.533317241148,1341.72182802788
"BIGKAT _ C08 _ Left _ 1",-123.940505729582,63.1564090307614,1303.94399574509,-104.245515705476,163.442259370754,1341.80989681013
"BIGKAT _ C08 _ Left _ 1",-124.432894454339,63.5977102433012,1305.64950611202,-110.345880930611,153.274393955402,1340.293585639
"BIGKAT _ C08 _ Left _ 1",-124.951621439016,65.0838258301911,1308.54569252594,-118.785473484722,138.738972554812,1337.41169842225
"BIGKAT _ C08 _ Left _ 1",-125.430371581249,67.3508567653705,1312.16837301007,-128.080467497306,122.28705106164,1333.62830845845
"BIGKAT _ C08 _ Left _ 1",-125.810955453741,70.0115781340503,1315.93599258411,-136.615560956934,106.695957932557,1329.54979026439
"BIGKAT _ C08 _ Left _ 1",-126.054110445737,72.6159672534967,1319.24140325611,-142.924903847765,94.587551403514,1325.81782756487
"BIGKAT _ C08 _ Left _ 1",-126.147097426407,74.7178525010126,1321.54454445201,-145.915489279692,87.977937203041,1323.00214263708
"BIGKAT _ C08 _ Left _ 1",-126.104860049475,75.9420995191366,1322.45440415513,-145.008896431715,87.9485381722523,1321.51422305455
"BIGKAT _ C08 _ Left _ 1",-125.964091436091,76.0465731859962,1321.79142025472,-140.206179718002,94.4928657895136,1321.55330827185
"BIGKAT _ C08 _ Left _ 1",-125.772627838694,74.9700521387652,1319.62236087846,-132.089209961687,106.550465099808,1323.08530026639
"BIGKAT _ C08 _ Left _ 1",-125.578322804203,72.8540951166896,1316.25944078141,-121.762315219577,122.206666839466,1325.85116561814
"BIGKAT _ C08 _ Left _ 1",-125.421058646903,70.0279350860707,1312.21761826699,-110.725624762564,139.015684401529,1329.40316581681
"BIGKAT _ C08 _ Left _ 1",-125.329285971253,66.9532933943577,1308.13167779518,-100.671791089664,154.390103388253,1333.16806390806
"BIGKAT _ C08 _ Left _ 1",-125.319876696474,64.1385268784898,1304.64637784799,-93.2169991588887,165.993029443226,1336.53224939667
"BIGKAT _ C08 _ Left _ 1",-125.398731257931,62.0425978662803,1302.30272829154,-89.6077876308714,172.075431855044,1338.93721078999
"BIGKAT _ C08 _ Left _ 1",-125.560250631261,60.9927360916058,1301.44553688629,-90.4699759078819,171.71903967981,1339.96978857866
"BIGKAT _ C08 _ Left _ 1",-125.785776911005,61.133711169464,1302.17064147952,-95.6689222919158,164.963905393907,1339.43178305585
"BIGKAT _ C08 _ Left _ 1",-126.042863616077,62.4153174303542,1304.31870467983,-104.326125233147,152.810004509433,1337.37630719568
"BIGKAT _ C08 _ Left _ 1",-126.287593189942,64.6139490103349,1307.51152064942,-114.993134291056,137.085952031526,1334.10255945255
"BIGKAT _ C08 _ Left _ 1",-126.47098079533,67.377786765477,1311.21961386679,-125.936168451702,120.186984641075,1330.10709532947
"BIGKAT _ C08 _ Left _ 1",-126.548482448024,70.2836673740907,1314.84673891347,-135.453464437038,104.707990230472,1325.99885407514
"BIGKAT _ C08 _ Left _ 1",-126.489867304678,72.8959341176793,1317.81705357362,-142.14691534985,93.0296618795048,1322.39503222231
"BIGKAT _ C08 _ Left _ 1",-126.286243728006,74.8216400048603,1319.65380249848,-145.099613077459,86.9369934990557,1319.82034218951
"BIGKAT _ C08 _ Left _ 1",-125.952154143907,75.7599476914231,1320.0428780623,-143.953301651115,87.342955127132,1318.62907263455
"BIGKAT _ C08 _ Left _ 1",-125.52267624071,75.5440399367686,1318.87756025171,-138.910065178523,94.1602362572608,1318.95941033408
"BIGKAT _ C08 _ Left _ 1",-125.047174819293,74.1709559697743,1316.28002599605,-130.687305733267,106.33020970864,1320.72020820196
"BIGKAT _ C08 _ Left _ 1",-124.581919207483,71.8113076426014,1312.59288933916,-120.438981911322,121.994905406352,1323.60759379516
"BIGKAT _ C08 _ Left _ 1",-124.183240156754,68.7909530332467,1308.33503465069,-109.635992666588,138.782402231942,1327.15024535777
"BIGKAT _ C08 _ Left _ 1",-123.901774671888,65.5424943670372,1304.12313777431,-99.8916234870937,154.16146405901,1330.78095619934
"BIGKAT _ C08 _ Left _ 1",-123.777268728583,62.5339153435945,1300.57083030248,-92.7317415587737,165.810074339111,1333.92562631089
"BIGKAT _ C08 _ Left _ 1",-123.83311542419,60.1897503009045,1298.18553291725,-89.3378157835642,171.943696439466,1336.09368968514
"BIGKAT _ C08 _ Left _ 1",-124.070749040712,58.822430668756,1297.28449530782,-90.3177535807562,171.563535646551,1336.95244557383
"BIGKAT _ C08 _ Left _ 1",-124.465552638074,58.5872919625445,1297.9465777515,-95.5687548878017,164.601913725019,1336.37280459379
"BIGKAT _ C08 _ Left _ 1",-124.966656799984,59.4672892529992,1300.00747382148,-104.280173616347,151.950159266792,1334.44123892946
"BIGKAT _ C08 _ Left _ 1",-125.50217643744,61.2864019468117,1303.0964431679,-115.086185427819,135.355871793402,1331.43838225558
"BIGKAT _ C08 _ Left _ 1",-125.989608241442,63.7455621454671,1306.70441496738,-126.331091205467,117.184618437914,1327.78905833487
"BIGKAT _ C08 _ Left _ 1",-126.349347096212,66.4717705912764,1310.26798162786,-136.374178604382,100.067101038615,1323.99335728509
"BIGKAT _ C08 _ Left _ 1",-126.518278939049,69.0703981101767,1313.25263988324,-143.854684565182,86.4895310426031,1320.55283126706
"BIGKAT _ C08 _ Left _ 1",-126.460386778834,71.1734051249534,1315.22246789913,-147.864539092494,78.4079652206803,1317.90613197566
"BIGKAT _ C08 _ Left _ 1",-126.172164888254,72.4812935269696,1315.89070857834,-148.020346773824,76.9574626662163,1316.38202224787
"BIGKAT _ C08 _ Left _ 1",-125.682071005766,72.800246292582,1315.15205462569,-144.459989042611,82.2922442150613,1316.16808243389
"BIGKAT _ C08 _ Left _ 1",-125.044803568102,72.07462282636,1313.09866788404,-137.796984803993,93.5615606533645,1317.28842765453
"BIGKAT _ C08 _ Left _ 1",-124.332329360017,70.4092880033098,1310.01807199339,-129.0501835444,109.015355632129,1319.58798474548
"BIGKAT _ C08 _ Left _ 1",-123.623879496368,68.0708307168627,1306.36640455465,-119.543336855645,126.235479515202,1322.73058456905
"BIGKAT _ C08 _ Left _ 1",-122.996499519229,65.4570301973983,1302.71064101469,-110.756333922122,142.48167481198,1326.22436543634
"BIGKAT _ C08 _ Left _ 1",-122.516545771851,63.0321888627883,1299.64077211245,-104.118314607981,155.118139409441,1329.48424683237
"BIGKAT _ C08 _ Left _ 1",-122.231595973927,61.2390149525563,1297.66469687731,-100.761047191353,162.057066757316,1331.92836436562
"BIGKAT _ C08 _ Left _ 1",-122.16253786769,60.4085894150491,1297.10846402595,-101.284266613341,162.138036479729,1333.09042063225
"BIGKAT _ C08 _ Left _ 1",-122.297194131673,60.6924845929092,1298.0469922042,-105.602386131252,155.36512771287,1332.7206795324
"BIGKAT _ C08 _ Left _ 1",-122.588448615026,62.0342372988095,1300.28405470942,-112.929780316691,142.944240320981,1330.84860268101
"BIGKAT _ C08 _ Left _ 1",-122.959844936619,64.1849513045068,1303.3876775389,-121.92116318284,127.09657473305,1327.78912293797
"BIGKAT _ C08 _ Left _ 1",-123.319484100851,66.7553802685716,1306.77269931522,-130.932136435888,110.669098021242,1324.08896811772
"BIGKAT _ C08 _ Left _ 1",-123.579608519071,69.2890304821233,1309.81073574781,-138.328093796198,96.6136520871035,1320.42499591418
"BIGKAT _ C08 _ Left _ 1",-123.676304126115,71.3398386708729,1311.94288233211,-142.765429155443,87.4456619612302,1317.47824672964
"BIGKAT _ C08 _ Left _ 1",-123.583084123174,72.5424094257278,1312.77332955615,-143.39508137629,84.799804444244,1315.81100396338
"BIGKAT _ C08 _ Left _ 1",-123.314393219283,72.6680275167073,1312.13001215624,-139.973710659918,89.1684958390502,1315.76907053062
"BIGKAT _ C08 _ Left _ 1",-122.919171085627,71.6616070844361,1310.08676310882,-132.889974585888,99.8579879455693,1317.42274345418
"BIGKAT _ C08 _ Left _ 1",-122.468239674584,69.6537416032076,1306.94714012872,-123.115560274177,115.149978876252,1320.55354033006
"BIGKAT _ C08 _ Left _ 1",-122.040423825414,66.942302501557,1303.19355425866,-112.082333426181,132.623259458074,1324.68976189213
"BIGKAT _ C08 _ Left _ 1",-121.710685754214,63.9431418093005,1299.40889967089,-101.48387228983,149.567560840369,1329.18767182659
"BIGKAT _ C08 _ Left _ 1",-121.540805044184,61.1183056593064,1296.18259210834,-93.0120890946197,163.4113606607,1333.34466044624
"BIGKAT _ C08 _ Left _ 1",-121.571493752594,58.8975329250379,1294.01679950328,-88.0648288698702,172.093302141073,1336.52125888999
"BIGKAT _ C08 _ Left _ 1",-121.815344178572,57.6099084653113,1293.24884608356,-87.4835233001986,174.332360988501,1338.2467517557
"BIGKAT _ C08 _ Left _ 1",-122.251887697356,57.4373495625526,1294.00196203388,-91.3855545144538,169.78099619268,1338.28945838775
"BIGKAT _ C08 _ Left _ 1",-122.827460751147,58.3944375345095,1296.17092387551,-99.1384282913752,159.061786269699,1336.68284302079
"BIGKAT _ C08 _ Left _ 1",-123.462113147022,60.3339914808396,1299.44355696048,-109.487539346421,143.687935026172,1333.70731694754
"BIGKAT _ C08 _ Left _ 1",-124.063549664468,62.9750729588258,1303.35381160935,-120.807137355266,125.864368767272,1329.83370539754
"BIGKAT _ C08 _ Left _ 1",-124.545390747878,65.9478724574056,1307.3570371518,-131.40881098108,108.176402329529,1325.63982081162
"BIGKAT _ C08 _ Left _ 1",-124.845156410687,68.8476526496839,1310.91396922245,-139.828378663307,93.2016234444322,1321.71710171738
"BIGKAT _ C08 _ Left _ 1",-124.936895477673,71.2895031183795,1313.56871576067,-145.029045769751,83.1112508239915,1318.58661132312
"BIGKAT _ C08 _ Left _ 1",-124.834495692598,72.9583187189919,1315.00919309161,-146.498103509164,79.3356170433452,1316.63850951351
"BIGKAT _ C08 _ Left _ 1",-124.584349296762,73.6519518332081,1315.1047354247,-144.253647655932,82.3478847584353,1316.09728965471
"BIGKAT _ C08 _ Left _ 1",-124.249471453938,73.3160708839088,1313.92081722083,-138.795911595257,91.588792930964,1317.0047920763
"BIGKAT _ C08 _ Left _ 1",-123.890092418497,72.0656467698385,1311.71170454128,-131.030425033015,105.535105119515,1319.2127484536
"BIGKAT _ C08 _ Left _ 1",-123.547073567789,70.1832346209987,1308.88944844112,-122.168870143795,121.908030264143,1322.38607007013
"BIGKAT _ C08 _ Left _ 1",-123.233688098737,68.0835979561258,1305.9665480666,-113.59549122526,138.010109870493,1326.02797952876
"BIGKAT _ C08 _ Left _ 1",-122.938392736375,66.2414403929504,1303.47390733819,-106.685917250097,151.15761126443,1329.53871615587
"BIGKAT _ C08 _ Left _ 1",-122.637060355739,65.0927802794998,1301.86505801344,-102.585233019137,159.144994146215,1332.30889350606
"BIGKAT _ C08 _ Left _ 1",-122.30947280412,64.9341203990068,1301.42684745929,-101.983828672348,160.655171632576,1333.83296484651
"BIGKAT _ C08 _ Left _ 1",-121.953448262286,65.8489351557548,1302.21970734065,-104.95336283235,155.527439171535,1333.81655326057
"BIGKAT _ C08 _ Left _ 1",-121.591423948559,67.6842707467443,1304.06469225876,-110.902449130433,144.816081009296,1332.24900243649
"BIGKAT _ C08 _ Left _ 1",-121.26775562329,70.0842054224504,1306.5819332255,-118.678093504148,130.611832150408,1329.41955003817
"BIGKAT _ C08 _ Left _ 1",-121.038681458231,72.5687988269194,1309.27079952381,-126.789516962768,115.649715096837,1325.86915352078
"BIGKAT _ C08 _ Left _ 1",-120.959122580234,74.6346797253507,1311.61098354478,-133.691988636176,102.781004909139,1322.28664463268
"BIGKAT _ C08 _ Left _ 1",-121.070440066221,75.8511783768228,1313.1598599736,-138.059452401354,94.4266628163072,1319.37304467865
"BIGKAT _ C08 _ Left _ 1",-121.391627979999,75.9330192060664,1313.62598071423,-138.995133542637,92.1355052192832,1317.70583872312
"BIGKAT _ C08 _ Left _ 1",-121.914896669468,74.7811317795586,1312.90844180651,-136.159713176207,96.3383144691753,1317.63260278545
"BIGKAT _ C08 _ Left _ 1",-122.606223775332,72.4906942520474,1311.10148369373,-129.816965392242,106.33440598625,1319.21361066453
"BIGKAT _ C08 _ Left _ 1",-123.41152887904,69.3284639338706,1308.46925494403,-120.801044101436,120.490810559841,1322.22163275528
"BIGKAT _ C08 _ Left _ 1",-124.26814659163,65.683317102751,1305.39776404526,-110.406426460431,136.589148972277,1326.19614832859
"BIGKAT _ C08 _ Left _ 1",-125.118809420161,61.9983753941584,1302.33241707326,-100.203646679839,152.228876310006,1330.53782927545
"BIGKAT _ C08 _ Left _ 1",-125.923008367197,58.6990682451456,1299.7112690007,-91.7973952461053,165.19592708808,1334.61959044462
"BIGKAT _ C08 _ Left _ 1",-126.660773092522,56.1337753379202,1297.90471272213,-86.5627972692719,173.735520958509,1337.88822243463
"BIGKAT _ C08 _ Left _ 1",-127.327325949159,54.5385231496624,1297.17011941121,-85.4088163581244,176.714088316051,1339.93798321504
"BIGKAT _ C08 _ Left _ 1",-127.921730698393,54.0268032573489,1297.62546040531,-88.6169726869869,173.693284278693,1340.54991508212
"BIGKAT _ C08 _ Left _ 1",-128.435564318557,54.5966547784408,1299.24160566494,-95.7899857202004,164.949455855602,1339.70063906997
"BIGKAT _ C08 _ Left _ 1",-128.84719372962,56.1448786348913,1301.85073774471,-105.923617095641,151.454076253029,1337.54818317189
"BIGKAT _ C08 _ Left _ 1",-129.12409702694,58.4822062271664,1305.16800807099,-117.589156588432,134.802132078712,1334.40141777248
"BIGKAT _ C08 _ Left _ 1",-129.231842424685,61.3488403004226,1308.8237198752,-129.186624258999,117.060435199896,1330.67746215343
"BIGKAT _ C08 _ Left _ 1",-129.145753220756,64.4327736334726,1312.40295046709,-139.208107190518,100.52190238837,1326.85078560011
"BIGKAT _ C08 _ Left _ 1",-128.860767673304,67.3930080330091,1315.48900407973,-146.449535512414,87.3896211696358,1323.39927418544
"BIGKAT _ C08 _ Left _ 1",-128.396194616684,69.8885252293711,1317.7074330205,-150.133764209079,79.4503264133957,1320.75404182697
"BIGKAT _ C08 _ Left _ 1",-127.794128740973,71.6133112415906,1318.76867369784,-149.946766906329,77.8048990824667,1319.25774823431
"BIGKAT _ C08 _ Left _ 1",-127.112455382127,72.3368555814625,1318.50805098674,-146.018692827786,82.7017733646912,1319.1305831176
"BIGKAT _ C08 _ Left _ 1",-126.414974558337,71.9463516786948,1316.92008041073,-138.885667453397,93.48975044875,1320.43947358077
"BIGKAT _ C08 _ Left _ 1",-125.761712912836,70.4816166554257,1314.17976757364,-129.448388889978,108.68992982496,1323.07023508641
"BIGKAT _ C08 _ Left _ 1",-125.201928435463,68.1498119822618,1310.64014786964,-118.916044151073,126.181060994521,1326.71254181565
"BIGKAT _ C08 _ Left _ 1",-124.771000269701,65.3084798449917,1306.79696534979,-108.707578866589,143.483934177788,1330.87449155611
"BIGKAT _ C08 _ Left _ 1",-124.49078413914,62.4138036748487,1303.21980860445,-100.288498060042,158.111832163989,1334.93902140457
"BIGKAT _ C08 _ Left _ 1",-124.371676001411,59.9430864614354,1300.46068241661,-94.9490476137942,167.935126874778,1338.25938241274
"BIGKAT _ C08 _ Left _ 1",-124.414292891347,58.3095765354372,1298.95941796611,-93.5647078192969,171.502499171588,1340.27450898012
"BIGKAT _ C08 _ Left _ 1",-124.609626709661,57.7892440885594,1298.96637812879,-96.4030128557441,168.271044652846,1340.61674418366
"BIGKAT _ C08 _ Left _ 1",-124.938041362638,58.4738401105496,1300.49751650318,-103.038766485475,158.7125233185,1339.18651386012
"BIGKAT _ C08 _ Left _ 1",-125.368504531404,60.2569595914356,1303.32887119967,-112.41210753523,144.274504449298,1336.17747313795
"BIGKAT _ C08 _ Left _ 1",-125.8595390312,62.8530567769834,1307.03014240937,-123.020508777342,127.186572347985,1332.04685057942
"BIGKAT _ C08 _ Left _ 1",-126.362687500012,65.8439674440251,1311.03087912032,-133.193531567309,110.123767998637,1327.4370727255
"BIGKAT _ C08 _ Left _ 1",-126.828102013875,68.7435910638683,1314.70776869631,-141.377125976862,95.7746746718994,1323.06524810822
"BIGKAT _ C08 _ Left _ 1",-127.210782676706,71.0699695818872,1317.47847797819,-146.363642926146,86.3955036294011,1319.60425963562
"BIGKAT _ C08 _ Left _ 1",-127.475777853344,72.4153854495497,1318.8879026225,-147.437228074311,83.4418790808869,1317.57931402648
"BIGKAT _ C08 _ Left _ 1",-127.601537449517,72.5073302028451,1318.67592184028,-144.439118791408,87.3478671725209,1317.29570774354
"BIGKAT _ C08 _ Left _ 1",-127.581903249604,71.2535852282632,1316.81892435593,-137.772919626052,97.481369340319,1318.80237332442
"BIGKAT _ C08 _ Left _ 1",-127.427945580868,68.7631988806179,1313.53885744977,-128.362680953703,112.268417208989,1321.88936042379
"BIGKAT _ C08 _ Left _ 1",-127.170372243937,65.3352914682187,1309.27531998257,-117.559457258383,129.454850417503,1326.11788178673
"BIGKAT _ C08 _ Left _ 1",-126.861574629737,61.4129081359414,1304.62124629949,-106.982967947438,146.457289167904,1330.88283644921
"BIGKAT _ C08 _ Left _ 1",-126.574544958177,57.5090786085779,1300.2310553723,-98.2953157779185,160.743836749768,1335.50339543963
"BIGKAT _ C08 _ Left _ 1",-126.395579878009,54.121677713277,1296.71811918873,-92.930677537061,170.18518409717,1339.32825801034
"BIGKAT _ C08 _ Left _ 1",-126.409753416937,51.6565930587053,1294.56133344537,-91.833058292201,173.332813275323,1341.83527909417
"BIGKAT _ C08 _ Left _ 1",-126.681557628228,50.3734256666156,1294.03661380647,-95.2666380377035,169.603742501943,1342.70536724392
"BIGKAT _ C08 _ Left _ 1",-127.235858705997,50.3586861627757,1295.18126503279,-102.752597052915,159.364896863832,1341.85708753749
"BIGKAT _ C08 _ Left _ 1",-128.045103283936,51.5242101872423,1297.79240104861,-113.155952012111,143.908398418628,1339.43728474529
"BIGKAT _ C08 _ Left _ 1",-129.027399754635,53.6258302306183,1301.45714281638,-124.904768405019,125.302785216472,1335.7718522104
"BIGKAT _ C08 _ Left _ 1",-130.057214786724,56.2974394710926,1305.61041976467,-136.28482388598,106.113730169012,1331.28987184881
"BIGKAT _ C08 _ Left _ 1",-130.986812770269,59.0959354764038,1309.61339558632,-145.731895503552,89.0203795436958,1326.44352385352
"BIGKAT _ C08 _ Left _ 1",-131.673372871634,61.5528125491113,1312.84198883618,-152.054070931472,76.3956802680452,1321.65089362214
"BIGKAT _ C08 _ Left _ 1",-132.005223230585,63.229337868651,1314.77325066207,-154.55379900604,69.9408675119748,1317.28175548788
"BIGKAT _ C08 _ Left _ 1",-131.921573176514,63.7736303130675,1315.0591699594,-153.061177489779,70.4472404269103,1313.68526632661
"BIGKAT _ C08 _ Left _ 1",-131.422912757305,62.9769137123375,1313.58089282554,-147.911698367526,77.7153051309917,1311.23241501902
"BIGKAT _ C08 _ Left _ 1",-130.572119366356,60.8213872771481,1310.47771094191,-139.895496572879,90.6220450760978,1310.33116450702
"BIGKAT _ C08 _ Left _ 1",-129.48760849249,57.5063673850574,1306.14374513758,-130.182250820907,107.307336232222,1311.37910688203
"BIGKAT _ C08 _ Left _ 1",-128.329328165042,53.438316433185,1301.18492932825,-120.205653481351,125.444004928913,1314.64563300468
"BIGKAT _ C08 _ Left _ 1",-127.277363312365,49.1779492312002,1296.33451448622,-111.489785922088,142.552321513278,1320.11304470854
"BIGKAT _ C08 _ Left _ 1",-126.503291374454,45.3515564803528,1292.33701060671,-105.420862072073,156.318596945618,1327.33904985095
"BIGKAT _ C08 _ Left _ 1",-126.137108093615,42.5462212067569,1289.8223671394,-103.000375844222,164.883396476491,1335.41394952736
"BIGKAT _ C08 _ Left _ 1",-126.236442221749,41.2125442132467,1289.19718170553,-104.640075705774,167.075941108276,1343.06263298281
"BIGKAT _ C08 _ Left _ 1",-126.767327151483,41.5933210477496,1290.57551055759,-110.060862910771,162.579312741881,1348.89061886479
"BIGKAT _ C08 _ Left _ 1",-127.604696525342,43.6877568308383,1293.76169112308,-118.334355807043,152.00963433109,1351.71667410209
"BIGKAT _ C08 _ Left _ 1",-128.55567523059,47.2534662509755,1298.28625815352,-128.064875520192,136.884345938202,1350.89376865888
"BIGKAT _ C08 _ Left _ 1",-129.401436448344,51.8436173211972,1303.48618900483,-137.664791027973,119.453303342213,1346.51054651453
"BIGKAT _ C08 _ Left _ 1",-129.946755077845,56.8725481725807,1308.61305997505,-145.646217541776,102.386461457196,1339.39721091473
"BIGKAT _ C08 _ Left _ 1",-130.063210549038,61.6996352049472,1312.94842762908,-150.853330258598,88.3542921708084,1330.92852788186
"BIGKAT _ C08 _ Left _ 1",-129.713918128335,65.7196066246739,1315.90687973192,-152.592743711136,79.5812147381081,1322.69264129409
"BIGKAT _ C08 _ Left _ 1",-128.954106299428,68.4484641610634,1317.1136015284,-150.664785492084,77.4694910769337,1316.13562613156
"BIGKAT _ C08 _ Left _ 1",-127.910022030884,69.595567693232,1316.4508980285,-145.329611450944,82.3702968920718,1312.27914006746
"BIGKAT _ C08 _ Left _ 1",-126.745071984984,69.1118846888605,1314.07205495695,-137.245647733147,93.5362538368214,1311.56200961238
"BIGKAT _ C08 _ Left _ 1",-125.624389116657,67.2031094234721,1310.38059309256,-127.39976391573,109.250359863181,1313.81193399407
"BIGKAT _ C08 _ Left _ 1",-124.686766462772,64.2988065292162,1305.97285953458,-117.024968245947,127.100730984831,1318.32965096469
"BIGKAT _ C08 _ Left _ 1",-124.027894105633,60.9780304690646,1301.54702929636,-107.487081332726,144.354801876618,1324.05888001084
"BIGKAT _ C08 _ Left _ 1",-123.694056773382,57.8654053201553,1297.79174057838,-100.124824504234,158.375922022832,1329.80756370954
"BIGKAT _ C08 _ Left _ 1",-123.683230335361,55.5218104436439,1295.27637878693,-96.0480875103661,167.021475671465,1334.47699801942
"BIGKAT _ C08 _ Left _ 1",-123.951089406721,54.354107430615,1294.36576509955,-95.92829500519,168.967670398012,1337.25411814902
"BIGKAT _ C08 _ Left _ 1",-124.421117952778,54.5592986491382,1295.17413904307,-99.8373582704971,163.91899267812,1337.73376477671
"BIGKAT _ C08 _ Left _ 1",-124.998725761424,56.1069102388297,1297.56208615441,-107.192620502515,152.67290954531,1335.95672535763
"BIGKAT _ C08 _ Left _ 1",-125.588196732872,58.7555265218665,1301.17078216976,-116.838988925884,137.02059989513,1332.36684354459
"BIGKAT _ C08 _ Left _ 1",-126.109364482673,62.0962516201668,1305.48254024079,-127.254677753552,119.480145128889,1327.70265647127
"BIGKAT _ C08 _ Left _ 1",-126.509820337037,65.6150315763554,1309.89496108614,-136.824289314696,102.889219832368,1322.84716390494
"BIGKAT _ C08 _ Left _ 1",-126.76925514456,68.7657312276031,1313.79764809561,-144.105329826078,89.9257352749322,1318.66520582786
"BIGKAT _ C08 _ Left _ 1",-126.895120104048,71.046601581003,1316.6447488825,-148.031047501832,82.6547890534073,1315.85978041449
"BIGKAT _ C08 _ Left _ 1",-126.912186880466,72.0735552014117,1318.02128620143,-148.030028549577,82.1960543402261,1314.87238190923
"BIGKAT _ C08 _ Left _ 1",-126.851221848135,71.64279425542,1317.70275944007,-144.07480915342,88.5685941222534,1315.83807278573
"BIGKAT _ C08 _ Left _ 1",-126.742198162783,69.7725796650597,1315.70338120331,-136.680010570712,100.724196463723,1318.59091867571
"BIGKAT _ C08 _ Left _ 1",-126.614536432605,66.7121330927196,1312.30046857311,-126.85738256032,116.746573979538,1322.70800689029
"BIGKAT _ C08 _ Left _ 1",-126.501995149311,62.9090348847455,1308.01769184639,-116.017131355302,134.173319119755,1327.58127136686
"BIGKAT _ C08 _ Left _ 1",-126.446041924681,58.9365936162562,1303.5554205813,-105.799680584766,150.383228065506,1332.50914746625
"BIGKAT _ C08 _ Left _ 1",-126.491806724184,55.3957021582394,1299.67328976391,-97.8375336739822,162.98455478369,1336.79902138012
"BIGKAT _ C08 _ Left _ 1",-126.675377186114,52.8142925553214,1297.04986710961,-93.4767534182731,170.146988157804,1339.86745914627
"BIGKAT _ C08 _ Left _ 1",-127.007224972781,51.5665462562627,1296.15480445635,-93.5152190423429,170.840943492853,1341.32308250822
"BIGKAT _ C08 _ Left _ 1",-127.459949565906,51.8250007971168,1297.16450091489,-98.0247775105975,164.969625417961,1341.01928905083
"BIGKAT _ C08 _ Left _ 1",-127.967341132544,53.5478836372665,1299.93757152004,-106.310845238374,153.389433967611,1339.0694226398
"BIGKAT _ C08 _ Left _ 1",-128.436987634241,56.4966408774065,1304.04985451631,-117.029671515933,137.812684349551,1335.82306126836
"BIGKAT _ C08 _ Left _ 1",-128.772928661308,60.2756843821528,1308.8759128848,-128.439944450911,120.586582502469,1331.80780770718
"BIGKAT _ C08 _ Left _ 1",-128.900772807309,64.3862501634849,1313.69668857844,-138.726221923523,104.357706731176,1327.64627968268
"BIGKAT _ C08 _ Left _ 1",-128.786749051916,68.2876712930537,1317.81150299035,-146.313954999044,91.6620509996531,1323.96226006952
"BIGKAT _ C08 _ Left _ 1",-128.444503680459,71.461714007986,1320.63669955665,-150.109424832408,84.510790052338,1321.29154953151
"BIGKAT _ C08 _ Left _ 1",-127.928061298602,73.4774933184094,1321.78069757813,-149.634380001123,84.051162007686,1320.01030410072
"BIGKAT _ C08 _ Left _ 1",-127.314456127991,74.0536392657124,1321.09198180519,-145.061359469187,90.3644332964579,1320.287198271
"BIGKAT _ C08 _ Left _ 1",-126.683119559696,73.1100757612174,1318.67919804149,-137.17152619782,102.432588284372,1322.06004318641
"BIGKAT _ C08 _ Left _ 1",-126.099691421451,70.7966010055204,1314.9011028792,-127.250208747801,118.279096413239,1325.03714541557
"BIGKAT _ C08 _ Left _ 1",-125.609161701888,67.4842676269125,1310.32232369059,-116.920887999393,135.268858745674,1328.72755265747
"BIGKAT _ C08 _ Left _ 1",-125.238311225253,63.7120015685001,1305.63340395286,-107.914706421917,150.529635655327,1332.50545355532
"BIGKAT _ C08 _ Left _ 1",-125.002781981745,60.0941114078417,1301.54212371804,-101.78907929817,161.430991087521,1335.7071165387
"BIGKAT _ C08 _ Left _ 1",-124.912442900484,57.2083399567362,1298.6540586719,-99.639017032886,166.038664292421,1337.74638911795
"BIGKAT _ C08 _ Left _ 1",-124.9710736588,55.4913457625286,1297.36726373596,-101.869365481714,163.462803967524,1338.22491718212
"BIGKAT _ C08 _ Left _ 1",-125.171125617229,55.165403288233,1297.80454441152,-108.096455026114,154.035867253737,1337.01168578584
"BIGKAT _ C08 _ Left _ 1",-125.488196548085,56.2093598268453,1299.79779854736,-117.217076768087,139.281701105383,1334.27283064558
"BIGKAT _ C08 _ Left _ 1",-125.880468673502,58.3743079746427,1302.92632747532,-127.631397553228,121.668495224383,1330.4434566843
"BIGKAT _ C08 _ Left _ 1",-126.295577747206,61.2346885771104,1306.59872279573,-137.557009884651,104.178323684913,1326.14609596004
"BIGKAT _ C08 _ Left _ 1",-126.683023315785,64.2608790843616,1310.15904213017,-145.348153817032,89.7718441165009,1322.07361113778
"BIGKAT _ C08 _ Left _ 1",-127.006880931063,66.9000054848526,1312.99513454646,-149.748403662779,80.8604125221921,1318.86372464913
"BIGKAT _ C08 _ Left _ 1",-127.25319456376,68.6556200185843,1314.63077402924,-150.045065566421,78.8978298118648,1316.99276121051
"BIGKAT _ C08 _ Left _ 1",-127.429204505239,69.1599792683891,1314.79070422397,-146.132170446763,84.1670143196924,1316.70679271671
"BIGKAT _ C08 _ Left _ 1",-127.555814770386,68.2321782758547,1313.4341285506,-138.504877100673,95.7835754621282,1317.99552650768
"BIGKAT _ C08 _ Left _ 1",-127.657904223583,65.9127732998769,1310.75535901276,-128.199881868173,111.892647755171,1320.60597235147
"BIGKAT _ C08 _ Left _ 1",-127.757366006293,62.4652092267686,1307.15193773595,-116.679330996303,130.005725997289,1324.09044096074
"BIGKAT _ C08 _ Left _ 1",-127.871032836018,58.3396040239533,1303.16352418276,-105.648589021718,147.407364427486,1327.88169505346
"BIGKAT _ C08 _ Left _ 1",-128.011824694248,54.1040286624987,1299.38985645389,-96.8108351490407,161.557804687824,1331.38393791927
"BIGKAT _ C08 _ Left _ 1",-128.18934314639,50.3571751205696,1296.40077598982,-91.5881804411844,170.431723084257,1334.06452059906
"BIGKAT _ C08 _ Left _ 1",-128.407311012201,47.6391850259264,1294.65277178986,-90.8631793936828,172.76217628419,1335.53160887677
"BIGKAT _ C08 _ Left _ 1",-128.658625998423,46.3539313452981,1294.42407796819,-94.8016427396638,168.186462408641,1335.58724014377
"BIGKAT _ C08 _ Left _ 1",-128.921540165747,46.7104630456988,1295.77581680036,-102.804111272848,157.300023535931,1334.2500662901
"BIGKAT _ C08 _ Left _ 1",-129.160570108798,48.6882116393488,1298.54240134959,-113.604662111257,141.613546095823,1331.74604315964
"BIGKAT _ C08 _ Left _ 1",-129.333372051832,52.0305603951326,1302.35148370719,-125.49958309653,123.393212799419,1328.46910652133
"BIGKAT _ C08 _ Left _ 1",-129.401649396699,56.2713085576777,1306.67149345829,-136.653828883505,105.367414306775,1324.91815174963
"BIGKAT _ C08 _ Left _ 1",-129.341938629639,60.7951401583081,1310.88211785531,-145.412767760501,90.3161749256282,1321.62090070783
"BIGKAT _ C08 _ Left _ 1",-129.15189376044,64.9264810069512,1314.35996368732,-150.552407315451,80.6084253621746,1319.05783291053
"BIGKAT _ C08 _ Left _ 1",-128.849619939111,68.034367173491,1316.56939260465,-151.431809475862,77.7850500481634,1317.59794423034
"BIGKAT _ C08 _ Left _ 1",-128.466879881583,69.6371320734695,1317.14781392294,-148.048027923693,82.2793233281407,1317.45228071591
"BIGKAT _ C08 _ Left _ 1",-128.039996320574,69.4897501530609,1315.97430591726,-141.014272101947,93.3287061135346,1318.64517648192
"BIGKAT _ C08 _ Left _ 1",-127.603331156121,67.6369630069499,1313.20897362286,-131.478774323334,109.089461106862,1321.00264591869
"BIGKAT _ C08 _ Left _ 1",-127.188564426505,64.4174289371919,1309.28951683773,-120.986389059457,126.933220890091,1324.1625655603
"BIGKAT _ C08 _ Left _ 1",-126.82927327703,60.4110508193479,1304.87526903752,-111.276098400761,143.878824097899,1327.6150062676
"BIGKAT _ C08 _ Left _ 1",-126.566536218773,56.3346405337688,1300.74009848234,-104.017786630736,157.089435418709,1330.7764087801
"BIGKAT _ C08 _ Left _ 1",-126.449918047782,52.9062391317921,1297.6312068895,-100.518930905021,164.351200320037,1333.08929443529
"BIGKAT _ C08 _ Left _ 1",-126.530374720681,50.7083104083425,1296.12360070329,-101.460999920766,164.453507089388,1334.12775149605
"BIGKAT _ C08 _ Left _ 1",-126.846101781612,50.0797100442607,1296.50340629345,-106.73760174215,157.409269344711,1333.68472376903
"BIGKAT _ C08 _ Left _ 1",-127.406435535153,51.0571355282233,1298.70643930123,-115.450713081131,144.476166847093,1331.82064374388
"BIGKAT _ C08 _ Left _ 1",-128.18048662283,53.3740145926998,1302.32539900804,-126.07959291506,127.962576534547,1328.86089694966
"BIGKAT _ C08 _ Left _ 1",-129.095743700489,56.5130644711417,1306.68420411612,-136.783767732975,110.832067180805,1325.33955028334
"BIGKAT _ C08 _ Left _ 1",-130.04823835266,59.8000959569004,1310.96426556735,-145.759800731655,96.163968595387,1321.89812441978
"BIGKAT _ C08 _ Left _ 1",-130.921588555041,62.5216419247007,1314.35710787995,-151.562297207823,86.5744461791936,1319.15968446001
"BIGKAT _ C08 _ Left _ 1",-131.609279250753,64.0473774595561,1316.21285160144,-153.326111130976,83.7270668202591,1317.6064559759
"BIGKAT _ C08 _ Left _ 1",-132.034280181815,63.938713150621,1316.15579146476,-150.869522464943,88.0437904832621,1317.48906725943
"BIGKAT _ C08 _ Left _ 1",-132.162235857215,62.026195925455,1314.14586425964,-144.690080685376,98.6713175122651,1318.78633334853
"BIGKAT _ C08 _ Left _ 1",-132.007113490661,58.4413915905107,1310.47628390853,-135.873151072135,113.68946936449,1321.22053342948
"BIGKAT _ C08 _ Left _ 1",-131.629562826322,53.5960940058361,1305.71096086875,-125.926498195177,130.494015689099,1324.32035859553
"BIGKAT _ C08 _ Left _ 1",-131.128123744795,48.1131171131174,1300.57778820374,-116.550385966304,146.259581045066,1327.51511465676
"BIGKAT _ C08 _ Left _ 1",-130.623165526425,42.7244088533719,1295.84186329118,-109.362690566374,158.390633067199,1330.23956641904
"BIGKAT _ C08 _ Left _ 1",-130.234519590707,38.1579955242638,1292.18361829503,-105.618704976545,164.893530376276,1332.02901554518
"BIGKAT _ C08 _ Left _ 1",-130.056224045226,35.0329630567764,1290.10115544286,-105.981367848088,164.636525636229,1332.58876550624
"BIGKAT _ C08 _ Left _ 1",-130.134125808652,33.7746654118626,1289.84730353699,-110.396513977811,157.490767258806,1331.82953325838
"BIGKAT _ C08 _ Left _ 1",-130.452584656491,34.5565987837486,1291.40421897734,-118.106670375249,144.353259098739,1329.86782706194
"BIGKAT _ C08 _ Left _ 1",-130.934661365042,37.2738579732315,1294.49402661112,-127.802788684955,127.046251494058,1326.99578078622
"BIGKAT _ C08 _ Left _ 1",-131.45667721344,41.5533313042419,1298.62227511922,-137.876880087449,108.083518139324,1323.62844151958
"BIGKAT _ C08 _ Left _ 1",-131.874081067183,46.8031718926113,1303.14928715863,-146.711845256145,90.3097868809764,1320.23890481986
"BIGKAT _ C08 _ Left _ 1",-132.052252604133,52.2972059908736,1307.38120238481,-152.939841576881,76.4564542677366,1317.2926945682
"BIGKAT _ C08 _ Left _ 1",-131.894302736214,57.2822400077898,1310.66891154767,-155.622004195561,68.6937440402949,1315.19098200993
"BIGKAT _ C08 _ Left _ 1",-131.358987287058,61.09205594445,1312.5018433924,-154.339117026574,68.2696775596339,1314.22706342277
"BIGKAT _ C08 _ Left _ 1",-130.465352629958,63.2518044533335,1312.58519323064,-149.21229569165,75.3027089349438,1314.55434635625
"BIGKAT _ C08 _ Left _ 1",-129.285135245135,63.5576159521161,1310.89117674518,-140.878422400855,88.7567195004632,1316.16190767529
"BIGKAT _ C08 _ Left _ 1",-127.927261976217,62.1167547173637,1307.67533216972,-130.429265116239,106.596178025191,1318.85862536912
"BIGKAT _ C08 _ Left _ 1",-126.519768956461,59.3357321399164,1303.44958905524,-119.302930151399,126.098632211139,1322.27550421527
"BIGKAT _ C08 _ Left _ 1",-125.192945062361,55.851440809027,1298.90859735418,-109.109995105274,144.281492493351,1325.89959008683
"BIGKAT _ C08 _ Left _ 1",-124.06468974857,52.4141613800864,1294.81593368926,-101.392843225421,158.377992844963,1329.14595361104
"BIGKAT _ C08 _ Left _ 1",-123.227158200172,49.7459108205141,1291.86894645664,-97.3491040199801,166.283793292762,1331.45941662043
"BIGKAT _ C08 _ Left _ 1",-122.73440972333,48.4054481574727,1290.56963223685,-97.5814236823174,166.900475559623,1332.42397983175
"BIGKAT _ C08 _ Left _ 1",-122.593324895563,48.6888116244114,1291.13012451398,-101.947865394158,160.32147400546,1331.85246856243
"BIGKAT _ C08 _ Left _ 1",-122.761928014443,50.5841719591841,1293.43461148107,-109.570300399589,147.828082498786,1329.83260783545
"BIGKAT _ C08 _ Left _ 1",-123.158333206478,53.7871049714633,1297.06695570007,-119.014654167782,131.683678249661,1326.71571520884
"BIGKAT _ C08 _ Left _ 1",-123.679898711541,57.7703069595945,1301.39821264716,-128.601216275692,114.741344270672,1323.04787690919
"BIGKAT _ C08 _ Left _ 1",-124.22771968944,61.8915037033978,1305.71415795615,-136.758528090367,99.9215760041339,1319.45851270446
"BIGKAT _ C08 _ Left _ 1",-124.72869906344,65.5164033982862,1309.35358955518,-142.322803722703,89.6631803038599,1316.53356007839
"BIGKAT _ C08 _ Left _ 1",-125.147783242927,68.1321438359184,1311.82673020756,-144.712271824761,85.4747903181539,1314.70470256333
"BIGKAT _ C08 _ Left _ 1",-125.486672180558,69.4309619615333,1312.89001844645,-143.954966381825,87.6949987682838,1314.17927431894
"BIGKAT _ C08 _ Left _ 1",-125.770823258992,69.3510149131972,1312.5657707912,-140.592265855185,95.5117716422977,1314.92149137968
"BIGKAT _ C08 _ Left _ 1",-126.031238638293,68.0686268045046,1311.1079312613,-135.50287141173,107.2233906472,1316.6826831525
"BIGKAT _ C08 _ Left _ 1",-126.288998601247,65.9439268299212,1308.92553450883,-129.694770734237,120.66640526904,1319.07038336069
"BIGKAT _ C08 _ Left _ 1",-126.548081517513,63.4315112556623,1306.48318266714,-124.106638433901,133.699861964022,1321.64061565018
