"fileName","thumb_y","thumb_x","thumb_z","finger_y","finger_x","finger_z"
"BIGKAT _ P77 _ Right _ 2",-71.3346468907412,5.06186937313742,979.744371781676,-86.273547383482,65.1524537443,1037.99193254766
"BIGKAT _ P77 _ Right _ 2",-71.3438336889757,5.07339430954526,979.751211679399,-86.2858105179423,65.1621830349358,1037.99973031873
"BIGKAT _ P77 _ Right _ 2",-71.3471953398272,5.07923556692443,979.746509824042,-86.3025702260257,65.1631227185146,1038.03458254053
"BIGKAT _ P77 _ Right _ 2",-71.3394124289038,5.07308835875927,979.726017802549,-86.3205048609676,65.1493269940235,1038.10192584907
"BIGKAT _ P77 _ Right _ 2",-71.315212786015,5.04835124796881,979.688419444734,-86.3342160286584,65.1158203656209,1038.20173534327
"BIGKAT _ P77 _ Right _ 2",-71.2704869599176,4.99944257773936,979.636973214027,-86.3368420457509,65.0601007558687,1038.32719555693
"BIGKAT _ P77 _ Right _ 2",-71.2033110881001,4.92315147906088,979.580339053686,-86.3212694081926,64.9833442655989,1038.46515279418
"BIGKAT _ P77 _ Right _ 2",-71.1145296037396,4.81964310181512,979.531937335399,-86.2817132811513,64.8908353273715,1038.59864747505
"BIGKAT _ P77 _ Right _ 2",-71.0076573976214,4.69280066130213,979.507473166945,-86.2152195136839,64.791306979903,1038.71094852533
"BIGKAT _ P77 _ Right _ 2",-70.8881261858617,4.54977969705883,979.520948180199,-86.122603163102,64.6952301262522,1038.78968382587
"BIGKAT _ P77 _ Right _ 2",-70.7621938246269,4.39987630497882,979.580379071359,-86.0085761113057,64.6125055248234,1038.82953797696
"BIGKAT _ P77 _ Right _ 2",-70.635953403225,4.25298024734417,979.684932771249,-85.8811673628369,64.5502780506393,1038.83275848239
"BIGKAT _ P77 _ Right _ 2",-70.5147211259145,4.11796523720461,979.824735893589,-85.7507024337909,64.5115496663792,1038.80776322443
"BIGKAT _ P77 _ Right _ 2",-70.4027671939958,4.00135740118718,979.983398446073,-85.6284927748208,64.4949271333885,1038.76669850202
"BIGKAT _ P77 _ Right _ 2",-70.3031378040171,3.90653398309434,980.142107175309,-85.525230393708,64.4954070262803,1038.72271022772
"BIGKAT _ P77 _ Right _ 2",-70.2173883136878,3.83358674450943,980.283739629153,-85.4491656941661,64.5058185101703,1038.6873970737
"BIGKAT _ P77 _ Right _ 2",-70.1453369524861,3.77986553683772,980.395930057115,-85.4044476067359,64.5184916131755,1038.66878320259
"BIGKAT _ P77 _ Right _ 2",-70.0851301254578,3.74107605030845,980.472759133896,-85.3902064093792,64.5267993006335,1038.6701330698
"BIGKAT _ P77 _ Right _ 2",-70.033750211149,3.71264928352414,980.515081597263,-85.4007924870052,64.5263280996535,1038.68980467819
"BIGKAT _ P77 _ Right _ 2",-69.9877800224724,3.69100842438498,980.529541864615,-85.4271291853746,64.5155242720603,1038.72207004157
"BIGKAT _ P77 _ Right _ 2",-69.9441352397185,3.67440075998019,980.526570899584,-85.4587322571422,64.4957384839093,1038.75862377605
"BIGKAT _ P77 _ Right _ 2",-69.9006242309136,3.66310677626243,980.518083786919,-85.4858287646672,64.4706692457551,1038.79047514749
"BIGKAT _ P77 _ Right _ 2",-69.8563184654187,3.65900376688377,980.515672364664,-85.501125708284,64.4453029069718,1038.80994123944
"BIGKAT _ P77 _ Right _ 2",-69.8117149847448,3.6646334822439,980.529633532931,-85.5009523156801,64.4245618609565,1038.81238740613
"BIGKAT _ P77 _ Right _ 2",-69.7687130349673,3.68213877281184,980.568603948731,-85.4856415905709,64.4119796260839,1038.79730398414
"BIGKAT _ P77 _ Right _ 2",-69.7305649742437,3.71261781793147,980.639305478772,-85.4591594892296,64.4087746130352,1038.76845473505
"BIGKAT _ P77 _ Right _ 2",-69.7019854214068,3.75636651540928,980.745976035967,-85.4281544218477,64.4136291847675,1038.73314935334
"BIGKAT _ P77 _ Right _ 2",-69.6893319231951,3.81399646540381,980.889297375068,-85.4007089314331,64.423273530852,1038.70094384611
"BIGKAT _ P77 _ Right _ 2",-69.7003750821127,3.88775863133211,981.064957208239,-85.3850467029244,64.433686149218,1038.68209545236
"BIGKAT _ P77 _ Right _ 2",-69.7431020381884,3.98208226653588,981.262385014598,-85.3883210587392,64.4414782428357,1038.68595983877
"BIGKAT _ P77 _ Right _ 2",-69.8235016585127,4.10267483065132,981.464520643652,-85.415511871861,64.4449520880771,1038.71940330959
"BIGKAT _ P77 _ Right _ 2",-69.9430664999641,4.25433222972167,981.649415909495,-85.468460362937,64.4444617116884,1038.78531878702
"BIGKAT _ P77 _ Right _ 2",-70.0971749908435,4.43835994516043,981.793855086188,-85.5451455941741,64.4419972203525,1038.8814464378
"BIGKAT _ P77 _ Right _ 2",-70.2752101411779,4.65077274644326,981.878205321236,-85.6393823234711,64.4402321577758,1038.99981182408
"BIGKAT _ P77 _ Right _ 2",-70.4624652923558,4.88212748110532,981.890955497125,-85.7411528202049,64.4414735095897,1039.1271337311
"BIGKAT _ P77 _ Right _ 2",-70.6431556343479,5.11916432116045,981.831428674167,-85.8377414888405,64.4469413849675,1039.24646481862
"BIGKAT _ P77 _ Right _ 2",-70.8035771307786,5.34774369299927,981.709961384021,-85.9156755246004,64.4566111929475,1039.34006119809
"BIGKAT _ P77 _ Right _ 2",-70.9346290245333,5.55616034160117,981.545904658857,-85.9632031256591,64.469612732779,1039.39307233458
"BIGKAT _ P77 _ Right _ 2",-71.0332843523252,5.73787264170648,981.364491984389,-85.9727859920474,64.4850002236127,1039.39726728094
"BIGKAT _ P77 _ Right _ 2",-71.1028505397756,5.89291762961896,981.193549559109,-85.9429785055923,64.5025933584896,1039.35384060305
"BIGKAT _ P77 _ Right _ 2",-71.151941581197,6.02768216797618,981.06035982835,-85.8791553629253,64.5235427937546,1039.27444297547
"BIGKAT _ P77 _ Right _ 2",-71.1922357196922,6.15316335852651,980.988498901141,-85.79279526803,64.5503390054296,1039.17993827771
"BIGKAT _ P77 _ Right _ 2",-71.2354911223561,6.28223674705578,980.994731760242,-85.6993788546197,64.5861908688567,1039.09694983204
"BIGKAT _ P77 _ Right _ 2",-71.2906894760391,6.42664421585652,981.086674354611,-85.6153701418374,64.6339903922993,1039.05294218263
"BIGKAT _ P77 _ Right _ 2",-71.3621973532162,6.59440033455211,981.262088002289,-85.5551057454676,64.6953020685385,1039.07117537879
"BIGKAT _ P77 _ Right _ 2",-71.4494503916045,6.78816116697502,981.510169099451,-85.5284916480854,64.7698121198019,1039.16699596092
"BIGKAT _ P77 _ Right _ 2",-71.5481444719501,7.0048678163983,981.814510666533,-85.5400606636167,64.8554174741269,1039.34635060961
"BIGKAT _ P77 _ Right _ 2",-71.6524485530656,7.2366836779374,982.156935335546,-85.5893375531806,64.9488040582197,1039.60636238345
"BIGKAT _ P77 _ Right _ 2",-71.757392637772,7.47292721387797,982.521170393289,-85.6720068520338,65.0462176368706,1039.93699680773
"BIGKAT _ P77 _ Right _ 2",-71.8604762226464,7.70251245545483,982.895328488823,-85.78137135679,65.1442560029266,1040.32287767492
"BIGKAT _ P77 _ Right _ 2",-71.9618731163474,7.91646255990662,983.272477875465,-85.9098590179025,65.2407289449275,1040.74503677372
"BIGKAT _ P77 _ Right _ 2",-72.0632889793722,8.11020606809925,983.649272537392,-86.0504440547252,65.3356723337279,1041.18295363035
"BIGKAT _ P77 _ Right _ 2",-72.1661155532231,8.28533972502453,984.023370010347,-86.197644638456,65.4323612537728,1041.61705681559
"BIGKAT _ P77 _ Right _ 2",-72.2696076772949,8.45035252193791,984.390757890567,-86.347552195526,65.537819832822,1042.03116911173
"BIGKAT _ P77 _ Right _ 2",-72.369453974517,8.61972672813663,984.744024259981,-86.496509890652,65.6622145256649,1042.41389323763
"BIGKAT _ P77 _ Right _ 2",-72.4568017937889,8.81108039782433,985.072248454634,-86.6386668038026,65.8168470874516,1042.75815484777
"BIGKAT _ P77 _ Right _ 2",-72.5178607710274,9.04059311802559,985.362714819921,-86.7634079013351,66.0110664277077,1043.05908622611
"BIGKAT _ P77 _ Right _ 2",-72.5344737062557,9.31770388365247,985.604118586382,-86.8540788579064,66.2489135058542,1043.31165725298
"BIGKAT _ P77 _ Right _ 2",-72.4861127018395,9.64071924990872,985.790488576567,-86.8890850091029,66.5264845711159,1043.5100470342
"BIGKAT _ P77 _ Right _ 2",-72.3534183049393,9.99515708196944,985.924858528978,-86.8454813029598,66.8309016022476,1043.65010263468
"BIGKAT _ P77 _ Right _ 2",-72.1227114559249,10.3560525426343,986.021746286985,-86.7041763507688,67.141503103571,1043.73468219408
"BIGKAT _ P77 _ Right _ 2",-71.7902279441693,10.6940992705004,986.107653388526,-86.4552916930955,67.4333731701879,1043.7800615639
"BIGKAT _ P77 _ Right _ 2",-71.3646659420137,10.9839348589569,986.219109122473,-86.1020735554495,67.682608485832,1043.82045793615
"BIGKAT _ P77 _ Right _ 2",-70.8671559273517,11.2118685469289,986.398235332553,-85.661999951268,67.8720209075712,1043.90749355527
"BIGKAT _ P77 _ Right _ 2",-70.3285349569605,11.3803847551539,986.686222728319,-85.1644275698815,67.9956604066209,1044.10259700674
"BIGKAT _ P77 _ Right _ 2",-69.7843666035482,11.5078211116566,987.115443527071,-84.6451886479686,68.0608178597115,1044.46293532145
"BIGKAT _ P77 _ Right _ 2",-69.2684822695882,11.6232582962424,987.701363707645,-84.1395565899449,68.0868983599476,1045.02448771795
"BIGKAT _ P77 _ Right _ 2",-68.8061691379698,11.7582316399105,988.435993450538,-83.6754530564163,68.1014022408863,1045.78783325556
"BIGKAT _ P77 _ Right _ 2",-68.4085263612819,11.9378449920402,989.285016324197,-83.2685014641073,68.1339239357317,1046.71212473974
"BIGKAT _ P77 _ Right _ 2",-68.0696396100482,12.1739694274787,990.190519401076,-82.919824708321,68.209489448499,1047.72047361829
"BIGKAT _ P77 _ Right _ 2",-67.7676999357141,12.4624528646362,991.080076952956,-82.6167472767539,68.3427254069902,1048.71628441203
"BIGKAT _ P77 _ Right _ 2",-67.470025267011,12.7849146112206,991.880930308365,-82.3359900754816,68.534272378592,1049.60619177663
"BIGKAT _ P77 _ Right _ 2",-67.1406676397876,13.114230659978,992.535904977007,-82.0485466846621,68.7704355281254,1050.32265079161
"BIGKAT _ P77 _ Right _ 2",-66.748524112426,13.4217633638135,993.016519268354,-81.7251858472868,69.0262631523065,1050.8390794337
"BIGKAT _ P77 _ Right _ 2",-66.2738630732244,13.6841063527623,993.329140704822,-81.3414898414422,69.271252625755,1051.17298463375
"BIGKAT _ P77 _ Right _ 2",-65.7118133708718,13.8876238726393,993.512073579572,-80.8816098443747,69.4761311173223,1051.37680684038
"BIGKAT _ P77 _ Right _ 2",-65.0723306161525,14.0300314433844,993.624403354118,-80.340417854039,69.6189767427167,1051.520489562
"BIGKAT _ P77 _ Right _ 2",-64.3770906472664,14.119200550335,993.730099358136,-79.724111921722,69.6893159879233,1051.67210404555
"BIGKAT _ P77 _ Right _ 2",-63.6544236890126,14.1699793200532,993.882291746391,-79.049366248073,69.689520155095,1051.88238015406
"BIGKAT _ P77 _ Right _ 2",-62.9337222191545,14.2001482615265,994.112343870777,-78.341060668995,69.6336034263472,1052.17651858595
"BIGKAT _ P77 _ Right _ 2",-62.240720194817,14.2267895073176,994.426443014267,-77.628853403356,69.5441808804676,1052.55387299002
"BIGKAT _ P77 _ Right _ 2",-61.5946678623892,14.264220059405,994.809700208444,-76.9433049676533,69.4486278561744,1052.99411771926
"BIGKAT _ P77 _ Right _ 2",-61.0077865938658,14.3239836159383,995.235385205816,-76.3124429571838,69.3752763210581,1053.46736953127
"BIGKAT _ P77 _ Right _ 2",-60.4865880785569,14.41628312389,995.675717337041,-75.7592922073013,69.3499688351913,1053.94504262593
"BIGKAT _ P77 _ Right _ 2",-60.0338918643363,14.551270240301,996.110598105976,-75.3002304131797,69.3928637989409,1054.40807465711
"BIGKAT _ P77 _ Right _ 2",-59.6500944345948,14.738557745773,996.531629667016,-74.9435992867942,69.5153836644255,1054.85003955228
"BIGKAT _ P77 _ Right _ 2",-59.3327949392603,14.9844160607417,996.940675338153,-74.688163053149,69.7175941917369,1055.27468841894
"BIGKAT _ P77 _ Right _ 2",-59.0750452961084,15.2876913530231,997.344592273575,-74.5216319631461,69.9866870745796,1055.6898711297
"BIGKAT _ P77 _ Right _ 2",-58.8634679717349,15.636449724992,997.749352896491,-74.4200197788643,70.297232892137,1056.10124636516
"BIGKAT _ P77 _ Right _ 2",-58.6776275708734,16.0071297102377,998.15649197355,-74.3486346779993,70.6135303490914,1056.50880801825
"BIGKAT _ P77 _ Right _ 2",-58.4914195940401,16.3669429738338,998.562929587906,-74.2650978473795,70.8940065578127,1056.9073922416
"BIGKAT _ P77 _ Right _ 2",-58.2764135369707,16.6791692381773,998.963182959503,-74.1243408727422,71.0973076455204,1057.29019980216
"BIGKAT _ P77 _ Right _ 2",-58.0065069795139,16.9102026801923,999.352083121093,-73.8851742487383,71.1892974941982,1057.6530180229
"BIGKAT _ P77 _ Right _ 2",-57.6629384066857,17.036629248905,999.72644416909,-73.5175352844826,71.1496479242889,1057.99664130898
"BIGKAT _ P77 _ Right _ 2",-57.2385109514254,17.0503067501142,1000.0849145042,-73.0089167837862,70.9763805505502,1058.32593418229
"BIGKAT _ P77 _ Right _ 2",-56.7398500911885,16.9597836576273,1000.42594419043,-72.3681857346723,70.6869746777106,1058.64570684545
"BIGKAT _ P77 _ Right _ 2",-56.186898501619,16.7876152053386,1000.7445615271,-71.6254460532877,70.3155233781356,1058.95531704439
"BIGKAT _ P77 _ Right _ 2",-55.6096830468781,16.5647144963874,1001.02951240938,-70.8277307439729,69.9065563114058,1059.24476972432
"BIGKAT _ P77 _ Right _ 2",-55.0433148711366,16.3238999079358,1001.26265994536,-70.0316076681275,69.5070845335111,1059.49454790805
"BIGKAT _ P77 _ Right _ 2",-54.5226909236571,16.0946784147261,1001.42171008454,-69.2945847579671,69.1588335529978,1059.67964290093
"BIGKAT _ P77 _ Right _ 2",-54.0781972392472,15.9002492502201,1001.48560647268,-68.6671557665828,68.8924182522526,1059.77609320165
"BIGKAT _ P77 _ Right _ 2",-53.733049860393,15.7565368574359,1001.44050390044,-68.1867059191914,68.7244812855488,1059.76705509411
"BIGKAT _ P77 _ Right _ 2",-53.5022004024664,15.6724863134515,1001.28409656366,-67.8738930041677,68.6578405335866,1059.64597341406
"BIGKAT _ P77 _ Right _ 2",-53.3923785606257,15.6509735312432,1001.02719347995,-67.7318109309701,68.6838627782984,1059.41646562777
"BIGKAT _ P77 _ Right _ 2",-53.4028872885811,15.6900453266688,1000.69276456165,-67.7479988542701,68.7859343350337,1059.09047033661
"BIGKAT _ P77 _ Right _ 2",-53.5268703870907,15.7843271803502,1000.3131620084,-67.8988509267553,68.9430682490135,1058.68656989057
"BIGKAT _ P77 _ Right _ 2",-53.7526536120724,15.9262520934108,999.925811025862,-68.1552404050013,69.1330681714067,1058.22915527047
"BIGKAT _ P77 _ Right _ 2",-54.0646256909424,16.1066093893238,999.567364394564,-68.4876570825317,69.334917090222,1057.74755144074
"BIGKAT _ P77 _ Right _ 2",-54.4434013820158,16.3141182362786,999.266900267217,-68.8693631318946,69.5301328589961,1057.27367744743
"BIGKAT _ P77 _ Right _ 2",-54.8656733269379,16.5342944937892,999.03975664445,-69.2770200157717,69.7029992563554,1056.83754571373
"BIGKAT _ P77 _ Right _ 2",-55.3046734997631,16.7485002821597,998.884010453214,-69.689437105283,69.8400214490052,1056.46124893693
"BIGKAT _ P77 _ Right _ 2",-55.7320662112909,16.9343522734841,998.781030834971,-70.0859504921637,69.9294147092379,1056.15326374353
"BIGKAT _ P77 _ Right _ 2",-56.121416517111,17.0683260312456,998.700330574137,-70.4460604826075,69.9614619802261,1055.90537839077
"BIGKAT _ P77 _ Right _ 2",-56.4525416001794,17.1304299412265,998.607625417152,-70.7512321914687,69.9300525512946,1055.69396990827
"BIGKAT _ P77 _ Right _ 2",-56.7155029125054,17.1096479900792,998.473932275182,-70.9885225468317,69.8349553866611,1055.48581468692
"BIGKAT _ P77 _ Right _ 2",-56.912914265861,17.0081310808361,998.282954366922,-71.1546213247529,69.6837985505372,1055.24688894528
"BIGKAT _ P77 _ Right _ 2",-57.0595969382259,16.8423211284493,998.034318257789,-71.2585448550515,69.4926045639845,1054.95158841179
"BIGKAT _ P77 _ Right _ 2",-57.1793654546031,16.6402557407489,997.741747669412,-71.3216631537967,69.2841771709768,1054.58977298636
"BIGKAT _ P77 _ Right _ 2",-57.299728467054,16.4357087443708,997.427476781354,-71.3746555649023,69.084489010157,1054.16979344367
"BIGKAT _ P77 _ Right _ 2",-57.4461127989455,16.2609503525303,997.115817329858,-71.4519839216141,68.9180417259691,1053.71685153832
"BIGKAT _ P77 _ Right _ 2",-57.6373577353031,16.1403092328262,996.828700405697,-71.5852242695125,68.8035106748951,1053.26735938579
"BIGKAT _ P77 _ Right _ 2",-57.8835265158599,16.0862564890395,996.584254959417,-71.7968952912023,68.7507480927041,1052.86098297383
"BIGKAT _ P77 _ Right _ 2",-58.1859577807484,16.098652355166,996.397324731875,-72.0962186490343,68.7596682508367,1052.53239478406
"BIGKAT _ P77 _ Right _ 2",-58.5386314995702,16.1666345535294,996.279781997741,-72.4776756143848,68.8209905724541,1052.30441852275
"BIGKAT _ P77 _ Right _ 2",-58.9298022338368,16.2719578172168,996.239073226238,-72.9225012859361,68.9184387102108,1052.18363743755
"BIGKAT _ P77 _ Right _ 2",-59.3433973568196,16.3926732809377,996.275008247624,-73.4025967663187,69.0318370159127,1052.15906026766
"BIGKAT _ P77 _ Right _ 2",-59.7604273098674,16.5065853835623,996.376467135204,-73.8859211535889,69.1405702140394,1052.20416448244
"BIGKAT _ P77 _ Right _ 2",-60.161023506672,16.5943852075622,996.520551345541,-74.3423067382439,69.2269600046525,1052.28229808451
"BIGKAT _ P77 _ Right _ 2",-60.5273879456846,16.6424320052193,996.675981663021,-74.7487049617652,69.2791647187249,1052.35469218148
"BIGKAT _ P77 _ Right _ 2",-60.8471601335866,16.6449645302517,996.81043141968,-75.0929930683749,69.2932013141482,1052.38937756143
"BIGKAT _ P77 _ Right _ 2",-61.1161342535817,16.6053344767558,996.899399972679,-75.3756732259417,69.2736716993175,1052.36877691602
"BIGKAT _ P77 _ Right _ 2",-61.339350058515,16.5358304632877,996.933509730963,-75.6091400153411,69.2328685058019,1052.29401074371
"BIGKAT _ P77 _ Right _ 2",-61.5301995412575,16.4558526876897,996.921777450342,-75.8146576886555,69.1882400003348,1052.18473663395
"BIGKAT _ P77 _ Right _ 2",-61.7078383640965,16.3885554327318,996.889714771414,-76.0176789322293,69.1586456652761,1052.07434746389
"BIGKAT _ P77 _ Right _ 2",-61.8935451638093,16.3564825795346,996.872589324792,-76.2425178835894,69.1602327435259,1052.00150241664
"BIGKAT _ P77 _ Right _ 2",-62.1067726166127,16.3770690153603,996.905629676868,-76.5075476661038,69.2029405984101,1052.00004021757
"BIGKAT _ P77 _ Right _ 2",-62.3616047721962,16.4590442936742,997.013960061817,-76.8219669214404,69.2885226231384,1052.08992924045
"BIGKAT _ P77 _ Right _ 2",-62.6642081743854,16.6006141122867,997.205147082071,-77.1847573778382,69.4105607099341,1052.27173817066
"BIGKAT _ P77 _ Right _ 2",-63.0116713920875,16.7898058768272,997.466383519788,-77.5858342361294,69.5563372044681,1052.52611693579
"BIGKAT _ P77 _ Right _ 2",-63.392415716821,17.0067738463232,997.766865638602,-78.0088241043305,69.7098781157514,1052.81824887483
"BIGKAT _ P77 _ Right _ 2",-63.7881490507308,17.2274487935889,998.064411972173,-78.4346360283195,69.8552571766182,1053.10579485898
"BIGKAT _ P77 _ Right _ 2",-64.1771399023662,17.4277777688711,998.314454574633,-78.8450648424202,69.9794056378408,1053.34812481521
"BIGKAT _ P77 _ Right _ 2",-64.5383697127671,17.5878174879781,998.479431258909,-79.2259083959591,70.0740150679689,1053.514732218
"BIGKAT _ P77 _ Right _ 2",-64.8558013097664,17.694992303037,998.536884270476,-79.569233516632,70.1364167701917,1053.59120574935
"BIGKAT _ P77 _ Right _ 2",-65.1216777948281,17.745909303405,998.484712046024,-79.874383854603,70.1694799257333,1053.5815859056
"BIGKAT _ P77 _ Right _ 2",-65.33776182003,17.7463285289269,998.342173501222,-80.1473021569912,70.1806315068443,1053.50648708975
"BIGKAT _ P77 _ Right _ 2",-65.5139706822735,17.7092518739577,998.145999198753,-80.3980737449023,70.1801402966352,1053.39734815687
"BIGKAT _ P77 _ Right _ 2",-65.6648036014467,17.6515473464882,997.94238678404,-80.6372722739549,70.1788937805506,1053.28839342519
"BIGKAT _ P77 _ Right _ 2",-65.8047979965462,17.5899157430206,997.776969532701,-80.8722443557521,70.1860486233308,1053.20857877717
"BIGKAT _ P77 _ Right _ 2",-65.9444968955982,17.5371668720198,997.685257889408,-81.1044855711108,70.2070597502345,1053.1754763661
"BIGKAT _ P77 _ Right _ 2",-66.0879747514368,17.4996258573323,997.685570170507,-81.3287876347263,70.2425528956845,1053.19209003573
"BIGKAT _ P77 _ Right _ 2",-66.2322639551157,17.4761469750979,997.775644542314,-81.534237128022,70.2882732363396,1053.24673373664
"BIGKAT _ P77 _ Right _ 2",-66.3685377313702,17.4588772949846,997.933376362782,-81.706670088136,70.3360280379007,1053.31565205384
"BIGKAT _ P77 _ Right _ 2",-66.4847114328841,17.4356389456453,998.121502212033,-81.8318824475418,70.3753076096889,1053.36781321763
"BIGKAT _ P77 _ Right _ 2",-66.5689183711261,17.3934531080296,998.295392250853,-81.8987887615293,70.3952282972799,1053.37103291084
"BIGKAT _ P77 _ Right _ 2",-66.6129412701044,17.322297654994,998.412333444386,-81.9018487925672,70.3865380258587,1053.29832063856
"BIGKAT _ P77 _ Right _ 2",-66.6144596945937,17.2179641339022,998.440093986872,-81.8423769386063,70.3434655335211,1053.13324788719
"BIGKAT _ P77 _ Right _ 2",-66.577355666093,17.0831513221892,998.36268231334,-81.7286136208678,70.2650858060265,1052.87328634123
"BIGKAT _ P77 _ Right _ 2",-66.5102268667929,16.9266166997979,998.182148163546,-81.5745261640703,70.1557578340227,1052.53040242776
"BIGKAT _ P77 _ Right _ 2",-66.4240265494598,16.7608921236756,997.916503317504,-81.3973610823219,70.0242861855424,1052.12873219401
"BIGKAT _ P77 _ Right _ 2",-66.3298399881763,16.5993953280979,997.594824185469,-81.2142725220371,69.8818367767068,1051.69990932374
"BIGKAT _ P77 _ Right _ 2",-66.2373461775063,16.453688270672,997.251142450503,-81.038861395942,69.7391401076305,1051.27731783284
"BIGKAT _ P77 _ Right _ 2",-66.1539861724563,16.331353969864,996.918753224594,-80.878736090583,69.603845385613,1050.89078462786
"BIGKAT _ P77 _ Right _ 2",-66.0845457530486,16.234721254924,996.626008408062,-80.7349082134824,69.4788417816409,1050.56290012992
"BIGKAT _ P77 _ Right _ 2",-66.030797653634,16.1605588414996,996.393758422899,-80.6031049962956,69.3619918164208,1050.30748631863
"BIGKAT _ P77 _ Right _ 2",-65.9910514900609,16.1008095621956,996.233952806304,-80.4763723533893,69.2472500242449,1050.13001580901
"BIGKAT _ P77 _ Right _ 2",-65.9598639114739,16.0443075065726,996.148970376711,-80.3480120377713,69.1267574934706,1050.02923948984
"BIGKAT _ P77 _ Right _ 2",-65.9284806944021,15.9791893708376,996.131830954235,-80.2139604188109,68.9932967929912,1049.99905376306
"BIGKAT _ P77 _ Right _ 2",-65.8864736215152,15.8954802269071,996.167814975606,-80.074020775196,68.8424851201589,1050.02982793472
"BIGKAT _ P77 _ Right _ 2",-65.8244519197539,15.7872279505958,996.23767780292,-79.9317833476351,68.6742330283864,1050.10896096851
"BIGKAT _ P77 _ Right _ 2",-65.7370131164334,15.6536556312469,996.321822369916,-79.7934526399915,68.4931944866886,1050.22102059928
"BIGKAT _ P77 _ Right _ 2",-65.6247355021765,15.499100435972,996.40416402736,-79.6659798447474,68.3081087662557,1050.3480708706
"BIGKAT _ P77 _ Right _ 2",-65.4943022825876,15.3319004161491,996.474486246454,-79.5549152014187,68.1301243002567,1050.47066093454
"BIGKAT _ P77 _ Right _ 2",-65.3566621711366,15.1626661140201,996.528801407476,-79.4624483672122,67.9704449427373,1050.56961079688
"BIGKAT _ P77 _ Right _ 2",-65.2239698026058,15.0023761477521,996.568080442446,-79.3862119519368,67.8378653113158,1050.62835985929
"BIGKAT _ P77 _ Right _ 2",-65.106443146922,14.8605501029408,996.596193766931,-79.3194090308828,67.7368284930074,1050.63539242624
"BIGKAT _ P77 _ Right _ 2",-65.0101590367522,14.7436455751427,996.617936129474,-79.2525694924869,67.6665250362,1050.58622904297
"BIGKAT _ P77 _ Right _ 2",-64.9363986535332,14.6539395733881,996.637765068207,-79.1767334057438,67.6213185780317,1050.48460437613
"BIGKAT _ P77 _ Right _ 2",-64.8826104392342,14.5893037185807,996.659440585735,-79.0871971307705,67.5924578881386,1050.3425558989
"BIGKAT _ P77 _ Right _ 2",-64.8444591278474,14.5441566444119,996.686190420016,-78.9864483856569,67.570647007337,1050.17915626195
"BIGKAT _ P77 _ Right _ 2",-64.8179889815226,14.5114214216474,996.720647067704,-78.8849710356547,67.5487201393955,1050.01768684611
"BIGKAT _ P77 _ Right _ 2",-64.8009667595537,14.4848349449683,996.763972222658,-78.7993303617328,67.5235871581207,1049.88137660747
"BIGKAT _ P77 _ Right _ 2",-64.7930732690026,14.4608083661683,996.814333879915,-78.7480147869723,67.4968644056974,1049.78843791698
"BIGKAT _ P77 _ Right _ 2",-64.795371743861,14.4392929922044,996.865711717138,-78.746420800985,67.4740694207485,1049.74777773511
"BIGKAT _ P77 _ Right _ 2",-64.8097665945659,14.4235330314163,996.908126656651,-78.802757053652,67.4627041696331,1049.75701495872
"BIGKAT _ P77 _ Right _ 2",-64.838796450861,14.4189165931731,996.929639031366,-78.9162907748366,67.4698194410667,1049.80386085639
"BIGKAT _ P77 _ Right _ 2",-64.885551718277,14.4312830606766,996.919501492479,-79.0783145390406,67.4997258846609,1049.87052157164
"BIGKAT _ P77 _ Right _ 2",-64.9533163725348,14.4650884266113,996.871426622852,-79.2749929612505,67.5524439677416,1049.93930031657
"BIGKAT _ P77 _ Right _ 2",-65.0447767168937,14.5218601707615,996.786079902443,-79.4906084460389,67.6233132967035,1049.99705487119
"BIGKAT _ P77 _ Right _ 2",-65.1609954844131,14.5993734314642,996.672191611652,-79.7100176298468,67.7039195594602,1050.03703342809
"BIGKAT _ P77 _ Right _ 2",-65.3005080246947,14.691847553038,996.545838933263,-79.9200008540435,67.7841247581838,1050.05823896642
"BIGKAT _ P77 _ Right _ 2",-65.4588134969819,14.7911437325902,996.427667221543,-80.1099183999855,67.8545795076481,1050.06365564638
"BIGKAT _ P77 _ Right _ 2",-65.6284133142771,14.8885593695435,996.338404180719,-80.2722298575794,67.9088886443132,1050.05866596097
"BIGKAT _ P77 _ Right _ 2",-65.7995498023706,14.9765996728972,996.293882462018,-80.4031135900058,67.9447693521053,1050.05015016318
"BIGKAT _ P77 _ Right _ 2",-65.961761910009,15.0502019654628,996.301314217311,-80.5030513656657,67.9639712138856,1050.04602898404
"BIGKAT _ P77 _ Right _ 2",-66.1060794694326,15.1071976800667,996.358206795446,-80.5770391976785,67.9711425848973,1050.05482693411
"BIGKAT _ P77 _ Right _ 2",-66.2272630628047,15.1480963359389,996.454195488827,-80.6340507802114,67.9720772456113,1050.08493266253
"BIGKAT _ P77 _ Right _ 2",-66.3253047774382,15.1754163874242,996.57483996416,-80.6855375481452,67.9718833866246,1050.1433591641
"BIGKAT _ P77 _ Right _ 2",-66.4055575341906,15.1927861003231,996.70571588945,-80.7431040349821,67.973618000092,1050.2340260993
"BIGKAT _ P77 _ Right _ 2",-66.477271380704,15.2040065194414,996.83525284662,-80.8158818542902,67.9777908832072,1050.35592989952
"BIGKAT _ P77 _ Right _ 2",-66.5508646090948,15.2122742777962,996.955598209468,-80.9083283157067,67.982847319809,1050.50186385601
"BIGKAT _ P77 _ Right _ 2",-66.6347607241352,15.2197481291144,997.061797813962,-81.01911658159,67.9863720955618,1050.65841113344
"BIGKAT _ P77 _ Right _ 2",-66.7328405987721,15.227525569689,997.150239920246,-81.1414879753214,67.9864797167716,1050.80766492333
"BIGKAT _ P77 _ Right _ 2",-66.8433503445154,15.235906533091,997.217420971997,-81.2649981219192,67.9828040215533,1050.93058442767
"BIGKAT _ P77 _ Right _ 2",-66.9595346396448,15.2446973126923,997.259770063201,-81.3781764401931,67.976697229994,1051.01129141206
"BIGKAT _ P77 _ Right _ 2",-67.071622615483,15.2533455866904,997.274714624996,-81.4713664952457,67.9705864214449,1051.0411833416
"BIGKAT _ P77 _ Right _ 2",-67.1694234410086,15.2608534757091,997.262597107583,-81.5389542519376,67.9667659874134,1051.02162570476
"BIGKAT _ P77 _ Right _ 2",-67.2447853307629,15.2655637626766,997.228625211639,-81.5803492256723,67.9661185548194,1050.96428107558
"BIGKAT _ P77 _ Right _ 2",-67.2933516715568,15.2649803399128,997.183851090617,-81.599473060806,67.9672847000811,1050.8887973675
"BIGKAT _ P77 _ Right _ 2",-67.3152422458928,15.2557878786655,997.14432520221,-81.6029987606416,67.9666229592652,1050.81836007577
"BIGKAT _ P77 _ Right _ 2",-67.3144896989756,15.2342049030557,997.128096460446,-81.5979543971751,67.9589876953616,1050.77425143637
"BIGKAT _ P77 _ Right _ 2",-67.297342262344,15.1967158434384,997.150530731461,-81.5894429166548,67.9390513305812,1050.77090717573
"BIGKAT _ P77 _ Right _ 2",-67.2699292838481,15.1410683305989,997.219296637152,-81.5791516837222,67.9027376574018,1050.81287796641
"BIGKAT _ P77 _ Right _ 2",-67.2361425484752,15.0672520627233,997.33095690087,-81.5650871188616,67.8483428752204,1050.89452009076
"BIGKAT _ P77 _ Right _ 2",-67.1966471766819,14.9780903301008,997.47091061216,-81.5426128887277,67.7770522681469,1051.00233417548
"BIGKAT _ P77 _ Right _ 2",-67.149533205667,14.8791305706008,997.617273495712,-81.506455503997,67.6927583209395,1051.11900225862
"BIGKAT _ P77 _ Right _ 2",-67.0923768624122,14.7777272108446,997.747610677823,-81.4530098858505,67.6012916592562,1051.22772480308
"BIGKAT _ P77 _ Right _ 2",-67.0247849871975,14.6815309412029,997.846108665663,-81.3822065053622,67.5093047232765,1051.31566068484
"BIGKAT _ P77 _ Right _ 2",-66.9502440742593,14.5968771590852,997.908516463461,-81.2984293189112,67.4230602232248,1051.37594821572
"BIGKAT _ P77 _ Right _ 2",-66.8764003181114,14.5275971375573,997.943087894203,-81.210305614685,67.3473440914361,1051.40836027484
"BIGKAT _ P77 _ Right _ 2",-66.8135470839823,14.4745449070008,997.967250894913,-81.1293986653602,67.2847232154874,1051.41873117926
"BIGKAT _ P77 _ Right _ 2",-66.7717771972248,14.4358437355416,998.00116082706,-81.0679697037898,67.2353482337708,1051.41718957823
"BIGKAT _ P77 _ Right _ 2",-66.7577516375847,14.407675471318,998.060301258815,-81.0362500586865,67.1973574136306,1051.41546301925
"BIGKAT _ P77 _ Right _ 2",-66.7722434922947,14.3853711760096,998.149655220614,-81.0399842183835,67.1677035221766,1051.4239543264
"BIGKAT _ P77 _ Right _ 2",-66.8094722186591,14.3645557208018,998.26154038106,-81.0789808498947,67.1430716534986,1051.44934246409
"BIGKAT _ P77 _ Right _ 2",-66.8586840634537,14.342106662874,998.378028688674,-81.1469720655469,67.1205983025467,1051.49308381695
"BIGKAT _ P77 _ Right _ 2",-66.9075278286438,14.3167014117164,998.477175250752,-81.2326572150509,67.0982850801069,1051.55094356924
"BIGKAT _ P77 _ Right _ 2",-66.9459144828542,14.2888101904115,998.540608187992,-81.3217008127274,67.0751662162348,1051.61379288778
"BIGKAT _ P77 _ Right _ 2",-66.9688074001302,14.2601950981076,998.559341228735,-81.3994560448089,67.0513284352589,1051.66989764332
"BIGKAT _ P77 _ Right _ 2",-66.9769771325467,14.2331876928934,998.535625499647,-81.4539861371057,67.0278230229392,1051.70839100771
"BIGKAT _ P77 _ Right _ 2",-66.9757441019742,14.2100579678677,998.480700758073,-81.4786408138208,67.0064568639635,1051.72285705637
"BIGKAT _ P77 _ Right _ 2",-66.9724885626535,14.1926426768083,998.410019867772,-81.4733718769792,66.9894462501483,1051.71361593767
"BIGKAT _ P77 _ Right _ 2",-66.9739585208139,14.1822219768131,998.338046998329,-81.444324925399,66.9789291845813,1051.68771629594
"BIGKAT _ P77 _ Right _ 2",-66.9842846249284,14.1795342263453,998.274363307196,-81.4018633270637,66.9763448342227,1051.65657726545
"BIGKAT _ P77 _ Right _ 2",-67.0042802698121,14.1848072688883,998.22212829602,-81.357729501922,66.981738879526,1051.63217199838
"BIGKAT _ P77 _ Right _ 2",-67.032085357145,14.1977306599149,998.179072792675,-81.3222472188396,66.9931441350033,1051.62314254984
"BIGKAT _ P77 _ Right _ 2",-67.064611012529,14.217365525328,998.140217448819,-81.3022621064694,67.006253943369,1051.63209114766
"BIGKAT _ P77 _ Right _ 2",-67.0989168297803,14.2420560637946,998.100861961405,-81.3001161471491,67.0146025697951,1051.65471107676
"BIGKAT _ P77 _ Right _ 2",-67.1328674270728,14.2694429098002,998.058481988173,-81.3136370939388,67.0104084530564,1051.68082488394
"BIGKAT _ P77 _ Right _ 2",-67.1649793764511,14.2966648425901,998.0129076532,-81.3369831304068,66.9861272664442,1051.6970134682
"BIGKAT _ P77 _ Right _ 2",-67.1938562543224,14.3207737133506,997.965109210526,-81.3621157155908,66.9365539564273,1051.69025111475
"BIGKAT _ P77 _ Right _ 2",-67.2177790365691,14.3393071324297,997.915638249391,-81.380619268429,66.8610226766429,1051.65172532895
"BIGKAT _ P77 _ Right _ 2",-67.2348651040242,14.3508902938875,997.863901019839,-81.3855768206992,66.7650244631733,1051.57992152631
"BIGKAT _ P77 _ Right _ 2",-67.2438353265217,14.3556762167593,997.808832655911,-81.3732190380666,66.6605299065374,1051.48214408385
"BIGKAT _ P77 _ Right _ 2",-67.2450336126423,14.3554105423092,997.750503952524,-81.3440324496088,66.5644962582887,1051.37385388772
"BIGKAT _ P77 _ Right _ 2",-67.2411543549565,14.3529948138801,997.691413592408,-81.3030112813423,66.4954791578554,1051.27558178639
"BIGKAT _ P77 _ Right _ 2",-67.2372360131494,14.351636979558,997.636302798644,-81.2588847769594,66.4690227060636,1051.20790236515
"BIGKAT _ P77 _ Right _ 2",-67.2397702470023,14.3538979770485,997.590267565573,-81.2224210680455,66.4933571997315,1051.18588926351
"BIGKAT _ P77 _ Right _ 2",-67.2550935843988,14.3610031555483,997.556048845479,-81.2041440714508,66.5671485622467,1051.21495181604
"BIGKAT _ P77 _ Right _ 2",-67.2874716030905,14.3726364373224,997.531878965184,-81.211896257545,66.6800375055027,1051.28937654745
"BIGKAT _ P77 _ Right _ 2",-67.3374247396369,14.387177789563,997.510953956981,-81.2486873267075,66.8151576117356,1051.39362847812
"BIGKAT _ P77 _ Right _ 2",-67.4008741242163,14.402149667882,997.482866289409,-81.3113050411202,66.952202734272,1051.50557599185
"BIGKAT _ P77 _ Right _ 2",-67.4695729253471,14.4146119743916,997.436622397294,-81.390221158769,67.0703621295556,1051.60079687208
"BIGKAT _ P77 _ Right _ 2",-67.5329678889027,14.4213718449656,997.364365737924,-81.4711953192634,67.1513953730818,1051.65743947788
"BIGKAT _ P77 _ Right _ 2",-67.5810924096677,14.4190663947925,997.26459295815,-81.5384705851453,67.1830048446173,1051.66099700282
"BIGKAT _ P77 _ Right _ 2",-67.6075224294593,14.4043324509815,997.143537645215,-81.5787304793264,67.1616449533455,1051.60786050693
"BIGKAT _ P77 _ Right _ 2",-67.6112406338649,14.3742899378509,997.013831047007,-81.5845487577819,67.0933751862299,1051.50639073057
"BIGKAT _ P77 _ Right _ 2",-67.5967138041678,14.3273841387579,996.890725714979,-81.5562481532315,66.9921557773611,1051.37492266171
"BIGKAT _ P77 _ Right _ 2",-67.5723351446999,14.2643533570631,996.787532188004,-81.5017354470872,66.8763190712533,1051.23723235902
"BIGKAT _ P77 _ Right _ 2",-67.5480392360677,14.1888946831071,996.712443425188,-81.4345562792401,66.764578053149,1051.1168914075
"BIGKAT _ P77 _ Right _ 2",-67.5329997896903,14.10760382577,996.668089610106,-81.3707846973248,66.672635080257,1051.03218638194
"BIGKAT _ P77 _ Right _ 2",-67.5339560782328,14.0289600336745,996.653484248225,-81.3254342654793,66.6108513742063,1050.99286776937
"BIGKAT _ P77 _ Right _ 2",-67.5542565790299,13.9614475400845,996.666665755678,-81.3090897584763,66.583046336914,1050.99924805761
"BIGKAT _ P77 _ Right _ 2",-67.593505339343,13.9112858608796,996.706249884335,-81.325513852455,66.5863970405153,1051.04345536086
"BIGKAT _ P77 _ Right _ 2",-67.6477836831906,13.880616692866,996.771206994035,-81.3708885288291,66.6124212102235,1051.11213600537
"BIGKAT _ P77 _ Right _ 2",-67.7105134409499,13.8671495631937,996.859480172223,-81.4349362946195,66.648935541288,1051.18971988539
"BIGKAT _ P77 _ Right _ 2",-67.7738653155915,13.8657841040978,996.96661585163,-81.5035728915998,66.6826490153204,1051.26155957006
"BIGKAT _ P77 _ Right _ 2",-67.8302897246385,13.8714974183597,997.085227487517,-81.5622784186786,66.7018614562344,1051.31652939528
"BIGKAT _ P77 _ Right _ 2",-67.8736266774481,13.8816262978984,997.205431526113,-81.5992361323321,66.6987519076264,1051.34871330984
"BIGKAT _ P77 _ Right _ 2",-67.8995447502684,13.8957984296177,997.316001756012,-81.6074842947698,66.6708823238275,1051.35781308044
"BIGKAT _ P77 _ Right _ 2",-67.9055249514072,13.9134155412692,997.40593969053,-81.5857199849303,66.6216308157951,1051.34824422224
"BIGKAT _ P77 _ Right _ 2",-67.890789006288,13.9306059563492,997.466160989716,-81.53779457266,66.5593115803325,1051.32742204816
"BIGKAT _ P77 _ Right _ 2",-67.8563337895831,13.9393081555638,997.490999173357,-81.4712237099387,66.4949225933697,1051.30396937866
"BIGKAT _ P77 _ Right _ 2",-67.8049220847005,13.9297812691619,997.479361440374,-81.3951834592966,66.43886863639,1051.28630509463
"BIGKAT _ P77 _ Right _ 2",-67.7408859710078,13.8952637798156,997.435519775882,-81.3184944220836,66.3974604415471,1051.28157342892
"BIGKAT _ P77 _ Right _ 2",-67.6698547102877,13.8359280131812,997.369439589909,-81.2480290842945,66.3702268276484,1051.29456205167
"BIGKAT _ P77 _ Right _ 2",-67.5986267298734,13.7599914463791,997.296304739393,-81.1878749338187,66.3489878953943,1051.32641611038
"BIGKAT _ P77 _ Right _ 2",-67.535187246508,13.6818059637851,997.234837178328,-81.1394534770586,66.3192954903063,1051.37349697886
"BIGKAT _ P77 _ Right _ 2",-67.4885448028498,13.6181145266959,997.204306877373,-81.1025384694282,66.2643436900704,1051.42717384621
"BIGKAT _ P77 _ Right _ 2",-67.4679213814022,13.583850424297,997.220557351515,-81.076785584491,66.1708274025182,1051.47531430263
"BIGKAT _ P77 _ Right _ 2",-67.4810191864567,13.588435540459,997.291659810773,-81.0632549280672,66.0355509777632,1051.50585307674
"BIGKAT _ P77 _ Right _ 2",-67.5315684814569,13.6331297595297,997.414050458858,-81.0655629839069,65.8710188982203,1051.51217075854
"BIGKAT _ P77 _ Right _ 2",-67.6169289218717,13.7098105921777,997.570360638634,-81.090446241187,65.7079977592878,1051.49899756328
"BIGKAT _ P77 _ Right _ 2",-67.7268320181087,13.8015711619906,997.730310955038,-81.1474199019779,65.5933048920826,1051.48641028973
"BIGKAT _ P77 _ Right _ 2",-67.8441895073329,13.8855372931184,997.855553243025,-81.2470371974553,65.5818485693163,1051.50901049785
"BIGKAT _ P77 _ Right _ 2",-67.9483540435312,13.9381034642012,997.908290025948,-81.397354638587,65.7230404671743,1051.60822610324
"BIGKAT _ P77 _ Right _ 2",-68.0205780741049,13.9422450697771,997.862393097621,-81.5987748794413,66.043008901141,1051.81776702405
"BIGKAT _ P77 _ Right _ 2",-68.0508180859966,13.8957535561002,997.714927625493,-81.8383246923878,66.5255806749075,1052.14482759323
"BIGKAT _ P77 _ Right _ 2",-68.0444472134753,13.8184176266719,997.495468848316,-82.0852395772763,67.0966263438142,1052.55182287581
"BIGKAT _ P77 _ Right _ 2",-68.0268803691611,13.7556442036576,997.270309217274,-82.2900776326793,67.6175162059717,1052.94472089429
"BIGKAT _ P77 _ Right _ 2",-68.0438509243178,13.7760576372022,997.138767994535,-82.3892257491788,67.8932878560523,1053.17398714277
"BIGKAT _ P77 _ Right _ 2",-68.1555673711314,13.9615018897896,997.219758190803,-82.3154884697493,67.6989566925941,1053.05235565684
"BIGKAT _ P77 _ Right _ 2",-68.4244865710887,14.3897645523309,997.628873394545,-82.0135235715966,66.8229055655917,1052.38978149009
"BIGKAT _ P77 _ Right _ 2",-68.8987475955707,15.1130521748559,998.449442724066,-81.4565685834575,65.1200067055225,1051.04027547702
"BIGKAT _ P77 _ Right _ 2",-69.5956930929596,16.1379805476217,999.704521916373,-80.6590733704966,62.5609123415186,1048.94922326667
"BIGKAT _ P77 _ Right _ 2",-70.4911960865532,17.4142373493469,1001.33902940143,-79.6798193279748,59.2608816936064,1046.18584819838
"BIGKAT _ P77 _ Right _ 2",-71.5195486196093,18.8377272494004,1003.22020964416,-78.6127319440354,55.474596512656,1042.94667690794
"BIGKAT _ P77 _ Right _ 2",-72.5852890620121,20.2695433275874,1005.15948152965,-77.5672068072094,51.5532542473513,1039.52368453459
"BIGKAT _ P77 _ Right _ 2",-73.583913518116,21.5660676110004,1006.95110084871,-76.6440852981745,47.8734485638202,1036.2432967551
"BIGKAT _ P77 _ Right _ 2",-74.4250695434096,22.6108722961513,1008.41644671358,-75.915022026021,44.7580053929471,1033.39415550429
"BIGKAT _ P77 _ Right _ 2",-75.0510760193941,23.3383393339836,1009.44043579639,-75.4111296289816,42.4121317103549,1031.16642258403
"BIGKAT _ P77 _ Right _ 2",-75.4455732969873,23.7422884346913,1009.98961766697,-75.1227717617086,40.8926866138622,1029.62078964419
"BIGKAT _ P77 _ Right _ 2",-75.6307357919366,23.8684924125231,1010.10826796866,-75.0084240398377,40.1167059749098,1028.6939290884
"BIGKAT _ P77 _ Right _ 2",-75.6552135084256,23.7951297472088,1009.89611142835,-75.0083114755279,39.9026394330656,1028.23471074311
"BIGKAT _ P77 _ Right _ 2",-75.5774293979023,23.6081207776165,1009.47624052861,-75.0584423549134,40.0291747280977,1028.05727367146
"BIGKAT _ P77 _ Right _ 2",-75.4494341796297,23.378508914369,1008.96304729347,-75.1020167956053,40.2943304735704,1027.9948463349
"BIGKAT _ P77 _ Right _ 2",-75.3054886138838,23.1473007192,1008.43812490491,-75.0969967423425,40.560653128021,1027.94088400502
"BIGKAT _ P77 _ Right _ 2",-75.1576426646975,22.9205247921073,1007.93862627345,-75.0201129699259,40.7782468125484,1027.86933003096
"BIGKAT _ P77 _ Right _ 2",-74.9985016170333,22.674537492414,1007.45886480226,-74.86836440895,40.9836960918246,1027.83166433347
"BIGKAT _ P77 _ Right _ 2",-74.8095566149184,22.3692628003544,1006.96283610882,-74.6590887340831,41.2783838807179,1027.93373709697
"BIGKAT _ P77 _ Right _ 2",-74.572153279301,21.9653277439381,1006.40317801603,-74.4291599228292,41.7937149195207,1028.29964993397
"BIGKAT _ P77 _ Right _ 2",-74.2775222049617,21.4400959536439,1005.74096122429,-74.2331532339787,42.6531238401207,1029.03278279801
"BIGKAT _ P77 _ Right _ 2",-73.9324452034104,20.7976429908826,1004.96067075306,-74.1397841962304,43.9411499563386,1030.18490410421
"BIGKAT _ P77 _ Right _ 2",-73.5582667753727,20.0691159904518,1004.07597012926,-74.2258389849711,45.6876238502527,1031.74221777184
"BIGKAT _ P77 _ Right _ 2",-73.1831668420895,19.3028956098317,1003.12456347072,-74.5672158044949,47.8696639944337,1033.6316055074
"BIGKAT _ P77 _ Right _ 2",-72.8304641729356,18.5479628412827,1002.1544897602,-75.2273962337351,50.4269090427608,1035.74256771823
"BIGKAT _ P77 _ Right _ 2",-72.5079869195521,17.8371539392273,1001.20816712995,-76.244358979712,53.2796402030529,1037.95424989568
"BIGKAT _ P77 _ Right _ 2",-72.2037392028896,17.1775941483496,1000.31206805627,-77.6174725729285,56.3387148049778,1040.15609269028
"BIGKAT _ P77 _ Right _ 2",-71.8907195141363,16.5529174075659,999.477316338094,-79.2963711111802,59.5012031447511,1042.25517834904
"BIGKAT _ P77 _ Right _ 2",-71.5398923502537,15.9371353689687,998.710698852527,-81.1744513150999,62.6337941123114,1044.17012717598
"BIGKAT _ P77 _ Right _ 2",-71.1368366033099,15.3152611220017,998.02996477833,-83.090343293173,65.5537281514826,1045.81720381695
"BIGKAT _ P77 _ Right _ 2",-70.6958763252122,14.7027516925811,997.474996050112,-84.840765444634,68.0209267445472,1047.09752308939
"BIGKAT _ P77 _ Right _ 2",-70.2659203694197,14.1555144912113,997.108256155083,-86.206499010028,69.7530928744747,1047.89423618142
"BIGKAT _ P77 _ Right _ 2",-69.9244883796895,13.7648204292406,997.002563396767,-86.9894544301801,70.4680974326089,1048.08513162633
"BIGKAT _ P77 _ Right _ 2",-69.7599794524752,13.6363606595788,997.219643068654,-87.0540921882197,69.9475280373687,1047.57009126334
"BIGKAT _ P77 _ Right _ 2",-69.84647201259,13.8585862333207,997.787040085991,-86.3628815359985,68.1053721791253,1046.3063712405
"BIGKAT _ P77 _ Right _ 2",-70.219002631944,14.4705509329468,998.682228610451,-84.9947291005936,65.0395608413399,1044.33990676153
"BIGKAT _ P77 _ Right _ 2",-70.8585540026967,15.4415016185079,999.830578313699,-83.1381444410551,61.0443002741269,1041.81933859978
"BIGKAT _ P77 _ Right _ 2",-71.6934133655921,16.6715152206162,1001.11893991299,-81.057371297237,56.5701643146581,1038.98263945026
"BIGKAT _ P77 _ Right _ 2",-72.6174134439919,18.0146094568309,1002.42078305789,-79.0386074638914,52.1365101398856,1036.1149893239
"BIGKAT _ P77 _ Right _ 2",-73.5184916845804,19.3162260115643,1003.62448022756,-77.3312797675675,48.2207473504207,1033.48886535948
"BIGKAT _ P77 _ Right _ 2",-74.3068023618386,20.4510171012166,1004.65555054677,-76.1015423780993,45.1603932101441,1031.30677758925
"BIGKAT _ P77 _ Right _ 2",-74.9325734931608,21.3478081512491,1005.4867381687,-75.4098957793899,43.0987829018279,1029.66693810357
"BIGKAT _ P77 _ Right _ 2",-75.3890095071032,21.9952214824081,1006.1347735939,-75.2152132450115,41.9865895328345,1028.56189951273
"BIGKAT _ P77 _ Right _ 2",-75.7015781491318,22.4293546712424,1006.64692089103,-75.3990027447724,41.6304097764733,1027.9064924898
"BIGKAT _ P77 _ Right _ 2",-75.9092266214231,22.7103668091283,1007.08248616774,-75.7998961011554,41.7667923319517,1027.58173022552
"BIGKAT _ P77 _ Right _ 2",-76.0445592369502,22.8966818567388,1007.49443730522,-76.2490714487583,42.137881193256,1027.47865143327
"BIGKAT _ P77 _ Right _ 2",-76.1192363762017,23.0244822137842,1007.91498479119,-76.6004964398594,42.5502541109962,1027.52907662054
"BIGKAT _ P77 _ Right _ 2",-76.1186523472165,23.0974465305137,1008.34721987583,-76.7533356260982,42.9072053051135,1027.71637490066
"BIGKAT _ P77 _ Right _ 2",-76.0070623150226,23.0883246989548,1008.763253913,-76.6661816941092,43.2133010638786,1028.06629413586
"BIGKAT _ P77 _ Right _ 2",-75.7413677135953,22.9507106135344,1009.10803870977,-76.3634823037103,43.55655663297,1028.62395837465
"BIGKAT _ P77 _ Right _ 2",-75.2893013430595,22.6368599859824,1009.30729554509,-75.934020202053,44.0771720083746,1029.42693685238
"BIGKAT _ P77 _ Right _ 2",-74.6463766100083,22.1161242890303,1009.27782712446,-75.5205138765278,44.9322393978394,1030.48474098435
"BIGKAT _ P77 _ Right _ 2",-73.846199258265,21.3888924362046,1008.93898090111,-75.2994199211756,46.2635710883323,1031.77169382656
"BIGKAT _ P77 _ Right _ 2",-72.9606356442099,20.4926730909482,1008.22496081385,-75.4514837344572,48.17205586344,1033.23390648326
"BIGKAT _ P77 _ Right _ 2",-72.0892106222095,19.4992313081036,1007.098380224,-76.1262774416284,50.6987957256064,1034.80510791584
"BIGKAT _ P77 _ Right _ 2",-71.3399609941492,18.5035936334782,1005.56503876203,-77.4068043349153,53.8121966844391,1036.42338750724
"BIGKAT _ P77 _ Right _ 2",-70.8061985932325,17.6071958264145,1003.68801710023,-79.281859332326,57.4008315079337,1038.04203769675
"BIGKAT _ P77 _ Right _ 2",-70.5451244404191,16.8989552292713,1001.59659382593,-81.6333146591676,61.27281849734,1039.63072033584
"BIGKAT _ P77 _ Right _ 2",-70.5646020243341,16.4393112333754,999.483977393426,-84.2428659714729,65.1628966181695,1041.16639554451
"BIGKAT _ P77 _ Right _ 2",-70.8227460708026,16.2519722877424,997.58906114945,-86.8187538723567,68.74845422609,1042.61657355547
"BIGKAT _ P77 _ Right _ 2",-71.24099478033,16.3254601727056,996.161653274836,-89.0385701810072,71.6755417243177,1043.92053312202
"BIGKAT _ P77 _ Right _ 2",-71.726374844231,16.6226099673938,995.416544920383,-90.6006016753542,73.5951164338684,1044.97643027052
"BIGKAT _ P77 _ Right _ 2",-72.195220948921,17.093180822884,995.486950749192,-91.2743343636722,74.2082768950581,1045.64237861173
"BIGKAT _ P77 _ Right _ 2",-72.5905375824465,17.6843463894342,996.389980781589,-90.9410897807083,73.3168607940915,1045.75660061389
"BIGKAT _ P77 _ Right _ 2",-72.8884756222765,18.3461366786196,998.014784610332,-89.6175875063966,70.8722197551432,1045.17562163659
"BIGKAT _ P77 _ Right _ 2",-73.094156855519,19.0323160133098,1000.13834202196,-87.4576015298402,67.0107708931086,1043.82170378068
"BIGKAT _ P77 _ Right _ 2",-73.2307990157437,19.699498630215,1002.46626526968,-84.7296981893984,62.0622452413766,1041.72419792752
"BIGKAT _ P77 _ Right _ 2",-73.3272786364992,20.3073195990793,1004.68882005111,-81.7729254618788,56.5185745661766,1039.03762705763
"BIGKAT _ P77 _ Right _ 2",-73.4081807146487,20.8208096655452,1006.5381296086,-78.9375170190878,50.9602971462876,1036.02463546405
"BIGKAT _ P77 _ Right _ 2",-73.4883404889559,21.2143208098463,1007.83266706135,-76.5229801955183,45.9522727590737,1033.00428353948
"BIGKAT _ P77 _ Right _ 2",-73.5720568601804,21.4754248631423,1008.49929321885,-74.7286069761623,41.9356319288458,1030.2809353923
"BIGKAT _ P77 _ Right _ 2",-73.6559959479964,21.6072123522205,1008.56955881507,-73.6288476745698,39.14909897322,1028.07819230212
"BIGKAT _ P77 _ Right _ 2",-73.734232178363,21.6280235193082,1008.1538444379,-73.178201739324,37.6040818331197,1026.50000497652
"BIGKAT _ P77 _ Right _ 2",-73.8037054067746,21.5685091254466,1007.40233864612,-73.2408751817086,37.1178888447316,1025.52872103451
"BIGKAT _ P77 _ Right _ 2",-73.8684789292855,21.4666543374233,1006.46426621284,-73.6339695290118,37.3893933643706,1025.05517665636
"BIGKAT _ P77 _ Right _ 2",-73.9414979887107,21.3617048600126,1005.45563557147,-74.1716150527077,38.0908087849598,1024.9263759349
"BIGKAT _ P77 _ Right _ 2",-74.0430510446909,21.2878488676972,1004.44201426838,-74.7003355152361,38.9496266104021,1024.99411238839
"BIGKAT _ P77 _ Right _ 2",-74.1958296920819,21.2683203718895,1003.43811310997,-75.1206523877847,39.8024246956848,1025.15130100126
"BIGKAT _ P77 _ Right _ 2",-74.4173453523157,21.3105501089908,1002.4216426222,-75.3943912957758,40.6125606659754,1025.34894673005
"BIGKAT _ P77 _ Right _ 2",-74.711393999153,21.4031532460756,1001.35578143341,-75.5401719460729,41.4534939266113,1025.59322779119
"BIGKAT _ P77 _ Right _ 2",-75.0610601193816,21.5157694418853,1000.21301005319,-75.6208735757903,42.466903850002,1025.92754924583
"BIGKAT _ P77 _ Right _ 2",-75.4261067295461,21.6027932409401,998.993179522163,-75.7268210002936,43.8091547626067,1026.40766924422
"BIGKAT _ P77 _ Right _ 2",-75.7471326299962,21.6115519923473,997.730622894508,-75.9576735563811,45.6006748293366,1027.07857750069
"BIGKAT _ P77 _ Right _ 2",-75.9572620631441,21.494300161421,996.488719614257,-76.4051605037823,47.8903776492455,1027.95968701565
"BIGKAT _ P77 _ Right _ 2",-75.9993653126999,21.2216065769966,995.34458509427,-77.1382857714482,50.6419832662154,1029.04097318954
"BIGKAT _ P77 _ Right _ 2",-75.8436883672428,20.7930009751079,994.36965175219,-78.1923999270419,53.7426683460761,1030.28865733638
"BIGKAT _ P77 _ Right _ 2",-75.4990612103667,20.2403622099621,993.612473528427,-79.5632759674441,57.0288706021446,1031.65637606208
"BIGKAT _ P77 _ Right _ 2",-75.012348571973,19.6214976024928,993.0884786467,-81.2067808869117,60.3204430144399,1033.09695118262
"BIGKAT _ P77 _ Right _ 2",-74.4555319212637,19.0053235967658,992.779067014743,-83.0439379373618,63.4530545567549,1034.57048790299
"BIGKAT _ P77 _ Right _ 2",-73.9053388181595,18.4540065775619,992.640242665561,-84.9702652193521,66.2999972863686,1036.04602562843
"BIGKAT _ P77 _ Right _ 2",-73.4234579518717,18.0089980167034,992.618712144437,-86.8674434387448,68.7782843868991,1037.49605095656
"BIGKAT _ P77 _ Right _ 2",-73.0445743876512,17.6861382542894,992.671076234307,-88.6149339641712,70.8390207044437,1038.88571201642
"BIGKAT _ P77 _ Right _ 2",-72.775624158338,17.4809242201783,992.780324366804,-90.0994595783847,72.4468113814987,1040.16096963468
"BIGKAT _ P77 _ Right _ 2",-72.6049068077266,17.3807387392141,992.96428948845,-91.2213614064613,73.5562793061201,1041.24108129334
"BIGKAT _ P77 _ Right _ 2",-72.515967016604,17.3781843379582,993.273003614396,-91.8985122532341,74.095178252362,1042.02002253626
"BIGKAT _ P77 _ Right _ 2",-72.499736891914,17.4795106453336,993.775083088652,-92.0700301258349,73.9627641865136,1042.37904785747
"BIGKAT _ P77 _ Right _ 2",-72.5597324975057,17.7042954375022,994.536293484524,-91.7024486145969,73.0484937717852,1042.20945142938
"BIGKAT _ P77 _ Right _ 2",-72.7085024919216,18.0761612252119,995.595562484028,-90.7993982330213,71.2696955491632,1041.44133752404
"BIGKAT _ P77 _ Right _ 2",-72.9575529343983,18.608131167793,996.944682999705,-89.4124521169141,68.618765635079,1040.07129060111
"BIGKAT _ P77 _ Right _ 2",-73.3058896451072,19.2888407372515,998.517800573357,-87.647343182698,65.2033919381079,1038.18005150369
"BIGKAT _ P77 _ Right _ 2",-73.7328373572869,20.0759876055692,1000.1952599619,-85.658849999023,61.2611278112155,1035.93198579447
"BIGKAT _ P77 _ Right _ 2",-74.1986565559258,20.9006847384557,1001.82297685319,-83.6309298008277,57.135519089136,1033.55237656331
"BIGKAT _ P77 _ Right _ 2",-74.6527678543575,21.6817574899824,1003.24341482989,-81.7452060906206,53.2148357640266,1031.2859379684
"BIGKAT _ P77 _ Right _ 2",-75.0460574298771,22.3447323518476,1004.32934635711,-80.1471057327258,49.8508794000733,1029.3476530712
"BIGKAT _ P77 _ Right _ 2",-75.3424030328683,22.8385589700878,1005.00973104672,-78.920809178035,47.2851955348205,1027.88093839196
"BIGKAT _ P77 _ Right _ 2",-75.5255780194467,23.1447166237433,1005.27992333136,-78.0804858190701,45.6067815505712,1026.93547835797
"BIGKAT _ P77 _ Right _ 2",-75.600107322849,23.2769997070947,1005.19466441164,-77.5785439769383,44.7512256564505,1026.46914791496
"BIGKAT _ P77 _ Right _ 2",-75.5870123971068,23.2737641640028,1004.84837281822,-77.3258270589254,44.5353386331136,1026.36992104461
"BIGKAT _ P77 _ Right _ 2",-75.5167051605493,23.1862605357227,1004.35028641132,-77.2162430095516,44.7118342965791,1026.48872937581
"BIGKAT _ P77 _ Right _ 2",-75.4214341522661,23.0667254836259,1003.80163307322,-77.1491248351419,45.0273256727527,1026.67382408698
"BIGKAT _ P77 _ Right _ 2",-75.3290571927985,22.9588282138756,1003.27953833061,-77.0452262179667,45.2710609210648,1026.79970809067
"BIGKAT _ P77 _ Right _ 2",-75.2590188255874,22.8916628121401,1002.82937825534,-76.8551494264121,45.3077650565945,1026.78705456496
"BIGKAT _ P77 _ Right _ 2",-75.2206213806966,22.8773031823273,1002.46482634275,-76.5611873605374,45.0930740316015,1026.61275979278
"BIGKAT _ P77 _ Right _ 2",-75.2131900331661,22.9112616891586,1002.17341107662,-76.1746214551052,44.6731496303258,1026.31078536086
"BIGKAT _ P77 _ Right _ 2",-75.2275766248677,22.9750269101603,1001.925012848,-75.7305157951829,44.1711646811642,1025.96484028261
"BIGKAT _ P77 _ Right _ 2",-75.2485365538974,23.0400314808231,1001.68109724667,-75.2813674085883,43.7632780518475,1025.69382078737
"BIGKAT _ P77 _ Right _ 2",-75.2576968955292,23.0726659494401,1001.40319435297,-74.8901294217644,43.6466055491614,1025.63099657857
"BIGKAT _ P77 _ Right _ 2",-75.2369567985587,23.0400718086447,1001.05981090231,-74.6225890113415,44.0024352441335,1025.89875585743
"BIGKAT _ P77 _ Right _ 2",-75.1721145997038,22.9162793726259,1000.63137033727,-74.53913049345,44.9597517578197,1026.5823726849
"BIGKAT _ P77 _ Right _ 2",-75.0562755001444,22.6878278729649,1000.11288769825,-74.6865102692614,46.5662524039674,1027.70814251154
"BIGKAT _ P77 _ Right _ 2",-74.8922460404308,22.3575307312244,999.514075650439,-75.0910269906438,48.7747190248701,1029.23208686539
"BIGKAT _ P77 _ Right _ 2",-74.6928975843981,21.9449087911012,998.856706381429,-75.7547854376087,51.4500176400337,1031.04389982261
"BIGKAT _ P77 _ Right _ 2",-74.4787311017628,21.4823981534854,998.169473941967,-76.6562170007802,54.396027514515,1032.98666653163
"BIGKAT _ P77 _ Right _ 2",-74.2728332896486,21.0078260398321,997.481251354234,-77.7548128491956,57.3950823470056,1034.88779834131
"BIGKAT _ P77 _ Right _ 2",-74.0947995732416,20.5553376171014,996.814312978101,-78.9987841625205,60.2486532572348,1036.59311765253
"BIGKAT _ P77 _ Right _ 2",-73.9561266558224,20.1479886689847,996.179495858411,-80.3336170093583,62.8087168488503,1037.99549190619
"BIGKAT _ P77 _ Right _ 2",-73.8591295397325,19.7947447436933,995.575013108378,-81.7094013690918,64.9935778732603,1039.05155936991
"BIGKAT _ P77 _ Right _ 2",-73.7995776676173,19.4926414616259,994.989520800445,-83.0853606902937,66.7875694994887,1039.78374058387
"BIGKAT _ P77 _ Right _ 2",-73.7711671524581,19.2324870658182,994.408537247293,-84.4309985080885,68.228627435318,1040.26853388692
"BIGKAT _ P77 _ Right _ 2",-73.7692318379157,19.0052486119348,993.822312928612,-85.7242315263955,69.3895192581685,1040.6148522768
"BIGKAT _ P77 _ Right _ 2",-73.7922037921751,18.8067637161817,993.233119692728,-86.9473454180031,70.3573796220758,1040.93737168001
"BIGKAT _ P77 _ Right _ 2",-73.8410918301529,18.6398797294545,992.66016128151,-88.0816399512245,71.2136909503774,1041.32990659337
"BIGKAT _ P77 _ Right _ 2",-73.9181589092213,18.5143194856309,992.140523698589,-89.1015806659489,72.0149434348121,1041.84327381842
"BIGKAT _ P77 _ Right _ 2",-74.0257686773438,18.4450171105591,991.725255593199,-89.9693211923088,72.7740343413148,1042.4710595191
"BIGKAT _ P77 _ Right _ 2",-74.1658081791774,18.4496652921616,991.471157814713,-90.6306981472033,73.4440745514567,1043.14517587069
"BIGKAT _ P77 _ Right _ 2",-74.339709207878,18.5460820134795,991.430405770663,-91.0144362349532,73.9089735655663,1043.74160166287
"BIGKAT _ P77 _ Right _ 2",-74.5487489799733,18.7496715676385,991.640575355657,-91.037076825173,73.9874774214717,1044.09591624919
"BIGKAT _ P77 _ Right _ 2",-74.7938875515077,19.0706974381801,992.116801482165,-90.6158944757702,73.4570258912133,1044.02799931024
"BIGKAT _ P77 _ Right _ 2",-75.0742589793403,19.5107523673614,992.846614376035,-89.6896869561872,72.0992115993206,1043.37448868127
"BIGKAT _ P77 _ Right _ 2",-75.3840625343021,20.0583113740356,993.787585532021,-88.2432178352691,69.7603188649675,1042.02531745178
"BIGKAT _ P77 _ Right _ 2",-75.7089456711832,20.6846074602928,994.86849261881,-86.3272883608394,66.411544146558,1039.9572050228
"BIGKAT _ P77 _ Right _ 2",-76.0241797084807,21.3423735710757,995.995364384499,-84.0653597043509,62.1884381958151,1037.25418517647
"BIGKAT _ P77 _ Right _ 2",-76.2968232393291,21.9699440487785,997.06324815542,-81.6407763021734,57.3914023680024,1034.10563217242
"BIGKAT _ P77 _ Right _ 2",-76.4922102273768,22.5012244844444,997.972490071144,-79.2653605684492,52.4396774384575,1030.77733488622
"BIGKAT _ P77 _ Right _ 2",-76.582543945017,22.8790422665477,998.645792215841,-77.1376576305588,47.7874982844208,1027.56009237304
"BIGKAT _ P77 _ Right _ 2",-76.5539885426723,23.0673043313547,999.041078342851,-75.4036639851622,43.8265233034574,1024.70952272896
"BIGKAT _ P77 _ Right _ 2",-76.4094051074013,23.0576287596755,999.15629862483,-74.1320090771644,40.8052530677184,1022.39536474511
"BIGKAT _ P77 _ Right _ 2",-76.1660593988318,22.8684885741324,999.025215859861,-73.3097421223339,38.7894414609406,1020.67524239705
"BIGKAT _ P77 _ Right _ 2",-75.8497235634539,22.5379060284968,998.706336260649,-72.8572899867168,37.6710165535512,1019.49818712308
"BIGKAT _ P77 _ Right _ 2",-75.4876260952832,22.1127978058963,998.268966075693,-72.6555101102477,37.2161951104196,1018.7327775434
"BIGKAT _ P77 _ Right _ 2",-75.1026043914022,21.6385373802952,997.780354271376,-72.5759328981165,37.1340207122946,1018.20857906701
"BIGKAT _ P77 _ Right _ 2",-74.7099990206155,21.1514580238306,997.296499364923,-72.5067616197647,37.1458601030772,1017.75880714229
"BIGKAT _ P77 _ Right _ 2",-74.3177575259113,20.6755592964094,996.857366332263,-72.3702941655603,37.0413025507897,1017.2550019466
"BIGKAT _ P77 _ Right _ 2",-73.9292222968084,20.2232231566412,996.485752053318,-72.1305861182012,36.7125707859288,1016.62863038393
"BIGKAT _ P77 _ Right _ 2",-73.5473609408494,19.798678816821,996.188269474132,-71.7924643834429,36.1653826710386,1015.87827640073
"BIGKAT _ P77 _ Right _ 2",-73.1788539864901,19.4024394478851,995.956959286031,-71.3941463112728,35.5081489336424,1015.06370763838
"BIGKAT _ P77 _ Right _ 2",-72.8365089788829,19.0349650032336,995.770690600177,-70.9959161175476,34.9236060749942,1014.28961087268
"BIGKAT _ P77 _ Right _ 2",-72.538899765085,18.6982764602897,995.596427764566,-70.6669996420519,34.6282721279353,1013.68258055823
"BIGKAT _ P77 _ Right _ 2",-72.3068684395646,18.3949956818112,995.391214144754,-70.4724125408743,34.8263079792294,1013.36547728433
"BIGKAT _ P77 _ Right _ 2",-72.1574492824529,18.125124608982,995.105994860851,-70.461400023703,35.6657420215397,1013.43369429431
"BIGKAT _ P77 _ Right _ 2",-72.0966780549058,17.8816123063504,994.691949739879,-70.6590990560404,37.2059241463289,1013.93782846904
"BIGKAT _ P77 _ Right _ 2",-72.1133801162533,17.6462129764073,994.108865712586,-71.062953956838,39.4041533123471,1014.87613379564
"BIGKAT _ P77 _ Right _ 2",-72.1761433861604,17.3872010641605,993.333626820329,-71.6449184480821,42.1256151486074,1016.19780602446
"BIGKAT _ P77 _ Right _ 2",-72.2351232056675,17.0601551727387,992.365883964684,-72.3594830287598,45.1745547366944,1017.81542947243
"BIGKAT _ P77 _ Right _ 2",-72.2291134764186,16.6122986199381,991.228240346742,-73.1561656577607,48.338211424331,1019.62300882579
"BIGKAT _ P77 _ Right _ 2",-72.0967401142122,15.9899445416262,989.96016173077,-73.9936301114264,51.4312381659466,1021.51547834766
"BIGKAT _ P77 _ Right _ 2",-71.7892494206775,15.147759135376,988.6074561955,-74.8516990147075,54.3288468853821,1023.40609279788
"BIGKAT _ P77 _ Right _ 2",-71.281762937735,14.0581772592614,987.211027286514,-75.7377971249551,56.9814083649681,1025.23891605606
"BIGKAT _ P77 _ Right _ 2",-70.5802700789867,12.7193885143408,985.798781036786,-76.6857722930281,59.409442350231,1026.99430845064
"BIGKAT _ P77 _ Right _ 2",-69.7227300723894,11.1604869678729,984.38339692951,-77.7470079912506,61.6831226321415,1028.68614295799
"BIGKAT _ P77 _ Right _ 2",-68.7739750250533,9.44249610619127,982.9669921263,-78.9755709561389,63.8929141778567,1030.3508791994
"BIGKAT _ P77 _ Right _ 2",-67.8154494230718,7.6545416011903,981.55197164806,-80.4102815360054,66.1177104476287,1032.03032832066
"BIGKAT _ P77 _ Right _ 2",-66.9322260650906,5.90591841693384,980.155601740837,-82.0568199756509,68.3950560263959,1033.75124733358
"BIGKAT _ P77 _ Right _ 2",-66.2008699585685,4.31653093599298,978.824162834755,-83.8726421401138,70.6964415989926,1035.50561175883
"BIGKAT _ P77 _ Right _ 2",-65.6816308048013,3.00854974510822,977.641423009928,-85.7573831228384,72.9106053763116,1037.23585041078
"BIGKAT _ P77 _ Right _ 2",-65.4164776325851,2.10020965138219,976.726495296517,-87.5520766011627,74.8393728152039,1038.82945921631
"BIGKAT _ P77 _ Right _ 2",-65.4314346354368,1.69960446420167,976.218575420578,-89.0512927374549,76.2122440262125,1040.12662144919
"BIGKAT _ P77 _ Right _ 2",-65.7394763579217,1.89462879727671,976.250099029236,-90.0315017588558,76.7250785579484,1040.94228783162
"BIGKAT _ P77 _ Right _ 2",-66.3403949895604,2.73672223161658,976.913744128836,-90.295021047888,76.1027767769198,1041.10088265506
"BIGKAT _ P77 _ Right _ 2",-67.2164962642271,4.220477981865,978.230954145312,-89.7219142775863,74.1760484856055,1040.47799044722
"BIGKAT _ P77 _ Right _ 2",-68.326325083482,6.2661774498459,980.130392484728,-88.3148076498725,70.9515169851301,1039.03951824842
"BIGKAT _ P77 _ Right _ 2",-69.601072735244,8.71496065220127,982.44449146775,-86.2183386241405,66.6483100282222,1036.86597082299
"BIGKAT _ P77 _ Right _ 2",-70.9484038436041,11.344438133177,984.929838595659,-83.700168990683,61.6789804100053,1034.15004257071
"BIGKAT _ P77 _ Right _ 2",-72.2656248985079,13.9055944894613,987.310568440331,-81.0945183656851,56.5704362075717,1031.16233346626
"BIGKAT _ P77 _ Right _ 2",-73.4594503031751,16.1721400442388,989.33424904949,-78.7256615571086,51.845722841893,1028.19207849835
"BIGKAT _ P77 _ Right _ 2",-74.4657089095101,17.9863347021952,990.822543126017,-76.8377045258723,47.9062180138956,1025.48146495088
"BIGKAT _ P77 _ Right _ 2",-75.2617301336269,19.2857849793721,991.700024194289,-75.5526488969072,44.9537569861021,1023.17566442455
"BIGKAT _ P77 _ Right _ 2",-75.8671888565972,20.1037915441536,991.993989064363,-74.8651333212452,42.973808103232,1021.3036915999
"BIGKAT _ P77 _ Right _ 2",-76.3337167614931,20.5461544461263,991.80979883278,-74.6682670983972,41.776627801966,1019.79276473535
"BIGKAT _ P77 _ Right _ 2",-76.7270720339471,20.7543128047754,991.293716729237,-74.7969953213029,41.0761067020937,1018.50818939621
"BIGKAT _ P77 _ Right _ 2",-77.1070819496108,20.8664596144988,990.596288865232,-75.0743651243961,40.5801247087045,1017.30539690097
"BIGKAT _ P77 _ Right _ 2",-77.5103236070464,20.9861705445453,989.845738090447,-75.3495766530706,40.0691127946906,1016.08015098363
"BIGKAT _ P77 _ Right _ 2",-77.9393453893359,21.1642433866022,989.135351831464,-75.5219719192354,39.4468552619772,1014.80527569065
"BIGKAT _ P77 _ Right _ 2",-78.3606872382805,21.3954597774116,988.523647222602,-75.5500246585204,38.756048283585,1013.54608571792
"BIGKAT _ P77 _ Right _ 2",-78.7122644032648,21.6287095561931,988.042542946765,-75.4477894584382,38.1589407933915,1012.45121935305
"BIGKAT _ P77 _ Right _ 2",-78.9188887013979,21.7866314855795,987.707424892202,-75.2728592067602,37.8898720609573,1011.72046487878
"BIGKAT _ P77 _ Right _ 2",-78.9128599480068,21.7895730004792,987.52380545348,-75.1099947783662,38.1915846843657,1011.55620283036
"BIGKAT _ P77 _ Right _ 2",-78.6548950630341,21.578183123931,987.487748562664,-75.0538552215569,39.2505548543752,1012.10964195148
"BIGKAT _ P77 _ Right _ 2",-78.1497078906791,21.1294419827558,987.580586445722,-75.1932777971921,41.147268620232,1013.43576230029
"BIGKAT _ P77 _ Right _ 2",-77.4510736743316,20.4626238641875,987.761701569658,-75.5987068908883,43.8340173261746,1015.47000470102
"BIGKAT _ P77 _ Right _ 2",-76.6537286243482,19.6344729966088,987.965093246558,-76.3137516488747,47.1451459198391,1018.03432265498
"BIGKAT _ P77 _ Right _ 2",-75.8735259213288,18.7259247196787,988.104896295599,-77.3513956480162,50.8350482839446,1020.87158485989
"BIGKAT _ P77 _ Right _ 2",-75.2213159092222,17.8248565005032,988.091519854969,-78.6949052397098,54.6314724897407,1023.69880645935
"BIGKAT _ P77 _ Right _ 2",-74.7782180537154,17.0098369976982,987.854821420772,-80.3027660626507,58.288716749559,1026.26449245269
"BIGKAT _ P77 _ Right _ 2",-74.5794171793885,16.3386571526972,987.36639400624,-82.1160561741829,61.6273499726235,1028.39496949452
"BIGKAT _ P77 _ Right _ 2",-74.6106885360742,15.8432091665033,986.652156448118,-84.0660112642928,64.5525748601757,1030.01870707864
"BIGKAT _ P77 _ Right _ 2",-74.8176524154331,15.5300340403014,985.789706239756,-86.079655008919,67.0499382022006,1031.16466367378
"BIGKAT _ P77 _ Right _ 2",-75.1237775613328,15.38456891656,984.890829143703,-88.08227433946,69.1626029580118,1031.93798899743
"BIGKAT _ P77 _ Right _ 2",-75.4508999566985,15.3771965142839,984.075350432398,-89.9968455119011,70.9576321837617,1032.48147481676
"BIGKAT _ P77 _ Right _ 2",-75.7362993912516,15.4701489756787,983.445505740848,-91.7418589298097,72.4897692142874,1032.9330023
"BIGKAT _ P77 _ Right _ 2",-75.9427261844744,15.6251276265313,983.069102832041,-93.2299016602329,73.7707192110769,1033.38843916301
"BIGKAT _ P77 _ Right _ 2",-76.0607957799906,15.8114269606753,982.975752123009,-94.3693449624648,74.7505028267669,1033.8770149311
"BIGKAT _ P77 _ Right _ 2",-76.1054487796133,16.0134747411576,983.165220930024,-95.0704904356649,75.315422731898,1034.35306879068
"BIGKAT _ P77 _ Right _ 2",-76.1090111090815,16.2357181459511,983.622398720317,-95.2561776829155,75.3048198295998,1034.70512171545
"BIGKAT _ P77 _ Right _ 2",-76.1129330282866,16.5024441271115,984.330946933125,-94.8757783882852,74.5459831651369,1034.78095379362
"BIGKAT _ P77 _ Right _ 2",-76.1592553248372,16.850904763797,985.27845225979,-93.9205861940457,72.9027315921649,1034.42521943583
"BIGKAT _ P77 _ Right _ 2",-76.2821994223416,17.3181869557539,986.450030846553,-92.437346024298,70.3280226708375,1033.52318265515
"BIGKAT _ P77 _ Right _ 2",-76.5006245869685,17.9252077316886,987.813605002458,-90.535115892225,66.9056554000335,1032.04059472736
"BIGKAT _ P77 _ Right _ 2",-76.8130759295589,18.6637177802595,989.305531012868,-88.3799908608969,62.863876651789,1030.04736627407
"BIGKAT _ P77 _ Right _ 2",-77.1975879333818,19.4924038687684,990.826563792322,-86.1742734433442,58.5484696536693,1027.71419122511
"BIGKAT _ P77 _ Right _ 2",-77.6173624309356,20.3450341492488,992.253809395039,-84.1222395037079,54.3562716339291,1025.2786623754
"BIGKAT _ P77 _ Right _ 2",-78.0310729802089,21.1481659314984,993.466060103172,-82.3914968916125,50.6475015853371,1022.98933282551
"BIGKAT _ P77 _ Right _ 2",-78.4042261089354,21.8413084128534,994.372423421342,-81.0824497172629,47.666738501456,1021.04654665147
"BIGKAT _ P77 _ Right _ 2",-78.7173602554872,22.3915154319987,994.93234905677,-80.215584972527,45.4997160210643,1019.56064380258
"BIGKAT _ P77 _ Right _ 2",-78.9683322374381,22.7974787151856,995.159951274246,-79.7389347805329,44.0777404780514,1018.53995996338
"BIGKAT _ P77 _ Right _ 2",-79.1684539526653,23.0829546822009,995.113047222158,-79.550831856231,43.2232329005779,1017.90857390361
"BIGKAT _ P77 _ Right _ 2",-79.334378855491,23.2831282823028,994.872894732375,-79.5294029893247,42.7177994172654,1017.54403651774
"BIGKAT _ P77 _ Right _ 2",-79.478718621407,23.4291575828808,994.522338651728,-79.5604865160641,42.3711040255261,1017.32140075264
"BIGKAT _ P77 _ Right _ 2",-79.6024340017451,23.5358854369871,994.128725542674,-79.5582828328209,42.0724777783312,1017.15091269706
"BIGKAT _ P77 _ Right _ 2",-79.691364603725,23.5962183727939,993.735074294697,-79.4763256198882,41.8143467788488,1017.00061633122
"BIGKAT _ P77 _ Right _ 2",-79.7180960804997,23.5835580651676,993.359887589429,-79.3091265293262,41.6846736156433,1016.90008416264
"BIGKAT _ P77 _ Right _ 2",-79.6489259959459,23.4613905373363,993.003492927936,-79.0865710379779,41.8331297863257,1016.92634494869
"BIGKAT _ P77 _ Right _ 2",-79.4542115837409,23.197089578075,992.657349441079,-78.8638099064687,42.4216978415717,1017.17713613689
"BIGKAT _ P77 _ Right _ 2",-79.1191781403744,22.775604621867,992.312498948074,-78.7092811823654,43.573980586736,1017.73935035166
"BIGKAT _ P77 _ Right _ 2",-78.6517691493245,22.2084921994808,991.964249925697,-78.6929727534477,45.3375425846431,1018.66141437151
"BIGKAT _ P77 _ Right _ 2",-78.0847559923492,21.5351121166256,991.61205522155,-78.8763713043766,47.669176918173,1019.93687994434
"BIGKAT _ P77 _ Right _ 2",-77.4711476135605,20.8155199562747,991.255822268302,-79.3048662022853,50.4448706130859,1021.50298260084
"BIGKAT _ P77 _ Right _ 2",-76.874262945802,20.1175107547973,990.891582257541,-80.0027210876873,53.4879503263235,1023.25362321761
"BIGKAT _ P77 _ Right _ 2",-76.3554436091649,19.5019753649417,990.509570161879,-80.9702226040879,56.6046299399933,1025.06269179267
"BIGKAT _ P77 _ Right _ 2",-75.9624955740161,19.0106088503056,990.096252288454,-82.1825544014232,59.6171793736337,1026.81163563583
"BIGKAT _ P77 _ Right _ 2",-75.7209449725044,18.6586326843025,989.639715672453,-83.5904225390191,62.3886819114575,1028.41457289125
"BIGKAT _ P77 _ Right _ 2",-75.6292028627317,18.4335992205623,989.136331262406,-85.1230222779591,64.8366662770038,1029.83481104905
"BIGKAT _ P77 _ Right _ 2",-75.6583672213884,18.3001389682019,988.596201354293,-86.6938600935335,66.9346893643245,1031.08828956261
"BIGKAT _ P77 _ Right _ 2",-75.7572537657882,18.2096358594683,988.045424035445,-88.2089129548178,68.7018787383151,1032.23213680761
"BIGKAT _ P77 _ Right _ 2",-75.8626597293572,18.1130017195802,987.524357228942,-89.5751150509375,70.1814205472093,1033.3398536631
"BIGKAT _ P77 _ Right _ 2",-75.9136002289399,17.9739168903645,987.082479002686,-90.7063507005826,71.4106481437602,1034.46800141424
"BIGKAT _ P77 _ Right _ 2",-75.8665917985032,17.7793389947372,986.771505093358,-91.5250755551126,72.3881598966397,1035.62203279659
"BIGKAT _ P77 _ Right _ 2",-75.7076276649671,17.5441334112733,986.638536255048,-91.9604390841482,73.0467619944674,1036.73056003206
"BIGKAT _ P77 _ Right _ 2",-75.4562562733159,17.3077136838876,986.720145344787,-91.9468892185291,73.2430779339928,1037.63739091359
"BIGKAT _ P77 _ Right _ 2",-75.1590388049696,17.1226882276228,987.037222516747,-91.42843164138,72.7730375627398,1038.11827497013
"BIGKAT _ P77 _ Right _ 2",-74.873545857333,17.0382230615703,987.590049450208,-90.3715120790796,71.4161073282333,1037.92380459809
"BIGKAT _ P77 _ Right _ 2",-74.6483380977617,17.0831464153596,988.353834292208,-88.7844417204894,69.0012308289139,1036.84180904968
"BIGKAT _ P77 _ Right _ 2",-74.5066722042444,17.2546329080134,989.27625694196,-86.7358332184285,65.4771614730379,1034.76403801534
"BIGKAT _ P77 _ Right _ 2",-74.4404649272865,17.5169396022979,990.279413575847,-84.3618400207004,60.9635236900575,1031.73639107224
"BIGKAT _ P77 _ Right _ 2",-74.4166811274102,17.8112343299406,991.268015307258,-81.8544831774172,55.7607537867578,1027.97310605701
"BIGKAT _ P77 _ Right _ 2",-74.3927796904811,18.0731467817537,992.143587160623,-79.4308139687512,50.3087117579638,1023.825082612
"BIGKAT _ P77 _ Right _ 2",-74.3339288892077,18.2513129817312,992.821637229284,-77.2914691844332,45.1018907065287,1019.7084077096
"BIGKAT _ P77 _ Right _ 2",-74.224603073519,18.3199428313579,993.246966655289,-75.5822237238015,40.5859242040203,1016.01419630121
"BIGKAT _ P77 _ Right _ 2",-74.0708972319807,18.2816797685945,993.40256617168,-74.3706893167731,37.0673756975402,1013.02761130136
"BIGKAT _ P77 _ Right _ 2",-73.8948503203342,18.1616440597284,993.309647273622,-73.6438076036559,34.6631179070653,1010.87935401034
"BIGKAT _ P77 _ Right _ 2",-73.7251060786235,17.9966991278809,993.019196429962,-73.3240949586491,33.300154019394,1009.53996569316
"BIGKAT _ P77 _ Right _ 2",-73.5882226963174,17.8244327831495,992.597879812315,-73.2970862358903,32.75929337856,1008.85254458865
"BIGKAT _ P77 _ Right _ 2",-73.503026420993,17.6749088395325,992.112359978554,-73.440594686243,32.7442912710077,1008.58916957927
"BIGKAT _ P77 _ Right _ 2",-73.4783279154926,17.5663395131609,991.615903833772,-73.6479563407689,32.9550969674701,1008.51312764307
"BIGKAT _ P77 _ Right _ 2",-73.5130462004078,17.5043495072172,991.139974444362,-73.8409628768591,33.1480373590363,1008.43181000093
"BIGKAT _ P77 _ Right _ 2",-73.5974418672506,17.4837180214375,990.69196028495,-73.9720911811177,33.1732264315031,1008.23089760987
"BIGKAT _ P77 _ Right _ 2",-73.7144992293987,17.4913335891514,990.258791950212,-74.0187081822042,32.9868583386812,1007.88652108119
"BIGKAT _ P77 _ Right _ 2",-73.8411689876768,17.5093794279077,989.815135909685,-73.9735641424881,32.6414494466706,1007.45692409124
"BIGKAT _ P77 _ Right _ 2",-73.9498428922389,17.5182376091241,989.334147089515,-73.8359951640354,32.26008776202,1007.05834037198
"BIGKAT _ P77 _ Right _ 2",-74.0107914376225,17.499030365486,988.798344830209,-73.6070972041456,32.0018011010223,1006.83156159976
"BIGKAT _ P77 _ Right _ 2",-73.9961729598173,17.435946661319,988.208026182926,-73.2901783126323,32.0250924005313,1006.90648378013
"BIGKAT _ P77 _ Right _ 2",-73.8855808341307,17.3184738819178,987.58482793903,-72.8956131750214,32.4561361768779,1007.37198168335
"BIGKAT _ P77 _ Right _ 2",-73.6720866878146,17.1434280326287,986.968792099029,-72.4474126321387,33.3671300762958,1008.25746559276
"BIGKAT _ P77 _ Right _ 2",-73.3667771851746,16.916410656489,986.408810577327,-71.9879305076358,34.7683587461498,1009.52983564445
"BIGKAT _ P77 _ Right _ 2",-72.9995206724718,16.6521605525627,985.948592352531,-71.5775377075706,36.6143048309186,1011.10531816365
"BIGKAT _ P77 _ Right _ 2",-72.6146006103588,16.3731964032499,985.612564946368,-71.2878212587853,38.8203103066359,1012.87129395013
"BIGKAT _ P77 _ Right _ 2",-72.2616043612231,16.1061257241034,985.396976484887,-71.1894007816706,41.2835465251251,1014.7108530386
"BIGKAT _ P77 _ Right _ 2",-71.9836103639575,15.8753143013898,985.269878120576,-71.3377703928206,43.9018395102255,1016.52350174271
"BIGKAT _ P77 _ Right _ 2",-71.8056152171437,15.6946842602704,985.18018231786,-71.7615756799389,46.586117701042,1018.23834783118
"BIGKAT _ P77 _ Right _ 2",-71.7263456874694,15.560034439633,985.07248201154,-72.4569270899396,49.2653962134004,1019.81924228182
"BIGKAT _ P77 _ Right _ 2",-71.7162527660849,15.4454495244064,984.902448590319,-73.3891415352069,51.8857285032577,1021.26316376121
"BIGKAT _ P77 _ Right _ 2",-71.7233321715996,15.3069751386929,984.647859981854,-74.5007230018086,54.4057657810396,1022.59335052185
"BIGKAT _ P77 _ Right _ 2",-71.6863361912517,15.0943552633121,984.312215747937,-75.7225086249729,56.7914517712949,1023.8483135834
"BIGKAT _ P77 _ Right _ 2",-71.5524880793235,14.7680127606447,983.920708782388,-76.9843357876464,59.0112942941472,1025.06800973597
"BIGKAT _ P77 _ Right _ 2",-71.2948719989704,14.3154829485383,983.510978729895,-78.2223832601787,61.0325042911839,1026.279380355
"BIGKAT _ P77 _ Right _ 2",-70.9239580843392,13.7609993450123,983.122486834601,-79.3821762781222,62.8181975937861,1027.48463577269
"BIGKAT _ P77 _ Right _ 2",-70.488748350287,13.1642026761349,982.788127739586,-80.4184424861372,64.3269355787413,1028.65614766083
"BIGKAT _ P77 _ Right _ 2",-70.0660222490146,12.6078353430724,982.53024923593,-81.2944830471802,65.5167363680216,1029.74071102754
"BIGKAT _ P77 _ Right _ 2",-69.7404119592079,12.1781694557426,982.361218289467,-81.9834984533435,66.3546705512316,1030.67311035698
"BIGKAT _ P77 _ Right _ 2",-69.5816254313844,11.9443030521163,982.286627646007,-82.4724291115375,66.8302281029241,1031.39538889168
"BIGKAT _ P77 _ Right _ 2",-69.6261063327514,11.9424063006838,982.308088334184,-82.7665805637604,66.9676021742375,1031.87562473278
"BIGKAT _ P77 _ Right _ 2",-69.8684543591031,12.1688129283601,982.423391399486,-82.8919908008401,66.8308014675298,1032.11964125507
"BIGKAT _ P77 _ Right _ 2",-70.2643948857487,12.5829493527976,982.62461707317,-82.8926966758953,66.5166681556259,1032.17115288156
"BIGKAT _ P77 _ Right _ 2",-70.7435871010975,13.1187157513092,982.897563384476,-82.8215622540669,66.1340350814421,1032.0994396276
"BIGKAT _ P77 _ Right _ 2",-71.2279986084001,13.7012603716084,983.226127892309,-82.725776347056,65.7718971892419,1031.97729222381
"BIGKAT _ P77 _ Right _ 2",-71.6503710931868,14.2648189007893,983.602195395628,-82.6309895035232,65.4647788064941,1031.85480880528
"BIGKAT _ P77 _ Right _ 2",-71.9677051271037,14.7666933962707,984.036967489493,-82.5302049368459,65.1674797290581,1031.73659082852
"BIGKAT _ P77 _ Right _ 2",-72.1666336334786,15.1933447673672,984.566776693596,-82.3832770467926,64.7512932410092,1031.57052547893
"BIGKAT _ P77 _ Right _ 2",-72.2604235804618,15.5572415352518,985.247630567131,-82.1292469673473,64.0280403796085,1031.25433432314
"BIGKAT _ P77 _ Right _ 2",-72.2800634345327,15.886497372521,986.137685244188,-81.7080184774663,62.7984569293893,1030.66079029568
"BIGKAT _ P77 _ Right _ 2",-72.2632962550371,16.2116593684885,987.272778570483,-81.0832446622893,60.911936810365,1029.67558143479
"BIGKAT _ P77 _ Right _ 2",-72.2449772148133,16.5541744684419,988.643941171904,-80.2575795638095,58.3196727328497,1028.23640233
"BIGKAT _ P77 _ Right _ 2",-72.2503933423404,16.9194641865192,990.185825038937,-79.2749654595359,55.1045628791546,1026.36051538029
"BIGKAT _ P77 _ Right _ 2",-72.2916592261799,17.2955268263768,991.781490388039,-78.2101422283626,51.4777501317755,1024.15122927427
"BIGKAT _ P77 _ Right _ 2",-72.3669526592722,17.6565611590674,993.283461282481,-77.1501047423621,47.7409260561152,1021.78019946649
"BIGKAT _ P77 _ Right _ 2",-72.4626444582607,17.9702487869035,994.545319943212,-76.1740655249068,44.2233822396246,1019.4501211451
"BIGKAT _ P77 _ Right _ 2",-72.5580895433832,18.2065966791966,995.454253077927,-75.3377219203808,41.211062439356,1017.34894731561
"BIGKAT _ P77 _ Right _ 2",-72.6317887395901,18.3457275478911,995.954522522904,-74.6653413251653,38.8883098578337,1015.60963664432
"BIGKAT _ P77 _ Right _ 2",-72.6668849963121,18.3823405630295,996.055345632537,-74.150371027055,37.3086423398865,1014.28685396132
"BIGKAT _ P77 _ Right _ 2",-72.654372632165,18.3259040536196,995.822556205816,-73.7627796487763,36.3998839142758,1013.35511784226
"BIGKAT _ P77 _ Right _ 2",-72.5936056890444,18.1972459036876,995.358639574441,-73.4598702308784,35.9971986490226,1012.72545100633
"BIGKAT _ P77 _ Right _ 2",-72.4907774248091,18.0231923862701,994.778090769021,-73.1971746123636,35.8907409567812,1012.27312270267
"BIGKAT _ P77 _ Right _ 2",-72.3565067576656,17.8310038478693,994.184460978418,-72.9369464715902,35.8741562330585,1011.86837186534
"BIGKAT _ P77 _ Right _ 2",-72.203547743794,17.6438521646613,993.653248250194,-72.6531090769702,35.7838558471978,1011.40376742551
"BIGKAT _ P77 _ Right _ 2",-72.0451881686934,17.4778952975709,993.222348906375,-72.3327457012326,35.5239499577073,1010.81440202297
"BIGKAT _ P77 _ Right _ 2",-71.894378944128,17.3409320467861,992.889970392823,-71.9750350295779,35.075933075,1010.08926288533
"BIGKAT _ P77 _ Right _ 2",-71.7632350448311,17.2323125848989,992.61897552998,-71.5888430508648,34.4948133059304,1009.27342068608
"BIGKAT _ P77 _ Right _ 2",-71.6623929895196,17.1437470798882,992.346394952246,-71.1900643256212,33.8944355028257,1008.46126358794
"BIGKAT _ P77 _ Right _ 2",-71.5998375148377,17.0608052050609,991.996880227769,-70.7994288337493,33.4249325391006,1007.78138464292
"BIGKAT _ P77 _ Right _ 2",-71.5791757475981,16.9650914673122,991.498731805935,-70.4410447659427,33.2453546421775,1007.37447100371
"BIGKAT _ P77 _ Right _ 2",-71.5978183383196,16.8371723928044,990.80057172566,-70.1415775633341,33.4950993343689,1007.36694548991
"BIGKAT _ P77 _ Right _ 2",-71.6459368016932,16.6602252859129,989.88582959673,-69.9297222357234,34.2686902790723,1007.84493446824
"BIGKAT _ P77 _ Right _ 2",-71.707175684343,16.4240596952594,988.781460336274,-69.835452804946,35.5988749955998,1008.83447573503
"BIGKAT _ P77 _ Right _ 2",-71.761692753394,16.1287164645779,987.557495642738,-69.8883670755863,37.4517944670724,1010.29350705692
"BIGKAT _ P77 _ Right _ 2",-71.7911442748414,15.7864748820499,986.315813085833,-70.1144383437986,39.7349008229891,1012.11849497631
"BIGKAT _ P77 _ Right _ 2",-71.7841180515089,15.4211249815338,985.169755434589,-70.5310242779232,42.3147783312541,1014.16441632661
"BIGKAT _ P77 _ Right _ 2",-71.7400330939228,15.0641113080648,984.21965031776,-71.1411932465669,45.0399710973788,1016.27297694179
"BIGKAT _ P77 _ Right _ 2",-71.6701999011693,14.7485142497777,983.531050786479,-71.9296340688611,47.7638658710739,1018.30181144343
"BIGKAT _ P77 _ Right _ 2",-71.5961247634058,14.5029796624384,983.121647770305,-72.8625052275044,50.3636767799173,1020.14737111771
"BIGKAT _ P77 _ Right _ 2",-71.5461186287611,14.3476721445475,982.959827125555,-73.8921827028631,52.7528034123274,1021.75622945936
"BIGKAT _ P77 _ Right _ 2",-71.5511696241171,14.2930386292927,982.974257864461,-74.9658851816911,54.8853431548183,1023.12323510822
"BIGKAT _ P77 _ Right _ 2",-71.6402743149462,14.3406008951926,983.071148438807,-76.0358519130806,56.7534061505619,1024.27915203655
"BIGKAT _ P77 _ Right _ 2",-71.8349583904644,14.4842248920746,983.154635660244,-77.0685066402926,58.3794096317894,1025.27337927318
"BIGKAT _ P77 _ Right _ 2",-72.1431413387932,14.7106730990023,983.146024730643,-78.0503535089124,59.8058910748759,1026.15774350576
"BIGKAT _ P77 _ Right _ 2",-72.5536139781506,14.9993236682178,982.998498883149,-78.988837946813,61.0846953707487,1026.97531904171
"BIGKAT _ P77 _ Right _ 2",-73.0334262777173,15.3220488253171,982.704839071108,-79.9073321654584,62.2666044125986,1027.75521791872
"BIGKAT _ P77 _ Right _ 2",-73.5305591082346,15.644780255,982.296782215469,-80.8350450105964,63.3922753183514,1028.51210199092
"BIGKAT _ P77 _ Right _ 2",-73.9828952319783,15.9318939568603,981.836360000533,-81.7945756704638,64.4856080780756,1029.24866112149
"BIGKAT _ P77 _ Right _ 2",-74.3319839413716,16.153246817255,981.401699661028,-82.7910735678354,65.5508194302547,1029.95992137659
"BIGKAT _ P77 _ Right _ 2",-74.5375741895905,16.2920454895979,981.071347777076,-83.8067332807926,66.5740692093532,1030.63869778966
"BIGKAT _ P77 _ Right _ 2",-74.5879542249038,16.3506992212812,980.911270080996,-84.8024798239654,67.5292146866694,1031.28102307122
"BIGKAT _ P77 _ Right _ 2",-74.5026227309883,16.3522027705893,980.967207388292,-85.7258457528589,68.3853780644957,1031.88942116816
"BIGKAT _ P77 _ Right _ 2",-74.3269486354322,16.3363328349439,981.26282911994,-86.521537030181,69.1124922284505,1032.47156745789
"BIGKAT _ P77 _ Right _ 2",-74.1213824508238,16.3520001293469,981.802171125748,-87.1403654913835,69.6811985754314,1033.03292508139
"BIGKAT _ P77 _ Right _ 2",-73.9490152797777,16.4482796574925,982.573883926623,-87.5435676754118,70.0559885053015,1033.56428602681
"BIGKAT _ P77 _ Right _ 2",-73.8647261666586,16.6664496172086,983.555078549871,-87.7022700537623,70.1843602600432,1034.02795779612
"BIGKAT _ P77 _ Right _ 2",-73.9076447498882,17.0342468218661,984.713733623853,-87.5944621254479,69.9880061804506,1034.3483564989
"BIGKAT _ P77 _ Right _ 2",-74.0971370152168,17.5623824132171,986.009901812595,-87.2029535631997,69.3628377454787,1034.41286465143
"BIGKAT _ P77 _ Right _ 2",-74.4316332105742,18.2428339372715,987.396566278543,-86.5169929494949,68.1923904094872,1034.08659071175
"BIGKAT _ P77 _ Right _ 2",-74.8895316334981,19.0486271091289,988.820845995316,-85.5380732557848,66.3746437287168,1033.24057195431
"BIGKAT _ P77 _ Right _ 2",-75.4318087524563,19.9352694030148,990.225742951103,-84.2880325352918,63.857144723398,1031.78802242947
"BIGKAT _ P77 _ Right _ 2",-76.0063117639793,20.8441464032919,991.55228302602,-82.8158871459772,60.6709893396604,1029.71887327684
"BIGKAT _ P77 _ Right _ 2",-76.5537152622338,21.7079791325984,992.742090886902,-81.1994699572867,56.9517712843717,1027.12080694846
"BIGKAT _ P77 _ Right _ 2",-77.0148542181958,22.4581828134843,993.740978673675,-79.5390960070987,52.9363863136782,1024.17687329931
"BIGKAT _ P77 _ Right _ 2",-77.3387384635783,23.0336890961866,994.504222500469,-77.9431240814619,48.9302171707152,1021.13621796655
"BIGKAT _ P77 _ Right _ 2",-77.4900467207868,23.3901437677947,995.003211895748,-76.5087506277577,45.2496700590974,1018.26398477715
"BIGKAT _ P77 _ Right _ 2",-77.4544340400577,23.5074181922756,995.231517665772,-75.3039768811278,42.1562477385201,1015.78513897414
"BIGKAT _ P77 _ Right _ 2",-77.2400066709527,23.392925337962,995.207535176428,-74.3566561967887,39.8035579494683,1013.83997904437
"BIGKAT _ P77 _ Right _ 2",-76.8742120947265,23.0791528657842,994.971782046001,-73.6536640874179,38.213809588115,1012.46425812761
"BIGKAT _ P77 _ Right _ 2",-76.3968986304676,22.615858876195,994.579189174642,-73.1492887902241,37.2882652537868,1011.59685451502
"BIGKAT _ P77 _ Right _ 2",-75.8515695699477,22.0592745140889,994.088765852516,-72.7790927028626,36.8441341079065,1011.1084784773
"BIGKAT _ P77 _ Right _ 2",-75.2772220984779,21.4613837326819,993.553715213904,-72.4747446428848,36.664094216718,1010.84009634247
"BIGKAT _ P77 _ Right _ 2",-74.7026296483376,20.8618344407784,993.014440654914,-72.1762978244562,36.5447204126665,1010.6400117393
"BIGKAT _ P77 _ Right _ 2",-74.1439492258436,20.2838583770522,992.495588615281,-71.84013134615,36.3340650874339,1010.3919118914
"BIGKAT _ P77 _ Right _ 2",-73.6055639015624,19.734346293402,992.006972865084,-71.4424330887059,35.9536419328128,1010.03042262822
"BIGKAT _ P77 _ Right _ 2",-73.083363919324,19.2072955704398,991.547301020922,-70.979184645339,35.4042310917156,1009.54429427309
"BIGKAT _ P77 _ Right _ 2",-72.5693072972777,18.68933197466,991.109201848616,-70.4639739693368,34.7575336625912,1008.96958685763
"BIGKAT _ P77 _ Right _ 2",-72.0560481488918,18.1658619248406,990.684086999264,-69.9247394247738,34.1369153919234,1008.37614790806
"BIGKAT _ P77 _ Right _ 2",-71.5405947209935,17.626525221714,990.265739712835,-69.4000294114598,33.6909448783739,1007.85070759925
"BIGKAT _ P77 _ Right _ 2",-71.0262757351845,17.0688864101499,989.852050445958,-68.9348737738676,33.5638453995278,1007.47959748179
"BIGKAT _ P77 _ Right _ 2",-70.5226952410956,16.4996739393508,989.444879899197,-68.5761640812166,33.8676700906672,1007.33381172033
"BIGKAT _ P77 _ Right _ 2",-70.0438119472943,15.9333630587159,989.048523568612,-68.3676219003424,34.6616364043112,1007.4588874986
"BIGKAT _ P77 _ Right _ 2",-69.6047583177255,15.3885426388525,988.667608325468,-68.3448594659215,35.9435578361576,1007.87146759725
"BIGKAT _ P77 _ Right _ 2",-69.2184219389036,14.8832454426065,988.305404605281,-68.5313505565294,37.6555439483509,1008.56287044716
"BIGKAT _ P77 _ Right _ 2",-68.8929274830065,14.4309160879503,987.963393342935,-68.9359739854833,39.7013363993175,1009.50759771645
"BIGKAT _ P77 _ Right _ 2",-68.6307507512099,14.0384393411953,987.642395259822,-69.5521987949246,41.9682762241911,1010.6726701116
"BIGKAT _ P77 _ Right _ 2",-68.4293444151496,13.7065496510072,987.344742889647,-70.3584742954725,44.3460027740495,1012.02359516497
"BIGKAT _ P77 _ Right _ 2",-68.2823953508868,13.4316628398836,987.076273725381,-71.3194734691437,46.7372229706196,1013.5250135244
"BIGKAT _ P77 _ Right _ 2",-68.1807623668076,13.207669412559,986.846851725181,-72.3884109290152,49.0608392631652,1015.13726832711
"BIGKAT _ P77 _ Right _ 2",-68.112818790936,13.0268457534633,986.668771006878,-73.511092746183,51.2511854809462,1016.81233039039
"BIGKAT _ P77 _ Right _ 2",-68.0648043800806,12.8802070686376,986.553368733558,-74.6320966745433,53.2574841487382,1018.49259476846
"BIGKAT _ P77 _ Right _ 2",-68.0221967985592,12.7583712070175,986.507018643704,-75.702484062634,55.0454325638178,1020.1143341599
"BIGKAT _ P77 _ Right _ 2",-67.9726370607915,12.6536676552604,986.528036011529,-76.6872757410639,56.5999821272576,1021.61528519408
"BIGKAT _ P77 _ Right _ 2",-67.9097168705321,12.5629734098061,986.605649851637,-77.5704828946032,57.9269822516422,1022.94424399264
"BIGKAT _ P77 _ Right _ 2",-67.8357689304303,12.4895705857105,986.721261170869,-78.35630448854,59.052233760923,1024.07020644977
"BIGKAT _ P77 _ Right _ 2",-67.7616996869404,12.4422763808202,986.851318812668,-79.0667052459801,60.0185311025082,1024.98909013745
"BIGKAT _ P77 _ Right _ 2",-67.7031589264051,12.4314143172615,986.97079691415,-79.7367225485582,60.8823348592253,1025.72658164841
"BIGKAT _ P77 _ Right _ 2",-67.6742687294398,12.4630625156186,987.056524853107,-80.4085865333004,61.7104927251925,1026.33571447833
"BIGKAT _ P77 _ Right _ 2",-67.6816296726253,12.5342743316071,987.090251047488,-81.1243628370338,62.5746921315482,1026.88773227931
"BIGKAT _ P77 _ Right _ 2",-67.7214811916893,12.6318808638519,987.061756807152,-81.9157856051299,63.539550719185,1027.45554366098
"BIGKAT _ P77 _ Right _ 2",-67.7814943294637,12.7360709759634,986.972083301102,-82.7907631980243,64.6417339273403,1028.09127982771
"BIGKAT _ P77 _ Right _ 2",-67.8464397913835,12.8278729763384,986.836235474363,-83.7188770322455,65.8624243673039,1028.80257657407
"BIGKAT _ P77 _ Right _ 2",-67.9051445136595,12.8978400598362,986.684312219311,-84.6213631225963,67.101515824986,1029.53456825167
"BIGKAT _ P77 _ Right _ 2",-67.9556191762268,12.9524173177617,986.560137848375,-85.3721594516712,68.1656209223709,1030.16468610423
"BIGKAT _ P77 _ Right _ 2",-68.0061428216302,13.0150507263527,986.516823877113,-85.8143325080892,68.7808712213508,1030.51492634861
"BIGKAT _ P77 _ Right _ 2",-68.0719672918242,13.1209964212189,986.609122349396,-85.7912456832025,68.6352701666666,1030.38221779193
"BIGKAT _ P77 _ Right _ 2",-68.1692790220135,13.3072531367388,986.883117057226,-85.1861591833094,67.4459116970742,1029.58292516839
"BIGKAT _ P77 _ Right _ 2",-68.3091124343925,13.6009198536613,987.364786183263,-83.9595949520807,65.0367219166461,1028.00285907054
"BIGKAT _ P77 _ Right _ 2",-68.4935294823331,14.0097529626987,988.050030035266,-82.1723650925429,61.4055598140315,1025.64009525125
"BIGKAT _ P77 _ Right _ 2",-68.7150042072338,14.517797506419,988.899495579092,-79.9847475384711,56.7580997214437,1022.62631459135
"BIGKAT _ P77 _ Right _ 2",-68.9585702481393,15.087328096423,989.841306907738,-77.6289755000445,51.491853835711,1019.21570574362
"BIGKAT _ P77 _ Right _ 2",-69.2055759597503,15.666558513328,990.782923010112,-75.3612479938767,46.1273334502931,1015.73958439673
"BIGKAT _ P77 _ Right _ 2",-69.4378395091823,16.2010057056424,991.629926440936,-73.4072848520929,41.2015939725423,1012.53727129511
"BIGKAT _ P77 _ Right _ 2",-69.6412501199896,16.6453335450798,992.306235729271,-71.9180868800697,37.1548978598132,1009.88378186945
"BIGKAT _ P77 _ Right _ 2",-69.8081664896953,16.972377498653,992.769228668993,-70.9483010386245,34.2453007953506,1007.93670283767
"BIGKAT _ P77 _ Right _ 2",-69.9382854076416,17.1770976428063,993.015366743159,-70.4606317186535,32.5150927941917,1006.71674466153
"BIGKAT _ P77 _ Right _ 2",-70.0380077954124,17.2750295971066,993.075757698944,-70.3508102322139,31.8128988945325,1006.12337667103
"BIGKAT _ P77 _ Right _ 2",-70.1186292873753,17.2964934914332,993.004437825329,-70.4825656202213,31.8568370285429,1005.97572806695
"BIGKAT _ P77 _ Right _ 2",-70.1938147488655,17.2786597944313,992.863647752243,-70.7217132692334,32.3152107866876,1006.06391752733
"BIGKAT _ P77 _ Right _ 2",-70.2767810864111,17.2574915607422,992.71006943262,-70.9614724635347,32.882318876902,1006.19701875626
"BIGKAT _ P77 _ Right _ 2",-70.3775151806781,17.2609819131333,992.584682887905,-71.1353927199338,33.3340626590589,1006.23834859189
"BIGKAT _ P77 _ Right _ 2",-70.5002984883268,17.3044267812034,992.507390243246,-71.2182031789959,33.556666971591,1006.12398417915
"BIGKAT _ P77 _ Right _ 2",-70.6418367715745,17.3879885777866,992.476343319805,-71.2176124853692,33.5490495330975,1005.86467318039
"BIGKAT _ P77 _ Right _ 2",-70.7903707745568,17.4965885168863,992.471181738088,-71.1613296407183,33.4039513046187,1005.53396254598
"BIGKAT _ P77 _ Right _ 2",-70.9261878469702,17.602126548312,992.459081040211,-71.0835395478169,33.2749738984123,1005.24660754149
"BIGKAT _ P77 _ Right _ 2",-71.0238645455005,17.6679936438168,992.402435722408,-71.0141580022624,33.3370058193277,1005.13171929641
"BIGKAT _ P77 _ Right _ 2",-71.0562725927473,17.6556362855157,992.266964497377,-70.9728427700373,33.7471206381392,1005.30524950591
"BIGKAT _ P77 _ Right _ 2",-70.9998774671621,17.5324699784853,992.028929131043,-70.9682783757525,34.6124353397121,1005.84651380973
"BIGKAT _ P77 _ Right _ 2",-70.8402681386149,17.279786403866,991.680080600385,-71.0018603652597,35.9704287163127,1006.78317760347
"BIGKAT _ P77 _ Right _ 2",-70.576419029167,16.8987045426979,991.229137003596,-71.0736942442042,37.7851153973683,1008.08776734508
"BIGKAT _ P77 _ Right _ 2",-70.2222006307606,16.4120619996265,990.699320838061,-71.1880509119588,39.9588906957462,1009.68600672532
"BIGKAT _ P77 _ Right _ 2",-69.804304368507,15.8608202581714,990.122670200685,-71.3555391624667,42.3556769655716,1011.47387781085
"BIGKAT _ P77 _ Right _ 2",-69.3568777239154,15.2951947821361,989.532896114437,-71.5905488253883,44.8280353367795,1013.33784026898
"BIGKAT _ P77 _ Right _ 2",-68.9143014871374,14.7628379128148,988.958826098761,-71.9046187091824,47.2406163545054,1015.17233919982
"BIGKAT _ P77 _ Right _ 2",-68.5042090119813,14.2979267568857,988.419947949658,-72.2983468214672,49.4848201408724,1016.89070259011
"BIGKAT _ P77 _ Right _ 2",-68.1428247139978,13.9149341860118,987.924803272404,-72.7553677822786,51.4836092914671,1018.42879992687
"BIGKAT _ P77 _ Right _ 2",-67.8339418138382,13.609029733047,987.472293655639,-73.2414136950062,53.1892126743744,1019.74383364471
"BIGKAT _ P77 _ Right _ 2",-67.5714991475786,13.3623067145836,987.055265006994,-73.7098318104386,54.5783992623794,1020.81196108729
"BIGKAT _ P77 _ Right _ 2",-67.3442887325571,13.152713232632,986.665121635181,-74.1127832261447,55.6495078170814,1021.62765360713
"BIGKAT _ P77 _ Right _ 2",-67.1406620452211,12.9618418158355,986.296048615919,-74.4153043420755,56.4229922342079,1022.2054662336
"BIGKAT _ P77 _ Right _ 2",-66.9516356713722,12.7789223249369,985.947725473779,-74.6079470984882,56.9440657978271,1022.58243658657
"BIGKAT _ P77 _ Right _ 2",-66.7720468939123,12.6006699613121,985.625846775107,-74.7132810009555,57.2835472358957,1022.81782589378
"BIGKAT _ P77 _ Right _ 2",-66.6004367129296,12.4286575469542,985.340233702672,-74.7826412251371,57.5325191605071,1022.98718193513
"BIGKAT _ P77 _ Right _ 2",-66.4386060143122,12.2665516580317,985.101082576788,-74.8823258803539,57.7884381634834,1023.16984038527
"BIGKAT _ P77 _ Right _ 2",-66.2913619041575,12.1187837537814,984.914796097839,-75.0723192859158,58.1342105630946,1023.43203149073
"BIGKAT _ P77 _ Right _ 2",-66.1661868415692,11.9907676365322,984.781167415888,-75.3840750868553,58.6157538476618,1023.81018153888
"BIGKAT _ P77 _ Right _ 2",-66.0719995433962,11.8896344412156,984.693140159653,-75.8053028552612,59.225643250615,1024.29963091821
"BIGKAT _ P77 _ Right _ 2",-66.0165083972285,11.8243268765911,984.639486600906,-76.2779923381789,59.899137317669,1024.85250978096
"BIGKAT _ P77 _ Right _ 2",-66.0029220492274,11.8047601475956,984.610021769159,-76.7112471115067,60.5243524883874,1025.3854597236
"BIGKAT _ P77 _ Right _ 2",-66.0279864375316,11.8408566289587,984.602291253157,-77.0047375288936,60.9628434216183,1025.79462738029
"BIGKAT _ P77 _ Right _ 2",-66.0832467183903,11.9425777487472,984.627877142038,-77.0745611284268,61.0734972140901,1025.97345365334
"BIGKAT _ P77 _ Right _ 2",-66.1597898735688,12.1211582868009,984.715821898225,-76.8729982936691,60.7332733748233,1025.82895436207
"BIGKAT _ P77 _ Right _ 2",-66.2544243788097,12.3901959064824,984.910659239425,-76.3969109597856,59.8520433104513,1025.2939677931
"BIGKAT _ P77 _ Right _ 2",-66.3737972008725,12.7643671803056,985.263595145383,-75.6844093457801,58.3828276081857,1024.33516930675
"BIGKAT _ P77 _ Right _ 2",-66.5334578383614,13.2543551503856,985.817622745936,-74.8034223318574,56.3303376476179,1022.9582830461
"BIGKAT _ P77 _ Right _ 2",-66.7513216526761,13.8589238540759,986.590233218426,-73.8371926520143,53.7588092581195,1021.21168126601
"BIGKAT _ P77 _ Right _ 2",-67.0380568841751,14.5575312797009,987.55961855712,-72.8704596014264,50.7960424796945,1019.1873251129
"BIGKAT _ P77 _ Right _ 2",-67.3888139172076,15.3076680838317,988.660394113545,-71.9779072030403,47.6276422742301,1017.0156041232
"BIGKAT _ P77 _ Right _ 2",-67.7802965886476,16.0494713646761,989.792173447765,-71.2152637275141,44.4767374100879,1014.85079186225
"BIGKAT _ P77 _ Right _ 2",-68.1747057508096,16.7169392214778,990.839552509164,-70.6136238579809,41.5701069585858,1012.84750138921
"BIGKAT _ P77 _ Right _ 2",-68.5289947607381,17.2521087661949,991.697400475581,-70.1779662839973,39.0985156032547,1011.13358508921
"BIGKAT _ P77 _ Right _ 2",-68.8057795895002,17.6173823300158,992.293240316649,-69.8903438844739,37.1830340012939,1009.78785473838
"BIGKAT _ P77 _ Right _ 2",-68.9819860691407,17.8021435963204,992.599945954918,-69.7169465937911,35.8578453109367,1008.82974813789
"BIGKAT _ P77 _ Right _ 2",-69.0526942316953,17.8221764836941,992.636006140432,-69.6171011967486,35.0740726607878,1008.2234408892
"BIGKAT _ P77 _ Right _ 2",-69.0297499779491,17.7129783982228,992.455077696,-69.5519331476965,34.7215588238029,1007.89360799912
"BIGKAT _ P77 _ Right _ 2",-68.9365155319584,17.5197658305961,992.129530340006,-69.4908654629003,34.660033802916,1007.7466715362
"BIGKAT _ P77 _ Right _ 2",-68.8009865155047,17.2873386607373,991.733367712979,-69.4149981959814,34.7497908540186,1007.69094101794
"BIGKAT _ P77 _ Right _ 2",-68.6493966960489,17.0522433713344,991.328716218821,-69.3173138459801,34.8743676592842,1007.65094218305
"BIGKAT _ P77 _ Right _ 2",-68.5017340494018,16.8384515823436,990.958014717675,-69.200337571181,34.9518769299169,1007.57409890092
"BIGKAT _ P77 _ Right _ 2",-68.3697242983364,16.6565903043582,990.642035087433,-69.0722513739335,34.935687209505,1007.43059020305
"BIGKAT _ P77 _ Right _ 2",-68.2570957138276,16.5059384902396,990.382463643411,-68.9425446600752,34.8079601355035,1007.20893746049
"BIGKAT _ P77 _ Right _ 2",-68.1614674514682,16.3780358166703,990.167153753409,-68.8181671623022,34.5706588341917,1006.91043948198
"BIGKAT _ P77 _ Right _ 2",-68.0770269112616,16.2607731129282,989.976225786616,-68.7009281302969,34.2381515697184,1006.54507225979
"BIGKAT _ P77 _ Right _ 2",-67.997223414533,16.1421053451738,989.787692543219,-68.5866234230905,33.833893401293,1006.13023709885
"BIGKAT _ P77 _ Right _ 2",-67.9169135693512,16.0128865684594,989.581934548078,-68.4660949218569,33.3914970565797,1005.69221735181
"BIGKAT _ P77 _ Right _ 2",-67.8336556197023,15.8686426622867,989.344892518214,-68.3281289406018,32.9584539863591,1005.268847023
"BIGKAT _ P77 _ Right _ 2",-67.7480960506527,15.7103012627834,989.070135119081,-68.1637695926527,32.5994130990852,1004.9111021128
"BIGKAT _ P77 _ Right _ 2",-67.663582703487,15.5439815557928,988.759969562091,-67.9712685601646,32.3956807675469,1004.68137106881
"BIGKAT _ P77 _ Right _ 2",-67.5852619428505,15.3799521162288,988.425572875187,-67.7605672711461,32.4386376025684,1004.64712595704
"BIGKAT _ P77 _ Right _ 2",-67.518973979664,15.2308606256382,988.085896234293,-67.5560128837014,32.8169040699479,1004.87041998217
"BIGKAT _ P77 _ Right _ 2",-67.4702488619596,15.1093877758502,987.765033275916,-67.3960774909751,33.5997262123772,1005.39556675411
"BIGKAT _ P77 _ Right _ 2",-67.4436105177366,15.0256060495374,987.488013668772,-67.3293042691102,34.8211506436093,1006.23868016692
"BIGKAT _ P77 _ Right _ 2",-67.4422046328556,14.984498796193,987.27559820974,-67.4066128635873,36.4699750586362,1007.38264891201
"BIGKAT _ P77 _ Right _ 2",-67.4675383411921,14.9842199948247,987.139352140127,-67.6713681617736,38.4887707923957,1008.77943064385
"BIGKAT _ P77 _ Right _ 2",-67.5190431611505,15.0156392505739,987.078621390521,-68.1498265554394,40.7823107828781,1010.35907038493
"BIGKAT _ P77 _ Right _ 2",-67.5934189651524,15.0634740753771,987.080709509825,-68.8449934935321,43.2330147071152,1012.04272182348
"BIGKAT _ P77 _ Right _ 2",-67.6841584065725,15.1089234604836,987.124537809877,-69.7360372822876,45.7195731780616,1013.75594763778
"BIGKAT _ P77 _ Right _ 2",-67.7818840299923,15.1333231548841,987.186728742825,-70.7834615110053,48.1347823395819,1015.43892069176
"BIGKAT _ P77 _ Right _ 2",-67.8759130292938,15.1220982250425,987.248090347421,-71.9381790037211,50.3992504052367,1017.05156640011
"BIGKAT _ P77 _ Right _ 2",-67.9569507571229,15.0682703611589,987.298481690224,-73.1514220790473,52.4685289683226,1018.57348996362
"BIGKAT _ P77 _ Right _ 2",-68.0202701179283,14.9748996022997,987.338858804596,-74.3825043679789,54.3323890086561,1019.99995383322
"BIGKAT _ P77 _ Right _ 2",-68.0683095124915,14.8559096558442,987.380286169435,-75.6026131562555,56.0067402611181,1021.33576237965
"BIGKAT _ P77 _ Right _ 2",-68.1114771167405,14.7347254575712,987.440438692535,-76.7944952096677,57.520982233777,1022.58880549894
"BIGKAT _ P77 _ Right _ 2",-68.1663228957905,14.6403296912699,987.538601896874,-77.9494965733851,58.905434244025,1023.76479315234
"BIGKAT _ P77 _ Right _ 2",-68.2512184585237,14.6010620371756,987.690480468845,-79.0643142277521,60.1836537271999,1024.86467701629
"BIGKAT _ P77 _ Right _ 2",-68.3809151650766,14.6376205536906,987.904203891207,-80.1394136821648,61.372224686877,1025.8858707912
"BIGKAT _ P77 _ Right _ 2",-68.5620854184155,14.7575908978604,988.178574343415,-81.1792034888165,62.4864975049402,1026.82687262447
"BIGKAT _ P77 _ Right _ 2",-68.791618443094,14.9536990609129,988.50379553208,-82.1916397257822,63.5466638906698,1027.69247807282
"BIGKAT _ P77 _ Right _ 2",-69.0582176265695,15.2067227008603,988.864149737778,-83.1838355131314,64.5770072043951,1028.49504836199
"BIGKAT _ P77 _ Right _ 2",-69.3464774550085,15.4921727504324,989.24196082668,-84.1519736050182,65.593804151354,1029.24807688912
"BIGKAT _ P77 _ Right _ 2",-69.6417310535962,15.7883222121454,989.622522526169,-85.067923342236,66.5834816364069,1029.95193179857
"BIGKAT _ P77 _ Right _ 2",-69.933766264887,16.082570157103,989.999651002017,-85.8690183056839,67.479361373415,1030.57653921609
"BIGKAT _ P77 _ Right _ 2",-70.2180042092703,16.373739110353,990.380723394867,-86.4586306151487,68.1490289297778,1031.04926376049
"BIGKAT _ P77 _ Right _ 2",-70.4938148592126,16.6695513150262,990.789034151575,-86.7220447624778,68.4025606084742,1031.25609939173
"BIGKAT _ P77 _ Right _ 2",-70.7609685689401,16.9806183774132,991.261072242463,-86.5556332824271,68.02472931458,1031.05999726893
"BIGKAT _ P77 _ Right _ 2",-71.0161788257015,17.3138354810511,991.837630762735,-85.9005505715397,66.8249657527039,1030.33350031679
"BIGKAT _ P77 _ Right _ 2",-71.2516922782656,17.6681747633263,992.550279310895,-84.7686433641404,64.6914757157426,1028.99686735831
"BIGKAT _ P77 _ Right _ 2",-71.4567798258399,18.0343526981247,993.407320475202,-83.2500177210556,61.6334736715884,1027.04999489211
"BIGKAT _ P77 _ Right _ 2",-71.6212915520528,18.3976062354107,994.384320678706,-81.4981937576307,57.7985845612633,1024.58760265545
"BIGKAT _ P77 _ Right _ 2",-71.7391947215557,18.7413361298343,995.423073084492,-79.6972685637601,53.4594976316332,1021.79190601035
"BIGKAT _ P77 _ Right _ 2",-71.810142264002,19.0496487063234,996.440150487153,-78.0220895074056,48.9720760661521,1018.9036807983
"BIGKAT _ P77 _ Right _ 2",-71.8385599071738,19.308438450646,997.343192345744,-76.6040602905098,44.7138479351019,1016.17874717282
"BIGKAT _ P77 _ Right _ 2",-71.8313112391637,19.5060510991832,998.050557302321,-75.5116141990796,41.0163047386241,1013.84059998042
"BIGKAT _ P77 _ Right _ 2",-71.795493585907,19.6345447465233,998.508644657598,-74.7481438780051,38.1067124951543,1012.04080103785
"BIGKAT _ P77 _ Right _ 2",-71.7372634627344,19.6914539184179,998.701799827373,-74.2644962291317,36.0740101046985,1010.83683391337
"BIGKAT _ P77 _ Right _ 2",-71.6616707961752,19.6810694502756,998.65237043206,-73.9798839889418,34.8671433680969,1010.19221241439
"BIGKAT _ P77 _ Right _ 2",-71.5730266326413,19.6143452999981,998.411978508557,-73.804440784015,34.3241097510582,1009.99682547227
"BIGKAT _ P77 _ Right _ 2",-71.4753638159016,19.5072805876184,998.047661557207,-73.657989999236,34.2208743965074,1010.09975651861
"BIGKAT _ P77 _ Right _ 2",-71.3727456659256,19.3782645532987,997.627249039298,-73.4819731733969,34.3254316569772,1010.34467921854
"BIGKAT _ P77 _ Right _ 2",-71.2693217006803,19.245079488005,997.207446637843,-73.2439578550824,34.4440311241618,1010.5994881534
"BIGKAT _ P77 _ Right _ 2",-71.1691027454786,19.1221395599869,996.826472653655,-72.936021371777,34.4515001022175,1010.77534574985
"BIGKAT _ P77 _ Right _ 2",-71.0754772721025,19.0183277195483,996.501522922035,-72.5692707990285,34.3029732801084,1010.83397542144
"BIGKAT _ P77 _ Right _ 2",-70.9905503176449,18.9356314498691,996.230278895744,-72.1668491755999,34.0285496250739,1010.78470036138
"BIGKAT _ P77 _ Right _ 2",-70.9144629103185,18.8687208549348,995.995227786414,-71.7572585174706,33.7149198860158,1010.67408498365
"BIGKAT _ P77 _ Right _ 2",-70.844926428675,18.8056253586703,995.76960264592,-71.3690516929883,33.4790977032778,1010.57130035096
"BIGKAT _ P77 _ Right _ 2",-70.7772466390957,18.7296625145181,995.524018465351,-71.0272254494723,33.4396271331846,1010.55199843191
"BIGKAT _ P77 _ Right _ 2",-70.7050699192935,18.6226574330097,995.233111563899,-70.7511888305643,33.6905208774892,1010.68303441192
"BIGKAT _ P77 _ Right _ 2",-70.6219145505338,18.4691987754367,994.88149861734,-70.554029168161,34.2827735721796,1011.01008901021
"BIGKAT _ P77 _ Right _ 2",-70.5232364706796,18.26121583696,994.468128555872,-70.4428361521362,35.2171243158134,1011.55002876265
"BIGKAT _ P77 _ Right _ 2",-70.4084029981548,18.0016665750493,994.007810039206,-70.4198711757898,36.4492229458584,1012.28932484342
"BIGKAT _ P77 _ Right _ 2",-70.2817440600931,17.7058957208396,993.528798746258,-70.4842609404704,37.9047586266652,1013.18872125311
"BIGKAT _ P77 _ Right _ 2",-70.1520701538769,17.3996021815817,993.066219454608,-70.6337393185362,39.4990584417089,1014.19282271815
"BIGKAT _ P77 _ Right _ 2",-70.0306669016891,17.113424142986,992.652682297752,-70.8659615947644,41.1549551155573,1015.24207696754
"BIGKAT _ P77 _ Right _ 2",-69.9284303500218,16.875479335675,992.308995628047,-71.1791185503411,42.8145628677631,1016.28426948049
"BIGKAT _ P77 _ Right _ 2",-69.8531003471277,16.7040785439968,992.038391358622,-71.5717926476208,44.4434941175898,1017.28299592198
"BIGKAT _ P77 _ Right _ 2",-69.8073988300914,16.6028354644226,991.826592687124,-72.0420460327368,46.0283567962343,1018.22130886943
"BIGKAT _ P77 _ Right _ 2",-69.7884949352821,16.5596528358792,991.64771942282,-72.5857254482794,47.5695472068843,1019.09988496258
"BIGKAT _ P77 _ Right _ 2",-69.788819894023,16.5499773171022,991.473602449425,-73.19422802544,49.0718456937271,1019.93067764008
"BIGKAT _ P77 _ Right _ 2",-69.7979379193937,16.5435793158761,991.282823026604,-73.8525705669532,50.5356507437608,1020.72859249075
"BIGKAT _ P77 _ Right _ 2",-69.8049942934372,16.5130812828585,991.066279839301,-74.5391043093083,51.9517011263366,1021.50436899165
"BIGKAT _ P77 _ Right _ 2",-69.8011996987336,16.441748347995,990.827850281548,-75.2279802413115,53.3012304806564,1022.26110837206
"BIGKAT _ P77 _ Right _ 2",-69.7817920495308,16.3280464667256,990.58062593231,-75.8943251478807,54.5615308761235,1022.99512266959
"BIGKAT _ P77 _ Right _ 2",-69.747004027453,16.1854650573434,990.340449944639,-76.5206346683124,55.7146527314387,1023.69995890429
"BIGKAT _ P77 _ Right _ 2",-69.701927502852,16.0378755605895,990.119025200765,-77.1020768708972,56.7556189819522,1024.37149592624
"BIGKAT _ P77 _ Right _ 2",-69.6556678634745,15.9124102061938,989.918847426847,-77.6487378030438,57.6967924790014,1025.01214887643
"BIGKAT _ P77 _ Right _ 2",-69.6203769168641,15.8325732574161,989.73155379553,-78.1840039992921,58.5666991625252,1025.63289851222
"BIGKAT _ P77 _ Right _ 2",-69.6104563322649,15.8137216854027,989.540042421203,-78.7394951291648,59.4037371106542,1026.25247730926
"BIGKAT _ P77 _ Right _ 2",-69.641731990916,15.8616205193096,989.323382749905,-79.3477050147014,60.2467869281535,1026.89354006544
"BIGKAT _ P77 _ Right _ 2",-69.7301393511178,15.9733616802705,989.062580289802,-80.0337892570791,61.1253356137683,1027.57630417424
"BIGKAT _ P77 _ Right _ 2",-69.8896279269013,16.1392927531029,988.745029593226,-80.8080595698043,62.0515047996073,1028.31106293488
"BIGKAT _ P77 _ Right _ 2",-70.1294525358117,16.3449074400413,988.366272457745,-81.6608520983,63.0157190431919,1029.09185973695
"BIGKAT _ P77 _ Right _ 2",-70.4514136028271,16.5724415274271,987.929272936777,-82.5612961291443,63.986920339597,1029.89383232637
"BIGKAT _ P77 _ Right _ 2",-70.8476781136941,16.8025311862389,987.442838324047,-83.4608190664936,64.917319163907,1030.67580153515
"BIGKAT _ P77 _ Right _ 2",-71.2996544572295,17.016325001881,986.921019609953,-84.3010443806724,65.7507534483591,1031.38783056893
"BIGKAT _ P77 _ Right _ 2",-71.7783124077146,17.1979509634369,986.384198330978,-85.0245074542229,66.4330322323606,1031.98163726673
"BIGKAT _ P77 _ Right _ 2",-72.2464157663183,17.3366529990828,985.860880208419,-85.5858131687911,66.9223644896202,1032.42082762892
"BIGKAT _ P77 _ Right _ 2",-72.6630659836772,17.4277491338412,985.387963818466,-85.9607100101732,67.1979925001146,1032.68825644436
"BIGKAT _ P77 _ Right _ 2",-72.9903560254557,17.4720339315865,985.007208361806,-86.1509557248849,67.2652294656544,1032.78894827365
"BIGKAT _ P77 _ Right _ 2",-73.2008387997237,17.4740250416206,984.757084258623,-86.1836197230265,67.1553822952418,1032.74814953471
"BIGKAT _ P77 _ Right _ 2",-73.2835951518397,17.439939688189,984.661701300042,-86.1045976872244,66.9199525896786,1032.60494219164
"BIGKAT _ P77 _ Right _ 2",-73.2467614256329,17.3761631185038,984.720835515762,-85.9676204266954,66.6201448155767,1032.40276374617
"BIGKAT _ P77 _ Right _ 2",-73.1155553616454,17.2884452686838,984.905666489563,-85.8216078934929,66.3144752288683,1032.17931744957
"BIGKAT _ P77 _ Right _ 2",-72.9263803156328,17.181602602708,985.162846926655,-85.7001421365232,66.0481833097111,1031.95916167145
"BIGKAT _ P77 _ Right _ 2",-72.7186918521059,17.0594097398606,985.425876026088,-85.6163896786033,65.8475093824767,1031.75180969467
"BIGKAT _ P77 _ Right _ 2",-72.5267459816293,16.9245725696035,985.629831231421,-85.5648525715525,65.7199055052421,1031.55603958924
"BIGKAT _ P77 _ Right _ 2",-72.3732347027431,16.778879093201,985.7250900398,-85.5286692213278,65.658942954602,1031.36814586549
"BIGKAT _ P77 _ Right _ 2",-72.2662207890138,16.6236037594808,985.687196950006,-85.4892185848776,65.6512999397054,1031.18993642481
"BIGKAT _ P77 _ Right _ 2",-72.1998057768489,16.4600470382192,985.521612166616,-85.4344969340833,65.6833129226553,1031.03286435892
"BIGKAT _ P77 _ Right _ 2",-72.1579413936884,16.2899404886211,985.26273831314,-85.363978220228,65.7456590987838,1030.91738650365
"BIGKAT _ P77 _ Right _ 2",-72.120120986749,16.1154708821258,984.96695247332,-85.2894226769217,65.8357547156421,1030.8693059596
"BIGKAT _ P77 _ Right _ 2",-72.0674548025402,15.9388360933665,984.7002929283,-85.2324167713913,65.9578390833505,1030.91547637963
"BIGKAT _ P77 _ Right _ 2",-71.9876648691416,15.7614442669383,984.522978589347,-85.2199894354403,66.1208787835103,1031.07991086273
"BIGKAT _ P77 _ Right _ 2",-71.8777863454713,15.5830638356278,984.474260623416,-85.2796246120768,66.335004763149,1031.37994340162
"BIGKAT _ P77 _ Right _ 2",-71.7440105905633,15.4013916320616,984.561449219874,-85.4346700918916,66.6080021990079,1031.82206108146
"BIGKAT _ P77 _ Right _ 2",-71.5991217123724,15.2124946547025,984.756144936376,-85.7007483890341,66.943499147579,1032.39802559978
"BIGKAT _ P77 _ Right _ 2",-71.4588628748736,15.0122426499121,984.999016775323,-86.0834537655908,67.3414134188365,1033.08278272779
"BIGKAT _ P77 _ Right _ 2",-71.3387394674262,14.7982653879609,985.212296723765,-86.5774551571145,67.7996054254032,1033.83571297819
"BIGKAT _ P77 _ Right _ 2",-71.2520954389748,14.5715023390944,985.316917094987,-87.1670781378118,68.3149959625572,1034.60591953892
"BIGKAT _ P77 _ Right _ 2",-71.2092318751815,14.3364159289857,985.249575975778,-87.8283387462863,68.883261374015,1035.3407894681
"BIGKAT _ P77 _ Right _ 2",-71.2166591513034,14.0994976982243,984.974902706198,-88.53212613221,69.4976042268124,1035.99569757622
"BIGKAT _ P77 _ Right _ 2",-71.275869616134,13.8665788249898,984.489707941881,-89.2478927642121,70.1476641244228,1036.54222565805
"BIGKAT _ P77 _ Right _ 2",-71.3820074168624,13.6401706488003,983.819136889357,-89.9470683173654,70.8192342333436,1036.97280356967
"BIGKAT _ P77 _ Right _ 2",-71.5234822344271,13.4181041860344,983.006861728105,-90.6055971787191,71.4948507674742,1037.3007113924
"BIGKAT _ P77 _ Right _ 2",-71.6832693037196,13.1940460927701,982.102591953027,-91.2053889269868,72.1550176698287,1037.5554425103
"BIGKAT _ P77 _ Right _ 2",-71.841721555417,12.9595760811729,981.150554093782,-91.734817866253,72.779761141764,1037.77447038189
"BIGKAT _ P77 _ Right _ 2",-71.9800090436567,12.7070811990284,980.182438745835,-92.1885729046854,73.3502544988362,1037.99345134184
"BIGKAT _ P77 _ Right _ 2",-72.0832293269164,12.4328562045894,979.217144352187,-92.5672356430146,73.8504254225992,1038.23755624247
"BIGKAT _ P77 _ Right _ 2",-72.1426337181013,12.1398963527293,978.267094085618,-92.8770543597962,74.2687154572116,1038.51659257815
"BIGKAT _ P77 _ Right _ 2",-72.1568242804335,11.8394349711345,977.34770878595,-93.1302729133255,74.6002847383405,1038.82553363004
"BIGKAT _ P77 _ Right _ 2",-72.1318778618932,11.549838865757,976.484555666348,-93.3457759365356,74.8496782110591,1039.15006912513
"BIGKAT _ P77 _ Right _ 2",-72.0802698753627,11.2921241165986,975.713413288201,-93.548987662646,75.033290444528,1039.47471421262
"BIGKAT _ P77 _ Right _ 2",-72.0185969440879,11.0832514845316,975.072152553979,-93.7696745332829,75.1802782606294,1039.79011086824
"BIGKAT _ P77 _ Right _ 2",-71.9645531852494,10.930253431382,974.588031487099,-94.0369308479477,75.3303587871094,1040.09682867643
"BIGKAT _ P77 _ Right _ 2",-71.9340262073249,10.8285965192331,974.266899991178,-94.3717111816714,75.5273534641325,1040.404401865
"BIGKAT _ P77 _ Right _ 2",-71.9391407638842,10.766409899102,974.09026334185,-94.7781151031593,75.8082286785658,1040.72550679383
"BIGKAT _ P77 _ Right _ 2",-71.9876072950569,10.7331571594345,974.022741662533,-95.2350540360392,76.1885763579738,1041.06593497015
"BIGKAT _ P77 _ Right _ 2",-72.0831458985174,10.7289031847521,974.028077006663,-95.6902786037813,76.6469318611951,1041.41195740223
"BIGKAT _ P77 _ Right _ 2",-72.2263490505001,10.7700948003379,974.088259002909,-96.0592258375993,77.1118822203671,1041.71812745119
"BIGKAT _ P77 _ Right _ 2",-72.4152867165267,10.8895451611903,974.218674900954,-96.2313099547908,77.4570291853706,1041.89988917213
"BIGKAT _ P77 _ Right _ 2",-72.6454888680484,11.1305779935244,974.472939683503,-96.0852455711278,77.5086677037277,1041.83551177535
"BIGKAT _ P77 _ Right _ 2",-72.9095075328859,11.5369078525932,974.934046907904,-95.5122913246621,77.0688057008322,1041.38036877642
"BIGKAT _ P77 _ Right _ 2",-73.1966529352594,12.140660513334,975.692729902494,-94.4426610135515,75.9519752452023,1040.3935716758
"BIGKAT _ P77 _ Right _ 2",-73.4933464329082,12.9511886629391,976.81811217088,-92.8676810301019,74.0293530878633,1038.77295571685
"BIGKAT _ P77 _ Right _ 2",-73.7840036926023,13.9471824963092,978.32883175436,-90.8504699664227,71.2697980835924,1036.49036069987
"BIGKAT _ P77 _ Right _ 2",-74.0520516735317,15.0742008057881,980.17404244942,-88.5211507570513,67.7659173329598,1033.61651032479
"BIGKAT _ P77 _ Right _ 2",-74.2808969017446,16.2492018500817,982.232099677117,-86.0570639044561,63.7347992550708,1030.32509161603
"BIGKAT _ P77 _ Right _ 2",-74.4550879468763,17.3725669369312,984.32988392308,-83.6521607459384,59.4879810985327,1026.86993337683
"BIGKAT _ P77 _ Right _ 2",-74.5620101973275,18.3460108838938,986.278649902423,-81.482221165037,55.3738132520129,1023.53746062411
"BIGKAT _ P77 _ Right _ 2",-74.5939798897988,19.0920361428344,987.915706487291,-79.6739850009405,51.7060184426678,1020.58656901843
"BIGKAT _ P77 _ Right _ 2",-74.549933563245,19.5688951674311,989.13849180809,-78.2860189426554,48.6997752334627,1018.19465860707
"BIGKAT _ P77 _ Right _ 2",-74.4357435442808,19.7761224200885,989.920679797661,-77.3060549222902,46.4352448072909,1016.42694505218
"BIGKAT _ P77 _ Right _ 2",-74.2627967655188,19.7493889433765,990.307369642308,-76.6642434604241,44.8577275947319,1015.23663348829
"BIGKAT _ P77 _ Right _ 2",-74.0453648637356,19.5474834956359,990.393957852301,-76.2568753846441,43.8100637198473,1014.49197557261
"BIGKAT _ P77 _ Right _ 2",-73.7978163821454,19.2364506570368,990.297429341716,-75.97296248038,43.0837910709753,1014.01871986311
"BIGKAT _ P77 _ Right _ 2",-73.5326622659154,18.8757876596573,990.128864600325,-75.7169120621832,42.4734487191002,1013.64488378232
"BIGKAT _ P77 _ Right _ 2",-73.2599656949026,18.5099038265843,989.973362199767,-75.4231363700511,41.8213924941997,1013.23743412286
"BIGKAT _ P77 _ Right _ 2",-72.9880618320932,18.165831513165,989.88009277225,-75.0613787321093,41.0456000926397,1012.72483850977
"BIGKAT _ P77 _ Right _ 2",-72.7250365431882,17.8562196863308,989.86210055395,-74.6338894270549,40.1480005800792,1012.1036996753
"BIGKAT _ P77 _ Right _ 2",-72.4801388387466,17.5853658651312,989.903393808322,-74.1669741831139,39.2047949781819,1011.43090084722
"BIGKAT _ P77 _ Right _ 2",-72.2643109452974,17.3555898587197,989.969947490546,-73.6999037495225,38.3428581386171,1010.80472354162
"BIGKAT _ P77 _ Right _ 2",-72.0893089946566,17.1715654915477,990.021284599297,-73.2739694354538,37.7079427598406,1010.33953643538
"BIGKAT _ P77 _ Right _ 2",-71.9653901536366,17.0411256962502,990.019982247037,-72.9238872369051,37.4314023444459,1010.13925170806
"BIGKAT _ P77 _ Right _ 2",-71.8981271560778,16.972296623043,989.93748219549,-72.6729720314559,37.6024971436108,1010.27488923614
"BIGKAT _ P77 _ Right _ 2",-71.8853823022487,16.9676129543131,989.755817017667,-72.5325305797136,38.2524536348976,1010.77091791647
"BIGKAT _ P77 _ Right _ 2",-71.9156044750537,17.0178122290215,989.46615320346,-72.50471864592,39.3535412710691,1011.60302124432
"BIGKAT _ P77 _ Right _ 2",-71.968271681391,17.0975015169044,989.066047555638,-72.5869223531749,40.8317270557194,1012.7066934167
"BIGKAT _ P77 _ Right _ 2",-72.0166081793089,17.1651082601838,988.557511438243,-72.7752317197498,42.5869721196192,1013.9929808105
"BIGKAT _ P77 _ Right _ 2",-72.032017722873,17.1683238335539,987.947217008582,-73.0653405091999,44.5135471449655,1015.36645018475
"BIGKAT _ P77 _ Right _ 2",-71.9893007857192,17.0545614218779,987.24886398572,-73.4509271193635,46.5147023148327,1016.74142480148
"BIGKAT _ P77 _ Right _ 2",-71.8716520824189,16.7841602584072,986.486414760826,-73.9211429084995,48.5099688257906,1018.05432186181
"BIGKAT _ P77 _ Right _ 2",-71.6744490082667,16.3427298363968,985.695975158127,-74.4593168195091,50.4367864144483,1019.27107041658
"BIGKAT _ P77 _ Right _ 2",-71.4069004713062,15.7486500006684,984.923939760043,-75.0443297026468,52.2496143039185,1020.38891245841
"BIGKAT _ P77 _ Right _ 2",-71.0909681977484,15.0527116222041,984.220131214826,-75.6548683765402,53.9192012955656,1021.43215851182
"BIGKAT _ P77 _ Right _ 2",-70.7577397634851,14.3292014019771,983.627025648166,-76.2753728545368,55.4329621300418,1022.44218923491
"BIGKAT _ P77 _ Right _ 2",-70.4423030439944,13.6606926828268,983.168639313684,-76.901239185681,56.795354626782,1023.46310663941
"BIGKAT _ P77 _ Right _ 2",-70.1785547166561,13.1210620886882,982.843604669794,-77.5403679402588,58.0259276117427,1024.52576459794
"BIGKAT _ P77 _ Right _ 2",-69.9949867656881,12.7616188009353,982.625642153697,-78.2091641009499,59.1532299114367,1025.63413165367
"BIGKAT _ P77 _ Right _ 2",-69.9116632632447,12.6036155411811,982.471774208173,-78.9234760804609,60.204886792703,1026.7583281515
"BIGKAT _ P77 _ Right _ 2",-69.9379876528807,12.6379000745424,982.335696743968,-79.6875444651779,61.1966279035185,1027.8374907427
"BIGKAT _ P77 _ Right _ 2",-70.0709132087115,12.8303801812006,982.181929151955,-80.4854264006105,62.1244841424102,1028.79284021194
"BIGKAT _ P77 _ Right _ 2",-70.2938423272295,13.1309297405236,981.996210042468,-81.2788482510624,62.9639825180445,1029.54790167076
"BIGKAT _ P77 _ Right _ 2",-70.5770240828559,13.4832603284102,981.788957568582,-82.0132328006511,63.6779581291328,1030.05017934779
"BIGKAT _ P77 _ Right _ 2",-70.8803028574631,13.8338203217329,981.591007225681,-82.6306147640688,64.2311792722573,1030.28781345997
"BIGKAT _ P77 _ Right _ 2",-71.1585546858585,14.1387015835898,981.44356107317,-83.0853399605396,64.6064686783289,1030.29595031953
"BIGKAT _ P77 _ Right _ 2",-71.3693184132179,14.3684687782096,981.386306018198,-83.356804347066,64.8149700077411,1030.15006133629
"BIGKAT _ P77 _ Right _ 2",-71.4812474835133,14.5112879530669,981.448112539011,-83.4539128631748,64.8941739053433,1029.9466059634
"BIGKAT _ P77 _ Right _ 2",-71.481374834198,14.5744764030954,981.643472390336,-83.4088226394108,64.8917024963726,1029.77490574374
"BIGKAT _ P77 _ Right _ 2",-71.3791044603132,14.5839589333194,981.975336923306,-83.2619842124482,64.8391864780511,1029.68726607119
"BIGKAT _ P77 _ Right _ 2",-71.2054348094342,14.5807964191046,982.442079441848,-83.0443633470862,64.7259546880561,1029.67605411723
"BIGKAT _ P77 _ Right _ 2",-71.0070968958227,14.614428236722,983.044241622506,-82.7640092094816,64.4839531809693,1029.66552209142
"BIGKAT _ P77 _ Right _ 2",-70.8367882354372,14.7333699421933,983.786867758359,-82.4023217527739,63.9923261882262,1029.52259699444
"BIGKAT _ P77 _ Right _ 2",-70.7419291694705,14.9751549451807,984.675583251807,-81.9215439742321,63.1036191105987,1029.08580551506
"BIGKAT _ P77 _ Right _ 2",-70.7547378165092,15.357732526396,985.707617356688,-81.2809219802485,61.6860774977372,1028.20657396512
"BIGKAT _ P77 _ Right _ 2",-70.8858486569665,15.8742877082836,986.861224741121,-80.4560369979706,59.6704367680698,1026.79334147583
"BIGKAT _ P77 _ Right _ 2",-71.1226968022197,16.4928139766384,988.088016457556,-79.4546366530189,57.0865972584479,1024.84660707988
"BIGKAT _ P77 _ Right _ 2",-71.4328933508616,17.1609396437517,989.312511842682,-78.3230545572499,54.0766661772811,1022.47305731653
"BIGKAT _ P77 _ Right _ 2",-71.7718469498822,17.8154551439298,990.441329808838,-77.1401131974032,50.8766081606351,1019.87104539865
"BIGKAT _ P77 _ Right _ 2",-72.0928507110089,18.3946845078556,991.380750294993,-75.9998791283336,47.7687846714358,1017.28865283566
"BIGKAT _ P77 _ Right _ 2",-72.3569997769874,18.8506311373634,992.057289099587,-74.9891595038656,45.0190233156292,1014.96648120983
"BIGKAT _ P77 _ Right _ 2",-72.5402256969836,19.1574904235772,992.433985066594,-74.1677347174011,42.8187708460212,1013.08408563457
"BIGKAT _ P77 _ Right _ 2",-72.6357654812492,19.3142466795611,992.516847187427,-73.5576684790903,41.2505546545854,1011.72690340974
"BIGKAT _ P77 _ Right _ 2",-72.6520797041131,19.3412496880602,992.350239636096,-73.1437862448984,40.2845305519554,1010.88100292585
"BIGKAT _ P77 _ Right _ 2",-72.6076887599355,19.2726805148917,992.004115768541,-72.8831889568239,39.8018988239716,1010.45216503072
"BIGKAT _ P77 _ Right _ 2",-72.525009973576,19.1477032722715,991.557951248431,-72.7193602434114,39.6335879712673,1010.29916271795
"BIGKAT _ P77 _ Right _ 2",-72.4250521916598,19.0027745610879,991.085850555173,-72.5962763173402,39.6014661901346,1010.26996082947
"BIGKAT _ P77 _ Right _ 2",-72.3241010274097,18.8665547639536,990.645620532415,-72.469176321249,39.5525073234341,1010.23221138626
"BIGKAT _ P77 _ Right _ 2",-72.2326767718553,18.7577135798912,990.272710508378,-72.3103929474145,39.3810631546761,1010.09350542282
"BIGKAT _ P77 _ Right _ 2",-72.1563334233832,18.6850421543276,989.978518579055,-72.1102249816176,39.0386170626433,1009.81056884904
"BIGKAT _ P77 _ Right _ 2",-72.0974354951376,18.6488576008634,989.751933355175,-71.8739131585571,38.5330465856624,1009.3890064173
"BIGKAT _ P77 _ Right _ 2",-72.0569406968699,18.6427156505048,989.563044254205,-71.6162815982584,37.9203274245746,1008.87611797494
"BIGKAT _ P77 _ Right _ 2",-72.0353977843468,18.6548112517995,989.368408667522,-71.355632154294,37.2912397653203,1008.34911105258
"BIGKAT _ P77 _ Right _ 2",-72.0327588457736,18.6689558495332,989.11772298416,-71.1082140568887,36.7547885468504,1007.90037983346
"BIGKAT _ P77 _ Right _ 2",-72.0470967895025,18.6654721718699,988.761870342437,-70.8842189645333,36.4195179759571,1007.62108402876
"BIGKAT _ P77 _ Right _ 2",-72.0727922261698,18.6225756534965,988.261943106283,-70.685892001862,36.3741879037766,1007.58446759684
"BIGKAT _ P77 _ Right _ 2",-72.0990870372286,18.5187219911176,987.598044830292,-70.5080333115809,36.6703782518052,1007.83120357281
"BIGKAT _ P77 _ Right _ 2",-72.1099800967842,18.336001357566,986.775835927476,-70.3408380237247,37.3108716733887,1008.36001377457
"BIGKAT _ P77 _ Right _ 2",-72.0861694648129,18.0640790752385,985.82849882444,-70.1745846139794,38.2479691134648,1009.12692068215
"BIGKAT _ P77 _ Right _ 2",-72.0090784463781,17.7036505795583,984.812584364038,-70.0050858310359,39.3940699262954,1010.054821695
"BIGKAT _ P77 _ Right _ 2",-71.8660471788482,17.2681630093009,983.79800672052,-69.8382363735313,40.6428886225552,1011.05173940857
"BIGKAT _ P77 _ Right _ 2",-71.6549462889268,16.7828576730226,982.854497490083,-69.6918839195643,41.8954038446042,1012.03274943746
"BIGKAT _ P77 _ Right _ 2",-71.3863974690054,16.2810248647483,982.038134995726,-69.5940457410481,43.0826095128539,1012.93928341217
"BIGKAT _ P77 _ Right _ 2",-71.0827306250731,15.7984685854514,981.381600657822,-69.5780102391076,44.1785117027897,1013.75078470587
"BIGKAT _ P77 _ Right _ 2",-70.7742375479992,15.3679984456792,980.890639157487,-69.6761344914236,45.2004666399508,1014.4862557084
"BIGKAT _ P77 _ Right _ 2",-70.4942395513654,15.0157013858529,980.547276736953,-69.914205474698,46.1977913483564,1015.1956208063
"BIGKAT _ P77 _ Right _ 2",-70.2744087243521,14.7596556880876,980.318338930237,-70.3071750830565,47.2323004774585,1015.94276956765
"BIGKAT _ P77 _ Right _ 2",-70.1409144445635,14.6102740496503,980.166343138997,-70.8560861744205,48.3560069045842,1016.78408308334
"BIGKAT _ P77 _ Right _ 2",-70.1111093536243,14.5706584003692,980.059368663341,-71.5461009493808,49.5920316621731,1017.74812843479
"BIGKAT _ P77 _ Right _ 2",-70.1903842211372,14.6358311764641,979.977189196659,-72.3464986062876,50.9245334640772,1018.82305318199
"BIGKAT _ P77 _ Right _ 2",-70.3696294715947,14.7911098239809,979.9125267602,-73.2140602855911,52.3013820303402,1019.95675162932
"BIGKAT _ P77 _ Right _ 2",-70.6247064578111,15.0111551043988,979.867981721929,-74.1003547400844,53.6491865766453,1021.07075256969
"BIGKAT _ P77 _ Right _ 2",-70.9194045287857,15.261422757597,979.850199359057,-74.9613656432174,54.8955550283738,1022.0834363127
"BIGKAT _ P77 _ Right _ 2",-71.2121306809628,15.502728151865,979.863050955213,-75.7661574484493,55.9905415300604,1022.93430993225
"BIGKAT _ P77 _ Right _ 2",-71.4647014813329,15.6980375735248,979.901612172819,-76.501237255378,56.9198120856956,1023.60075204665
"BIGKAT _ P77 _ Right _ 2",-71.6503101504606,15.8194023227576,979.948865753214,-77.1690454747676,57.7056800266111,1024.10196644366
"BIGKAT _ P77 _ Right _ 2",-71.7579169593854,15.8528342836035,979.976966325412,-77.781498727074,58.396716420353,1024.48995724104
"BIGKAT _ P77 _ Right _ 2",-71.7918786693064,15.7998498023624,979.953959729567,-78.3512667306074,59.0499261486166,1024.83148410985
"BIGKAT _ P77 _ Right _ 2",-71.7676150537136,15.675750807958,979.85492439248,-78.8836446545931,59.7104888393963,1025.18647607335
"BIGKAT _ P77 _ Right _ 2",-71.705411042725,15.5057769032297,979.674290485098,-79.3708280296383,60.3932788087505,1025.58766478474
"BIGKAT _ P77 _ Right _ 2",-71.6246599268185,15.3206822486107,979.4348202944,-79.7892988589417,61.0691927174178,1026.02499324858
"BIGKAT _ P77 _ Right _ 2",-71.5402374076698,15.152994796938,979.18936925432,-80.100717481999,61.6588454353248,1026.43786816381
"BIGKAT _ P77 _ Right _ 2",-71.4616277011402,15.0343353465967,979.01398670346,-80.2568401571897,62.0362857970692,1026.71814932407
"BIGKAT _ P77 _ Right _ 2",-71.3941889951762,14.993152375851,978.993907751593,-80.2085584025492,62.0447754693995,1026.7256386788
"BIGKAT _ P77 _ Right _ 2",-71.3410326117706,15.051782547999,979.206044233994,-79.9177852053853,61.5243434531257,1026.31514795029
"BIGKAT _ P77 _ Right _ 2",-71.3039744555115,15.2223520512228,979.702061542738,-79.3693156201277,60.3471686911307,1025.37066575739
"BIGKAT _ P77 _ Right _ 2",-71.2829873000211,15.502379441276,980.495452440388,-78.5791003885156,58.4534293229387,1023.83901578068
"BIGKAT _ P77 _ Right _ 2",-71.2748981056574,15.872080081457,981.555013399399,-77.5960942419123,55.8785407259025,1021.75390518746
"BIGKAT _ P77 _ Right _ 2",-71.272788379453,16.2954464129071,982.806243951901,-76.4965679859971,52.7632161391216,1019.24225537459
"BIGKAT _ P77 _ Right _ 2",-71.2671125037016,16.725960417919,984.141234880117,-75.3717746952246,49.3405771461628,1016.50845297257
"BIGKAT _ P77 _ Right _ 2",-71.2482829744618,17.1158009733688,985.436138608563,-74.3116742720567,45.8997453979681,1013.79815138266
"BIGKAT _ P77 _ Right _ 2",-71.2094186806867,17.4257062955203,986.573227984403,-73.3887398126478,42.7325643902273,1011.35002865888
"BIGKAT _ P77 _ Right _ 2",-71.1479275224326,17.6322736786108,987.462472124107,-72.646152700371,40.0771321431271,1009.3488752408
"BIGKAT _ P77 _ Right _ 2",-71.0654414804191,17.730646163566,988.056782243348,-72.0934470773974,38.0747000432693,1007.89364018848
"BIGKAT _ P77 _ Right _ 2",-70.9665258298475,17.7324693914962,988.356719457379,-71.7101831049299,36.7522608683817,1006.98863422456
"BIGKAT _ P77 _ Right _ 2",-70.8569700670446,17.6606058969657,988.40412111516,-71.4556596488112,36.0333555231197,1006.55749249606
"BIGKAT _ P77 _ Right _ 2",-70.742356245324,17.5427465980487,988.267808804359,-71.2811757868561,35.7698053228906,1006.47222065768
"BIGKAT _ P77 _ Right _ 2",-70.627271105897,17.4057932621065,988.026393556674,-71.1413055093857,35.7820746982683,1006.58674135259
"BIGKAT _ P77 _ Right _ 2",-70.5151886178259,17.2720915202836,987.75281345333,-71.0016853660856,35.8966520826334,1006.76582406861
"BIGKAT _ P77 _ Right _ 2",-70.4087943640721,17.1576995411034,987.503490535988,-70.8422756296803,35.9730486629295,1006.90418448723
"BIGKAT _ P77 _ Right _ 2",-70.3103932079969,17.0721928031413,987.312964947971,-70.6564022314493,35.9180717418253,1006.93478151066
"BIGKAT _ P77 _ Right _ 2",-70.2220465496726,17.0191864997731,987.193297161681,-70.446819551708,35.6890388616999,1006.82851161324
"BIGKAT _ P77 _ Right _ 2",-70.1452099577329,16.9968208332128,987.136741821286,-70.2204643519612,35.2896707882587,1006.58898436272
"BIGKAT _ P77 _ Right _ 2",-70.0798505744101,16.9978117007999,987.120161160238,-69.9835498276169,34.7625012695015,1006.24589807046
"BIGKAT _ P77 _ Right _ 2",-70.0232649102405,17.0091640468948,987.110106771682,-69.7382951652043,34.1803378530252,1005.84920814211
"BIGKAT _ P77 _ Right _ 2",-69.9690284235999,17.0120945151622,987.06810381825,-69.4820322141811,33.6374787172638,1005.46450541934
"BIGKAT _ P77 _ Right _ 2",-69.9066211244144,16.9829431318967,986.956095003914,-69.2087920057013,33.2399332861575,1005.16852534205
"BIGKAT _ P77 _ Right _ 2",-69.8222280630335,16.8957499199968,986.742040317872,-68.9128430715582,33.0934739942343,1005.04305530305
"BIGKAT _ P77 _ Right _ 2",-69.7009738900838,16.7266979989491,986.40531207288,-68.5931147540827,33.2891935653017,1005.16595532403
"BIGKAT _ P77 _ Right _ 2",-69.5304256845727,16.4598662822211,985.940987331763,-68.257084535553,33.8880147183942,1005.59940270257
"BIGKAT _ P77 _ Right _ 2",-69.3046628186972,16.092917030186,985.36182784465,-67.9226486030339,34.9073720145139,1006.37721809469
"BIGKAT _ P77 _ Right _ 2",-69.0277236764319,15.6408051480625,984.69704214594,-67.6168368957221,36.3138964952526,1007.49437431983
"BIGKAT _ P77 _ Right _ 2",-68.71503292092,15.1356925589205,983.987831903023,-67.371026917676,38.0247917107305,1008.90190126814
"BIGKAT _ P77 _ Right _ 2",-68.3917398846739,14.6221814555355,983.280689223252,-67.2134739644961,39.9182637696729,1010.50940563228
"BIGKAT _ P77 _ Right _ 2",-68.0878542910075,14.1485855352942,982.619911512518,-67.1612218452075,41.8510696827187,1012.19583152993
"BIGKAT _ P77 _ Right _ 2",-67.8313902569705,13.7566173274339,982.040902345798,-67.2142279159282,43.6797482962039,1013.82728356216
"BIGKAT _ P77 _ Right _ 2",-67.6417768459665,13.4727109382979,981.565756796341,-67.3541632305575,45.2814745458531,1015.27881354076
"BIGKAT _ P77 _ Right _ 2",-67.5258571049716,13.3036627396015,981.202109101102,-67.5486498957474,46.5706445986279,1016.45538684664
"BIGKAT _ P77 _ Right _ 2",-67.4776963290711,13.2375884553504,980.945035731332,-67.7594445833865,47.5082130205656,1017.30670237872
