"fileName","thumb_y","thumb_x","thumb_z","finger_y","finger_x","finger_z"
"BIGKAT _ P75 _ Left _ 4",-91.315436870838,17.1160893244203,949.508636811074,-100.742384740093,66.4344112517662,955.14293849275
"BIGKAT _ P75 _ Left _ 4",-91.3355968090169,17.1070428691931,949.517227120329,-100.738787426809,66.4282881719616,955.114030071378
"BIGKAT _ P75 _ Left _ 4",-91.3561062677103,17.0966819178945,949.517352933226,-100.741566882811,66.4208307868923,955.088249053518
"BIGKAT _ P75 _ Left _ 4",-91.3698410237777,17.0880605571369,949.504570072073,-100.753219622801,66.4140083688461,955.07677618997
"BIGKAT _ P75 _ Left _ 4",-91.3680539913625,17.0853327214422,949.476271404738,-100.774761287573,66.4106358184719,955.092332876288
"BIGKAT _ P75 _ Left _ 4",-91.3421465209684,17.0930567986468,949.433206562274,-100.804828933073,66.4139278120004,955.146325628023
"BIGKAT _ P75 _ Left _ 4",-91.2860381631671,17.1151178117326,949.380516196243,-100.839178474383,66.4267533674292,955.245350424341
"BIGKAT _ P75 _ Left _ 4",-91.1985793599734,17.1534617442202,949.327702072883,-100.870900090049,66.4507063789418,955.387934113607
"BIGKAT _ P75 _ Left _ 4",-91.0852040598433,17.206973161424,949.287071398405,-100.891535956246,66.4852140600868,955.562616044251
"BIGKAT _ P75 _ Left _ 4",-90.9579837431054,17.2708932227088,949.270569754777,-100.892979541422,66.526972574986,955.748319100653
"BIGKAT _ P75 _ Left _ 4",-90.833574075078,17.3371162789405,949.285571105234,-100.869618903547,66.5699793248457,955.917334192504
"BIGKAT _ P75 _ Left _ 4",-90.7292712875278,17.3955021659421,949.330963885662,-100.819877251788,66.6063002239441,956.040360850677
"BIGKAT _ P75 _ Left _ 4",-90.6582597002085,17.4360238582471,949.39529565829,-100.746411596106,66.6274971893612,956.092363677236
"BIGKAT _ P75 _ Left _ 4",-90.6256487567014,17.4512170829016,949.458277102251,-100.654850800215,66.6264155295106,956.057830268043
"BIGKAT _ P75 _ Left _ 4",-90.6267300834075,17.4381673665925,949.495595722737,-100.551756123606,66.5988627803802,955.934285659539
"BIGKAT _ P75 _ Left _ 4",-90.6481396406801,17.399328901462,949.485536556929,-100.442914393274,66.5446657636075,955.733359337344
"BIGKAT _ P75 _ Left _ 4",-90.6716885864593,17.3418507971173,949.415268082447,-100.332790894209,66.4677415583326,955.479107482832
"BIGKAT _ P75 _ Left _ 4",-90.6798344425201,17.2756305618734,949.284994643874,-100.225149172916,66.3751645474671,955.203687083803
"BIGKAT _ P75 _ Left _ 4",-90.6611865849045,17.2107734532978,949.108946295334,-100.12407168862,66.2755933426698,954.941038235067
"BIGKAT _ P75 _ Left _ 4",-90.614190226733,17.1553238366915,948.912903147652,-100.034407086936,66.1775921632898,954.719939950017
"BIGKAT _ P75 _ Left _ 4",-90.5474853315282,17.1139958455959,948.728654128426,-99.961067331988,66.0882659152482,954.55828464425
"BIGKAT _ P75 _ Left _ 4",-90.4765240410344,17.0882101806598,948.586581956275,-99.9072633166997,66.0123996076689,954.460248075917
"BIGKAT _ P75 _ Left _ 4",-90.4175131885838,17.0771820918424,948.508268244295,-99.8723526687545,65.9521517434073,954.417119808415
"BIGKAT _ P75 _ Left _ 4",-90.3809259532339,17.0793648665179,948.501256273956,-99.8502936061105,65.9073209827148,954.411264354738
"BIGKAT _ P75 _ Left _ 4",-90.3670762737588,17.0935012386028,948.557594971162,-99.8296764621383,65.8761556370966,954.421699538982
"BIGKAT _ P75 _ Left _ 4",-90.3654247062743,17.1189042098454,948.65653378428,-99.7958691208696,65.8565026565354,954.429580861001
"BIGKAT _ P75 _ Left _ 4",-90.3577968275511,17.1550866924683,948.770268596396,-99.734972007793,65.8468706655551,954.42226866598
"BIGKAT _ P75 _ Left _ 4",-90.3242426426689,17.2011166733491,948.870740256383,-99.6383412737419,65.8469169480381,954.395174617303
"BIGKAT _ P75 _ Left _ 4",-90.2494315180852,17.2550206669787,948.935543600219,-99.5059665602096,65.8570969345604,954.351153065584
"BIGKAT _ P75 _ Left _ 4",-90.1274802911848,17.3134301151701,948.951708885898,-99.347342163384,65.8776494284886,954.297923153727
"BIGKAT _ P75 _ Left _ 4",-89.9637974858987,17.3716122877631,948.916931431697,-99.1794516408039,65.9074467065862,954.244664789939
"BIGKAT _ P75 _ Left _ 4",-89.7735433394538,17.4239542362975,948.838445502984,-99.0225177081998,65.9432616799962,954.199073904026
"BIGKAT _ P75 _ Left _ 4",-89.5773292922517,17.4648168400566,948.73008329752,-98.8948117841358,65.9797332993798,954.165633242586
"BIGKAT _ P75 _ Left _ 4",-89.3956083046705,17.4895544946494,948.608225142006,-98.8080492956338,66.0100211886749,954.145111604648
"BIGKAT _ P75 _ Left _ 4",-89.2436542209239,17.495476115893,948.487579401693,-98.7648098895918,66.0270009395445,954.134964080487
"BIGKAT _ P75 _ Left _ 4",-89.1288359975336,17.4825488336112,948.378022773935,-98.7588579874367,66.0247810342116,954.130354921001
"BIGKAT _ P75 _ Left _ 4",-89.0509353628805,17.4536781336198,948.283597965266,-98.7781064326145,66.0001968038998,954.125485862636
"BIGKAT _ P75 _ Left _ 4",-89.0048851370057,17.4144761506971,948.203887242406,-98.8087913862127,65.9538187423836,954.114780632156
"BIGKAT _ P75 _ Left _ 4",-88.9842895509027,17.3725579870118,948.136854863619,-98.8390682877314,65.8900920893307,954.093702843571
"BIGKAT _ P75 _ Left _ 4",-88.9840326571685,17.3365028144154,948.081727584519,-98.8609314013733,65.8165427154653,954.059488911072
"BIGKAT _ P75 _ Left _ 4",-89.001095199892,17.3146147516295,948.040798763917,-98.870422924553,65.7423231990983,954.01213377058
"BIGKAT _ P75 _ Left _ 4",-89.0337264606887,17.3135620439767,948.019703732448,-98.8667325258918,65.6764984401317,953.955314020572
"BIGKAT _ P75 _ Left _ 4",-89.0797768540146,17.3369891270275,948.026213715143,-98.8508371423508,65.626383298211,953.89630828376
"BIGKAT _ P75 _ Left _ 4",-89.135178647448,17.3843612432727,948.067886971668,-98.8241273468115,65.5961183648146,953.844204823455
"BIGKAT _ P75 _ Left _ 4",-89.1934067676804,17.4505116844851,948.149172879378,-98.787311025216,65.5856498275333,953.806709081794
"BIGKAT _ P75 _ Left _ 4",-89.2463286634197,17.5263583884888,948.268802039346,-98.7398654877514,65.5903823661031,953.786909764181
"BIGKAT _ P75 _ Left _ 4",-89.2862171106314,17.6008541270334,948.418370914503,-98.6803215723102,65.6018390049151,953.781700627862
"BIGKAT _ P75 _ Left _ 4",-89.3081016161677,17.6635869409435,948.58280495968,-98.6074726592444,65.6094444186596,953.782888548385
"BIGKAT _ P75 _ Left _ 4",-89.3114110316419,17.7070252153306,948.742780374236,-98.5221471686093,65.6030451409242,953.780634511169
"BIGKAT _ P75 _ Left _ 4",-89.3001480462591,17.7275706836178,948.878352698571,-98.4287925889696,65.5753520212975,953.7676240632
"BIGKAT _ P75 _ Left _ 4",-89.2815025454042,17.7252287581313,948.972528242026,-98.3361314691631,65.5234902997477,953.742063967864
"BIGKAT _ P75 _ Left _ 4",-89.2635297562743,17.7023677310609,949.013783938737,-98.2564893771834,65.4492477137763,953.708304375207
"BIGKAT _ P75 _ Left _ 4",-89.2528748319558,17.6623400669716,948.99729507597,-98.2037904332232,65.3581267976342,953.674994512922
"BIGKAT _ P75 _ Left _ 4",-89.2533247576709,17.6086226415768,948.925148372614,-98.1905870854432,65.2576926684755,953.651644777777
"BIGKAT _ P75 _ Left _ 4",-89.2654525379533,17.54475875848,948.805842751848,-98.2248448122831,65.155869994649,953.645028951658
"BIGKAT _ P75 _ Left _ 4",-89.2871693985024,17.4749340235772,948.653205575599,-98.3073964852216,65.0597424173328,953.656855141773
"BIGKAT _ P75 _ Left _ 4",-89.3147707222552,17.4046538656739,948.484786596248,-98.4308461215351,64.9750665479504,953.68352540974
"BIGKAT _ P75 _ Left _ 4",-89.3440117079121,17.3408914327378,948.31988237193,-98.5802641828323,64.9062967730054,953.717840274297
"BIGKAT _ P75 _ Left _ 4",-89.3708475724459,17.2913230589158,948.177434142815,-98.7354815461283,64.856668923628,953.751652341905
"BIGKAT _ P75 _ Left _ 4",-89.3916974166236,17.2627267138921,948.073956355876,-98.8744158416127,64.8279632193447,953.778203675814
"BIGKAT _ P75 _ Left _ 4",-89.4033456636245,17.2590353881957,948.021459154886,-98.9767939126006,64.8199135440873,953.793352005468
"BIGKAT _ P75 _ Left _ 4",-89.4027762796232,17.2797554570234,948.025370683204,-99.0277264603605,64.8296243834947,953.795691967413
"BIGKAT _ P75 _ Left _ 4",-89.3873013953864,17.3194456194436,948.082920408735,-99.0206053637775,64.8515462148234,953.786091359861
"BIGKAT _ P75 _ Left _ 4",-89.3552556172238,17.3686805328183,948.182939130767,-98.9587481514511,64.8784113792348,953.767222928352
"BIGKAT _ P75 _ Left _ 4",-89.3072190352757,17.4163932409017,948.307940530702,-98.8552810458975,64.9030753480736,953.743467081726
"BIGKAT _ P75 _ Left _ 4",-89.2472525313448,17.4528708518898,948.43842422615,-98.7309718661303,64.9206702901926,953.721133182442
"BIGKAT _ P75 _ Left _ 4",-89.1832559348972,17.4723122898526,948.558009006139,-98.610118049652,64.9302079034079,953.708413417438
"BIGKAT _ P75 _ Left _ 4",-89.1256977367746,17.4740200141885,948.657206625294,-98.5152368147098,64.9349432264976,953.71435354695
"BIGKAT _ P75 _ Left _ 4",-89.0847381697547,17.4619257733173,948.734157422779,-98.461979965151,64.9412744847197,953.746702115408
"BIGKAT _ P75 _ Left _ 4",-89.0667397401103,17.4428463758833,948.792262447679,-98.455866161352,64.9564349476779,953.809304613286
"BIGKAT _ P75 _ Left _ 4",-89.0716816895465,17.4242341300014,948.83625097121,-98.4918120630991,64.9855955854569,953.900039256647
"BIGKAT _ P75 _ Left _ 4",-89.0927571718933,17.4121515910912,948.868822707157,-98.556406732429,65.0292262670389,954.010036606076
"BIGKAT _ P75 _ Left _ 4",-89.1185559849241,17.4099479512871,948.889410840501,-98.632004294486,65.081625163423,954.124458975065
"BIGKAT _ P75 _ Left _ 4",-89.1370949054566,17.4178354058585,948.895299649694,-98.7012909022886,65.1313342129882,954.224704009184
"BIGKAT _ P75 _ Left _ 4",-89.1400639775693,17.4333343473104,948.884047028871,-98.7509796304747,65.1636784323661,954.291577084664
"BIGKAT _ P75 _ Left _ 4",-89.1254851692913,17.4523703748082,948.855580019019,-98.7736356520603,65.1650155827984,954.308783398831
"BIGKAT _ P75 _ Left _ 4",-89.0976915380821,17.4706494063793,948.812729990874,-98.7672802070432,65.1276752200204,954.266078905463
"BIGKAT _ P75 _ Left _ 4",-89.0648048578983,17.4848476037157,948.760059904729,-98.7332114990014,65.0541800646985,954.161570465656
"BIGKAT _ P75 _ Left _ 4",-89.0350191900438,17.4931946014009,948.701874468988,-98.6731762831585,64.9592637868538,954.002898520802
"BIGKAT _ P75 _ Left _ 4",-89.0133759822916,17.4952240083665,948.640634852479,-98.587374678059,64.8684666224786,953.807253739878
"BIGKAT _ P75 _ Left _ 4",-89.0002794767921,17.4907904618855,948.576563093724,-98.4745699443637,64.8127380039143,953.600208232149
"BIGKAT _ P75 _ Left _ 4",-88.9921763369062,17.4788309114865,948.508506649611,-98.3347650521248,64.8194894965788,953.413131868921
"BIGKAT _ P75 _ Left _ 4",-88.9840266304597,17.4566022265131,948.435614562261,-98.1737243993352,64.9017663297107,953.278705882662
"BIGKAT _ P75 _ Left _ 4",-88.9725647446376,17.4200460239446,948.359168378962,-98.0074818171977,65.0483474464956,953.224085906126
"BIGKAT _ P75 _ Left _ 4",-88.9589839911201,17.3654774574088,948.28394078874,-97.8643708602468,65.2183298704509,953.261955106509
"BIGKAT _ P75 _ Left _ 4",-88.9497749019907,17.2922036113623,948.218631621874,-97.7824065687509,65.3438398520472,953.381153053318
"BIGKAT _ P75 _ Left _ 4",-88.9550431086663,17.2052703938149,948.175081466784,-97.801036219528,65.3436826752067,953.540301045695
"BIGKAT _ P75 _ Left _ 4",-88.9844635304014,17.1174435009738,948.165962046311,-97.9479579000867,65.1487049588124,953.66882008184
"BIGKAT _ P75 _ Left _ 4",-89.0417758790222,17.0496327484582,948.200684615866,-98.2233813736261,64.7362102635419,953.678901925926
"BIGKAT _ P75 _ Left _ 4",-89.1192296597833,17.0291180389213,948.279692551431,-98.5854386428966,64.1663743004422,953.489120293242
"BIGKAT _ P75 _ Left _ 4",-89.193568272048,17.0851736681838,948.388106198828,-98.9411830186234,63.6098110152897,953.05631463488
"BIGKAT _ P75 _ Left _ 4",-89.2249364763644,17.2422330108987,948.490491412794,-99.1473860035,63.3543551561588,952.408395476022
"BIGKAT _ P75 _ Left _ 4",-89.1595005610903,17.5117063593718,948.528968839979,-99.0238230273851,63.7819273010351,951.667788809803
"BIGKAT _ P75 _ Left _ 4",-88.9356915475942,17.8847613266903,948.426743166094,-98.3790119095063,65.3126099065365,951.054363497736
"BIGKAT _ P75 _ Left _ 4",-88.4930497287338,18.3292877829079,948.098276854052,-97.0450836142592,68.3213336379723,950.859228983476
"BIGKAT _ P75 _ Left _ 4",-87.7819719303227,18.794218877425,947.465839055409,-94.9155881588856,73.0408538682182,951.387599539181
"BIGKAT _ P75 _ Left _ 4",-86.7724512003221,19.2227755886615,946.480316952989,-91.9784210370881,79.4705768067483,952.879006367406
"BIGKAT _ P75 _ Left _ 4",-85.4601779172223,19.5730033572524,945.142398490784,-88.3361614132022,87.3122971931225,955.423425334819
"BIGKAT _ P75 _ Left _ 4",-83.8690512575332,19.8401210618013,943.519029738491,-84.2079016219685,95.9508539403939,958.898368172659
"BIGKAT _ P75 _ Left _ 4",-82.0499756051084,20.0724673913263,941.74978555767,-79.909550734261,104.491737849519,962.951362577626
"BIGKAT _ P75 _ Left _ 4",-80.0764043644634,20.3728955619911,940.038639108666,-75.8128599244391,111.860299055567,967.043116418262
"BIGKAT _ P75 _ Left _ 4",-78.0373163759813,20.8810475898731,938.628907724075,-72.2868821940569,116.957848661593,970.550091413333
"BIGKAT _ P75 _ Left _ 4",-76.0283828715001,21.738398821701,937.763131710969,-69.6300820255018,118.856694679264,972.905109820541
"BIGKAT _ P75 _ Left _ 4",-74.1420969203413,23.0452773048007,937.634533171865,-68.007469209468,116.999112823627,973.737592624548
"BIGKAT _ P75 _ Left _ 4",-72.4575174686418,24.8240707701729,938.340745858799,-67.4125928843022,111.350009560753,972.968754308593
"BIGKAT _ P75 _ Left _ 4",-71.0303118147158,27.0023659771097,939.852080428412,-67.6728760099144,102.450331073414,970.826979038993
"BIGKAT _ P75 _ Left _ 4",-69.8845026087522,29.4227721739396,942.00477950082,-68.5036588824874,91.3384280636787,967.774266825593
"BIGKAT _ P75 _ Left _ 4",-69.0086229130116,31.8753621040417,944.524177807603,-69.5951178598846,79.3501929114159,964.368177290947
"BIGKAT _ P75 _ Left _ 4",-68.3596659035431,34.139508836728,947.074121213198,-70.699673822491,67.8588894560062,961.11122102252
"BIGKAT _ P75 _ Left _ 4",-67.8768062679604,36.0193373766386,949.320133295322,-71.6872924592137,58.0422939824159,958.346146198218
"BIGKAT _ P75 _ Left _ 4",-67.5030119682531,37.3623160533904,950.988792699477,-72.5518264077946,50.7475633410976,956.233969989466
"BIGKAT _ P75 _ Left _ 4",-67.2080024191856,38.0605978516629,951.907598878831,-73.3720603674418,46.4727845042481,954.811474310456
"BIGKAT _ P75 _ Left _ 4",-67.0035101678761,38.0440257780548,952.017833623183,-74.2459175772598,45.43109599931,954.088736970492
"BIGKAT _ P75 _ Left _ 4",-66.9436372048994,37.2772991043767,951.363615960957,-75.222516649182,47.6367393609139,954.13362480243
"BIGKAT _ P75 _ Left _ 4",-67.1088177351472,35.7698278963286,950.068114644838,-76.2560691186532,52.9590154634139,955.101544870405
"BIGKAT _ P75 _ Left _ 4",-67.5786643166019,33.597335135721,948.309112900109,-77.1993115727036,61.1191304958917,957.195429131112
"BIGKAT _ P75 _ Left _ 4",-68.4034592235721,30.9242672159185,946.301133264677,-77.8426518377211,71.6398008515676,960.570556648711
"BIGKAT _ P75 _ Left _ 4",-69.5842914889429,28.0111319070672,944.283811180875,-77.9897245784444,83.7836212743684,965.221054628498
"BIGKAT _ P75 _ Left _ 4",-71.0679871060835,25.1942497559841,942.510616811066,-77.5445128681353,96.5246095487674,970.892802834516
"BIGKAT _ P75 _ Left _ 4",-72.7570748604025,22.8358691751899,941.231045772026,-76.5763167289908,108.587167023633,977.059327832013
"BIGKAT _ P75 _ Left _ 4",-74.5299319360201,21.2550077646317,940.662920873183,-75.3330364524589,118.564911781718,982.977438663077
"BIGKAT _ P75 _ Left _ 4",-76.2640632401877,20.6578691594465,940.957325158838,-74.1913712011451,125.10821172207,987.815159033965
"BIGKAT _ P75 _ Left _ 4",-77.8563568091866,21.0880291613127,942.164122675427,-73.5575778273689,127.150084079597,990.822401411588
"BIGKAT _ P75 _ Left _ 4",-79.2365616134882,22.4111869918611,944.208589833296,-73.7530055781659,124.126780921847,991.499700054693
"BIGKAT _ P75 _ Left _ 4",-80.3723787878942,24.3397064903768,946.888203669109,-74.9254200679624,116.14199414064,989.717001206199
"BIGKAT _ P75 _ Left _ 4",-81.2659420315562,26.4913721222408,949.893759529837,-77.0169623081,104.025432839849,985.746932787563
"BIGKAT _ P75 _ Left _ 4",-81.9428453871284,28.4674277521127,952.852609294638,-79.796110885713,89.2536642384142,980.203931715616
"BIGKAT _ P75 _ Left _ 4",-82.4368401947606,29.9295617393775,955.385849767359,-82.9341837829596,73.7359130770647,973.912535318406
"BIGKAT _ P75 _ Left _ 4",-82.7751722297848,30.6561246630804,957.167345374145,-86.0900344946508,59.5100009650104,967.750236349342
"BIGKAT _ P75 _ Left _ 4",-82.9698706713906,30.5651216525956,957.972062306044,-88.9689108325177,48.4222524330571,962.511392229794
"BIGKAT _ P75 _ Left _ 4",-83.0184381893926,29.7033248599858,957.7050319699,-91.3407960963982,41.8628403722776,958.819250551768
"BIGKAT _ P75 _ Left _ 4",-82.9138359015845,28.212373744406,956.408783088337,-93.0273612645694,40.5987145123714,957.085802914745
"BIGKAT _ P75 _ Left _ 4",-82.6596699271,26.2886023554851,954.252702004005,-93.881518399933,44.7118747711892,957.500417466045
"BIGKAT _ P75 _ Left _ 4",-82.2836553959954,24.1509146007223,951.509564209559,-93.7837778191011,53.6301508324876,960.027240197373
"BIGKAT _ P75 _ Left _ 4",-81.8422971453815,22.0221677364532,948.522651122448,-92.6675037300393,66.2321598225812,964.404641198323
"BIGKAT _ P75 _ Left _ 4",-81.4129652611222,20.1196545351285,945.664616508834,-90.5669943701978,81.0071547970344,970.155381369956
"BIGKAT _ P75 _ Left _ 4",-81.0751495149046,18.6452731278443,943.289892058426,-87.6659697871699,96.2464227260998,976.622401534203
"BIGKAT _ P75 _ Left _ 4",-80.8879973598698,17.7683474331688,941.686154062257,-84.3175140167012,110.238335713863,983.038901808078
"BIGKAT _ P75 _ Left _ 4",-80.8732847116827,17.601338304459,941.033957855547,-81.0139949350074,121.441646667548,988.62790767042
"BIGKAT _ P75 _ Left _ 4",-81.0103912395817,18.1756168942231,941.383438429687,-78.304038944468,128.623674615411,992.714223469641
"BIGKAT _ P75 _ Left _ 4",-81.2441208687086,19.427066217294,942.652467113427,-76.6748435795685,130.964948165305,994.825982117904
"BIGKAT _ P75 _ Left _ 4",-81.5007008502092,21.1990872938405,944.644749082329,-76.4333206322445,128.138744576976,994.764270775897
"BIGKAT _ P75 _ Left _ 4",-81.7048734655495,23.2656764465762,947.082462836341,-77.6236507398318,120.366720987295,992.625226649775
"BIGKAT _ P75 _ Left _ 4",-81.7922254692841,25.3716655424184,949.647262982647,-80.0103648934444,108.435055581194,988.767967711144
"BIGKAT _ P75 _ Left _ 4",-81.7143289149872,27.2819219063588,952.024216823317,-83.1362807987486,93.6431138436913,983.733937409856
"BIGKAT _ P75 _ Left _ 4",-81.4379439006927,28.8270336391153,953.943328373386,-86.4383266052283,77.6636108006268,978.137993441721
"BIGKAT _ P75 _ Left _ 4",-80.9419917824116,29.9314831545929,955.212271153328,-89.3817235972737,62.3230828637031,972.563411202366
"BIGKAT _ P75 _ Left _ 4",-80.2164077478848,30.6138532303889,955.733690256686,-91.5666885620591,49.348330497527,967.492908600265
"BIGKAT _ P75 _ Left _ 4",-79.2652865555214,30.9578627340769,955.503353115867,-92.7767865320482,40.141832239847,963.291470430589
"BIGKAT _ P75 _ Left _ 4",-78.1138469060602,31.0649515689357,954.591679142178,-92.9655992568544,35.6331706863503,960.231241663417
"BIGKAT _ P75 _ Left _ 4",-76.8160102096249,31.0079138911564,953.117604887256,-92.2026421266746,36.2171889616561,958.528808704147
"BIGKAT _ P75 _ Left _ 4",-75.4579752448684,30.8055689438358,951.226037375046,-90.6100554115107,41.7596234536994,958.36196142698
"BIGKAT _ P75 _ Left _ 4",-74.1538351032091,30.429315287796,949.076438830742,-88.318169232987,51.6432016661271,959.847065450137
"BIGKAT _ P75 _ Left _ 4",-73.0321123669536,29.8373163599914,946.842484453261,-85.4555685596156,64.8373267382482,962.981303278168
"BIGKAT _ P75 _ Left _ 4",-72.2159511191564,29.0185235203366,944.715708757363,-82.1728083415972,79.9878698616559,967.575048906243
"BIGKAT _ P75 _ Left _ 4",-71.8025653535055,28.0241243248261,942.903478081704,-78.6829289812069,95.5293372648146,973.208937361505
"BIGKAT _ P75 _ Left _ 4",-71.8478650953461,26.9706737251334,941.614569187859,-75.2918150268045,109.818890283621,979.243750401189
"BIGKAT _ P75 _ Left _ 4",-72.359942329816,26.0128627422809,941.031914379735,-72.3926688637851,121.28646790936,984.892929998925
"BIGKAT _ P75 _ Left _ 4",-73.3016123022831,25.2970137796592,941.278039816187,-70.4128198933955,128.59286605654,989.346432395484
"BIGKAT _ P75 _ Left _ 4",-74.5993352560876,24.9132030584261,942.382055091557,-69.7223279966371,130.787246681899,991.91849871624
"BIGKAT _ P75 _ Left _ 4",-76.154964519608,24.8631655816004,944.257745133806,-70.5328105812562,127.451863318725,992.183700475226
"BIGKAT _ P75 _ Left _ 4",-77.8577474440497,25.05500503924,946.701059001969,-72.8234881770585,118.81161827561,990.065928428829
"BIGKAT _ P75 _ Left _ 4",-79.5953326657356,25.3269855684959,949.4118405918,-76.3257243758465,105.774126291118,985.854960921985
"BIGKAT _ P75 _ Left _ 4",-81.2629349568192,25.4933168900841,952.038493672579,-80.5776904587317,89.8642923957126,980.144880406967
"BIGKAT _ P75 _ Left _ 4",-82.7695823972079,25.3968878532413,954.236587263589,-85.0329973702659,73.0369987087865,973.712922550058
"BIGKAT _ P75 _ Left _ 4",-84.040767372111,24.9504301767805,955.726573647226,-89.1837575449366,57.3904694204607,967.375952697288
"BIGKAT _ P75 _ Left _ 4",-85.0183066920816,24.1515615529555,956.335449549799,-92.653562963601,44.8420788912945,961.864578884886
"BIGKAT _ P75 _ Left _ 4",-85.6598535437051,23.068308300982,956.013297181972,-95.2331792168866,36.8434187376982,957.740283463884
"BIGKAT _ P75 _ Left _ 4",-85.9409091557384,21.8049220739346,954.825212633574,-96.8601885516236,34.1938237029181,955.35830972211
"BIGKAT _ P75 _ Left _ 4",-85.8606935110458,20.4657470529745,952.927049317435,-97.5665327994941,36.9758620496353,954.86220515081
"BIGKAT _ P75 _ Left _ 4",-85.4504036017213,19.133136360386,950.535903117442,-97.4253412948833,44.6045713146318,956.193023789086
"BIGKAT _ P75 _ Left _ 4",-84.7797039397234,17.8655019562141,947.903140204217,-96.5212576045165,55.9645322917073,959.104949928823
"BIGKAT _ P75 _ Left _ 4",-83.9563573883115,16.7098529963468,945.292001503488,-94.9525870464111,69.6011574709125,963.19016766642
"BIGKAT _ P75 _ Left _ 4",-83.1155453984653,15.7165391131485,942.957450702929,-92.8562201776518,83.9285976226672,967.920266861806
"BIGKAT _ P75 _ Left _ 4",-82.399203144789,14.9453593006165,941.125454514202,-90.4347918966641,97.4169997402945,972.706998117185
"BIGKAT _ P75 _ Left _ 4",-81.9299406159857,14.4592683199964,939.971613943036,-87.9647739839167,108.731264421019,976.976276095336
"BIGKAT _ P75 _ Left _ 4",-81.7867399558024,14.3093105052455,939.602076456211,-85.7734560772942,116.812635421416,980.24236684692
"BIGKAT _ P75 _ Left _ 4",-81.9893414208488,14.5181906503863,940.040590345365,-84.1864683353505,120.91616336697,982.167623063438
"BIGKAT _ P75 _ Left _ 4",-82.495322965258,15.0694757550106,941.224393305471,-83.4594742944493,120.630339046193,982.596704801279
"BIGKAT _ P75 _ Left _ 4",-83.2097907748167,15.9065226748616,943.009868771417,-83.7143655756792,115.902504290958,981.560700359706
"BIGKAT _ P75 _ Left _ 4",-84.0040525393284,16.9418114037529,945.187724698867,-84.9007240442389,107.075422757388,979.253133187796
"BIGKAT _ P75 _ Left _ 4",-84.7378412892218,18.074511137225,947.506770384837,-86.7975620497144,94.9154003162787,975.984546835264
"BIGKAT _ P75 _ Left _ 4",-85.279871037683,19.211859958683,949.704291473156,-89.058894620657,80.5953613260646,972.125466915991
"BIGKAT _ P75 _ Left _ 4",-85.5232170085226,20.2879197569504,951.538934925351,-91.2915746058965,65.6015983681016,968.050421484436
"BIGKAT _ P75 _ Left _ 4",-85.3943946667887,21.2720585420702,952.819652421673,-93.1406339755243,51.5629219199205,964.097331447068
"BIGKAT _ P75 _ Left _ 4",-84.8572669432385,22.1613502286345,953.423812507879,-94.35400864825,40.0383069352273,960.55279618232
"BIGKAT _ P75 _ Left _ 4",-83.9142872222642,22.9576595691451,953.300971798159,-94.808594024705,32.3168014107096,957.662442407084
"BIGKAT _ P75 _ Left _ 4",-82.6074040235701,23.6393053455114,952.465053752155,-94.4974912163756,29.2694569231013,955.6515103905
"BIGKAT _ P75 _ Left _ 4",-81.0190016132558,24.1432133059081,950.982881495401,-93.4934093464249,31.2625996662478,954.73335655553
"BIGKAT _ P75 _ Left _ 4",-79.2704649918952,24.3716057692956,948.967340179237,-91.9085897503842,38.1207439113076,955.088026961239
"BIGKAT _ P75 _ Left _ 4",-77.5143699654592,24.2270444191364,946.578395004022,-89.867698209875,49.1278437356776,956.807943585021
"BIGKAT _ P75 _ Left _ 4",-75.9175481112482,23.6651886957166,944.027715484713,-87.5011477470256,63.0695110577875,959.826837491298
"BIGKAT _ P75 _ Left _ 4",-74.6360375172864,22.7430884295633,941.577101775852,-84.9560356930891,78.3301566084759,963.863089376258
"BIGKAT _ P75 _ Left _ 4",-73.7871396830559,21.6389181578859,939.520748497144,-82.4127932625849,93.056684786406,968.411281734697
"BIGKAT _ P75 _ Left _ 4",-73.4262623618612,20.6287783006328,938.147362022414,-80.0907628869623,105.384425436795,972.801981926434
"BIGKAT _ P75 _ Left _ 4",-73.5358458117905,20.0231039235921,937.687558550216,-78.2289441960959,113.699939188043,976.324110365738
"BIGKAT _ P75 _ Left _ 4",-74.0306566365853,20.0814164905404,938.260184887248,-77.0401263863016,116.898603243499,978.378339531894
"BIGKAT _ P75 _ Left _ 4",-74.7791364822934,20.9330349351544,939.834519716695,-76.6527192470007,114.587104383713,978.615399332497
"BIGKAT _ P75 _ Left _ 4",-75.6356520736249,22.5302679247476,942.222517442721,-77.0656731607544,107.182747235603,977.015652279765
"BIGKAT _ P75 _ Left _ 4",-76.4747996406518,24.6503987396831,945.10720195373,-78.1401307192661,95.8739795152647,973.885048849433
"BIGKAT _ P75 _ Left _ 4",-77.2177110804698,26.9466236855236,948.102133494719,-79.635792600881,82.4326938517617,969.771388644208
"BIGKAT _ P75 _ Left _ 4",-77.8424669545053,29.0312428827924,950.826034052665,-81.2781539265839,68.9075617880827,965.332593126977
"BIGKAT _ P75 _ Left _ 4",-78.3759577912221,30.5636228446337,952.970882371421,-82.8278451521587,57.2663408188563,961.2026419955
"BIGKAT _ P75 _ Left _ 4",-78.8710776004433,31.3161612400412,954.344815579992,-84.1244669518147,49.0729998014587,957.894066309597
"BIGKAT _ P75 _ Left _ 4",-79.3783740931484,31.2033423192418,954.882274173665,-85.0923207723328,45.2703669958917,955.753379167429
"BIGKAT _ P75 _ Left _ 4",-79.9230995975611,30.2749116644792,954.627123013014,-85.7136404027693,46.1004914080479,954.961504822177
"BIGKAT _ P75 _ Left _ 4",-80.4962800839404,28.6853777569238,953.702798995494,-85.9870040464816,51.156321597527,955.558115268728
"BIGKAT _ P75 _ Left _ 4",-81.0626652444398,26.6542983613569,952.283253701372,-85.891682512711,59.5350257305885,957.470468281904
"BIGKAT _ P75 _ Left _ 4",-81.5812277541089,24.4273807060893,950.571321985456,-85.3740548641831,70.0535818397479,960.537854113549
"BIGKAT _ P75 _ Left _ 4",-82.0282385600729,22.2426174366239,948.782651778207,-84.3623629427413,81.4823282935015,964.532489595178
"BIGKAT _ P75 _ Left _ 4",-82.4117140449687,20.3025258355408,947.129097016671,-82.8045030252348,92.7490026417728,969.18040021084
"BIGKAT _ P75 _ Left _ 4",-82.7701539241912,18.7535963360013,945.797585608683,-80.7147746798966,103.069490846193,974.182106298267
"BIGKAT _ P75 _ Left _ 4",-83.1561502860636,17.6750104735158,944.926426624195,-78.212661543845,111.977951750977,979.228397891383
"BIGKAT _ P75 _ Left _ 4",-83.6128695294106,17.0781540285835,944.586103746986,-75.5394368947756,119.257330141334,984.006435532567
"BIGKAT _ P75 _ Left _ 4",-84.1547668322594,16.9161344001521,944.772334728782,-73.0440205228607,124.802756451723,988.196843419834
"BIGKAT _ P75 _ Left _ 4",-84.7614786570959,17.1000008577049,945.415159708401,-71.1361424712379,128.473098466607,991.470138935873
"BIGKAT _ P75 _ Left _ 4",-85.387124625061,17.5172475783523,946.401379095926,-70.2123032992224,129.991069581081,993.495738959173
"BIGKAT _ P75 _ Left _ 4",-85.9799224114865,18.0488309682271,947.6022532141,-70.568308674563,128.937100482465,993.974643244518
"BIGKAT _ P75 _ Left _ 4",-86.5026962058773,18.5827691436206,948.896787106697,-72.3198036253767,124.850354594343,992.696551513637
"BIGKAT _ P75 _ Left _ 4",-86.9451662334201,19.0244328540848,950.183843791622,-75.3557481578259,117.410864698583,989.607187907143
"BIGKAT _ P75 _ Left _ 4",-87.3230503745773,19.3047492260599,951.381993259118,-79.3450639623602,106.642585693027,984.859857019354
"BIGKAT _ P75 _ Left _ 4",-87.6647389018356,19.3869003695703,952.421264229494,-83.8018851164739,93.0618612196743,978.825215531959
"BIGKAT _ P75 _ Left _ 4",-87.9912440831409,19.2699991730403,953.23322947524,-88.1933001304269,77.7089309361888,972.047969449971
"BIGKAT _ P75 _ Left _ 4",-88.2976091565313,18.9863240451745,953.744676321737,-92.0545672452737,62.040513453353,965.162199533048
"BIGKAT _ P75 _ Left _ 4",-88.5433067662343,18.589184579367,953.877208701803,-95.071999723387,47.7130470548787,958.794844483006
"BIGKAT _ P75 _ Left _ 4",-88.6557842249179,18.1324421346986,953.552802011604,-97.1080909278085,36.3227241704523,953.488399411651
"BIGKAT _ P75 _ Left _ 4",-88.5466381191746,17.6485626281246,952.704681953734,-98.1697793311504,29.1706476657419,949.65885758511
"BIGKAT _ P75 _ Left _ 4",-88.1356864505853,17.1359784373473,951.293175237736,-98.3442529019057,27.0930042996781,947.583966703895
"BIGKAT _ P75 _ Left _ 4",-87.375727696039,16.5650270811573,949.325726892765,-97.7361400661725,30.3614043418581,947.40306984341
"BIGKAT _ P75 _ Left _ 4",-86.2705727785136,15.9043737486364,946.878146101183,-96.4337400573179,38.641158612786,949.109952303282
"BIGKAT _ P75 _ Left _ 4",-84.8809901888482,15.1594754681845,944.110935476103,-94.51547396282,51.0003138325804,952.532420791705
"BIGKAT _ P75 _ Left _ 4",-83.3168922651483,14.406225188044,941.272168497331,-92.0881945132267,65.9769232897613,957.309296502722
"BIGKAT _ P75 _ Left _ 4",-81.718102334157,13.8015198504891,938.67911911027,-89.3331734691432,81.7190647771495,962.887677100936
"BIGKAT _ P75 _ Left _ 4",-80.2288735960104,13.5604534807359,936.676018947032,-86.5296343789643,96.2026060470851,968.563144426827
"BIGKAT _ P75 _ Left _ 4",-78.9721567758053,13.9041512181992,935.573690267726,-84.0335364482265,107.509364990763,973.571453847188
"BIGKAT _ P75 _ Left _ 4",-78.0287209942821,14.9956703113021,935.584735888813,-82.20925819394,114.124725693224,977.218322526502
"BIGKAT _ P75 _ Left _ 4",-77.4245868528583,16.8870326538194,936.771704413216,-81.3351981208994,115.199640272427,979.015014445579
"BIGKAT _ P75 _ Left _ 4",-77.1286096453961,19.4960839684467,939.023599155573,-81.5193196459818,110.721337036568,978.780505445359
"BIGKAT _ P75 _ Left _ 4",-77.0604906828317,22.6204131035429,942.069051194697,-82.6592337779676,101.54859957194,976.679099435328
"BIGKAT _ P75 _ Left _ 4",-77.1075847852201,25.9824543145742,945.52449043743,-84.4635056235054,89.2895768507657,973.182459530634
"BIGKAT _ P75 _ Left _ 4",-77.1467056435301,29.2900616485106,948.96547525071,-86.5245819693652,76.0326759868355,968.969741139692
"BIGKAT _ P75 _ Left _ 4",-77.0657314687409,32.2932167712777,952.002349937239,-88.4122442279753,63.9801653391601,964.798868048963
"BIGKAT _ P75 _ Left _ 4",-76.7802092082729,34.8209553572685,954.340654270829,-89.7515865940478,55.0659414772664,961.387069274653
"BIGKAT _ P75 _ Left _ 4",-76.2422175859901,36.7917021770556,955.813092445502,-90.2632920296266,50.6455977659616,959.327273040613
"BIGKAT _ P75 _ Left _ 4",-75.4413438691189,38.2010705106165,956.380782027795,-89.7664811003729,51.3222053662305,959.045853693123
"BIGKAT _ P75 _ Left _ 4",-74.3997005417371,39.0985300973572,956.111779873774,-88.1617828796995,56.9284591724356,960.789074106539
"BIGKAT _ P75 _ Left _ 4",-73.1640023820278,39.5647610991884,955.149801080206,-85.41699876678,66.6463648848737,964.619940103734
"BIGKAT _ P75 _ Left _ 4",-71.7977151785529,39.6959780691515,953.684222658169,-81.5707280351349,79.220894273625,970.414347170487
"BIGKAT _ P75 _ Left _ 4",-70.3752333503829,39.5945653903255,951.926432615302,-76.7557390222525,93.2125698538137,977.857316248278
"BIGKAT _ P75 _ Left _ 4",-68.9783918039134,39.3615734118749,950.091802287229,-71.2299721862258,107.231916670419,986.447758374546
"BIGKAT _ P75 _ Left _ 4",-67.694113216486,39.0875058662361,948.384214059181,-65.3951799281595,120.106963051358,995.520427349992
"BIGKAT _ P75 _ Left _ 4",-66.6112923085142,38.8414797934313,946.981195332542,-59.7851633492301,130.955716622657,1004.28960400449
"BIGKAT _ P75 _ Left _ 4",-65.8154269940338,38.6619326826453,946.02003940644,-55.0157288517019,139.166106105992,1011.91487767454
"BIGKAT _ P75 _ Left _ 4",-65.3808037225908,38.5524165476796,945.586664376923,-51.7009509483936,144.317018464408,1017.58652702005
"BIGKAT _ P75 _ Left _ 4",-65.36150595889,38.4839675841334,945.708825210326,-50.3499083108632,146.093780700819,1020.62510652029
"BIGKAT _ P75 _ Left _ 4",-65.7833587872134,38.4031198822515,946.354548917904,-51.2636597374268,144.250793385748,1020.58508029321
"BIGKAT _ P75 _ Left _ 4",-66.6388132516386,38.2435592027122,947.436301849886,-54.455295389266,138.651441532285,1017.34532086743
"BIGKAT _ P75 _ Left _ 4",-67.8859253593028,37.9396671876913,948.821388272141,-59.6164692695006,129.37797474692,1011.1625775511
"BIGKAT _ P75 _ Left _ 4",-69.4515530708293,37.4405108133898,950.348602935188,-66.1486845579666,116.865980720172,1002.66355428215
"BIGKAT _ P75 _ Left _ 4",-71.2381365753901,36.7222006932965,951.849633766047,-73.2628803978525,101.996650751442,992.763270693972
"BIGKAT _ P75 _ Left _ 4",-73.1328927844087,35.7952868174686,953.171339012319,-80.127640478693,86.0882754382261,982.521748871216
"BIGKAT _ P75 _ Left _ 4",-75.0177402936692,34.7034599824226,954.193033258755,-86.0245513745348,70.7654540522284,972.976571806201
"BIGKAT _ P75 _ Left _ 4",-76.7781594585657,33.5118660100226,954.833432162344,-90.463335154059,57.7316166269812,964.998712719679
"BIGKAT _ P75 _ Left _ 4",-78.3101230930221,32.2878981158854,955.04622325498,-93.2260394776721,48.5024404691487,959.205108610538
"BIGKAT _ P75 _ Left _ 4",-79.5259612707841,31.0820666957891,954.809607296824,-94.3398335646976,44.1625741316496,955.932909991412
"BIGKAT _ P75 _ Left _ 4",-80.3612514466629,29.9179976672165,954.119374332226,-94.0042671912675,45.1928296475171,955.255826565931
"BIGKAT _ P75 _ Left _ 4",-80.7841921183405,28.797054841835,952.99362945626,-92.5091124878115,51.3934492003271,957.015319035228
"BIGKAT _ P75 _ Left _ 4",-80.806130343223,27.7160895980869,951.489960721276,-90.1724433164919,61.9096615529503,960.848632184864
"BIGKAT _ P75 _ Left _ 4",-80.4885019192616,26.6901359721504,949.726351770951,-87.3119493641221,75.350306073463,966.212692214257
"BIGKAT _ P75 _ Left _ 4",-79.9401972188573,25.7689968393925,947.891438274172,-84.2438755546662,89.9775734469471,972.416145013312
"BIGKAT _ P75 _ Left _ 4",-79.3020123408751,25.0390108185822,946.232018820181,-81.2910654359671,103.935802496157,978.673753392808
"BIGKAT _ P75 _ Left _ 4",-78.7202929325282,24.6075110374158,945.015172214112,-78.7796514437449,115.4831513246,984.18844277838
"BIGKAT _ P75 _ Left _ 4",-78.3171159577769,24.5743510371324,944.473643638596,-77.0130064455405,123.195437246008,988.253052478389
"BIGKAT _ P75 _ Left _ 4",-78.1665813840843,24.9993644734472,944.750593355439,-76.225845146625,126.124390285858,990.353106501891
"BIGKAT _ P75 _ Left _ 4",-78.2847635384429,25.8757361373138,945.860454738424,-76.5333633755603,123.904446273445,990.247198316006
"BIGKAT _ P75 _ Left _ 4",-78.6354645893924,27.1177665943288,947.677332788576,-77.8955734024865,116.804853642105,988.003917772701
"BIGKAT _ P75 _ Left _ 4",-79.1477850944779,28.5682815320163,949.954144343564,-80.1143807262901,105.717345935023,983.983328777121
"BIGKAT _ P75 _ Left _ 4",-79.7376748543745,30.026033812928,952.367573786738,-82.8705921388283,92.063689935414,978.765008379259
"BIGKAT _ P75 _ Left _ 4",-80.3256668676158,31.2870679799349,954.57770568023,-85.7921383173205,77.6146409479301,973.040045964985
"BIGKAT _ P75 _ Left _ 4",-80.84642696937,32.1880268183725,956.287869303361,-88.5300653118378,64.2363763548897,967.495958501348
"BIGKAT _ P75 _ Left _ 4",-81.2503875832972,32.6373190056024,957.290665740251,-90.8145384536365,53.6109275453599,962.725184907593
"BIGKAT _ P75 _ Left _ 4",-81.5010347213098,32.6245885783621,957.490922595688,-92.4732679212034,46.9928306655648,959.176597107131
"BIGKAT _ P75 _ Left _ 4",-81.5720405441311,32.2085155447137,956.90427224041,-93.4133742484394,45.0532830779443,957.149706895872
"BIGKAT _ P75 _ Left _ 4",-81.4468264085744,31.4920304257384,955.637659871841,-93.5835668281726,47.8339640400423,956.813906270964
"BIGKAT _ P75 _ Left _ 4",-81.1207412602491,30.5972235019713,953.861666036046,-92.939363820498,54.8045958226368,958.229922839948
"BIGKAT _ P75 _ Left _ 4",-80.6041267301927,29.6485824521934,951.78306874027,-91.429791731774,65.0019888153782,961.358819264454
"BIGKAT _ P75 _ Left _ 4",-79.9237794062992,28.7659101676669,949.621564350867,-89.0132768478692,77.2199377938177,966.05756677602
"BIGKAT _ P75 _ Left _ 4",-79.1208770534915,28.0619977734683,947.590245648597,-85.6977163287732,90.2118709661734,972.069585621975
"BIGKAT _ P75 _ Left _ 4",-78.2450392542042,27.6383211973554,945.877843969218,-81.5894432946806,102.862876440742,979.019427319131
"BIGKAT _ P75 _ Left _ 4",-77.3461152207689,27.5751783509608,944.632220588649,-76.9315557023547,114.292978534393,986.41675123397
"BIGKAT _ P75 _ Left _ 4",-76.4666013601804,27.9179735317349,943.947069079057,-72.1146932847836,123.874295115643,993.672508904278
"BIGKAT _ P75 _ Left _ 4",-75.6376426697458,28.6648633100878,943.854666801857,-67.65053643603,131.175369475562,1000.13181920642
"BIGKAT _ P75 _ Left _ 4",-74.88029329507,29.7608349601743,944.32605199014,-64.1070550053376,135.873021454628,1005.12933827907
"BIGKAT _ P75 _ Left _ 4",-74.2115760321549,31.1006326263683,945.277724320517,-62.0135725331381,137.682899033997,1008.06901945893
"BIGKAT _ P75 _ Left _ 4",-73.6526918950146,32.5401279598555,946.582809935216,-61.7529526801257,136.349739512572,1008.5202387506
"BIGKAT _ P75 _ Left _ 4",-73.2353432230792,33.9141978150218,948.085054481228,-63.4662413032622,131.711245378716,1006.31023030069
"BIGKAT _ P75 _ Left _ 4",-73.0022416536015,35.0588344872116,949.614989146741,-66.9981661072292,123.815572591895,1001.58492519601
"BIGKAT _ P75 _ Left _ 4",-72.9997846735621,35.8350743354486,951.007992566217,-71.905785365108,113.044602933678,994.812813134965
"BIGKAT _ P75 _ Left _ 4",-73.2641200097689,36.1515143055146,952.123195419882,-77.5356755095217,100.185800267856,986.722066130476
"BIGKAT _ P75 _ Left _ 4",-73.8049575524032,35.9807920443508,952.860333451868,-83.1513061574529,86.4110987119702,978.185068910622
"BIGKAT _ P75 _ Left _ 4",-74.5929492639595,35.3647070021938,953.169931462034,-88.0722053621456,73.1559827551483,970.084339545504
"BIGKAT _ P75 _ Left _ 4",-75.5556435687087,34.4043365436946,953.052800923909,-91.7824775403496,61.926845093363,963.197245578027
"BIGKAT _ P75 _ Left _ 4",-76.5845426564862,33.2360582178999,952.548840182219,-93.9822230928044,54.0811573596421,958.121786677014
"BIGKAT _ P75 _ Left _ 4",-77.5526856846898,32.0000802451783,951.720515228792,-94.5819576880544,50.6209325941134,955.242757102177
"BIGKAT _ P75 _ Left _ 4",-78.3392293934867,30.811810880345,950.639372622392,-93.6615807125052,52.0292872953298,954.72191127965
"BIGKAT _ P75 _ Left _ 4",-78.8551547996078,29.7458484352538,949.382102673281,-91.4220593051,58.1741297923085,956.495324023853
"BIGKAT _ P75 _ Left _ 4",-79.062998441094,28.8373170339309,948.036668892754,-88.150366304301,68.2991399050408,960.272713060364
"BIGKAT _ P75 _ Left _ 4",-78.9842898324735,28.097683573118,946.712134282106,-84.203131440159,81.1105897815341,965.546921772748
"BIGKAT _ P75 _ Left _ 4",-78.6918959696437,27.5356604660691,945.542338533057,-79.999855207949,94.9476629803769,971.627489035759
"BIGKAT _ P75 _ Left _ 4",-78.2898652205977,27.1717859788662,944.67595782428,-76.0088972533992,108.003933071018,977.70729800072
"BIGKAT _ P75 _ Left _ 4",-77.887947433601,27.0387947325846,944.252180689369,-72.7120092543813,118.560379023875,982.960110772307
"BIGKAT _ P75 _ Left _ 4",-77.5792548971838,27.1668985086198,944.368164593949,-70.5442198646796,125.197948176282,986.655850509629
"BIGKAT _ P75 _ Left _ 4",-77.4271906776049,27.5601831423995,945.048428118887,-69.8196730497713,126.971534584181,988.272990435687
"BIGKAT _ P75 _ Left _ 4",-77.463340342981,28.1747535326377,946.226548783956,-70.6643974604995,123.535914003841,987.58400675395
"BIGKAT _ P75 _ Left _ 4",-77.6935088429097,28.9096551967319,947.746448361358,-72.9798748856458,115.212801975477,984.692126598914
"BIGKAT _ P75 _ Left _ 4",-78.1062860569181,29.6177090300165,949.385139698649,-76.45477019136,102.981655487196,980.007491639042
"BIGKAT _ P75 _ Left _ 4",-78.6785978109137,30.1360600464483,950.892553604716,-80.6268017272149,88.3759264994286,974.167075884658
"BIGKAT _ P75 _ Left _ 4",-79.3754620658177,30.3278322302136,952.038674900761,-84.9773229935872,73.2802594871894,967.919580465062
"BIGKAT _ P75 _ Left _ 4",-80.1450473831708,30.1205157794962,952.655384131843,-89.0271306944644,59.6521584774207,962.006628911896
"BIGKAT _ P75 _ Left _ 4",-80.9131327320009,29.5269897742749,952.661659212752,-92.4021512031748,49.2210863490384,957.069654260837
"BIGKAT _ P75 _ Left _ 4",-81.5819622659104,28.6419850533381,952.066610307833,-94.8529356188014,43.2307874990841,953.598276387366
"BIGKAT _ P75 _ Left _ 4",-82.0372286807472,27.6168683674565,950.953154541436,-96.2336013046387,42.2782684339704,951.917664163875
"BIGKAT _ P75 _ Left _ 4",-82.1641599362538,26.6233645391945,949.451689623282,-96.462139916336,46.2739418527187,952.199250930449
"BIGKAT _ P75 _ Left _ 4",-81.8701790286388,25.8186665341033,947.714332374361,-95.4879263476393,54.5185668611285,954.477221634216
"BIGKAT _ P75 _ Left _ 4",-81.1082528797661,25.3208248202826,945.896151793648,-93.2842169456366,65.8729064729485,958.660493409272
"BIGKAT _ P75 _ Left _ 4",-79.8932215384286,25.1974258919235,944.143659969567,-89.8686864867056,78.9834489845172,964.539303865098
"BIGKAT _ P75 _ Left _ 4",-78.3045565633702,25.465466326143,942.586690811061,-85.3407026005793,92.5181913034676,971.790812172709
"BIGKAT _ P75 _ Left _ 4",-76.4733849763433,26.0979243334801,941.329906131829,-79.9164143110725,105.362375978264,979.988006487817
"BIGKAT _ P75 _ Left _ 4",-74.5574544724946,27.0331025829407,940.443608825554,-73.9445064360844,116.731230178992,988.613597614407
"BIGKAT _ P75 _ Left _ 4",-72.7121456965903,28.1848848008952,939.957188844538,-67.8939465481603,126.178088194479,997.079065986227
"BIGKAT _ P75 _ Left _ 4",-71.0666220827026,29.4534712272565,939.859492908866,-62.3142616059431,133.507288154547,1004.75000892519
"BIGKAT _ P75 _ Left _ 4",-69.7115430243983,30.7359833384039,940.107919914215,-57.7743340872192,138.63156125577,1010.98132996138
"BIGKAT _ P75 _ Left _ 4",-68.699829119258,31.935452711022,940.643652410349,-54.7873582913718,141.432142441329,1015.16733478508
"BIGKAT _ P75 _ Left _ 4",-68.0569488494592,32.9666369687488,941.406938224128,-53.7306034018673,141.679339725426,1016.80981376522
"BIGKAT _ P75 _ Left _ 4",-67.7941149978992,33.7583659577906,942.346011536863,-54.771729534994,139.05088492755,1015.59981192823
"BIGKAT _ P75 _ Left _ 4",-67.9176266230159,34.253939584426,943.41641487146,-57.8181689953869,133.250449406418,1011.49711653726
"BIGKAT _ P75 _ Left _ 4",-68.4301240921795,34.4122019314696,944.572473454848,-62.5085963300056,124.189645795073,1004.78109898175
"BIGKAT _ P75 _ Left _ 4",-69.3235728924771,34.2114237887304,945.756843243881,-68.2604085385776,112.166935144084,996.045658933602
"BIGKAT _ P75 _ Left _ 4",-70.5676609318013,33.6560366481865,946.895100196021,-74.3715665210904,97.9690875359928,986.125163694509
"BIGKAT _ P75 _ Left _ 4",-72.0992985969217,32.7835907447351,947.899547629833,-80.1530921963285,82.8426001017911,975.964230272957
"BIGKAT _ P75 _ Left _ 4",-73.8181731680283,31.6677477958774,948.681354293335,-85.0515702647358,68.3290344915195,966.468986624179
"BIGKAT _ P75 _ Left _ 4",-75.5904270998597,30.4140140680382,949.165854110754,-88.7216882139447,56.0102366178398,958.385962117113
"BIGKAT _ P75 _ Left _ 4",-77.2593914101978,29.1480395038657,949.304833931488,-91.0297577203183,47.2409578080819,952.240886179223
"BIGKAT _ P75 _ Left _ 4",-78.6607869505268,27.9996246772636,949.082140464341,-91.9990780016379,42.9420036020361,948.341119312489
"BIGKAT _ P75 _ Left _ 4",-79.6402969345422,27.0868629782324,948.513010649476,-91.7305014079627,43.4934053570774,946.818290898385
"BIGKAT _ P75 _ Left _ 4",-80.0725720101597,26.5037214500121,947.640625640425,-90.3368900983111,48.7271345192992,947.675704421245
"BIGKAT _ P75 _ Left _ 4",-79.8807528353541,26.3123571503472,946.53386668555,-87.9187824386914,57.9931170183997,950.811736612259
"BIGKAT _ P75 _ Left _ 4",-79.0538909913965,26.5401265395619,945.287954295759,-84.5872577512647,70.2664239235138,956.009287647298
"BIGKAT _ P75 _ Left _ 4",-77.6574560926151,27.1807993740642,944.025890277454,-80.517602274179,84.2705830600117,962.90184482861
"BIGKAT _ P75 _ Left _ 4",-75.8315746684452,28.1992610516383,942.895761477649,-76.0026664600796,98.6021129404074,970.940423100375
"BIGKAT _ P75 _ Left _ 4",-73.7740700645311,29.5385186968164,942.059145693548,-71.4736038403982,111.849044023738,979.388695691252
"BIGKAT _ P75 _ Left _ 4",-71.7100986234119,31.1273251895229,941.669292472495,-67.4681581174516,122.701296861455,987.366569077642
"BIGKAT _ P75 _ Left _ 4",-69.8549414232869,32.8866339490246,941.842429308049,-64.5470396811838,130.054972697405,993.948304433172
"BIGKAT _ P75 _ Left _ 4",-68.3790189724571,34.733543870003,942.628983595386,-63.1787600613724,133.11475086274,998.303617821756
"BIGKAT _ P75 _ Left _ 4",-67.3834491660827,36.582366793206,943.99253775192,-63.6258472106701,131.494814972471,999.852920244691
"BIGKAT _ P75 _ Left _ 4",-66.8909743022422,38.3439623003367,945.803203500793,-65.8676406805595,125.307067893929,998.396058629531
"BIGKAT _ P75 _ Left _ 4",-66.8523796925695,39.9261455127459,947.849477460527,-69.5866157974507,115.21006036671,994.17347769158
"BIGKAT _ P75 _ Left _ 4",-67.1645032609298,41.2385303023259,949.868809577476,-74.2275820017836,102.383471362375,987.833805645516
"BIGKAT _ P75 _ Left _ 4",-67.693975075158,42.2032878790287,951.592150716824,-79.115553787186,88.4025414078046,980.310655110362
"BIGKAT _ P75 _ Left _ 4",-68.3011500216329,42.7693007346383,952.792561949922,-83.5964789248373,75.0176783672792,972.64320150039
"BIGKAT _ P75 _ Left _ 4",-68.8604884251003,42.9236715205372,953.325055273449,-87.1564000017642,63.883747433397,965.793955417774
"BIGKAT _ P75 _ Left _ 4",-69.2757404435195,42.6945166071793,953.146911657894,-89.4855367207238,56.3072365110236,960.512601949614
"BIGKAT _ P75 _ Left _ 4",-69.4897819411315,42.1430413290368,952.314824398183,-90.4788387448815,53.0713822005413,957.27027271809
"BIGKAT _ P75 _ Left _ 4",-69.4893967304581,41.3484996118341,950.96367621492,-90.1895916485861,54.3671426406668,956.259128096593
"BIGKAT _ P75 _ Left _ 4",-69.3048506095592,40.3931843924284,949.276921778379,-88.7656692944039,59.8251510690565,957.433001596766
"BIGKAT _ P75 _ Left _ 4",-69.0034636435386,39.35406447949,947.458321654386,-86.3961590313962,68.6260707446473,960.562024705906
"BIGKAT _ P75 _ Left _ 4",-68.6765345881545,38.3035448816404,945.710479634858,-83.2839717117255,79.660975770167,965.283044375126
"BIGKAT _ P75 _ Left _ 4",-68.4205254717888,37.3164434016367,944.220406656064,-79.6449264451366,91.7094515670802,971.139314913133
"BIGKAT _ P75 _ Left _ 4",-68.31594283838,36.4766630511744,943.149085333944,-75.7220556004098,103.59952031871,977.610947635128
"BIGKAT _ P75 _ Left _ 4",-68.4093699777895,35.8770698377289,942.621897139036,-71.7991814706241,114.317717940641,984.1407733269
"BIGKAT _ P75 _ Left _ 4",-68.704141631011,35.6092460356647,942.718763378152,-68.2003470369157,123.054621382275,990.160734378766
"BIGKAT _ P75 _ Left _ 4",-69.1629017548092,35.7439856783917,943.464862088717,-65.2687049101604,129.19579391422,995.12357361059
"BIGKAT _ P75 _ Left _ 4",-69.7216927439276,36.306862213199,944.823543383066,-63.3263001492636,132.289044677964,998.543602697111
"BIGKAT _ P75 _ Left _ 4",-70.3117558761426,37.2553071847755,946.69295351151,-62.6224570231471,132.02601149657,1000.04769213456
"BIGKAT _ P75 _ Left _ 4",-70.8830708938168,38.464411800612,948.908040894376,-63.2829400702229,128.265228174767,999.432124956098
"BIGKAT _ P75 _ Left _ 4",-71.4232364055119,39.7280930037257,951.250362268194,-65.2750138887107,121.098065911257,996.712787143191
"BIGKAT _ P75 _ Left _ 4",-71.9662741793722,40.7800523287085,953.468277177631,-68.4033959074911,110.928460589057,992.148738312962
"BIGKAT _ P75 _ Left _ 4",-72.5879270592114,41.3346638504871,955.308102225648,-72.3453416590883,98.5177090482756,986.219128584898
"BIGKAT _ P75 _ Left _ 4",-73.3869520717111,41.1416996432263,956.552245055606,-76.7184672713398,84.9510630517946,979.546509820366
"BIGKAT _ P75 _ Left _ 4",-74.4556762938025,40.0423702123151,957.055241441784,-81.1583792348528,71.5149480769256,972.783313385167
"BIGKAT _ P75 _ Left _ 4",-75.8468524548352,38.0109300206416,956.766590762107,-85.37605908534,59.5150367644721,966.498570213665
"BIGKAT _ P75 _ Left _ 4",-77.5461349225487,35.1690630878119,955.732887087935,-89.1740991383395,50.0900910020758,961.103406563938
"BIGKAT _ P75 _ Left _ 4",-79.4590902779429,31.7689232128472,954.079848716824,-92.4214585439421,44.070925893103,956.834854210066
"BIGKAT _ P75 _ Left _ 4",-81.4183879651774,28.1506727815324,951.982875005107,-95.0060677886508,41.9073278243569,953.791394257608
"BIGKAT _ P75 _ Left _ 4",-83.2113702425842,24.6868249667855,949.637976117305,-96.7936639357389,43.6589049288759,951.995444885583
"BIGKAT _ P75 _ Left _ 4",-84.6218356803212,21.7268611489997,947.241841783421,-97.6173853662108,49.031753543493,951.453641171058
"BIGKAT _ P75 _ Left _ 4",-85.4746051504694,19.5526926592654,944.98281132661,-97.3088411560593,57.4407217808431,952.192042787248
"BIGKAT _ P75 _ Left _ 4",-85.6697411538746,18.3506867000994,943.037829350369,-95.7630244138509,68.0802258409187,954.254210209723
"BIGKAT _ P75 _ Left _ 4",-85.1966313289516,18.2009381982163,941.567702106937,-93.0133783332333,79.9914016865406,957.661700448352
"BIGKAT _ P75 _ Left _ 4",-84.1255355013017,19.0806002099105,940.705226560573,-89.2859301302544,92.1203413915138,962.348143913948
"BIGKAT _ P75 _ Left _ 4",-82.5823264771339,20.8763389225748,940.536249994592,-85.0057635777744,103.371293910033,968.088614875827
"BIGKAT _ P75 _ Left _ 4",-80.7173119155926,23.4014835425079,941.079055680185,-80.743635659335,112.666754346722,974.452255610988
"BIGKAT _ P75 _ Left _ 4",-78.6791558719822,26.4153498658979,942.269958473066,-77.1101967124684,119.028603538698,980.804405526452
"BIGKAT _ P75 _ Left _ 4",-76.6004852426295,29.6443000254258,943.961955108699,-74.6237742285742,121.687814427911,986.373574178364
"BIGKAT _ P75 _ Left _ 4",-74.5953382105101,32.8054408260697,945.939836651515,-73.5893669771859,120.214828951473,990.380196014183
"BIGKAT _ P75 _ Left _ 4",-72.7634648082796,35.6339373919523,947.951039512783,-74.0271127246155,114.642586100603,992.201945633329
"BIGKAT _ P75 _ Left _ 4",-71.1947279168475,37.9133479875299,949.747610039131,-75.6758224517869,105.537874594306,991.530444970406
"BIGKAT _ P75 _ Left _ 4",-69.9684947392313,39.5050861222504,951.130973669087,-78.0729240594923,93.9756422073251,988.46563927265
"BIGKAT _ P75 _ Left _ 4",-69.146573420436,40.3691910284013,951.988215407147,-80.6843288908758,81.3937023370983,983.506975110002
"BIGKAT _ P75 _ Left _ 4",-68.7622107814386,40.5670117522182,952.308410890186,-83.0393164488782,69.3486608578048,977.436823033645
"BIGKAT _ P75 _ Left _ 4",-68.8103201948577,40.2404227349172,952.172602470924,-84.826683599871,59.2380772974272,971.136326604416
"BIGKAT _ P75 _ Left _ 4",-69.2443266720246,39.5714409349768,951.72067771501,-85.9278491695859,52.0721419402093,965.4004202179
"BIGKAT _ P75 _ Left _ 4",-69.982664896455,38.7352110086544,951.107676161922,-86.3884258437799,48.3574697609351,960.810759156579
"BIGKAT _ P75 _ Left _ 4",-70.9240560630721,37.8622045548861,950.465167674577,-86.3493417792048,48.1086402210087,957.691410516923
"BIGKAT _ P75 _ Left _ 4",-71.9669505301937,37.0209329220976,949.879023898714,-85.9664605692563,50.9575808699989,956.135918523325
"BIGKAT _ P75 _ Left _ 4",-73.026630273801,36.2241111261949,949.386836374519,-85.3451916982726,56.3077902049516,956.073484165039
"BIGKAT _ P75 _ Left _ 4",-74.0442743212437,35.4532641560908,948.991053136534,-84.507758246409,63.4823651390929,957.339836690332
"BIGKAT _ P75 _ Left _ 4",-74.9855029165356,34.6915257583033,948.680022831591,-83.3992634525555,71.8312125718627,959.728870918955
"BIGKAT _ P75 _ Left _ 4",-75.8302118783612,33.9526050262948,948.448660869453,-81.927221648123,80.7819983965288,963.015924335619
"BIGKAT _ P75 _ Left _ 4",-76.5590122943464,33.2956996454182,948.312341199671,-80.0199449289855,89.8362021469668,966.956193434771
"BIGKAT _ P75 _ Left _ 4",-77.1427638262457,32.8209468707666,948.310614812765,-77.6839890613509,98.5259406293778,971.26939571002
"BIGKAT _ P75 _ Left _ 4",-77.5402123616,32.6463265987434,948.500498870071,-75.0411959490786,106.358080625526,975.624608425445
"BIGKAT _ P75 _ Left _ 4",-77.7055139713861,32.8727308525437,948.941735914476,-72.3319347440222,112.776426191522,979.638410681377
"BIGKAT _ P75 _ Left _ 4",-77.6037945493704,33.5474478868922,949.678135044163,-69.8812421986609,117.168281343028,982.895603590613
"BIGKAT _ P75 _ Left _ 4",-77.2299661490824,34.6367639089902,950.719603899344,-68.0355587612081,118.929127916723,984.99514191957
"BIGKAT _ P75 _ Left _ 4",-76.6244144271243,36.016062064465,952.028862968606,-67.0865783521446,117.580745625069,985.615214827469
"BIGKAT _ P75 _ Left _ 4",-75.8791650211852,37.4816976042908,953.515702951872,-67.2033510924637,112.917029915623,984.58247305026
"BIGKAT _ P75 _ Left _ 4",-75.1300137354967,38.7839125986283,955.040724279017,-68.3927994385814,105.133846036419,981.924657482145
"BIGKAT _ P75 _ Left _ 4",-74.5340308741787,39.6745492340028,956.429738256597,-70.5010350759553,94.8934137246885,977.887669349593
"BIGKAT _ P75 _ Left _ 4",-74.2370424846451,39.958171263755,957.498309226001,-73.2539221665489,83.2876319430542,972.909148617326
"BIGKAT _ P75 _ Left _ 4",-74.3399836620618,39.532555716082,958.08247431629,-76.3202776059191,71.6970901598416,967.556410195665
"BIGKAT _ P75 _ Left _ 4",-74.874021953131,38.4069064083828,958.067933969467,-79.373353014181,61.5790685628739,962.447991159314
"BIGKAT _ P75 _ Left _ 4",-75.7914785379984,36.6938595654551,957.409350948818,-82.1310971661949,54.2389481464206,958.178270605919
"BIGKAT _ P75 _ Left _ 4",-76.9745576902568,34.5809264353696,956.135623582177,-84.3698779597857,50.6354520790319,955.255083317545
"BIGKAT _ P75 _ Left _ 4",-78.2590431574376,32.293247962289,954.343438585294,-85.9206492501549,51.2494350136894,954.049467240113
"BIGKAT _ P75 _ Left _ 4",-79.4666853322045,30.0595009552888,952.185127706248,-86.6633453644058,56.0255306254436,954.752856164663
"BIGKAT _ P75 _ Left _ 4",-80.438320159918,28.087765043858,949.855570281277,-86.5325193836587,64.3850238829569,957.341582879823
"BIGKAT _ P75 _ Left _ 4",-81.0600181696911,26.5519562518674,947.578614693345,-85.537406319407,75.3035815289143,961.556329463102
"BIGKAT _ P75 _ Left _ 4",-81.2768041481032,25.5853717179409,945.590031291107,-83.7877164701389,87.4424402290061,966.908641826297
"BIGKAT _ P75 _ Left _ 4",-81.0922110911333,25.2769011262422,944.113873911789,-81.5085096273916,99.315336993044,972.724582784211
"BIGKAT _ P75 _ Left _ 4",-80.5560652147535,25.6664945674459,943.332283657233,-79.0279283122985,109.469643761894,978.227811000838
"BIGKAT _ P75 _ Left _ 4",-79.7461537121157,26.7384270372967,943.3532039375,-76.7308287509546,116.661227954508,982.653605710816
"BIGKAT _ P75 _ Left _ 4",-78.750697079401,28.4135606523802,944.183816513054,-74.985564527253,120.006378988761,985.374560643606
"BIGKAT _ P75 _ Left _ 4",-77.6572792620669,30.5447298812713,945.718356642713,-74.0641816898243,119.096511488554,986.010925776102
"BIGKAT _ P75 _ Left _ 4",-76.5503386190226,32.9210362548339,947.746905525318,-74.0822513168506,114.060520848793,984.497484284052
"BIGKAT _ P75 _ Left _ 4",-75.5146802720437,35.2858019180196,949.986825277461,-74.9800664782891,105.558696955365,981.087329848163
"BIGKAT _ P75 _ Left _ 4",-74.6388457430628,37.3690717542184,952.131617407082,-76.5523613683728,94.6971990843145,976.290361076251
"BIGKAT _ P75 _ Left _ 4",-74.0118193139611,38.9299871408393,953.905604087794,-78.5142543533556,82.867446991434,970.764872691471
"BIGKAT _ P75 _ Left _ 4",-73.7101034294692,39.7992027543431,955.109984598303,-80.5760321378273,71.5372256309275,965.195296834454
"BIGKAT _ P75 _ Left _ 4",-73.7777421741165,39.9095714629436,955.648219081806,-82.4974144352624,62.0386493566808,960.190906931703
"BIGKAT _ P75 _ Left _ 4",-74.2062859555002,39.306409782523,955.525727188714,-84.1045267423478,55.3999692597055,956.22820516222
"BIGKAT _ P75 _ Left _ 4",-74.9228780111851,38.1355983646317,954.827780630207,-85.2722756368472,52.2504074039986,953.639598433167
"BIGKAT _ P75 _ Left _ 4",-75.792468579892,36.6147168408135,953.686376158112,-85.8904091421123,52.8002377889111,952.632625841841
"BIGKAT _ P75 _ Left _ 4",-76.6358287622957,34.9959773741628,952.248861666534,-85.8368390517506,56.8780706080315,953.315844870752
"BIGKAT _ P75 _ Left _ 4",-77.2601139968377,33.5294045358474,950.657656190444,-84.9765200305691,64.0017543541573,955.711674962096
"BIGKAT _ P75 _ Left _ 4",-77.4947217222542,32.4320919063534,949.043524626092,-83.1917507568516,73.4642240792192,959.748544567828
"BIGKAT _ P75 _ Left _ 4",-77.2234621606496,31.8661645152599,947.528010667617,-80.4352926144591,84.421647805755,965.237439532614
"BIGKAT _ P75 _ Left _ 4",-76.4053426238405,31.9255127078294,946.227170629672,-76.7868247705315,95.9733834719965,971.846103946944
"BIGKAT _ P75 _ Left _ 4",-75.0799366694467,32.6302136009863,945.249950148801,-72.4901320920789,107.223917420002,979.08626028053
"BIGKAT _ P75 _ Left _ 4",-73.3577071477454,33.9277605101854,944.688850142871,-67.9536334381566,117.321424249201,986.326751899347
"BIGKAT _ P75 _ Left _ 4",-71.3992734004096,35.7007833107611,944.605132330924,-63.7075109925644,125.477609434362,992.840319498543
"BIGKAT _ P75 _ Left _ 4",-69.3896574778803,37.7808514802755,945.0136587628,-60.322769656911,130.984731294296,997.884535203638
"BIGKAT _ P75 _ Left _ 4",-67.5135856864757,39.9671301762068,945.872868441822,-58.3079753154177,133.25083572635,1000.80849375527
"BIGKAT _ P75 _ Left _ 4",-65.9359427782463,42.0478363375893,947.083762384706,-58.0064722053898,131.86803263006,1001.16730985211
"BIGKAT _ P75 _ Left _ 4",-64.7883514863889,43.8223197418847,948.499135957835,-59.5194674578089,126.71107939932,998.818717577183
"BIGKAT _ P75 _ Left _ 4",-64.1601659711772,45.122202811286,949.941791091104,-62.6772051953514,118.040604881355,993.973743952787
"BIGKAT _ P75 _ Left _ 4",-64.0912777161581,45.8305647190313,951.228652940055,-67.070076953861,106.567821699872,987.180561936433
"BIGKAT _ P75 _ Left _ 4",-64.565430140388,45.8976300810114,952.196484201055,-72.1342475807486,93.4370705381679,979.238606622096
"BIGKAT _ P75 _ Left _ 4",-65.5054982700193,45.3497755486544,952.724067101711,-77.2672270313651,80.1043284771802,971.063607591382
"BIGKAT _ P75 _ Left _ 4",-66.7747495358432,44.287518764246,952.745887990356,-81.9372397169638,68.1271144945709,963.541879724798
"BIGKAT _ P75 _ Left _ 4",-68.1885333817922,42.8697390032551,952.254576668132,-85.7540720042909,58.9162504839752,957.413580889431
"BIGKAT _ P75 _ Left _ 4",-69.5381564655033,41.286183559211,951.293537277104,-88.4873703500007,53.5141082886202,953.208506402964
"BIGKAT _ P75 _ Left _ 4",-70.6238238275569,39.7257235333599,949.945079163031,-90.041122133656,52.4511183468712,951.233799522236
"BIGKAT _ P75 _ Left _ 4",-71.2890557996586,38.3498961696927,948.320040687925,-90.4086009202228,55.7028901590658,951.594095222549
"BIGKAT _ P75 _ Left _ 4",-71.4474204619627,37.2783795465811,946.551773477216,-89.6344122498179,62.7414004147581,954.219476646934
"BIGKAT _ P75 _ Left _ 4",-71.0944871351159,36.5873026174501,944.792803798419,-87.8007406579667,72.6553286059003,958.884442569571
"BIGKAT _ P75 _ Left _ 4",-70.3025318114814,36.316284586092,943.209803676271,-85.0393982850348,84.3064414443539,965.214580799479
"BIGKAT _ P75 _ Left _ 4",-69.2007589306469,36.4779923538548,941.973197313789,-81.5570972648811,96.4875737453615,972.689015711748
"BIGKAT _ P75 _ Left _ 4",-67.9476432917243,37.0648488843812,941.240724840518,-77.6543569352077,108.05286656166,980.652022743832
"BIGKAT _ P75 _ Left _ 4",-66.7031726365894,38.0501407682301,941.137356906371,-73.7206664950542,118.00364335965,988.346650551774
"BIGKAT _ P75 _ Left _ 4",-65.6072985694833,39.3837485552778,941.735514561867,-70.1976955768964,125.531327680857,994.978273701074
"BIGKAT _ P75 _ Left _ 4",-64.7678228296373,40.9850358633915,943.039351142614,-67.5140927812667,130.034906376354,999.807492554573
"BIGKAT _ P75 _ Left _ 4",-64.2576209968219,42.7367153915585,944.975812390955,-66.0060642777215,131.136414945707,1002.26046545378
"BIGKAT _ P75 _ Left _ 4",-64.11863546836,44.4838714320357,947.39453738828,-65.845224703994,128.710193193731,1002.03332054482
"BIGKAT _ P75 _ Left _ 4",-64.3689215508631,46.0418425679275,950.0786108573,-66.9970311499672,122.923944133574,999.160862430452
"BIGKAT _ P75 _ Left _ 4",-65.0090493480214,47.2150898282201,952.767542025135,-69.2269613727821,114.271294260746,994.023750568772
"BIGKAT _ P75 _ Left _ 4",-66.0249924058137,47.8261679276396,955.191336554715,-72.1568342592121,103.567104071881,987.284633944089
"BIGKAT _ P75 _ Left _ 4",-67.3860842712399,47.7498424596929,957.110366962019,-75.3546329224751,91.8842914678262,979.767609337775
"BIGKAT _ P75 _ Left _ 4",-69.0386077711941,46.9438068023271,958.352028945835,-78.427006472252,80.4319189027636,972.315823602382
"BIGKAT _ P75 _ Left _ 4",-70.8977475222672,45.4665230249162,958.834582084485,-81.0828035298155,70.3981691934456,965.668177296937
"BIGKAT _ P75 _ Left _ 4",-72.8422154862939,43.4756550861537,958.572268793872,-83.1498032049893,62.7958082944063,960.384881456689
"BIGKAT _ P75 _ Left _ 4",-74.7160351533616,41.2064101710253,957.662231010221,-84.5478332901555,58.3447858251062,956.829546108722
"BIGKAT _ P75 _ Left _ 4",-76.3404187366366,38.9351353121271,956.259587850934,-85.238896692725,57.410119714189,955.193601101753
"BIGKAT _ P75 _ Left _ 4",-77.5357119072871,36.9370989280842,954.549510331817,-85.1816013594752,59.994160800529,955.536735405623
"BIGKAT _ P75 _ Left _ 4",-78.1498123794112,35.4476329971148,952.723649806061,-84.3122728873764,65.7706815740831,957.818501228918
"BIGKAT _ P75 _ Left _ 4",-78.0864657146457,34.6335934075808,950.964342444564,-82.5621445659789,74.1459685273303,961.907942247455
"BIGKAT _ P75 _ Left _ 4",-77.3257064595227,34.5787353316786,949.435791869305,-79.9042554074961,84.334485675624,967.572473458928
"BIGKAT _ P75 _ Left _ 4",-75.9302619318772,35.2830324679644,948.278641952173,-76.4108744786271,95.4387060183347,974.457607083795
"BIGKAT _ P75 _ Left _ 4",-74.0356961493915,36.6729939931196,947.603938243641,-72.2971230760592,106.523470009618,982.072990348775
"BIGKAT _ P75 _ Left _ 4",-71.8270025625358,38.6184343674248,947.484368391946,-67.9306528696235,116.677308099734,989.798756142003
"BIGKAT _ P75 _ Left _ 4",-69.5082744739682,40.9511589680652,947.94361343826,-63.7984513428582,125.058959171997,996.921542504587
"BIGKAT _ P75 _ Left _ 4",-67.2735200899111,43.4821293572415,948.946943420211,-60.4351937608967,130.935712284622,1002.70282467818
"BIGKAT _ P75 _ Left _ 4",-65.2853521091313,46.0152162022409,950.39690060497,-58.3284344580778,133.726349078298,1006.47376358613
"BIGKAT _ P75 _ Left _ 4",-63.6648582784146,48.3573671882288,952.137096426725,-57.8221213025741,133.059940890915,1007.74160081507
"BIGKAT _ P75 _ Left _ 4",-62.4916855514614,50.3267788579406,953.965418177148,-59.04143449957,128.850522336216,1006.28495992366
"BIGKAT _ P75 _ Left _ 4",-61.8098087348508,51.7619423650753,955.656026543918,-61.859089376493,121.370340876434,1002.21246964377
"BIGKAT _ P75 _ Left _ 4",-61.6330535333387,52.5343269998293,956.987829976644,-65.9151101390048,111.289865127692,995.964361064737
"BIGKAT _ P75 _ Left _ 4",-61.9458717221896,52.5653528401036,957.775515801312,-70.6878264567313,99.6515849096476,988.251500268315
"BIGKAT _ P75 _ Left _ 4",-62.6985957192295,51.8446405821863,957.897603947871,-75.5963302798891,87.7621862165902,979.946619955066
"BIGKAT _ P75 _ Left _ 4",-63.8006818194087,50.4431145259389,957.315126124625,-80.1021122336153,77.0174513481788,971.958389019471
"BIGKAT _ P75 _ Left _ 4",-65.1179803980314,48.5137854993884,956.075837272021,-83.7788902725312,68.6993872488831,965.12068052541
"BIGKAT _ P75 _ Left _ 4",-66.4794583161001,46.2761905663798,954.302887281912,-86.3358375732014,63.7913336370296,960.115936933405
"BIGKAT _ P75 _ Left _ 4",-67.6955419133548,43.9861771628098,952.172012218121,-87.6014490942849,62.8453274424956,957.432500204645
"BIGKAT _ P75 _ Left _ 4",-68.5860223176834,41.8979500138154,949.884650204977,-87.490840360139,65.9200676764546,957.343606216689
"BIGKAT _ P75 _ Left _ 4",-69.0117727613247,40.2276596350457,947.644157487776,-85.9815480090974,72.5963645494169,959.895819912343
"BIGKAT _ P75 _ Left _ 4",-68.9023425847281,39.1267335062027,945.639046439167,-83.1132076016204,82.0665060557519,964.902813672539
"BIGKAT _ P75 _ Left _ 4",-68.2715879605601,38.6694447594303,944.032995236573,-79.0111234042872,93.2783683326582,971.948350596952
"BIGKAT _ P75 _ Left _ 4",-67.2162602701215,38.8544979094484,942.958504514979,-73.9200058754363,105.09813149167,980.405145125364
"BIGKAT _ P75 _ Left _ 4",-65.8972607289399,39.6166355065202,942.510703154886,-68.2275007598197,116.449288891541,989.474756705251
"BIGKAT _ P75 _ Left _ 4",-64.5083988461355,40.8427750883635,942.73963159481,-62.4593467354808,126.397716196692,998.250995330299
"BIGKAT _ P75 _ Left _ 4",-63.2410180760839,42.3880077707089,943.641951240613,-57.236776479206,134.177971931516,1005.80645426161
"BIGKAT _ P75 _ Left _ 4",-62.2534552517594,44.0889904016126,945.15489973674,-53.1977395987256,139.181984543817,1011.29739511965
"BIGKAT _ P75 _ Left _ 4",-61.6518615134557,45.7747226132123,947.155624998951,-50.893443683818,140.945882045797,1014.07575916076
"BIGKAT _ P75 _ Left _ 4",-61.4845962271599,47.2765625644222,949.468073051965,-50.6798807521437,139.167660858493,1013.79022764487
"BIGKAT _ P75 _ Left _ 4",-61.7480279891423,48.4400654483275,951.878255927091,-52.6302631756483,133.768446559415,1010.45379857781
"BIGKAT _ P75 _ Left _ 4",-62.3986959063576,49.1404658190806,954.157406892991,-56.4960351666972,124.981042288448,1004.45636535512
"BIGKAT _ P75 _ Left _ 4",-63.3662442072292,49.3011935406341,956.090869701043,-61.7365586176015,113.424288888544,996.510015107194
"BIGKAT _ P75 _ Left _ 4",-64.5633154727865,48.9112643358351,957.50825967334,-67.6184096232572,100.114150543472,987.532364546266
"BIGKAT _ P75 _ Left _ 4",-65.891582361611,48.0344931163526,958.308170749266,-73.359967791266,86.3797822200445,978.494079621557
"BIGKAT _ P75 _ Left _ 4",-67.2455765040174,46.803638612463,958.470143374438,-78.2784473490501,73.6897366730864,970.270940526413
"BIGKAT _ P75 _ Left _ 4",-68.5168029143846,45.397068905924,958.049325692044,-81.8963388989483,63.4313051110644,963.539268740073
"BIGKAT _ P75 _ Left _ 4",-69.6000617667631,44.0028266532994,957.155214203616,-83.9830311295545,56.7031530763961,958.734760729232
"BIGKAT _ P75 _ Left _ 4",-70.4028743935192,42.7810585368124,955.922552900668,-84.533879922529,54.1694595407157,956.067745489724
"BIGKAT _ P75 _ Left _ 4",-70.8577817299064,41.8369525928686,954.486030741107,-83.7092664254981,55.9942484228542,955.567083882217
"BIGKAT _ P75 _ Left _ 4",-70.9356270665816,41.2121208273751,952.968237732415,-81.7632001134636,61.848000577838,957.120779802541
"BIGKAT _ P75 _ Left _ 4",-70.6557327079781,40.8953715949513,951.48306820727,-78.9860545445612,70.96698358736,960.493784335449
"BIGKAT _ P75 _ Left _ 4",-70.0875338445876,40.847106400102,950.148052625507,-75.6741439210353,82.2469522822348,965.323360545358
"BIGKAT _ P75 _ Left _ 4",-69.3397452216351,41.0270693856017,949.093625127057,-72.1251479793555,94.358710757784,971.108653206975
"BIGKAT _ P75 _ Left _ 4",-68.5379644813401,41.4140076379419,948.458260030639,-68.6472418814101,105.878131295517,977.217039962525
"BIGKAT _ P75 _ Left _ 4",-67.7975226948838,42.0086267846339,948.365461887223,-65.5648366805096,115.426470441094,982.924901891247
"BIGKAT _ P75 _ Left _ 4",-67.2017068476106,42.8175671616715,948.888047837424,-63.2068803325752,121.817701344186,987.498127571482
"BIGKAT _ P75 _ Left _ 4",-66.7937384895082,43.8239423917094,950.012185379974,-61.873287155752,124.206450803133,990.30250237279
"BIGKAT _ P75 _ Left _ 4",-66.5846569095188,44.9563362351706,951.615222576263,-61.7868360357643,122.222124051549,990.920630297855
"BIGKAT _ P75 _ Left _ 4",-66.5718154223152,46.0703832334795,953.467508191963,-63.0464390701841,116.064304958632,989.244687716857
"BIGKAT _ P75 _ Left _ 4",-66.7580341316976,46.9538721885286,955.261327356257,-65.5991458451872,106.527539518709,985.516775730848
"BIGKAT _ P75 _ Left _ 4",-67.1618433911893,47.3584982460776,956.662320788061,-69.2417316594767,94.9276278144822,980.301673797259
"BIGKAT _ P75 _ Left _ 4",-67.8141168271455,47.0517092027576,957.372218407258,-73.6509885446385,82.9211318327902,974.396432975346
"BIGKAT _ P75 _ Left _ 4",-68.7429497585938,45.8742791423275,957.18793261544,-78.4308689748193,72.2415488990954,968.699364655915
"BIGKAT _ P75 _ Left _ 4",-69.9536530422891,43.7865795263484,956.04245922146,-83.160703375487,64.4066924618701,964.069515783448
"BIGKAT _ P75 _ Left _ 4",-71.412160452595,40.8902593957858,954.018015949743,-87.4337744670183,60.4663100093889,961.204152754224
"BIGKAT _ P75 _ Left _ 4",-73.0379998979996,37.4203350407449,951.329666660712,-90.8852975329587,60.8489722086328,960.550792516391
"BIGKAT _ P75 _ Left _ 4",-74.7090381790215,33.7113717739232,948.285200903343,-93.2162521363774,65.3384252876516,962.259568021484
"BIGKAT _ P75 _ Left _ 4",-76.2766475694171,30.1468830463608,945.231864499694,-94.2200125249478,73.174514098833,966.175600676583
"BIGKAT _ P75 _ Left _ 4",-77.5878463856903,27.1024813533756,942.502061377643,-93.8127852978596,83.2427875143674,971.868495510764
"BIGKAT _ P75 _ Left _ 4",-78.5100584298532,24.8922882320665,940.36871304604,-92.0607584327151,94.2970129426191,978.693684842872
"BIGKAT _ P75 _ Left _ 4",-78.9537578696674,23.7263383517769,939.017006598454,-89.1918832264167,105.155914327217,985.876779423564
"BIGKAT _ P75 _ Left _ 4",-78.8883718130601,23.6845638424165,938.533803932177,-85.5816886319854,114.83123324405,992.608960975235
"BIGKAT _ P75 _ Left _ 4",-78.3479369593704,24.7100398968524,938.911091293685,-81.7099173844369,122.572781708768,998.140858106266
"BIGKAT _ P75 _ Left _ 4",-77.4254204212876,26.6206485811819,940.057602150688,-78.0941005285392,127.846390763306,1001.86443486146
"BIGKAT _ P75 _ Left _ 4",-76.2576878902641,29.1352076249213,941.813699663996,-75.2129561341181,130.281656004387,1003.37539946205
"BIGKAT _ P75 _ Left _ 4",-75.0055003819711,31.9086544363094,943.967491392437,-73.4347451207253,129.63122957215,1002.51071133677
"BIGKAT _ P75 _ Left _ 4",-73.8334621622277,34.5715251408882,946.272943203065,-72.9644551434269,125.771142976407,999.356947543302
"BIGKAT _ P75 _ Left _ 4",-72.8933318279856,36.7708474494089,948.471897587016,-73.8205207241547,118.747701302691,994.227369366611
"BIGKAT _ P75 _ Left _ 4",-72.3114903304065,38.2108789359603,950.320877417672,-75.8466739546164,108.850763714376,987.610055982326
"BIGKAT _ P75 _ Left _ 4",-72.1791246203176,38.6914689082209,951.620896387065,-78.7565179597955,96.6761809818776,980.09588747682
"BIGKAT _ P75 _ Left _ 4",-72.5430559077924,38.1394182390343,952.245414894839,-82.1985318151034,83.1389711537092,972.300964543047
"BIGKAT _ P75 _ Left _ 4",-73.3964651444493,36.6258352200062,952.1595534033,-85.8216122658522,69.4146177475424,964.800425945052
"BIGKAT _ P75 _ Left _ 4",-74.6712662998504,34.3623037450182,951.424004767452,-89.3209629769943,56.8122541413478,958.087677147439
"BIGKAT _ P75 _ Left _ 4",-76.2360085352235,31.6720345158923,950.180406618294,-92.4529339572208,46.60791535076,952.564393159511
"BIGKAT _ P75 _ Left _ 4",-77.9036061670394,28.9386698541919,948.620662611322,-95.0215569459289,39.8764226694067,948.554362942838
"BIGKAT _ P75 _ Left _ 4",-79.4515137285129,26.5425712618688,946.948681016233,-96.8519423759131,37.3539329006888,946.323473543526
"BIGKAT _ P75 _ Left _ 4",-80.6536573266727,24.7988396638692,945.346150417582,-97.7707572872969,39.3482145929171,946.08511134741
"BIGKAT _ P75 _ Left _ 4",-81.3193150170727,23.9110208068105,943.952190088292,-97.6101948859553,45.7017912538135,947.977690602441
"BIGKAT _ P75 _ Left _ 4",-81.3303021259693,23.9499034268414,942.860543247303,-96.2410848091738,55.8081912480739,952.015562162747
"BIGKAT _ P75 _ Left _ 4",-80.6659543620778,24.8599250648211,942.130462116025,-93.6269644045718,68.6788794052041,958.029103548994
"BIGKAT _ P75 _ Left _ 4",-79.4073053483556,26.4885730237912,941.802241174293,-89.8792860022279,83.0524214583247,965.617946728958
"BIGKAT _ P75 _ Left _ 4",-77.7178426908396,28.6287306762886,941.907704995232,-85.289707674836,97.5288857132289,974.14034258938
"BIGKAT _ P75 _ Left _ 4",-75.8061862027447,31.0615870806419,942.46964227498,-80.3210010325003,110.707927946238,982.752967356729
"BIGKAT _ P75 _ Left _ 4",-73.8824486515088,33.5889587278803,943.490104902168,-75.5512009880815,121.313586047437,990.50283180962
"BIGKAT _ P75 _ Left _ 4",-72.1219884601469,36.0481204190314,944.932915709831,-71.5806443339736,128.300437304787,996.459918894409
"BIGKAT _ P75 _ Left _ 4",-70.6467905618248,38.3082942052752,946.708437270639,-68.9232236918277,130.945988405681,999.867679418857
"BIGKAT _ P75 _ Left _ 4",-69.5272807908549,40.2542257665926,948.667959144862,-67.9088189864924,128.934682450097,1000.28007229537
"BIGKAT _ P75 _ Left _ 4",-68.7992952225232,41.7670065876573,950.612019786855,-68.6227053309008,122.428089034546,997.651510521246
"BIGKAT _ P75 _ Left _ 4",-68.4856108004605,42.7137011446529,952.313193187999,-70.899342140018,112.100535544315,992.353756642043
"BIGKAT _ P75 _ Left _ 4",-68.6107005556419,42.9542366803336,953.550040235728,-74.372590590802,99.1111374346422,985.112329161661
"BIGKAT _ P75 _ Left _ 4",-69.200979317219,42.3668826300859,954.145103457977,-78.5656606193662,84.9909404628779,976.878763699896
"BIGKAT _ P75 _ Left _ 4",-70.2691541309855,40.8852360492991,953.996967790242,-82.9899328626622,71.4479257595519,968.673635348211
"BIGKAT _ P75 _ Left _ 4",-71.7881638246852,38.533933993646,953.096708006953,-87.2206196673444,60.1226721790871,961.43962129628
"BIGKAT _ P75 _ Left _ 4",-73.6653300441357,35.4501099075315,951.523938128658,-90.9308842206651,52.3478591131101,955.932812243174
"BIGKAT _ P75 _ Left _ 4",-75.7290041638761,31.8825786883106,949.425644742723,-93.8870510163708,48.9645043735744,952.661111156456
"BIGKAT _ P75 _ Left _ 4",-77.7373402002056,28.1678969395218,946.987784822992,-95.9242201463114,50.2283161808324,951.861689923238
"BIGKAT _ P75 _ Left _ 4",-79.4121921212522,24.6885179226693,944.41122628331,-96.9261833771893,55.8127994352935,953.50307309176
"BIGKAT _ P75 _ Left _ 4",-80.4922918294653,21.8217174560461,941.899183673182,-96.8257186401153,64.8941035799685,957.301917072457
"BIGKAT _ P75 _ Left _ 4",-80.7918433212839,19.88897124656,939.655585226333,-95.6263234077591,76.290856382519,962.753346049587
"BIGKAT _ P75 _ Left _ 4",-80.2467998294292,19.1144537033152,937.886929140338,-93.4319261573712,88.6290209537726,969.179102997763
"BIGKAT _ P75 _ Left _ 4",-78.933521382598,19.5985396160958,936.797431693856,-90.4643457859343,100.50481903259,975.796730051928
"BIGKAT _ P75 _ Left _ 4",-77.0529009526038,21.3083932018661,936.569946677633,-87.0524778749633,110.626668827338,981.807422573548
"BIGKAT _ P75 _ Left _ 4",-74.8842975616442,24.0843777373713,937.3321375328,-83.5894706194297,117.928020185225,986.493626443851
"BIGKAT _ P75 _ Left _ 4",-72.723173899163,27.6592898515827,939.115589150912,-80.4675592851497,121.653086978861,989.312378006882
"BIGKAT _ P75 _ Left _ 4",-70.8204919446589,31.6874539621106,941.821343804278,-78.0085412940459,121.421894643649,989.967950663729
"BIGKAT _ P75 _ Left _ 4",-69.3395818043321,35.7817263785877,945.206369540703,-76.4089637358397,117.276921551365,988.448356966511
"BIGKAT _ P75 _ Left _ 4",-68.339076514574,39.5571358251094,948.90127425282,-75.7144423984627,109.703107489268,985.015858410643
"BIGKAT _ P75 _ Left _ 4",-67.7818155084087,42.6787783930903,952.461153139767,-75.8293401076185,99.6036248527326,980.152270084699
"BIGKAT _ P75 _ Left _ 4",-67.5625129868334,44.9081539098955,955.440828006509,-76.5576425241983,88.2145552311594,974.472819195841
"BIGKAT _ P75 _ Left _ 4",-67.5435176419648,46.1380256690801,957.476294612193,-77.6603841547626,76.9564449066876,968.63178535165
"BIGKAT _ P75 _ Left _ 4",-67.588467087001,46.4046781402411,958.3502538145,-78.908951725789,67.2434785297004,963.243600301341
"BIGKAT _ P75 _ Left _ 4",-67.5866593019405,45.871040212216,958.023930509487,-80.1164305339419,60.2878118188894,958.833377441764
"BIGKAT _ P75 _ Left _ 4",-67.4646463382301,44.783710477257,956.628579643453,-81.1403214458478,56.9369526669964,955.815776590638
"BIGKAT _ P75 _ Left _ 4",-67.1849281006706,43.4166055986783,954.422945770773,-81.8634909630703,57.5688772315987,954.489344718919
"BIGKAT _ P75 _ Left _ 4",-66.7345537813771,42.0182397681404,951.731891535689,-82.1693544232961,62.0553157665502,955.032028998648
"BIGKAT _ P75 _ Left _ 4",-66.1086980590032,40.7763380953474,948.883623939236,-81.9284426639217,69.7964200234182,957.492341929456
"BIGKAT _ P75 _ Left _ 4",-65.2952942172157,39.8047933718081,946.159073506244,-81.0067822314551,79.8262074423835,961.782290701818
"BIGKAT _ P75 _ Left _ 4",-64.2660641417957,39.1487399024228,943.76000782287,-79.2950196176195,90.9792713432908,967.683738337575
"BIGKAT _ P75 _ Left _ 4",-62.9766686709487,38.7984460068319,941.795972106296,-76.7463857379007,102.09313407502,974.87546618473
"BIGKAT _ P75 _ Left _ 4",-61.3749109585815,38.7037239994453,940.286510817662,-73.4071490930548,112.204947694267,982.977330117759
"BIGKAT _ P75 _ Left _ 4",-59.4128146722101,38.7855591086093,939.174462855627,-69.4274053096756,120.696683005435,991.597957988325
"BIGKAT _ P75 _ Left _ 4",-57.058038753136,38.9462962394445,938.346920780016,-65.0497167538447,127.354081519118,1000.3689885732
"BIGKAT _ P75 _ Left _ 4",-54.3026877270545,39.080874360232,937.661122971168,-60.5820205579338,132.327192024806,1008.95291819538
"BIGKAT _ P75 _ Left _ 4",-51.170699889366,39.089651148434,936.972479532809,-56.3646423074504,136.005486341659,1017.02129100577
"BIGKAT _ P75 _ Left _ 4",-47.7256604485407,38.8910614936738,936.161322794475,-52.738671889079,138.840756918189,1024.21246277854
"BIGKAT _ P75 _ Left _ 4",-44.0784858729749,38.4318312903023,935.154434413895,-50.0175540600793,141.162269639619,1030.08983696393
"BIGKAT _ P75 _ Left _ 4",-40.3912576576224,37.6936603424502,933.937730601224,-48.4596791870591,143.030083980026,1034.12761939546
"BIGKAT _ P75 _ Left _ 4",-36.8724263744047,36.6966586355318,932.558113212055,-48.2393532143098,144.164950331236,1035.74760376843
"BIGKAT _ P75 _ Left _ 4",-33.760607748646,35.4999483957993,931.114793544599,-49.4164852253969,143.978294420693,1034.41593152027
"BIGKAT _ P75 _ Left _ 4",-31.2979927334766,34.1986342915301,929.74218843993,-51.9100210503683,141.704962942985,1029.78585522155
"BIGKAT _ P75 _ Left _ 4",-29.6980335527205,32.9151749056029,928.58739064317,-55.4846994477762,136.61637562504,1021.84817246132
"BIGKAT _ P75 _ Left _ 4",-29.1141489122434,31.7837361723621,927.785781284333,-59.7628219395189,128.266084948717,1011.03535365301
"BIGKAT _ P75 _ Left _ 4",-29.6161499111617,30.9287529668958,927.438899718083,-64.2696705907078,116.700339056047,998.228503086014
"BIGKAT _ P75 _ Left _ 4",-31.1791104681774,30.4422819812428,927.598744316473,-68.5113231222789,102.562810342206,984.642326672933
"BIGKAT _ P75 _ Left _ 4",-33.6862978770558,30.3666738435738,928.261640552779,-72.0689067850846,87.0440867774488,971.605666658501
"BIGKAT _ P75 _ Left _ 4",-36.9445984532633,30.6882678216012,929.37267342487,-74.6809459138496,71.6735399795743,960.296995108512
"BIGKAT _ P75 _ Left _ 4",-40.7084299440343,31.3444075871953,930.839034045691,-76.2848025720512,58.0094421343456,951.515782349279
"BIGKAT _ P75 _ Left _ 4",-44.7068517966174,32.2415676451905,932.548251729561,-77.0030518125552,47.3253582403241,945.560491840518
"BIGKAT _ P75 _ Left _ 4",-48.6688714957731,33.2787311987775,934.386037936456,-77.0832091646296,40.3919771442806,942.246265490042
"BIGKAT _ P75 _ Left _ 4",-52.344095042317,34.3689107056942,936.249217426548,-76.8153619801746,37.4108974802869,941.047436370593
"BIGKAT _ P75 _ Left _ 4",-55.5190665290673,35.4531582116238,938.051981238472,-76.4538324934308,38.0947857505948,941.311999078936
"BIGKAT _ P75 _ Left _ 4",-58.0317380481779,36.5045410125511,939.727039776599,-76.159510330361,41.8401993724046,942.479503364354
"BIGKAT _ P75 _ Left _ 4",-59.7856997295332,37.5228539433722,941.225205044412,-75.9679749687537,47.9236093913168,944.241290602516
"BIGKAT _ P75 _ Left _ 4",-60.7623833439032,38.5232683106963,942.516374954429,-75.7816495400448,55.6637178580423,946.605364544068
"BIGKAT _ P75 _ Left _ 4",-61.0258705352595,39.5232791147878,943.592228786097,-75.3837248550144,64.5184145510227,949.858022722755
"BIGKAT _ P75 _ Left _ 4",-60.7142545839452,40.5321177542467,944.468019107811,-74.4747285251474,74.1094850712489,954.441938801718
"BIGKAT _ P75 _ Left _ 4",-60.0152339804601,41.5453538465246,945.179980969132,-72.7335865942006,84.1874666635356,960.788799426339
"BIGKAT _ P75 _ Left _ 4",-59.1301894642883,42.5452127880569,945.776956268203,-69.8992022345286,94.5621811280371,969.150642994131
"BIGKAT _ P75 _ Left _ 4",-58.2366251413781,43.5051001576621,946.308377316716,-65.8576358888173,105.029266202545,979.469227343407
"BIGKAT _ P75 _ Left _ 4",-57.4602927384947,44.3958345675303,946.813309965708,-60.7114821079161,115.316707711778,991.311085685203
"BIGKAT _ P75 _ Left _ 4",-56.8648089215173,45.1913957324056,947.315226659425,-54.8086466694113,125.060540964961,1003.88071507259
"BIGKAT _ P75 _ Left _ 4",-56.4598487841561,45.8730466772731,947.824468672074,-48.717602479559,133.804654113913,1016.10810422305
"BIGKAT _ P75 _ Left _ 4",-56.2222944163874,46.4316056789027,948.346375652433,-43.1501933725366,141.015005796535,1026.79306076053
"BIGKAT _ P75 _ Left _ 4",-56.1211777177977,46.8678803695477,948.890171424942,-38.8455323083597,146.105167996603,1034.780954792
"BIGKAT _ P75 _ Left _ 4",-56.1380067731325,47.1909819368792,949.473552021254,-36.4366818491516,148.480974733008,1039.14263220404
"BIGKAT _ P75 _ Left _ 4",-56.2776910649868,47.4140794833264,950.120230965573,-36.3257586696709,147.616827243574,1039.33193693563
"BIGKAT _ P75 _ Left _ 4",-56.5693407717594,47.5477697068664,950.850994449817,-38.5940153991583,143.167992933218,1035.29449220571
"BIGKAT _ P75 _ Left _ 4",-57.0590102726967,47.5926735935379,951.671816512045,-42.970952960888,135.103036295144,1027.50223018175
"BIGKAT _ P75 _ Left _ 4",-57.797549885174,47.5343546782255,952.564274563294,-48.8777909725991,123.817527405473,1016.89495162199
"BIGKAT _ P75 _ Left _ 4",-58.8265304855338,47.3438690766088,953.482905403158,-55.5428877820913,110.178457555821,1004.72841482611
"BIGKAT _ P75 _ Left _ 4",-60.1644158313762,46.9852931405424,954.360959782654,-62.1624098237472,95.4606248678627,992.357087823502
"BIGKAT _ P75 _ Left _ 4",-61.7944538768148,46.4280380690734,955.121595950582,-68.0593818674584,81.1728690041523,981.007172931483
"BIGKAT _ P75 _ Left _ 4",-63.6556595550481,45.658848553817,955.688663827586,-72.7918046746571,68.817441708679,971.604488370638
"BIGKAT _ P75 _ Left _ 4",-65.6389415035134,44.6882769296557,955.992218650805,-76.1806336676941,59.6532987014657,964.702088584475
"BIGKAT _ P75 _ Left _ 4",-67.5913784797235,43.5492962850211,955.968480255882,-78.2610859404493,54.5263154081912,960.511391921853
"BIGKAT _ P75 _ Left _ 4",-69.3315983316763,42.2895729148117,955.558927769594,-79.1886467017455,53.7941400662095,958.999652494464
"BIGKAT _ P75 _ Left _ 4",-70.6768555740914,40.961541547972,954.714944400215,-79.142488810126,57.3362061302661,959.99692916707
"BIGKAT _ P75 _ Left _ 4",-71.4777995509777,39.6148663067565,953.411527512153,-78.262809614496,64.6205917948384,963.264378796172
"BIGKAT _ P75 _ Left _ 4",-71.6521428050956,38.2941585876541,951.667517553907,-76.6406538517137,74.8003323531761,968.504083645912
"BIGKAT _ P75 _ Left _ 4",-71.2065567997348,37.041615341673,949.563956343047,-74.3564495584336,86.8210463516775,975.322409222943
"BIGKAT _ P75 _ Left _ 4",-70.2390793393587,35.9011231721841,947.250310885066,-71.543866775295,99.5285666539617,983.180106562091
"BIGKAT _ P75 _ Left _ 4",-68.9211694228448,34.919266748728,944.932071500348,-68.4454127534756,111.767175289779,991.367112460315
"BIGKAT _ P75 _ Left _ 4",-67.4657322247868,34.1402977559467,942.840646356727,-65.4294940687684,122.460299122052,999.030050512147
"BIGKAT _ P75 _ Left _ 4",-66.0912569644952,33.5954534256641,941.193369559267,-62.9541889901254,130.670497825998,1005.26131909783
"BIGKAT _ P75 _ Left _ 4",-64.9913241823663,33.2903260846262,940.154667540993,-61.4840787649814,135.643700014483,1009.23651189099
"BIGKAT _ P75 _ Left _ 4",-64.3144709436309,33.1958274036697,939.808296061126,-61.3846760589085,136.849012973458,1010.36787258054
"BIGKAT _ P75 _ Left _ 4",-64.1543403186596,33.2478145961071,940.146262438702,-62.8277693290723,134.024847553807,1008.43137795449
"BIGKAT _ P75 _ Left _ 4",-64.546675780691,33.3576543483983,941.0747800839,-65.7381263712971,127.232634102757,1003.62792326604
"BIGKAT _ P75 _ Left _ 4",-65.4693920307498,33.4319979574137,942.433593270875,-69.7993582289522,116.904184160641,996.555303022996
"BIGKAT _ P75 _ Left _ 4",-66.8441110223822,33.3965730846151,944.023300474773,-74.5185906881748,103.855703684731,988.092925881083
"BIGKAT _ P75 _ Left _ 4",-68.5402424936933,33.217160165872,945.63537012904,-79.3310717650894,89.240219424875,979.227449303015
"BIGKAT _ P75 _ Left _ 4",-70.3840673552183,32.9112897530206,947.080175090586,-83.7128552156278,74.4264203609639,970.866033251113
"BIGKAT _ P75 _ Left _ 4",-72.1746331620729,32.5460911712279,948.208803237319,-87.2680169442774,60.8214789934818,963.688333820632
"BIGKAT _ P75 _ Left _ 4",-73.7060692396616,32.2209461736355,948.924968221434,-89.7685061478488,49.6827398683994,958.07616041132
"BIGKAT _ P75 _ Left _ 4",-74.7934629740724,32.0381355421647,949.185234505834,-91.1445314291561,41.9695052877011,954.133400654856
"BIGKAT _ P75 _ Left _ 4",-75.2979890093554,32.0695438044217,948.989484179958,-91.441192877574,38.2653512190281,951.777318323651
"BIGKAT _ P75 _ Left _ 4",-75.1468894284378,32.3305967093657,948.367546097519,-90.7650492930667,38.7677462578296,950.85882910909
"BIGKAT _ P75 _ Left _ 4",-74.3446483543838,32.7720040769853,947.369512048014,-89.2416426131123,43.3182610299898,951.263917126854
"BIGKAT _ P75 _ Left _ 4",-72.9729200836078,33.2949049130631,946.064978526272,-86.9959882671127,51.4454830274206,952.961624683483
"BIGKAT _ P75 _ Left _ 4",-71.1785971452028,33.7865731534768,944.550964075648,-84.1575444495338,62.4080290295921,955.988045463705
"BIGKAT _ P75 _ Left _ 4",-69.1518238742062,34.1647212394158,942.96195946901,-80.8822771216792,75.241607665894,960.379569946567
"BIGKAT _ P75 _ Left _ 4",-67.0981375219869,34.4130157518494,941.471872589496,-77.3785320586102,88.8202077403594,966.083636783235
"BIGKAT _ P75 _ Left _ 4",-65.2103511915818,34.592451317041,940.279493958714,-73.9211476132464,101.936048194562,972.877939905135
"BIGKAT _ P75 _ Left _ 4",-63.6456440091405,34.8227104271501,939.576500567367,-70.8404094138779,113.393892568182,980.32222417875
"BIGKAT _ P75 _ Left _ 4",-62.5115547262053,35.2399791983623,939.505958474266,-68.4800081980096,122.111552985562,987.757735879639
"BIGKAT _ P75 _ Left _ 4",-61.8618775779636,35.946637993676,940.124664313515,-67.1304455482687,127.221482945764,994.363452194446
"BIGKAT _ P75 _ Left _ 4",-61.7009400323069,36.9700952300555,941.382085173498,-66.957268863547,128.171684267052,999.272432883752
"BIGKAT _ P75 _ Left _ 4",-61.9932357383618,38.2434744305548,943.123346546775,-67.9506106786332,124.819868078971,1001.73748728958
"BIGKAT _ P75 _ Left _ 4",-62.6750489168653,39.6133458981795,945.11649809854,-69.9185341643468,117.502232708006,1001.31107840756
"BIGKAT _ P75 _ Left _ 4",-63.6651774560223,40.8723381589013,947.097390039407,-72.5311852521221,107.046362111426,997.982557525442
"BIGKAT _ P75 _ Left _ 4",-64.8727268221107,41.808408783338,948.820208592619,-75.4014485903057,94.6996170009782,992.215551492852
"BIGKAT _ P75 _ Left _ 4",-66.2011074662497,42.257836816132,950.099517796971,-78.1713765695046,81.9666414445732,984.859335353504
"BIGKAT _ P75 _ Left _ 4",-67.5489006343778,42.1465858354205,950.832429381579,-80.5722058762389,70.3842572864738,976.959382514956
"BIGKAT _ P75 _ Left _ 4",-68.8098632153098,41.5068838569947,950.997353541181,-82.440672970144,61.2887681597211,969.535169268827
"BIGKAT _ P75 _ Left _ 4",-69.8752119270921,40.4638444987664,950.635020531013,-83.6959960540929,55.6326174856658,963.401231011756
"BIGKAT _ P75 _ Left _ 4",-70.6407460006861,39.1979976462333,949.822957711323,-84.2977628540945,53.8860358366433,959.078563298908
"BIGKAT _ P75 _ Left _ 4",-71.0193389537384,37.8980542409814,948.654015126391,-84.2090090866579,56.0310570475669,956.79986768391
"BIGKAT _ P75 _ Left _ 4",-70.9565994942679,36.7197694899416,947.224483135474,-83.3825908109852,61.6334914522537,956.578144514484
"BIGKAT _ P75 _ Left _ 4",-70.4451953965819,35.7614836335764,945.631231662672,-81.7771114336793,69.9654182346352,958.294166441337
"BIGKAT _ P75 _ Left _ 4",-69.5325619468792,35.0587017953715,943.973120527188,-79.3955947128224,80.1443998772724,961.76281068543
"BIGKAT _ P75 _ Left _ 4",-68.318116780572,34.5935473826697,942.351303934839,-76.3299472600373,91.2560957889657,966.755116673136
"BIGKAT _ P75 _ Left _ 4",-66.9393768112299,34.3124462706145,940.865647075982,-72.790738640138,102.435436835376,972.975443555441
"BIGKAT _ P75 _ Left _ 4",-65.550227177265,34.1462136240227,939.608127643837,-69.1065722449728,112.896907654902,980.013986685121
"BIGKAT _ P75 _ Left _ 4",-64.2973140503225,34.0285528163702,938.656260285258,-65.6882445029479,121.922854610426,987.307269820091
"BIGKAT _ P75 _ Left _ 4",-63.3008227089477,33.9102484867093,938.06908509241,-62.9648633956602,128.834816420271,994.138632780518
"BIGKAT _ P75 _ Left _ 4",-62.643565783697,33.766962286651,937.88582094343,-61.3070068572077,132.981514626678,999.697524123107
"BIGKAT _ P75 _ Left _ 4",-62.3685518740403,33.5993230149393,938.124771897832,-60.9539673904668,133.774105735522,1003.19561000644
"BIGKAT _ P75 _ Left _ 4",-62.4820519978639,33.4256664087523,938.77941849426,-61.9601199296483,130.782425311772,1004.01633288776
"BIGKAT _ P75 _ Left _ 4",-62.9581036955958,33.2702951101113,939.810647290211,-64.1724503471747,123.877719405791,1001.85905850139
"BIGKAT _ P75 _ Left _ 4",-63.7414445861645,33.1522858729413,941.137698655863,-67.2477532404289,113.376763225237,996.834301141455
"BIGKAT _ P75 _ Left _ 4",-64.7480911852028,33.0796842599786,942.633222618597,-70.7115381986278,100.123490660041,989.475657652214
"BIGKAT _ P75 _ Left _ 4",-65.8651057492091,33.0505825814773,944.127779735068,-74.0493983168546,85.4517058257231,980.656806692179
"BIGKAT _ P75 _ Left _ 4",-66.9527399969215,33.05810525669,945.425975814833,-76.8083506639304,71.0114955381788,971.432882726231
"BIGKAT _ P75 _ Left _ 4",-67.8525906962688,33.094227975409,946.331967740051,-78.6785204264926,58.4982708475551,962.852765513559
"BIGKAT _ P75 _ Left _ 4",-68.4044215732929,33.149273354724,946.67908696395,-79.5315114621461,49.3649793506634,955.797550345565
"BIGKAT _ P75 _ Left _ 4",-68.4719374091167,33.2082052143137,946.358373404016,-79.4089120729064,44.5989564386342,950.883691680946
"BIGKAT _ P75 _ Left _ 4",-67.9742183455681,33.2482472779302,945.34263883702,-78.4726071233291,44.6086247896132,948.43647045569
"BIGKAT _ P75 _ Left _ 4",-66.9153803249894,33.2426604119402,943.70355051413,-76.9392193406692,49.219562851507,948.511106286284
"BIGKAT _ P75 _ Left _ 4",-65.4020779504599,33.1725916055701,941.618165640167,-75.0222527733199,57.7499161272624,950.930375429268
"BIGKAT _ P75 _ Left _ 4",-63.6391755475977,33.0441202009296,939.360114717171,-72.8994527086951,69.1286411439636,955.318448096897
"BIGKAT _ P75 _ Left _ 4",-61.8995282381732,32.90312522229,937.27160094871,-70.7118611613732,82.0290042588009,961.128726543415
"BIGKAT _ P75 _ Left _ 4",-60.4727072714856,32.8388831401574,935.716372602249,-68.5879638625451,95.0030834807316,967.676551004923
"BIGKAT _ P75 _ Left _ 4",-59.6056974459393,32.9701107559546,935.019663942377,-66.6756872170902,106.613256361485,974.190324609949
"BIGKAT _ P75 _ Left _ 4",-59.4521171304062,33.4139797514247,935.406334045017,-65.1613821383316,115.561422316279,979.888063458455
"BIGKAT _ P75 _ Left _ 4",-60.043704373961,34.2465054714011,936.950663650789,-64.2604243534125,120.816604553523,984.075014022459
"BIGKAT _ P75 _ Left _ 4",-61.2901887744872,35.4679108377365,939.549700606672,-64.1769288085812,121.73701942542,986.246426141822
"BIGKAT _ P75 _ Left _ 4",-63.0048643230137,36.9866122483252,942.927790593912,-65.0451759961544,118.173733202994,986.171671614316
"BIGKAT _ P75 _ Left _ 4",-64.946676307396,38.6301040476615,946.674444864531,-66.8759862396177,110.53228406247,983.935122441864
"BIGKAT _ P75 _ Left _ 4",-66.8670184252794,40.1818774660916,950.311275330856,-69.5318688693588,99.7629987570094,979.917978901927
"BIGKAT _ P75 _ Left _ 4",-68.5503742834428,41.4336637791356,953.376227073332,-72.7437697370922,87.2584597741212,974.72260054254
"BIGKAT _ P75 _ Left _ 4",-69.8411915923647,42.2357985549349,955.506251230266,-76.1642545753308,74.6606751466825,969.060668306059
"BIGKAT _ P75 _ Left _ 4",-70.6535921462256,42.5288299582548,956.496745398883,-79.4365043933126,63.6123442877665,963.638710677129
"BIGKAT _ P75 _ Left _ 4",-70.9646442799725,42.3469690004451,956.321470643518,-82.2539914244019,55.5081771113563,959.071303475141
"BIGKAT _ P75 _ Left _ 4",-70.7953498316065,41.7951458207491,955.109980409676,-84.3933405049565,51.3001353353463,955.835109446898
"BIGKAT _ P75 _ Left _ 4",-70.1858551891153,41.0112035243336,953.094667010114,-85.7168027141649,51.3888335634928,954.257269547424
"BIGKAT _ P75 _ Left _ 4",-69.1723887237932,40.1288161931031,950.548259612002,-86.1535820196737,55.6088234804326,954.521711185586
"BIGKAT _ P75 _ Left _ 4",-67.7728226706984,39.2532294571968,947.731239361955,-85.6760627907004,63.3000555779788,956.679915771351
"BIGKAT _ P75 _ Left _ 4",-65.9852765798734,38.4531797227547,944.859721708075,-84.2858686197995,73.4501833666455,960.662143474156
"BIGKAT _ P75 _ Left _ 4",-63.799785118442,37.7641788277538,942.093903366008,-82.0167031099137,84.8848495545823,966.291952472701
"BIGKAT _ P75 _ Left _ 4",-61.2178710934882,37.1957570526447,939.540589106914,-78.9503760812808,96.4722997286903,973.306199702835
"BIGKAT _ P75 _ Left _ 4",-58.2713566913296,36.7382525237576,937.262441582449,-75.2351682625194,107.299459346953,981.376444714413
"BIGKAT _ P75 _ Left _ 4",-55.0321900908174,36.3690905297239,935.289279497717,-71.0953662145077,116.777730707627,990.122302433716
"BIGKAT _ P75 _ Left _ 4",-51.6096380771313,36.0601884054395,933.629447029474,-66.8260648799355,124.65302581235,999.108762211569
"BIGKAT _ P75 _ Left _ 4",-48.1374956690265,35.7865407055249,932.280221659103,-62.7733141141779,130.92220221868,1007.82878356151
"BIGKAT _ P75 _ Left _ 4",-44.7584119773916,35.5335517538986,931.23603033522,-59.3025092023767,135.686915084206,1015.68510404163
"BIGKAT _ P75 _ Left _ 4",-41.6126233618517,35.2999677637312,930.493246591994,-56.7577276631171,138.995405944033,1021.99407005778
"BIGKAT _ P75 _ Left _ 4",-38.8346146846752,35.0950080478002,930.051072050351,-55.4144135534788,140.726820511066,1026.03344537137
"BIGKAT _ P75 _ Left _ 4",-36.5559636807625,34.9310219213204,929.908993608008,-55.4298510826122,140.560576767962,1027.14355443708
"BIGKAT _ P75 _ Left _ 4",-34.9087328555661,34.8147946537333,930.0619745669,-56.8003198270853,138.048290783185,1024.86979637193
"BIGKAT _ P75 _ Left _ 4",-34.0230736703069,34.7407999742941,930.494965064606,-59.3384122535311,132.773454957316,1019.11158226257
"BIGKAT _ P75 _ Left _ 4",-34.0152886996409,34.6887891194713,931.178790531251,-62.6849729377552,124.55217871124,1010.22733819211
"BIGKAT _ P75 _ Left _ 4",-34.9670049071283,34.6268519885838,932.069629345707,-66.3638250298774,113.606626823352,999.046501797643
"BIGKAT _ P75 _ Left _ 4",-36.900388132566,34.5197441123102,933.113460372407,-69.8730843114866,100.641654678239,986.762367846906
"BIGKAT _ P75 _ Left _ 4",-39.7569754148233,34.3408243299617,934.255083817893,-72.7893963640069,86.7808171123288,974.719547253856
"BIGKAT _ P75 _ Left _ 4",-43.3877735308006,34.0846079635297,935.449350754992,-74.8511106128535,73.3659764203828,964.150729188587
"BIGKAT _ P75 _ Left _ 4",-47.5594260966497,33.7762699785607,936.670894608419,-75.992169837282,61.6772191065709,955.939314300969
"BIGKAT _ P75 _ Left _ 4",-51.9763653918711,33.474889274839,937.918497475014,-76.3193083469951,52.6625803326719,950.476086050557
"BIGKAT _ P75 _ Left _ 4",-56.3141389695961,33.2687141222717,939.211490968469,-76.0487062824113,46.7641790141308,947.644521522052
"BIGKAT _ P75 _ Left _ 4",-60.2567712486553,33.262688310439,940.578154363112,-75.4305294454073,43.8908372719636,946.927451091027
"BIGKAT _ P75 _ Left _ 4",-63.5316655836954,33.5603114554041,942.03925231871,-74.6862343146247,43.5350249040175,947.594795876551
"BIGKAT _ P75 _ Left _ 4",-65.9376709958515,34.2432798025052,943.592242111083,-73.9705365837225,44.9863902123268,948.917270548854
"BIGKAT _ P75 _ Left _ 4",-67.3634065569986,35.3531370551982,945.201723203092,-73.357272452731,47.570208744148,950.353755216556
"BIGKAT _ P75 _ Left _ 4",-67.7931695936511,36.879205555093,946.799195931432,-72.841775267249,50.839937808646,951.673848494198
"BIGKAT _ P75 _ Left _ 4",-67.2983256743462,38.7562122449867,948.291895571924,-72.3522271207363,54.6732788608302,952.994702439192
"BIGKAT _ P75 _ Left _ 4",-66.0148358808394,40.8733367640577,949.578461670391,-71.7662088695579,59.252121501206,954.728699622064
"BIGKAT _ P75 _ Left _ 4",-64.1122164765695,43.0940430469326,950.568815415406,-70.933156208913,64.9397568085795,957.454956190364
"BIGKAT _ P75 _ Left _ 4",-61.7631673101687,45.2830428663987,951.205490442768,-69.7055538074421,72.096017910285,961.742382933619
"BIGKAT _ P75 _ Left _ 4",-59.12360522733,47.3335517509578,951.482688331866,-67.9792971768085,80.8863341656848,967.963006040583
"BIGKAT _ P75 _ Left _ 4",-56.3289162531317,49.1862513974467,951.45798541969,-65.7370719114358,91.1402189622336,976.138432270611
"BIGKAT _ P75 _ Left _ 4",-53.5052076157749,50.8330365562624,951.251496050649,-63.0816545536258,102.29815655657,985.857537188457
"BIGKAT _ P75 _ Left _ 4",-50.7873292660933,52.3039602907929,951.029612433236,-60.2440983618362,113.458232320777,996.289558037154
"BIGKAT _ P75 _ Left _ 4",-48.3319817106985,53.6424346185322,950.974843796619,-57.5576140515527,123.505548779956,1006.29615067867
"BIGKAT _ P75 _ Left _ 4",-46.3161934145289,54.8782231924012,951.247915504961,-55.3992571852684,131.289647399973,1014.62317515616
"BIGKAT _ P75 _ Left _ 4",-44.9178506494158,56.0079414514641,951.951031971694,-54.1126784437819,135.812506901593,1020.13364894101
"BIGKAT _ P75 _ Left _ 4",-44.2827988018979,56.9890531772579,953.101049671437,-53.9315911618561,136.397412763109,1022.03217298788
"BIGKAT _ P75 _ Left _ 4",-44.4890580333857,57.7480493144067,954.618858687805,-54.924037307337,132.817584758082,1020.03049176753
"BIGKAT _ P75 _ Left _ 4",-45.5206098040995,58.1991937850883,956.337928106308,-56.9728398576546,125.367011396923,1014.41419792151
"BIGKAT _ P75 _ Left _ 4",-47.260274222353,58.2681065478789,958.031439060301,-59.7986244093504,114.856799571445,1005.99196805163
"BIGKAT _ P75 _ Left _ 4",-49.504604757946,57.9139747566724,959.453312759157,-63.0195494185156,102.526465279826,995.938992042168
"BIGKAT _ P75 _ Left _ 4",-51.9963416416112,57.1444534074018,960.383898556988,-66.2298356038114,89.8765525394642,985.577143222939
"BIGKAT _ P75 _ Left _ 4",-54.4649731430777,56.0186713395193,960.668493089754,-69.0731335321888,78.4524752530681,976.152174207921
"BIGKAT _ P75 _ Left _ 4",-56.6651147561785,54.6371561637502,960.239195033263,-71.290852037187,69.6257910753886,968.662374091542
"BIGKAT _ P75 _ Left _ 4",-58.405330549769,53.1223059004049,959.117656581008,-72.7379429468298,64.4159471490247,963.765969629684
"BIGKAT _ P75 _ Left _ 4",-59.5647112105122,51.5966198076918,957.403811197339,-73.3723008075168,63.3746016490374,961.761154438679
"BIGKAT _ P75 _ Left _ 4",-60.0985205565876,50.1660520341542,955.258999492202,-73.2320491103143,66.5317753483246,962.610755206349
"BIGKAT _ P75 _ Left _ 4",-60.0357702886649,48.9128376323796,952.889882153414,-72.4149315901631,73.3939587865222,965.982161794467
"BIGKAT _ P75 _ Left _ 4",-59.470695680333,47.8978074756325,950.534429360568,-71.0674833743436,82.9903523598589,971.288288467668
"BIGKAT _ P75 _ Left _ 4",-58.5485204179478,47.1681754231066,948.446544485135,-69.382589662577,93.9724924920541,977.734586069359
"BIGKAT _ P75 _ Left _ 4",-57.4455892924678,46.7642294233514,946.874176515692,-67.5967912460711,104.771752616806,984.387912265288
"BIGKAT _ P75 _ Left _ 4",-56.3454578341544,46.7185490590298,946.028159378777,-65.9765538243242,113.806487194913,990.279410232969
"BIGKAT _ P75 _ Left _ 4",-55.4146436275228,47.0450150911869,946.044561253945,-64.7868953880757,119.713872264342,994.53806331839
"BIGKAT _ P75 _ Left _ 4",-54.7826573256085,47.7209042134941,946.949392837047,-64.2449073086713,121.569201962322,996.532513418432
"BIGKAT _ P75 _ Left _ 4",-54.5297688651151,48.6709285404273,948.638001595499,-64.4709588941421,119.050463267164,995.985275461521
"BIGKAT _ P75 _ Left _ 4",-54.6833578603011,49.7639578796659,950.880176701786,-65.4562425409929,112.508931443033,993.022868548513
"BIGKAT _ P75 _ Left _ 4",-55.2211205133538,50.8294488546874,953.355344471937,-67.0620180810743,102.919752410266,988.140818913343
"BIGKAT _ P75 _ Left _ 4",-56.0781252154277,51.6921320130336,955.711873514607,-69.0532416153743,91.7122684681949,982.09031677299
"BIGKAT _ P75 _ Left _ 4",-57.155104771001,52.2142637152978,957.634634880769,-71.1538151505996,80.5136643838152,975.72174796951
"BIGKAT _ P75 _ Left _ 4",-58.3268272107647,52.3300722269815,958.900897216448,-73.1021728152844,70.8675084326158,969.83444564994
"BIGKAT _ P75 _ Left _ 4",-59.4508549154757,52.0600017786366,959.409279012991,-74.6890668107406,63.9951900814676,965.073728789549
"BIGKAT _ P75 _ Left _ 4",-60.3778392778611,51.5012599860535,959.177646347305,-75.7703614698335,60.6484392043547,961.890841036968
"BIGKAT _ P75 _ Left _ 4",-60.9646160590905,50.8005624303697,958.31737670353,-76.2589522705913,61.0668841531312,960.553716290625
"BIGKAT _ P75 _ Left _ 4",-61.0907034537776,50.1197965913388,956.9974180475,-76.1070411752352,65.0247546812939,961.180542462815
"BIGKAT _ P75 _ Left _ 4",-60.677112978827,49.6043904845519,955.410230113471,-75.2918947478668,71.9362293256169,963.768558345738
"BIGKAT _ P75 _ Left _ 4",-59.703835650767,49.3599463086633,953.745618840819,-73.8150133109926,80.9877020886022,968.202758699813
"BIGKAT _ P75 _ Left _ 4",-58.2202820742599,49.438548699671,952.172218329521,-71.7172325783123,91.2697372069546,974.244675302543
"BIGKAT _ P75 _ Left _ 4",-56.3433389426734,49.8339684119873,950.823523424545,-69.1033424785553,101.886686595827,981.512959208543
"BIGKAT _ P75 _ Left _ 4",-54.2414164874448,50.4846805944048,949.786713327756,-66.1634194045939,112.028156266544,989.471879756071
"BIGKAT _ P75 _ Left _ 4",-52.1083058990374,51.2839434059965,949.095794645363,-63.1773552242945,120.996345493979,997.441899078302
"BIGKAT _ P75 _ Left _ 4",-50.1347313725849,52.0958442504392,948.732336316728,-60.494043836346,128.197055579096,1004.64110665228
"BIGKAT _ P75 _ Left _ 4",-48.4858624131559,52.7748887553476,948.635332600726,-58.4846315534565,133.115808882997,1010.25991184196
"BIGKAT _ P75 _ Left _ 4",-47.289680889259,53.1853441773564,948.717703197455,-57.4771539508243,135.307505399238,1013.56442815745
"BIGKAT _ P75 _ Left _ 4",-46.6358149140745,53.21660933434,948.883802330434,-57.6862540067804,134.423205836796,1014.01560570184
"BIGKAT _ P75 _ Left _ 4",-46.5797953853832,52.7928616397635,949.042472954413,-59.1558939534967,130.280338474397,1011.38152573518
"BIGKAT _ P75 _ Left _ 4",-47.1458006879861,51.8780091522862,949.113462864936,-61.7336126666871,122.958219959186,1005.81256980265
"BIGKAT _ P75 _ Left _ 4",-48.3228114044833,50.4786949844013,949.029120744345,-65.0894231582033,112.879665074671,997.84953948626
"BIGKAT _ P75 _ Left _ 4",-50.0539715573883,48.647593002068,948.735660383775,-68.7797368003268,100.833340424684,988.348619637808
"BIGKAT _ P75 _ Left _ 4",-52.2243518615577,46.486798793688,948.197633649896,-72.3402430133492,87.9072893361411,978.333215016222
"BIGKAT _ P75 _ Left _ 4",-54.6550954351079,44.1483824075886,947.406105801315,-75.3796057647879,75.3378990349592,968.810643577663
"BIGKAT _ P75 _ Left _ 4",-57.1104968121816,41.8280157924244,946.387385524168,-77.6457078096554,64.3145620730316,960.606330704052
"BIGKAT _ P75 _ Left _ 4",-59.320238756799,39.7487683148758,945.207404401906,-79.0484944583972,55.7978506587873,954.260166843312
"BIGKAT _ P75 _ Left _ 4",-61.0146719888474,38.1349768315762,943.968188802949,-79.640870491967,50.3978948555195,950.003000358752
"BIGKAT _ P75 _ Left _ 4",-61.9681748188484,37.1794701525673,942.79649449815,-79.5723376819441,48.3294807208186,947.800724105871
"BIGKAT _ P75 _ Left _ 4",-62.0434851888348,37.0106629616597,941.82829791505,-79.0345014875495,49.4325064026582,947.434318542217
"BIGKAT _ P75 _ Left _ 4",-61.2275535933197,37.6681987957585,941.194285801215,-78.2143952436255,53.2349971674764,948.582515369553
"BIGKAT _ P75 _ Left _ 4",-59.6480227109296,39.0952795566748,941.009921216589,-77.2646493805342,59.0389462010485,950.885012739138
"BIGKAT _ P75 _ Left _ 4",-57.561384812921,41.151452107657,941.370021831414,-76.2923546991414,66.0163954874577,953.979365509211
"BIGKAT _ P75 _ Left _ 4",-55.3105650558795,43.6426372949966,942.344452096418,-75.3629540575381,73.3071030400732,957.516412530854
"BIGKAT _ P75 _ Left _ 4",-53.2594538705288,46.3589898096406,943.970877761074,-74.5123930012499,80.1097206737344,961.164553822184
"BIGKAT _ P75 _ Left _ 4",-51.7204661302053,49.1089705929507,946.24298208032,-73.7603473010087,85.7591682504123,964.613495491342
"BIGKAT _ P75 _ Left _ 4",-50.894237984869,51.7405711598304,949.096249298794,-73.1193952028516,89.7860365400122,967.585723834699
"BIGKAT _ P75 _ Left _ 4",-50.8365727540808,54.1462396890201,952.396102050792,-72.5983130684476,91.9579758479664,969.860152914575
"BIGKAT _ P75 _ Left _ 4",-51.4587434296666,56.2540838534856,955.933933694379,-72.2004551866145,92.3044435480537,971.306653671242
"BIGKAT _ P75 _ Left _ 4",-52.5572752962719,58.0122915521135,959.435775322159,-71.9193867809918,91.1225695966346,971.922651861319
"BIGKAT _ P75 _ Left _ 4",-53.8621146969242,59.3753367936494,962.586373714107,-71.7340637714537,88.9553507319308,971.856480455215
"BIGKAT _ P75 _ Left _ 4",-55.0896249855801,60.2990583322435,965.068249527764,-71.6060230009097,86.5297687594016,971.400975810929
"BIGKAT _ P75 _ Left _ 4",-55.989038636381,60.7475036024943,966.611048691329,-71.4813973337561,84.6471199362823,970.947184223935
"BIGKAT _ P75 _ Left _ 4",-56.3760627738492,60.7090003727833,967.042382664832,-71.2999590476857,84.0316087082195,970.900324356812
"BIGKAT _ P75 _ Left _ 4",-56.1526180480243,60.214432144614,966.328982698179,-71.0109163793956,85.1616409096242,971.574018996081
"BIGKAT _ P75 _ Left _ 4",-55.3147801220449,59.3489168920207,964.597234607873,-70.5915833075571,88.1240035423983,973.089756008384
"BIGKAT _ P75 _ Left _ 4",-53.9510095159549,58.2496461813715,962.124979085994,-70.0622818536801,92.5371362244064,975.313041257919
"BIGKAT _ P75 _ Left _ 4",-52.2308325576496,57.0870400503736,959.301586488537,-69.4905498345947,97.5810365531374,977.853204147687
"BIGKAT _ P75 _ Left _ 4",-50.3826037666133,56.0322981504356,956.560451274197,-68.98037097771,102.146841370732,980.139086664186
"BIGKAT _ P75 _ Left _ 4",-48.6598495732014,55.2200522719141,954.296367634609,-68.6471671667312,105.083323325324,981.559577006252
"BIGKAT _ P75 _ Left _ 4",-47.2993635241952,54.7181431445957,952.787576599731,-68.5851540009199,105.481527567924,981.632512644902
"BIGKAT _ P75 _ Left _ 4",-46.4790058384498,54.515794285671,952.144902585147,-68.8377333594691,102.91745995294,980.148725280722
"BIGKAT _ P75 _ Left _ 4",-46.2860208281404,54.5359087744276,952.304717301327,-69.3812107911487,97.5782264717122,977.240915303096
"BIGKAT _ P75 _ Left _ 4",-46.7051375033652,54.6682215313219,953.068353941225,-70.126801330426,90.2313157615559,973.352822058205
"BIGKAT _ P75 _ Left _ 4",-47.6297674907443,54.8112670817705,954.1735017311,-70.9386115055393,82.0481760767855,969.122540203117
"BIGKAT _ P75 _ Left _ 4",-48.8920378405833,54.9070435354043,955.371693924931,-71.6605063249463,74.3401942492436,965.225234074413
"BIGKAT _ P75 _ Left _ 4",-50.301861750787,54.955467041367,956.486252241351,-72.1443204693578,68.2870284289257,962.22924065323
"BIGKAT _ P75 _ Left _ 4",-51.6839295369939,55.0048988941922,957.436069472092,-72.2737242095401,64.7270580577773,960.504696470897
"BIGKAT _ P75 _ Left _ 4",-52.9042007221945,55.1253588218198,958.225737256974,-71.9796292591031,64.0480570005799,960.197633151423
"BIGKAT _ P75 _ Left _ 4",-53.8823939336346,55.3772752211904,958.914295774199,-71.2441550970626,66.1819073300812,961.259473106995
"BIGKAT _ P75 _ Left _ 4",-54.591774582992,55.7884583931536,959.579170536458,-70.0921249113431,70.6838085365808,963.50975126579
"BIGKAT _ P75 _ Left _ 4",-55.0502717534017,56.3466883231925,960.288611235432,-68.572302619367,76.8664186082261,966.708612667029
"BIGKAT _ P75 _ Left _ 4",-55.3070216772541,57.0079877969066,961.08796574146,-66.7343382362646,83.9578100250793,970.621003337837
"BIGKAT _ P75 _ Left _ 4",-55.4269842581984,57.7144755423248,961.996817317717,-64.6100831536222,91.2535561331464,975.061604135408
"BIGKAT _ P75 _ Left _ 4",-55.4751288907667,58.4129652401042,963.009705291729,-62.2078443293864,98.2355082926342,979.914967082123
"BIGKAT _ P75 _ Left _ 4",-55.5017729320037,59.0669003835426,964.094693937662,-59.5244732222763,104.634173879205,985.128158694819
"BIGKAT _ P75 _ Left _ 4",-55.5315430788321,59.6584737251509,965.189508994432,-56.5739124766415,110.420578689298,990.67537460774
"BIGKAT _ P75 _ Left _ 4",-55.5589993815382,60.1822208847379,966.199983515775,-53.4242392466333,115.728114349968,996.498541854571
"BIGKAT _ P75 _ Left _ 4",-55.5533843913042,60.6337303350997,967.006606400422,-50.2305805336417,120.723066965705,1002.43633782515
"BIGKAT _ P75 _ Left _ 4",-55.4731004031732,60.9968633496949,967.481474893799,-47.2499666200536,125.459256196778,1008.16381033093
"BIGKAT _ P75 _ Left _ 4",-55.2877157456362,61.2312608498346,967.512036727606,-44.827107199923,129.761087520725,1013.16987843587
"BIGKAT _ P75 _ Left _ 4",-55.0022036137723,61.2608526760778,967.023043910169,-43.3474889896442,133.17540784599,1016.79472512399
"BIGKAT _ P75 _ Left _ 4",-54.675836940201,60.9649293951246,965.987318173121,-43.1648591031915,135.015283943686,1018.33233392184
"BIGKAT _ P75 _ Left _ 4",-54.4281176673571,60.1758984151819,964.420610009928,-44.5207813469231,134.492827940771,1017.18009088199
"BIGKAT _ P75 _ Left _ 4",-54.4271230513031,58.6901907502383,962.36415165014,-47.4801165092983,130.911315673645,1012.9963643075
"BIGKAT _ P75 _ Left _ 4",-54.8609468519578,56.2982352653864,959.865716826101,-51.9043151094923,123.867106495771,1005.81741341987
"BIGKAT _ P75 _ Left _ 4",-55.8982783864648,52.8343920327187,956.971245545423,-57.4732822051845,113.405541818628,996.092766808115
"BIGKAT _ P75 _ Left _ 4",-57.64736313386,48.2391558586384,953.732993779436,-63.7493655563681,100.085370574728,984.623054299509
"BIGKAT _ P75 _ Left _ 4",-60.1228621066549,42.6171991220986,950.230213995899,-70.2610220111455,84.9318137767324,972.417668357941
"BIGKAT _ P75 _ Left _ 4",-63.2281601013044,36.2703120940264,946.5904277798,-76.5773724583088,69.2913488281513,960.517095640633
"BIGKAT _ P75 _ Left _ 4",-66.7574744577213,29.6872527550325,942.997612474437,-82.3521318228937,54.6292378106797,949.833641247071
"BIGKAT _ P75 _ Left _ 4",-70.4184075483933,23.4833224514761,939.678701689302,-87.3319961317058,42.3221736561498,941.051402491209
"BIGKAT _ P75 _ Left _ 4",-73.8718836117656,18.2982306667461,936.869285422426,-91.3404621994821,33.4891796161975,934.599169348227
"BIGKAT _ P75 _ Left _ 4",-76.7830537652968,14.6760578927921,934.769033234246,-94.2551215142531,28.880914492775,930.68149076628
"BIGKAT _ P75 _ Left _ 4",-78.8741233551769,12.9596512388865,933.502684305062,-95.9937870633477,28.8244740445597,929.335315649435
"BIGKAT _ P75 _ Left _ 4",-79.9689474385664,13.2292399627843,933.100993457635,-96.5167608098379,33.2087543487968,930.477879222284
"BIGKAT _ P75 _ Left _ 4",-80.0204196524916,15.3015402953942,933.508487196514,-95.8436329141299,41.4966318040963,933.923861250199
"BIGKAT _ P75 _ Left _ 4",-79.115010554249,18.7863680900938,934.614440523425,-94.0757739414613,52.7596954687746,939.369634786368
"BIGKAT _ P75 _ Left _ 4",-77.4533277231816,23.1807342272105,936.294399546986,-91.4118234232924,65.7423280320697,946.36185466185
"BIGKAT _ P75 _ Left _ 4",-75.3102639007253,27.9719054100399,938.445583411251,-88.1442415574213,78.9683051504658,954.279673579885
"BIGKAT _ P75 _ Left _ 4",-72.9824817206875,32.7226999181015,941.002169619658,-84.6303101885955,90.8994011331519,962.359381740009
"BIGKAT _ P75 _ Left _ 4",-70.7340591579939,37.1217477646974,943.924677842604,-81.2393278625062,100.13988791361,969.775868730322
"BIGKAT _ P75 _ Left _ 4",-68.7522388690505,40.9941807591067,947.168436848541,-78.2869310675731,105.657859849588,975.771298773683
"BIGKAT _ P75 _ Left _ 4",-67.1233605529247,44.2802183706963,950.645613734711,-75.9747059726827,106.974075253382,979.797317549545
"BIGKAT _ P75 _ Left _ 4",-65.8338860585174,46.9971826354285,954.199567967493,-74.3550388283888,104.26262019088,981.624370806634
"BIGKAT _ P75 _ Left _ 4",-64.7943280888068,49.2020117075236,957.606516661475,-73.3347861626265,98.3226615651151,981.378607333832
"BIGKAT _ P75 _ Left _ 4",-63.8776763191024,50.9654743179671,960.607874415975,-72.7177763382032,90.4165351199647,979.493164918649
"BIGKAT _ P75 _ Left _ 4",-62.9610694394776,52.3590676410001,962.962076051176,-72.271187353706,82.0145726247409,976.594512126469
"BIGKAT _ P75 _ Left _ 4",-61.960457260998,53.4477317003845,964.495407658738,-71.7922415802099,74.5196369486476,973.367153505147
"BIGKAT _ P75 _ Left _ 4",-60.8513800431908,54.2814135195566,965.133173628158,-71.1536806913073,69.0453841487479,970.439107917599
"BIGKAT _ P75 _ Left _ 4",-59.6730285713242,54.8849188591569,964.903630376867,-70.3170434163686,66.2920503830026,968.310425610813
"BIGKAT _ P75 _ Left _ 4",-58.5165759467711,55.2518328636303,963.91972436304,-69.3158854276287,66.5223061735811,967.323442372935
"BIGKAT _ P75 _ Left _ 4",-57.5020590417319,55.3491661583799,962.350646863189,-68.2212796283511,69.6101517282376,967.659620714014
"BIGKAT _ P75 _ Left _ 4",-56.750360956628,55.1345096505223,960.394538995693,-67.106292021371,75.1271407814746,969.346531679894
"BIGKAT _ P75 _ Left _ 4",-56.3575436992478,54.5805015750695,958.258011064846,-66.0240469934812,82.4374675799478,972.2653936633
"BIGKAT _ P75 _ Left _ 4",-56.3776017760136,53.696762554894,956.142004937961,-65.0066798633909,90.786136278299,976.158674687927
"BIGKAT _ P75 _ Left _ 4",-56.8167839250699,52.5398323894605,954.230370573987,-64.0825990675307,99.3742869927206,980.643870359042
"BIGKAT _ P75 _ Left _ 4",-57.6387471012672,51.2067453082699,952.678057756915,-63.300733466481,107.42033996401,985.241074373286
"BIGKAT _ P75 _ Left _ 4",-58.7764581690728,49.8149068196076,951.598461910148,-62.7466206067698,114.207371428306,989.418379192952
"BIGKAT _ P75 _ Left _ 4",-60.1454225306831,48.4763535030288,951.051986434309,-62.5385224101614,119.119258538028,992.652846233944
"BIGKAT _ P75 _ Left _ 4",-61.6539249559336,47.2758693195715,951.038811814067,-62.8010835303609,121.671177134184,994.498908948922
"BIGKAT _ P75 _ Left _ 4",-63.2086782642127,46.2595944176801,951.498074193287,-63.6249117198486,121.541699156257,994.652702475723
"BIGKAT _ P75 _ Left _ 4",-64.7171234538633,45.4356321516677,952.314116348595,-65.0276708150455,118.611083559723,993.000358045007
"BIGKAT _ P75 _ Left _ 4",-66.0892692846032,44.7835407161281,953.329207605111,-66.932786896693,113.00250576928,989.640244833571
"BIGKAT _ P75 _ Left _ 4",-67.2417397821232,44.2674999409744,954.361509914747,-69.1756936041788,105.112654163524,984.873025317284
"BIGKAT _ P75 _ Left _ 4",-68.1049472534846,43.8486528160144,955.226934313505,-71.5371472666345,95.6111159088826,979.15907319409
"BIGKAT _ P75 _ Left _ 4",-68.6321489561514,43.4943255989184,955.763369819477,-73.7925411223649,85.3904783069574,973.050044254539
"BIGKAT _ P75 _ Left _ 4",-68.8077229020067,43.183648393838,955.854858637487,-75.7597691998935,75.4636750607514,967.108930277419
"BIGKAT _ P75 _ Left _ 4",-68.6517316649502,42.9096343052644,955.451593225693,-77.3290357661576,66.8267571585145,961.837549555516
"BIGKAT _ P75 _ Left _ 4",-68.2183997174936,42.6779177979923,954.58050055538,-78.465746300669,60.3215210329171,957.628022310101
"BIGKAT _ P75 _ Left _ 4",-67.5871688104416,42.5033426968486,953.342423012588,-79.1884974484134,56.5319477900501,954.74450341738
"BIGKAT _ P75 _ Left _ 4",-66.8467224444326,42.4069273585213,951.895663788327,-79.5334370679217,55.7317845924029,953.328670318083
"BIGKAT _ P75 _ Left _ 4",-66.0749670983368,42.4156285880422,950.430055455722,-79.5206609211197,57.8804373968534,953.415073560591
"BIGKAT _ P75 _ Left _ 4",-65.3206474102632,42.5650724384089,949.138387610028,-79.1366861518667,62.6532416658509,954.94380735445
"BIGKAT _ P75 _ Left _ 4",-64.5934365349061,42.9023745557835,948.191881113493,-78.3400368183799,69.4925723026886,957.765065905528
"BIGKAT _ P75 _ Left _ 4",-63.8675781736274,43.4846048510632,947.723897704642,-77.087310564355,77.6718531022265,961.637950441351
"BIGKAT _ P75 _ Left _ 4",-63.0993568993548,44.3697652565717,947.822511876087,-75.3689502097329,86.3684160914076,966.231041157233
"BIGKAT _ P75 _ Left _ 4",-62.2526503687878,45.6007027747627,948.529245775021,-73.240726930082,94.7413540604823,971.133593449127
"BIGKAT _ P75 _ Left _ 4",-61.3227587646215,47.1859182711155,949.83931486585,-70.8392873118437,102.009289579677,975.883963012493
"BIGKAT _ P75 _ Left _ 4",-60.3491517585957,49.0827793680499,951.699140487141,-68.3759826283807,107.522701518066,980.016846159441
"BIGKAT _ P75 _ Left _ 4",-59.4125859158195,51.1879685578641,953.999975725485,-66.1098021652354,110.825824461817,983.124172117625
"BIGKAT _ P75 _ Left _ 4",-58.6183773191096,53.3383081337727,956.571133311237,-64.3058459655602,111.70241361023,984.91754419195
"BIGKAT _ P75 _ Left _ 4",-58.0720095414585,55.323609242706,959.180012101914,-63.1896900875552,110.197524414815,985.275623724747
"BIGKAT _ P75 _ Left _ 4",-57.8541577678705,56.9119061321854,961.546449059665,-62.9093612078439,106.606308602831,984.260830275308
"BIGKAT _ P75 _ Left _ 4",-58.0007044024889,57.8853324456316,963.375042731607,-63.514313370902,101.424240109416,982.097491126178
"BIGKAT _ P75 _ Left _ 4",-58.4915118888127,58.0813568529005,964.402270209425,-64.9548930487169,95.2625224455769,979.115871581505
"BIGKAT _ P75 _ Left _ 4",-59.2505744865252,57.4302054482529,964.448267739221,-67.0988120715773,88.744543779711,975.678160684058
"BIGKAT _ P75 _ Left _ 4",-60.159044282981,55.977464954761,963.459231021175,-69.7567941549601,82.4077718315223,972.108169504753
"BIGKAT _ P75 _ Left _ 4",-61.0803333721836,53.8830158446003,961.527424968109,-72.7096786478782,76.6352386034721,968.643826539233
"BIGKAT _ P75 _ Left _ 4",-61.8926343008869,51.3936278951919,958.881424328462,-75.7324559597438,71.6313712933944,965.42221605048
"BIGKAT _ P75 _ Left _ 4",-62.5199713992065,48.794896610904,955.847383775576,-78.6139751426927,67.4425876626074,962.495366212975
"BIGKAT _ P75 _ Left _ 4",-62.9508925709324,46.3556646169323,952.790323119634,-81.17248415742,64.0096331355361,959.865777049648
"BIGKAT _ P75 _ Left _ 4",-63.2365338164144,44.2813207292262,950.05013207122,-83.2669091949162,61.2307772783411,957.526364977344
"BIGKAT _ P75 _ Left _ 4",-63.4670572405786,42.6892575346855,947.888173387562,-84.803208846856,59.0148971172852,955.490562073233
"BIGKAT _ P75 _ Left _ 4",-63.7342548401847,41.6111596451629,946.456340121492,-85.7353301877169,57.3105146566252,953.803741913605
"BIGKAT _ P75 _ Left _ 4",-64.0939415722038,41.016757162922,945.792815401613,-86.0612374802494,56.1078403845346,952.534821336468
"BIGKAT _ P75 _ Left _ 4",-64.5417446197674,40.8470149801727,945.840817978993,-85.8153913286722,55.4212273740847,951.753997853212
"BIGKAT _ P75 _ Left _ 4",-65.0103763464372,41.0438538737564,946.481303657262,-85.0593001195284,55.2652158955405,951.506727392871
"BIGKAT _ P75 _ Left _ 4",-65.3883349389213,41.5675144393016,947.569182209511,-83.8714039762901,55.6370419839364,951.794348207342
"BIGKAT _ P75 _ Left _ 4",-65.5526372501188,42.3988782672048,948.964352323267,-82.3370151997681,56.5133559097972,952.568903837432
"BIGKAT _ P75 _ Left _ 4",-65.4040535006821,43.5298544731933,950.552115229626,-80.5386200273895,57.8617910550839,953.745054372456
"BIGKAT _ P75 _ Left _ 4",-64.8933050412213,44.9486460195803,952.251163524799,-78.5466070232789,59.6617956916752,955.226770967497
"BIGKAT _ P75 _ Left _ 4",-64.0303964405511,46.6275596787404,954.010883915404,-76.4105133888208,61.9256400794607,956.941916700551
"BIGKAT _ P75 _ Left _ 4",-62.8752005690729,48.5190644864055,955.802453266023,-74.1513943358036,64.7102950348915,958.874769169518
"BIGKAT _ P75 _ Left _ 4",-61.513571579492,50.5618692686925,957.609094996333,-71.7569758230057,68.1134648551458,961.085665412388
"BIGKAT _ P75 _ Left _ 4",-60.027793156906,52.6943407202381,959.419621221338,-69.1823760422576,72.2514674658902,963.708709245655
"BIGKAT _ P75 _ Left _ 4",-58.471868578235,54.8693523887065,961.226985753027,-66.3595028412097,77.2217476502513,966.923122808432
"BIGKAT _ P75 _ Left _ 4",-56.8604481346087,57.0640144519084,963.031188754587,-63.2169939151072,83.0572223354653,970.900705023596
"BIGKAT _ P75 _ Left _ 4",-55.1753075081004,59.2799167816952,964.843950392602,-59.7096077052974,89.6820272793327,975.739124834118
"BIGKAT _ P75 _ Left _ 4",-53.3867804972808,61.5333386191692,966.691266132442,-55.8519551383402,96.8781919164795,981.396291326912
"BIGKAT _ P75 _ Left _ 4",-51.4820709309475,63.8384441395419,968.609870839709,-51.747737130961,104.27149337714,987.643560625453
"BIGKAT _ P75 _ Left _ 4",-49.4902734107153,66.1883848838872,970.635384677587,-47.6038943567356,111.343597071574,994.054596122937
"BIGKAT _ P75 _ Left _ 4",-47.4957830008539,68.5392410685476,972.783133746329,-43.7207404144699,117.47601998761,1000.04157624226
"BIGKAT _ P75 _ Left _ 4",-45.6362376927963,70.8006182968765,975.026067549142,-40.454754336601,122.027098992135,1004.94020065271
"BIGKAT _ P75 _ Left _ 4",-44.0860221080972,72.8354705209335,977.276645500493,-38.1592058619226,124.434642954301,1008.13039673042
"BIGKAT _ P75 _ Left _ 4",-43.0297434886031,74.4707835220284,979.380345329278,-37.1164809316931,124.326262881669,1009.16519780472
"BIGKAT _ P75 _ Left _ 4",-42.6312204280088,75.5196571617246,981.126976535336,-37.4811294787742,121.611330892959,1007.87287273914
"BIGKAT _ P75 _ Left _ 4",-43.0031942546941,75.8131329445652,982.281739389149,-39.2509234317394,116.528259538327,1004.40248145613
"BIGKAT _ P75 _ Left _ 4",-44.1826188193665,75.2365367634243,982.631293444636,-42.2738756900966,109.630863175033,999.200583009615
"BIGKAT _ P75 _ Left _ 4",-46.1164381598286,73.7614133346044,982.03311589466,-46.2858753992077,101.715438836435,992.929889076775
"BIGKAT _ P75 _ Left _ 4",-48.6621437062115,71.4628073458005,980.452828275418,-50.9630675872524,93.7079067499893,986.358080942835
"BIGKAT _ P75 _ Left _ 4",-51.604819470969,68.5146894710358,977.977017768254,-55.970641058811,86.5386028898057,980.248090529279
"BIGKAT _ P75 _ Left _ 4",-54.6879906364965,65.1633439253132,974.797937564442,-60.9954312157586,81.0278341166435,975.27019925068
"BIGKAT _ P75 _ Left _ 4",-57.651317394582,61.6864492109376,971.176909444364,-65.7595172164889,77.7940832306428,971.940666263567
"BIGKAT _ P75 _ Left _ 4",-60.2663520220688,58.350413219128,967.399889744255,-70.020897688697,77.1884961097279,970.581764462834
"BIGKAT _ P75 _ Left _ 4",-62.3631295331608,55.3778215244537,963.738779038582,-73.5720154381364,79.2584373533271,971.297659548351
"BIGKAT _ P75 _ Left _ 4",-63.8442447461649,52.9310956187493,960.426640062587,-76.2459891956008,83.7456011655351,973.965603420718
"BIGKAT _ P75 _ Left _ 4",-64.6871752294609,51.1108225728199,957.647443849162,-77.934666048313,90.1231480085168,978.246335931513
"BIGKAT _ P75 _ Left _ 4",-64.938084788221,49.9618844399338,955.535176221196,-78.6147485773181,97.6683089766467,983.617729539099
"BIGKAT _ P75 _ Left _ 4",-64.7004938328245,49.4800286912229,954.175519592848,-78.3717516575697,105.555920014995,989.431602228485
"BIGKAT _ P75 _ Left _ 4",-64.1207877045233,49.6151343174648,953.60558415029,-77.4091945634989,112.95231382352,994.987942643054
"BIGKAT _ P75 _ Left _ 4",-63.3711328237723,50.2719937737134,953.81088025831,-76.0333906348784,119.092557107773,999.616575074528
"BIGKAT _ P75 _ Left _ 4",-62.6300923591728,51.3120186146621,954.721418743094,-74.6115468951673,123.334900251597,1002.75494361084
"BIGKAT _ P75 _ Left _ 4",-62.0619736380824,52.5591251413603,956.209634246689,-73.5099420711427,125.197710152041,1004.01184309721
"BIGKAT _ P75 _ Left _ 4",-61.796933752248,53.8114143132208,958.092518908334,-73.0264049111059,124.389643650824,1003.20954090887
"BIGKAT _ P75 _ Left _ 4",-61.9145799761878,54.8587272628638,960.140039815026,-73.3345443575368,120.840596277983,1000.39972437006
"BIGKAT _ P75 _ Left _ 4",-62.4340188047168,55.505257203613,962.091815859121,-74.4550019795621,114.730797369934,995.851124241261
"BIGKAT _ P75 _ Left _ 4",-63.3128372784048,55.5955195118264,963.683338339638,-76.2618161792196,106.504035867336,990.008619939657
"BIGKAT _ P75 _ Left _ 4",-64.4561938959832,55.0403628853653,964.680718259803,-78.521672128459,96.8461053492229,983.426879606245
"BIGKAT _ P75 _ Left _ 4",-65.7351304245002,53.8374821196282,964.918898767306,-80.9534852379427,86.6169522529472,976.687771269173
"BIGKAT _ P75 _ Left _ 4",-67.0107000977065,52.0795327700924,964.334042628324,-83.2893153803325,76.7434420598331,970.318253992999
"BIGKAT _ P75 _ Left _ 4",-68.1582275399997,49.9444762789725,962.979370625991,-85.3181114814825,68.0987492514177,964.728743322702
"BIGKAT _ P75 _ Left _ 4",-69.0852285497668,47.6678146168571,961.017371008765,-86.9013661925459,61.4007569182725,960.186350231017
"BIGKAT _ P75 _ Left _ 4",-69.7384205945883,45.5027790817235,958.689108284507,-87.9611076393477,57.1507148081702,956.824626539984
"BIGKAT _ P75 _ Left _ 4",-70.0995652675208,43.6788272794758,956.269416634483,-88.4509984574537,55.6135195231822,954.679016800271
"BIGKAT _ P75 _ Left _ 4",-70.1743811675772,42.3689252210078,954.021106017153,-88.3268244413216,56.8264774084532,953.731588903167
"BIGKAT _ P75 _ Left _ 4",-69.9808474112044,41.6724659010298,952.160287011826,-87.5316542458905,60.6213743222891,953.950214435682
"BIGKAT _ P75 _ Left _ 4",-69.5419564891241,41.6151383445646,950.839400986599,-86.0041462234404,66.6513524058951,955.312184759252
"BIGKAT _ P75 _ Left _ 4",-68.8845537921274,42.1618270372411,950.147173330893,-83.708516232866,74.4209836228975,957.806620080478
"BIGKAT _ P75 _ Left _ 4",-68.0424224303928,43.235654566295,950.118842903596,-80.6751346766848,83.319938172535,961.413558383131
"BIGKAT _ P75 _ Left _ 4",-67.0599510726382,44.7363736363016,950.748138273016,-77.0350765919377,92.6592414832468,966.062571985864
"BIGKAT _ P75 _ Left _ 4",-65.9931999993017,46.5536490378067,951.99479906666,-73.0325811734294,101.708772163086,971.581659790717
"BIGKAT _ P75 _ Left _ 4",-64.9072757270222,48.5737521373525,953.785909926539,-69.0063968141393,109.73705699169,977.655382652119
"BIGKAT _ P75 _ Left _ 4",-63.8710587688105,50.6806315025872,956.013166383186,-65.3417625792217,116.057077890329,983.81389734544
"BIGKAT _ P75 _ Left _ 4",-62.9512230904203,52.7538395928489,958.529999678314,-62.4049733999962,120.081616758009,989.467724509161
"BIGKAT _ P75 _ Left _ 4",-62.2070481076868,54.6664934885813,961.152549161238,-60.4782930816755,121.387754200155,993.988490780431
"BIGKAT _ P75 _ Left _ 4",-61.6865027062313,56.2864393510396,963.667500510746,-59.7129575115415,119.783475947502,996.819642134357
"BIGKAT _ P75 _ Left _ 4",-61.4231968980967,57.4829463690671,965.848028089991,-60.112789791071,115.361997020629,997.589383368049
"BIGKAT _ P75 _ Left _ 4",-61.4334591659005,58.1393934779372,967.47661067398,-61.5518354438459,108.524967772795,996.19435621104
"BIGKAT _ P75 _ Left _ 4",-61.7132112677525,58.1698116391342,968.370924550686,-63.8184143224942,99.9585559988277,992.828463011982
"BIGKAT _ P75 _ Left _ 4",-62.2353162867833,57.5349441974755,968.407430665722,-66.6689752516836,90.5583196331297,987.947129653511
"BIGKAT _ P75 _ Left _ 4",-62.9489581148771,56.2531900050209,967.537701250567,-69.8728248968436,81.3155781594976,982.179204185506
"BIGKAT _ P75 _ Left _ 4",-63.7825200430181,54.4037598273692,965.794946224826,-73.2347907168774,73.1904984028096,976.216376926564
"BIGKAT _ P75 _ Left _ 4",-64.6501976206408,52.1220532635916,963.290982939778,-76.5937160212283,66.9979834354794,970.713114694102
"BIGKAT _ P75 _ Left _ 4",-65.4610635082621,49.5887981665151,960.20538108171,-79.8046509764217,63.3227923640548,966.217722918284
"BIGKAT _ P75 _ Left _ 4",-66.128711397172,47.0147587504896,956.768984284315,-82.7178220023651,62.46864804039,963.136952413406
"BIGKAT _ P75 _ Left _ 4",-66.5803325026663,44.6227513498512,953.244649134058,-85.1670867558567,64.4400481458817,961.723752600616
"BIGKAT _ P75 _ Left _ 4",-66.7651454937996,42.6285005544382,949.90833769184,-86.9756124245419,68.9552829370203,962.074823011755
"BIGKAT _ P75 _ Left _ 4",-66.6619950372991,41.2213101545199,947.032015805466,-87.979031104617,75.4893674947091,964.129333754898
"BIGKAT _ P75 _ Left _ 4",-66.2843252693323,40.5452283025064,944.866582776174,-88.0593245987445,83.3421517604376,967.66813474055
"BIGKAT _ P75 _ Left _ 4",-65.6792802737223,40.6821389825558,943.621359945599,-87.178918079561,91.7213236529558,972.319876910072
"BIGKAT _ P75 _ Left _ 4",-64.9185648784976,41.6395807463957,943.4389208744,-85.404615046617,99.8273443293027,977.583518428368
"BIGKAT _ P75 _ Left _ 4",-64.0822355023315,43.346706649261,944.369213617552,-82.9136443773954,106.930331787992,982.87425359362
"BIGKAT _ P75 _ Left _ 4",-63.2406456217301,45.660750375214,946.351310400373,-79.9776650782469,112.435145459947,987.593173358192
"BIGKAT _ P75 _ Left _ 4",-62.4414756841295,48.3839493939506,949.211404705632,-76.9249310600866,115.935219261632,991.2126795209
"BIGKAT _ P75 _ Left _ 4",-61.7066968217953,51.2882839023542,952.68129979255,-74.0863385217081,117.254639281575,993.362268342052
"BIGKAT _ P75 _ Left _ 4",-61.0394279371837,54.1438362352154,956.43500898774,-71.7369202272063,116.472456744366,993.894710279192
"BIGKAT _ P75 _ Left _ 4",-60.4358195690226,56.746406605824,960.135721040073,-70.0480237164421,113.917819092186,992.913109049906
"BIGKAT _ P75 _ Left _ 4",-59.895298721455,58.9405952835419,963.483368884914,-69.0640699620832,110.124804876202,990.746745797222
"BIGKAT _ P75 _ Left _ 4",-59.4246182114327,60.6351692224301,966.253991353448,-68.710421518337,105.745042719008,987.87745774022
"BIGKAT _ P75 _ Left _ 4",-59.0353309021644,61.8082554953655,968.324323214808,-68.8280720932642,101.431998979019,984.834203706531
