"fileName","thumb_y","thumb_x","thumb_z","finger_y","finger_x","finger_z"
"BIGKAT _ P83 _ Right _ 4",12.2228242637404,-14.4503132988325,1216.73053770126,32.2446657471246,58.9173388903448,1273.68281074276
"BIGKAT _ P83 _ Right _ 4",12.2216149940127,-14.4508512298052,1216.71816864493,32.2412639796135,58.9214783935966,1273.71825460439
"BIGKAT _ P83 _ Right _ 4",12.2329104404035,-14.4515383526244,1216.71354768723,32.2465580407803,58.9237716749575,1273.75195846635
"BIGKAT _ P83 _ Right _ 4",12.2601579645276,-14.4524434554305,1216.72253235607,32.2637637337642,58.921978507531,1273.77078935119
"BIGKAT _ P83 _ Right _ 4",12.304077980734,-14.4537665120755,1216.74976510783,32.2943069701877,58.9136779385617,1273.75928534566
"BIGKAT _ P83 _ Right _ 4",12.3616316149915,-14.4559303117766,1216.79686667109,32.3368529107121,58.8967084501353,1273.70297472757
"BIGKAT _ P83 _ Right _ 4",12.4258893342409,-14.4596733324352,1216.86088996106,32.3868991405432,58.8696297457523,1273.59260086933
"BIGKAT _ P83 _ Right _ 4",12.4871984010867,-14.4661046188591,1216.933656823,32.4372934904715,58.8320783079075,1273.42822065201
"BIGKAT _ P83 _ Right _ 4",12.5356605932091,-14.4766530690684,1217.0025253955,32.479804246119,58.7849249805753,1273.22179075116
"BIGKAT _ P83 _ Right _ 4",12.5643149435782,-14.4928250723118,1217.0527694502,32.5074394881762,58.7302501399967,1272.99692332071
"BIGKAT _ P83 _ Right _ 4",12.5718278109381,-14.5157152087625,1217.07114217795,32.5167256517385,58.6712663900815,1272.78517452791
"BIGKAT _ P83 _ Right _ 4",12.5633469919277,-14.5453124685835,1217.04966289256,32.5089163493769,58.612330632155,1272.61943766082
"BIGKAT _ P83 _ Right _ 4",12.5487620770445,-14.5797670225224,1216.98854533304,32.489385183545,58.5590497153198,1272.52623509849
"BIGKAT _ P83 _ Right _ 4",12.5387768417652,-14.6148752667006,1216.89741592925,32.465240437662,58.5182680850833,1272.51923703629
"BIGKAT _ P83 _ Right _ 4",12.5403608048973,-14.6440854110202,1216.79425661665,32.44210947286,58.4975700278126,1272.59585319637
"BIGKAT _ P83 _ Right _ 4",12.5536250665748,-14.6592935748971,1216.70189676823,32.4215671637453,58.5039695198009,1272.73763121791
"BIGKAT _ P83 _ Right _ 4",12.5716179831254,-14.6525278118558,1216.64262205091,32.4005077957605,58.5417810013786,1272.9141313578
"BIGKAT _ P83 _ Right _ 4",12.5832156781607,-14.6182958647272,1216.63234931993,32.372939380767,58.6102208633705,1273.08921112134
"BIGKAT _ P83 _ Right _ 4",12.5778989372313,-14.556008326884,1216.67618433916,32.333575723365,58.7018025556765,1273.22814660366
"BIGKAT _ P83 _ Right _ 4",12.5504403543513,-14.4716450750218,1216.7667002903,32.2816919648176,58.8025625561255,1273.30381196395
"BIGKAT _ P83 _ Right _ 4",12.5036320969431,-14.3778596719234,1216.88528864804,32.223416926734,58.8943427063035,1273.3005174229
"BIGKAT _ P83 _ Right _ 4",12.4479927232023,-14.2921123571646,1217.00602273407,32.171167186162,58.9583106702329,1273.21508118719
"BIGKAT _ P83 _ Right _ 4",12.3985328659775,-14.2331267320901,1217.10097499684,32.1401320475598,58.9785416713814,1273.0557248761
"BIGKAT _ P83 _ Right _ 4",12.369768963819,-14.2166683093308,1217.14583099231,32.1430902148402,58.944946445541,1272.83963927533
"BIGKAT _ P83 _ Right _ 4",12.3709082318393,-14.2519459120877,1217.12470830564,32.1857135302933,58.8553655914842,1272.58950106762
"BIGKAT _ P83 _ Right _ 4",12.403131920731,-14.3396759931683,1217.0331428159,32.2643891851065,58.7166862966896,1272.32886475511
"BIGKAT _ P83 _ Right _ 4",12.4600158648499,-14.4722059256443,1216.8784127951,32.3674569748627,58.5445531008653,1272.07702347259
"BIGKAT _ P83 _ Right _ 4",12.5306943969158,-14.6354025233061,1216.67702672149,32.4791896789884,58.3611800223774,1271.84495777524
"BIGKAT _ P83 _ Right _ 4",12.6041516584479,-14.8115503644865,1216.45020040116,32.5846998549535,58.1912304076805,1271.63406579331
"BIGKAT _ P83 _ Right _ 4",12.6726565032096,-14.9823787471292,1216.21890735071,32.6737998691285,58.0565335569035,1271.43821267686
"BIGKAT _ P83 _ Right _ 4",12.7329702597582,-15.1314993540239,1216.0000816641,32.7425829275026,57.9711154288375,1271.24815340469
"BIGKAT _ P83 _ Right _ 4",12.7851538672746,-15.2458826117776,1215.80486107169,32.7925736012834,57.9382515004793,1271.05654025151
"BIGKAT _ P83 _ Right _ 4",12.829952213495,-15.3164242546566,1215.63890038201,32.8281851657261,57.9507247486539,1270.86182158258
"BIGKAT _ P83 _ Right _ 4",12.8663136937019,-15.3380153780148,1215.504156053,32.8536738685792,57.9942053314624,1270.6700814672
"BIGKAT _ P83 _ Right _ 4",12.8903856777059,-15.3096489270152,1215.40123691156,32.8707685255084,58.0523200208708,1270.49473764447
"BIGKAT _ P83 _ Right _ 4",12.8964550315754,-15.2348602526016,1215.33146296466,32.8777597566812,58.1114640928202,1270.35456955907
"BIGKAT _ P83 _ Right _ 4",12.8792537415901,-15.122290895875,1215.29814638189,32.8702249371453,58.1639336920481,1270.27068184414
"BIGKAT _ P83 _ Right _ 4",12.8363962714513,-14.9856616096291,1215.30702724871,32.8429500023392,58.2089004114116,1270.26295425854
"BIGKAT _ P83 _ Right _ 4",12.7697721298195,-14.8422809319501,1215.36589125458,32.7921826353877,58.2514731254542,1270.34652424652
"BIGKAT _ P83 _ Right _ 4",12.6853522520044,-14.7096560215455,1215.48318094301,32.7172669413512,58.3004325834408,1270.52886540983
"BIGKAT _ P83 _ Right _ 4",12.5916344290761,-14.6008381562191,1215.66538687898,32.6210076079475,58.3653261288814,1270.80793643192
"BIGKAT _ P83 _ Right _ 4",12.4974245595975,-14.5203208668397,1215.9136015553,32.5086716567934,58.4536394780785,1271.1716923297
"BIGKAT _ P83 _ Right _ 4",12.4097173994568,-14.4625806129203,1216.22054514479,32.386137414379,58.568753223524,1271.5990565407
"BIGKAT _ P83 _ Right _ 4",12.3322895546852,-14.4141200857571,1216.56971661055,32.258083095244,58.7092363219119,1272.062276368
"BIGKAT _ P83 _ Right _ 4",12.265384230416,-14.3579792066437,1216.93753716968,32.1270462352477,58.8696334004989,1272.53040237198
"BIGKAT _ P83 _ Right _ 4",12.2064801332504,-14.2786412109298,1217.29795635244,31.9936766966952,59.0423685029309,1272.97339899052
"BIGKAT _ P83 _ Right _ 4",12.1516472710731,-14.1656417549308,1217.62797342148,31.8578636333425,59.2199996903367,1273.36613782387
"BIGKAT _ P83 _ Right _ 4",12.0967747607842,-14.0153058943886,1217.91228130772,31.7200344568472,59.3970360686657,1273.69143506885
"BIGKAT _ P83 _ Right _ 4",12.0382581007842,-13.8309673489237,1218.14556123142,31.5819365738989,59.5708351650707,1273.94155604641
"BIGKAT _ P83 _ Right _ 4",11.9732427383477,-13.6222801221596,1218.33173137609,31.4464807916198,59.7415283988962,1274.11814922694
"BIGKAT _ P83 _ Right _ 4",11.8997450621388,-13.403849441601,1218.48058421761,31.3166068997921,59.9112517870812,1274.23106409018
"BIGKAT _ P83 _ Right _ 4",11.8168670087074,-13.1929127148332,1218.60318815287,31.1935917545094,60.0830367276018,1274.29664152554
"BIGKAT _ P83 _ Right _ 4",11.7251602933987,-13.0059111575095,1218.70765988624,31.0756427146688,60.2595871698634,1274.33578117161
"BIGKAT _ P83 _ Right _ 4",11.6270543291128,-12.8546740844003,1218.79661851102,30.9577239015455,60.4420623937083,1274.37160287298
"BIGKAT _ P83 _ Right _ 4",11.5270614723534,-12.7437496874433,1218.86721587187,30.8331325441992,60.6290440349508,1274.42624022732
"BIGKAT _ P83 _ Right _ 4",11.4313623016878,-12.670129384746,1218.91396770851,30.6964712861181,60.8159955096249,1274.5166560917
"BIGKAT _ P83 _ Right _ 4",11.34660841598,-12.6253247024294,1218.93340965235,30.5467696013423,60.9955367391179,1274.65038123454
"BIGKAT _ P83 _ Right _ 4",11.2782808244942,-12.598593025961,1218.92833796045,30.389163385594,61.1586736504034,1274.82304222942
"BIGKAT _ P83 _ Right _ 4",11.2292817531159,-12.5798816177998,1218.9091387061,30.2341211889444,61.2967814698594,1275.01938112271
"BIGKAT _ P83 _ Right _ 4",11.1993265337582,-12.561619904894,1218.89101846416,30.0944786291457,61.4037717845201,1275.2178324983
"BIGKAT _ P83 _ Right _ 4",11.1852804578187,-12.53925158564,1218.88818615929,29.9816764765677,61.4776773756256,1275.39672888839
"BIGKAT _ P83 _ Right _ 4",11.1821880527388,-12.510918397443,1218.90786033821,29.9028271135022,61.5210472940054,1275.5395022749
"BIGKAT _ P83 _ Right _ 4",11.1845563252171,-12.4768342941402,1218.94730456674,29.8595367946625,61.5400303815623,1275.63727805365
"BIGKAT _ P83 _ Right _ 4",11.1874692100364,-12.438710887966,1218.99567741728,29.8484149289534,61.5425608127325,1275.68891750219
"BIGKAT _ P83 _ Right _ 4",11.1872505210064,-12.3993256164876,1219.04002130238,29.8625558155255,61.5363370459769,1275.69955164859
"BIGKAT _ P83 _ Right _ 4",11.1815970386132,-12.3621430710474,1219.07252478014,29.8932187369416,61.5272098807892,1275.67860983471
"BIGKAT _ P83 _ Right _ 4",11.169330840986,-12.330868763751,1219.09543653306,29.9312702672037,61.5183062546052,1275.6377935026
"BIGKAT _ P83 _ Right _ 4",11.1500970022587,-12.3089005211479,1219.1210271161,29.9683278796976,61.5099274137302,1275.58902450562
"BIGKAT _ P83 _ Right _ 4",11.1243252500357,-12.2987632574855,1219.16633013082,29.9977110119736,61.5000923040945,1275.54237752278
"BIGKAT _ P83 _ Right _ 4",11.0935115904973,-12.3016743808474,1219.24504875325,30.0152435870858,61.4855388049125,1275.50427422514
"BIGKAT _ P83 _ Right _ 4",11.0605299624114,-12.3173453332173,1219.36057700432,30.0198003329822,61.4629778497102,1275.47647008924
"BIGKAT _ P83 _ Right _ 4",11.0295746610097,-12.3440220440648,1219.50344752341,30.0134267144955,61.4303585646993,1275.45630028249
"BIGKAT _ P83 _ Right _ 4",11.0055790738096,-12.3786922150633,1219.65401635542,30.0009569189865,61.3878382895155,1275.43821231821
"BIGKAT _ P83 _ Right _ 4",10.9933097727276,-12.4173960067239,1219.78859920886,29.9892009686668,61.3381267493548,1275.4160949173
"BIGKAT _ P83 _ Right _ 4",10.9964607974858,-12.45564285306,1219.88621129896,29.9858364371656,61.2859813060522,1275.38566256693
"BIGKAT _ P83 _ Right _ 4",11.0169426055747,-12.4889789663744,1219.93364944958,29.998120875735,61.2368897377533,1275.34623611726
"BIGKAT _ P83 _ Right _ 4",11.0544427407921,-12.5137075866092,1219.92784522167,30.0315296334257,61.1953104759958,1275.30151190773
"BIGKAT _ P83 _ Right _ 4",11.1063679486411,-12.5276543744814,1219.87539667142,30.0884827741509,61.1631123611236,1275.25918273139
"BIGKAT _ P83 _ Right _ 4",11.1682884367645,-12.5307796310082,1219.78989921791,30.1674409992608,61.1388887634286,1275.22948804947
"BIGKAT _ P83 _ Right _ 4",11.2348444849926,-12.5254438327612,1219.68820110196,30.2627363174746,61.1184907005251,1275.22293471738
"BIGKAT _ P83 _ Right _ 4",11.3008653571565,-12.5162137195838,1219.58678358541,30.3654319855918,61.0965574936689,1275.24761862149
"BIGKAT _ P83 _ Right _ 4",11.362385457905,-12.5091791455068,1219.49901856876,30.4652026322569,61.0683791046215,1275.30680660187
"BIGKAT _ P83 _ Right _ 4",11.4173152660046,-12.5108319337831,1219.43345842665,30.5527673871231,61.0313767632615,1275.39753149852
"BIGKAT _ P83 _ Right _ 4",11.4655890886078,-12.5266860017363,1219.39305749967,30.6220529901004,60.9857914806875,1275.51069329874
"BIGKAT _ P83 _ Right _ 4",11.5086601899094,-12.5599681760373,1219.37534320391,30.671294496149,60.9345383412248,1275.6326357268
"BIGKAT _ P83 _ Right _ 4",11.5484058229605,-12.6107730627466,1219.37359985387,30.7027425807985,60.8823900182212,1275.7477587347
"BIGKAT _ P83 _ Right _ 4",11.5858656299249,-12.6759701666173,1219.37881410462,30.7212588923364,60.8347158096597,1275.84159142932
"BIGKAT _ P83 _ Right _ 4",11.6204798321741,-12.7498972212796,1219.38175509971,30.7324777430292,60.7960614861778,1275.90367521384
"BIGKAT _ P83 _ Right _ 4",11.6502905659916,-12.8255993000747,1219.37460265365,30.7412288874314,60.7689300606802,1275.92952225448
"BIGKAT _ P83 _ Right _ 4",11.6729786425986,-12.8962373481476,1219.35199515263,30.7506448957738,60.753108956762,1275.92107632334
"BIGKAT _ P83 _ Right _ 4",11.6870935598481,-12.956334712092,1219.31175122244,30.7620223420603,60.7457317534299,1275.8856080471
"BIGKAT _ P83 _ Right _ 4",11.6927965922991,-13.0026499132565,1219.25543497713,30.7752334982513,60.7420374395762,1275.83352457746
"BIGKAT _ P83 _ Right _ 4",11.6918222284496,-13.0345548968899,1219.18853816731,30.789363845472,60.7366072279409,1275.77583809968
"BIGKAT _ P83 _ Right _ 4",11.6868160941647,-13.0538654820501,1219.1198327097,30.8032737847551,60.7247656504916,1275.72197648799
"BIGKAT _ P83 _ Right _ 4",11.6804572592454,-13.0641630348916,1219.05968277565,30.8159128752316,60.7038128848548,1275.67837770771
"BIGKAT _ P83 _ Right _ 4",11.6747696267011,-13.0697668015592,1219.01762360543,30.8263966170407,60.6737830267242,1275.64802841408
"BIGKAT _ P83 _ Right _ 4",11.6708467351315,-13.0746186780726,1218.99992970399,30.8339927357792,60.6374992522742,1275.63087373448
"BIGKAT _ P83 _ Right _ 4",11.6689812942002,-13.0813782072699,1219.00796368424,30.8381628801719,60.5998473434052,1275.62486163147
"BIGKAT _ P83 _ Right _ 4",11.6690283699135,-13.0909792406618,1219.03783050926,30.838685829918,60.566420346414,1275.62726028791
"BIGKAT _ P83 _ Right _ 4",11.6707899498414,-13.1027706397258,1219.08141963439,30.8357721442521,60.5419263880289,1275.63581144226
"BIGKAT _ P83 _ Right _ 4",11.6742558430754,-13.1151624819421,1219.12846890329,30.8300557497494,60.5288606092649,1275.64933162315
"BIGKAT _ P83 _ Right _ 4",11.6796189859333,-13.126499715806,1219.16897332656,30.8224076178955,60.5268400473309,1275.66756637304
"BIGKAT _ P83 _ Right _ 4",11.6870723941487,-13.1358114974793,1219.19521300744,30.8136165397106,60.5327511227912,1275.69035803859
"BIGKAT _ P83 _ Right _ 4",11.696475452987,-13.1431878998069,1219.20291651707,30.8040825359973,60.5416019991686,1275.716413344
"BIGKAT _ P83 _ Right _ 4",11.707035166611,-13.149731062728,1219.19147749078,30.793719432611,60.5478015805118,1275.74210981813
"BIGKAT _ P83 _ Right _ 4",11.7171689451331,-13.1571854507511,1219.16348209258,30.7822149122568,60.5465222076576,1275.76084303533
"BIGKAT _ P83 _ Right _ 4",11.7246869700046,-13.1674056227524,1219.12390457219,30.7696410390449,60.5348236138065,1275.76336666066
"BIGKAT _ P83 _ Right _ 4",11.7273456915665,-13.181789600337,1219.07916632961,30.757191528841,60.5123011191774,1275.73938331182
"BIGKAT _ P83 _ Right _ 4",11.7236774679448,-13.2007640864251,1219.0360329194,30.7476409809067,60.4811494576937,1275.6802924203
"BIGKAT _ P83 _ Right _ 4",11.7138136176084,-13.2234123262269,1219.00033381293,30.7451119521099,60.4456590509675,1275.58253046355
"BIGKAT _ P83 _ Right _ 4",11.6998763892173,-13.2473705161158,1218.97578098875,30.7539879501982,60.4112473110446,1275.45044781565
"BIGKAT _ P83 _ Right _ 4",11.6855858718063,-13.2691131170137,1218.96340353652,30.7772561618504,60.3831979647865,1275.29733694272
"BIGKAT _ P83 _ Right _ 4",11.6750930863681,-13.2846493501727,1218.96193418992,30.8149674956148,60.3653799137772,1275.14342310812
"BIGKAT _ P83 _ Right _ 4",11.6715119529941,-13.2904888818182,1218.96893198709,30.8635836195685,60.3593105701213,1275.01076034695
"BIGKAT _ P83 _ Right _ 4",11.6758339379968,-13.2846017150604,1218.98195436649,30.9166199738876,60.3638988231147,1274.91680547212
"BIGKAT _ P83 _ Right _ 4",11.6867330604542,-13.2670819739449,1218.99908345585,30.9663723891019,60.3759719608541,1274.86967188419
"BIGKAT _ P83 _ Right _ 4",11.7013578228767,-13.2403307053817,1219.0185524583,31.0060186313889,60.3913548976295,1274.86737773684
"BIGKAT _ P83 _ Right _ 4",11.7167753652741,-13.2087370245439,1219.03778093698,31.0312946856517,60.4060467749926,1274.9010711087
"BIGKAT _ P83 _ Right _ 4",11.7314322246378,-13.1779827393874,1219.05247100741,31.0412315925278,60.4170610072029,1274.96000110689
"BIGKAT _ P83 _ Right _ 4",11.7459610085871,-13.1541617346418,1219.05639729568,31.0378694722951,60.4227062494474,1275.0353962737
"BIGKAT _ P83 _ Right _ 4",11.7629716844919,-13.1428834921309,1219.04218194538,31.0252237567909,60.4223452287002,1275.12148449558
"BIGKAT _ P83 _ Right _ 4",11.7859758817989,-13.1484658631151,1219.00286591354,31.0079581476124,60.4158607542333,1275.21371652182
"BIGKAT _ P83 _ Right _ 4",11.8179585912904,-13.1732639241326,1218.93376494871,30.990205292248,60.4031281819524,1275.30574088782
"BIGKAT _ P83 _ Right _ 4",11.8601089533477,-13.2171652437079,1218.83410339739,30.974823487925,60.3837427304819,1275.38708776829
"BIGKAT _ P83 _ Right _ 4",11.9109842005915,-13.2773325016965,1218.70808328389,30.9631761025493,60.3571244421261,1275.44286431104
"BIGKAT _ P83 _ Right _ 4",11.9662273074878,-13.3483499323381,1218.56507158918,30.9553470906544,60.3229838372019,1275.45571251044
"BIGKAT _ P83 _ Right _ 4",12.0189879598329,-13.4229094543985,1218.418513497,30.9506034471891,60.2820114395973,1275.40946775468
"BIGKAT _ P83 _ Right _ 4",12.0611625804005,-13.4929865065042,1218.28343424356,30.9478966230104,60.2365396044799,1275.29351529331
"BIGKAT _ P83 _ Right _ 4",12.0852653586305,-13.5512115500413,1218.17313549917,30.9462449171537,60.1908129366254,1275.10663318944
"BIGKAT _ P83 _ Right _ 4",12.0863577293766,-13.5920485824383,1218.09634510166,30.9449252084221,60.150504850581,1274.85910112556
"BIGKAT _ P83 _ Right _ 4",12.0633490749613,-13.6125324792145,1218.05597133945,30.9434937300061,60.1213832500267,1274.57217816946
"BIGKAT _ P83 _ Right _ 4",12.0192196763075,-13.6125579107091,1218.04981057901,30.9417214541607,60.1074969166107,1274.27482523362
"BIGKAT _ P83 _ Right _ 4",11.9601391940914,-13.5948514114675,1218.07265136617,30.9395410199356,60.1095992663938,1273.99858842808
"BIGKAT _ P83 _ Right _ 4",11.8938746530093,-13.5647182917201,1218.11867222674,30.9370567499437,60.1244748806972,1273.77227422762
"BIGKAT _ P83 _ Right _ 4",11.8281195596153,-13.5295136277828,1218.18304284975,30.9346010205024,60.1454592445963,1273.61787732582
"BIGKAT _ P83 _ Right _ 4",11.7692693288929,-13.497681285923,1218.26221575703,30.9327696176976,60.1640282270914,1273.5483072552
"BIGKAT _ P83 _ Right _ 4",11.7217960040074,-13.4772557855064,1218.35320380355,30.9323583126643,60.1720506014207,1273.56656611397
"BIGKAT _ P83 _ Right _ 4",11.6880671494769,-13.4739695766912,1218.4526116509,30.9341558443095,60.1641325438152,1273.6657694054
"BIGKAT _ P83 _ Right _ 4",11.6684161677344,-13.4894603793462,1218.55608015723,30.9386095023506,60.1394140727888,1273.82975501764
"BIGKAT _ P83 _ Right _ 4",11.6613907249778,-13.5202925346943,1218.65838926344,30.9454444336994,60.1022477612962,1274.03453596107
"BIGKAT _ P83 _ Right _ 4",11.6641849749529,-13.5583607208152,1218.75411347813,30.9533725801096,60.0614371600095,1274.25103796861
"BIGKAT _ P83 _ Right _ 4",11.6732360737288,-13.5927559707562,1218.83853562458,30.9600640548898,60.0281004346427,1274.44920712971
"BIGKAT _ P83 _ Right _ 4",11.6848870444005,-13.6126357560338,1218.90843900704,30.9625433062754,60.0126502323341,1274.60288200354
"BIGKAT _ P83 _ Right _ 4",11.695967136429,-13.6103100530043,1218.96241539086,30.9580587437621,60.0217127397149,1274.69429809433
"BIGKAT _ P83 _ Right _ 4",11.7041621435788,-13.5836642718098,1219.00052282382,30.9452488657524,60.055921149246,1274.71705542304
"BIGKAT _ P83 _ Right _ 4",11.7081286983118,-13.5371570632522,1219.02347307298,30.9252198569048,60.1093109345019,1274.67669933111
"BIGKAT _ P83 _ Right _ 4",11.7074079456298,-13.4809951457414,1219.03180567649,30.9021319808957,60.1705263966001,1274.58849141066
"BIGKAT _ P83 _ Right _ 4",11.7022651380417,-13.4286541206371,1219.02550420673,30.8830547833941,60.2254388271526,1274.47256885157
"BIGKAT _ P83 _ Right _ 4",11.6935788860274,-13.393469191066,1219.00422221907,30.8770301899356,60.2603778426346,1274.34768698221
"BIGKAT _ P83 _ Right _ 4",11.6828253207565,-13.3853325375135,1218.96789858205,30.8934147308354,60.2651014393706,1274.22574155174
"BIGKAT _ P83 _ Right _ 4",11.6720938011667,-13.408485926679,1218.91732367566,30.9397266453942,60.2347926778413,1274.10938430547
"BIGKAT _ P83 _ Right _ 4",11.6639920006318,-13.460991791733,1218.85432898041,31.0194253083353,60.1706952521347,1273.9937473785
"BIGKAT _ P83 _ Right _ 4",11.6612996549076,-13.5358533401076,1218.78159152655,31.130227163582,60.079421257659,1273.87115469759
"BIGKAT _ P83 _ Right _ 4",11.6663344921171,-13.6232079356869,1218.70228054891,31.2636003653167,59.9713155832742,1273.7361334526
"BIGKAT _ P83 _ Right _ 4",11.6801690898159,-13.7127768140743,1218.61977580424,31.4058563919788,59.8583881774332,1273.58815623285
"BIGKAT _ P83 _ Right _ 4",11.7019953307222,-13.7958629651097,1218.53754041099,31.5407368507146,59.7522610718537,1273.43121926494
"BIGKAT _ P83 _ Right _ 4",11.7289686781128,-13.8665120273755,1218.45908281883,31.6527822908052,59.6624675467391,1273.27135795771
"BIGKAT _ P83 _ Right _ 4",11.7567179767003,-13.9218000245625,1218.38788023158,31.7304373296249,59.5953594260484,1273.11415581316
"BIGKAT _ P83 _ Right _ 4",11.7804167438767,-13.9614427657282,1218.32719309173,31.7679975393457,59.5537816994944,1272.96376161828
"BIGKAT _ P83 _ Right _ 4",11.7960249255821,-13.9869933911627,1218.27982786009,31.7659981878139,59.5374889120441,1272.82360405184
"BIGKAT _ P83 _ Right _ 4",11.8012148063137,-14.0008819116948,1218.24796343646,31.7301853684963,59.5440236639766,1272.69795080516
"BIGKAT _ P83 _ Right _ 4",11.7956692889126,-14.0055429161911,1218.23307619952,31.669595942291,59.5696128028932,1272.59313019077
"BIGKAT _ P83 _ Right _ 4",11.7807445371233,-14.0028576284661,1218.2359103257,31.5944299053696,59.6097319310352,1272.51745568427
"BIGKAT _ P83 _ Right _ 4",11.758718950142,-13.9940264196669,1218.25646861259,31.5142820951888,59.659322129002,1272.47959963973
"BIGKAT _ P83 _ Right _ 4",11.7319600213935,-13.9797934012768,1218.29404514026,31.4369480582424,59.7129674655686,1272.48621887079
"BIGKAT _ P83 _ Right _ 4",11.7023587532191,-13.9607766700134,1218.34727466367,31.3676921503554,59.7653885774453,1272.54025344776
"BIGKAT _ P83 _ Right _ 4",11.6712667509594,-13.9376225962386,1218.41413415649,31.308850662379,59.8123393378496,1272.64073908664
"BIGKAT _ P83 _ Right _ 4",11.6399174433989,-13.9108251996158,1218.4918965909,31.2598549812676,59.8516365358967,1272.78366952871
"BIGKAT _ P83 _ Right _ 4",11.6100426177291,-13.8802800459213,1218.57712400397,31.2178378400917,59.8838544128608,1272.96269736098
"BIGKAT _ P83 _ Right _ 4",11.5842516763174,-13.8448618864957,1218.66581147653,31.1787744061504,59.9122617936534,1273.1688819522
"BIGKAT _ P83 _ Right _ 4",11.5657900868937,-13.8023851137589,1218.75378652204,31.1388026072647,59.9418494029246,1273.38980937254
"BIGKAT _ P83 _ Right _ 4",11.557540471306,-13.7501596932417,1218.83743746197,31.0952469495811,59.9777045348378,1273.60929410336
"BIGKAT _ P83 _ Right _ 4",11.5605295619955,-13.6860693647649,1218.91470083012,31.0470466228782,60.023322391108,1273.8088416534
"BIGKAT _ P83 _ Right _ 4",11.5726103240617,-13.6098269226876,1218.98596305809,30.9946045685563,60.0794606965648,1273.97111245328
"BIGKAT _ P83 _ Right _ 4",11.5881335397268,-13.5239305667358,1219.05433406315,30.9392794613095,60.1438579125543,1274.08439399171
"BIGKAT _ P83 _ Right _ 4",11.5990859494263,-13.4339180697686,1219.12490379364,30.8827715473578,60.2117989279957,1274.14625443865
"BIGKAT _ P83 _ Right _ 4",11.5974573927354,-13.3477609856455,1219.20308184007,30.8266086320511,60.2773135566278,1274.16458140578
"BIGKAT _ P83 _ Right _ 4",11.5779470732986,-13.2745183322689,1219.29260812703,30.7718678254179,60.3347066138754,1274.15524382275
"BIGKAT _ P83 _ Right _ 4",11.5399223592057,-13.2225286830115,1219.39403066454,30.7191419992214,60.3800563524433,1274.13723223506
"BIGKAT _ P83 _ Right _ 4",11.4878480416158,-13.1974644191183,1219.50434275804,30.6686198404131,60.4122857210258,1274.12736982597
"BIGKAT _ P83 _ Right _ 4",11.4300206362456,-13.2006350884874,1219.61805428429,30.6201259758775,60.4334822918591,1274.13671034628
"BIGKAT _ P83 _ Right _ 4",11.3761403408023,-13.2280430247249,1219.72923599701,30.5731179035518,60.4483441357331,1274.16959138537
"BIGKAT _ P83 _ Right _ 4",11.3347319282744,-13.2706940815619,1219.83338426196,30.526808736831,60.4628846071409,1274.22489804693
"BIGKAT _ P83 _ Right _ 4",11.3113692373023,-13.3163806774708,1219.9280015238,30.4805566997912,60.4827335140287,1274.29836399611
"BIGKAT _ P83 _ Right _ 4",11.3080798615998,-13.352646200828,1220.01176816399,30.4344411862835,60.5114767225141,1274.38485093006
"BIGKAT _ P83 _ Right _ 4",11.3236807383708,-13.370154491439,1220.08326876908,30.3897780079936,60.549476506752,1274.47995745464
"BIGKAT _ P83 _ Right _ 4",11.3545821980766,-13.3654478842046,1220.14041671395,30.3493551739507,60.5935084444318,1274.58060453321
"BIGKAT _ P83 _ Right _ 4",11.3957507636715,-13.3421773953283,1220.18096639808,30.3172877835089,60.6373450035285,1274.68451215256
"BIGKAT _ P83 _ Right _ 4",11.4416685374494,-13.310309352447,1220.20368453474,30.2984647618133,60.6731553933628,1274.78887632534
"BIGKAT _ P83 _ Right _ 4",11.4871116779672,-13.2834387620342,1220.20954236674,30.2975989612759,60.6933594374631,1274.88897364604
"BIGKAT _ P83 _ Right _ 4",11.5275699985939,-13.2749617698029,1220.2025290502,30.3179781932635,60.6924601714793,1274.97760199883
"BIGKAT _ P83 _ Right _ 4",11.5593150738274,-13.2942409983464,1220.18982794088,30.3601902439596,60.6684259823241,1275.04599540887
"BIGKAT _ P83 _ Right _ 4",11.5793921915124,-13.3439075917593,1220.18100059154,30.4212805612185,60.6233571106327,1275.08613576721
"BIGKAT _ P83 _ Right _ 4",11.5858922462097,-13.4190967622154,1220.18589424208,30.4948059283584,60.5633531058196,1275.09357803427
"BIGKAT _ P83 _ Right _ 4",11.5786146899674,-13.5088098891043,1220.2115642233,30.5719487111911,60.4976109640488,1275.0695547718
"BIGKAT _ P83 _ Right _ 4",11.5598120908681,-13.59892576626,1220.25930623932,30.6433980263477,60.4368311805083,1275.02148374258
"BIGKAT _ P83 _ Right _ 4",11.5344400687975,-13.6759043006236,1220.32327870809,30.7013969669723,60.3910792460923,1274.96174557881
"BIGKAT _ P83 _ Right _ 4",11.5094652012695,-13.7301030159026,1220.3917813342,30.7413545121969,60.3674141825005,1274.90519844332
"BIGKAT _ P83 _ Right _ 4",11.4922554233183,-13.7578472295376,1220.45114512776,30.7626371767543,60.3678077096896,1274.86612213891
"BIGKAT _ P83 _ Right _ 4",11.4885885921464,-13.7618495669208,1220.49082832181,30.7684429713748,60.3879942480722,1274.85522943128
"BIGKAT _ P83 _ Right _ 4",11.5010672281204,-13.7500996404895,1220.50740149812,30.7649123432781,60.4177789264152,1274.87726076644
"BIGKAT _ P83 _ Right _ 4",11.5286115222005,-13.733729320129,1220.5053481317,30.7597618355304,60.442949156791,1274.92963573289
"BIGKAT _ P83 _ Right _ 4",11.5672619292614,-13.7244792957794,1220.49414481579,30.7607355284418,60.448402973654,1275.00259124631
"BIGKAT _ P83 _ Right _ 4",11.6119254708278,-13.732323772054,1220.4830776834,30.7741468931755,60.4216861113516,1275.08099863494
"BIGKAT _ P83 _ Right _ 4",11.658266331127,-13.7636988190409,1220.47633681306,30.803768487502,60.3560240957977,1275.14759932214
"BIGKAT _ P83 _ Right _ 4",11.7039431766865,-13.8206465361793,1220.47049737076,30.8502606993155,60.2521064488963,1275.1869416123
"BIGKAT _ P83 _ Right _ 4",11.7487852948647,-13.9009614790729,1220.45522562759,30.911183297364,60.1181708400235,1275.18909185806
"BIGKAT _ P83 _ Right _ 4",11.7940012301922,-13.99913867736,1220.41686841816,30.9814870685056,59.9682948082201,1275.15227532809
"BIGKAT _ P83 _ Right _ 4",11.840905158644,-14.1077261013897,1220.34369179067,31.0543452272667,59.8192539908174,1275.08377525857
"BIGKAT _ P83 _ Right _ 4",11.8898194203673,-14.2186790059357,1220.23085219797,31.1222370032314,59.6867739131474,1274.99862486887
"BIGKAT _ P83 _ Right _ 4",11.939689131275,-14.3244543792806,1220.08308320558,31.1781989739464,59.5822727832197,1274.91611270068
"BIGKAT _ P83 _ Right _ 4",11.9885251282235,-14.4187509092009,1219.91400282467,31.2170487803985,59.5110385215884,1274.85491350008
"BIGKAT _ P83 _ Right _ 4",12.0342749884609,-14.4969062772919,1219.74255269404,31.236277602584,59.4721951972095,1274.82828267377
"BIGKAT _ P83 _ Right _ 4",12.0754610742055,-14.5560100684745,1219.58830925123,31.2363484867862,59.4601134354585,1274.84077341434
"BIGKAT _ P83 _ Right _ 4",12.111137387377,-14.5948213828419,1219.46750031539,31.220329881978,59.4665215798469,1274.88739822118
"BIGKAT _ P83 _ Right _ 4",12.1402506514382,-14.6135905849882,1219.39075587078,31.1930204737781,59.4826161659659,1274.95539437873
"BIGKAT _ P83 _ Right _ 4",12.1609294835437,-14.6138382371571,1219.36272203172,31.1598699306674,59.5007455987112,1275.02802904972
"BIGKAT _ P83 _ Right _ 4",12.1702599460206,-14.5980728720865,1219.38316628408,31.1260271855229,59.5154802841963,1275.0893004851
"BIGKAT _ P83 _ Right _ 4",12.1647890271473,-14.5694180045211,1219.44898144515,31.0957569617747,59.5240083714045,1275.12808109317
"BIGKAT _ P83 _ Right _ 4",12.1416148799592,-14.5311901536632,1219.55628131703,31.0722801138044,59.5258947392764,1275.14045574012
"BIGKAT _ P83 _ Right _ 4",12.0996736242356,-14.486548205738,1219.70167507164,31.0578860974416,59.5223693986503,1275.12980789647
"BIGKAT _ P83 _ Right _ 4",12.0407350636711,-14.4383272793186,1219.88214030909,31.0540520517469,59.515420254873,1275.10515453376
"BIGKAT _ P83 _ Right _ 4",11.9696560897371,-14.3890654056571,1220.09366769775,31.0613519973726,59.5069834395426,1275.07869810259
"BIGKAT _ P83 _ Right _ 4",11.8936487412674,-14.3411231158932,1220.32953450094,31.0791167798569,59.498442804995,1275.06339041461
"BIGKAT _ P83 _ Right _ 4",11.8207081594867,-14.2967883164134,1220.57919263164,31.1050142209094,59.4905100356809,1275.07084887318
"BIGKAT _ P83 _ Right _ 4",11.7577602262854,-14.258334541739,1220.82828984423,31.1348671696396,59.4834121298386,1275.10961981783
"BIGKAT _ P83 _ Right _ 4",11.7092521466954,-14.2280433649127,1221.05969934492,31.1630390211796,59.477212163295,1275.18369351433
"BIGKAT _ P83 _ Right _ 4",11.6766804306716,-14.2081603269443,1221.25511887015,31.1835342210357,59.472059273154,1275.29131628923
"BIGKAT _ P83 _ Right _ 4",11.6590919129595,-14.2007168169054,1221.3969708205,31.1916158534813,59.4682040110328,1275.42439796458
"BIGKAT _ P83 _ Right _ 4",11.6541992310896,-14.2072210752261,1221.47065584019,31.1854155530264,59.4657160342769,1275.56897787682
"BIGKAT _ P83 _ Right _ 4",11.6595894574466,-14.2283553380418,1221.46719895905,31.1669274235149,59.4639957644462,1275.70707540961
"BIGKAT _ P83 _ Right _ 4",11.6735681472859,-14.2638494249105,1221.38589467255,31.1419915988563,59.4613445132464,1275.81975410442
"BIGKAT _ P83 _ Right _ 4",11.6953904181964,-14.3125719727001,1221.23609177367,31.119231875332,59.4549350162093,1275.8906331156
"BIGKAT _ P83 _ Right _ 4",11.7248946516834,-14.3727334525024,1221.03713983517,31.1082328370109,59.4413676562701,1275.90879689711
"BIGKAT _ P83 _ Right _ 4",11.7617897324324,-14.4420825357774,1220.81585684943,31.1174350757242,59.4176396811173,1275.87027227925
"BIGKAT _ P83 _ Right _ 4",11.8049840318387,-14.5180585092274,1220.60163606372,31.1522701346458,59.3820675746706,1275.77784978064
"BIGKAT _ P83 _ Right _ 4",11.8523291606237,-14.5979033610933,1220.42028025883,31.2139565678361,59.3347318329606,1275.63974436828
"BIGKAT _ P83 _ Right _ 4",11.9009622693171,-14.6787206996521,1220.2883630833,31.2991750102357,59.2773103202206,1275.46799924215
"BIGKAT _ P83 _ Right _ 4",11.9481214844908,-14.7574911697633,1220.20991655503,31.4006217920631,59.2124720267198,1275.27726854796
"BIGKAT _ P83 _ Right _ 4",11.9920304315546,-14.831145574942,1220.17649344003,31.5083020312615,59.1431214417319,1275.08384226571
"BIGKAT _ P83 _ Right _ 4",12.0323877527487,-14.8968400282678,1220.17053702728,31.6113527798796,59.0717401001955,1274.90424145853
"BIGKAT _ P83 _ Right _ 4",12.0702276973803,-14.9524512285558,1220.17094463422,31.7000756223303,59.0000121775831,1274.75297470284
"BIGKAT _ P83 _ Right _ 4",12.1072627884064,-14.997082040632,1220.15901365363,31.7677024077566,58.9288739812353,1274.63984814316
"BIGKAT _ P83 _ Right _ 4",12.1449975313164,-15.0312585121653,1220.12289736844,31.8113969592071,58.8589941732306,1274.56779394949
"BIGKAT _ P83 _ Right _ 4",12.1838589861317,-15.056631780244,1220.05947548351,31.8322377718819,58.7914838825033,1274.53207684266
"BIGKAT _ P83 _ Right _ 4",12.2225241365793,-15.0752653053627,1219.97377454354,31.8343079951825,58.7285162473015,1274.52117979742
"BIGKAT _ P83 _ Right _ 4",12.2576508245976,-15.0887972111312,1219.87686633905,31.8232982283347,58.6735858440655,1274.51914436376
"BIGKAT _ P83 _ Right _ 4",12.2842297488731,-15.0978180874259,1219.78307876994,31.8050859264895,58.6312668287857,1274.50888236618
"BIGKAT _ P83 _ Right _ 4",12.2966428075381,-15.1017067755513,1219.70687995455,31.7846369774709,58.6064385456591,1274.4758988895
"BIGKAT _ P83 _ Right _ 4",12.2902612307391,-15.0989877947212,1219.65968686762,31.7653871373492,58.6030695789366,1274.41178221881
"BIGKAT _ P83 _ Right _ 4",12.2631653724505,-15.0880948083537,1219.64715878469,31.7490949185693,58.6228383229777,1274.31664452129
"BIGKAT _ P83 _ Right _ 4",12.2174220105414,-15.068300979529,1219.66774826332,31.7360635914214,58.6640516532482,1274.19959523579
"BIGKAT _ P83 _ Right _ 4",12.1593893995303,-15.0405251845483,1219.71304426962,31.72561390734,58.7213508121773,1274.07661158162
"BIGKAT _ P83 _ Right _ 4",12.0987746486227,-15.0077423139084,1219.76984807671,31.7167111090283,58.7864740968629,1273.96599546246
"BIGKAT _ P83 _ Right _ 4",12.046566172372,-14.9748225418149,1219.82335339309,31.7086367531054,58.8499392043096,1273.88270182854
"BIGKAT _ P83 _ Right _ 4",12.0123396122139,-14.947790883295,1219.86059437818,31.701512356473,58.9031182844552,1273.83356284071
"BIGKAT _ P83 _ Right _ 4",12.0016781370367,-14.9326787085014,1219.8734445994,31.6964120102285,58.9400377630716,1273.81528337485
"BIGKAT _ P83 _ Right _ 4",12.0144898027038,-14.9342469528419,1219.86064446945,31.694890676238,58.9584109950538,1273.81604327885
"BIGKAT _ P83 _ Right _ 4",12.0447656950472,-14.9548470911828,1219.82853753621,31.6980372171655,58.9597452974068,1273.82010244947
"BIGKAT _ P83 _ Right _ 4",12.0818786657702,-14.993584817855,1219.79040475873,31.7054877663694,58.9486388568215,1273.81360431114
"BIGKAT _ P83 _ Right _ 4",12.1131341473924,-15.0458592080802,1219.76435290444,31.7149791008975,58.9315107950523,1273.78934845373
"BIGKAT _ P83 _ Right _ 4",12.1270528151745,-15.1033444502987,1219.76971232838,31.7228368324715,58.9150343179848,1273.7488880352
"BIGKAT _ P83 _ Right _ 4",12.1166358338744,-15.1545554431191,1219.82222474345,31.7253390325348,58.9045427779661,1273.70157118363
"BIGKAT _ P83 _ Right _ 4",12.0816330749618,-15.1862185625101,1219.92898695698,31.720436543962,58.9026966489925,1273.66129925374
"BIGKAT _ P83 _ Right _ 4",12.0288929789629,-15.1856630000825,1220.08458697256,31.7091130444223,58.9087359251035,1273.64221904409
"BIGKAT _ P83 _ Right _ 4",11.9703958071761,-15.1442764085694,1220.26965788728,31.6957792473641,58.9186449048429,1273.65436198797
"BIGKAT _ P83 _ Right _ 4",11.9193710701454,-15.0617082654611,1220.45231060118,31.6873657477393,58.9264603658695,1273.69987295653
"BIGKAT _ P83 _ Right _ 4",11.8856302826947,-14.95003476976,1220.59200799116,31.6910423369744,58.9267626244825,1273.77033080684
"BIGKAT _ P83 _ Right _ 4",11.8716231326336,-14.8366839598259,1220.64479628425,31.7106930030767,58.9181808758427,1273.84580894894
"BIGKAT _ P83 _ Right _ 4",11.8705698741213,-14.7647530945525,1220.56868998503,31.7424783789314,58.9075980684381,1273.89648330833
"BIGKAT _ P83 _ Right _ 4",11.8673388170115,-14.7896066786693,1220.32839737469,31.7701048508673,58.9146725881598,1273.88738413657
"BIGKAT _ P83 _ Right _ 4",11.8417819721685,-14.9714094929245,1219.89904879743,31.7607711413598,58.9762495911871,1273.7861287307
"BIGKAT _ P83 _ Right _ 4",11.7734199156116,-15.364439519597,1219.26867392514,31.6630587682553,59.1501087265775,1273.57229834909
"BIGKAT _ P83 _ Right _ 4",11.6460034085318,-16.0053230520532,1218.43891281154,31.4081503821581,59.5171688384422,1273.24592661441
"BIGKAT _ P83 _ Right _ 4",11.4506656435297,-16.9032089619365,1217.42344514075,30.9155807587011,60.1806891497383,1272.83200731136
"BIGKAT _ P83 _ Right _ 4",11.1870032468032,-18.0347882044998,1216.24434264797,30.1041105364807,61.2602992229117,1272.37866468011
"BIGKAT _ P83 _ Right _ 4",10.8622516980267,-19.3456809596929,1214.92774312908,28.9072211843296,62.8782180085499,1271.94855964106
"BIGKAT _ P83 _ Right _ 4",10.4893967315958,-20.7573483666758,1213.50125092639,27.2913228888944,65.1353109258109,1271.60514404347
"BIGKAT _ P83 _ Right _ 4",10.0851915729418,-22.1763131912124,1211.99572849846,25.2733228146785,68.0763150665033,1271.39650424581
"BIGKAT _ P83 _ Right _ 4",9.66850559296759,-23.5013974344677,1210.45324090218,22.9330286067276,71.6471629818377,1271.3397940299
"BIGKAT _ P83 _ Right _ 4",9.25863153555296,-24.6257596566122,1208.94058256289,20.4153861111582,75.6526191924019,1271.40925089881
"BIGKAT _ P83 _ Right _ 4",8.87284616269523,-25.4335334934913,1207.56440623391,17.918331782077,79.7278098635531,1271.53075017283
"BIGKAT _ P83 _ Right _ 4",8.52299057274948,-25.7946018650355,1206.48093197286,15.6645380767209,83.3400165780436,1271.58556678093
"BIGKAT _ P83 _ Right _ 4",8.21170625022187,-25.5637935705955,1205.89252635615,13.8595726343935,85.8347314751386,1271.42509771632
"BIGKAT _ P83 _ Right _ 4",7.9295383713773,-24.5910612359607,1206.02612040166,12.6443143466735,86.5310712583157,1270.89631011354
"BIGKAT _ P83 _ Right _ 4",7.65412076609598,-22.746214143536,1207.09370020414,12.0543388563265,84.8568677865279,1269.87458308973
"BIGKAT _ P83 _ Right _ 4",7.35228752251612,-19.9558692548479,1209.24121097559,12.0011104896313,80.4962673436374,1268.29717591457
"BIGKAT _ P83 _ Right _ 4",6.98538336204774,-16.2431635371246,1212.49760376363,12.2867659271603,73.5084676296775,1266.18804392257
"BIGKAT _ P83 _ Right _ 4",6.51717811818126,-11.7554778023693,1216.73905146535,12.6546808633025,64.3735069604749,1263.66450495699
"BIGKAT _ P83 _ Right _ 4",5.92267981156365,-6.76552388314087,1221.68263507766,12.8634984832663,53.937138966482,1260.91988569477
"BIGKAT _ P83 _ Right _ 4",5.19536053643012,-1.63888004805615,1226.91700961869,12.7591734322136,43.2616908726152,1258.18472406681
"BIGKAT _ P83 _ Right _ 4",4.35063148230735,3.22523367049098,1231.9651899543,12.316826908503,33.4296442349631,1255.6800673168
"BIGKAT _ P83 _ Right _ 4",3.4249620940223,7.46019003801149,1236.36194677843,11.6361522046397,25.3676747004019,1253.58273904494
"BIGKAT _ P83 _ Right _ 4",2.47190269819691,10.7818331311952,1239.72313103455,10.8945818015483,19.7447008524157,1252.01698783929
"BIGKAT _ P83 _ Right _ 4",1.55705664310521,13.0079453921511,1241.79030241238,10.2790397906575,16.9559049600999,1251.07103504884
"BIGKAT _ P83 _ Right _ 4",0.753155699292819,14.0499339030672,1242.44724909673,9.9219775951295,17.1627567391803,1250.82153521887
"BIGKAT _ P83 _ Right _ 4",0.134662849747074,13.8926612374605,1241.71681044145,9.86181927316849,20.340542125825,1251.34451777729
"BIGKAT _ P83 _ Right _ 4",-0.229600960322564,12.5806192675135,1239.75037984442,10.0377472701874,26.294859966126,1252.69989737082
"BIGKAT _ P83 _ Right _ 4",-0.286426629960833,10.22008504686,1236.81767236953,10.3183253497813,34.6364460933589,1254.89204874211
"BIGKAT _ P83 _ Right _ 4",-0.00928110405252491,6.9938153468216,1233.2949989023,10.5542911301155,44.7337419161095,1257.8228934551
"BIGKAT _ P83 _ Right _ 4",0.592703294192312,3.17494988680083,1229.64308985827,10.6385119157332,55.6814029277252,1261.26004171263
"BIGKAT _ P83 _ Right _ 4",1.47091800668084,-0.875008953904604,1226.36565199048,10.552259995853,66.3235961171853,1264.83837962089
"BIGKAT _ P83 _ Right _ 4",2.54020061083212,-4.73310785577133,1223.94744785458,10.3794435562511,75.3548769711453,1268.10159440187
"BIGKAT _ P83 _ Right _ 4",3.68830899146892,-7.96584261118908,1222.78087158988,10.2807381341085,81.49615243124,1270.57656728071
"BIGKAT _ P83 _ Right _ 4",4.79075593095658,-10.1945931361671,1223.09691329232,10.4352225782283,83.7174152152691,1271.86398302446
"BIGKAT _ P83 _ Right _ 4",5.72930691246549,-11.1615885894441,1224.91733400989,10.9717048194105,81.4590681743371,1271.72466265274
"BIGKAT _ P83 _ Right _ 4",6.41168669630007,-10.7817634583498,1228.04063779171,11.9180539707184,74.7943180409182,1270.14156424736
"BIGKAT _ P83 _ Right _ 4",6.78884972113084,-9.16818294577347,1232.06709282649,13.1900560542686,64.4806313794322,1267.34093459716
"BIGKAT _ P83 _ Right _ 4",6.86535202937171,-6.62374605065697,1236.45933952876,14.6230992105455,51.8719364225241,1263.76357715123
"BIGKAT _ P83 _ Right _ 4",6.69910799276198,-3.59952183949712,1240.62674058819,16.0290820432871,38.7027012747525,1259.98939347094
"BIGKAT _ P83 _ Right _ 4",6.38958191865925,-0.628455316585251,1244.01599431801,17.2497895317558,26.7967079196051,1256.63229914211
"BIGKAT _ P83 _ Right _ 4",6.05725142390654,1.75161640116341,1246.19020278164,18.1839971863991,17.775603523167,1254.23125343909
"BIGKAT _ P83 _ Right _ 4",5.81999908058672,3.0725504446001,1246.88415089976,18.7840325522712,12.8311511653453,1253.16086003128
"BIGKAT _ P83 _ Right _ 4",5.77244894493637,3.00030632503856,1246.03197007772,19.0352494719281,12.5893895754273,1253.57420581618
"BIGKAT _ P83 _ Right _ 4",5.97231375211759,1.3858509614268,1243.76958625496,18.9383973652149,17.0605937292469,1255.38044069275
"BIGKAT _ P83 _ Right _ 4",6.43504579418132,-1.70115548436264,1240.41559638415,18.5089443180061,25.6559566493438,1258.25681323165
"BIGKAT _ P83 _ Right _ 4",7.13592886146427,-5.96349714157317,1236.43231718952,17.7943145243694,37.2592841736192,1261.69741667169
"BIGKAT _ P83 _ Right _ 4",8.0175983789623,-10.9016780100747,1232.36804764264,16.8965226216877,50.3534227985851,1265.10053053567
"BIGKAT _ P83 _ Right _ 4",9.00048601210553,-15.8775011412038,1228.78453832639,15.9803320730799,63.2014041881462,1267.88670881903
"BIGKAT _ P83 _ Right _ 4",9.99368782134978,-20.2092683087642,1226.17863668848,15.2510509673382,74.0694680148101,1269.62281332478
"BIGKAT _ P83 _ Right _ 4",10.904482199626,-23.2816150916119,1224.91043901558,14.9015952771495,81.4635627244967,1270.1142856984
"BIGKAT _ P83 _ Right _ 4",11.6461738386184,-24.6487017088342,1225.1500358852,15.0476305330486,84.3432529485758,1269.4315985088
"BIGKAT _ P83 _ Right _ 4",12.1453758468581,-24.1115336086163,1226.85182895481,15.6805013204202,82.2790527258533,1267.85954325812
"BIGKAT _ P83 _ Right _ 4",12.3501466991474,-21.7553763470309,1229.76107957039,16.6629462965696,75.5265555483175,1265.78862008675
"BIGKAT _ P83 _ Right _ 4",12.2390439252816,-17.9392934510433,1233.45260136589,17.7741341442627,65.0000134082308,1263.59028436782
"BIGKAT _ P83 _ Right _ 4",11.828892439653,-13.2374031191129,1237.39627757193,18.7871656674529,52.1408196968891,1261.52266751327
"BIGKAT _ P83 _ Right _ 4",11.1775848743412,-8.34161193680952,1241.0386539085,19.5453839355485,38.6963242980088,1259.69925309224
"BIGKAT _ P83 _ Right _ 4",10.3789142014342,-3.94613785785904,1243.88574738815,20.0034157313352,26.4495307943987,1258.12434546171
"BIGKAT _ P83 _ Right _ 4",9.5491600305754,-0.639357723930881,1245.57185344921,20.2166402113196,16.9579644054732,1256.7687069397
"BIGKAT _ P83 _ Right _ 4",8.80827840935316,1.17589292749501,1245.90375399489,20.2888178843204,11.3553201367912,1255.64356172491
"BIGKAT _ P83 _ Right _ 4",8.26028636917546,1.32412942994674,1244.87709424108,20.3066001871587,10.241678766379,1254.83805729065
"BIGKAT _ P83 _ Right _ 4",7.97721598221663,-0.136995375443179,1242.66742904389,20.2926703772836,13.6555840024242,1254.50562982523
"BIGKAT _ P83 _ Right _ 4",7.98953444585904,-2.94004039721354,1239.60030306477,20.1979776208779,21.1050634371145,1254.80677436446
"BIGKAT _ P83 _ Right _ 4",8.28410651161375,-6.65402824373112,1236.10444052025,19.9349693830975,31.6390440378045,1255.83316718762
"BIGKAT _ P83 _ Right _ 4",8.80905952253907,-10.7486043155162,1232.65276301504,19.4354297221842,43.953063356164,1257.54623039333
"BIGKAT _ P83 _ Right _ 4",9.48353857323156,-14.6690810875095,1229.69853605963,18.705353607222,56.5292428738814,1259.75705992429
"BIGKAT _ P83 _ Right _ 4",10.2097429177022,-17.9112601539364,1227.61648432278,17.8500999634221,67.8057066419371,1262.15532940816
"BIGKAT _ P83 _ Right _ 4",10.8851530846331,-20.0834624721296,1226.65836857877,17.0560225770226,76.3607464210093,1264.37341357518
"BIGKAT _ P83 _ Right _ 4",11.4141544009201,-20.9471263164552,1226.9285441022,16.5342796695429,81.0901570941175,1266.06147511568
"BIGKAT _ P83 _ Right _ 4",11.7193214580766,-20.4343022850825,1228.37955482271,16.4495816161753,81.3555120381564,1266.95273356134
"BIGKAT _ P83 _ Right _ 4",11.7524838521894,-18.6454852625372,1230.82397161998,16.8633235330399,77.0840993035071,1266.9081141486
"BIGKAT _ P83 _ Right _ 4",11.5042960591723,-15.8319605143136,1233.95818896306,17.7139714662353,68.8038790087428,1265.93740193828
"BIGKAT _ P83 _ Right _ 4",11.00945146256,-12.3648044372802,1237.39607961711,18.840973718294,57.5990862940095,1264.19715742419
"BIGKAT _ P83 _ Right _ 4",10.3443294897188,-8.69121486371992,1240.71260130929,20.0393000542909,44.9788548288931,1261.96622628225
"BIGKAT _ P83 _ Right _ 4",9.61543938700037,-5.27998761648141,1243.49660053195,21.1186857318561,32.6676319376261,1259.60116535439
"BIGKAT _ P83 _ Right _ 4",8.94002986236499,-2.56131504634832,1245.40741939327,21.9415671827334,22.3499232860928,1257.47793254518
"BIGKAT _ P83 _ Right _ 4",8.42328053895946,-0.86952581881692,1246.224686914,22.4273362667706,15.4202767170614,1255.93080892512
"BIGKAT _ P83 _ Right _ 4",8.1380619269082,-0.398599345615911,1245.87959628524,22.5303318243389,12.7885459331745,1255.20073345815
"BIGKAT _ P83 _ Right _ 4",8.11263335804923,-1.17846469292471,1244.46038603165,22.2129796941812,14.7706120342985,1255.40166352387
"BIGKAT _ P83 _ Right _ 4",8.32930282445626,-3.07636076221757,1242.19140883978,21.4359535123962,21.0713986614651,1256.50853574897
"BIGKAT _ P83 _ Right _ 4",8.73397955683188,-5.8233684330574,1239.39049476259,20.175259224815,30.8539507175492,1258.36755439589
"BIGKAT _ P83 _ Right _ 4",9.25344973885016,-9.06175181035247,1236.41302102768,18.4589134562002,42.8835925239582,1260.72810230655
"BIGKAT _ P83 _ Right _ 4",9.81474058212183,-12.4035445015854,1233.59439089255,16.4020397325428,55.7280155957646,1263.29197523643
"BIGKAT _ P83 _ Right _ 4",10.3600836146089,-15.486451551654,1231.20439797373,14.2162165919213,67.9780805048025,1265.76928499765
"BIGKAT _ P83 _ Right _ 4",10.852623299944,-18.0133685724227,1229.42421612817,12.1798225354293,78.4404853024721,1267.92581246526
"BIGKAT _ P83 _ Right _ 4",11.2719093048717,-19.7687119760583,1228.3487448629,10.5758255990006,86.2573261589492,1269.60880461285
"BIGKAT _ P83 _ Right _ 4",11.6026860813152,-20.6151101946504,1228.0073149796,9.62025908727213,90.9329395721714,1270.74674989962
"BIGKAT _ P83 _ Right _ 4",11.82333768612,-20.4814993617584,1228.38952749011,9.40860827442433,92.2838103333896,1271.32837709259
"BIGKAT _ P83 _ Right _ 4",11.9002041803941,-19.3544702652877,1229.46305476341,9.89781770559979,90.3548096169864,1271.37265104651
"BIGKAT _ P83 _ Right _ 4",11.7911085977165,-17.2797233463391,1231.17576473602,10.9261601218685,85.3513438452688,1270.90351017411
"BIGKAT _ P83 _ Right _ 4",11.4573068506234,-14.3729495876633,1233.44268396143,12.2605034928062,77.6195524021557,1269.94015996392
"BIGKAT _ P83 _ Right _ 4",10.8794491506585,-10.8325044417954,1236.12590394501,13.6548413263521,67.6740615213559,1268.50615050452
"BIGKAT _ P83 _ Right _ 4",10.0712851543361,-6.9425666119893,1239.01987897589,14.9044248192329,56.2412190528236,1266.65090475529
"BIGKAT _ P83 _ Right _ 4",9.0853763300781,-3.05729131354706,1241.85382297512,15.8831527908933,44.2723072708366,1264.47094841161
"BIGKAT _ P83 _ Right _ 4",8.00801100366288,0.435896819807447,1244.31660296626,16.5560237206755,32.8943014946596,1262.11893956985
"BIGKAT _ P83 _ Right _ 4",6.94489259360513,3.16582743049519,1246.09992078816,16.9642804007979,23.2967681362517,1259.79574558829
"BIGKAT _ P83 _ Right _ 4",6.00282991182999,4.82634209612599,1246.94802766127,17.1892684314027,16.5806517056301,1257.72827757024
"BIGKAT _ P83 _ Right _ 4",5.27339390499691,5.21379326040415,1246.70142306162,17.3091940622143,13.6012317681122,1256.1383957341
"BIGKAT _ P83 _ Right _ 4",4.82208372894226,4.25134141071766,1245.32713299832,17.3659608249447,14.8273352627419,1255.20693732065
"BIGKAT _ P83 _ Right _ 4",4.68313664736097,2.00392621630049,1242.93364622348,17.3550785658096,20.2297754918871,1255.03662885923
"BIGKAT _ P83 _ Right _ 4",4.85827316107196,-1.31415803913181,1239.77002127184,17.2424590762874,29.2149503511075,1255.62058235969
"BIGKAT _ P83 _ Right _ 4",5.31806203914125,-5.34410439247835,1236.20684948294,17.0010509286033,40.6287461462633,1256.82672439727
"BIGKAT _ P83 _ Right _ 4",6.00582742556904,-9.60945326686083,1232.69593670643,16.6507258557564,52.8566620510508,1258.40818064933
"BIGKAT _ P83 _ Right _ 4",6.84438892677167,-13.5714208780799,1229.70907895084,16.2806534389814,64.0290705156417,1260.04255467407
"BIGKAT _ P83 _ Right _ 4",7.74512554581169,-16.7091135259115,1227.66348812265,16.0388947658086,72.3101181821992,1261.39187230629
"BIGKAT _ P83 _ Right _ 4",8.61803232018557,-18.6100647344459,1226.84808442096,16.089109811128,76.2193904748425,1262.16689338092
"BIGKAT _ P83 _ Right _ 4",9.38161340740634,-19.0505660240107,1227.36691117042,16.5519184430493,74.9198930669178,1262.1796563397
"BIGKAT _ P83 _ Right _ 4",9.97222186141274,-18.0461653504215,1229.11265957123,17.4580034567568,68.4076101567245,1261.37470842257
"BIGKAT _ P83 _ Right _ 4",10.3525534406961,-15.8587258495544,1231.7770675785,18.73504569083,57.5540648945274,1259.83651872595
"BIGKAT _ P83 _ Right _ 4",10.5180061876898,-12.9555046309788,1234.89804772004,20.2332016624697,43.9815730140542,1257.77444850083
"BIGKAT _ P83 _ Right _ 4",10.4986120482569,-9.92672342291909,1237.93630296203,21.7738765609363,29.7893463210875,1255.48854830289
"BIGKAT _ P83 _ Right _ 4",10.3546431043872,-7.37890546996674,1240.36729736652,23.1961438967351,17.1885626778748,1253.32190036961
"BIGKAT _ P83 _ Right _ 4",10.1659301374128,-5.82741922125001,1241.77019315169,24.3807702083099,8.1280522278293,1251.60781479468
"BIGKAT _ P83 _ Right _ 4",10.017099624025,-5.60966158318127,1241.89678441438,25.2486585512364,3.98527455302661,1250.62024528985
"BIGKAT _ P83 _ Right _ 4",9.98197444993391,-6.83181608928918,1240.71010842519,25.746337583937,5.36641743803308,1250.53298649721
"BIGKAT _ P83 _ Right _ 4",10.1101049075026,-9.35314915557374,1238.38977943768,25.8363058679685,12.0282661717269,1251.39087408006
"BIGKAT _ P83 _ Right _ 4",10.4175429057705,-12.8068977779277,1235.30532319646,25.5035183200542,22.9197131133173,1253.09681802813
"BIGKAT _ P83 _ Right _ 4",10.88314962716,-16.6551827112009,1231.96056854638,24.7761806053996,36.3378180338463,1255.41998149406
"BIGKAT _ P83 _ Right _ 4",11.4509264349464,-20.2729275302209,1228.91480030835,23.7466026688379,50.1863311885172,1258.02844956823
"BIGKAT _ P83 _ Right _ 4",12.037918284246,-23.0500471482822,1226.69128222367,22.5735783881167,62.3059605249931,1260.54302869683
"BIGKAT _ P83 _ Right _ 4",12.5463855428071,-24.4945235519875,1225.68858640106,21.4557285986631,70.82377882917,1262.60120773877
"BIGKAT _ P83 _ Right _ 4",12.8785756606097,-24.3163808790947,1226.11143658817,20.5817744692213,74.4587622548782,1263.91717322798
"BIGKAT _ P83 _ Right _ 4",12.9524719411449,-22.4764117102864,1227.93438300947,20.0782058006288,72.7279573262359,1264.32654895776
"BIGKAT _ P83 _ Right _ 4",12.7167678090265,-19.1915045705886,1230.90522763071,19.9776863943886,66.0175689989594,1263.80982775357
"BIGKAT _ P83 _ Right _ 4",12.1626930395097,-14.8968054544078,1234.58780206204,20.2211345167346,55.5067772216387,1262.49252935989
"BIGKAT _ P83 _ Right _ 4",11.3297226522455,-10.1721965089528,1238.43652269795,20.6889698132846,42.9567856148617,1260.622585692
"BIGKAT _ P83 _ Right _ 4",10.3026274876979,-5.64699628172926,1241.88869719972,21.2424775248357,30.4046083481941,1258.52829224997
"BIGKAT _ P83 _ Right _ 4",9.19928374993143,-1.90148336467041,1244.45615484352,21.753373672353,19.8250629194812,1256.56417779956
"BIGKAT _ P83 _ Right _ 4",8.15148462962727,0.615962907073482,1245.79777790731,22.1105092337835,12.8311771621812,1255.05518392235
"BIGKAT _ P83 _ Right _ 4",7.28320445202107,1.64316616988929,1245.76049189941,22.2098081045936,10.4637840984288,1254.24872718601
"BIGKAT _ P83 _ Right _ 4",6.69121538995889,1.12622527096629,1244.38617082439,21.9452524041662,13.0865373604455,1254.28017848561
"BIGKAT _ P83 _ Right _ 4",6.43173765932191,-0.786924100719351,1241.89038508658,21.217996376982,20.3763946867256,1255.15430536526
"BIGKAT _ P83 _ Right _ 4",6.5149247665581,-3.7754895703112,1238.62194913456,19.9688237334074,31.3938738281557,1256.74556814372
"BIGKAT _ P83 _ Right _ 4",6.90726351175602,-7.39289546956726,1235.01077865879,18.2229022486327,44.7226543996651,1258.82052407718
"BIGKAT _ P83 _ Right _ 4",7.5404612294204,-11.1284050354864,1231.50987564507,16.1236402735116,58.6672760058592,1261.08120019716
"BIGKAT _ P83 _ Right _ 4",8.32403834944661,-14.4771024867844,1228.53791519471,13.9319204973916,71.4851607210701,1263.21973214332
"BIGKAT _ P83 _ Right _ 4",9.15824805373637,-17.0076843208821,1226.43027571563,11.9804494569199,81.6154254530367,1264.96852611048
"BIGKAT _ P83 _ Right _ 4",9.94486193298895,-18.4162137883685,1225.40515750782,10.5941636124783,87.8662165990237,1266.13265441239
"BIGKAT _ P83 _ Right _ 4",10.5954241830667,-18.5579616110545,1225.54723109487,10.0045695826857,89.5375310845039,1266.60082163313
"BIGKAT _ P83 _ Right _ 4",11.0382590372921,-17.4558512501499,1226.80697210039,10.2895070017813,86.476735966955,1266.34091765494
"BIGKAT _ P83 _ Right _ 4",11.2255838580856,-15.2884493302884,1229.01218830699,11.3597806029121,79.075546054353,1265.39000584622
"BIGKAT _ P83 _ Right _ 4",11.1406511785784,-12.361351913752,1231.88923679856,12.9963892551788,68.2158890534328,1263.84592838966
"BIGKAT _ P83 _ Right _ 4",10.8030275103788,-9.06506670002408,1235.09313658063,14.9233848140775,55.1657948098481,1261.8617053489
"BIGKAT _ P83 _ Right _ 4",10.2691506619368,-5.82281798434853,1238.24607922897,16.8874642848183,41.4273671589516,1259.63867450151
"BIGKAT _ P83 _ Right _ 4",9.62595126184927,-3.03422841071519,1240.98173651646,18.7121369293381,28.551987190436,1257.41310878643
"BIGKAT _ P83 _ Right _ 4",8.97746151423859,-1.02405972698228,1242.98937316539,20.3056094456133,17.9545442053353,1255.43439056963
"BIGKAT _ P83 _ Right _ 4",8.4269167100877,-0.00595700827403833,1244.04986029559,21.623929181706,10.7625380551106,1253.93738239274
"BIGKAT _ P83 _ Right _ 4",8.05852111827944,-0.0674218071134645,1244.05719333726,22.6130201419465,7.71996052410939,1253.11312397164
"BIGKAT _ P83 _ Right _ 4",7.92306226694969,-1.17565624558902,1243.02306319484,23.1633964853181,9.14149740986772,1253.08049219441
"BIGKAT _ P83 _ Right _ 4",8.03022633443045,-3.19868374137361,1241.06564424764,23.1055488523438,14.8999213972445,1253.86136631038
"BIGKAT _ P83 _ Right _ 4",8.34872506038792,-5.93509547752322,1238.38555086832,22.2561105473681,24.4367805335131,1255.36533458778
"BIGKAT _ P83 _ Right _ 4",8.81392267819196,-9.14780044216202,1235.23271686043,20.5020819347352,36.8027002574049,1257.39329085659
"BIGKAT _ P83 _ Right _ 4",9.34155444483406,-12.5985468526262,1231.86937756104,17.8906503421336,50.7405137735096,1259.66646735194
"BIGKAT _ P83 _ Right _ 4",9.8449562597055,-16.0781812546635,1228.53670477613,14.683986703258,64.8133983969907,1261.87703859566
"BIGKAT _ P83 _ Right _ 4",10.2520902301614,-19.4244259920252,1225.43393580931,11.347782846112,77.5597285301468,1263.74442825812
"BIGKAT _ P83 _ Right _ 4",10.5183840683793,-22.5194638284941,1222.71597054385,8.46703046657725,87.6441232798259,1265.05739982396
"BIGKAT _ P83 _ Right _ 4",10.6325412924365,-25.2667219317616,1220.50779331546,6.61106381648942,93.9807465715444,1265.69006540859
"BIGKAT _ P83 _ Right _ 4",10.6144871767607,-27.556924406463,1218.9253798578,6.1885264506889,95.824597409676,1265.59433215775
"BIGKAT _ P83 _ Right _ 4",10.5064578742034,-29.2412512617886,1218.08821030204,7.33537317179844,92.8428816864953,1264.78192700232
"BIGKAT _ P83 _ Right _ 4",10.359433754215,-30.1294449796184,1218.11101830777,9.86833868340179,85.1779417113261,1263.31035906857
"BIGKAT _ P83 _ Right _ 4",10.2178859644045,-30.0220972347424,1219.07124869273,13.318910082561,73.4947078797666,1261.28023076075
"BIGKAT _ P83 _ Right _ 4",10.1063782976819,-28.7719938064518,1220.96053580231,17.0426146887561,58.9818380043791,1258.8409914052
"BIGKAT _ P83 _ Right _ 4",10.0216878596351,-26.3549576420328,1223.63875068305,20.377039754343,43.2656607206924,1256.19398218329
"BIGKAT _ P83 _ Right _ 4",9.93324732995056,-22.9227327667186,1226.81315286406,22.803675811347,28.2137663825585,1253.58034021041
"BIGKAT _ P83 _ Right _ 4",9.79255043984899,-18.8134148525343,1230.05986374927,24.0626404336165,15.648112917034,1251.24909615753
"BIGKAT _ P83 _ Right _ 4",9.54901323207239,-14.5080400960194,1232.89103503826,24.1838991030419,7.03311029081389,1249.41359298227
"BIGKAT _ P83 _ Right _ 4",9.16686721128411,-10.5397439209779,1234.8542810984,23.4305825272517,3.22230236120167,1248.21270104002
"BIGKAT _ P83 _ Right _ 4",8.63668261735257,-7.37746818920664,1235.63866362366,22.1830895937934,4.32544917018767,1247.69013923727
"BIGKAT _ P83 _ Right _ 4",7.97701875845168,-5.31470184229065,1235.15824620128,20.8099956052632,9.7133363144502,1247.79385449005
"BIGKAT _ P83 _ Right _ 4",7.22581654517047,-4.39385335751788,1233.58942324737,19.5686335403518,18.1411147461691,1248.38862930941
"BIGKAT _ P83 _ Right _ 4",6.42565278406847,-4.38958645248056,1231.34869603464,18.5611416740828,27.958330664629,1249.27558434077
"BIGKAT _ P83 _ Right _ 4",5.60977171896255,-4.86116846557969,1229.01082274218,17.7499025268873,37.3768147738706,1250.21851100032
"BIGKAT _ P83 _ Right _ 4",4.79538597980219,-5.26588756873841,1227.18196795488,17.016700176262,44.7678033101287,1250.98024237867
"BIGKAT _ P83 _ Right _ 4",3.98705649598938,-5.10613149066099,1226.3563792157,16.2380002465705,48.9475930583187,1251.3676365296
"BIGKAT _ P83 _ Right _ 4",3.18784397573125,-4.06870035618463,1226.79362228774,15.3479160428891,49.3948478662659,1251.27478773877
"BIGKAT _ P83 _ Right _ 4",2.41215208203123,-2.1143837701737,1228.45114412969,14.3695524501469,46.3414654938628,1250.70937230187
"BIGKAT _ P83 _ Right _ 4",1.69369255793574,0.508407940519494,1230.99199956586,13.408727732533,40.7056878615164,1249.79184697849
"BIGKAT _ P83 _ Right _ 4",1.08473191779781,3.32637605275143,1233.86467816492,12.6157638656372,33.8837535951952,1248.72859599301
"BIGKAT _ P83 _ Right _ 4",0.646980346460143,5.75705902012285,1236.43069315517,12.1292940259786,27.459710950971,1247.76979310874
"BIGKAT _ P83 _ Right _ 4",0.437925474222602,7.2422935652228,1238.10462313629,12.0210978152795,22.9080664935823,1247.16449235728
"BIGKAT _ P83 _ Right _ 4",0.497601092311432,7.36623443371547,1238.47321864363,12.2615784185692,21.3478549795115,1247.12028133433
"BIGKAT _ P83 _ Right _ 4",0.83971002764158,5.93557217066554,1237.37091704266,12.7198444976069,23.3781256011013,1247.76939647338
"BIGKAT _ P83 _ Right _ 4",1.4489547434327,3.0118152354881,1234.90202792078,13.201194156526,29.0044506235391,1249.14304763247
"BIGKAT _ P83 _ Right _ 4",2.28463849016374,-1.10508782560332,1231.4107767537,13.5115248991891,37.6586568267659,1251.15979160611
"BIGKAT _ P83 _ Right _ 4",3.28927888003537,-5.93556103988775,1227.4090204913,13.5270451847462,48.3088616554893,1253.63564048395
"BIGKAT _ P83 _ Right _ 4",4.39964936774747,-10.908620084122,1223.47870372194,13.2430202343656,59.642713222688,1256.31794077138
"BIGKAT _ P83 _ Right _ 4",5.55650277241226,-15.4597933799588,1220.1710202713,12.7809508093016,70.2853893022156,1258.93408397838
"BIGKAT _ P83 _ Right _ 4",6.70937242280821,-19.1163217458868,1217.92387118837,12.3495191906683,79.0005598819016,1261.23830457296
"BIGKAT _ P83 _ Right _ 4",7.81510149797089,-21.5524140839576,1217.011941143,12.174094123547,84.8309196842566,1263.0417635966
"BIGKAT _ P83 _ Right _ 4",8.83223507706311,-22.609309488388,1217.53201303056,12.4222706314463,87.1631250376719,1264.22118750988
"BIGKAT _ P83 _ Right _ 4",9.71588900014972,-22.287232064773,1219.41556610552,13.1526286091501,85.7335356083651,1264.71217781924
"BIGKAT _ P83 _ Right _ 4",10.4174827871284,-20.7226034008152,1222.45595937974,14.302501243918,80.6084288538693,1264.49865733668
"BIGKAT _ P83 _ Right _ 4",10.8910157564601,-18.162161371366,1226.33943686227,15.7149852262793,72.1678264237004,1263.60813140512
"BIGKAT _ P83 _ Right _ 4",11.1040986637052,-14.9385919240422,1230.67513594434,17.1923184376344,61.1006082508404,1262.1157330033
"BIGKAT _ P83 _ Right _ 4",11.049526900125,-11.4449198895144,1235.02539031579,18.5555592527273,48.3938002882048,1260.15247042123
"BIGKAT _ P83 _ Right _ 4",10.7527473501418,-8.10209365003113,1238.94070058669,19.6899071642403,35.2868034473619,1257.90885159332
"BIGKAT _ P83 _ Right _ 4",10.2721092729219,-5.3178478042029,1242.00222742229,20.5607158477135,23.1706914372956,1255.62641638514
"BIGKAT _ P83 _ Right _ 4",9.69147885593633,-3.44189213562556,1243.86961038382,21.1965204268733,13.436667676791,1253.5753355746
"BIGKAT _ P83 _ Right _ 4",9.10735278013266,-2.72645149123767,1244.32692576485,21.6491697305792,7.29779795982228,1252.02160110177
"BIGKAT _ P83 _ Right _ 4",8.61393976335131,-3.29863776126419,1243.31800068257,21.9512993335154,5.61196324926465,1251.18888944207
"BIGKAT _ P83 _ Right _ 4",8.28954961724188,-5.14515321867707,1240.96414245552,22.0923764172246,8.72775399802732,1251.2193931258
"BIGKAT _ P83 _ Right _ 4",8.18666416961385,-8.10685623401741,1237.56002995469,22.0258249809509,16.373356112503,1252.13907373497
"BIGKAT _ P83 _ Right _ 4",8.32703526453403,-11.8836785813307,1233.54543083772,21.7054043418085,27.6153841729867,1253.83664862125
"BIGKAT _ P83 _ Right _ 4",8.70218846868772,-16.0555686911408,1229.45282235608,21.1346108083381,40.9188769271025,1256.06742043542
"BIGKAT _ P83 _ Right _ 4",9.27843742000786,-20.1259173161081,1225.83576013588,20.4039656034052,54.3272766596936,1258.48774822034
"BIGKAT _ P83 _ Right _ 4",10.0041378744115,-23.5874360231335,1223.18887976605,19.6930018689927,65.7501693695918,1260.71459882593
"BIGKAT _ P83 _ Right _ 4",10.8165637351877,-26.0006430821073,1221.87389754143,19.2286783156889,73.3103838017015,1262.39454789836
"BIGKAT _ P83 _ Right _ 4",11.6471822491623,-27.0687267677228,1222.06444917426,19.2141195199761,75.6791725769717,1263.26457098066
"BIGKAT _ P83 _ Right _ 4",12.4262300099066,-26.69262516063,1223.71780898373,19.7585418034384,72.3276560497205,1263.19268173632
"BIGKAT _ P83 _ Right _ 4",13.0884039929864,-24.9944503445031,1226.5771383653,20.8402442588749,63.6403674754185,1262.1941230109
"BIGKAT _ P83 _ Right _ 4",13.5803422937567,-22.3028067838123,1230.20520504992,22.3185115940034,50.8639793180111,1260.42386631511
"BIGKAT _ P83 _ Right _ 4",13.8684448573141,-19.0999029794699,1234.0474543693,23.9859717809839,35.8968551582996,1258.1486350876
"BIGKAT _ P83 _ Right _ 4",13.9443353263318,-15.9387762923876,1237.51673871853,25.6337309520435,20.9611083361554,1255.70364961344
"BIGKAT _ P83 _ Right _ 4",13.8258685606159,-13.3478697731028,1240.08515170632,27.0983536483094,8.22968102385317,1253.44162226321
"BIGKAT _ P83 _ Right _ 4",13.5534423350809,-11.7445815251001,1241.3647962971,28.2739141145377,-0.509865941191396,1251.68271675834
"BIGKAT _ P83 _ Right _ 4",13.183053732913,-11.3753583607135,1241.16237132841,29.0940552037074,-4.09459447981018,1250.67237821578
"BIGKAT _ P83 _ Right _ 4",12.7781140859817,-12.2895863883142,1239.50048299955,29.5046161920215,-2.10721512120914,1250.55021997461
"BIGKAT _ P83 _ Right _ 4",12.4015619555777,-14.3447522385387,1236.60650208639,29.4495800810119,5.11145554992472,1251.33123610828
"BIGKAT _ P83 _ Right _ 4",12.1089336650013,-17.2360943757224,1232.87437186779,28.8831082924853,16.5396172053436,1252.902012932
"BIGKAT _ P83 _ Right _ 4",11.9424272413971,-20.5444211524316,1228.80659302557,27.8040952874602,30.6258081910393,1255.03597505163
"BIGKAT _ P83 _ Right _ 4",11.9259227907005,-23.7965267264659,1224.94471428769,26.2945486165874,45.4993791359901,1257.42863618977
"BIGKAT _ P83 _ Right _ 4",12.061216125493,-26.5309181098986,1221.79783621505,24.5371937890188,59.2165293777819,1259.74670182756
"BIGKAT _ P83 _ Right _ 4",12.326072456057,-28.359116933433,1219.7788128338,22.7955490056511,70.0089928012002,1261.6792410679
"BIGKAT _ P83 _ Right _ 4",12.675010058209,-29.0133352309798,1219.15576215245,21.3577724427271,76.5026166320021,1262.9798494492
"BIGKAT _ P83 _ Right _ 4",13.0438574568585,-28.3756663376751,1220.0227139645,20.4635209530854,77.8834310614817,1263.49469111438
"BIGKAT _ P83 _ Right _ 4",13.358699463745,-26.4889518521083,1222.2897406084,20.2412264523382,74.0003497794093,1263.17722831648
"BIGKAT _ P83 _ Right _ 4",13.548548846363,-23.5517333791119,1225.69133521766,20.6787468706254,65.3974845251955,1262.09237549478
"BIGKAT _ P83 _ Right _ 4",13.5593305101348,-19.8987228714173,1229.81226441754,21.6367095107745,53.2657328268817,1260.41097266004
"BIGKAT _ P83 _ Right _ 4",13.3655486068388,-15.9664077530613,1234.1312600089,22.8968330520093,39.3031915070614,1258.39287854869
"BIGKAT _ P83 _ Right _ 4",12.9762298853761,-12.2436129231083,1238.08237099728,24.2235327747512,25.4878641002874,1256.35679099154
"BIGKAT _ P83 _ Right _ 4",12.4334625184197,-9.21007655586223,1241.13000574836,25.4129972777806,13.7927095441916,1254.63809849254
"BIGKAT _ P83 _ Right _ 4",11.8042284976868,-7.27058131965235,1242.84796337286,26.3133258958441,5.89586478980002,1253.54043929168
"BIGKAT _ P83 _ Right _ 4",11.1681210820535,-6.69489229910046,1242.98868193747,26.8176019890463,2.94049564813528,1253.28874357748
"BIGKAT _ P83 _ Right _ 4",10.6042229553142,-7.5732746447585,1241.52902346654,26.8473893657511,5.37941841921538,1253.99068883812
"BIGKAT _ P83 _ Right _ 4",10.1798407399087,-9.79486104546687,1238.68260814874,26.3473729640601,12.9169104186751,1255.6125174399
"BIGKAT _ P83 _ Right _ 4",9.94243890518559,-13.0534497548252,1234.8741297136,25.3016443187077,24.5484907373066,1257.97570016407
"BIGKAT _ P83 _ Right _ 4",9.91477207360705,-16.8827192234559,1230.67747057934,23.7650966249651,38.69569050433,1260.7799963729
"BIGKAT _ P83 _ Right _ 4",10.0925457664931,-20.7189937929614,1226.72675232008,21.8894473505769,53.4242260136736,1263.65212395107
"BIGKAT _ P83 _ Right _ 4",10.4441179633979,-23.9838590170889,1223.61619671599,19.921339747984,66.7166641724818,1266.20916933902
"BIGKAT _ P83 _ Right _ 4",10.9124861287429,-26.1731637829947,1221.80762897846,18.162310246523,76.7551021859376,1268.11951601143
"BIGKAT _ P83 _ Right _ 4",11.4205462796556,-26.9368152193102,1221.56167924818,16.900198199173,82.1681574404282,1269.1471110855
"BIGKAT _ P83 _ Right _ 4",11.8807218320721,-26.136342515001,1222.90203282202,16.3367026393135,82.2102602440597,1269.17470562756
"BIGKAT _ P83 _ Right _ 4",12.209049327269,-23.8717848104838,1225.61539538733,16.5382254657568,76.8582809097903,1268.21016440825
"BIGKAT _ P83 _ Right _ 4",12.3417984894007,-20.4730862199307,1229.28554740582,17.4274296571584,66.8195821280413,1266.38165214399
"BIGKAT _ P83 _ Right _ 4",12.2506105798327,-16.4541774755876,1233.357288644,18.8167421697626,53.4467836345711,1263.92382931462
"BIGKAT _ P83 _ Right _ 4",11.9512447995123,-12.4330451041706,1237.22301440691,20.4685520476508,38.5586831168186,1261.15332223101
"BIGKAT _ P83 _ Right _ 4",11.5022345838579,-9.02953117479506,1240.31983018488,22.1564077643828,24.1833466174563,1258.43174528049
"BIGKAT _ P83 _ Right _ 4",10.9929250353847,-6.76119580581296,1242.22001654406,23.7030998165012,12.2637813964701,1256.11861913957
"BIGKAT _ P83 _ Right _ 4",10.5240813974979,-5.96041669521605,1242.69629561018,24.9859450400184,4.38126560612241,1254.52113329974
"BIGKAT _ P83 _ Right _ 4",10.1866262302936,-6.7297854848189,1241.74862406323,25.9188054908678,1.54349310464479,1253.84911219884
"BIGKAT _ P83 _ Right _ 4",10.0440794945261,-8.9409704740403,1239.58934264078,26.4324466986599,4.06147194628683,1254.18194807498
"BIGKAT _ P83 _ Right _ 4",10.1224557782976,-12.2714248914386,1236.59322160184,26.473164725481,11.5199097297239,1255.452882304
"BIGKAT _ P83 _ Right _ 4",10.4089479388652,-16.2678954516294,1233.22466732881,26.0260947014603,22.8396218663315,1257.45574144569
"BIGKAT _ P83 _ Right _ 4",10.8585408775435,-20.4244074878815,1229.95658394291,25.1515953072952,36.4282880260156,1259.87687056255
"BIGKAT _ P83 _ Right _ 4",11.4059975810004,-24.2616411275217,1227.1960005187,24.0101725729177,50.4051201309924,1262.34803787694
"BIGKAT _ P83 _ Right _ 4",11.9796197525884,-27.3933941302225,1225.23042496395,22.852164923494,62.8660824705285,1264.50751425268
"BIGKAT _ P83 _ Right _ 4",12.5132310977261,-29.5671619076093,1224.20415659953,21.9646330606606,72.1426088338709,1266.05317695411
"BIGKAT _ P83 _ Right _ 4",12.9541647492213,-30.6727087495993,1224.12532379604,21.5908941853163,77.0104171983951,1266.77677324701
"BIGKAT _ P83 _ Right _ 4",13.2670100684204,-30.7231807856335,1224.8953364272,21.8540546135804,76.8243756779028,1266.57824351959
"BIGKAT _ P83 _ Right _ 4",13.4342779523142,-29.8221120443655,1226.34702452166,22.7161122038112,71.5767365287561,1265.46594775679
"BIGKAT _ P83 _ Right _ 4",13.4552952138107,-28.1317390344937,1228.27818320002,23.9901393153328,61.8864822347169,1263.54939106528
"BIGKAT _ P83 _ Right _ 4",13.3439811214412,-25.8528859184366,1230.47258316892,25.4022804947355,48.9253654194529,1261.02739694891
"BIGKAT _ P83 _ Right _ 4",13.1256345535291,-23.2176988960544,1232.70782422834,26.6808190153931,34.2810348661936,1258.17030385697
"BIGKAT _ P83 _ Right _ 4",12.832878637104,-20.4883601787949,1234.75577793171,27.6380850339803,19.7613077336304,1255.29294227961
"BIGKAT _ P83 _ Right _ 4",12.5011812600952,-17.9512253510172,1236.38472786399,28.2129524907429,7.15957354362387,1252.71772001246
"BIGKAT _ P83 _ Right _ 4",12.164542984838,-15.8977709749908,1237.37157365472,28.4585338638984,-1.98048522511108,1250.73269396749
"BIGKAT _ P83 _ Right _ 4",11.8519758099317,-14.5897905039639,1237.52794593483,28.4847191337778,-6.5583278485932,1249.55328987597
"BIGKAT _ P83 _ Right _ 4",11.5853096961409,-14.2134767300896,1236.73769159447,28.3853532346442,-6.0412158511828,1249.29476029363
"BIGKAT _ P83 _ Right _ 4",11.3785290709572,-14.8327961471443,1234.9972002233,28.1847535590594,-0.516321157311037,1249.95770240946
"BIGKAT _ P83 _ Right _ 4",11.2381953218481,-16.3554615672827,1232.44601016758,27.8271335706143,9.32154407862027,1251.42644930257
"BIGKAT _ P83 _ Right _ 4",11.1638597276083,-18.5241049497537,1229.37442176757,27.2119445552404,22.2425483103114,1253.48164396156
"BIGKAT _ P83 _ Right _ 4",11.1472740910308,-20.9405657091918,1226.19893340152,26.2569113543981,36.6180684995594,1255.82958256591
"BIGKAT _ P83 _ Right _ 4",11.1699934376136,-23.1230992124035,1223.40510804394,24.9573497649124,50.6191702619753,1258.14722065475
"BIGKAT _ P83 _ Right _ 4",11.2003902266328,-24.5869931097654,1221.46778278012,23.4120503277951,62.4584160036616,1260.13420124884
"BIGKAT _ P83 _ Right _ 4",11.1924184481623,-24.9320238936632,1220.76567459673,21.8028235382599,70.6381631097109,1261.5583632487
"BIGKAT _ P83 _ Right _ 4",11.0887978963261,-23.9181909233,1221.50877990678,20.3378950896644,74.1628612109331,1262.28361755922
"BIGKAT _ P83 _ Right _ 4",10.8301072644531,-21.5143683908228,1223.6933538964,19.1859333534191,72.6807662134193,1262.2768663955
"BIGKAT _ P83 _ Right _ 4",10.3688558768462,-17.910612045919,1227.09316136677,18.4295678996265,66.5338837198894,1261.59802078193
"BIGKAT _ P83 _ Right _ 4",9.68500031802052,-13.4915782040032,1231.28895892489,18.0555479454501,56.7072382081041,1260.38038248381
"BIGKAT _ P83 _ Right _ 4",8.79784607227056,-8.77541883986926,1235.73155695235,17.9801540280481,44.6813970719039,1258.8079712443
"BIGKAT _ P83 _ Right _ 4",7.76970076965789,-4.32984575896962,1239.82761713172,18.092284700971,32.2103123027941,1257.09405382694
"BIGKAT _ P83 _ Right _ 4",6.6990760275903,-0.68318192064354,1243.03235922708,18.2909506776727,21.0664162926277,1255.46274396304
"BIGKAT _ P83 _ Right _ 4",5.70467045306017,1.7505748122948,1244.93162238753,18.501523470789,12.8025744638343,1254.1331232383
"BIGKAT _ P83 _ Right _ 4",4.90423580690121,2.71971725073325,1245.29919935933,18.6703994680881,8.56615271706213,1253.30272957632
"BIGKAT _ P83 _ Right _ 4",4.39362260425127,2.15362535570313,1244.12293967073,18.750575890059,8.97342924500661,1253.12591623473
"BIGKAT _ P83 _ Right _ 4",4.23071591607672,0.159161287072212,1241.60053937584,18.6941635423797,14.0349751038333,1253.68495846398
"BIGKAT _ P83 _ Right _ 4",4.42724283629948,-2.99662553571313,1238.10953980096,18.461906606714,23.1272258960335,1254.95841995869
"BIGKAT _ P83 _ Right _ 4",4.94939765671762,-6.91370139036862,1234.15589112713,18.0482934800018,35.023940136939,1256.79884245297
"BIGKAT _ P83 _ Right _ 4",5.72640137588829,-11.0988995316918,1230.30469625062,17.5091491779487,48.012940341622,1258.93453806295
"BIGKAT _ P83 _ Right _ 4",6.66454964180661,-15.02282747074,1227.0986962249,16.9726245878584,60.1129098049235,1261.00431333743
"BIGKAT _ P83 _ Right _ 4",7.66318618855993,-18.1925654767029,1224.97487069484,16.6192259449301,69.3735438210199,1262.6213435407
"BIGKAT _ P83 _ Right _ 4",8.62900270139149,-20.2296680348092,1224.19386004288,16.6319021063088,74.2072710016863,1263.45033574054
"BIGKAT _ P83 _ Right _ 4",9.48644822355533,-20.9368201519578,1224.79699746677,17.1352651173668,73.6814672254948,1263.27725624116
"BIGKAT _ P83 _ Right _ 4",10.1840435801325,-20.3368539686011,1226.60076593049,18.1519068887039,67.7043545385199,1262.05436174426
"BIGKAT _ P83 _ Right _ 4",10.697619420796,-18.673316556372,1229.23066748487,19.5967324402955,57.0605695533869,1259.91138398216
"BIGKAT _ P83 _ Right _ 4",11.0312438732596,-16.3697467173652,1232.18845051553,21.3108374681373,43.2850327223928,1257.13242605584
"BIGKAT _ P83 _ Right _ 4",11.2155648882938,-13.9540226171696,1234.93982201319,23.1160083673444,28.4000629296444,1254.10539975755
"BIGKAT _ P83 _ Right _ 4",11.3027487702842,-11.9631830370924,1237.00514897536,24.8614723640462,14.5735074741994,1251.25580278714
"BIGKAT _ P83 _ Right _ 4",11.3577635131637,-10.8495870107261,1238.03493080943,26.4417520761671,3.77279171499177,1248.97839288329
"BIGKAT _ P83 _ Right _ 4",11.4470042122649,-10.9078118404538,1237.8564505194,27.7835646383793,-2.51892181644464,1247.57832092962
"BIGKAT _ P83 _ Right _ 4",11.6263688511836,-12.233869399531,1236.48662796008,28.8183093860824,-3.48781948875245,1247.22882849025
"BIGKAT _ P83 _ Right _ 4",11.931289422947,-14.7188798799592,1234.11448179481,29.4639760236835,0.930510725536413,1247.94883654489
"BIGKAT _ P83 _ Right _ 4",12.3707284100945,-18.0730477036435,1231.06127349999,29.6335228812005,10.0680352683953,1249.60274639456
"BIGKAT _ P83 _ Right _ 4",12.9260058278334,-21.873584751599,1227.72738069097,29.2704427605321,22.6303299414361,1251.92465004651
"BIGKAT _ P83 _ Right _ 4",13.5540711094717,-25.6294620655125,1224.53442440266,28.3945049662314,36.8832549653684,1254.56566302187
"BIGKAT _ P83 _ Right _ 4",14.1939791605687,-28.8538562377206,1221.87060576342,27.1308847826282,50.9000954329193,1257.15534548594
"BIGKAT _ P83 _ Right _ 4",14.7751157697541,-31.1325197605858,1220.04627832062,25.7008982568814,62.8315109747262,1259.36144713852
"BIGKAT _ P83 _ Right _ 4",15.2261163073541,-32.1764638696854,1219.26446963457,24.3710706287206,71.1520411607761,1260.9330760189
"BIGKAT _ P83 _ Right _ 4",15.4840363258279,-31.8522072221733,1219.60728882106,23.3787746968691,74.8457247430157,1261.72115454209
"BIGKAT _ P83 _ Right _ 4",15.5034906787767,-30.1898161937298,1221.03554397135,22.864686584668,73.5134275195322,1261.67998980408
"BIGKAT _ P83 _ Right _ 4",15.2648625624098,-27.3732854214902,1223.39756271422,22.8392777245163,67.4015667608595,1260.85829927535
"BIGKAT _ P83 _ Right _ 4",14.7798204271715,-23.717403325516,1226.44463060885,23.1957051225585,57.357568624478,1259.38623149825
"BIGKAT _ P83 _ Right _ 4",14.0921533928727,-19.6324090785757,1229.85299600925,23.7620998832957,44.7156886937577,1257.46035010317
"BIGKAT _ P83 _ Right _ 4",13.2727287146605,-15.5766033505894,1233.25376945513,24.3698937919995,31.1192922624377,1255.32503478641
"BIGKAT _ P83 _ Right _ 4",12.4089283196123,-11.9998907310331,1236.27090579574,24.9083232851012,18.2990935789958,1253.24853090872
"BIGKAT _ P83 _ Right _ 4",11.5907018264273,-9.28636423024855,1238.56423703325,25.3428475358469,7.84431347773516,1251.49475130681
"BIGKAT _ P83 _ Right _ 4",10.896696500839,-7.7070592651324,1239.87150424398,25.6940726017469,1.00909051691437,1250.2947711975
"BIGKAT _ P83 _ Right _ 4",10.3840650591352,-7.39166857364213,1240.04279692051,25.9934403028266,-1.41874832261629,1249.82152786877
"BIGKAT _ P83 _ Right _ 4",10.0842314406638,-8.32159488266337,1239.06265570457,26.2416637000255,0.815524631922704,1250.16852817916
"BIGKAT _ P83 _ Right _ 4",10.0046339571093,-10.340857870454,1237.05721608411,26.3922386541748,7.41865848368056,1251.33267361801
"BIGKAT _ P83 _ Right _ 4",10.1343449474879,-13.1796299918863,1234.28471392602,26.3690628017753,17.5780539013704,1253.20439881652
"BIGKAT _ P83 _ Right _ 4",10.4504995605237,-16.4870698812206,1231.10816306576,26.1104404727506,30.0377393021038,1255.57166910886
"BIGKAT _ P83 _ Right _ 4",10.9229639926692,-19.8720445446179,1227.9508908423,25.6179279501586,43.2292455509425,1258.14303996848
"BIGKAT _ P83 _ Right _ 4",11.5160979627182,-22.9492003085026,1225.23956364156,24.9839127683165,55.4539294920483,1260.58818310307
"BIGKAT _ P83 _ Right _ 4",12.1880288620579,-25.3843615197662,1223.34362348083,24.3802561434039,65.0958932982645,1262.58675610115
"BIGKAT _ P83 _ Right _ 4",12.8891108116648,-26.9313507048298,1222.52185279268,24.008744357555,70.8340789489077,1263.87397938119
"BIGKAT _ P83 _ Right _ 4",13.5619244093837,-27.4548435013724,1222.88488400113,24.0328376996857,71.8238285709843,1264.2749515868
"BIGKAT _ P83 _ Right _ 4",14.1448775449131,-26.939120520565,1224.37844228629,24.519285881797,67.8263876080751,1263.72553880983
"BIGKAT _ P83 _ Right _ 4",14.5800114644446,-25.4861596432064,1226.78860087508,25.4137497829408,59.2703901306526,1262.28093815416
"BIGKAT _ P83 _ Right _ 4",14.823538680254,-23.3059294172532,1229.76847183034,26.5597012381944,47.2300561391194,1260.11260838802
"BIGKAT _ P83 _ Right _ 4",14.8559893010819,-20.6985198997233,1232.88443024583,27.7512602288586,33.3077244793071,1257.49246112392
"BIGKAT _ P83 _ Right _ 4",14.6884769331173,-18.025448286221,1235.67752868187,28.7960062404667,19.4225061332939,1254.76292077752
"BIGKAT _ P83 _ Right _ 4",14.362665862811,-15.6684671409222,1237.73215135946,29.5603500286342,7.5322461276017,1252.29396499834
"BIGKAT _ P83 _ Right _ 4",13.9439766723663,-13.9780696087732,1238.74092531329,29.9807811539537,-0.660527252269141,1250.43238320152
"BIGKAT _ P83 _ Right _ 4",13.5095806441135,-13.2183068487112,1238.55435474548,30.0439158590458,-3.96262075645736,1249.45140323776
"BIGKAT _ P83 _ Right _ 4",13.1341068119842,-13.5174404539504,1237.20611115806,29.7549632739655,-1.86372429414601,1249.5087166697
"BIGKAT _ P83 _ Right _ 4",12.8763232429766,-14.834810206833,1234.90934250586,29.1181876885096,5.38849511997938,1250.61909001534
"BIGKAT _ P83 _ Right _ 4",12.7694060563238,-16.9533480758932,1232.02413608109,28.1429269616765,16.8158764526101,1252.64654109927
"BIGKAT _ P83 _ Right _ 4",12.8162504379605,-19.5040055453596,1229.00063168925,26.8711009419661,30.8390117828447,1255.32001132287
"BIGKAT _ P83 _ Right _ 4",12.9900789548797,-22.0220656539275,1226.3066131043,25.406468283612,45.4994923171855,1258.2727960276
"BIGKAT _ P83 _ Right _ 4",13.2395755221668,-24.0264976566455,1224.35244016244,23.9212675356025,58.7483035665204,1261.09929165681
"BIGKAT _ P83 _ Right _ 4",13.4971716576546,-25.1057307720049,1223.42770952644,22.6265056565329,68.7529889574304,1263.41677577321
"BIGKAT _ P83 _ Right _ 4",13.689224004652,-24.9909436522965,1223.66099249424,21.7128952093095,74.1678722425769,1264.91936847388
"BIGKAT _ P83 _ Right _ 4",13.7473485290418,-23.6024744065985,1225.00753992272,21.2876640938053,74.3217602109241,1265.41628226296
"BIGKAT _ P83 _ Right _ 4",13.6202581882469,-21.0630287051328,1227.26350510471,21.3371077354046,69.2985802478688,1264.85292032318
"BIGKAT _ P83 _ Right _ 4",13.2847012273421,-17.6785327995718,1230.10132772469,21.7338055494189,59.9061576802988,1263.31690621405
"BIGKAT _ P83 _ Right _ 4",12.7531272816673,-13.8918410956581,1233.11925183986,22.2872079707611,47.5419691394215,1261.03047794774
"BIGKAT _ P83 _ Right _ 4",12.0754734088204,-10.2169397645274,1235.89753700526,22.8164102057185,33.97631901672,1258.32826242111
"BIGKAT _ P83 _ Right _ 4",11.3334466051197,-7.1630515688975,1238.05429075932,23.2135534048689,21.0870418282377,1255.61888696871
"BIGKAT _ P83 _ Right _ 4",10.6276343529273,-5.15923870666068,1239.29484897192,23.4711234357445,10.5912520892595,1253.33172295172
"BIGKAT _ P83 _ Right _ 4",10.0599135206927,-4.49006105534299,1239.45005931562,23.6645189387079,3.81886538497336,1251.85438140103
"BIGKAT _ P83 _ Right _ 4",9.71508121450871,-5.25125870575054,1238.50031469511,23.9025657938982,1.5559652444733,1251.4693726836
"BIGKAT _ P83 _ Right _ 4",9.645865634909,-7.33174900292493,1236.58317125217,24.2716001620711,3.96379398780606,1252.29915848638
"BIGKAT _ P83 _ Right _ 4",9.86443739144987,-10.4251734525438,1233.9824775132,24.7980597104753,10.5669769255887,1254.26975468303
"BIGKAT _ P83 _ Right _ 4",10.3416128577757,-14.0710011297185,1231.09677691888,25.442673100889,20.3077485181363,1257.10455693211
"BIGKAT _ P83 _ Right _ 4",11.0128474361228,-17.7213906112314,1228.38620725325,26.1230769822455,31.6709845070412,1260.35866528544
"BIGKAT _ P83 _ Right _ 4",11.7887384098988,-20.8253574138322,1226.30168184958,26.7489183615091,42.8830846217927,1263.49548288513
"BIGKAT _ P83 _ Right _ 4",12.5676462028181,-22.9170942477613,1225.20675839449,27.2505339715867,52.1714844095236,1265.99224844143
"BIGKAT _ P83 _ Right _ 4",13.2488940245076,-23.6926073818458,1225.30794909782,27.5902712215612,58.0487718988359,1267.44643341877
"BIGKAT _ P83 _ Right _ 4",13.7458239030519,-23.0600790337856,1226.61016088315,27.758695817112,59.5685549862506,1267.65041592959
"BIGKAT _ P83 _ Right _ 4",13.9979922153937,-21.1544035272305,1228.90955800913,27.7670507745624,56.4977724345093,1266.6130503995
"BIGKAT _ P83 _ Right _ 4",13.9810526301774,-18.3131101749596,1231.82773414545,27.6461375274083,49.3637256508136,1264.52920712095
"BIGKAT _ P83 _ Right _ 4",13.7121174611114,-15.017618893312,1234.88110103527,27.4517040883312,39.3604827116341,1261.71908336769
"BIGKAT _ P83 _ Right _ 4",13.2484012586616,-11.8100774494547,1237.57052622716,27.2657138420789,28.1323415293991,1258.56552591304
"BIGKAT _ P83 _ Right _ 4",12.6781242255335,-9.20133395575084,1239.47106195927,27.1806909306831,17.4828292717144,1255.46699966216
"BIGKAT _ P83 _ Right _ 4",12.1047005085009,-7.58793798974223,1240.30207722753,27.2636256685344,9.07503098820321,1252.80568391028
"BIGKAT _ P83 _ Right _ 4",11.627331019213,-7.19361908995215,1239.96441060983,27.5107901872427,4.18454955377006,1250.91861404315
"BIGKAT _ P83 _ Right _ 4",11.3224143002905,-8.04420711888125,1238.54067939789,27.8152682395264,3.5427476887593,1250.0616350427
"BIGKAT _ P83 _ Right _ 4",11.2301784396972,-9.9775738296327,1236.263439775,27.968423739242,7.27939140433046,1250.3670080736
"BIGKAT _ P83 _ Right _ 4",11.3495498855361,-12.6845578469257,1233.46091104071,27.7048846452016,14.9549305568371,1251.80747603354
"BIGKAT _ P83 _ Right _ 4",11.6419388256415,-15.7729602508836,1230.49194948264,26.7827188391011,25.6660652648677,1254.18571705507
"BIGKAT _ P83 _ Right _ 4",12.0421662787819,-18.842834282143,1227.68271325382,25.0735430741708,38.2055149006262,1257.1635524584
"BIGKAT _ P83 _ Right _ 4",12.4730504407942,-21.5571594961143,1225.27755327241,22.62912434343,51.2500564510819,1260.32936339418
"BIGKAT _ P83 _ Right _ 4",12.8597687199752,-23.6904192906242,1223.41463449177,19.69690263776,63.5413291800137,1263.28278923404
"BIGKAT _ P83 _ Right _ 4",13.1410342106898,-25.1422660748454,1222.13102440387,16.6755737016324,74.0210931193517,1265.70608578128
"BIGKAT _ P83 _ Right _ 4",13.275731170545,-25.914722701079,1221.39334732015,14.0246187430746,81.8954820952082,1267.39873148389
"BIGKAT _ P83 _ Right _ 4",13.245037485723,-26.0647695544815,1221.14200844014,12.1570746660291,86.6303380670903,1268.27087420071
"BIGKAT _ P83 _ Right _ 4",13.0508007299813,-25.6531786862417,1221.33267108483,11.3468933506897,87.9088790323002,1268.30993099808
"BIGKAT _ P83 _ Right _ 4",12.7112626569195,-24.710820202988,1221.95934855589,11.6734478237915,85.5970203809679,1267.54365523034
"BIGKAT _ P83 _ Right _ 4",12.2554519913005,-23.2356035673273,1223.04906271263,13.0129634671335,79.7520068763272,1266.01990282163
"BIGKAT _ P83 _ Right _ 4",11.7176450901573,-21.220428306542,1224.62775784285,15.0752060166417,70.6806406313594,1263.81137112843
"BIGKAT _ P83 _ Right _ 4",11.133011770349,-18.6999154708154,1226.66875402734,17.4750739938855,59.0179153343714,1261.03872246313
"BIGKAT _ P83 _ Right _ 4",10.5348947366783,-15.7957867138165,1229.04417715785,19.8218217001381,45.7728342742974,1257.89460719212
"BIGKAT _ P83 _ Right _ 4",9.95344506665629,-12.7404530595668,1231.50174610194,21.8034074822607,32.2899981676681,1254.64963388256
"BIGKAT _ P83 _ Right _ 4",9.41498062744444,-9.86565592063795,1233.68196368722,23.242884599353,20.1057339832413,1251.63014439863
"BIGKAT _ P83 _ Right _ 4",8.94152820636102,-7.55463014410564,1235.17701434274,24.1114510380381,10.7214022932709,1249.17139644889
"BIGKAT _ P83 _ Right _ 4",8.55027373541073,-6.16750105340597,1235.61879076938,24.4979017304772,5.34881581635541,1247.55983876443
"BIGKAT _ P83 _ Right _ 4",8.25283256989048,-5.95706618561974,1234.77460619809,24.5501304599783,4.68680458954512,1246.97936311697
"BIGKAT _ P83 _ Right _ 4",8.05433676807748,-6.9950299997622,1232.62645848227,24.4132299128308,8.77033278967024,1247.47131959475
"BIGKAT _ P83 _ Right _ 4",7.95242181939839,-9.12798221112915,1229.41189383337,24.1870044597514,16.9149637064842,1248.91378526246
"BIGKAT _ P83 _ Right _ 4",7.93640428197368,-11.9783875356632,1225.61084774615,23.9149423236878,27.7714938325244,1251.02563381015
"BIGKAT _ P83 _ Right _ 4",7.98725066422066,-14.9980516543845,1221.87367055923,23.6018326793886,39.5003409899777,1253.40167748892
"BIGKAT _ P83 _ Right _ 4",8.07906032033812,-17.5694548631829,1218.90020195669,23.2447695088538,50.0581080206005,1255.58025047827
"BIGKAT _ P83 _ Right _ 4",8.1824334397784,-19.1357035644087,1217.29471950359,22.8585167528607,57.5569632627923,1257.13291345344
"BIGKAT _ P83 _ Right _ 4",8.26941883843747,-19.3278451437221,1217.43126002361,22.4833869548008,60.6252161406912,1257.75405972234
"BIGKAT _ P83 _ Right _ 4",8.31922279243625,-18.0552812309322,1219.36372599326,22.1768904025583,58.6838992261448,1257.32485145901
"BIGKAT _ P83 _ Right _ 4",8.3236612306039,-15.5337172265244,1222.80471212938,21.9997118843211,52.0687839844701,1255.93409886825
"BIGKAT _ P83 _ Right _ 4",8.29109199757554,-12.2425201916937,1227.17927764313,22.0056127882419,41.9657349185712,1253.85362030117
"BIGKAT _ P83 _ Right _ 4",8.24720175830903,-8.82314502629333,1231.74020715256,22.2361858007964,30.1767157986911,1251.47941083671
"BIGKAT _ P83 _ Right _ 4",8.23125433852688,-5.94577729585177,1235.7157341713,22.7141476450802,18.7773327001777,1249.25691338257
"BIGKAT _ P83 _ Right _ 4",8.28783827045618,-4.1774670538496,1238.45463252787,23.4302199478829,9.74762731725118,1247.60733880852
"BIGKAT _ P83 _ Right _ 4",8.45619204743746,-3.88023033658962,1239.53876929025,24.327183099162,4.64808707320232,1246.86495974794
"BIGKAT _ P83 _ Right _ 4",8.76041167501666,-5.15525172370763,1238.84581537544,25.292335493928,4.38305803583066,1247.22816228985
"BIGKAT _ P83 _ Right _ 4",9.20337993409391,-7.8359811486163,1236.55784536922,26.1696451791594,9.0667480312262,1248.72488981604
"BIGKAT _ P83 _ Right _ 4",9.76551902635492,-11.5239110201102,1233.12028309103,26.7948265462449,17.9975921412919,1251.19650325118
"BIGKAT _ P83 _ Right _ 4",10.4076569575703,-15.6572524757616,1229.1603298158,27.0445701310703,29.749175866285,1254.30827266579
"BIGKAT _ P83 _ Right _ 4",11.0763613478749,-19.6019736248641,1225.37768534589,26.881045180737,42.3822745638291,1257.59359775445
"BIGKAT _ P83 _ Right _ 4",11.7101775298579,-22.7533652086769,1222.42464053829,26.3706226440212,53.7616539336708,1260.53042838367
"BIGKAT _ P83 _ Right _ 4",12.2459146494132,-24.6337054271066,1220.79577912467,25.6651293167796,61.9294624199224,1262.63628747383
"BIGKAT _ P83 _ Right _ 4",12.6250058431982,-24.9701740948158,1220.74660238755,24.9517194821191,65.4625336165934,1263.56014133248
"BIGKAT _ P83 _ Right _ 4",12.800546251277,-23.7394853660171,1222.25467879701,24.393482514151,63.7378906417388,1263.1495729615
"BIGKAT _ P83 _ Right _ 4",12.7452978113564,-21.1713840053369,1225.02882437367,24.0868810483698,57.049551312399,1261.47881437151
"BIGKAT _ P83 _ Right _ 4",12.4596003027638,-17.7099047460826,1228.56404346089,24.051527648729,46.5515191504687,1258.83284687163
"BIGKAT _ P83 _ Right _ 4",11.9766150883293,-13.9380416793371,1232.23300765213,24.2494381581358,34.0385940701108,1255.65220339707
"BIGKAT _ P83 _ Right _ 4",11.3619773688472,-10.4784730783796,1235.39816639547,24.6160612653731,21.6128518469887,1252.4514058514
"BIGKAT _ P83 _ Right _ 4",10.7062746888975,-7.88907798764608,1237.52338612876,25.0830320667693,11.3102387454122,1249.72945135674
"BIGKAT _ P83 _ Right _ 4",10.11110639486,-6.57377832778998,1238.26341887999,25.583251829643,4.76614511697766,1247.89055781731
"BIGKAT _ P83 _ Right _ 4",9.67163641191363,-6.72447129176989,1237.51510568998,26.043913701218,2.97723834533696,1247.18715369051
"BIGKAT _ P83 _ Right _ 4",9.45971037819759,-8.30068368113957,1235.42364375388,26.3817897336237,6.18299467977781,1247.6894054049
"BIGKAT _ P83 _ Right _ 4",9.51147089910015,-11.0452773905686,1232.3463664799,26.5128915201353,13.8646893546335,1249.28167253821
"BIGKAT _ P83 _ Right _ 4",9.82210881592714,-14.5303276938321,1228.78328971648,26.378195765283,24.8494091087139,1251.68602867328
"BIGKAT _ P83 _ Right _ 4",10.3484424297645,-18.2259124357528,1225.28846493699,25.9747164696896,37.5023634832607,1254.51150074157
"BIGKAT _ P83 _ Right _ 4",11.018050961916,-21.5826167816966,1222.37896642308,25.3738033389788,49.9811413728957,1257.32193566359
"BIGKAT _ P83 _ Right _ 4",11.7422573095661,-24.1151522749096,1220.45790609334,24.7115627456793,60.5117086514866,1259.70832849135
"BIGKAT _ P83 _ Right _ 4",12.4298529368401,-25.4725922537643,1219.76343321824,24.1496508660588,67.639092832493,1261.34905245394
"BIGKAT _ P83 _ Right _ 4",12.9992399492696,-25.4835787115046,1220.34852690153,23.8210430937227,70.4137918286063,1262.04655632849
"BIGKAT _ P83 _ Right _ 4",13.3880033445531,-24.1716459495813,1222.08937253557,23.7846669744832,68.4940423030887,1261.73856029421
"BIGKAT _ P83 _ Right _ 4",13.5597490834592,-21.7423830864405,1224.71561827849,24.0095069333102,62.1628218151127,1260.48962674998
"BIGKAT _ P83 _ Right _ 4",13.5078823531063,-18.5475945953918,1227.85443692623,24.395081480044,52.2688472324743,1258.47152322286
"BIGKAT _ P83 _ Right _ 4",13.2554581619156,-15.0325782109661,1231.08111534852,24.8181811943231,40.1039511423168,1255.93847673854
"BIGKAT _ P83 _ Right _ 4",12.8503223702147,-11.6734280615962,1233.97032179355,25.1834388244159,27.2317894164437,1253.19941813749
"BIGKAT _ P83 _ Right _ 4",12.355885732293,-8.91285854512096,1236.14326465729,25.4536998384501,15.2890830321654,1250.58703024546
"BIGKAT _ P83 _ Right _ 4",11.8394844032847,-7.10414238944402,1237.30695856583,25.646784671885,5.78689241718391,1248.42398858643
"BIGKAT _ P83 _ Right _ 4",11.3613649973663,-6.47126513432657,1237.28359868937,25.8030274716054,-0.0624050484298895,1246.98838232665
"BIGKAT _ P83 _ Right _ 4",10.9671992044024,-7.08888755717139,1236.03014429629,25.9431496503463,-1.47888810562997,1246.4806873972
"BIGKAT _ P83 _ Right _ 4",10.6856742777765,-8.88052217160542,1233.64871335789,26.0404762574784,1.79117266275646,1246.99434386897
"BIGKAT _ P83 _ Right _ 4",10.5307084774802,-11.6307274417294,1230.3862750509,26.0239032843625,9.42175072576863,1248.49331731391
"BIGKAT _ P83 _ Right _ 4",10.5061141181584,-15.0082408986244,1226.61907160258,25.8127971135324,20.506064056101,1250.80323588617
"BIGKAT _ P83 _ Right _ 4",10.6098492856142,-18.5997904546664,1222.81656944885,25.3684964914393,33.6313593561291,1253.6245185397
"BIGKAT _ P83 _ Right _ 4",10.8355614800596,-21.9553499840051,1219.48382678344,24.7360882274564,47.0455622677964,1256.57246316582
"BIGKAT _ P83 _ Right _ 4",11.1705825325073,-24.6428967214046,1217.08892406775,24.0512777124058,58.9043096080907,1259.2401005096
"BIGKAT _ P83 _ Right _ 4",11.5913778718775,-26.3059691727837,1215.98927585617,23.5028139465927,67.5544286349303,1261.26937438284
"BIGKAT _ P83 _ Right _ 4",12.0591617230769,-26.7144021199843,1216.37281862338,23.2641706299398,71.7933411510018,1262.41160323118
"BIGKAT _ P83 _ Right _ 4",12.5192005035236,-25.7995016889914,1218.22628314032,23.4253957212557,71.0515744036509,1262.56229091852
"BIGKAT _ P83 _ Right _ 4",12.9064122032849,-23.6679780030572,1221.3358175312,23.9568938298631,65.4688917925762,1261.76524340741
"BIGKAT _ P83 _ Right _ 4",13.1572108986731,-20.5918195911654,1225.31854295669,24.721626364524,55.8588184349998,1260.19083709044
"BIGKAT _ P83 _ Right _ 4",13.2244001728651,-16.9738784133929,1229.67860897505,25.5295504555578,43.5739697499577,1258.09887158943
"BIGKAT _ P83 _ Right _ 4",13.0900268110242,-13.2925396131435,1233.87784089703,26.2089946589857,30.2974858942929,1255.79668942733
"BIGKAT _ P83 _ Right _ 4",12.7714813824697,-10.0335496060598,1237.40908890804,26.6628248943031,17.7973566384827,1253.59994147065
"BIGKAT _ P83 _ Right _ 4",12.3185671178203,-7.62090005732989,1239.86052447169,26.8861988479225,7.68724567437925,1251.79928386458
"BIGKAT _ P83 _ Right _ 4",11.8025515777795,-6.35907520056079,1240.96217007081,26.9428201534514,1.23158131941371,1250.63307837437
"BIGKAT _ P83 _ Right _ 4",11.3008128852467,-6.39515227397243,1240.61147732383,26.9165475961355,-0.787293344744231,1250.26423703004
"BIGKAT _ P83 _ Right _ 4",10.881568864765,-7.7033017596432,1238.88007624803,26.864547941905,1.8560431821623,1250.75933979169
"BIGKAT _ P83 _ Right _ 4",10.5923809886209,-10.0897810369719,1236.00542469695,26.7940999440341,8.80219375196962,1252.07099245891
"BIGKAT _ P83 _ Right _ 4",10.4544319882495,-13.2156940095353,1232.36835432856,26.6717771995772,19.1263888996669,1254.02931205471
"BIGKAT _ P83 _ Right _ 4",10.4627414737633,-16.6364978066385,1228.45402806936,26.4574352649412,31.4213702039875,1256.35187766515
"BIGKAT _ P83 _ Right _ 4",10.5909574064453,-19.8579620212491,1224.79429828742,26.1427341774141,43.9603997983629,1258.67906288808
"BIGKAT _ P83 _ Right _ 4",10.7984610660625,-22.405110571439,1221.89514739178,25.7711748794064,54.9358272529184,1260.63235767547
"BIGKAT _ P83 _ Right _ 4",11.0375306904204,-23.8945394228196,1220.16029965062,25.4268314963178,62.7374596142453,1261.88222651485
"BIGKAT _ P83 _ Right _ 4",11.259274594843,-24.0960509626765,1219.82616367876,25.1974190609052,66.2140221837733,1262.20708159875
"BIGKAT _ P83 _ Right _ 4",11.4184658792819,-22.9705717511406,1220.9217757191,25.1327815503171,64.8617894723477,1261.52917043188
"BIGKAT _ P83 _ Right _ 4",11.4783019923705,-20.6770113641315,1223.26197714141,25.22251450556,58.9031424496889,1259.92242934608
"BIGKAT _ P83 _ Right _ 4",11.4157705434489,-17.5474523388593,1226.47543100983,25.4051195769523,49.2429928589726,1257.59537957923
"BIGKAT _ P83 _ Right _ 4",11.2270023719439,-14.0356068077658,1230.06273305985,25.6031611245156,37.3148321495572,1254.85605202192
"BIGKAT _ P83 _ Right _ 4",10.9307561386285,-10.6478316906089,1233.47433287083,25.7646184262992,24.8484781517975,1252.06660260992
"BIGKAT _ P83 _ Right _ 4",10.5679709320995,-7.86905433203457,1236.19418801137,25.8876601624219,13.6061551946059,1249.59474133758
"BIGKAT _ P83 _ Right _ 4",10.1964140223851,-6.09634965705767,1237.81445183399,26.0158528475832,5.13621447328971,1247.76814431926
"BIGKAT _ P83 _ Right _ 4",9.88123008672247,-5.58959222976693,1238.08979747954,26.2075134099415,0.580203940537682,1246.83599551908
"BIGKAT _ P83 _ Right _ 4",9.68359701762627,-6.44287020877789,1236.96598712041,26.4967545058994,0.545670474886714,1246.93887572292
"BIGKAT _ P83 _ Right _ 4",9.65002614188079,-8.57544584482506,1234.58288131513,26.8674885200334,5.03999618056488,1248.08688801135
"BIGKAT _ P83 _ Right _ 4",9.80429813543309,-11.7396614436221,1231.25457479115,27.2544397164845,13.4607259117091,1250.14835728606
"BIGKAT _ P83 _ Right _ 4",10.1432471652162,-15.5451732852053,1227.42916234731,27.5713686021445,24.649707203795,1252.85562357302
"BIGKAT _ P83 _ Right _ 4",10.6369061665809,-19.5011363654612,1223.63080045651,27.7525110692964,37.024761693037,1255.83497014628
"BIGKAT _ P83 _ Right _ 4",11.2327452993245,-23.0767122151685,1220.38930754808,27.7853126088771,48.7909583224178,1258.66137206981
"BIGKAT _ P83 _ Right _ 4",11.862873730354,-25.7747103057947,1218.16628857277,27.7160502034815,58.2076293417643,1260.92848693471
"BIGKAT _ P83 _ Right _ 4",12.4526226414135,-27.206812705194,1217.2887289079,27.6244803000331,63.8636565897041,1262.31715209626
"BIGKAT _ P83 _ Right _ 4",12.9292845162419,-27.1563110880137,1217.89984199557,27.5811924392435,64.9066804640733,1262.64631188247
"BIGKAT _ P83 _ Right _ 4",13.2305898098584,-25.6167117929003,1219.93400997284,27.6110679707988,61.1827702156527,1261.8972171112
"BIGKAT _ P83 _ Right _ 4",13.3128862955562,-22.7991644046426,1223.11998264392,27.6825391941725,53.2624458805033,1260.20958928975
"BIGKAT _ P83 _ Right _ 4",13.1584788362799,-19.1059149297062,1227.01432997206,27.7279305893801,42.3486499802081,1257.85359415427
"BIGKAT _ P83 _ Right _ 4",12.7806020558835,-15.0713900095168,1231.0636886318,27.683144033212,30.0814586422507,1255.18411965646
"BIGKAT _ P83 _ Right _ 4",12.2239565033857,-11.2786515835627,1234.68841303081,27.5244266295501,18.2743903284974,1252.58567247289
"BIGKAT _ P83 _ Right _ 4",11.5593463550505,-8.26583141780545,1237.37365607606,27.2820024966123,8.63339289429531,1250.41741424005
"BIGKAT _ P83 _ Right _ 4",10.8726945737296,-6.44095395004049,1238.75056933637,27.0240156453868,2.51149097397889,1248.96695439983
"BIGKAT _ P83 _ Right _ 4",10.2507798384685,-6.02132527540676,1238.6526010303,26.821025627266,0.735098385690014,1248.41771073407
"BIGKAT _ P83 _ Right _ 4",9.76731053704594,-7.00652730595535,1237.13829904605,26.7110808028476,3.51268568535207,1248.83013900596
"BIGKAT _ P83 _ Right _ 4",9.47270643096163,-9.18617563079277,1234.47894850432,26.6836636011498,10.4203985057629,1250.13558490895
"BIGKAT _ P83 _ Right _ 4",9.38940237096658,-12.1783487889131,1231.11453443245,26.6900572528142,20.4589133294537,1252.14362329308
"BIGKAT _ P83 _ Right _ 4",9.51255001916257,-15.4921303214974,1227.58521919078,26.6738210537512,32.1810463370716,1254.56578909148
"BIGKAT _ P83 _ Right _ 4",9.81456714857387,-18.6058108774777,1224.44871441928,26.6044724931965,43.8860724907923,1257.05640405968
"BIGKAT _ P83 _ Right _ 4",10.2514374076001,-21.0493793371418,1222.19626051081,26.4956390315247,53.8613406583252,1259.26495947046
"BIGKAT _ P83 _ Right _ 4",10.7689975406956,-22.4773036645249,1221.18008843804,26.3976892158971,60.6347699201971,1260.88901159851
"BIGKAT _ P83 _ Right _ 4",11.3084874460091,-22.71831415421,1221.56270794237,26.3696040892202,63.195294155919,1261.7164658122
"BIGKAT _ P83 _ Right _ 4",11.8118218386847,-21.7940545953894,1223.29425138249,26.4466042809368,61.1451028914285,1261.65122836465
"BIGKAT _ P83 _ Right _ 4",12.2274781266418,-19.9056313271444,1226.12019829717,26.6218062046847,54.7611085634614,1260.7218674214
"BIGKAT _ P83 _ Right _ 4",12.517131087211,-17.3928676357902,1229.61888203155,26.8515110956571,44.9565636532457,1259.07535099344
"BIGKAT _ P83 _ Right _ 4",12.661774550586,-14.674350411553,1233.2652469662,27.0799818093026,33.1464811901953,1256.95751628257
"BIGKAT _ P83 _ Right _ 4",12.6651703641935,-12.1783152864893,1236.51299199028,27.2683558545725,21.0355532886609,1254.68147835242
"BIGKAT _ P83 _ Right _ 4",12.5527903348478,-10.275844109591,1238.88205053164,27.4100675047002,10.3637680318157,1252.58641109469
"BIGKAT _ P83 _ Right _ 4",12.3658846775166,-9.22760805471981,1240.035263733,27.5234895512895,2.65493036690199,1250.9912992627
"BIGKAT _ P83 _ Right _ 4",12.1521411314663,-9.15205331876923,1239.82982497221,27.6265388665455,-0.991305129959567,1250.14952118353
"BIGKAT _ P83 _ Right _ 4",11.9555924378304,-10.0172694379778,1238.33518533757,27.7090505617336,-0.0401550936876216,1250.20985461541
"BIGKAT _ P83 _ Right _ 4",11.8084153823793,-11.6536868131552,1235.81641494525,27.7205406097449,5.41215067796442,1251.18903616344
"BIGKAT _ P83 _ Right _ 4",11.7262635214949,-13.7826214705443,1232.68770056483,27.5831755037128,14.6481899102573,1252.96146431737
"BIGKAT _ P83 _ Right _ 4",11.7075073719243,-16.0563649211714,1229.4443427323,27.2265684218665,26.4175638623921,1255.27157962352
"BIGKAT _ P83 _ Right _ 4",11.7357842176007,-18.1065987820079,1226.58432119864,26.6286387096708,39.1022475549641,1257.77110386291
"BIGKAT _ P83 _ Right _ 4",11.7847072444211,-19.5969994794704,1224.53239430472,25.8416152800832,50.9435439185587,1260.07630434109
"BIGKAT _ P83 _ Right _ 4",11.8234193263941,-20.2730747915763,1223.57946627092,24.9881292178205,60.2970001864222,1261.83329901729
"BIGKAT _ P83 _ Right _ 4",11.8219627827225,-20.0003369722869,1223.84649576883,24.2269313911827,65.8718809955529,1262.77663975769
"BIGKAT _ P83 _ Right _ 4",11.7560724241164,-18.7834755809186,1225.27646616457,23.7029465166388,66.9160952199296,1262.7694197388
"BIGKAT _ P83 _ Right _ 4",11.6114688393685,-16.7637282320221,1227.65240581165,23.5035835348266,63.3209597238364,1261.81945917483
"BIGKAT _ P83 _ Right _ 4",11.3875309600448,-14.1962226432666,1230.63605222708,23.6391431886712,55.633995122606,1260.07207115616
"BIGKAT _ P83 _ Right _ 4",11.0995449929865,-11.4116767882716,1233.82043276204,24.0526930315662,44.9783710675437,1257.78354685684
"BIGKAT _ P83 _ Right _ 4",10.7783144341418,-8.76810017168398,1236.78896001386,24.6503926774628,32.8881147880813,1255.28112054059
"BIGKAT _ P83 _ Right _ 4",10.4663029844785,-6.59953888773682,1239.17264262057,25.3340979796194,21.0827835603688,1252.9159808798
"BIGKAT _ P83 _ Right _ 4",10.2105312228369,-5.1703205292378,1240.6964973741,26.0191704401476,11.2204723313361,1251.01635460231
"BIGKAT _ P83 _ Right _ 4",10.0536011483855,-4.64277572356566,1241.20808963792,26.6313934258202,4.67319819116623,1249.84694028208
"BIGKAT _ P83 _ Right _ 4",10.0249493535903,-5.0628301276784,1240.68582085611,27.091082238594,2.3575055514582,1249.57832148086
"BIGKAT _ P83 _ Right _ 4",10.1344839316751,-6.36273052513731,1239.22983298086,27.3011572767365,4.63310867050095,1250.2670182872
"BIGKAT _ P83 _ Right _ 4",10.3701972273177,-8.37668625408029,1237.04097393932,27.1543901537101,11.2686120057337,1251.84634531185
"BIGKAT _ P83 _ Right _ 4",10.7003816499608,-10.8650453336081,1234.39230174819,26.5644698114749,21.4720525016947,1254.13040797481
"BIGKAT _ P83 _ Right _ 4",11.0799441899198,-13.5443597232096,1231.59549252002,25.5111605655283,33.9868349220169,1256.83479177381
"BIGKAT _ P83 _ Right _ 4",11.4592330156467,-16.1213838105738,1228.96425953792,24.0785465245318,47.2488779294137,1259.61430452646
"BIGKAT _ P83 _ Right _ 4",11.7930168457267,-18.3273856197388,1226.7788048555,22.4637382018109,59.5870423981368,1262.11161218857
"BIGKAT _ P83 _ Right _ 4",12.047156601513,-19.9470878029016,1225.25677858243,20.9439924194645,69.4361954701291,1264.0059465018
"BIGKAT _ P83 _ Right _ 4",12.2013699758167,-20.8372688163339,1224.53473408791,19.8084339746439,75.5309814594412,1265.05220473206
"BIGKAT _ P83 _ Right _ 4",12.2481343196023,-20.9340944640435,1224.66018122337,19.2770202558445,77.0586411105659,1265.10633656402
"BIGKAT _ P83 _ Right _ 4",12.1893982229374,-20.2525805771912,1225.59107741254,19.436109080277,73.7613104408541,1264.1381069059
"BIGKAT _ P83 _ Right _ 4",12.0334160616808,-18.8827335693272,1227.19952176921,20.2147854213404,65.9824961578269,1262.23382145671
"BIGKAT _ P83 _ Right _ 4",11.7933229627843,-16.9843293661932,1229.27938604638,21.4115955441266,54.6484531772751,1259.58980075062
"BIGKAT _ P83 _ Right _ 4",11.487572180071,-14.778465005251,1231.56092340715,22.7623978968975,41.1722717496447,1256.4950108425
"BIGKAT _ P83 _ Right _ 4",11.1410408579167,-12.5320589435627,1233.73598063679,24.0232426896754,27.2774032579574,1253.30110970045
"BIGKAT _ P83 _ Right _ 4",10.7851588238423,-10.5327890379073,1235.49431658501,25.0354852930304,14.7596392485872,1250.38120086503
"BIGKAT _ P83 _ Right _ 4",10.4558993004374,-9.05552090550731,1236.56649997041,25.7490161211681,5.23011236832172,1248.08278041585
"BIGKAT _ P83 _ Right _ 4",10.189504086973,-8.32467637880199,1236.76514891789,26.2002562135761,-0.110475787932725,1246.68225487712
"BIGKAT _ P83 _ Right _ 4",10.0168479918349,-8.47844051456496,1236.01616670271,26.4626705358414,-0.63027713998158,1246.34685496281
"BIGKAT _ P83 _ Right _ 4",9.95792223957039,-9.54042146033098,1234.37465928198,26.5974571463622,3.65552893021471,1247.10744124093
"BIGKAT _ P83 _ Right _ 4",10.0178816738101,-11.4038766943255,1232.02368342958,26.6275170043599,12.085336977751,1248.8457067834
"BIGKAT _ P83 _ Right _ 4",10.1856350091785,-13.8336442182164,1229.25576554573,26.5433180251758,23.4282184132298,1251.30102578628
"BIGKAT _ P83 _ Right _ 4",10.435335380527,-16.4901793043257,1226.43788476861,26.3322577939464,36.0370963438272,1254.10171959034
"BIGKAT _ P83 _ Right _ 4",10.7304609958805,-18.9764264482021,1223.96244249971,26.0112179421463,48.0700255238843,1256.82002537184
"BIGKAT _ P83 _ Right _ 4",11.0295043495969,-20.9014808911207,1222.19018936341,25.6412472327869,57.7546295231904,1259.04157400962
"BIGKAT _ P83 _ Right _ 4",11.2918813007169,-21.9483579746515,1221.39419744176,25.3145517136938,63.6549221973236,1260.43418142576
"BIGKAT _ P83 _ Right _ 4",11.4828936621412,-21.9308488608498,1221.71454767444,25.1206654259669,64.8949022253247,1260.80104454751
"BIGKAT _ P83 _ Right _ 4",11.5773387481828,-20.8274997871758,1223.13138106456,25.1106588751606,61.3002950831605,1260.10893011515
"BIGKAT _ P83 _ Right _ 4",11.5619942418913,-18.7866660319182,1225.46098796113,25.2787375482642,53.4329891381521,1258.48860762513
"BIGKAT _ P83 _ Right _ 4",11.4371506746908,-16.1023821483158,1228.37684356397,25.5699707004837,42.5080825475978,1256.20971751726
"BIGKAT _ P83 _ Right _ 4",11.21678557965,-13.1656973271108,1231.45448944106,25.9075852178732,30.2020586714184,1253.6354244418
"BIGKAT _ P83 _ Right _ 4",10.926619568508,-10.4007537543222,1234.23482893792,26.2223116867555,18.3833349215329,1251.16475408081
"BIGKAT _ P83 _ Right _ 4",10.5997387401719,-8.19859782347402,1236.29515373312,26.4666887824919,8.81694581209625,1249.17249373256
"BIGKAT _ P83 _ Right _ 4",10.270557777686,-6.86208856282513,1237.31390352961,26.6088285079387,2.90136770189743,1247.95647224467
"BIGKAT _ P83 _ Right _ 4",9.96890698634506,-6.57079816199738,1237.1167677882,26.6147049892873,1.48155190019642,1247.69913060727
"BIGKAT _ P83 _ Right _ 4",9.7162516659549,-7.36753498966465,1235.69775857927,26.4357035779455,4.7571213084207,1248.44643715508
"BIGKAT _ P83 _ Right _ 4",9.52527497362411,-9.16250537641626,1233.21534360814,26.0149045203277,12.2846225216772,1250.10519268262
"BIGKAT _ P83 _ Right _ 4",9.4026349820228,-11.7500186076636,1229.96731219359,25.3141798618716,23.0645649169816,1252.45960567299
"BIGKAT _ P83 _ Right _ 4",9.35335224105802,-14.8348299236411,1226.34905605042,24.3507490309572,35.7003389707528,1255.20671306794
"BIGKAT _ P83 _ Right _ 4",9.38458690273673,-18.0669010096104,1222.80083121067,23.2231286940082,48.6071223071349,1258.00576966169
"BIGKAT _ P83 _ Right _ 4",9.50668498394767,-21.0820332283133,1219.75140217142,22.1079679836029,60.23528712823,1260.53113264018
"BIGKAT _ P83 _ Right _ 4",9.73023339185896,-23.5429759157769,1217.56658166479,21.2218291541277,69.2659005486732,1262.51597175279
"BIGKAT _ P83 _ Right _ 4",10.0593650607688,-25.1749848987874,1216.50942042368,20.759199740987,74.7454568574877,1263.77789047363
"BIGKAT _ P83 _ Right _ 4",10.4833421943985,-25.7927896601173,1216.71459308653,20.8300736538834,76.1504005682676,1264.22511935194
"BIGKAT _ P83 _ Right _ 4",10.9697701430816,-25.3196170940611,1218.17575127006,21.4212125675803,73.3954647516109,1263.84871614506
"BIGKAT _ P83 _ Right _ 4",11.4629672933664,-23.7994472325213,1220.74376310116,22.3957797714652,66.8095081689434,1262.70899178694
"BIGKAT _ P83 _ Right _ 4",11.8898131953553,-21.4005225629834,1224.13598091239,23.5319394855047,57.0947947796767,1260.92272835594
"BIGKAT _ P83 _ Right _ 4",12.1730255199477,-18.4046081591313,1227.95986054973,24.5876118390178,45.2690603885097,1258.65326109867
"BIGKAT _ P83 _ Right _ 4",12.2489166133848,-15.1767550759685,1231.75494676345,25.369371329525,32.5788146817088,1256.10119308669
"BIGKAT _ P83 _ Right _ 4",12.0844142349917,-12.116001167671,1235.05278116794,25.7812346401248,20.3774041348452,1253.49241440067
"BIGKAT _ P83 _ Right _ 4",11.6877502456798,-9.59599741872486,1237.44591435676,25.8361043822262,9.97921523080345,1251.06248264843
"BIGKAT _ P83 _ Right _ 4",11.1091624186598,-7.9103478595691,1238.6504490562,25.6278561971555,2.51601629922755,1249.03897699716
"BIGKAT _ P83 _ Right _ 4",10.4313626498889,-7.23598663242,1238.54675000966,25.2787380429913,-1.18119328013055,1247.6228539002
"BIGKAT _ P83 _ Right _ 4",9.75276919540806,-7.61994520229528,1237.19018905444,24.8861413121654,-0.66765173274708,1246.96729920576
"BIGKAT _ P83 _ Right _ 4",9.16827259140438,-8.9860135108315,1234.79309036928,24.4909173399647,4.05755934118792,1247.15272866188
"BIGKAT _ P83 _ Right _ 4",8.75235282909465,-11.1536897908756,1231.68534155399,24.0788134228378,12.5209482988338,1248.1615028604
"BIGKAT _ P83 _ Right _ 4",8.54825275352618,-13.8636174032957,1228.26303898104,23.6124407518365,23.7840752043151,1249.86197951383
"BIGKAT _ P83 _ Right _ 4",8.56516918800707,-16.8078481242002,1224.93388921127,23.0780525380407,36.5133552113066,1252.01286233345
"BIGKAT _ P83 _ Right _ 4",8.78320547871573,-19.6649408881452,1222.06713743488,22.5237822005359,49.1207983468183,1254.29285796088
"BIGKAT _ P83 _ Right _ 4",9.16349752845897,-22.1374960649745,1219.95482044061,22.0683134635975,59.9635173462824,1256.35061120434
"BIGKAT _ P83 _ Right _ 4",9.65945606388859,-23.9862331596348,1218.78873424815,21.8722296484558,67.5686180213583,1257.86222561097
"BIGKAT _ P83 _ Right _ 4",10.2253731128372,-25.0543733389753,1218.65310292648,22.0827479192587,70.8430052209674,1258.58268575551
"BIGKAT _ P83 _ Right _ 4",10.8205785005781,-25.279745342217,1219.52834764101,22.7760870149115,69.2353547442616,1258.38201345758
"BIGKAT _ P83 _ Right _ 4",11.4097014472879,-24.6964990605607,1221.29932764407,23.9230120995439,62.8304519691151,1257.26254480055
"BIGKAT _ P83 _ Right _ 4",11.9610827584,-23.4299052728584,1223.76331612577,25.3921627926934,52.3648687730128,1255.35718095569
"BIGKAT _ P83 _ Right _ 4",12.4454385005436,-21.6857745896865,1226.63790423336,26.9885615260769,39.1566256912503,1252.90997956045
"BIGKAT _ P83 _ Right _ 4",12.8358856073215,-19.7330196814213,1229.57423230905,28.5091642357202,24.9470737239865,1250.24168839423
"BIGKAT _ P83 _ Right _ 4",13.1093283292761,-17.8768797240494,1232.18292167223,29.7905152579052,11.667480988819,1247.70472596521
"BIGKAT _ P83 _ Right _ 4",13.2486707716853,-16.4224370553578,1234.0768090498,30.7292856812912,1.16329509174058,1245.63419307611
"BIGKAT _ P83 _ Right _ 4",13.2453504796416,-15.6318306451979,1234.92744249158,31.2722904062488,-5.07636390526292,1244.30230277517
"BIGKAT _ P83 _ Right _ 4",13.1018245645896,-15.6815199682829,1234.52526958295,31.3896194775859,-6.13823590546335,1243.88212465773
"BIGKAT _ P83 _ Right _ 4",12.8335237343975,-16.6267781221753,1232.83000992766,31.0528370114168,-1.82290103594268,1244.42381578697
"BIGKAT _ P83 _ Right _ 4",12.4694183382762,-18.3799597714009,1229.99839204428,30.235566106379,7.31386431830861,1245.84507662371
"BIGKAT _ P83 _ Right _ 4",12.05009605956,-20.7081917768807,1226.3797409708,28.9393352527261,20.022898165394,1247.9381755274
"BIGKAT _ P83 _ Right _ 4",11.6226076928151,-23.2548162504085,1222.47515788273,27.2309124774353,34.5260889542702,1250.39594838776
"BIGKAT _ P83 _ Right _ 4",11.2323591247308,-25.585751732882,1218.86374757031,25.2672906587292,48.7687580498427,1252.85583703682
"BIGKAT _ P83 _ Right _ 4",10.9135891349844,-27.2563759431827,1216.10827122698,23.287456990632,60.7252301101012,1254.95522961894
"BIGKAT _ P83 _ Right _ 4",10.6809508813161,-27.8884220141335,1214.6587902291,21.5657558124125,68.7073031236659,1256.38735016817
"BIGKAT _ P83 _ Right _ 4",10.5250341791129,-27.2426319912584,1214.77320725851,20.3416513875932,71.6232168428769,1256.94745448749
"BIGKAT _ P83 _ Right _ 4",10.4140693104857,-25.272787397864,1216.4689626158,19.7536737374631,69.1452450638203,1256.56263070727
"BIGKAT _ P83 _ Right _ 4",10.3024409398138,-22.1492836122682,1219.51396318937,19.8045026587801,61.7598583354764,1255.30191579854
"BIGKAT _ P83 _ Right _ 4",10.144300744901,-18.2446068161172,1223.4593365124,20.3705448406311,50.6905813335559,1253.36563641654
"BIGKAT _ P83 _ Right _ 4",9.90836789847367,-14.0793554269568,1227.71102969823,21.2498845626264,37.701679632092,1251.05509319198
"BIGKAT _ P83 _ Right _ 4",9.58912273175519,-10.2363101376215,1231.62990698621,22.2264991509469,24.8130541085685,1248.72694080256
"BIGKAT _ P83 _ Right _ 4",9.21069657561906,-7.25944610267407,1234.64185549414,23.1242533431131,13.978148372037,1246.7398292073
"BIGKAT _ P83 _ Right _ 4",8.82235647877386,-5.56006183452848,1236.33494624121,23.8334395104269,6.7851664278922,1245.40180156447
"BIGKAT _ P83 _ Right _ 4",8.48726998995825,-5.34976035803621,1236.52378868306,24.3089700722194,4.23024295429383,1244.92488179323
"BIGKAT _ P83 _ Right _ 4",8.26805467575548,-6.61109625720273,1235.270687064,24.5523314436452,6.58731375035402,1245.39068559293
"BIGKAT _ P83 _ Right _ 4",8.21304122105072,-9.10674750849004,1232.86377088143,24.5927722372516,13.3798764903536,1246.73091842732
"BIGKAT _ P83 _ Right _ 4",8.34640230972488,-12.4218398759696,1229.7596757468,24.4776323662387,23.4526827691442,1248.72878619083
"BIGKAT _ P83 _ Right _ 4",8.66383240067552,-16.0317707081167,1226.5022540534,24.2719549928961,35.1393215903588,1251.0471906171
"BIGKAT _ P83 _ Right _ 4",9.13388026676507,-19.3863513488262,1223.63100772666,24.059187169713,46.5126687549523,1253.2837148086
"BIGKAT _ P83 _ Right _ 4",9.70381128930431,-21.9980665685896,1221.59427449777,23.9328612841554,55.6869297689185,1255.04283495851
"BIGKAT _ P83 _ Right _ 4",10.3083264768684,-23.5192512479683,1220.68154640652,23.9754751162136,61.1220041268647,1256.00849865679
"BIGKAT _ P83 _ Right _ 4",10.8796099401761,-23.7935152409316,1220.98545363523,24.2314875979499,61.8746870450255,1255.99970774501
"BIGKAT _ P83 _ Right _ 4",11.3575787173278,-22.8721539490917,1222.39767730908,24.6886899767294,57.7503810566488,1254.99766368746
"BIGKAT _ P83 _ Right _ 4",11.6992174725898,-20.9943214100334,1224.6367225767,25.2803658573362,49.3286306590003,1253.14156752201
"BIGKAT _ P83 _ Right _ 4",11.8853153660371,-18.5371397153938,1227.30085561962,25.9099962470807,37.8593750527375,1250.69759563921
"BIGKAT _ P83 _ Right _ 4",11.922524591135,-15.9469999789146,1229.93647640026,26.4870850417911,25.050748417469,1248.01013592392
"BIGKAT _ P83 _ Right _ 4",11.8395024516083,-13.6658211901533,1232.11001650925,26.9554269847561,12.7906485707027,1245.44603068626
"BIGKAT _ P83 _ Right _ 4",11.6780580092997,-12.0657156264745,1233.47086799783,27.2991795835706,2.85688550633425,1243.34191125421
"BIGKAT _ P83 _ Right _ 4",11.4823686020706,-11.401988226125,1233.79563305772,27.5254310191884,-3.33283932403137,1241.96202949072
"BIGKAT _ P83 _ Right _ 4",11.2899548879731,-11.7884327099114,1233.00992640527,27.635960733069,-4.89930350702637,1241.46980861187
"BIGKAT _ P83 _ Right _ 4",11.1268997263898,-13.1930129912478,1231.1898171634,27.6068960007797,-1.5998651047698,1241.91253208725
"BIGKAT _ P83 _ Right _ 4",11.0076878848133,-15.4491084476154,1228.54738952271,27.3903323766686,6.15004211807011,1243.21762421492
"BIGKAT _ P83 _ Right _ 4",10.9382405987474,-18.2783446170779,1225.40373606609,26.9400085939889,17.3299512428037,1245.20111001712
"BIGKAT _ P83 _ Right _ 4",10.9199291612394,-21.3234923584765,1222.15102296377,26.2494882028499,30.44405587976,1247.59092840685
"BIGKAT _ P83 _ Right _ 4",10.9525741262714,-24.1907938550381,1219.20585161795,25.3821432757182,43.7232558647095,1250.0659239317
"BIGKAT _ P83 _ Right _ 4",11.0352314970096,-26.4990814652693,1216.95865001053,24.4731124039527,55.3767746780787,1252.30530682063
"BIGKAT _ P83 _ Right _ 4",11.1645597957135,-27.9300058138173,1215.72554853267,23.6959641174592,63.8516311151544,1254.03764722441
"BIGKAT _ P83 _ Right _ 4",11.3316712863211,-28.2723417984988,1215.70832705073,23.2054150614688,68.0524271309188,1255.07801531752
"BIGKAT _ P83 _ Right _ 4",11.5194011789702,-27.454340613845,1216.9657328467,23.0814061710042,67.4847258748245,1255.34697338194
"BIGKAT _ P83 _ Right _ 4",11.7022082586378,-25.5597483605814,1219.39838465981,23.3008061507105,62.3046437468107,1254.87148899569
"BIGKAT _ P83 _ Right _ 4",11.8498846471069,-22.8239649562814,1222.75050555558,23.7506182613329,53.274401467116,1253.77145097568
"BIGKAT _ P83 _ Right _ 4",11.9343291586407,-19.6075728285853,1226.63289713666,24.2773604580355,41.6346566813415,1252.23607769287
"BIGKAT _ P83 _ Right _ 4",11.9370507708707,-16.34722088496,1230.56972550888,24.7503333407405,28.9137164734282,1250.49444133994
"BIGKAT _ P83 _ Right _ 4",11.8547252813211,-13.4897044449248,1234.06542837726,25.1098819776791,16.705445921307,1248.78505016004
"BIGKAT _ P83 _ Right _ 4",11.7009940912316,-11.4221179834745,1236.67986206518,25.3794522159533,6.45741361498465,1247.32981371105
"BIGKAT _ P83 _ Right _ 4",11.5041251918312,-10.4145909779873,1238.09507827128,25.6385991139488,-0.692593922616432,1246.31558746264
"BIGKAT _ P83 _ Right _ 4",11.3014994909947,-10.5886772682408,1238.15949611252,25.972716645343,-4.01422147790157,1245.88185851162
"BIGKAT _ P83 _ Right _ 4",11.1327261716623,-11.9151433350627,1236.90283460755,26.4243339174364,-3.22449476152812,1246.10956758991
"BIGKAT _ P83 _ Right _ 4",11.0333110992135,-14.2353595999362,1234.52269671848,26.9678977395371,1.51003440854345,1247.00758307248
"BIGKAT _ P83 _ Right _ 4",11.0302175342266,-17.2960955940977,1231.34791952915,27.5188359298029,9.59719778462574,1248.49966040001
"BIGKAT _ P83 _ Right _ 4",11.1397373804094,-20.7890375700267,1227.78557125747,27.9733131240933,20.0734876260707,1250.42069887943
"BIGKAT _ P83 _ Right _ 4",11.3673284317199,-24.3900741610959,1224.25998788274,28.2616693369786,31.699713594894,1252.5311110735
"BIGKAT _ P83 _ Right _ 4",11.7086297492812,-27.7950784823891,1221.15405519362,28.3909513093426,43.0992572905653,1254.55082512646
"BIGKAT _ P83 _ Right _ 4",12.1506531496961,-30.747949443931,1218.76351780737,28.4550108299607,52.9216831075584,1256.20446162117
"BIGKAT _ P83 _ Right _ 4",12.6723079622044,-33.056294165493,1217.27240042379,28.6047231501348,60.0023196117179,1257.26391734914
"BIGKAT _ P83 _ Right _ 4",13.2441842279781,-34.5932914302864,1216.75131869865,28.9893501595486,63.4915790128006,1257.57766210935
"BIGKAT _ P83 _ Right _ 4",13.8285608708903,-35.2900226530215,1217.17297068178,29.6931752379327,62.942280154065,1257.08424355852
"BIGKAT _ P83 _ Right _ 4",14.3810680555408,-35.1268643069243,1218.43428020344,30.6932264765047,58.3569679275746,1255.81418032635
"BIGKAT _ P83 _ Right _ 4",14.8548450187278,-34.13201070864,1220.37504452603,31.8549079719404,50.2005242170026,1253.88569332317
"BIGKAT _ P83 _ Right _ 4",15.2067938951651,-32.3896416156634,1222.7882406965,32.9677998902321,39.375946541118,1251.4963793134
"BIGKAT _ P83 _ Right _ 4",15.4044358983218,-30.0525546203717,1225.42465350334,33.8093509297608,27.1515658007919,1248.90843512438
"BIGKAT _ P83 _ Right _ 4",15.4314720864973,-27.3484748365638,1228.00028917253,34.2139305964904,15.0275269102999,1246.42312096218
"BIGKAT _ P83 _ Right _ 4",15.2905063809521,-24.5690250128184,1230.21582535493,34.1221071432673,4.54382710964457,1244.34297380583
"BIGKAT _ P83 _ Right _ 4",15.0022048908844,-22.0359406051659,1231.79239993551,33.5922737273549,-2.94423152351171,1242.92659320094
"BIGKAT _ P83 _ Right _ 4",14.6010361339335,-20.0478987703984,1232.51986276138,32.7721726043827,-6.47932231677425,1242.34605532483
"BIGKAT _ P83 _ Right _ 4",14.1284597372048,-18.8193611867296,1232.30628985158,31.8442764663021,-5.65946603276188,1242.65720308351
"BIGKAT _ P83 _ Right _ 4",13.6250345523005,-18.4272713106744,1231.21410732339,30.9677506302328,-0.709821956553736,1243.78885083918
"BIGKAT _ P83 _ Right _ 4",13.1233305444717,-18.7814808445962,1229.4693534458,30.2373549317051,7.54158604104277,1245.55236303025
"BIGKAT _ P83 _ Right _ 4",12.6434801251428,-19.6307071671342,1227.43582771351,29.6693739595095,17.780303345238,1247.67057941898
"BIGKAT _ P83 _ Right _ 4",12.1925328048262,-20.6080152532922,1225.55424542555,29.2126803780275,28.400026397994,1249.82325201292
"BIGKAT _ P83 _ Right _ 4",11.7676152388767,-21.3091559024128,1224.25654030544,28.7749115822613,37.7507091244686,1251.70245631625
"BIGKAT _ P83 _ Right _ 4",11.3616153569558,-21.3861890162798,1223.87426983546,28.2524740638652,44.403493234468,1253.06610566905
"BIGKAT _ P83 _ Right _ 4",10.9692625632964,-20.6318748886334,1224.56407537827,27.5575805490151,47.3862620220947,1253.77470103178
"BIGKAT _ P83 _ Right _ 4",10.591530772738,-19.0310080283476,1226.27011719566,26.6409928265451,46.3422380510237,1253.80034206436
"BIGKAT _ P83 _ Right _ 4",10.2371487683653,-16.7639972453818,1228.73395886402,25.5106647667757,41.5751542749459,1253.20829541341
"BIGKAT _ P83 _ Right _ 4",9.92108551854489,-14.1627021290712,1231.54935135507,24.2431108581272,33.9692200654077,1252.12414093746
"BIGKAT _ P83 _ Right _ 4",9.66075144681048,-11.6333615127378,1234.24662947604,22.9802262568267,24.8053537761356,1250.70457218371
"BIGKAT _ P83 _ Right _ 4",9.47125499437677,-9.5705034987449,1236.38340947932,21.9052420112669,15.5247213610475,1249.12295879339
"BIGKAT _ P83 _ Right _ 4",9.3613246653235,-8.28537592280994,1237.61866030586,21.1992407202972,7.5015010987637,1247.56734301369
"BIGKAT _ P83 _ Right _ 4",9.33124215515516,-7.96350657098233,1237.7560652991,20.9897285175262,1.87151022474737,1246.23915593152
"BIGKAT _ P83 _ Right _ 4",9.37330764093995,-8.65349163595765,1236.75506586287,21.3085691298897,-0.569530271119304,1245.34110707066
"BIGKAT _ P83 _ Right _ 4",9.4743908493711,-10.2790272534528,1234.71751891551,22.0749036000131,0.585830553009032,1245.04991912466
"BIGKAT _ P83 _ Right _ 4",9.61955077459193,-12.6622653887183,1231.86094350769,23.1108892730302,5.33618080717407,1245.47846018751
"BIGKAT _ P83 _ Right _ 4",9.7956736554896,-15.5491031144815,1228.48690102448,24.1876453896726,13.263719316918,1246.63855701393
"BIGKAT _ P83 _ Right _ 4",9.99428937648049,-18.6333861255004,1224.94857352183,25.0888520057868,23.5461609951465,1248.41834896002
"BIGKAT _ P83 _ Right _ 4",10.212875640509,-21.582826239848,1221.61808284622,25.6724949601706,35.0094005872684,1250.585479558
"BIGKAT _ P83 _ Right _ 4",10.4540491462652,-24.0707174253311,1218.85288181281,25.9096504771689,46.2407011277478,1252.81994792681
"BIGKAT _ P83 _ Right _ 4",10.7223662094877,-25.8136252455537,1216.96133101215,25.8851327118286,55.7633830343738,1254.7703359359
"BIGKAT _ P83 _ Right _ 4",11.019293262972,-26.6096858584895,1216.16900303611,25.7583574670298,62.2488894446691,1256.11890688881
"BIGKAT _ P83 _ Right _ 4",11.3380514035102,-26.3695607163442,1216.58835804136,25.6993143122653,64.7260367477215,1256.63904466397
"BIGKAT _ P83 _ Right _ 4",11.6606702680719,-25.1336462959237,1218.19550949621,25.8257484620984,62.7471216181364,1256.23300503531
"BIGKAT _ P83 _ Right _ 4",11.9589797874438,-23.0723305242326,1220.81925198351,26.1669960389094,56.4808761130283,1254.94513000546
"BIGKAT _ P83 _ Right _ 4",12.1996112575485,-20.4684487428282,1224.14833057078,26.6674367982947,46.7144428727805,1252.95150739974
"BIGKAT _ P83 _ Right _ 4",12.3513577794763,-17.6827921166326,1227.76132195346,27.2243779753686,34.7583158994649,1250.5303934538
"BIGKAT _ P83 _ Right _ 4",12.3924137744474,-15.1060819177696,1231.17885468295,27.7399796106102,22.2628043418343,1248.01948676648
"BIGKAT _ P83 _ Right _ 4",12.3153866094409,-13.1043770826144,1233.93153810804,28.1619615918714,10.9730316879493,1245.76721271853
"BIGKAT _ P83 _ Right _ 4",12.129152359114,-11.9674428350753,1235.63159000036,28.4957671461988,2.46546831187299,1244.08530023373
"BIGKAT _ P83 _ Right _ 4",11.8578357204524,-11.8689461162458,1236.03441317352,28.786852033872,-2.08721200547262,1243.20825951212
"BIGKAT _ P83 _ Right _ 4",11.5377903043855,-12.8434492659862,1235.07901655349,29.0864363654393,-2.08741334211132,1243.26233486229
"BIGKAT _ P83 _ Right _ 4",11.2133187747297,-14.7807766080298,1232.90121352799,29.4199027166967,2.39814723230899,1244.24471847134
"BIGKAT _ P83 _ Right _ 4",10.9314217023034,-17.4365127831778,1229.81799869004,29.7727415775914,10.6379266289697,1246.01537986114
"BIGKAT _ P83 _ Right _ 4",10.7356777380481,-20.4584116583856,1226.28445352669,30.0982624625821,21.3265657223192,1248.30698626301
"BIGKAT _ P83 _ Right _ 4",10.6596550390567,-23.429394671039,1222.82755119142,30.3397730523074,32.7650092589304,1250.75837090695
"BIGKAT _ P83 _ Right _ 4",10.7207776634432,-25.9255454004954,1219.96556765973,30.453143433559,43.1133523839001,1252.97118123703
"BIGKAT _ P83 _ Right _ 4",10.9159628348291,-27.5821996619549,1218.12606406931,30.4174401562767,50.68067895479,1254.58016563875
"BIGKAT _ P83 _ Right _ 4",11.2204411019645,-28.1562225894267,1217.57698339414,30.2308177633691,54.2019916617954,1255.3206897261
"BIGKAT _ P83 _ Right _ 4",11.5908907078842,-27.5712930631519,1218.38327417763,29.8997544823097,53.0510163017733,1255.07676635979
"BIGKAT _ P83 _ Right _ 4",11.9731948099402,-25.9361845744886,1220.39666250769,29.4341787404496,47.3488789170756,1253.89906718076
"BIGKAT _ P83 _ Right _ 4",12.3136945692942,-23.5317475385096,1223.28035825126,28.8556804859508,37.9475305870108,1251.9913465015
"BIGKAT _ P83 _ Right _ 4",12.5711824612438,-20.7683487710768,1226.56457302409,28.2144758529962,26.2894833934969,1249.6712064164
"BIGKAT _ P83 _ Right _ 4",12.7259802644542,-18.1208779667534,1229.72325391705,27.6013050632706,14.1695856772149,1247.31510605176
"BIGKAT _ P83 _ Right _ 4",12.7830530307889,-16.052633299304,1232.25836420784,27.1402750156892,3.44512154167956,1245.29824656252
"BIGKAT _ P83 _ Right _ 4",12.7681614717306,-14.9414162702858,1233.7769496225,26.9587573574264,-4.2514237930095,1243.93839671966
"BIGKAT _ P83 _ Right _ 4",12.7186077730166,-15.0198386054429,1234.04901311514,27.1442788298125,-7.75216125543539,1243.44975782399
"BIGKAT _ P83 _ Right _ 4",12.6719380591199,-16.3376119204272,1233.03957797589,27.706984261299,-6.52135475295691,1243.91020354532
"BIGKAT _ P83 _ Right _ 4",12.6562123073501,-18.7489567015682,1230.91320833996,28.5651680193856,-0.740774925472461,1245.24465006566
"BIGKAT _ P83 _ Right _ 4",12.6842278554103,-21.9257944772733,1228.01160827788,29.5620248301792,8.69575621440401,1247.22898591837
"BIGKAT _ P83 _ Right _ 4",12.7522586665053,-25.3971299753542,1224.80567540194,30.5085894782128,20.2914495379154,1249.51984946728
"BIGKAT _ P83 _ Right _ 4",12.8424134238659,-28.6141223244454,1221.82530870667,31.2359663385235,32.1657397468674,1251.71161763543
"BIGKAT _ P83 _ Right _ 4",12.9270569432968,-31.0357335928613,1219.5747965366,31.6351061644242,42.3652301510145,1253.412604143
"BIGKAT _ P83 _ Right _ 4",12.973827241848,-32.2220915947882,1218.44710004334,31.6687870841104,49.2137019490267,1254.32245322401
"BIGKAT _ P83 _ Right _ 4",12.9504140597688,-31.9165325123345,1218.65347925581,31.3561237407252,51.6241741236026,1254.28921213379
"BIGKAT _ P83 _ Right _ 4",12.8290930487416,-30.0973609519187,1220.18351813533,30.7453091832868,49.2968655717984,1253.33079159455
"BIGKAT _ P83 _ Right _ 4",12.5914399844929,-26.9870288226895,1222.80490620921,29.8945956961352,42.7543300070674,1251.61799602522
"BIGKAT _ P83 _ Right _ 4",12.2332190887094,-23.0163899383083,1226.10396032351,28.8717835601158,33.2088465927769,1249.4284628546
"BIGKAT _ P83 _ Right _ 4",11.7683646602992,-18.7515871296717,1229.55882484108,27.7663576041228,22.3028013290759,1247.08797570149
"BIGKAT _ P83 _ Right _ 4",11.2301714350198,-14.7989703300976,1232.62987177013,26.6980193158761,11.7951175585373,1244.91609557796
"BIGKAT _ P83 _ Right _ 4",10.6681835301644,-11.7075111706193,1234.84846639935,25.8077622332568,3.27268975314596,1243.18737511531
"BIGKAT _ P83 _ Right _ 4",10.1408376638268,-9.88699450583209,1235.88744532271,25.2297957908299,-2.0583521162895,1242.11008917846
"BIGKAT _ P83 _ Right _ 4",9.70568133812762,-9.55421005844305,1235.60345398949,25.0550768282987,-3.48776703112702,1241.81608913011
"BIGKAT _ P83 _ Right _ 4",9.40983662826947,-10.7113244895248,1234.04923822206,25.3023950147417,-0.842456189240842,1242.35282826511
"BIGKAT _ P83 _ Right _ 4",9.28299443714834,-13.1542489352976,1231.45931316047,25.9097646401947,5.51854297595873,1243.67322419634
"BIGKAT _ P83 _ Right _ 4",9.33410664969865,-16.5060523547101,1228.21398688796,26.7505065711378,14.7438152312279,1245.62746393897
"BIGKAT _ P83 _ Right _ 4",9.55176890159927,-20.270385359432,1224.78631613582,27.6684651685775,25.574135443125,1247.96710689923
"BIGKAT _ P83 _ Right _ 4",9.90739539689095,-23.8997660704183,1221.67681638819,28.5184743341496,36.4885210746424,1250.37104424442
"BIGKAT _ P83 _ Right _ 4",10.35976264479,-26.8715406033703,1219.34276865146,29.1953505589853,45.9126651979638,1252.49450081103
"BIGKAT _ P83 _ Right _ 4",10.859493833926,-28.7613407083217,1218.13165008919,29.640531868376,52.4625637595496,1254.0309731153
"BIGKAT _ P83 _ Right _ 4",11.3527859138564,-29.3028211813919,1218.22924053007,29.8283146523574,55.1743437130458,1254.769764982
"BIGKAT _ P83 _ Right _ 4",11.7849521533587,-28.4248575402835,1219.63101237029,29.7458184610842,53.6680596383252,1254.63273413186
"BIGKAT _ P83 _ Right _ 4",12.1052394646032,-26.26162459812,1222.14145943625,29.3839434580544,48.2078599976194,1253.68162807085
"BIGKAT _ P83 _ Right _ 4",12.2738587600615,-23.1345186220553,1225.40193973475,28.7481740473587,39.6452532636748,1252.09729673769
"BIGKAT _ P83 _ Right _ 4",12.2702863561228,-19.5072812922821,1228.94394608308,27.88332898238,29.2589457727966,1250.13981347729
"BIGKAT _ P83 _ Right _ 4",12.0999812760658,-15.9186185069397,1232.26068461773,26.8946686371853,18.5290543794919,1248.10190268495
"BIGKAT _ P83 _ Right _ 4",11.7962008784639,-12.901093522493,1234.88548024055,25.9468777698126,8.89904211138849,1246.26687069178
"BIGKAT _ P83 _ Right _ 4",11.4150809017549,-10.8994532629838,1236.46284945974,25.2332766385583,1.577087395379,1244.87752454942
"BIGKAT _ P83 _ Right _ 4",11.0248186233161,-10.2028838328007,1236.79933518157,24.9234526574185,-2.592881003957,1244.1162615529
"BIGKAT _ P83 _ Right _ 4",10.6921605230336,-10.9028698722546,1235.8863108432,25.1090093844153,-3.19080052454448,1244.09166100597
"BIGKAT _ P83 _ Right _ 4",10.4701926190268,-12.8830307410899,1233.89327048065,25.7690250050619,-0.231444653766429,1244.82665627066
"BIGKAT _ P83 _ Right _ 4",10.3904805883773,-15.842007544514,1231.1348101797,26.7698751868637,5.85428838934321,1246.24820756278
"BIGKAT _ P83 _ Right _ 4",10.4607433466386,-19.3462134696846,1228.01697471992,27.9020006746857,14.2669667449412,1248.18493034694
"BIGKAT _ P83 _ Right _ 4",10.6675012870261,-22.9052448602186,1224.97039648098,28.9426440501217,23.9303114067753,1250.38213539387
"BIGKAT _ P83 _ Right _ 4",10.9820440570943,-26.0578765373165,1222.38012251784,29.7225697311629,33.6391894323007,1252.53968727212
"BIGKAT _ P83 _ Right _ 4",11.3676346377543,-28.4517020962902,1220.5245641974,30.1716141532338,42.2522753677356,1254.36801038525
"BIGKAT _ P83 _ Right _ 4",11.7860464498247,-29.8980974356314,1219.53614337359,30.3262602141266,48.8885661477324,1255.64727218996
"BIGKAT _ P83 _ Right _ 4",12.2022797094069,-30.3894268058708,1219.39216366467,30.2994252228407,53.0732668607038,1256.27098236534
"BIGKAT _ P83 _ Right _ 4",12.5873194221484,-30.0762680187855,1219.93709678181,30.2289386542451,54.7902235192829,1256.26032687937
"BIGKAT _ P83 _ Right _ 4",12.9195211890776,-29.2139316031589,1220.92958990084,30.2277710365142,54.4284328808483,1255.74622442098
"BIGKAT _ P83 _ Right _ 4",13.1853023673202,-28.0948518005051,1222.10157535248,30.353917271139,52.6439754693994,1254.92684993322
