"fileName","thumb_y","thumb_x","thumb_z","finger_y","finger_x","finger_z"
"BIGKAT _ P70 _ Left _ 1",159.614885945148,40.1002134144023,1237.43752350345,140.950961993973,52.436708024317,1234.55076870765
"BIGKAT _ P70 _ Left _ 1",159.610969634531,40.0698921572358,1237.42152098046,140.9566529481,52.4170915459236,1234.54209700071
"BIGKAT _ P70 _ Left _ 1",159.6277087844,40.0538080685032,1237.40911963206,140.985000985025,52.4027221232413,1234.51270510427
"BIGKAT _ P70 _ Left _ 1",159.671139198736,40.0656052776525,1237.40814399605,141.039225149932,52.4013024789872,1234.46014348878
"BIGKAT _ P70 _ Left _ 1",159.742505777522,40.1173983823286,1237.4278068019,141.1167083951,52.4202927399599,1234.38682187981
"BIGKAT _ P70 _ Left _ 1",159.836141786904,40.2157754157465,1237.47710512367,141.207642324894,52.4645869155432,1234.30067467566
"BIGKAT _ P70 _ Left _ 1",159.938720085733,40.3580202712713,1237.56276166508,141.295466163062,52.5340601917185,1234.21411803122
"BIGKAT _ P70 _ Left _ 1",160.030608344612,40.5298813599127,1237.68708150021,141.359610191776,52.6217499127549,1234.14100668682
"BIGKAT _ P70 _ Left _ 1",160.089537739649,40.7061581917088,1237.8461617694,141.380353001292,52.7135158549025,1234.09204317034
"BIGKAT _ P70 _ Left _ 1",160.096004265874,40.8547464852359,1238.02890079821,141.344699561132,52.7897715785273,1234.0699986077
"BIGKAT _ P70 _ Left _ 1",160.039073405297,40.9436173666462,1238.21721984257,141.251477293015,52.8292526796782,1234.0666904488
"BIGKAT _ P70 _ Left _ 1",159.920890707527,40.9489333475765,1238.38771834369,141.113744774473,52.8140103382959,1234.06341085075
"BIGKAT _ P70 _ Left _ 1",159.758360808134,40.8617823029888,1238.51458827937,140.95727865238,52.7342710018035,1234.03533168425
"BIGKAT _ P70 _ Left _ 1",159.581078471627,40.6912992682821,1238.57331916004,140.815147905896,52.5917337994247,1233.95884100157
"BIGKAT _ P70 _ Left _ 1",159.425513778549,40.4631500298898,1238.54483053584,140.7197163986,52.4002591368631,1233.81950832879
"BIGKAT _ P70 _ Left _ 1",159.326481681462,40.2138598181211,1238.41985281641,140.69428196197,52.1835678050646,1233.61796903941
"BIGKAT _ P70 _ Left _ 1",159.307848035256,39.9825887462266,1238.20301231743,140.746618201478,51.9703594445987,1233.37170010472
"BIGKAT _ P70 _ Left _ 1",159.374988416106,39.8023875164059,1237.91522137076,140.866009811392,51.7879932534384,1233.11217402896
"BIGKAT _ P70 _ Left _ 1",159.511450753066,39.6928887242492,1237.59250102828,141.024407021155,51.6563179514132,1232.87838801242
"BIGKAT _ P70 _ Left _ 1",159.681377156353,39.6560730261619,1237.28003160263,141.181514408353,51.5832254357714,1232.70842923188
"BIGKAT _ P70 _ Left _ 1",159.83761200325,39.6762412329613,1237.02199900677,141.293051112813,51.5630763344117,1232.6305577163
"BIGKAT _ P70 _ Left _ 1",159.933599028046,39.7245019065338,1236.84991047224,141.320830510538,51.5784848918261,1232.65515157912
"BIGKAT _ P70 _ Left _ 1",159.935859386934,39.7669348995109,1236.7733962516,141.242593751008,51.6051856689971,1232.76941345933
"BIGKAT _ P70 _ Left _ 1",159.83348713145,39.7743976593862,1236.77727050777,141.059020794768,51.6189210422259,1232.93734450209
"BIGKAT _ P70 _ Left _ 1",159.641776766624,39.7312077066381,1236.82668521311,140.795556489605,51.6026591306052,1233.10679350792
"BIGKAT _ P70 _ Left _ 1",159.398682054202,39.6400632371477,1236.87916704257,140.497833139117,51.5521929356237,1233.22295914964
"BIGKAT _ P70 _ Left _ 1",159.154918746043,39.5215843244737,1236.89937837737,140.221261579243,51.4783961114731,1233.24470505672
"BIGKAT _ P70 _ Left _ 1",158.960459922148,39.4084583618613,1236.87112509101,140.0172347664,51.4051349808146,1233.15815468037
"BIGKAT _ P70 _ Left _ 1",158.851228664806,39.3358580129443,1236.80228342479,139.919703247267,51.3629996874041,1232.98235061759
"BIGKAT _ P70 _ Left _ 1",158.839702883935,39.3309817736554,1236.72121252609,139.936097209714,51.3803494866407,1232.76430678283
"BIGKAT _ P70 _ Left _ 1",158.912050370468,39.4047733302305,1236.66626211483,140.045479643187,51.4741760164741,1232.56459780168
"BIGKAT _ P70 _ Left _ 1",159.032608757695,39.5480726262792,1236.67205653656,140.204690368961,51.6435343724542,1232.43822040122
"BIGKAT _ P70 _ Left _ 1",159.15444712209,39.7330973345714,1236.75700538046,140.360747934454,51.8676553367555,1232.41735826454
"BIGKAT _ P70 _ Left _ 1",159.232966358888,39.9198077850523,1236.9159491021,140.465794085041,52.1095579326604,1232.50197048875
"BIGKAT _ P70 _ Left _ 1",159.238576024991,40.0656387725631,1237.12020104052,140.4901504007,52.3244426563005,1232.66101537507
"BIGKAT _ P70 _ Left _ 1",159.164764919494,40.1363151508556,1237.32504120345,140.429805077374,52.4707807105093,1232.84316521602
"BIGKAT _ P70 _ Left _ 1",159.029303131816,40.1150904509158,1237.48257116849,140.306422938675,52.5211648985397,1232.99298617406
"BIGKAT _ P70 _ Left _ 1",158.868404028838,40.0079465615408,1237.55615163454,140.160127409742,52.4699044547716,1233.06756156267
"BIGKAT _ P70 _ Left _ 1",158.72574981894,39.8431436201003,1237.53186480793,140.037310728859,52.3351139373039,1233.04892756749
"BIGKAT _ P70 _ Left _ 1",158.639704176291,39.6648826311935,1237.42320249967,139.977106789801,52.1545038347738,1232.94885966405
"BIGKAT _ P70 _ Left _ 1",158.63240922434,39.5224444905119,1237.2675244956,140.000441253568,51.9758423936925,1232.80454710417
"BIGKAT _ P70 _ Left _ 1",158.703749922214,39.4575433001217,1237.11570295659,140.104583515413,51.8446018529248,1232.66656038848
"BIGKAT _ P70 _ Left _ 1",158.831648999906,39.4932782568874,1237.01840604854,140.264267349024,51.7921263492803,1232.58331098814
"BIGKAT _ P70 _ Left _ 1",158.978325798076,39.6277267067065,1237.01303521221,140.438545607831,51.8275100490273,1232.58733482551
"BIGKAT _ P70 _ Left _ 1",159.100549707607,39.8340061551317,1237.11458861238,140.581278002771,51.9353505881307,1232.68745787859
"BIGKAT _ P70 _ Left _ 1",159.160965445458,40.066887369472,1237.31227886126,140.652635166524,52.0799750912952,1232.86816010961
"BIGKAT _ P70 _ Left _ 1",159.137498961887,40.2742057915448,1237.57220960148,140.62898894381,52.2150286027822,1233.09495354116
"BIGKAT _ P70 _ Left _ 1",159.028625486068,40.4099466705261,1237.84514482482,140.508910271187,52.2958952282061,1233.32334801771
"BIGKAT _ P70 _ Left _ 1",158.85351896056,40.4454756926696,1238.0774756611,140.31377936182,52.2916812717992,1233.50891497842
"BIGKAT _ P70 _ Left _ 1",158.647333417361,40.3760577388858,1238.22295047701,140.082740824974,52.1936109664693,1233.61647625446
"BIGKAT _ P70 _ Left _ 1",158.45283364432,40.2212007876881,1238.25265325761,139.863186463653,52.0175709895131,1233.62700639184
"BIGKAT _ P70 _ Left _ 1",158.310250246995,40.0189937456661,1238.16119598969,139.699187691869,51.799983465517,1233.54126825105
"BIGKAT _ P70 _ Left _ 1",158.247600568185,39.8160824495381,1237.96804558507,139.620863358137,51.5879766430152,1233.37965540485
"BIGKAT _ P70 _ Left _ 1",158.27376469453,39.6559370680903,1237.71384763565,139.63734721247,51.4265509571236,1233.17828031717
"BIGKAT _ P70 _ Left _ 1",158.376174813319,39.5683802926332,1237.452221581,139.735005970913,51.3464558118564,1232.98184365044
"BIGKAT _ P70 _ Left _ 1",158.523914053484,39.5629018035005,1237.23816165372,139.88125764977,51.3562977957133,1232.83416717347
"BIGKAT _ P70 _ Left _ 1",158.675532587287,39.6272291047624,1237.11524884097,140.03305651799,51.4410248837528,1232.76777147336
"BIGKAT _ P70 _ Left _ 1",158.789545503557,39.7312837085178,1237.10488233827,140.148006898979,51.5669181364833,1232.79471524484
"BIGKAT _ P70 _ Left _ 1",158.834883782742,39.8353837055846,1237.20077703723,140.195328511208,51.6913393187244,1232.90156950364
"BIGKAT _ P70 _ Left _ 1",158.798669829512,39.9006312587794,1237.37065293427,140.163781423787,51.774339527105,1233.05104466245
"BIGKAT _ P70 _ Left _ 1",158.6894484733,39.8990014167978,1237.56478341407,140.064352900378,51.7890148386832,1233.19111195687
"BIGKAT _ P70 _ Left _ 1",158.535153971074,39.8207445297354,1237.72888019297,139.926938856127,51.7280360687372,1233.2698655427
"BIGKAT _ P70 _ Left _ 1",158.37631084949,39.6772601984729,1237.81767752395,139.792013424569,51.6048443517877,1233.25176522395
"BIGKAT _ P70 _ Left _ 1",158.256027767886,39.4985723319091,1237.80575312626,139.699735740909,51.4493918280427,1233.12958619014
"BIGKAT _ P70 _ Left _ 1",158.209159065486,39.3258837186247,1237.69302260733,139.679541447105,51.2997467406768,1232.92749225529
"BIGKAT _ P70 _ Left _ 1",158.253407640387,39.2010856530929,1237.50356237436,139.742874152428,51.191964608695,1232.69398534915
"BIGKAT _ P70 _ Left _ 1",158.384820507,39.1559843247673,1237.27803804759,139.880654733752,51.1509685008175,1232.48740142612
"BIGKAT _ P70 _ Left _ 1",158.578967389268,39.2040286891288,1237.06190319518,140.0658512923,51.1846967424303,1232.35910472345
"BIGKAT _ P70 _ Left _ 1",158.797423494611,39.3365839189144,1236.89297255651,140.260417992071,51.2827261300148,1232.33962537444
"BIGKAT _ P70 _ Left _ 1",158.997640290273,39.5246262375718,1236.7921716758,140.424968728701,51.4193708243284,1232.43124605645
"BIGKAT _ P70 _ Left _ 1",159.143454993808,39.7254462407328,1236.75995945153,140.528837621859,51.560236368914,1232.60827509778
"BIGKAT _ P70 _ Left _ 1",159.213548560713,39.8927742596758,1236.77873627316,140.557899370888,51.6705380499229,1232.82427129559
"BIGKAT _ P70 _ Left _ 1",159.205893506352,39.9878862015709,1236.81971897044,140.518042637808,51.7231969925894,1233.02387328626
"BIGKAT _ P70 _ Left _ 1",159.137302052659,39.9889169632783,1236.85199563854,140.433441225676,51.7048460837886,1233.15583386755
"BIGKAT _ P70 _ Left _ 1",159.038383927277,39.8959802070883,1236.85139524393,140.340184915946,51.6184376060677,1233.18395398135
"BIGKAT _ P70 _ Left _ 1",158.945353740629,39.7307588784039,1236.80694722256,140.276935353428,51.4819825858181,1233.09382272303
"BIGKAT _ P70 _ Left _ 1",158.890865377422,39.5307047850863,1236.72326299045,140.274938183592,51.3238083355393,1232.89470788656
"BIGKAT _ P70 _ Left _ 1",158.896154359791,39.3394512190247,1236.61835241435,140.349873211566,51.1754781222393,1232.61692997537
"BIGKAT _ P70 _ Left _ 1",158.966277267461,39.1960842212738,1236.51783207124,140.49751337737,51.0641181170914,1232.30565894193
"BIGKAT _ P70 _ Left _ 1",159.089354447809,39.1261610694956,1236.44756564178,140.694081979263,51.0061189127988,1232.01252772856
"BIGKAT _ P70 _ Left _ 1",159.239713022947,39.13666970316,1236.4270056676,140.900996457621,51.0037833686354,1231.78671446888
"BIGKAT _ P70 _ Left _ 1",159.383989259447,39.2158009003482,1236.46481550324,141.072806778728,51.0456030413821,1231.66708878359
"BIGKAT _ P70 _ Left _ 1",159.488758005292,39.337058429516,1236.55728704312,141.166669500044,51.1099078374732,1231.67664656038
"BIGKAT _ P70 _ Left _ 1",159.528086509673,39.4663236590157,1236.68932882835,141.151539421625,51.1709389149148,1231.8198193054
"BIGKAT _ P70 _ Left _ 1",159.489488802744,39.5701053561813,1236.83754807404,141.01535113505,51.2059060623812,1232.08253601178
"BIGKAT _ P70 _ Left _ 1",159.377063093496,39.6231860432484,1236.97489159358,140.768763620345,51.2012780659573,1232.434532149
"BIGKAT _ P70 _ Left _ 1",159.211097827992,39.6140873626921,1237.07618619958,140.44452648571,51.1565782075599,1232.8334456922
"BIGKAT _ P70 _ Left _ 1",159.024081450627,39.5472081266418,1237.12365782682,140.092262225919,51.084453294101,1233.23028756058
"BIGKAT _ P70 _ Left _ 1",158.85379637172,39.4411840237961,1237.11119022893,139.769442835858,51.0067303371087,1233.5756715497
"BIGKAT _ P70 _ Left _ 1",158.734917138038,39.3239375463751,1237.04600538153,139.530303189193,50.9474417661989,1233.82608513429
"BIGKAT _ P70 _ Left _ 1",158.691055633975,39.2257906606832,1236.94695565938,139.415021439249,50.9250568871286,1233.94965427139
"BIGKAT _ P70 _ Left _ 1",158.729232723866,39.1725127094784,1236.83971323116,139.441543463462,50.9467347745229,1233.93087370562
"BIGKAT _ P70 _ Left _ 1",158.838185309412,39.1800102233833,1236.75032216699,139.601925884677,51.0066586584474,1233.77347976923
"BIGKAT _ P70 _ Left _ 1",158.990945767347,39.2516380666536,1236.69913760421,139.864076811641,51.0885972908879,1233.50056838804
"BIGKAT _ P70 _ Left _ 1",159.151119941423,39.3782253942243,1236.69678682268,140.178510572725,51.1710165865673,1233.15154448289
"BIGKAT _ P70 _ Left _ 1",159.281444390597,39.5402822352129,1236.74280291585,140.488590921896,51.2325752698412,1232.77618840944
"BIGKAT _ P70 _ Left _ 1",159.352597790187,39.7116623917538,1236.82668547649,140.742030072905,51.2566127415726,1232.42663685855
"BIGKAT _ P70 _ Left _ 1",159.350051911697,39.8640681802733,1236.93076038112,140.901221872663,51.2341964009707,1232.14842787349
"BIGKAT _ P70 _ Left _ 1",159.277189672894,39.971909382543,1237.0342341661,140.950229953544,51.165704167394,1231.97220292701
"BIGKAT _ P70 _ Left _ 1",159.153941776907,40.017021380579,1237.11780314332,140.896841754895,51.06087302112,1231.90814108959
"BIGKAT _ P70 _ Left _ 1",159.011411539722,39.9925972714887,1237.16783253065,140.769083865532,50.9371468796998,1231.945081727
"BIGKAT _ P70 _ Left _ 1",158.883932199259,39.9053770033163,1237.17884197221,140.606977650749,50.8162850550625,1232.05495648177
"BIGKAT _ P70 _ Left _ 1",158.800524920568,39.7748643322404,1237.15343421043,140.451714663506,50.7196385963042,1232.20106246996
"BIGKAT _ P70 _ Left _ 1",158.777785509782,39.6287840416308,1237.0999436802,140.335202595884,50.6631210993396,1232.34727980948
"BIGKAT _ P70 _ Left _ 1",158.81584986397,39.4955581779519,1237.02923585924,140.272738078542,50.6533057250947,1232.46548591842
"BIGKAT _ P70 _ Left _ 1",158.898347819576,39.3963998995924,1236.95233250515,140.260581885951,50.6859136306104,1232.53971895374
"BIGKAT _ P70 _ Left _ 1",158.996332659667,39.3401469417011,1236.87966824949,140.278811401971,50.7472372484429,1232.56703601321
"BIGKAT _ P70 _ Left _ 1",159.075285021983,39.3226859088632,1236.82157714918,140.298368576659,50.8181163333384,1232.55587408348
"BIGKAT _ P70 _ Left _ 1",159.103613405126,39.3307340091207,1236.78893130024,140.290159498099,50.8792981464108,1232.52297461955
"BIGKAT _ P70 _ Left _ 1",159.06074717142,39.3481205078659,1236.79283470291,140.233765847339,50.9165743586716,1232.48966057651
"BIGKAT _ P70 _ Left _ 1",158.942997049482,39.3621387258141,1236.84265741572,140.12373611057,50.924167606935,1232.47774222176
"BIGKAT _ P70 _ Left _ 1",158.765779180876,39.3679260209937,1236.94245338198,139.972142508828,50.9054699074138,1232.5050860511
"BIGKAT _ P70 _ Left _ 1",158.561469015942,39.3697528180898,1237.08692746721,139.80687113212,50.8711303310917,1232.58115338265
"BIGKAT _ P70 _ Left _ 1",158.373015857126,39.3791333562285,1237.25906490196,139.66595556203,50.8352479434564,1232.70333831589
"BIGKAT _ P70 _ Left _ 1",158.244427326501,39.4105429634036,1237.43141769187,139.589088974658,50.8108790419663,1232.85535443728
"BIGKAT _ P70 _ Left _ 1",158.210162712676,39.4760957561094,1237.57154960099,139.608032559221,50.8062670044423,1233.00897248836
"BIGKAT _ P70 _ Left _ 1",158.28608010144,39.5807212406462,1237.65012303891,139.737902656259,50.8231044549287,1233.12970993515
"BIGKAT _ P70 _ Left _ 1",158.464492354602,39.7191932311349,1237.64888027386,139.971360803625,50.8575427278408,1233.1855105744
"BIGKAT _ P70 _ Left _ 1",158.71488872211,39.8759093068062,1237.56593137591,140.27747893944,50.9035861945454,1233.15584887215
"BIGKAT _ P70 _ Left _ 1",158.990250790796,40.0276842553923,1237.41691680434,140.606232091896,50.9574308016669,1233.03822988965
"BIGKAT _ P70 _ Left _ 1",159.237317782817,40.1490537181928,1237.2319755858,140.898142830532,51.0208798717528,1232.85003535405
"BIGKAT _ P70 _ Left _ 1",159.408240241567,40.2187967416031,1237.0494652157,141.097039666521,51.1024447221723,1232.62532202784
"BIGKAT _ P70 _ Left _ 1",159.470955744149,40.2258662253095,1236.90793745431,141.162878212066,51.2157387655236,1232.40755962465
"BIGKAT _ P70 _ Left _ 1",159.416087458927,40.1729697751366,1236.83812391761,141.081453289045,51.375692160806,1232.24007332837
"BIGKAT _ P70 _ Left _ 1",159.258912725861,40.0766834557848,1236.8566826279,140.868479485874,51.5936496866637,1232.1563539833
"BIGKAT _ P70 _ Left _ 1",159.035860367579,39.9639410205926,1236.9630917468,140.566717542193,51.8726501593534,1232.17252005217
"BIGKAT _ P70 _ Left _ 1",158.796091148444,39.8657442709385,1237.14033400581,140.236475201672,52.2042323920334,1232.28380481052
"BIGKAT _ P70 _ Left _ 1",158.589942103872,39.8097318192069,1237.35910558406,139.941664688529,52.5678776819268,1232.46590583177
"BIGKAT _ P70 _ Left _ 1",158.457071960766,39.8135278745001,1237.58444072581,139.735043023342,52.9335243546712,1232.68077463252
"BIGKAT _ P70 _ Left _ 1",158.417523579211,39.8804634604789,1237.78301390656,139.646625489277,53.26657763257,1232.88540521043
"BIGKAT _ P70 _ Left _ 1",158.468218472611,39.9985798816487,1237.92924899827,139.67829615701,53.5339949996689,1233.04151374364
"BIGKAT _ P70 _ Left _ 1",158.585696750485,40.1431329858124,1238.00902666509,139.805702329962,53.7098908536746,1233.12373934547
"BIGKAT _ P70 _ Left _ 1",158.733894431292,40.2821959160073,1238.02086008713,139.98641006725,53.7796385976557,1233.12437285381
"BIGKAT _ P70 _ Left _ 1",158.87434349108,40.3842889151342,1237.97499186883,140.171779840185,53.7420867460541,1233.05367373834
"BIGKAT _ P70 _ Left _ 1",158.975893252829,40.426286780928,1237.89074325897,140.31939247081,53.6098490418488,1232.93608766877
"BIGKAT _ P70 _ Left _ 1",159.021637737375,40.3995110263713,1237.79238493413,140.403005280013,53.4077417652571,1232.80354567065
"BIGKAT _ P70 _ Left _ 1",159.011652784008,40.3122340146904,1237.70424776311,140.41775967752,53.1694916229024,1232.68747322239
"BIGKAT _ P70 _ Left _ 1",158.961149577063,40.1877568808004,1237.64622209274,140.379547442355,52.9328962458994,1232.61147892323
"BIGKAT _ P70 _ Left _ 1",158.894729723145,40.0584331578517,1237.63061250956,140.318901735211,52.7338034494765,1232.58672414738
"BIGKAT _ P70 _ Left _ 1",158.83843273261,39.9571500941052,1237.66074574936,140.271222446603,52.5996883036024,1232.61112919041
"BIGKAT _ P70 _ Left _ 1",158.811864771454,39.908546866579,1237.73136248615,140.266142390677,52.5441018865093,1232.67206585581
"BIGKAT _ P70 _ Left _ 1",158.822635865962,39.9223838584031,1237.83068898719,140.319013124102,52.5634843371796,1232.75105005712
"BIGKAT _ P70 _ Left _ 1",158.864604014001,39.9909094081027,1237.94373832616,140.426776632665,52.6375208202816,1232.82876746823
"BIGKAT _ P70 _ Left _ 1",158.920255139315,40.0909794557027,1238.05581411553,140.56916163725,52.7334204811871,1232.88922670695
"BIGKAT _ P70 _ Left _ 1",158.966344802488,40.1903780737404,1238.1549906236,140.714640490705,52.8134770444102,1232.92246200427
"BIGKAT _ P70 _ Left _ 1",158.981106843666,40.256602995033,1238.23293023466,140.829378292655,52.8443055150697,1232.92574933085
"BIGKAT _ P70 _ Left _ 1",158.95107825528,40.2656774792601,1238.28437336378,140.886825087063,52.8054977107975,1232.90351107091
"BIGKAT _ P70 _ Left _ 1",158.875815469638,40.2085823517945,1238.30622036111,140.875628822916,52.6953682619853,1232.86595128375
"BIGKAT _ P70 _ Left _ 1",158.769306260132,40.0936305670364,1238.29698659316,140.803928566711,52.5321203785989,1232.82646485684
"BIGKAT _ P70 _ Left _ 1",158.657567902336,39.9442268142766,1238.2568697022,140.698714225006,52.3499621609545,1232.79829115621
"BIGKAT _ P70 _ Left _ 1",158.572681195232,39.7926495383886,1238.18824598071,140.599960618627,52.1909945683637,1232.79128092915
"BIGKAT _ P70 _ Left _ 1",158.544324833686,39.6715454501151,1238.09635084956,140.550674500025,52.0946910496371,1232.8095268721
"BIGKAT _ P70 _ Left _ 1",158.590733814357,39.6054925977402,1237.98999960919,140.585359406213,52.0874064227378,1232.85019804014
"BIGKAT _ P70 _ Left _ 1",158.711679879296,39.6049933491312,1237.88210402674,140.720028148894,52.1746092764037,1232.9036874948
"BIGKAT _ P70 _ Left _ 1",158.886031166878,39.6645481055675,1237.78939737787,140.94648261063,52.3382958546098,1232.95516109011
"BIGKAT _ P70 _ Left _ 1",159.075316835916,39.7653028411807,1237.7306352126,141.232368207577,52.541171051252,1232.9874961616
"BIGKAT _ P70 _ Left _ 1",159.23285205863,39.8815269172153,1237.72300676561,141.526969015858,52.7378305981854,1232.98523054177
"BIGKAT _ P70 _ Left _ 1",159.316266037023,39.98911120124,1237.77736184011,141.77133026592,52.8916881602039,1232.93852701829
"BIGKAT _ P70 _ Left _ 1",159.300364973576,40.0735577070441,1237.89349616608,141.910444706818,52.994940550638,1232.84561899288
"BIGKAT _ P70 _ Left _ 1",159.187174593476,40.1348019747409,1238.05684416982,141.904971542498,53.0875001543925,1232.71243306779
"BIGKAT _ P70 _ Left _ 1",159.010533895399,40.1869038466881,1238.23763225968,141.74008023924,53.2697889625626,1232.54952440004
"BIGKAT _ P70 _ Left _ 1",158.833685875891,40.2521486078617,1238.39293013026,141.429457618905,53.7041488638836,1232.36827762891
"BIGKAT _ P70 _ Left _ 1",158.739805820445,40.3510388783794,1238.47127656648,141.013416846213,54.6009627184347,1232.17878450262
"BIGKAT _ P70 _ Left _ 1",158.81690838413,40.4914086875373,1238.41922237713,140.55137418364,56.1884309742135,1231.99026865243
"BIGKAT _ P70 _ Left _ 1",159.139681471827,40.660815625753,1238.18949260189,140.110338791339,58.6685461321404,1231.81281608464
"BIGKAT _ P70 _ Left _ 1",159.751472542289,40.8259759050827,1237.75081343064,139.75203455987,62.1652230080649,1231.65838810434
"BIGKAT _ P70 _ Left _ 1",160.650016193631,40.9411182400675,1237.0988197612,139.52161105684,66.6734311683454,1231.54000918123
"BIGKAT _ P70 _ Left _ 1",161.780389127714,40.9640791497097,1236.26583009136,139.440613630036,72.0203737549938,1231.46951160676
"BIGKAT _ P70 _ Left _ 1",163.037727216784,40.8756955398146,1235.32581274778,139.50606237174,77.8503644118509,1231.45510177944
"BIGKAT _ P70 _ Left _ 1",164.2803138114,40.6958705327183,1234.39108952342,139.696208334918,83.6428436076388,1231.49989296528
"BIGKAT _ P70 _ Left _ 1",165.351245937282,40.4896598563457,1233.59960485309,139.981844587745,88.767776238135,1231.60175165846
"BIGKAT _ P70 _ Left _ 1",166.104862105947,40.3591640891074,1233.09450505605,140.340098523602,92.5754770379643,1231.754125555
"BIGKAT _ P70 _ Left _ 1",166.433009926968,40.421353824002,1232.9996046553,140.765929274527,94.5095423785876,1231.94761159338
"BIGKAT _ P70 _ Left _ 1",166.285985000277,40.7769465820723,1233.39497087753,141.276097973415,94.222448067204,1232.17245689593
"BIGKAT _ P70 _ Left _ 1",165.683389067779,41.4794219580984,1234.29736084642,141.902199926765,91.6655233402197,1232.42179039863
"BIGKAT _ P70 _ Left _ 1",164.711463658732,42.5144774582384,1235.65069408775,142.673564622543,87.1236334718754,1232.69408034305
"BIGKAT _ P70 _ Left _ 1",163.506180615046,43.7975612780055,1237.33078360404,143.595961718408,81.1759291833465,1232.99268467915
"BIGKAT _ P70 _ Left _ 1",162.225454379059,45.1909233486584,1239.16504633296,144.635274740745,74.587752347668,1233.32162660544
"BIGKAT _ P70 _ Left _ 1",161.017871134616,46.5342629884077,1240.96274948118,145.714015422406,68.1654869729687,1233.67908453767
"BIGKAT _ P70 _ Left _ 1",159.997022130804,47.6781057929242,1242.54728609083,146.722786396003,62.6204043813503,1234.05173960672
"BIGKAT _ P70 _ Left _ 1",159.228433007294,48.5091614024695,1243.78155933565,147.542100659457,58.4799337552644,1234.41308358976
"BIGKAT _ P70 _ Left _ 1",158.730970493901,48.9618495807236,1244.58110749963,148.066607265512,56.0599059942353,1234.72721063994
"BIGKAT _ P70 _ Left _ 1",158.489125972605,49.0168913695665,1244.91498966684,148.224902045291,55.4842181715047,1234.95731458878
"BIGKAT _ P70 _ Left _ 1",158.46940220663,48.6926638862732,1244.79862042923,147.991439754753,56.7232188181405,1235.07618058356
"BIGKAT _ P70 _ Left _ 1",158.634197964665,48.0358961870935,1244.28381681085,147.38991417454,59.6238611440266,1235.07518606202
"BIGKAT _ P70 _ Left _ 1",158.949253513061,47.1156325368965,1243.44966206175,146.488883003818,63.9189410305319,1234.96878754087
"BIGKAT _ P70 _ Left _ 1",159.384136764183,46.0202634162756,1242.39515081008,145.390897282979,69.2206246699069,1234.79288457306
"BIGKAT _ P70 _ Left _ 1",159.907853767153,44.8543039809711,1241.23257386759,144.216832630604,75.016163118706,1234.59752249123
"BIGKAT _ P70 _ Left _ 1",160.482770675396,43.7311891754743,1240.0800024307,143.087978028718,80.685794972777,1234.43643098591
"BIGKAT _ P70 _ Left _ 1",161.059911252786,42.7607007325926,1239.05195885797,142.109324539358,85.5545210518022,1234.3568140113
"BIGKAT _ P70 _ Left _ 1",161.578006249916,42.0331422493333,1238.2486511957,141.357423858277,88.9758776304207,1234.39212166676
"BIGKAT _ P70 _ Left _ 1",161.967749140594,41.6048834927927,1237.74516007682,140.874676718063,90.4335640017857,1234.55881709433
"BIGKAT _ P70 _ Left _ 1",162.161434312911,41.4900976197112,1237.58246124497,140.669741136764,89.6397764126865,1234.85632711314
"BIGKAT _ P70 _ Left _ 1",162.106473568674,41.6615652897229,1237.76224600189,140.722268384427,86.6078706830786,1235.26827128528
"BIGKAT _ P70 _ Left _ 1",161.779685227915,42.0604787956339,1238.24696896169,140.990034838654,81.6804031626583,1235.76342277675
"BIGKAT _ P70 _ Left _ 1",161.198439768813,42.6125103649433,1238.96532921561,141.417315256889,75.5009566500797,1236.2965959602
"BIGKAT _ P70 _ Left _ 1",160.425053990792,43.2457240799959,1239.82212708431,141.944021234433,68.9292592335366,1236.81146812391
"BIGKAT _ P70 _ Left _ 1",159.56213897264,43.9053556570401,1240.71082853891,142.514799746989,62.9125058580708,1237.24769970417
"BIGKAT _ P70 _ Left _ 1",158.738671991819,44.5611486661792,1241.52712010353,143.086042005567,58.3371462344844,1237.55309849689
"BIGKAT _ P70 _ Left _ 1",158.088953130595,45.2051215676732,1242.18179078716,143.628174658139,55.8891380694046,1237.69853588756
"BIGKAT _ P70 _ Left _ 1",157.728620820721,45.8412056054151,1242.61134848041,144.1223797216,55.9450735865892,1237.69026263809
"BIGKAT _ P70 _ Left _ 1",157.732848108431,46.4717766461553,1242.78507157079,144.554368705158,58.5067455388475,1237.57320495295
"BIGKAT _ P70 _ Left _ 1",158.121465374705,47.0876480030574,1242.70771433872,144.910028091433,63.1852011377997,1237.42119726383
"BIGKAT _ P70 _ Left _ 1",158.854314873634,47.6663805094408,1242.41754332165,145.176403974633,69.2395627581907,1237.31536514833
"BIGKAT _ P70 _ Left _ 1",159.838095235033,48.1794328315908,1241.97965922866,145.347493641498,75.6758751061597,1237.31756677595
"BIGKAT _ P70 _ Left _ 1",160.943643644858,48.6040284409495,1241.47500415609,145.430789209072,81.4047296153754,1237.44897116046
"BIGKAT _ P70 _ Left _ 1",162.030365497457,48.9333909761693,1240.98643329943,145.449958019881,85.440785395794,1237.6825157366
"BIGKAT _ P70 _ Left _ 1",162.972882366687,49.1804590878443,1240.58440733459,145.441298271146,87.1074726312414,1237.95252580761
"BIGKAT _ P70 _ Left _ 1",163.68443111075,49.37406241874,1240.31533206715,145.444647064445,86.1961891264105,1238.17790445486
"BIGKAT _ P70 _ Left _ 1",164.132235068385,49.5500810118235,1240.19486033665,145.491695304437,83.0305681352301,1238.29006559083
"BIGKAT _ P70 _ Left _ 1",164.341732480698,49.7413597598416,1240.20705944915,145.595908355531,78.4065463971615,1238.25505291369
"BIGKAT _ P70 _ Left _ 1",164.388802685069,49.9692084191363,1240.30904010115,145.748211524757,73.41400076089,1238.08177317157
"BIGKAT _ P70 _ Left _ 1",164.381579738924,50.2377863119372,1240.43982335073,145.920628890619,69.1839700849399,1237.8142453514
"BIGKAT _ P70 _ Left _ 1",164.435656311829,50.5320051147617,1240.53191765481,146.076562079321,66.6303799134131,1237.51250216514
"BIGKAT _ P70 _ Left _ 1",164.648025505746,50.819755170058,1240.52411119968,146.183425199718,66.2545850587139,1237.23081251671
"BIGKAT _ P70 _ Left _ 1",165.075597324677,51.0589757936541,1240.37385793218,146.222780384587,68.0569752793577,1237.0015650561
"BIGKAT _ P70 _ Left _ 1",165.723226830434,51.2085029235775,1240.06703913697,146.194790029117,71.5664768939166,1236.8295296282
"BIGKAT _ P70 _ Left _ 1",166.543830316174,51.2395594566331,1239.62245949969,146.116278120637,75.969932550404,1236.69662000754
"BIGKAT _ P70 _ Left _ 1",167.449896547131,51.1438708385289,1239.08924137993,146.01389366765,80.3047116131296,1236.5736076924
"BIGKAT _ P70 _ Left _ 1",168.332681290253,50.935510617067,1238.53733781125,145.915252563809,83.669008955312,1236.43350209362
"BIGKAT _ P70 _ Left _ 1",169.083756845918,50.6460811435459,1238.04349472997,145.841100982511,85.4038702752545,1236.26174375168
"BIGKAT _ P70 _ Left _ 1",169.613814014721,50.3153577391185,1237.67610441015,145.800584232273,85.2090062760734,1236.06034422288
"BIGKAT _ P70 _ Left _ 1",169.865271100318,49.9809876311653,1237.48244150294,145.790391593464,83.1706740672217,1235.8455653502
"BIGKAT _ P70 _ Left _ 1",169.817522175317,49.6708905228452,1237.48103217952,145.797583926209,79.7019043669567,1235.64081957865
"BIGKAT _ P70 _ Left _ 1",169.485766033012,49.4008394111931,1237.6604209489,145.80526545165,75.4179083992036,1235.46781521433
"BIGKAT _ P70 _ Left _ 1",168.915643305163,49.177627909183,1237.98368346706,145.799538044703,70.9855233208495,1235.33935991702
"BIGKAT _ P70 _ Left _ 1",168.175994764809,49.0058015422189,1238.39660649178,145.775450504727,66.9888764182264,1235.25647240961
"BIGKAT _ P70 _ Left _ 1",167.351105378619,48.8942663324322,1238.83731280793,145.739635684663,63.8424277752418,1235.21056437981
"BIGKAT _ P70 _ Left _ 1",166.532531516549,48.8592880439647,1239.24599594335,145.708537136158,61.762046762055,1235.18913640816
"BIGKAT _ P70 _ Left _ 1",165.809880977077,48.9222992302497,1239.57417794315,145.703031980768,60.7842826398274,1235.18201345884
"BIGKAT _ P70 _ Left _ 1",165.26022508636,49.103235361647,1239.79263604234,145.741608368379,60.8122072995406,1235.18549271132
"BIGKAT _ P70 _ Left _ 1",164.937036095289,49.4117911289821,1239.89625352598,145.834368935762,61.6657791094997,1235.2033126607
"BIGKAT _ P70 _ Left _ 1",164.860944301008,49.8397458185211,1239.90383551137,145.979425945735,63.1218379154852,1235.24480157661
"BIGKAT _ P70 _ Left _ 1",165.015219409401,50.3572137170422,1239.85223576886,146.162460118759,64.9380191946315,1235.32130751462
"BIGKAT _ P70 _ Left _ 1",165.348031392147,50.9142843192392,1239.78635625228,146.359552869447,66.8627746130213,1235.44215556091
"BIGKAT _ P70 _ Left _ 1",165.781475703299,51.4475983731434,1239.74811833844,146.542710264619,68.6392734322563,1235.61113116937
"BIGKAT _ P70 _ Left _ 1",166.225189502605,51.8899945197395,1239.76739651048,146.686780039842,70.0135278270548,1235.82400497529
"BIGKAT _ P70 _ Left _ 1",166.591282654863,52.1811066807541,1239.85667894367,146.776021203477,70.7556727761585,1236.06704539448
"BIGKAT _ P70 _ Left _ 1",166.807522482453,52.2774231890672,1240.00999562932,146.808690573877,70.6975769679051,1236.31611068465
"BIGKAT _ P70 _ Left _ 1",166.826680499985,52.1609527671503,1240.20587990156,146.798608494988,69.7810116597203,1236.53627192901
"BIGKAT _ P70 _ Left _ 1",166.631025641784,51.8455838664128,1240.41353526983,146.773429219268,68.1015417266698,1236.68306459424
"BIGKAT _ P70 _ Left _ 1",166.231928975092,51.3795190955732,1240.6006564554,146.769921385212,65.9286440828366,1236.70741123659
"BIGKAT _ P70 _ Left _ 1",165.665525618602,50.8415714897559,1240.7405734242,146.826862155868,63.6859927515684,1236.56550386293
"BIGKAT _ P70 _ Left _ 1",164.986233734191,50.3296448297915,1240.81615819589,146.976451898387,61.8871217133644,1236.23201202267
"BIGKAT _ P70 _ Left _ 1",164.260133469555,49.9419620021823,1240.81904311399,147.235793844994,61.0359500664527,1235.71160517968
"BIGKAT _ P70 _ Left _ 1",163.559351882499,49.7549238686647,1240.74512504907,147.600682899819,61.5129967853712,1235.04295865122
"BIGKAT _ P70 _ Left _ 1",162.957041048276,49.8040302497891,1240.58975835807,148.04386860446,63.4735396538423,1234.29255144994
"BIGKAT _ P70 _ Left _ 1",162.521381108722,50.0742273842952,1240.34664819215,148.518647777663,66.783622210946,1233.54061467532
"BIGKAT _ P70 _ Left _ 1",162.307322805223,50.5029744540913,1240.01229651375,148.966746268937,71.0142470671264,1232.8648956871
"BIGKAT _ P70 _ Left _ 1",162.346544812881,50.9946941715191,1239.59390992631,149.328193548406,75.5030247267985,1232.32761228125
"BIGKAT _ P70 _ Left _ 1",162.638241226412,51.4414947036612,1239.11564719905,149.550899069393,79.4763576064359,1231.96822232586
"BIGKAT _ P70 _ Left _ 1",163.144439462696,51.7439743313674,1238.61838558699,149.598407602447,82.2071521338885,1231.80191940232
"BIGKAT _ P70 _ Left _ 1",163.792790408227,51.8276082708181,1238.15182470349,149.455004219599,83.1694656199099,1231.8224355491
"BIGKAT _ P70 _ Left _ 1",164.487452143486,51.6530153593426,1237.76222153449,149.127808236771,82.1494139762146,1232.00714810541
"BIGKAT _ P70 _ Left _ 1",165.12595992021,51.2204134442832,1237.48125765454,148.646097929883,79.284118537544,1232.32190415665
"BIGKAT _ P70 _ Left _ 1",165.618180770527,50.5691152886017,1237.32012321204,148.058716112425,75.023194168411,1232.72336669899
"BIGKAT _ P70 _ Left _ 1",165.903228515852,49.7726137513436,1237.26934070343,147.430326517999,70.03030395979,1233.15912785948
"BIGKAT _ P70 _ Left _ 1",165.961161930179,48.9295498405244,1237.30209937286,146.836339400862,65.0559693918835,1233.56885875822
"BIGKAT _ P70 _ Left _ 1",165.817562892181,48.1510109913007,1237.37866835097,146.35542324818,60.8132736751151,1233.89033152408
"BIGKAT _ P70 _ Left _ 1",165.540209028705,47.5451015800805,1237.45114135191,146.0588578376,57.8781924542279,1234.0711492768
"BIGKAT _ P70 _ Left _ 1",165.228084291775,47.2004509942314,1237.46941263937,145.997754085693,56.6227304652594,1234.08261887856
"BIGKAT _ P70 _ Left _ 1",164.994128218372,47.1711217923496,1237.38946945044,146.191303895342,57.1786698248547,1233.92967375366
"BIGKAT _ P70 _ Left _ 1",164.94433495597,47.4659247931625,1237.18373158089,146.620291606329,59.426593321012,1233.65165399412
"BIGKAT _ P70 _ Left _ 1",165.156724317866,48.0450223868549,1236.85122187315,147.229230074878,63.0085956526671,1233.31233200651
"BIGKAT _ P70 _ Left _ 1",165.664050901413,48.8255721033184,1236.42395052083,147.937688387564,67.3692558122174,1232.98211691531
"BIGKAT _ P70 _ Left _ 1",166.443833059502,49.6960022481566,1235.96586088718,148.657619918098,71.8315115017531,1232.71898814957
"BIGKAT _ P70 _ Left _ 1",167.418283203209,50.5359066262735,1235.56245194164,149.310675087184,75.7069961151368,1232.55541732765
"BIGKAT _ P70 _ Left _ 1",168.464858097126,51.2367235507841,1235.30254895271,149.839521550835,78.424489517459,1232.49544363591
"BIGKAT _ P70 _ Left _ 1",169.435677762195,51.7184613381848,1235.25725207828,150.210444549011,79.6432428011506,1232.52077749397
"BIGKAT _ P70 _ Left _ 1",170.181944419414,51.9396481331851,1235.46263212752,150.409117898866,79.312514525151,1232.6005987077
"BIGKAT _ P70 _ Left _ 1",170.578776414921,51.8999445730683,1235.91094307225,150.434598717872,77.6532801131448,1232.69919215564
"BIGKAT _ P70 _ Left _ 1",170.546639324445,51.63611937501,1236.55113477309,150.296390908595,75.069096349064,1232.77900607223
"BIGKAT _ P70 _ Left _ 1",170.066820063616,51.2124899179752,1237.29620364863,150.016096315187,72.0244584739505,1232.80151857478
"BIGKAT _ P70 _ Left _ 1",169.18917683956,50.7074394243122,1238.03440304563,149.631109730415,68.9420990917525,1232.73036701427
"BIGKAT _ P70 _ Left _ 1",168.030636146707,50.1984855620901,1238.64288649819,149.195855045776,66.157092407133,1232.53874296777
"BIGKAT _ P70 _ Left _ 1",166.763183946284,49.7489084893515,1239.00387247134,148.777301619126,63.9326683895548,1232.21864757661
"BIGKAT _ P70 _ Left _ 1",165.591022415988,49.398569497055,1239.02346537769,148.444692117524,62.5085591138904,1231.78727603281
"BIGKAT _ P70 _ Left _ 1",164.718541544519,49.1603942325422,1238.65154804296,148.256327592617,62.135685277064,1231.28712514736
"BIGKAT _ P70 _ Left _ 1",164.31371790927,49.0225827892274,1237.89834276307,148.247378007258,63.0593942790003,1230.77982255372
"BIGKAT _ P70 _ Left _ 1",164.474417360567,48.9554414995562,1236.84139765799,148.421965606442,65.4422690995533,1230.33625393229
"BIGKAT _ P70 _ Left _ 1",165.205987700484,48.9210893073503,1235.61831927373,148.75122191007,69.2521140424481,1230.02556944848
"BIGKAT _ P70 _ Left _ 1",166.416337007206,48.8840115596759,1234.40533938486,149.177631577865,74.1649781593262,1229.90410042765
"BIGKAT _ P70 _ Left _ 1",167.930151193163,48.8200647605748,1233.38649704681,149.625003053644,79.5365854881014,1230.00445926858
"BIGKAT _ P70 _ Left _ 1",169.519063646272,48.7212330384266,1232.72017386108,150.012633896277,84.4764061117291,1230.32599072798
"BIGKAT _ P70 _ Left _ 1",170.941202340619,48.5942731733362,1232.50947341206,150.271414201761,88.023001627493,1230.82934835592
"BIGKAT _ P70 _ Left _ 1",171.98218666933,48.4539687043541,1232.78220599323,150.358617601007,89.3796828660683,1231.43882184209
"BIGKAT _ P70 _ Left _ 1",172.490069325707,48.3147467901012,1233.48508753721,150.267376078586,88.1410691285975,1232.05460723612
"BIGKAT _ P70 _ Left _ 1",172.398455340683,48.185434195289,1234.4940753117,150.027413377621,84.4360375992022,1232.57301479054
"BIGKAT _ P70 _ Left _ 1",171.734605832732,48.0696982049531,1235.63857237085,149.696236074195,78.9347946747973,1232.90815722198
"BIGKAT _ P70 _ Left _ 1",170.612176002204,47.9706187479968,1236.73330178492,149.343601416897,72.7106942261296,1233.00805510696
"BIGKAT _ P70 _ Left _ 1",169.210767957205,47.8949086572265,1237.61000699684,149.034408160559,66.9949693850392,1232.86196361264
"BIGKAT _ P70 _ Left _ 1",167.746326598839,47.8527993743912,1238.14251386775,148.814996590823,62.8955662336933,1232.49967694295
"BIGKAT _ P70 _ Left _ 1",166.437397830617,47.8531303036765,1238.26210225886,148.706049535134,61.1572628970981,1231.98403642971
"BIGKAT _ P70 _ Left _ 1",165.472334366188,47.8969276907641,1237.9634502424,148.70307118923,62.0205256925042,1231.39700721725
"BIGKAT _ P70 _ Left _ 1",164.981850085695,47.9739092826753,1237.30272161126,148.783108845712,65.2035708702856,1230.82124270042
"BIGKAT _ P70 _ Left _ 1",165.020370893557,48.0642913960486,1236.38856359557,148.914400897913,69.9993719657858,1230.32211454767
"BIGKAT _ P70 _ Left _ 1",165.558748803411,48.1447585077887,1235.3658050847,149.065099465666,75.4542732504584,1229.93594627492
"BIGKAT _ P70 _ Left _ 1",166.489837937357,48.1950038197828,1234.39249383491,149.2085395139,80.5798207108581,1229.66773515917
"BIGKAT _ P70 _ Left _ 1",167.646649066749,48.2013507695391,1233.61346564621,149.324587542629,84.5457850389346,1229.49829601616
"BIGKAT _ P70 _ Left _ 1",168.830330850315,48.1562004582137,1233.13586108056,149.398078834323,86.8112188144839,1229.39807795182
"BIGKAT _ P70 _ Left _ 1",169.842930380418,48.0546383794893,1233.01203963373,149.416038110805,87.1704207663036,1229.34266263218
"BIGKAT _ P70 _ Left _ 1",170.518834896392,47.8908314758769,1233.23308615125,149.365693456595,85.7167346420409,1229.32355460863
"BIGKAT _ P70 _ Left _ 1",170.749438883437,47.6564701269286,1233.73301363354,149.235206856651,82.7511622658312,1229.34902821528
"BIGKAT _ P70 _ Left _ 1",170.497486235898,47.3422601762317,1234.40151232277,149.018089559622,78.6764168164417,1229.43410070006
"BIGKAT _ P70 _ Left _ 1",169.799825601353,46.9423630441203,1235.10237719615,148.720412211197,73.914866456212,1229.58409650277
"BIGKAT _ P70 _ Left _ 1",168.759273382985,46.4610001057962,1235.69502246867,148.367994549129,68.8716235048826,1229.77968628432
"BIGKAT _ P70 _ Left _ 1",167.527669685886,45.9196830632663,1236.05663060341,148.009870904379,63.9397577231718,1229.97120161113
"BIGKAT _ P70 _ Left _ 1",166.28313689778,45.3623663012757,1236.10191745044,147.714947609872,59.5248752954522,1230.08684103098
"BIGKAT _ P70 _ Left _ 1",165.205029924389,44.8549505450046,1235.79695153081,147.560611867874,56.0596690526485,1230.05415840121
"BIGKAT _ P70 _ Left _ 1",164.449900563904,44.4763951114034,1235.16424028167,147.614599151696,53.9860120020795,1229.82840489968
"BIGKAT _ P70 _ Left _ 1",164.130941461299,44.3017802144364,1234.27862127012,147.914123280237,53.6966665012909,1229.41729165971
"BIGKAT _ P70 _ Left _ 1",164.302313485544,44.3816808627325,1233.25601483274,148.44826260271,55.4442474571447,1228.89193347535
"BIGKAT _ P70 _ Left _ 1",164.949234402644,44.7247479475594,1232.23815911512,149.149804710523,59.2386258386365,1228.37834374682
"BIGKAT _ P70 _ Left _ 1",165.984995744623,45.2897960371669,1231.3756591657,149.900605358974,64.7640676555026,1228.03066517264
"BIGKAT _ P70 _ Left _ 1",167.25668541112,45.9902104902209,1230.81003229407,150.550578377058,71.3512147079516,1227.9934412002
"BIGKAT _ P70 _ Left _ 1",168.561436730246,46.708927387702,1230.65437603005,150.946349138114,78.0322645359473,1228.36341384777
"BIGKAT _ P70 _ Left _ 1",169.673756738628,47.3190038487294,1230.97294527548,150.963143965107,83.6879442831013,1229.16071399349
"BIGKAT _ P70 _ Left _ 1",170.381715557265,47.7045511598556,1231.76251774564,150.533163147104,87.2651858881263,1230.31610103575
"BIGKAT _ P70 _ Left _ 1",170.526208836808,47.7791570271258,1232.94160899765,149.664543098821,88.0146228681511,1231.67726500839
"BIGKAT _ P70 _ Left _ 1",170.03469260036,47.5013693559646,1234.35468106781,148.446233719387,85.6804477043902,1233.0336758505
"BIGKAT _ P70 _ Left _ 1",168.940411903855,46.8867773479461,1235.7952471175,147.036167324026,80.5820606277535,1234.1553936649
"BIGKAT _ P70 _ Left _ 1",167.381012064965,46.0135723987686,1237.04462854476,145.633559402142,73.5583010928613,1234.83781077035
"BIGKAT _ P70 _ Left _ 1",165.57587312343,45.0159714705576,1237.91561196741,144.440256633073,65.7898811653976,1234.94366305349
"BIGKAT _ P70 _ Left _ 1",163.787508243523,44.0610697286661,1238.28708137534,143.619211335234,58.5543302175817,1234.43489222627
"BIGKAT _ P70 _ Left _ 1",162.276406822393,43.3107305481223,1238.11945251339,143.259573058285,52.9826339515545,1233.38731707426
"BIGKAT _ P70 _ Left _ 1",161.259214106378,42.8782583465798,1237.44954627857,143.35721744095,49.8739144773871,1231.98161693944
"BIGKAT _ P70 _ Left _ 1",160.877450955179,42.7947700244873,1236.37201338655,143.816374608294,49.5958346384138,1230.46865214468
"BIGKAT _ P70 _ Left _ 1",161.179991692781,42.998702733304,1235.01766876132,144.472579533781,52.0709051049242,1229.11561458568
"BIGKAT _ P70 _ Left _ 1",162.119330303258,43.3539507385059,1233.53614906028,145.131025985129,56.8325075571591,1228.1470590924
"BIGKAT _ P70 _ Left _ 1",163.560221700285,43.6913471886419,1232.08414127972,145.609956650512,63.1293018952204,1227.69704229627
"BIGKAT _ P70 _ Left _ 1",165.299052591726,43.8594806840197,1230.8154472196,145.777835429478,70.0575772480479,1227.78466378238
"BIGKAT _ P70 _ Left _ 1",167.092056047397,43.7679109638634,1229.86834649875,145.575986719714,76.7027856288109,1228.31762558835
"BIGKAT _ P70 _ Left _ 1",168.689474609585,43.4096438671036,1229.34900300035,145.023567093593,82.2715050158878,1229.12055449565
"BIGKAT _ P70 _ Left _ 1",169.871283580259,42.857987604748,1229.31422297999,144.206669517426,86.1945379176643,1229.97950835313
"BIGKAT _ P70 _ Left _ 1",170.479052445149,42.2415978884011,1229.7594362569,143.25630151405,88.1841898667621,1230.69181106079
"BIGKAT _ P70 _ Left _ 1",170.43862562404,41.7072071723332,1230.61690889624,142.320841187715,88.2366614171901,1231.11013625963
"BIGKAT _ P70 _ Left _ 1",169.769540133715,41.3811104709795,1231.76588676977,141.538308013806,86.5830547574392,1231.1711718664
"BIGKAT _ P70 _ Left _ 1",168.579177861203,41.3389147338717,1233.05266571433,141.013171588475,83.6053607705269,1230.90266786988
"BIGKAT _ P70 _ Left _ 1",167.042332834708,41.5899030611552,1234.31605920195,140.801588095469,79.7419240189331,1230.40796724121
"BIGKAT _ P70 _ Left _ 1",165.369801524374,42.0786181533207,1235.41288043299,140.907555340836,75.4074488062727,1229.8329322743
"BIGKAT _ P70 _ Left _ 1",163.772141381831,42.7023371462987,1236.23852345039,141.290166090749,70.9456589647582,1229.32487979345
"BIGKAT _ P70 _ Left _ 1",162.426067435581,43.3393857562493,1236.73904792375,141.879218216262,66.6205235789569,1228.99524596602
"BIGKAT _ P70 _ Left _ 1",161.450355425928,43.8805125912811,1236.91315332564,142.594049646147,62.638463252183,1228.89629316959
"BIGKAT _ P70 _ Left _ 1",160.895510861527,44.2547660610704,1236.80471091458,143.359834243998,59.1839966611569,1229.01752246179
"BIGKAT _ P70 _ Left _ 1",160.747679969366,44.4429690580031,1236.48841909313,144.117088103444,56.4485608678006,1229.30098231874
"BIGKAT _ P70 _ Left _ 1",160.943635264463,44.4756612393754,1236.05231558641,144.823167561281,54.6369944955003,1229.66832479305
"BIGKAT _ P70 _ Left _ 1",161.39129247887,44.4172528208738,1235.58134646751,145.447848884102,53.9451996697964,1230.04856107932
"BIGKAT _ P70 _ Left _ 1",161.989731970453,44.3424762896495,1235.14566248716,145.967247144266,54.5119569643838,1230.39616367416
"BIGKAT _ P70 _ Left _ 1",162.644109163917,44.3132680823326,1234.79548023712,146.360352684627,56.3560467962286,1230.69461823726
"BIGKAT _ P70 _ Left _ 1",163.273482518433,44.3631594596979,1234.56181853533,146.610429720492,59.3167908347479,1230.94778234446
"BIGKAT _ P70 _ Left _ 1",163.812403511292,44.4928764125419,1234.4604784487,146.710623023032,63.0211916063612,1231.16633185561
"BIGKAT _ P70 _ Left _ 1",164.209134059184,44.6767741894434,1234.49612327812,146.670782700304,66.9011763475476,1231.35698704752
"BIGKAT _ P70 _ Left _ 1",164.424026233158,44.8763932096352,1234.66416078258,146.521613573657,70.276139338442,1231.5188400039
"BIGKAT _ P70 _ Left _ 1",164.430796662395,45.0557112304968,1234.94974355547,146.312974829501,72.4970317536846,1231.64648391359
"BIGKAT _ P70 _ Left _ 1",164.221457029062,45.1929739018633,1235.32495641248,146.105236967119,73.1219809025106,1231.73638618435
"BIGKAT _ P70 _ Left _ 1",163.813297810729,45.2860045302042,1235.74650046101,145.955424893055,72.0700113502433,1231.79222300107
"BIGKAT _ P70 _ Left _ 1",163.254628808521,45.3505286680542,1236.15626622391,145.902388832675,69.6928023784807,1231.82623889494
"BIGKAT _ P70 _ Left _ 1",162.625750844283,45.4130601737645,1236.48603555197,145.956188859945,66.723750659486,1231.85612601115
"BIGKAT _ P70 _ Left _ 1",162.03286563027,45.5008399325463,1236.66600110509,146.095542871638,64.1047779580219,1231.89937567975
"BIGKAT _ P70 _ Left _ 1",161.594612125236,45.6316670090745,1236.63584620828,146.274174820509,62.736524462943,1231.96801532602
"BIGKAT _ P70 _ Left _ 1",161.422912661157,45.8066717588314,1236.35684748561,146.433868101321,63.2259786273683,1232.06528911126
"BIGKAT _ P70 _ Left _ 1",161.601529967513,46.0087367661755,1235.82303936157,146.520286612621,65.7066524658665,1232.18386862541
"BIGKAT _ P70 _ Left _ 1",162.167003133857,46.2075240317799,1235.06855185922,146.497237096836,69.7838508150661,1232.30508683225
"BIGKAT _ P70 _ Left _ 1",163.096920819012,46.3691046810924,1234.16768339859,146.355591963913,74.6224047782132,1232.40016876626
"BIGKAT _ P70 _ Left _ 1",164.309205868529,46.4658243284795,1233.22539865567,146.114519640241,79.1563626324121,1232.43502374878
"BIGKAT _ P70 _ Left _ 1",165.673313579267,46.4822056983907,1232.3590246533,145.814787885457,82.3667353500672,1232.37897948531
"BIGKAT _ P70 _ Left _ 1",167.030989431761,46.4154072430395,1231.67566504461,145.505983404622,83.5515637951996,1232.21586005083
"BIGKAT _ P70 _ Left _ 1",168.221779879281,46.2719772459241,1231.25216522765,145.231122110747,82.5099346424258,1231.95343946611
"BIGKAT _ P70 _ Left _ 1",169.107622666508,46.064120823012,1231.12383885551,145.013520824665,79.5829504830855,1231.62514204411
"BIGKAT _ P70 _ Left _ 1",169.591632642278,45.8078090082579,1231.28469565947,144.851417945126,75.5372903394956,1231.27906783407
"BIGKAT _ P70 _ Left _ 1",169.62824131002,45.522961631477,1231.69726562357,144.723888544721,71.328283632811,1230.95654412423
"BIGKAT _ P70 _ Left _ 1",169.224386238915,45.2342908256328,1232.30668257141,144.6064312908,67.8204524571171,1230.67139502502
"BIGKAT _ P70 _ Left _ 1",168.433502728222,44.9710448156634,1233.05313314036,144.48883190837,65.5575569219658,1230.4033918941
"BIGKAT _ P70 _ Left _ 1",167.344949316383,44.7645610426538,1233.87893187086,144.385704155598,64.655053862889,1230.11153333316
"BIGKAT _ P70 _ Left _ 1",166.071216266519,44.6434936172675,1234.72979790918,144.333307628909,64.842479450313,1229.76087237696
"BIGKAT _ P70 _ Left _ 1",164.73436817255,44.6274604058214,1235.55282384383,144.373017536487,65.6284452860821,1229.34901414744
"BIGKAT _ P70 _ Left _ 1",163.452346399182,44.7207195955056,1236.29506560618,144.528616415247,66.517246964898,1228.91858781478
"BIGKAT _ P70 _ Left _ 1",162.325633773374,44.9081470784272,1236.90587291763,144.788183354031,67.1908759003892,1228.54848729309
"BIGKAT _ P70 _ Left _ 1",161.425555825372,45.1555887520022,1237.34326705618,145.099879206877,67.5904451874155,1228.32647109566
"BIGKAT _ P70 _ Left _ 1",160.786461657621,45.4152767949003,1237.58180203851,145.384654390495,67.8778404956482,1228.31494180139
"BIGKAT _ P70 _ Left _ 1",160.40399349589,45.6350679469645,1237.61857282843,145.560866855471,68.3093609344322,1228.52553028014
"BIGKAT _ P70 _ Left _ 1",160.240144900112,45.7688713413863,1237.47537909328,145.570444524596,69.0843618206603,1228.91356798493
"BIGKAT _ P70 _ Left _ 1",160.233688935764,45.7853786963063,1237.19663377531,145.39640583482,70.2321547396066,1229.39324373757
"BIGKAT _ P70 _ Left _ 1",160.313170108554,45.6729794930457,1236.84318520135,145.066449826875,71.5754490354832,1229.86489569109
"BIGKAT _ P70 _ Left _ 1",160.409565192482,45.4400935405579,1236.48243753759,144.643490630087,72.774479209671,1230.24247704563
"BIGKAT _ P70 _ Left _ 1",160.466517577343,45.1115547328701,1236.17610736975,144.208205813021,73.4284026608287,1230.47184566985
"BIGKAT _ P70 _ Left _ 1",160.447043184111,44.7226309050547,1235.96843881446,143.8397196282,73.1979742229552,1230.536234401
"BIGKAT _ P70 _ Left _ 1",160.336362634097,44.3125481057258,1235.87839567757,143.599199408081,71.9153370207279,1230.45091713374
"BIGKAT _ P70 _ Left _ 1",160.140964606467,43.9191540742465,1235.89840595763,143.518984290594,69.6562459856393,1230.2524218337
"BIGKAT _ P70 _ Left _ 1",159.884374732915,43.5757750263026,1235.99998495859,143.598179492879,66.7597504124365,1229.98780285379
"BIGKAT _ P70 _ Left _ 1",159.600638543294,43.3103982362387,1236.14402996473,143.804755480382,63.7875957752712,1229.70733465914
"BIGKAT _ P70 _ Left _ 1",159.327068112381,43.1462282523393,1236.29203252258,144.08356365223,61.4233196087779,1229.46121805028
"BIGKAT _ P70 _ Left _ 1",159.09784297314,43.1019406934033,1236.41480448837,144.368736838478,60.323142332147,1229.29872737143
"BIGKAT _ P70 _ Left _ 1",158.939398002671,43.1900688542392,1236.49711054732,144.597776249925,60.9465587210991,1229.2671520502
"BIGKAT _ P70 _ Left _ 1",158.867636889254,43.4129295543382,1236.53831385427,144.723977411494,63.4080336634845,1229.40807781852
"BIGKAT _ P70 _ Left _ 1",158.886517570141,43.7569126340038,1236.54982930271,144.724339141278,67.3952915192987,1229.75004826037
"BIGKAT _ P70 _ Left _ 1",158.987658319293,44.1872254922961,1236.55016238354,144.601617908479,72.1898160983736,1230.29903459992
"BIGKAT _ P70 _ Left _ 1",159.151016188237,44.6458503598741,1236.55834320804,144.381041707056,76.8006724312924,1231.03035182594
"BIGKAT _ P70 _ Left _ 1",159.346957070778,45.055419479974,1236.58708556539,144.103554050406,80.1880860181656,1231.8863251406
"BIGKAT _ P70 _ Left _ 1",159.539892829101,45.3308814927712,1236.63790865484,143.817688958606,81.5193314873393,1232.78236337525
"BIGKAT _ P70 _ Left _ 1",159.693167786464,45.3988365468642,1236.70089863893,143.571400934563,80.3815537863206,1233.62074325811
"BIGKAT _ P70 _ Left _ 1",159.77443092656,45.2209261485396,1236.76046920052,143.404467308878,76.8857590371432,1234.30819296127
"BIGKAT _ P70 _ Left _ 1",159.760713107939,44.8135898897276,1236.80515066772,143.342274297948,71.6326323518924,1234.77213744087
"BIGKAT _ P70 _ Left _ 1",159.642744737799,44.2545756230516,1236.83612132231,143.392170408052,65.5588702659516,1234.97173134944
"BIGKAT _ P70 _ Left _ 1",159.428193140148,43.669670705347,1236.86892196646,143.54288172299,59.7202699298359,1234.90247524679
"BIGKAT _ P70 _ Left _ 1",159.143217759608,43.2010530402671,1236.92644679753,143.76612662872,55.0787576643447,1234.59551189968
"BIGKAT _ P70 _ Left _ 1",158.831416085213,42.9672806226748,1237.02636913966,144.019223508933,52.3441997518986,1234.11329756835
"BIGKAT _ P70 _ Left _ 1",158.549377471322,43.0291805630264,1237.16916957257,144.248625993312,51.8918917629145,1233.54229866405
"BIGKAT _ P70 _ Left _ 1",158.358677841608,43.3737491474036,1237.33253199136,144.395468947638,53.7500208377215,1232.98221206373
"BIGKAT _ P70 _ Left _ 1",158.31493971983,43.9212796549571,1237.47503565507,144.403892606966,57.6375105841699,1232.53154389652
"BIGKAT _ P70 _ Left _ 1",158.455511351715,44.5524750836936,1237.5483460324,144.231330350584,63.0310811518597,1232.27123437385
"BIGKAT _ P70 _ Left _ 1",158.78837778445,45.145414561231,1237.51379800888,143.858453024158,69.245589738923,1232.24987800645
"BIGKAT _ P70 _ Left _ 1",159.285582500154,45.6094857822833,1237.35757813233,143.296106669379,75.5183878083915,1232.47445536139
"BIGKAT _ P70 _ Left _ 1",159.883966140047,45.905794162547,1237.09928968529,142.587372167381,81.0935446052835,1232.90913965606
"BIGKAT _ P70 _ Left _ 1",160.494250698477,46.0496605851223,1236.79103201185,141.804055586986,85.3042515737025,1233.48257675989
"BIGKAT _ P70 _ Left _ 1",161.017038836926,46.0974750142296,1236.50713701489,141.037759529112,87.6511515762241,1234.102074808
"BIGKAT _ P70 _ Left _ 1",161.362122464544,46.1246491204768,1236.32749706977,140.386217892137,87.8707586235829,1234.67179870125
"BIGKAT _ P70 _ Left _ 1",161.466387938648,46.2027125132297,1236.31931244358,139.936449597296,85.9827841495638,1235.11119343435
"BIGKAT _ P70 _ Left _ 1",161.305930467528,46.3821511764093,1236.52236170537,139.747792483669,82.3013354912272,1235.36934522695
"BIGKAT _ P70 _ Left _ 1",160.899660971483,46.6843723403211,1236.94127677936,139.839274471333,77.3972497445024,1235.43141906026
"BIGKAT _ P70 _ Left _ 1",160.304197810804,47.1023758912036,1237.54553581456,140.185682320481,72.0101643314982,1235.31552076953
"BIGKAT _ P70 _ Left _ 1",159.602337080682,47.6066959616461,1238.27533375382,140.72420058565,66.9262961354837,1235.06194843916
"BIGKAT _ P70 _ Left _ 1",158.888945211754,48.1521958949339,1239.05016981561,141.369363749228,62.851891784634,1234.71985522554
"BIGKAT _ P70 _ Left _ 1",158.258041352176,48.6827639200809,1239.77732914852,142.030785658801,60.3134559173535,1234.33678094584
"BIGKAT _ P70 _ Left _ 1",157.793145933669,49.1339903731095,1240.35938584457,142.62799165837,59.6031611988859,1233.95395611749
"BIGKAT _ P70 _ Left _ 1",157.560650422571,49.4366755263961,1240.70237399539,143.099393677848,60.770034861108,1233.60652104804
"BIGKAT _ P70 _ Left _ 1",157.604550333696,49.5246912350338,1240.7272651755,143.405526179051,63.6451855108645,1233.32540196041
"BIGKAT _ P70 _ Left _ 1",157.941304419673,49.3485912861658,1240.38543312984,143.528163719652,67.886650757522,1233.13779096039
"BIGKAT _ P70 _ Left _ 1",158.555340619706,48.8924597782118,1239.67489949109,143.467011532598,73.0332697226476,1233.06513036237
"BIGKAT _ P70 _ Left _ 1",159.397307827691,48.1880890774243,1238.65120452565,143.235485449946,78.5615985849096,1233.11939463875
"BIGKAT _ P70 _ Left _ 1",160.387235432455,47.3197988319606,1237.42705290602,142.857223854145,83.9417383094164,1233.29916600978
"BIGKAT _ P70 _ Left _ 1",161.423177866796,46.4156176036161,1236.15842550201,142.364823608491,88.6873863072699,1233.58673593958
"BIGKAT _ P70 _ Left _ 1",162.393821826531,45.6249534311665,1235.01955591242,141.801096475847,92.395152941696,1233.94715963575
"BIGKAT _ P70 _ Left _ 1",163.192309734829,45.0872896172409,1234.17269967632,141.221143363036,94.7700550229734,1234.33027701473
"BIGKAT _ P70 _ Left _ 1",163.728703588476,44.8993275456593,1233.73976559923,140.692037084853,95.6374061931097,1234.67665929641
"BIGKAT _ P70 _ Left _ 1",163.939537127119,45.0888359912547,1233.78171966745,140.287142674144,94.9439380155282,1234.92745106785
"BIGKAT _ P70 _ Left _ 1",163.793867228405,45.6024281456018,1234.28918585173,140.074305546465,92.7515830205404,1235.03620240202
"BIGKAT _ P70 _ Left _ 1",163.295643398213,46.3118943390476,1235.18521244955,140.100376594134,89.2263883570232,1234.97916250004
"BIGKAT _ P70 _ Left _ 1",162.482329703067,47.0398213659909,1236.33953466806,140.37728930181,84.623974583142,1234.76036748101
"BIGKAT _ P70 _ Left _ 1",161.420162907143,47.6003960047124,1237.59228141472,140.875700443168,79.2727156506228,1234.40942931174
"BIGKAT _ P70 _ Left _ 1",160.197348756611,47.8463588744818,1238.78292924637,141.530242287088,73.5557861786725,1233.97243216677
"BIGKAT _ P70 _ Left _ 1",158.917160735031,47.7094990285984,1239.77783937519,142.256026796743,67.8922458540582,1233.49875531115
"BIGKAT _ P70 _ Left _ 1",157.692403089999,47.2216392096204,1240.48903283131,142.97087528388,62.7156279377179,1233.02826310555
"BIGKAT _ P70 _ Left _ 1",156.64099254947,46.5071834423525,1240.87951808294,143.6144613573,58.4475927766821,1232.58356363901
"BIGKAT _ P70 _ Left _ 1",155.880610504422,45.7469781834599,1240.95550064544,144.15645735721,55.464877418397,1232.17035636019
"BIGKAT _ P70 _ Left _ 1",155.519863329301,45.1239202506172,1240.75039078345,144.591053502213,54.059486873508,1231.78541959875
"BIGKAT _ P70 _ Left _ 1",155.644663110125,44.7686195515858,1240.30754750182,144.922113846504,54.3944249136183,1231.42818036291
"BIGKAT _ P70 _ Left _ 1",156.300960159661,44.7240681887414,1239.66796444835,145.147644983515,56.4603816746935,1231.11027164295
"BIGKAT _ P70 _ Left _ 1",157.477414153001,44.9407666247265,1238.86656564556,145.251750365532,60.04229583735,1230.85889184435
"BIGKAT _ P70 _ Left _ 1",159.093180130404,45.3014651878367,1237.93727009731,145.207572568574,64.7073724808511,1230.71305409009
"BIGKAT _ P70 _ Left _ 1",160.996132560119,45.6632985026823,1236.92321557473,144.988882149694,69.826432291892,1230.71487184803
"BIGKAT _ P70 _ Left _ 1",162.975226026743,45.8998222696113,1235.88583371802,144.584153512935,74.6368241004854,1230.89926624362
"BIGKAT _ P70 _ Left _ 1",164.787412717107,45.9284402774318,1234.90649100742,144.006763014037,78.3465992958007,1231.28479764548
"BIGKAT _ P70 _ Left _ 1",166.195487375338,45.717701837643,1234.0775916119,143.297632344011,80.2673267269416,1231.86691135203
"BIGKAT _ P70 _ Left _ 1",167.009842213533,45.27863015214,1233.4847976911,142.520095452654,79.9505373578688,1232.61400703525
"BIGKAT _ P70 _ Left _ 1",167.125533521231,44.6496434524738,1233.1859014883,141.749233278357,77.2952887861413,1233.46677137842
"BIGKAT _ P70 _ Left _ 1",166.546548263415,43.8840183948689,1233.19330174924,141.058997444196,72.5959334916812,1234.34164457731
"BIGKAT _ P70 _ Left _ 1",165.391326180271,43.0439461661395,1233.46588890462,140.510486882878,66.5116767713789,1235.13934787691
"BIGKAT _ P70 _ Left _ 1",163.876981357434,42.1994973683081,1233.91329476071,140.143857152443,59.9605193773783,1235.75864997718
"BIGKAT _ P70 _ Left _ 1",162.283882635019,41.4274459880747,1234.4120755733,139.974636618574,53.9619762756207,1236.11407647661
"BIGKAT _ P70 _ Left _ 1",160.906665036079,40.8054428395952,1234.83040027152,139.993714298249,49.4653537293222,1236.15444166681
"BIGKAT _ P70 _ Left _ 1",160.001291106087,40.4006745888772,1235.05566524625,140.170242637676,47.1978604850908,1235.87749083718
"BIGKAT _ P70 _ Left _ 1",159.739233049692,40.2563159704359,1235.0184518495,140.457846422355,47.5537753697511,1235.33546792049
"BIGKAT _ P70 _ Left _ 1",160.178483981668,40.3811903595768,1234.70686082437,140.804905166858,50.5328323509932,1234.62787540849
"BIGKAT _ P70 _ Left _ 1",161.257257303204,40.7471191569122,1234.16770293992,141.168024514474,55.7303184802245,1233.8811880836
"BIGKAT _ P70 _ Left _ 1",162.811060574762,41.2952825872914,1233.49456838975,141.525018192346,62.3821460729035,1233.22002742687
"BIGKAT _ P70 _ Left _ 1",164.608626268386,41.9492945038612,1232.80611694871,141.882002590334,69.4684906568642,1232.73844760205
"BIGKAT _ P70 _ Left _ 1",166.398059521652,42.6304245271305,1232.22006451581,142.270417085003,75.8726762198972,1232.48094682759
"BIGKAT _ P70 _ Left _ 1",167.952573064606,43.2705471846105,1231.82903509349,142.73391688836,80.5763290680765,1232.43921838376
"BIGKAT _ P70 _ Left _ 1",169.106026756682,43.8205775321922,1231.68380730108,143.309838833284,82.8534150513938,1232.56414353743
"BIGKAT _ P70 _ Left _ 1",169.771881172096,44.2546912801221,1231.787650972,144.012408020391,82.4154876605557,1232.78671015239
"BIGKAT _ P70 _ Left _ 1",169.943807850366,44.5718585441916,1232.10264779853,144.823981076193,79.4671730717431,1233.03919474569
"BIGKAT _ P70 _ Left _ 1",169.680595782032,44.7957425803332,1232.56572562999,145.697452726282,74.6550136611151,1233.26972015865
"BIGKAT _ P70 _ Left _ 1",169.081224585065,44.9726574222235,1233.10958375935,146.568874859019,68.9250877818177,1233.44789340916
"BIGKAT _ P70 _ Left _ 1",168.257635799381,45.1662062423364,1233.6824850067,147.375427886263,63.3313378252123,1233.56380856238
"BIGKAT _ P70 _ Left _ 1",167.312561404274,45.4472965162976,1234.26114945454,148.071665971445,58.8458779339169,1233.62443335828
"BIGKAT _ P70 _ Left _ 1",166.3275470496,45.8796999696076,1234.85263297812,148.637927700832,56.2119421748322,1233.6498815492
"BIGKAT _ P70 _ Left _ 1",165.362329965555,46.5036153288967,1235.48418944415,149.078660122967,55.857176474165,1233.66959519418
"BIGKAT _ P70 _ Left _ 1",164.462325207025,47.3216260244141,1236.1843195577,149.412859953939,57.8631546045418,1233.71731362597
"BIGKAT _ P70 _ Left _ 1",163.668159592848,48.2919375773156,1236.96200481445,149.661597496422,61.9768640077982,1233.82413322367
"BIGKAT _ P70 _ Left _ 1",163.021376827352,49.3323126178358,1237.7923995794,149.837896409596,67.6527684879299,1234.01002649764
"BIGKAT _ P70 _ Left _ 1",162.563323007086,50.3348935858375,1238.61482296897,149.942586080599,74.122875416104,1234.27538793737
"BIGKAT _ P70 _ Left _ 1",162.328045428143,51.18815718762,1239.34370274854,149.967023417567,80.4974755469841,1234.59537391059
"BIGKAT _ P70 _ Left _ 1",162.332812454493,51.7993867383348,1239.8879326266,149.900825057848,85.8947681910334,1234.92028469938
"BIGKAT _ P70 _ Left _ 1",162.570504247619,52.110990910132,1240.17169192449,149.740965773739,89.584254341834,1235.1839433767
"BIGKAT _ P70 _ Left _ 1",163.006846029278,52.1069231112399,1240.15090827976,149.49834609521,91.1142337472525,1235.31893974706
"BIGKAT _ P70 _ Left _ 1",163.583375571522,51.8095258376414,1239.82247669904,149.199124127481,90.3880652705677,1235.27428908178
"BIGKAT _ P70 _ Left _ 1",164.225275157245,51.269952873559,1239.22565314861,148.880256417283,87.6631224082793,1235.02956670132
"BIGKAT _ P70 _ Left _ 1",164.852207665437,50.5559466158847,1238.43591558324,148.581086258275,83.4688442362071,1234.60085527746
"BIGKAT _ P70 _ Left _ 1",165.389949989491,49.7399378644747,1237.5520977205,148.334465267988,78.4673494977034,1234.03698737415
"BIGKAT _ P70 _ Left _ 1",165.780660305724,48.8894317745807,1236.67891140925,148.160872040588,73.3004092010016,1233.40778610808
"BIGKAT _ P70 _ Left _ 1",165.989924595827,48.0610154498654,1235.9088187133,148.067267450512,68.4708683370038,1232.78814272494
"BIGKAT _ P70 _ Left _ 1",166.009349528907,47.2988384461435,1235.30815966327,148.050134048456,64.2919511819519,1232.24263671389
"BIGKAT _ P70 _ Left _ 1",165.854487360302,46.6375355984552,1234.91132727894,148.10062725535,60.9102036277962,1231.81501910511
"BIGKAT _ P70 _ Left _ 1",165.559122403521,46.1079995650333,1234.72379563646,148.209424946495,58.3797173975886,1231.52517198638
"BIGKAT _ P70 _ Left _ 1",165.167906408161,45.7426407592932,1234.73131291283,148.369263703713,56.7487737480296,1231.37352304119
"BIGKAT _ P70 _ Left _ 1",164.729482020882,45.5760666315208,1234.91022958072,148.573956074956,56.1198052462281,1231.35040619729
"BIGKAT _ P70 _ Left _ 1",164.291438102421,45.6386532548444,1235.23397739073,148.814008334093,56.6564949089015,1231.44645097847
"BIGKAT _ P70 _ Left _ 1",163.897061404194,45.9441043475391,1235.67341742924,149.070766600805,58.5316702471215,1231.65984410585
"BIGKAT _ P70 _ Left _ 1",163.582644461544,46.4759990255654,1236.19290987595,149.312521282683,61.830800200037,1231.99705858219
"BIGKAT _ P70 _ Left _ 1",163.373894107133,47.1801927814909,1236.74703502151,149.496018062707,66.443703258521,1232.46562639518
"BIGKAT _ P70 _ Left _ 1",163.281103144637,47.9683985845786,1237.28274961458,149.574871025305,71.9867760233407,1233.06076463844
"BIGKAT _ P70 _ Left _ 1",163.294674841251,48.7337697521101,1237.74828254165,149.513245238092,77.7951316776455,1233.75106568374
"BIGKAT _ P70 _ Left _ 1",163.38402928567,49.3739430253024,1238.10540707668,149.300442586923,83.0064215383275,1234.47019569458
"BIGKAT _ P70 _ Left _ 1",163.502556579308,49.8135999969309,1238.33890703229,148.960987649751,86.7288299386034,1235.12028695199
"BIGKAT _ P70 _ Left _ 1",163.598863520786,50.019042237899,1238.45801775407,148.555805934607,88.2537064601641,1235.58862133812
"BIGKAT _ P70 _ Left _ 1",163.631330767672,50.0010717388782,1238.48883934192,148.172602423892,87.2508527460972,1235.77392042479
"BIGKAT _ P70 _ Left _ 1",163.580852442344,49.8070869082544,1238.46152856081,147.906852397668,83.8823735584379,1235.61431545034
"BIGKAT _ P70 _ Left _ 1",163.456830258256,49.5061712065304,1238.39847372136,147.838142412497,78.7931912000701,1235.10772727953
"BIGKAT _ P70 _ Left _ 1",163.294026028053,49.1713297545522,1238.3082596775,148.008690427274,72.9763899449267,1234.31768821634
"BIGKAT _ P70 _ Left _ 1",163.14152915919,48.8621277562109,1238.18632546921,148.410302371949,67.5531607382216,1233.36266736594
"BIGKAT _ P70 _ Left _ 1",163.04804751345,48.610439983366,1238.01982735787,148.982846545345,63.531349308155,1232.39229326555
"BIGKAT _ P70 _ Left _ 1",163.048601053286,48.4121995774671,1237.79345189738,149.623678554519,61.6041496453423,1231.55698555223
"BIGKAT _ P70 _ Left _ 1",163.156414013458,48.2278308292873,1237.49431307552,150.205388258978,62.0281753481036,1230.97768286558
"BIGKAT _ P70 _ Left _ 1",163.361447949957,47.9923858607164,1237.11564210952,150.598723169868,64.5940508473788,1230.72099640477
"BIGKAT _ P70 _ Left _ 1",163.634883134852,47.633548664528,1236.65939007934,150.697304206008,68.6844217234813,1230.78396742435
"BIGKAT _ P70 _ Left _ 1",163.937597566217,47.0929287839713,1236.13737549822,150.44017343359,73.404679053002,1231.09188651749
"BIGKAT _ P70 _ Left _ 1",164.230234947683,46.3446855091305,1235.57040334991,149.827605591008,77.7651032518188,1231.51133907277
"BIGKAT _ P70 _ Left _ 1",164.482454007184,45.4060889137551,1234.98544789431,148.925583586385,80.8849564961317,1231.87809915625
"BIGKAT _ P70 _ Left _ 1",164.67922734274,44.3370121722194,1234.41192742083,147.855626522194,82.1795083887417,1232.03579356935
"BIGKAT _ P70 _ Left _ 1",164.822632823402,43.2287503903349,1233.8784494665,146.769999592287,81.4851320251759,1231.8767637097
"BIGKAT _ P70 _ Left _ 1",164.928555403557,42.1856394788872,1233.41094497988,145.817543897327,79.0831402007583,1231.37265528609
"BIGKAT _ P70 _ Left _ 1",165.019084470882,41.3044794968556,1233.03211997322,145.110338215138,75.6054352304544,1230.58238988429
"BIGKAT _ P70 _ Left _ 1",165.112837597172,40.6564619056304,1232.76117732774,144.70269765338,71.8414947375493,1229.63239330725
"BIGKAT _ P70 _ Left _ 1",165.2163768043,40.2749258977849,1232.6125184563,144.589481322251,68.5034430022715,1228.67621752147
"BIGKAT _ P70 _ Left _ 1",165.319778341888,40.1508321475773,1232.59296685867,144.722073476015,66.0260188850387,1227.85025985464
"BIGKAT _ P70 _ Left _ 1",165.398141346627,40.2367355185023,1232.69840852313,145.032847090431,64.4690493687708,1227.24222187856
"BIGKAT _ P70 _ Left _ 1",165.418751719068,40.4589304904289,1232.91160504387,145.457004366359,63.5532143127331,1226.87997032984
"BIGKAT _ P70 _ Left _ 1",165.351527055542,40.7358236891968,1233.20276318494,145.944789318346,62.8107509066307,1226.73799455176
"BIGKAT _ P70 _ Left _ 1",165.179156510086,40.9985091788273,1233.53345516603,146.463552359997,61.7922923340101,1226.7534792675
"BIGKAT _ P70 _ Left _ 1",164.90364623101,41.2079062457714,1233.86313186675,146.99377769949,60.2553172953327,1226.84514887882
"BIGKAT _ P70 _ Left _ 1",164.5476956698,41.362807481003,1234.15608855743,147.524007961053,58.2728348105776,1226.9320739926
"BIGKAT _ P70 _ Left _ 1",164.151477521109,41.495252052859,1234.38597543505,148.047408123098,56.2344058594591,1226.95240156918
"BIGKAT _ P70 _ Left _ 1",163.766664800226,41.6535162588623,1234.5358445233,148.559847133391,54.7491917335083,1226.88109015528
"BIGKAT _ P70 _ Left _ 1",163.449386685676,41.8777810065063,1234.59441452656,149.057929153272,54.487456807767,1226.74235644808
"BIGKAT _ P70 _ Left _ 1",163.252856826312,42.1773199315815,1234.55192854861,149.535762963,56.0068714000777,1226.61084559633
"BIGKAT _ P70 _ Left _ 1",163.21983967261,42.5185668985094,1234.39936395942,149.980340788794,59.6063234232134,1226.59830784256
"BIGKAT _ P70 _ Left _ 1",163.3754254147,42.8296811628658,1234.13231556353,150.366312320602,65.2388336551784,1226.82784185435
"BIGKAT _ P70 _ Left _ 1",163.721309002501,43.0206487135148,1233.75751751895,150.651830927785,72.5001929692341,1227.40156286468
"BIGKAT _ P70 _ Left _ 1",164.233018731613,43.0117059355799,1233.29839119638,150.778274179927,80.6926633734448,1228.36862492668
"BIGKAT _ P70 _ Left _ 1",164.860905122496,42.7599811156428,1232.79717671418,150.677190032751,88.9460047693603,1229.70065143658
"BIGKAT _ P70 _ Left _ 1",165.534644088171,42.2757508027193,1232.31342387382,150.286315167636,96.3654628343023,1231.28194890103
"BIGKAT _ P70 _ Left _ 1",166.170326598493,41.6241598550456,1231.91955660191,149.572545278919,102.172122029696,1232.9207891125
"BIGKAT _ P70 _ Left _ 1",166.679233289499,40.9130894758384,1231.69358636117,148.555009683953,105.80640572185,1234.38331228719
"BIGKAT _ P70 _ Left _ 1",166.977803209618,40.2712159154481,1231.70841957307,147.318824818702,106.97851277596,1235.4436994463
"BIGKAT _ P70 _ Left _ 1",166.998536976055,39.8217570749782,1232.01785070556,146.011801318641,105.666209058328,1235.93683176383
"BIGKAT _ P70 _ Left _ 1",166.701272035696,39.6574696903292,1232.64111907143,144.822078136075,102.075532493337,1235.79714074823
"BIGKAT _ P70 _ Left _ 1",166.083415165538,39.821823673613,1233.54993410683,143.941562131315,96.5878486585707,1235.07194498959
"BIGKAT _ P70 _ Left _ 1",165.186632869899,40.3003198645771,1234.66314246837,143.524814597048,89.712968044146,1233.90699809357
"BIGKAT _ P70 _ Left _ 1",164.096940021393,41.0244251167001,1235.85356112082,143.65420284092,82.0540558974221,1232.51058202887
"BIGKAT _ P70 _ Left _ 1",162.936038844624,41.8879271300015,1236.96803924847,144.320368624578,74.2748670662033,1231.10644911703
"BIGKAT _ P70 _ Left _ 1",161.844341754593,42.7715683279831,1237.85642296415,145.423178333511,67.0548608910431,1229.88675560067
"BIGKAT _ P70 _ Left _ 1",160.959166116281,43.568182779956,1238.40086963021,146.792695927124,61.0269336250728,1228.97651696572
"BIGKAT _ P70 _ Left _ 1",160.393314634469,44.1999628350019,1238.53676273041,148.223883305353,56.7078339243513,1228.41918884568
"BIGKAT _ P70 _ Left _ 1",160.218783781236,44.6232848825946,1238.26022730654,149.515568433822,54.4399801202849,1228.18567889361
"BIGKAT _ P70 _ Left _ 1",160.458309252279,44.8227278986732,1237.62231709332,150.505173368123,54.3597542910206,1228.19970284826
"BIGKAT _ P70 _ Left _ 1",161.085199329655,44.8004732110845,1236.71371502978,151.093946523957,56.3968877798362,1228.3682337229
"BIGKAT _ P70 _ Left _ 1",162.0304321355,44.5675548327829,1235.64504226168,151.260139449229,60.3013285833068,1228.60872778024
"BIGKAT _ P70 _ Left _ 1",163.195487761733,44.1400258415692,1234.52687175961,151.058850553424,65.691494803464,1228.86978331749
"BIGKAT _ P70 _ Left _ 1",164.469233119528,43.5387297249085,1233.45187975455,150.608259280045,72.1176737943422,1229.14432459722
"BIGKAT _ P70 _ Left _ 1",165.7465791087,42.7888860641431,1232.48099455022,150.063781264707,79.1316759808355,1229.47442991688
"BIGKAT _ P70 _ Left _ 1",166.945543073397,41.916569728377,1231.63601481952,149.584100153199,86.3482144522232,1229.94674325793
"BIGKAT _ P70 _ Left _ 1",168.018674642813,40.9424681227624,1230.90132252293,149.295036519758,93.4801019464366,1230.67800374995
"BIGKAT _ P70 _ Left _ 1",168.95555656505,39.8763460925216,1230.23550013806,149.258116597837,100.334744757617,1231.79118737149
"BIGKAT _ P70 _ Left _ 1",169.775482243139,38.7161477690811,1229.59012755238,149.450623284446,106.774373321209,1233.38399068798
"BIGKAT _ P70 _ Left _ 1",170.512599485101,37.453532497836,1228.92974516812,149.762877746761,112.659409413708,1235.49379917918
"BIGKAT _ P70 _ Left _ 1",171.198376453094,36.0846244696647,1228.24613194267,150.015847400383,117.802630154943,1238.06690202583
"BIGKAT _ P70 _ Left _ 1",171.846973532589,34.6226256810033,1227.56243658332,149.997625045343,121.956245399651,1240.94195349028
"BIGKAT _ P70 _ Left _ 1",172.447679545773,33.1082686752833,1226.92707016981,149.51217112623,124.838870362831,1243.85554768069
"BIGKAT _ P70 _ Left _ 1",172.965804769721,31.614502232243,1226.40115274683,148.430029944526,126.193560793109,1246.4718676482
"BIGKAT _ P70 _ Left _ 1",173.350671686518,30.2429606556358,1226.04476187693,146.72954906344,125.85777315038,1248.4325158912
"BIGKAT _ P70 _ Left _ 1",173.547558628298,29.1116944450546,1225.90624022195,144.518122222111,123.822205492314,1249.41912203082
"BIGKAT _ P70 _ Left _ 1",173.509870749513,28.3361938068515,1226.01672491318,142.025889503475,120.256762385988,1249.21846940476
"BIGKAT _ P70 _ Left _ 1",173.208368818399,28.0080388564383,1226.38976221984,139.569843131417,115.488739238718,1247.77556238921
"BIGKAT _ P70 _ Left _ 1",172.635835625398,28.1763328815794,1227.02358586569,137.49454156976,109.932258963623,1245.21695898456
"BIGKAT _ P70 _ Left _ 1",171.807593145027,28.8359145042111,1227.90228818385,136.103941665629,103.987498437847,1241.83170911237
"BIGKAT _ P70 _ Left _ 1",170.759747808758,29.9240154538988,1228.9932462608,135.602375272538,97.9453554554665,1238.01293242904
"BIGKAT _ P70 _ Left _ 1",169.546927681281,31.3250866217531,1230.24185985446,136.058797963808,91.9363275932406,1234.18061339762
"BIGKAT _ P70 _ Left _ 1",168.239634991853,32.8829676217894,1231.5685015453,137.39983207636,85.9454727612996,1230.71162655103
"BIGKAT _ P70 _ Left _ 1",166.919582876004,34.4200247613178,1232.87332301658,139.429345431316,79.885428507852,1227.89229631902
"BIGKAT _ P70 _ Left _ 1",165.671295007272,35.7628609045429,1234.05082078786,141.868413838681,73.693522483767,1225.8928910124
"BIGKAT _ P70 _ Left _ 1",164.570391991532,36.772459669181,1235.00989371028,144.408124641496,67.4117601712175,1224.75658562618
"BIGKAT _ P70 _ Left _ 1",163.671968071186,37.3733210959972,1235.69098938441,146.765838405539,61.2223318349399,1224.4009650198
"BIGKAT _ P70 _ Left _ 1",163.00385001077,37.5730844304422,1236.07310868813,148.732864647332,55.4357035013923,1224.63852365776
"BIGKAT _ P70 _ Left _ 1",162.567942725113,37.4638659661008,1236.16890316413,150.201219313365,50.4476991085718,1225.22172211252
"BIGKAT _ P70 _ Left _ 1",162.349217437217,37.2006456995477,1236.0116593042,151.162452794938,46.6860625652761,1225.90599482238
"BIGKAT _ P70 _ Left _ 1",162.328523195943,36.9597199933633,1235.64039595066,151.681358300066,44.5576034927752,1226.5111899344
"BIGKAT _ P70 _ Left _ 1",162.494043744741,36.8884186943556,1235.0886124066,151.856330225356,44.395179584028,1226.95991338042
"BIGKAT _ P70 _ Left _ 1",162.847039361834,37.0621603359618,1234.38009048499,151.78130841945,46.3998721708066,1227.28127752417
"BIGKAT _ P70 _ Left _ 1",163.39969844167,37.4638390928505,1233.53266756506,151.520876958668,50.5800510933982,1227.58262247068
"BIGKAT _ P70 _ Left _ 1",164.165610447368,37.9932471175188,1232.56830713476,151.103046077707,56.7001554340384,1228.00198996198
"BIGKAT _ P70 _ Left _ 1",165.1458846005,38.5032252122733,1231.5253785019,150.527254294185,64.2599359725115,1228.65754980324
"BIGKAT _ P70 _ Left _ 1",166.315645297178,38.8491113647927,1230.46756804728,149.780929386154,72.5235974526563,1229.60769423774
"BIGKAT _ P70 _ Left _ 1",167.615935439384,38.9336516286642,1229.48425076067,148.857567835452,80.6062534739816,1230.82974977132
"BIGKAT _ P70 _ Left _ 1",168.954665968444,38.7330430401335,1228.67991716216,147.771715786185,87.6064277371445,1232.21929162392
"BIGKAT _ P70 _ Left _ 1",170.217538575513,38.298916378325,1228.15454710492,146.569007634249,92.7562818946403,1233.607993834
"BIGKAT _ P70 _ Left _ 1",171.286834344805,37.7405043683112,1227.98062680934,145.330507854065,95.5539441667503,1234.79582708427
"BIGKAT _ P70 _ Left _ 1",172.063682114176,37.1964197382336,1228.18392790501,144.170073601219,95.8477072227789,1235.59184277213
"BIGKAT _ P70 _ Left _ 1",172.488495686224,36.8053788599721,1228.73383669312,143.223173740455,93.8561569629384,1235.85594486726
"BIGKAT _ P70 _ Left _ 1",172.554703331797,36.6820174015875,1229.54609403022,142.627179271031,90.1240293477684,1235.53261991975
"BIGKAT _ P70 _ Left _ 1",172.312372266881,36.9005447054082,1230.4976501209,142.496325681344,85.4246864167739,1234.66786643109
"BIGKAT _ P70 _ Left _ 1",171.860477514928,37.4868759578177,1231.45060175972,142.897519974058,80.6252413212914,1233.40340541933
"BIGKAT _ P70 _ Left _ 1",171.328950905805,38.4188780086927,1232.28013212437,143.834068885027,76.5329553182318,1231.94770262944
"BIGKAT _ P70 _ Left _ 1",170.853792962025,39.6336581073075,1232.90031708642,145.242503948706,73.7460606385252,1230.53031597405
"BIGKAT _ P70 _ Left _ 1",170.550072533816,41.03997509648,1233.28171999848,147.003545656217,72.5388938814272,1229.35218319857
"BIGKAT _ P70 _ Left _ 1",170.488357123869,42.5329920565245,1233.4559351973,148.963489406531,72.8138836402404,1228.54653488082
"BIGKAT _ P70 _ Left _ 1",170.679759761122,44.0081794512435,1233.50494442411,150.959074782662,74.1430723071344,1228.1611880421
"BIGKAT _ P70 _ Left _ 1",171.073173752932,45.3716591930331,1233.53718273959,152.838841001778,75.8972317828617,1228.16444288203
"BIGKAT _ P70 _ Left _ 1",171.565660920771,46.5457135746466,1233.65631396691,154.476840206171,77.4297820657464,1228.46828762195
"BIGKAT _ P70 _ Left _ 1",172.024081687819,47.470068159982,1233.93111351657,155.77837919034,78.2606092959757,1228.95847406773
"BIGKAT _ P70 _ Left _ 1",172.313654051545,48.1009885815763,1234.37452288986,156.680172017089,78.2032424738057,1229.5220715344
"BIGKAT _ P70 _ Left _ 1",172.327666889639,48.4104204063117,1234.9372330338,157.148170823173,77.3990492003342,1230.06716286763
"BIGKAT _ P70 _ Left _ 1",172.012225669052,48.3863376181676,1235.5173357827,157.175640618343,76.254967207047,1230.53380780733
"BIGKAT _ P70 _ Left _ 1",171.380713725711,48.034032376862,1235.98372747577,156.782365704046,75.3126634163002,1230.89833281778
"BIGKAT _ P70 _ Left _ 1",170.514590477251,47.377306406605,1236.20758217446,156.014166686277,75.0951270570397,1231.17337266383
"BIGKAT _ P70 _ Left _ 1",169.549965719012,46.458729402954,1236.0940479753,154.941204904116,75.9770627454638,1231.40445286182
"BIGKAT _ P70 _ Left _ 1",168.65245317146,45.3387951022326,1235.60639873557,153.65417254268,78.1112316200602,1231.66230614696
"BIGKAT _ P70 _ Left _ 1",167.985327806964,44.0941385829205,1234.77739300955,152.258593468656,81.4216020721914,1232.0304126517
"BIGKAT _ P70 _ Left _ 1",167.677411802375,42.814635598042,1233.7062673968,150.867881786551,85.6534563124571,1232.5894682626
"BIGKAT _ P70 _ Left _ 1",167.797228812056,41.5986055867796,1232.54283411876,149.59524417978,90.4559750526941,1233.402610878
"BIGKAT _ P70 _ Left _ 1",168.338968566219,40.5451985621807,1231.46172981542,148.543990028794,95.4677331620506,1234.50498228571
"BIGKAT _ P70 _ Left _ 1",169.223814637129,39.7436779645347,1230.63065421122,147.796449419304,100.381263069169,1235.89860543322
"BIGKAT _ P70 _ Left _ 1",170.317116712465,39.2605578363738,1230.17761856965,147.403354137427,104.97673472049,1237.55127996509
"BIGKAT _ P70 _ Left _ 1",171.458018484749,39.1270428870147,1230.16368110702,147.376849375901,109.129472567183,1239.39857253436
"BIGKAT _ P70 _ Left _ 1",172.494630541097,39.3303440251472,1230.56788377587,147.689899274268,112.802983299812,1241.35010874463
"BIGKAT _ P70 _ Left _ 1",173.316040979447,39.8124235962628,1231.28922606006,148.282513283503,116.035204815198,1243.30190069771
"BIGKAT _ P70 _ Left _ 1",173.873014789419,40.4782025635097,1232.1671088168,149.072214173521,118.915909406371,1245.15329315808
"BIGKAT _ P70 _ Left _ 1",174.181967755659,41.2126674603975,1233.01747963066,149.96456344687,121.547220692382,1246.82203930493
"BIGKAT _ P70 _ Left _ 1",174.311148140391,41.9035163102412,1233.67720910861,150.860854312185,123.983828507608,1248.24840256887
"BIGKAT _ P70 _ Left _ 1",174.352948098244,42.4638341193688,1234.0452530736,151.663711284405,126.16359011279,1249.38278692963
"BIGKAT _ P70 _ Left _ 1",174.390429780419,42.8485624947743,1234.10830205325,152.284429761656,127.854127363819,1250.16130565219
"BIGKAT _ P70 _ Left _ 1",174.468031201841,43.0597834698266,1233.9423269163,152.655340773127,128.645972912187,1250.4846647056
"BIGKAT _ P70 _ Left _ 1",174.575265941066,43.1390030477171,1233.68865984812,152.74593174298,128.012044379077,1250.21947049556
"BIGKAT _ P70 _ Left _ 1",174.648308071817,43.1487608460905,1233.51133556527,152.576082885078,125.429999705248,1249.23260637275
"BIGKAT _ P70 _ Left _ 1",174.58885396164,43.149516641802,1233.54852285304,152.217873455455,120.538300773215,1247.45176792382
"BIGKAT _ P70 _ Left _ 1",174.294357606952,43.1795112556919,1233.87283808209,151.781007162329,113.279224299289,1244.92791386335
"BIGKAT _ P70 _ Left _ 1",173.690397749626,43.2445175648303,1234.4723654629,151.384474779446,103.979641074494,1241.86792452581
"BIGKAT _ P70 _ Left _ 1",172.755661262661,43.3212210623104,1235.2572467001,151.124533933463,93.3355736316132,1238.61371830666
"BIGKAT _ P70 _ Left _ 1",171.532881791288,43.373131052049,1236.08808327297,151.051831207374,82.2966331786829,1235.56651511887
"BIGKAT _ P70 _ Left _ 1",170.12389852789,43.3728175377065,1236.81532759238,151.16603210818,71.8820408075078,1233.08239849691
"BIGKAT _ P70 _ Left _ 1",168.671763378405,43.3209721470536,1237.31626968853,151.426884259956,62.9858681673839,1231.3816737071
"BIGKAT _ P70 _ Left _ 1",167.335674957654,43.2532678814773,1237.5190174958,151.772632577988,56.2316237648592,1230.50757093535
"BIGKAT _ P70 _ Left _ 1",166.264863635034,43.2306771199046,1237.40913963336,152.135612055439,51.9133134633651,1230.34385008897
"BIGKAT _ P70 _ Left _ 1",165.57616610098,43.3159743643973,1237.0211982354,152.450324032507,50.0243929096184,1230.67431440531
"BIGKAT _ P70 _ Left _ 1",165.338180490874,43.5453395997223,1236.42160479306,152.656246505946,50.3461523983993,1231.25560627014
"BIGKAT _ P70 _ Left _ 1",165.563423021443,43.9064270046654,1235.68992222752,152.701183185053,52.554733645405,1231.87897247559
"BIGKAT _ P70 _ Left _ 1",166.208939279001,44.3319738088092,1234.90347769043,152.549550941514,56.3114091386551,1232.40874298335
"BIGKAT _ P70 _ Left _ 1",167.185062419812,44.7120917035318,1234.1268269042,152.195088363514,61.316730747619,1232.79711495685
"BIGKAT _ P70 _ Left _ 1",168.371128590388,44.9212768919004,1233.40526280594,151.672228187178,67.3266806689672,1233.08173214672
"BIGKAT _ P70 _ Left _ 1",169.635806114728,44.8507901094809,1232.76123510088,151.05823165516,74.1409595894209,1233.37276881501
"BIGKAT _ P70 _ Left _ 1",170.858417657196,44.4356885066898,1232.19380470957,150.460789925299,81.5770649466543,1233.83179775623
"BIGKAT _ P70 _ Left _ 1",171.946744625014,43.6689444458438,1231.68252232581,149.991849291823,89.4406703003031,1234.64069646822
"BIGKAT _ P70 _ Left _ 1",172.847007616409,42.6008961317204,1231.19687513785,149.734719424473,97.4978488676195,1235.95929349254
"BIGKAT _ P70 _ Left _ 1",173.543489577372,41.3275229061305,1230.71041274254,149.715304661152,105.452329657959,1237.87518817696
"BIGKAT _ P70 _ Left _ 1",174.04836450338,39.9733302701938,1230.21590874642,149.888317782435,112.932529123766,1240.35516199802
"BIGKAT _ P70 _ Left _ 1",174.38557680966,38.6738045991886,1229.73612717952,150.145530645586,119.496183971809,1243.21222737878
"BIGKAT _ P70 _ Left _ 1",174.574566190453,37.5599994662522,1229.32538001487,150.346324057868,124.660768262355,1246.10385753505
"BIGKAT _ P70 _ Left _ 1",174.619323872689,36.7456015104842,1229.06030265894,150.362888805477,127.962445367383,1248.57327456441
"BIGKAT _ P70 _ Left _ 1",174.505940976635,36.3158373862782,1229.02261027251,150.12600731621,129.035537167715,1250.13540380196
"BIGKAT _ P70 _ Left _ 1",174.208601495895,36.3180175072304,1229.27958314034,149.655067909984,127.692552890608,1250.39326696699
"BIGKAT _ P70 _ Left _ 1",173.701199603652,36.7547716647586,1229.86808357732,149.059835427671,123.978036030078,1249.15363726073
"BIGKAT _ P70 _ Left _ 1",172.970337736337,37.5819702820938,1230.78545438408,148.511531619131,118.173757715187,1246.50100525768
"BIGKAT _ P70 _ Left _ 1",172.025608660983,38.7130228794218,1231.98761911308,148.193249436613,110.749696599426,1242.79610245123
"BIGKAT _ P70 _ Left _ 1",170.904373614022,40.0298491051136,1233.39294040981,148.247988983699,102.27843035738,1238.5921966812
"BIGKAT _ P70 _ Left _ 1",169.670044033018,41.3993238035052,1234.89037946715,148.741831410124,93.3469050121029,1234.497092033
"BIGKAT _ P70 _ Left _ 1",168.404589375923,42.6930379067341,1236.35130149769,149.651312770838,84.4975613515949,1231.03029135775
"BIGKAT _ P70 _ Left _ 1",167.197310731857,43.8074181004075,1237.64448589886,150.874060821629,76.2106361677861,1228.52083148068
"BIGKAT _ P70 _ Left _ 1",166.132688781704,44.6800460456185,1238.65282789357,152.255405309774,68.9146500613801,1227.06854374865
"BIGKAT _ P70 _ Left _ 1",165.28022589368,45.2969383594756,1239.28847986918,153.621753144866,62.9992907554063,1226.56682941211
"BIGKAT _ P70 _ Left _ 1",164.688543215448,45.6864117056887,1239.50239614681,154.812274513587,58.8102279518894,1226.76922214191
"BIGKAT _ P70 _ Left _ 1",164.384549205048,45.8995152057846,1239.28581141033,155.702781462752,56.6210129173398,1227.37502764998
"BIGKAT _ P70 _ Left _ 1",164.376612583467,45.9837771975865,1238.66477055929,156.219246095515,56.5909106977452,1228.10883400885
"BIGKAT _ P70 _ Left _ 1",164.65918421252,45.9619673357151,1237.69211569376,156.341942412004,58.723552013735,1228.77507157725
"BIGKAT _ P70 _ Left _ 1",165.216139351838,45.8264161005761,1236.44169372942,156.102896813338,62.8414460058299,1229.28075149203
"BIGKAT _ P70 _ Left _ 1",166.021525557758,45.5517888998294,1235.00627560754,155.578779136865,68.5887503799015,1229.63118037533
"BIGKAT _ P70 _ Left _ 1",167.038600393081,45.1193738652679,1233.49598531221,154.880005811727,75.4695586401849,1229.90913216158
"BIGKAT _ P70 _ Left _ 1",168.219532806716,44.539782888612,1232.03178080778,154.136370412144,82.9201102925811,1230.24697507803
"BIGKAT _ P70 _ Left _ 1",169.507842084588,43.8620351974584,1230.73102190178,153.480252548271,90.4013994920626,1230.79729349541
"BIGKAT _ P70 _ Left _ 1",170.843834498067,43.1644442068098,1229.68776130774,153.029241833005,97.4879680827217,1231.70453777566
"BIGKAT _ P70 _ Left _ 1",172.171354347556,42.5320201333124,1228.95487070901,152.869793267296,103.925454805575,1233.07926571605
"BIGKAT _ P70 _ Left _ 1",173.443350029885,42.0310556090398,1228.5354983828,153.042649132931,109.637409517827,1234.9764091043
"BIGKAT _ P70 _ Left _ 1",174.624323605953,41.6916578742466,1228.38789516244,153.530673445688,114.678848587981,1237.37880821833
"BIGKAT _ P70 _ Left _ 1",175.6891336156,41.5043663588865,1228.44245092193,154.251409241231,119.153164312566,1240.18741359493
"BIGKAT _ P70 _ Left _ 1",176.619107023775,41.4307824109413,1228.62506939695,155.059222327006,123.122654637614,1243.22058502352
"BIGKAT _ P70 _ Left _ 1",177.39737016064,41.4231332100979,1228.87868348292,155.762867168238,126.545879711242,1246.22616090596
"BIGKAT _ P70 _ Left _ 1",178.005385527896,41.4452590290249,1229.1759573186,156.161271689915,129.265508476753,1248.90955886041
"BIGKAT _ P70 _ Left _ 1",178.421946709107,41.4878143283018,1229.52044679686,156.092902132525,131.050418128387,1250.97736677749
"BIGKAT _ P70 _ Left _ 1",178.624786874894,41.572961262711,1229.93822120667,155.485142962015,131.672503252844,1252.18907699642
"BIGKAT _ P70 _ Left _ 1",178.594063767665,41.7474551744109,1230.46450355938,154.385178528509,130.982759889441,1252.40328973818
"BIGKAT _ P70 _ Left _ 1",178.316661649959,42.0664496498732,1231.12948477381,152.957620694163,128.952144682787,1251.60366039683
"BIGKAT _ P70 _ Left _ 1",177.790469055484,42.5725279658878,1231.94560522442,151.446505597527,125.661698102106,1249.89631085558
"BIGKAT _ P70 _ Left _ 1",177.028116764506,43.275143231192,1232.89739656021,150.114110576263,121.253984674182,1247.48159775167
"BIGKAT _ P70 _ Left _ 1",176.059555143681,44.1353695765576,1233.9353956222,149.177702917153,115.878229084727,1244.61276132223
"BIGKAT _ P70 _ Left _ 1",174.932261500822,45.0602858014568,1234.97685440992,148.763261678484,109.66198748789,1241.55645966937
"BIGKAT _ P70 _ Left _ 1",173.707528741294,45.9103515633692,1235.91590006992,148.885479774409,102.722570577902,1238.5644800608
"BIGKAT _ P70 _ Left _ 1",172.452098317532,46.5210133358828,1236.64299711291,149.453398259515,95.2051513968667,1235.85651661876
"BIGKAT _ P70 _ Left _ 1",171.226390062607,46.7360935551945,1237.06921388941,150.295894205866,87.3189580449474,1233.60760815601
"BIGKAT _ P70 _ Left _ 1",170.072654961188,46.4461961059232,1237.14803953008,151.200363863517,79.3467369737275,1231.93442368882
"BIGKAT _ P70 _ Left _ 1",169.007202463373,45.6222968961179,1236.88826616703,151.957764126586,71.6207878165337,1230.88037963089
"BIGKAT _ P70 _ Left _ 1",168.019897389693,44.3344654224824,1236.35476197006,152.405721301224,64.4786306888801,1230.40566249742
"BIGKAT _ P70 _ Left _ 1",167.081866600906,42.7487202621254,1235.65755289875,152.460106091198,58.2215187803909,1230.39033161349
"BIGKAT _ P70 _ Left _ 1",166.159809651935,41.1006392143212,1234.93210696551,152.127095162031,53.0952051093415,1230.65549032599
"BIGKAT _ P70 _ Left _ 1",165.233401070561,39.6507970561857,1234.31475160516,151.493083543563,49.2979999877817,1231.00104317561
"BIGKAT _ P70 _ Left _ 1",164.311428062164,38.6320835979372,1233.9170799597,150.696614635274,47.0048107799409,1231.25236940378
"BIGKAT _ P70 _ Left _ 1",163.442375022036,38.2008589111489,1233.80300155707,149.891533681561,46.3864277068337,1231.30474929202
"BIGKAT _ P70 _ Left _ 1",162.715853859532,38.4028799640314,1233.97262832171,149.2120761843,47.6052089823272,1231.15386004209
"BIGKAT _ P70 _ Left _ 1",162.252632733533,39.1620823363061,1234.35786383695,148.748594333599,50.7798935037793,1230.90273377537
"BIGKAT _ P70 _ Left _ 1",162.183344285172,40.2960093667134,1234.83355409093,148.538048154767,55.9277832037668,1230.74041302468
"BIGKAT _ P70 _ Left _ 1",162.619247716992,41.5556302134365,1235.24416846742,148.567795407603,62.9052282674405,1230.89502900705
"BIGKAT _ P70 _ Left _ 1",163.621773133135,42.6802429495126,1235.44019448913,148.786874193464,71.3719063520879,1231.57226598706
"BIGKAT _ P70 _ Left _ 1",165.179279947914,43.4529201138308,1235.31379367268,149.118112076442,80.7985103439408,1232.89572218471
"BIGKAT _ P70 _ Left _ 1",167.198083886014,43.7417116494097,1234.82298157339,149.467416509381,90.5228448748523,1234.86584947812
"BIGKAT _ P70 _ Left _ 1",169.510551573266,43.517307546721,1233.9983247401,149.73118162163,99.8417123982628,1237.34890069061
"BIGKAT _ P70 _ Left _ 1",171.897917634403,42.846335578126,1232.93301659834,149.805488592112,108.113019991369,1240.09875687097
"BIGKAT _ P70 _ Left _ 1",174.121791841354,41.866693225873,1231.76215820347,149.599953583151,114.839746417921,1242.80544938966
"BIGKAT _ P70 _ Left _ 1",175.957213183023,40.7545286793736,1230.63828622629,149.055590836647,119.714825158748,1245.15722004589
"BIGKAT _ P70 _ Left _ 1",177.221206177065,39.6916251281996,1229.70866707991,148.162229616643,122.619053341377,1246.89987669984
"BIGKAT _ P70 _ Left _ 1",177.793029136591,38.838671053116,1229.09745304752,146.969064901703,123.577759462646,1247.87866156201
"BIGKAT _ P70 _ Left _ 1",177.624640013887,38.3161499649011,1228.89350508995,145.583091957698,122.693570075302,1248.05348647117
"BIGKAT _ P70 _ Left _ 1",176.741694789744,38.1919182824806,1229.14296778004,144.154197127132,120.080936093386,1247.48680278036
"BIGKAT _ P70 _ Left _ 1",175.236439359781,38.4739977240609,1229.84508754055,142.850451832655,115.830019919219,1246.31189742408
"BIGKAT _ P70 _ Left _ 1",173.254258375488,39.1086802186519,1230.95059490924,141.829866886641,110.01849747952,1244.69460705284
"BIGKAT _ P70 _ Left _ 1",170.975608987602,39.9862548998309,1232.36357738329,141.214397718832,102.769137283552,1242.80088398268
"BIGKAT _ P70 _ Left _ 1",168.5948981679,40.9572955220832,1233.94891958307,141.070042388402,94.3267285981241,1240.77692942218
"BIGKAT _ P70 _ Left _ 1",166.298057157542,41.8600270944938,1235.54708665219,141.395871130394,85.1139141192693,1238.74145393355
"BIGKAT _ P70 _ Left _ 1",164.241557423898,42.5542447652484,1236.99585014662,142.124893824065,75.732001461457,1236.78526648576
"BIGKAT _ P70 _ Left _ 1",162.536983070611,42.952130157488,1238.15504443161,143.138401615401,66.8981868360691,1234.97356128031
"BIGKAT _ P70 _ Left _ 1",161.245469324351,43.034794368496,1238.92760794509,144.291151683687,59.3404686919665,1233.34936453451
"BIGKAT _ P70 _ Left _ 1",160.383946742458,42.8478218792626,1239.27052384981,145.439666864157,53.6876708918265,1231.939248703
"BIGKAT _ P70 _ Left _ 1",159.940759118396,42.4779281271016,1239.19328022106,146.464409959329,50.3859677191217,1230.76212946935
"BIGKAT _ P70 _ Left _ 1",159.894262814509,42.0210333475603,1238.7465375247,147.280387506311,49.6530383208602,1229.83909940168
"BIGKAT _ P70 _ Left _ 1",160.226758959332,41.5549502302156,1238.00669865817,147.836977267601,51.4630660215499,1229.19960162069
"BIGKAT _ P70 _ Left _ 1",160.928237329503,41.1265103133238,1237.06200867164,148.112246946845,55.5513369140123,1228.87949453409
"BIGKAT _ P70 _ Left _ 1",161.989016008133,40.7556442367113,1236.00345005785,148.107735274772,61.4352302325369,1228.91023811476
"BIGKAT _ P70 _ Left _ 1",163.385527323308,40.4511137039526,1234.92029504979,147.847270650383,68.4595797426718,1229.30371911631
"BIGKAT _ P70 _ Left _ 1",165.066886248625,40.2275018036214,1233.89730469314,147.379912628501,75.8781023199963,1230.0410521993
"BIGKAT _ P70 _ Left _ 1",166.94970183924,40.1130621095827,1233.00992976381,146.784375492796,82.9730399021482,1231.07342555964
"BIGKAT _ P70 _ Left _ 1",168.924805129962,40.1433482339922,1232.31599055116,146.170987029386,89.1950486875542,1232.33810415359
"BIGKAT _ P70 _ Left _ 1",170.874148269648,40.3434546515637,1231.84566980787,145.676932563209,94.285318568658,1233.78498001062
"BIGKAT _ P70 _ Left _ 1",172.69191749568,40.7077766448837,1231.5938263138,145.451054188139,98.3347757120257,1235.4022075563
"BIGKAT _ P70 _ Left _ 1",174.302726020596,41.1873242502144,1231.51838756549,145.62669239847,101.748307957173,1237.22715990571
"BIGKAT _ P70 _ Left _ 1",175.671460311878,41.6909357120499,1231.54655745748,146.285757066014,105.112256993157,1239.33302648773
"BIGKAT _ P70 _ Left _ 1",176.802465588673,42.1009011549779,1231.58820951014,147.423120586442,108.998682473506,1241.79078100288
"BIGKAT _ P70 _ Left _ 1",177.728844258815,42.2984793389887,1231.5540085425,148.924203634168,113.764354343946,1244.61729376617
"BIGKAT _ P70 _ Left _ 1",178.495021944057,42.1921328852887,1231.37459307943,150.567454354053,119.404916772815,1247.72812171896
"BIGKAT _ P70 _ Left _ 1",179.137156711716,41.7411016324022,1231.01658867592,152.057260940182,125.505224515401,1250.91411576581
"BIGKAT _ P70 _ Left _ 1",179.66621393045,40.9685796694688,1230.49174755133,153.083920314235,131.29625961736,1253.85393135336
"BIGKAT _ P70 _ Left _ 1",180.057669243828,39.9614697356617,1229.85725467807,153.398231924052,135.800759617334,1256.16304570935
"BIGKAT _ P70 _ Left _ 1",180.250383428575,38.8565688060215,1229.20736613244,152.881439230014,138.031657756674,1257.46869876597
"BIGKAT _ P70 _ Left _ 1",180.15570828628,37.8154620684732,1228.65797747316,151.589078794581,137.200397378097,1257.4927161466
"BIGKAT _ P70 _ Left _ 1",179.676236285906,36.9924172794205,1228.32632601015,149.751916188307,132.893236619681,1256.12164170471
"BIGKAT _ P70 _ Left _ 1",178.731438803133,36.5014938599205,1228.30858238379,147.728630492484,125.180029748387,1253.4458195714
"BIGKAT _ P70 _ Left _ 1",177.2848958626,36.3905392985019,1228.6590835842,145.920286230203,114.630759580087,1249.75548671498
"BIGKAT _ P70 _ Left _ 1",175.365885508565,36.6295220616101,1229.37583019737,144.670549745121,102.230989516358,1245.49185139574
"BIGKAT _ P70 _ Left _ 1",173.078144517937,37.117730357925,1230.39650165288,144.182256707257,89.208592400394,1241.16291405071
"BIGKAT _ P70 _ Left _ 1",170.59144730852,37.7090895590668,1231.60712287993,144.47646066661,76.8074522020486,1237.24423990304
"BIGKAT _ P70 _ Left _ 1",168.116705954503,38.2490446328237,1232.86219772558,145.404951687449,66.0617844037742,1234.09006224
"BIGKAT _ P70 _ Left _ 1",165.870617210507,38.6125300047633,1234.01178940125,146.707372124664,57.6283514984466,1231.8774250777
"BIGKAT _ P70 _ Left _ 1",164.039146551488,38.7322836261639,1234.92888976771,148.088843240787,51.71867792361,1230.59600786882
"BIGKAT _ P70 _ Left _ 1",162.748976737273,38.6103296450208,1235.53037458939,149.290703599929,48.1433782318306,1230.08223833035
"BIGKAT _ P70 _ Left _ 1",162.052756670843,38.3111866551145,1235.78711393464,150.135566747835,46.4471381318556,1230.08354944546
"BIGKAT _ P70 _ Left _ 1",161.929292677923,37.9406952979934,1235.72251600358,150.541676060432,46.088464913985,1230.33206005305
"BIGKAT _ P70 _ Left _ 1",162.295924293954,37.6174752000183,1235.40206806412,150.512727538964,46.6107589051508,1230.60832558323
"BIGKAT _ P70 _ Left _ 1",163.028594561461,37.4446147754723,1234.91770849299,150.114286985832,47.760306444928,1230.78285277189
"BIGKAT _ P70 _ Left _ 1",163.985325471563,37.4879261763061,1234.37025082638,149.447305769455,49.5264547073992,1230.8315042513
"BIGKAT _ P70 _ Left _ 1",165.029620863466,37.7647319965809,1233.85215931331,148.625453970124,52.1021664753881,1230.82725449791
"BIGKAT _ P70 _ Left _ 1",166.050707658708,38.2442900576368,1233.43284040166,147.758411692099,55.7835185772198,1230.91381960096
"BIGKAT _ P70 _ Left _ 1",166.977558896244,38.8581766592195,1233.14882742948,146.939816295853,60.840379110231,1231.26736745148
"BIGKAT _ P70 _ Left _ 1",167.784111322241,39.5169376152445,1233.00080869433,146.237530638867,67.3946158020042,1232.05252634065
"BIGKAT _ P70 _ Left _ 1",168.48457763057,40.1287452191511,1232.95814452341,145.6853949161,75.3359080515172,1233.37937252605
"BIGKAT _ P70 _ Left _ 1",169.120048109505,40.616717688755,1232.96988365782,145.278395787814,84.2912358849001,1235.26880860724
"BIGKAT _ P70 _ Left _ 1",169.739839574824,40.9330745077571,1232.97993238805,144.975133389148,93.648416913542,1237.63358645058
"BIGKAT _ P70 _ Left _ 1",170.382431187107,41.0692100898512,1232.94321465405,144.710810095951,102.622996061135,1240.28018742984
"BIGKAT _ P70 _ Left _ 1",171.060932102996,41.060606645032,1232.8394047216,144.420468999785,110.354204753355,1242.93294023354
"BIGKAT _ P70 _ Left _ 1",171.756935699436,40.9849115798861,1232.68109229706,144.067508582694,116.017563249717,1245.27714180873
"BIGKAT _ P70 _ Left _ 1",172.4246615551,40.9515981448528,1232.51400918096,143.668948138994,118.94416145936,1247.01369103229
"BIGKAT _ P70 _ Left _ 1",173.00482354462,41.0831047816324,1232.40818242315,143.308018407501,118.735557333292,1247.91473565375
"BIGKAT _ P70 _ Left _ 1",173.444938983195,41.48999247442,1232.44077778297,143.126734454478,115.357563794007,1247.86871463977
"BIGKAT _ P70 _ Left _ 1",173.720160312986,42.2454972747732,1232.67414512503,143.296119185285,109.188995814162,1246.90431185673
"BIGKAT _ P70 _ Left _ 1",173.847123287159,43.366574413974,1233.13546752278,143.969308615749,100.999310986428,1245.18639964305
"BIGKAT _ P70 _ Left _ 1",173.884312368563,44.8078713215781,1233.80554921263,145.230917192667,91.8392440242955,1242.98307791297
"BIGKAT _ P70 _ Left _ 1",173.916981414551,46.4714180431112,1234.62183856313,147.060586827604,82.8532441132519,1240.61063649694
"BIGKAT _ P70 _ Left _ 1",174.031439690752,48.229103484747,1235.49499880821,149.325409807823,75.0541232541877,1238.37032756184
"BIGKAT _ P70 _ Left _ 1",174.288881510806,49.9499645147683,1236.33222135913,151.804903429212,69.1229192490441,1236.49387834055
"BIGKAT _ P70 _ Left _ 1",174.709330596885,51.5230527258352,1237.05793514195,154.239283025675,65.2959707690654,1235.11147600383
"BIGKAT _ P70 _ Left _ 1",175.271242752587,52.86998338101,1237.62504273568,156.384558656996,63.37425731732,1234.2474928381
"BIGKAT _ P70 _ Left _ 1",175.924995323379,53.9468311921418,1238.01515122749,158.059316601696,62.8496133767487,1233.83975855727
"BIGKAT _ P70 _ Left _ 1",176.613012129838,54.739314820195,1238.23107364078,159.174334136671,63.1064963538473,1233.77253652826
"BIGKAT _ P70 _ Left _ 1",177.287965676644,55.2562340944485,1238.28709739835,159.742113896232,63.6381319264093,1233.91322642025
"BIGKAT _ P70 _ Left _ 1",177.923063611293,55.5241933934838,1238.20181870055,159.866855190269,64.2139402972749,1234.14593436226
"BIGKAT _ P70 _ Left _ 1",178.512748355015,55.5836099391013,1237.99559664507,159.717386351007,64.9487831184599,1234.39784268664
"BIGKAT _ P70 _ Left _ 1",179.065819208428,55.484166264072,1237.69164016172,159.48775939517,66.2514285693049,1234.65497965211
"BIGKAT _ P70 _ Left _ 1",179.594668629235,55.2785598674116,1237.3182696632,159.352797030392,68.6653638305364,1234.96352031463
"BIGKAT _ P70 _ Left _ 1",180.104112087631,55.0158115951443,1236.91057614817,159.427822147772,72.6500953474692,1235.41362823963
"BIGKAT _ P70 _ Left _ 1",180.582255181352,54.7370147334617,1236.5112405647,159.741849214828,78.3728242164688,1236.10674078476
"BIGKAT _ P70 _ Left _ 1",180.99510198627,54.4753549000352,1236.17075249254,160.231254043068,85.5800126788066,1237.11342575638
"BIGKAT _ P70 _ Left _ 1",181.286494816006,54.2591818304566,1235.94610832172,160.756861492469,93.5952353484808,1238.43470583778
"BIGKAT _ P70 _ Left _ 1",181.384815315401,54.1145173526405,1235.89577503793,161.142213222107,101.451077989952,1239.98165180177
"BIGKAT _ P70 _ Left _ 1",181.216703669881,54.0637423305249,1236.06937741777,161.224981826409,108.12069188281,1241.58391199441
"BIGKAT _ P70 _ Left _ 1",180.72568014584,54.1200545772125,1236.49353785326,160.908011774857,112.781785458239,1243.02817132548
"BIGKAT _ P70 _ Left _ 1",179.89095539016,54.2805040607692,1237.15860581615,160.193632898432,115.032444961262,1244.11563494428
"BIGKAT _ P70 _ Left _ 1",178.740396947945,54.5218913802988,1238.01229569781,159.187849597579,114.989434475033,1244.7184272141
"BIGKAT _ P70 _ Left _ 1",177.352644767119,54.8027925167052,1238.96454353153,158.070966548234,113.23476718562,1244.81306353017
"BIGKAT _ P70 _ Left _ 1",175.846724102282,55.0721078941574,1239.90378555089,157.044689910255,110.626624342164,1244.4773705365
"BIGKAT _ P70 _ Left _ 1",174.361948979364,55.2813801400441,1240.72006028856,156.275421213863,108.038251643011,1243.85291947498
"BIGKAT _ P70 _ Left _ 1",173.034378619784,55.3963000507368,1241.32720545774,155.853586167162,106.112125255996,1243.09025315035
"BIGKAT _ P70 _ Left _ 1",171.976735804515,55.4031272003935,1241.67681278943,155.780170706382,105.105192941071,1242.30026112426
"BIGKAT _ P70 _ Left _ 1",171.26617825333,55.3078927038312,1241.76041515882,155.980167811862,104.86198996917,1241.52946929034
"BIGKAT _ P70 _ Left _ 1",170.940250937688,55.1292592349015,1241.60150572386,156.334057281565,104.906592232191,1240.76476935013
"BIGKAT _ P70 _ Left _ 1",170.998229253705,54.8885897336707,1241.24280433306,156.714962620824,104.610597299707,1239.96124295733
"BIGKAT _ P70 _ Left _ 1",171.404467346726,54.6019219046216,1240.73497447474,157.02033818306,103.380786769953,1239.07922427572
"BIGKAT _ P70 _ Left _ 1",172.092060012684,54.2774790340618,1240.13063176498,157.191314106079,100.815577428864,1238.11487717336
"BIGKAT _ P70 _ Left _ 1",172.96753661189,53.9195421281998,1239.48358747197,157.217935199879,96.7975454277443,1237.11258286217
"BIGKAT _ P70 _ Left _ 1",173.918643876282,53.5364846189434,1238.85030455419,157.132503363285,91.5119229296194,1236.15573441437
"BIGKAT _ P70 _ Left _ 1",174.826599575492,53.149101594211,1238.29005431125,156.995281765349,85.4004926189184,1235.34133776438
"BIGKAT _ P70 _ Left _ 1",175.581969578313,52.795590980648,1237.86183073655,156.87720467399,79.0722889668623,1234.7495083067
"BIGKAT _ P70 _ Left _ 1",176.101064411539,52.5309374367765,1237.61806914865,156.843512973921,73.1959892615537,1234.41994739782
"BIGKAT _ P70 _ Left _ 1",176.338917934377,52.4199482200805,1237.5964318554,156.940910018863,68.395493224773,1234.34393143133
"BIGKAT _ P70 _ Left _ 1",176.295816922981,52.5245478150267,1237.8114205285,157.189480926284,65.1631353872091,1234.47360603715
"BIGKAT _ P70 _ Left _ 1",176.016154674149,52.8876318486142,1238.24794747454,157.579821001085,63.7976791988516,1234.74300319452
"BIGKAT _ P70 _ Left _ 1",175.580007543585,53.5177734929808,1238.85932962551,158.075700857641,64.3692048102295,1235.09036963797
"BIGKAT _ P70 _ Left _ 1",175.088863935349,54.3802357631942,1239.57191232684,158.622507475875,66.711266756194,1235.47161561038
"BIGKAT _ P70 _ Left _ 1",174.647681371262,55.3987816703461,1240.29715485657,159.160694481292,70.4415910620235,1235.86027183307
"BIGKAT _ P70 _ Left _ 1",174.346294709683,56.4694515198911,1240.94949336348,159.641358313975,75.0135652935664,1236.23749271109
"BIGKAT _ P70 _ Left _ 1",174.243930740951,57.482896812073,1241.4653353935,160.038972486745,79.7983873759531,1236.5815220048
"BIGKAT _ P70 _ Left _ 1",174.360381955019,58.3480474447453,1241.81670910275,160.35608333415,84.1900843673874,1236.8657926398
"BIGKAT _ P70 _ Left _ 1",174.675734254871,59.0089374735735,1242.01412327422,160.617368136684,87.714861921304,1237.06850048509
"BIGKAT _ P70 _ Left _ 1",175.138047714425,59.4493007198043,1242.09725732514,160.854924188851,90.1185412017225,1237.18827105207
"BIGKAT _ P70 _ Left _ 1",175.676338091984,59.6847941487715,1242.11715905518,161.090611739431,91.4074736770685,1237.2559389502
"BIGKAT _ P70 _ Left _ 1",176.215345322584,59.7475983159491,1242.11695458658,161.322580365786,91.8305438229696,1237.33427718286
"BIGKAT _ P70 _ Left _ 1",176.688802634827,59.6702997136537,1242.1181234395,161.521255349168,91.8070168162427,1237.50384788654
"BIGKAT _ P70 _ Left _ 1",177.048857574641,59.4749539238726,1242.11647446619,161.6362530827,91.8185445569997,1237.8393875823
"BIGKAT _ P70 _ Left _ 1",177.270596643505,59.1703045803698,1242.0878206467,161.611820186213,92.289040087957,1238.3841153682
"BIGKAT _ P70 _ Left _ 1",177.351884893126,58.756850616703,1242.00002653358,161.40580459782,93.475529726281,1239.12929457299
"BIGKAT _ P70 _ Left _ 1",177.309575165329,58.2368395252961,1241.82670200834,161.006295640472,95.3911651598368,1240.00501349978
"BIGKAT _ P70 _ Left _ 1",177.173461401988,57.6248299453826,1241.55822609042,160.44084051539,97.7793538592268,1240.88613394049
"BIGKAT _ P70 _ Left _ 1",176.97933819892,56.9544445205761,1241.20723713386,159.775332972517,100.151996339471,1241.61418969645
"BIGKAT _ P70 _ Left _ 1",176.762426814173,56.278334494321,1240.80748381783,159.102749592349,101.892110010214,1242.03161020526
"BIGKAT _ P70 _ Left _ 1",176.552245722466,55.6609078067467,1240.40673678871,158.524907479485,102.403513217172,1242.02026059686
"BIGKAT _ P70 _ Left _ 1",176.369576729737,55.1662622342807,1240.0562718012,158.132261917894,101.273658928678,1241.53393561609
"BIGKAT _ P70 _ Left _ 1",176.225543303635,54.8457522311456,1239.80059546669,157.986864109391,98.4065058719098,1240.61536006063
"BIGKAT _ P70 _ Left _ 1",176.122313341264,54.7295185456041,1239.67055122607,158.112138309426,94.084967190986,1239.39222059212
"BIGKAT _ P70 _ Left _ 1",176.054841497215,54.8239979923244,1239.68074373629,158.490879888948,88.93853291392,1238.05270322932
"BIGKAT _ P70 _ Left _ 1",176.01333685134,55.1142322447743,1239.82984208646,159.070682131896,83.8182192257641,1236.80729619723
"BIGKAT _ P70 _ Left _ 1",175.98648045732,55.5676739717611,1240.10135126696,159.774424869899,79.6098870525947,1235.84778919669
"BIGKAT _ P70 _ Left _ 1",175.965416255147,56.1364250542542,1240.4633472857,160.512758110381,77.0371401520244,1235.31416025807
"BIGKAT _ P70 _ Left _ 1",175.948004766317,56.7572244594678,1240.86769613343,161.19580707028,76.5078276351985,1235.27548275564
"BIGKAT _ P70 _ Left _ 1",175.9421168628,57.3514034053266,1241.25094058875,161.742469449746,78.0424969513115,1235.7252574766
"BIGKAT _ P70 _ Left _ 1",175.966497943725,57.8283936118821,1241.53914896989,162.087110794637,81.2962752647792,1236.58818367359
"BIGKAT _ P70 _ Left _ 1",176.048226001698,58.0952551114203,1241.65760985664,162.184465783399,85.6589380990957,1237.73500193362
"BIGKAT _ P70 _ Left _ 1",176.216759782463,58.0718825007095,1241.54430555107,162.013665556262,90.4002764670082,1239.0028801031
"BIGKAT _ P70 _ Left _ 1",176.495610235184,57.7087168614033,1241.16451423287,161.581581898259,94.8222493850968,1240.21926436162
"BIGKAT _ P70 _ Left _ 1",176.893484249103,57.002183261615,1240.5231055325,160.924664232096,98.3838301758831,1241.22674811653
"BIGKAT _ P70 _ Left _ 1",177.397170461749,56.0030737690049,1239.67114771579,160.107853436062,100.775230477561,1241.90555810917
"BIGKAT _ P70 _ Left _ 1",177.968310561305,54.8145130388194,1238.70420757499,159.219325382083,101.932023712278,1242.18948959664
"BIGKAT _ P70 _ Left _ 1",178.545445713577,53.5786145733585,1237.75123808844,158.360673318132,101.993909117488,1242.07151334231
"BIGKAT _ P70 _ Left _ 1",179.051521508195,52.4539687062902,1236.95517919656,157.633526377015,101.225123436681,1241.597233605
"BIGKAT _ P70 _ Left _ 1",179.405797403491,51.5888374477347,1236.44864310449,157.125154393536,99.9218559207407,1240.84772052667
"BIGKAT _ P70 _ Left _ 1",179.538171375614,51.0962479418729,1236.32941678887,156.896397412487,98.3344506897842,1239.91738101074
"BIGKAT _ P70 _ Left _ 1",179.403351997754,51.0363941909254,1236.64074985603,156.974408675551,96.6262528641792,1238.89554558103
"BIGKAT _ P70 _ Left _ 1",178.992073074591,51.4092749824948,1237.36072502494,157.350679415589,94.8758233969206,1237.85906399889
"BIGKAT _ P70 _ Left _ 1",178.336739807406,52.1576605202237,1238.40358616518,157.983371163145,93.1096704289943,1236.87622496444
"BIGKAT _ P70 _ Left _ 1",177.509628126404,53.17860290034,1239.63376450409,158.803242471639,91.3392867149432,1236.01404751904
"BIGKAT _ P70 _ Left _ 1",176.613075636301,54.3410613887149,1240.89054256492,159.72346675368,89.5786958036254,1235.33862340861
"BIGKAT _ P70 _ Left _ 1",175.762928686069,55.5070785438276,1242.018292271,160.653354772769,87.8364559475542,1234.90457564838
"BIGKAT _ P70 _ Left _ 1",175.068445996786,56.5536104677318,1242.89522591488,161.513770113838,86.0969855637356,1234.73961632167
"BIGKAT _ P70 _ Left _ 1",174.613129426419,57.3916617282254,1243.45382925297,162.249710300223,84.314569234784,1234.83478398807
"BIGKAT _ P70 _ Left _ 1",174.440880286073,57.9793525059424,1243.68867220562,162.835634304195,82.4330360181407,1235.14656224375
"BIGKAT _ P70 _ Left _ 1",174.550465214266,58.3261621281276,1243.65085796995,163.271981382694,80.4236462096782,1235.60892273718
"BIGKAT _ P70 _ Left _ 1",174.899112087092,58.4866233873148,1243.43142697205,163.574790360933,78.3198800310062,1236.14903737023
"BIGKAT _ P70 _ Left _ 1",175.413769373001,58.5432410624082,1243.13793217538,163.762270404748,76.230534396644,1236.70164705126
"BIGKAT _ P70 _ Left _ 1",176.006662618081,58.5809041727084,1242.86942164687,163.842418338221,74.3272584323065,1237.21979076335
"BIGKAT _ P70 _ Left _ 1",176.590914475684,58.6584662161906,1242.69526945379,163.805264926519,72.8165076941192,1237.68061194924
"BIGKAT _ P70 _ Left _ 1",177.092680397,58.785826131329,1242.64220892891,163.622369360555,71.9097995400073,1238.08517801761
"BIGKAT _ P70 _ Left _ 1",177.45820162125,58.9145396303639,1242.69157224368,163.254341444961,71.8006467271447,1238.4526428605
"BIGKAT _ P70 _ Left _ 1",177.656306912552,58.9460903142697,1242.7860691363,162.664520749756,72.6481876352039,1238.81133900763
"BIGKAT _ P70 _ Left _ 1",177.678163144132,58.7561139756042,1242.84340800549,161.834491764238,74.5624299667063,1239.19058992695
"BIGKAT _ P70 _ Left _ 1",177.536091891195,58.227734856508,1242.77315781884,160.776062054748,77.5863951643697,1239.61601911548
"BIGKAT _ P70 _ Left _ 1",177.262275635868,57.284678302921,1242.49362847634,159.535293207829,81.6747387135854,1240.10829152259
"BIGKAT _ P70 _ Left _ 1",176.906842435535,55.915489795714,1241.94677451709,158.186983258902,86.6733313764001,1240.68212675851
"BIGKAT _ P70 _ Left _ 1",176.533977806728,54.183301757687,1241.11011105696,156.82175888099,92.30712940144,1241.34116088398
"BIGKAT _ P70 _ Left _ 1",176.214907599624,52.2198088791567,1240.00471865415,155.531145890454,98.1836513673302,1242.0662454308
"BIGKAT _ P70 _ Left _ 1",176.01771160001,50.2060773189622,1238.69813712508,154.396926859397,103.817229929714,1242.79979895417
"BIGKAT _ P70 _ Left _ 1",175.995354034228,48.3454441267594,1237.30104615609,153.488737517157,108.67578721528,1243.43470267924
"BIGKAT _ P70 _ Left _ 1",176.174440201935,46.834434354695,1235.95707219534,152.868934557034,112.247420074365,1243.81933320374
"BIGKAT _ P70 _ Left _ 1",176.547674695975,45.8364557097246,1234.82567366183,152.598870813774,114.118527193918,1243.78708753569
"BIGKAT _ P70 _ Left _ 1",177.072589495034,45.4610261587621,1234.05925679144,152.738844894451,114.049171962881,1243.20849800047
"BIGKAT _ P70 _ Left _ 1",177.677702278641,45.7498037621596,1233.77773696905,153.336722853174,112.026858475576,1242.05065161175
"BIGKAT _ P70 _ Left _ 1",178.275161732859,46.6704300255284,1234.0457564018,154.406793375912,108.280238925619,1240.41896970011
"BIGKAT _ P70 _ Left _ 1",178.777024559824,48.1196709815243,1234.85813894351,155.907804429754,103.242536599888,1238.55706015258
"BIGKAT _ P70 _ Left _ 1",179.11144417518,49.9373189218031,1236.1374918812,157.732932090036,97.4702986999571,1236.7944786208
"BIGKAT _ P70 _ Left _ 1",179.235368946803,51.9308567309682,1237.74524021936,159.721169844688,91.5403089612528,1235.45567550255
"BIGKAT _ P70 _ Left _ 1",179.141365827303,53.9079486218018,1239.50478946315,161.68993344,85.9564101908862,1234.7637051395
"BIGKAT _ P70 _ Left _ 1",178.857410636089,55.7103287134626,1241.23288689553,163.477923734484,81.0926000448813,1234.77639695925
"BIGKAT _ P70 _ Left _ 1",178.439815268193,57.2401877019988,1242.77241127553,164.981794309107,77.1822394319225,1235.3782791551
"BIGKAT _ P70 _ Left _ 1",177.961004815889,58.4703390430159,1244.01772508325,166.172614338135,74.3453761604664,1236.32829155662
"BIGKAT _ P70 _ Left _ 1",177.495357119308,59.4332129421198,1244.92432476422,167.08668209052,72.6353389819141,1237.34316873987
"BIGKAT _ P70 _ Left _ 1",177.106978109747,60.1906060135773,1245.49912087442,167.795772651901,72.0836642886712,1238.18582819052
"BIGKAT _ P70 _ Left _ 1",176.842424851079,60.7938552171386,1245.77521870092,168.369864513661,72.7265897517809,1238.72909579314
"BIGKAT _ P70 _ Left _ 1",176.72915682134,61.2492289520407,1245.782201527,168.847290679218,74.6044180075458,1238.97685638783
"BIGKAT _ P70 _ Left _ 1",176.777946938015,61.5027946952764,1245.52573893458,169.222388597926,77.7353036176383,1239.04229763559
"BIGKAT _ P70 _ Left _ 1",176.986032514537,61.4521071054892,1244.98654560415,169.451935508885,82.0746369229266,1239.09798235965
"BIGKAT _ P70 _ Left _ 1",177.338321212441,60.981264389113,1244.13940816092,169.473764471225,87.4766496261706,1239.31844469832
"BIGKAT _ P70 _ Left _ 1",177.806072014512,60.0061561092516,1242.98291472013,169.227764413941,93.6740446622624,1239.83233276842
"BIGKAT _ P70 _ Left _ 1",178.344638649473,58.5129279286064,1241.56536473807,168.671656364549,100.284783854092,1240.69267186789
"BIGKAT _ P70 _ Left _ 1",178.892761252678,56.5764959028403,1239.99477288751,167.789083947067,106.845275494568,1241.86637921897
"BIGKAT _ P70 _ Left _ 1",179.375353057078,54.3547094220323,1238.42875140459,166.592073705374,112.860126489455,1243.24041354078
"BIGKAT _ P70 _ Left _ 1",179.710479077336,52.0625468798048,1237.04838449156,165.121447019438,117.854372279912,1244.64108299963
"BIGKAT _ P70 _ Left _ 1",179.820001254643,49.9356868134726,1236.02495572289,163.447255865913,121.416535664435,1245.86312768035
"BIGKAT _ P70 _ Left _ 1",179.642446128554,48.1930480702453,1235.48858801971,161.668469155923,123.228318831728,1246.70499583012
"BIGKAT _ P70 _ Left _ 1",179.145951585547,47.0050453017243,1235.50514355692,159.909071711559,123.084714654751,1247.00586014026
"BIGKAT _ P70 _ Left _ 1",178.338572166761,46.4708888005063,1236.0646024478,158.3077553131,120.912022343882,1246.67870451041
"BIGKAT _ P70 _ Left _ 1",177.27294537051,46.606202523586,1237.08213509392,157.000378160382,116.788152167377,1245.73309506163
"BIGKAT _ P70 _ Left _ 1",176.042747416986,47.3419093089901,1238.41196612767,156.097291118577,110.960985616121,1244.28156580718
"BIGKAT _ P70 _ Left _ 1",174.769818451189,48.5355361281672,1239.87267831073,155.660428655002,103.851558610874,1242.52490523873
"BIGKAT _ P70 _ Left _ 1",173.583310379883,49.995107040002,1241.28002613474,155.686920594963,96.0265614192881,1240.71477860958
"BIGKAT _ P70 _ Left _ 1",172.59517884188,51.512828396338,1242.48013240156,156.105767208649,88.1337773576404,1239.09877215203
"BIGKAT _ P70 _ Left _ 1",171.878596710119,52.9018085183915,1243.37410417149,156.790750020624,80.8118958030841,1237.86231028486
"BIGKAT _ P70 _ Left _ 1",171.45592568505,54.0264308778928,1243.92683904893,157.586916948426,74.6019954206036,1237.08778640007
"BIGKAT _ P70 _ Left _ 1",171.300109518088,54.8178623952058,1244.15820722471,158.342750230477,69.8902332115665,1236.7467578653
"BIGKAT _ P70 _ Left _ 1",171.348786369534,55.2708187672076,1244.12115826893,158.93858538901,66.896893032184,1236.72716239557
"BIGKAT _ P70 _ Left _ 1",171.526225017133,55.4242058649329,1243.87527501514,159.304351536983,65.704777625362,1236.88333229545
"BIGKAT _ P70 _ Left _ 1",171.766141528234,55.3337470726976,1243.46457956842,159.424080609582,66.3036365613606,1237.09013138441
"BIGKAT _ P70 _ Left _ 1",172.028912621216,55.0469899141051,1242.90596528642,159.328512903559,68.6252156265779,1237.28448733543
"BIGKAT _ P70 _ Left _ 1",172.308893234095,54.5893600912579,1242.19104342715,159.079378609927,72.5543336940904,1237.48402456408
"BIGKAT _ P70 _ Left _ 1",172.630456230631,53.9648855279661,1241.3003275093,158.749598843212,77.9173479314287,1237.77985193848
"BIGKAT _ P70 _ Left _ 1",173.034293761464,53.1689480178638,1240.22495177834,158.403388642133,84.4616099483169,1238.30702245366
"BIGKAT _ P70 _ Left _ 1",173.557970493266,52.2058140076367,1238.98835434384,158.079810684177,91.8425708872335,1239.20094449812
"BIGKAT _ P70 _ Left _ 1",174.216207253164,51.1028863825508,1237.65983956889,157.783042299795,99.62917827711,1240.55063269308
"BIGKAT _ P70 _ Left _ 1",174.986469625513,49.9165434248238,1236.35440067889,157.482115669647,107.328019724355,1242.36000364181
"BIGKAT _ P70 _ Left _ 1",175.80402950401,48.7289164938489,1235.21792438758,157.121454076971,114.418572881707,1244.52665683611
"BIGKAT _ P70 _ Left _ 1",176.568094737103,47.6384031645238,1234.40197418051,156.640861265697,120.389877830361,1246.84405586362
"BIGKAT _ P70 _ Left _ 1",177.157634227018,46.7477229026648,1234.03552241589,156.00038561517,124.772958313404,1249.02816450649
"BIGKAT _ P70 _ Left _ 1",177.453169699165,46.1521250545872,1234.20097468663,155.203001841843,127.170122036465,1250.76432502472
"BIGKAT _ P70 _ Left _ 1",177.359777290347,45.9283366310559,1234.91918120028,154.307494271752,127.287306292024,1251.76588871387
"BIGKAT _ P70 _ Left _ 1",176.826804447972,46.1236940290018,1236.14483714025,153.425736036275,124.975200808933,1251.83372179213
"BIGKAT _ P70 _ Left _ 1",175.860746253432,46.7455819294005,1237.77145923051,152.702508539867,120.277921665356,1250.9048213217
"BIGKAT _ P70 _ Left _ 1",174.528790355125,47.7532819389868,1239.64439166642,152.281338394199,113.477114441096,1249.07811485928
"BIGKAT _ P70 _ Left _ 1",172.951664969205,49.0559937640502,1241.580327706,152.265132392027,105.110364399042,1246.60700125643
"BIGKAT _ P70 _ Left _ 1",171.285965611836,50.5204840721506,1243.39149576082,152.683542405279,95.9423883422772,1243.8542059923
"BIGKAT _ P70 _ Left _ 1",169.698418222654,51.9889083569001,1244.91124998148,153.477874436917,86.8791499894969,1241.21648800593
"BIGKAT _ P70 _ Left _ 1",168.337180880526,53.3029386725049,1246.01602108541,154.508489116216,78.835443202735,1239.04024046705
"BIGKAT _ P70 _ Left _ 1",167.306988131924,54.3270295675828,1246.63834854975,155.581492202427,72.5858748062956,1237.55483772588
"BIGKAT _ P70 _ Left _ 1",166.654340781309,54.9639161388074,1246.76823674187,156.485493378124,68.6370898383773,1236.84272621312
"BIGKAT _ P70 _ Left _ 1",166.365931708984,55.1594822429965,1246.44422866318,157.028330844582,67.1518278932187,1236.84823353403
"BIGKAT _ P70 _ Left _ 1",166.379492947537,54.8994859413742,1245.73880755857,157.067046007808,67.9387781446539,1237.41261808991
"BIGKAT _ P70 _ Left _ 1",166.603089169245,54.2038233759773,1244.74329826098,156.528505147694,70.5062470438605,1238.31905694929
"BIGKAT _ P70 _ Left _ 1",166.937546298905,53.1230809607695,1243.55558662379,155.420136817315,74.1681096136652,1239.33642350493
"BIGKAT _ P70 _ Left _ 1",167.297017214546,51.7379341784994,1242.27126861012,153.830199723717,78.1853765356033,1240.25773236822
"BIGKAT _ P70 _ Left _ 1",167.623903604247,50.1576154260722,1240.97702542594,151.916574069238,81.9206176458979,1240.93258962842
"BIGKAT _ P70 _ Left _ 1",167.895830785945,48.5124425448287,1239.74512157708,149.883989131609,84.9739125894045,1241.29187848904
"BIGKAT _ P70 _ Left _ 1",168.123876752676,46.9382798596432,1238.62946925319,147.95217934657,87.2635041078516,1241.35973056509
"BIGKAT _ P70 _ Left _ 1",168.342822381153,45.5557584398738,1237.66490043137,146.320455576127,89.0209025044962,1241.2465803718
"BIGKAT _ P70 _ Left _ 1",168.595758367573,44.4507195477008,1236.87072695233,145.135814123812,90.6929405919196,1241.12060211629
"BIGKAT _ P70 _ Left _ 1",168.916647489627,43.6625592003283,1236.25773205538,144.471063879543,92.7752442105041,1241.16228004468
"BIGKAT _ P70 _ Left _ 1",169.315016215765,43.1842338290028,1235.8359544943,144.317014824435,95.6274436915239,1241.5139279895
"BIGKAT _ P70 _ Left _ 1",169.76662375876,42.9734209112017,1235.62011999623,144.589802267352,99.3270926142661,1242.23817394453
"BIGKAT _ P70 _ Left _ 1",170.21276957618,42.9706162219485,1235.6303940072,145.151815867072,103.604783814525,1243.29596835305
"BIGKAT _ P70 _ Left _ 1",170.569108597412,43.1180664668422,1235.88755971899,145.842455676677,107.876294606669,1244.54859753362
"BIGKAT _ P70 _ Left _ 1",170.742799006867,43.3737789138837,1236.40307533352,146.512809026776,111.360713936655,1245.78271854717
"BIGKAT _ P70 _ Left _ 1",170.654786476991,43.7169655896114,1237.16585359846,147.056741737096,113.254290837991,1246.75334405299
"BIGKAT _ P70 _ Left _ 1",170.262259517479,44.1442333028632,1238.12958798987,147.430728734168,112.920310300234,1247.23649382898
"BIGKAT _ P70 _ Left _ 1",169.575269193666,44.6586989239821,1239.20640563012,147.656635357553,110.053967564348,1247.08104281438
"BIGKAT _ P70 _ Left _ 1",168.661983147424,45.2563243676675,1240.27239362478,147.805672423608,104.785303807311,1246.24842551481
"BIGKAT _ P70 _ Left _ 1",167.639588594204,45.9146398257865,1241.18670917911,147.967431425482,97.6918678572573,1244.82914054
"BIGKAT _ P70 _ Left _ 1",166.652039352755,46.5882737439472,1241.82011800353,148.213777446897,89.7077823272028,1243.02760888256
"BIGKAT _ P70 _ Left _ 1",165.840122583347,47.2133010155312,1242.0844402735,148.570542075378,81.9391111625482,1241.11483319292
"BIGKAT _ P70 _ Left _ 1",165.31183894364,47.7190886121772,1241.95387023689,149.007595703739,75.4233543474484,1239.36138202493
"BIGKAT _ P70 _ Left _ 1",165.120789664197,48.0435271632102,1241.47208724377,149.450199587103,70.8933313094383,1237.97399052836
"BIGKAT _ P70 _ Left _ 1",165.257495171077,48.1466646438627,1240.74353734186,149.805681495786,68.6111630051312,1237.05807751982
"BIGKAT _ P70 _ Left _ 1",165.654708527251,48.0190351327787,1239.91150004531,149.994332723429,68.3216668287743,1236.61516660273
"BIGKAT _ P70 _ Left _ 1",166.204299768459,47.6833022990239,1239.12859811763,149.973725759076,69.341325165063,1236.56834964435
"BIGKAT _ P70 _ Left _ 1",166.781009293697,47.1898235819721,1238.52684699247,149.749643867639,70.7604215744981,1236.8004579801
"BIGKAT _ P70 _ Left _ 1",167.267439781613,46.6078489118303,1238.19415775429,149.371812237076,71.7033896792499,1237.19035046318
"BIGKAT _ P70 _ Left _ 1",167.574951929979,46.0145405859951,1238.16244608865,148.917032529709,71.5744432563174,1237.63828439351
"BIGKAT _ P70 _ Left _ 1",167.656555868833,45.4839763207043,1238.40912380995,148.465653407365,70.2179043217955,1238.07712291023
"BIGKAT _ P70 _ Left _ 1",167.510189650271,45.0776308230514,1238.86946154646,148.079055633895,67.9469790752435,1238.47066676105
"BIGKAT _ P70 _ Left _ 1",167.173265012127,44.836800553734,1239.45411707685,147.785072676461,65.4352403842468,1238.80410266712
"BIGKAT _ P70 _ Left _ 1",166.711146467734,44.7769346032867,1240.06598710787,147.574901471379,63.5078116716491,1239.0735272838
"BIGKAT _ P70 _ Left _ 1",166.20278600753,44.8844310113842,1240.61332546408,147.410788497323,62.8978777300258,1239.27965504216
"BIGKAT _ P70 _ Left _ 1",165.72626676904,45.1174942587298,1241.01940700142,147.240759555369,64.0390035031617,1239.42601033182
"BIGKAT _ P70 _ Left _ 1",165.346242191244,45.4127041001224,1241.23038250586,147.015602591491,66.9465111711733,1239.51842475583
"BIGKAT _ P70 _ Left _ 1",165.104778027973,45.6973395057525,1241.22182615361,146.70374440911,71.2115964624001,1239.56305088993
"BIGKAT _ P70 _ Left _ 1",165.016847202579,45.9051283793895,1241.00245804909,146.301105774457,76.100892259899,1239.56268431397
"BIGKAT _ P70 _ Left _ 1",165.071210813983,45.9915761402034,1240.61274442589,145.834880840267,80.7296958371493,1239.51335170834
"BIGKAT _ P70 _ Left _ 1",165.23642583066,45.9452008011733,1240.11733686799,145.361535917549,84.263350389537,1239.40388140508
"BIGKAT _ P70 _ Left _ 1",165.470538922327,45.7923956579233,1239.59273868575,144.959732620452,86.0996121091839,1239.22025419149
"BIGKAT _ P70 _ Left _ 1",165.73212204908,45.5952107073818,1239.11357895162,144.718880797145,85.9937139952292,1238.95401977069
"BIGKAT _ P70 _ Left _ 1",165.989999427833,45.4424318018018,1238.74125215996,144.724342931575,84.1031166223876,1238.61135356575
"BIGKAT _ P70 _ Left _ 1",166.22939687467,45.4349840584285,1238.51736679867,145.041161694238,80.9456534654212,1238.21844685752
"BIGKAT _ P70 _ Left _ 1",166.453213726764,45.6673302675584,1238.46235918064,145.699321662366,77.280152110596,1237.82042735396
"BIGKAT _ P70 _ Left _ 1",166.678436886253,46.2074991422232,1238.57788489922,146.684396006755,73.9328266566331,1237.47358655123
"BIGKAT _ P70 _ Left _ 1",166.928990886797,47.0795155687203,1238.85082345865,147.937065310944,71.6058893992753,1237.23288149869
"BIGKAT _ P70 _ Left _ 1",167.227089467187,48.2526736306987,1239.25701022282,149.362795199546,70.7136933392585,1237.13804129459
"BIGKAT _ P70 _ Left _ 1",167.585236855496,49.6414876562495,1239.76385595805,150.849490570396,71.29041672424,1237.20217992329
"BIGKAT _ P70 _ Left _ 1",168.000654303605,51.1178692358679,1240.33220272212,152.287976538808,72.9976183672347,1237.40642634666
"BIGKAT _ P70 _ Left _ 1",168.453365863621,52.5335880541075,1240.91841691583,153.589326901649,75.2318976577655,1237.70263663286
"BIGKAT _ P70 _ Left _ 1",168.908436981041,53.7477592148841,1241.47762698233,154.694607541524,77.3015298875788,1238.02409888633
"BIGKAT _ P70 _ Left _ 1",169.32181548636,54.6525234275165,1241.96845130701,155.575524511249,78.6185712694822,1238.30179176485
"BIGKAT _ P70 _ Left _ 1",169.648169011915,55.1909358478947,1242.35879864557,156.227550673395,78.848695789742,1238.48169869668
"BIGKAT _ P70 _ Left _ 1",169.848612812722,55.3636650477069,1242.63152515501,156.659379795555,77.9768528478121,1238.53774302513
"BIGKAT _ P70 _ Left _ 1",169.896534094238,55.2239616920278,1242.78824228826,156.883204933876,76.2765645472972,1238.47615601017
"BIGKAT _ P70 _ Left _ 1",169.780587455754,54.8625257671142,1242.84973790948,156.909056666677,74.202376907881,1238.3305178311
"BIGKAT _ P70 _ Left _ 1",169.504926337831,54.3855981544082,1242.85222590534,156.744087840788,72.2463392601489,1238.15041052657
"BIGKAT _ P70 _ Left _ 1",169.087482941315,53.8912820028605,1242.83961715607,156.395686159054,70.8038967544523,1237.98824211401
"BIGKAT _ P70 _ Left _ 1",168.55730885944,53.4500917030023,1242.85309044722,155.876415133519,70.0839905038727,1237.88787162207
"BIGKAT _ P70 _ Left _ 1",167.95157143554,53.0947253280101,1242.92045511735,155.208766696349,70.0797470473449,1237.87672685078
"BIGKAT _ P70 _ Left _ 1",167.312200592299,52.8209204373938,1243.04857329008,154.428019340076,70.5976662522627,1237.96180491953
"BIGKAT _ P70 _ Left _ 1",166.682026669694,52.5974876061079,1243.22145730577,153.581984922134,71.3294509760601,1238.12959995759
"BIGKAT _ P70 _ Left _ 1",166.100651830436,52.381073715986,1243.40449565898,152.727226546339,71.9430227880006,1238.34978447834
"BIGKAT _ P70 _ Left _ 1",165.600712261279,52.1307644846987,1243.5529965657,151.922414467188,72.1677295364129,1238.58166029715
"BIGKAT _ P70 _ Left _ 1",165.205115237705,51.8189145863416,1243.62238048698,151.220456316114,71.8530317848421,1238.78146012336
"BIGKAT _ P70 _ Left _ 1",164.92543827987,51.4365615045035,1243.5778425234,150.661359240627,70.9892914092481,1238.90870201644
"BIGKAT _ P70 _ Left _ 1",164.761479931057,50.9935427388502,1243.40194858443,150.267311799783,69.6910782634383,1238.93120206353
"BIGKAT _ P70 _ Left _ 1",164.702053002411,50.5145772988444,1243.09888172793,150.040656329673,68.1534966941315,1238.82964977424
"BIGKAT _ P70 _ Left _ 1",164.727118654431,50.0330213899481,1242.69437845848,149.964827346727,66.5971426704812,1238.60224612464
"BIGKAT _ P70 _ Left _ 1",164.811063095061,49.5839043304492,1242.23114330918,150.00806666514,65.216994115056,1238.26792669154
"BIGKAT _ P70 _ Left _ 1",164.926577499014,49.1974981570912,1241.76053588908,150.129458022649,64.1464801653963,1237.86525979325
"BIGKAT _ P70 _ Left _ 1",165.048488440243,48.8943682640552,1241.33233553911,150.286304771106,63.44213048956,1237.44527669428
