"fileName","thumb_y","thumb_x","thumb_z","finger_y","finger_x","finger_z"
"BIGKAT _ P83 _ Right _ 1",-7.40746166209654,-19.0403677965482,1250.13589189419,-0.194613204768579,79.0100493381234,1314.8761735412
"BIGKAT _ P83 _ Right _ 1",-7.40836484126471,-19.0534003060357,1250.12141251848,-0.199073264500117,79.0086217439519,1314.90582833338
"BIGKAT _ P83 _ Right _ 1",-7.41129240663012,-19.064938189026,1250.11046790792,-0.207098273091767,79.003105887559,1314.91140413155
"BIGKAT _ P83 _ Right _ 1",-7.4160697024113,-19.0697805397107,1250.10856996731,-0.217910661559225,78.9926536111307,1314.87679994752
"BIGKAT _ P83 _ Right _ 1",-7.4216968523207,-19.0619012488182,1250.12109112733,-0.229536077603118,78.9770904072713,1314.78939416835
"BIGKAT _ P83 _ Right _ 1",-7.42621246298489,-19.0356790083344,1250.15161653572,-0.238909937893055,78.9569776255735,1314.6445966399
"BIGKAT _ P83 _ Right _ 1",-7.42678202427379,-18.9874067043655,1250.20022613535,-0.242371254587032,78.9333562093617,1314.44944036483
"BIGKAT _ P83 _ Right _ 1",-7.42009059353069,-18.916694153723,1250.26228713494,-0.23652431847691,78.9071358581882,1314.22365134053
"BIGKAT _ P83 _ Right _ 1",-7.40306929650356,-18.8272903443827,1250.32843069592,-0.219284520141783,78.8782699638957,1313.9970331255
"BIGKAT _ P83 _ Right _ 1",-7.37389153565144,-18.7269375829042,1250.38622307407,-0.190741921541877,78.845076034748,1313.80311985152
"BIGKAT _ P83 _ Right _ 1",-7.33301564884122,-18.6261599802188,1250.42346501275,-0.153381199704541,78.8041605546395,1313.67056908483
"BIGKAT _ P83 _ Right _ 1",-7.28385998563058,-18.5362882993493,1250.43211818316,-0.111333395016068,78.7512135789383,1313.61491410616
"BIGKAT _ P83 _ Right _ 1",-7.23262061019198,-18.4673401746437,1250.41108766529,-0.0687337723551813,78.6824861965673,1313.63339962654
"BIGKAT _ P83 _ Right _ 1",-7.18693585730904,-18.4264329959707,1250.36623815085,-0.0277206814615464,78.5963230234899,1313.70464514973
"BIGKAT _ P83 _ Right _ 1",-7.15354700059668,-18.4171578252467,1250.30727721492,0.0131586078006042,78.4939873483617,1313.79329890788
"BIGKAT _ P83 _ Right _ 1",-7.13561436990311,-18.4399202259311,1250.24274264801,0.0594950101902013,78.3793068087591,1313.85824959836
"BIGKAT _ P83 _ Right _ 1",-7.13071366925581,-18.4929002496158,1250.17526871573,0.120268399346548,78.2572240587074,1313.86187289213
"BIGKAT _ P83 _ Right _ 1",-7.13054623724158,-18.573155391804,1250.09919192272,0.206013902968529,78.1318025959223,1313.77759561183
"BIGKAT _ P83 _ Right _ 1",-7.12286410676209,-18.677473752379,1250.00161720327,0.326451581675859,78.0043800216061,1313.59383935472
"BIGKAT _ P83 _ Right _ 1",-7.09514051118187,-18.8027967970975,1249.86667659325,0.488225103488798,77.872469074268,1313.31380488458
"BIGKAT _ P83 _ Right _ 1",-7.0386279729269,-18.9462594904018,1249.68135667855,0.69328046045743,77.7298553023064,1312.95196152753
"BIGKAT _ P83 _ Right _ 1",-6.95118536898234,-19.1049868475079,1249.44059480721,0.938190303984287,77.5681184720694,1312.52898060818
"BIGKAT _ P83 _ Right _ 1",-6.83776854133557,-19.2756999497842,1249.14979313987,1.21445367536398,77.3794223866525,1312.06703728093
"BIGKAT _ P83 _ Right _ 1",-6.70852585372406,-19.4541063692178,1248.82429569015,1.50951201363222,77.1599332709795,1311.58704904236
"BIGKAT _ P83 _ Right _ 1",-6.5755512305764,-19.6341630218639,1248.48688636119,1.80805009376624,76.9128528657173,1311.10859579642
"BIGKAT _ P83 _ Right _ 1",-6.44991981254728,-19.8075184326895,1248.1649656863,2.09324462427149,76.6500049160224,1310.65196904016
"BIGKAT _ P83 _ Right _ 1",-6.34025731170864,-19.9635231164503,1247.88832555163,2.34790267054245,76.3912759018965,1310.24054591659
"BIGKAT _ P83 _ Right _ 1",-6.25300251722749,-20.0900375106209,1247.68706393881,2.55562606926346,76.1618477101901,1309.90146542396
"BIGKAT _ P83 _ Right _ 1",-6.19349993867479,-20.1749724798273,1247.58848923443,2.70213464305283,75.9877800695669,1309.66365570224
"BIGKAT _ P83 _ Right _ 1",-6.16676022636358,-20.2082308055095,1247.61256213691,2.77678323731524,75.8908982511228,1309.55366074185
"BIGKAT _ P83 _ Right _ 1",-6.17714407432419,-20.1835767948719,1247.76686852326,2.77417020411915,75.8841212344812,1309.5904388344
"BIGKAT _ P83 _ Right _ 1",-6.2269210884102,-20.0999639665079,1248.0429914718,2.69553388434316,75.9683632127824,1309.78035687913
"BIGKAT _ P83 _ Right _ 1",-6.31428984145509,-19.9619733323384,1248.41585584924,2.5494490797905,76.1318742889147,1310.11351749115
"BIGKAT _ P83 _ Right _ 1",-6.43187173081313,-19.7792273300575,1248.84664842608,2.35133349100432,76.3522985908118,1310.5624803483
"BIGKAT _ P83 _ Right _ 1",-6.56670939111682,-19.5649059814198,1249.28889582293,2.12152736686127,76.6009792140614,1311.08413467475
"BIGKAT _ P83 _ Right _ 1",-6.70223919951638,-19.3337285019064,1249.69634902311,1.8821466772009,76.8484303434154,1311.62481850659
"BIGKAT _ P83 _ Right _ 1",-6.82179214066312,-19.0999016243955,1250.03063273273,1.65338208933348,77.0696355714731,1312.12791560353
"BIGKAT _ P83 _ Right _ 1",-6.91246242973318,-18.8755248475759,1250.26662108187,1.45023698585988,77.2479371907128,1312.54240116809
"BIGKAT _ P83 _ Right _ 1",-6.9680203248561,-18.6697502285227,1250.3943464287,1.28069153265265,77.3766828732293,1312.83046553281
"BIGKAT _ P83 _ Right _ 1",-6.98989446069216,-18.4886837601712,1250.41751504525,1.14587797486843,77.4584119125807,1312.97257415735
"BIGKAT _ P83 _ Right _ 1",-6.98594409956263,-18.3357825312554,1250.34982741007,1.0421600403701,77.5020501788539,1312.96901988143
"BIGKAT _ P83 _ Right _ 1",-6.96755305426327,-18.2124812252889,1250.21080495574,0.96428174008186,77.5191061787571,1312.83789533733
"BIGKAT _ P83 _ Right _ 1",-6.94613486457054,-18.118875754043,1250.02244487722,0.908303451312029,77.5200211178282,1312.61016969652
"BIGKAT _ P83 _ Right _ 1",-6.93019504572967,-18.0543271575795,1249.80706096661,0.873125876473207,77.5116119251162,1312.32309074063
"BIGKAT _ P83 _ Right _ 1",-6.92375860687877,-18.0178217948673,1249.58584705378,0.860047276488696,77.4961183247216,1312.01348925219
"BIGKAT _ P83 _ Right _ 1",-6.92647434792836,-18.0079591252134,1249.37749547467,0.870719932658139,77.4719124810089,1311.71262810084
"BIGKAT _ P83 _ Right _ 1",-6.93516982714954,-18.0225723564217,1249.19660140625,0.904586643430904,77.4355459175966,1311.44369798408
"BIGKAT _ P83 _ Right _ 1",-6.94616217665489,-18.0581365619228,1249.05225696022,0.957031992960887,77.3844923678525,1311.22192664192
"BIGKAT _ P83 _ Right _ 1",-6.95741365716394,-18.1092152674616,1248.94764015474,1.01907106108209,77.3197160101456,1311.05620492214
"BIGKAT _ P83 _ Right _ 1",-6.96975377127911,-18.1682238893238,1248.88112100348,1.07870709803781,77.2471552349011,1310.95083733847
"BIGKAT _ P83 _ Right _ 1",-6.98679092702883,-18.2257301960715,1248.84865355391,1.12345832703899,77.1774795033477,1310.90652915933
"BIGKAT _ P83 _ Right _ 1",-7.01362839997035,-18.2713617373606,1248.84660246859,1.14318881246986,77.1240594325444,1310.92054016976
"BIGKAT _ P83 _ Right _ 1",-7.05488932141568,-18.2951910176295,1248.87397245649,1.13234076763916,77.0997954177867,1310.9865443642
"BIGKAT _ P83 _ Right _ 1",-7.11272154868806,-18.2892970121362,1248.9331917205,1.09091549050859,77.1139139759782,1311.09486679799
"BIGKAT _ P83 _ Right _ 1",-7.18541388596903,-18.2491292028068,1249.02907339492,1.02397628025947,77.1697674252197,1311.23349163744
"BIGKAT _ P83 _ Right _ 1",-7.26709313071318,-18.174374779604,1249.1662999366,0.939928325500823,77.264125941508,1311.38977592994
"BIGKAT _ P83 _ Right _ 1",-7.34870706708823,-18.0692269599254,1249.34645036956,0.84824821803573,77.3878373461567,1311.55233738703
"BIGKAT _ P83 _ Right _ 1",-7.4201139968197,-17.9421410731277,1249.56576365075,0.757520443484001,77.5274063078858,1311.71230014308
"BIGKAT _ P83 _ Right _ 1",-7.47267032587953,-17.8051893196447,1249.8143695615,0.674429687889422,77.6670351570736,1311.86325613206
"BIGKAT _ P83 _ Right _ 1",-7.50143547353548,-17.6729792931064,1250.07696984743,0.603792868627959,77.7908050840346,1312.00001839288
"BIGKAT _ P83 _ Right _ 1",-7.50618800265142,-17.5609796215331,1250.33437764101,0.549115706771068,77.884823759909,1312.11708541669
"BIGKAT _ P83 _ Right _ 1",-7.49089611954455,-17.4832096172365,1250.56519690226,0.512937635147095,77.9392237400124,1312.20800327863
"BIGKAT _ P83 _ Right _ 1",-7.46195592237773,-17.449607563034,1250.74734130151,0.496543321628234,77.9498004263721,1312.26619735653
"BIGKAT _ P83 _ Right _ 1",-7.42610401632073,-17.463771460635,1250.85985822942,0.499219524294976,77.9189203908032,1312.28679361779
"BIGKAT _ P83 _ Right _ 1",-7.38905745284971,-17.521870388607,1250.88600512525,0.517664198772983,77.8553336722781,1312.26829529761
"BIGKAT _ P83 _ Right _ 1",-7.35543837558223,-17.6132129228955,1250.81801215089,0.546113037280868,77.7727865237685,1312.21321239845
"BIGKAT _ P83 _ Right _ 1",-7.32964583284957,-17.7223745277367,1250.662387991,0.577316332588523,77.6876941498128,1312.12759506725
"BIGKAT _ P83 _ Right _ 1",-7.31664616793454,-17.8322390970997,1250.44298183861,0.604026610107452,77.6163655227439,1312.02015583421
"BIGKAT _ P83 _ Right _ 1",-7.32169735367579,-17.9270551428503,1250.19886561388,0.620451881462784,77.5722985299173,1311.90172259517
"BIGKAT _ P83 _ Right _ 1",-7.34879584339006,-17.9947354071067,1249.97612762121,0.623229831438953,77.5639684631647,1311.78519926333
"BIGKAT _ P83 _ Right _ 1",-7.39855611318336,-18.0280433212443,1249.81580418102,0.611735060867473,77.5934340454105,1311.68549693521
"BIGKAT _ P83 _ Right _ 1",-7.46667077886746,-18.0247600052275,1249.74245801141,0.587808265614687,77.6560066358236,1311.61848489766
"BIGKAT _ P83 _ Right _ 1",-7.54386604855826,-17.9871743939645,1249.75796104435,0.555190105554128,77.7410837059951,1311.59822641511
"BIGKAT _ P83 _ Right _ 1",-7.61759016353205,-17.9212287276887,1249.84282873273,0.518941341891919,77.8339938070655,1311.6327645889
"BIGKAT _ P83 _ Right _ 1",-7.6749321918058,-17.835490839027,1249.96423156127,0.484914781513713,77.9184685681631,1311.72009816646
"BIGKAT _ P83 _ Right _ 1",-7.70582721155677,-17.7399686279708,1250.08726674356,0.459078219598946,77.9793364305424,1311.84669033896
"BIGKAT _ P83 _ Right _ 1",-7.70561654818913,-17.6447318169695,1250.18526901116,0.446430792557024,78.0052053971305,1311.99003243994
"BIGKAT _ P83 _ Right _ 1",-7.67634322173429,-17.5583768394086,1250.24587918415,0.449533322570884,77.99099143588,1312.12474933809
"BIGKAT _ P83 _ Right _ 1",-7.62650324831836,-17.4865307946195,1250.27152960604,0.467105302090945,77.9399256717816,1312.22984832434
"BIGKAT _ P83 _ Right _ 1",-7.5692331108094,-17.4307802731584,1250.27499909287,0.493374815332177,77.8642859074893,1312.29419061751
"BIGKAT _ P83 _ Right _ 1",-7.5191854990396,-17.3884995013316,1250.27210428328,0.518710490392859,77.7839977442379,1312.31823747736
"BIGKAT _ P83 _ Right _ 1",-7.48874410472559,-17.3538776542897,1250.27430332325,0.531613619137918,77.7227502919969,1312.31185165028
"BIGKAT _ P83 _ Right _ 1",-7.48464743808082,-17.3200007991546,1250.28398783285,0.521649977475903,77.7022175120104,1312.28949299279
"BIGKAT _ P83 _ Right _ 1",-7.50616789022888,-17.2813704550835,1250.29429325655,0.482562798119577,77.7358817911601,1312.26489173586
"BIGKAT _ P83 _ Right _ 1",-7.54548020956948,-17.2360351521633,1250.29333203033,0.414703013986428,77.8243849001087,1312.24708037418
"BIGKAT _ P83 _ Right _ 1",-7.59001778970801,-17.1866584073297,1250.27068014188,0.326010985108925,77.9540923752374,1312.23882085777
"BIGKAT _ P83 _ Right _ 1",-7.6260026394475,-17.140200426641,1250.22307412519,0.231059265845374,78.0996747273327,1312.23742294703
"BIGKAT _ P83 _ Right _ 1",-7.64216444149829,-17.1062840882111,1250.15713477994,0.14811825425911,78.2302075772048,1312.23711507384
"BIGKAT _ P83 _ Right _ 1",-7.63272921263483,-17.0946758525607,1250.08858144793,0.0947922338297345,78.3170258267231,1312.23178839847
"BIGKAT _ P83 _ Right _ 1",-7.59890040018965,-17.1125798674126,1250.03854470803,0.0833511773464188,78.3408977649921,1312.21710972031
"BIGKAT _ P83 _ Right _ 1",-7.54836359034728,-17.1625183349506,1250.02800645082,0.117206249635236,78.2963570655227,1312.19147589099
"BIGKAT _ P83 _ Right _ 1",-7.49288361581168,-17.2413978284231,1250.0716878016,0.189783285185622,78.1920943413311,1312.15586857869
"BIGKAT _ P83 _ Right _ 1",-7.44469603801895,-17.3409988705133,1250.17309137862,0.286296204141516,78.0476470715539,1312.1131544414
"BIGKAT _ P83 _ Right _ 1",-7.41285694338844,-17.4497129428739,1250.32242624986,0.387907415344057,77.8877142823769,1312.06744061555
"BIGKAT _ P83 _ Right _ 1",-7.40072455463208,-17.5550360343239,1250.49829942841,0.476925571957687,77.7359309510832,1312.02373585213
"BIGKAT _ P83 _ Right _ 1",-7.40524580637686,-17.6461952879233,1250.6725380166,0.541366045617421,77.6097842238057,1311.98784900972
"BIGKAT _ P83 _ Right _ 1",-7.41803375437789,-17.7163036116683,1250.8163166256,0.577513744792732,77.5177378400097,1311.96641001652
"BIGKAT _ P83 _ Right _ 1",-7.42774667593729,-17.763536441045,1250.90579090859,0.589935716035161,77.4588934164069,1311.96684470365
"BIGKAT _ P83 _ Right _ 1",-7.42308040752894,-17.7910235989442,1250.92633342601,0.589285130942449,77.4248898659123,1311.99694610467
"BIGKAT _ P83 _ Right _ 1",-7.39561337439076,-17.8054953177508,1250.87509152378,0.588813784328526,77.4032940488142,1312.06365863488
"BIGKAT _ P83 _ Right _ 1",-7.3417983521236,-17.8151247384328,1250.76153849758,0.600651936634941,77.3814871249492,1312.17103561359
"BIGKAT _ P83 _ Right _ 1",-7.2636570714758,-17.8272623748299,1250.60561516435,0.632765907573798,77.3500249193758,1312.31786956366
"BIGKAT _ P83 _ Right _ 1",-7.16812531537824,-17.8467303050379,1250.43352329617,0.687228843129781,77.304649199338,1312.49592482289
"BIGKAT _ P83 _ Right _ 1",-7.06535256579259,-17.875075227987,1250.27205180876,0.760093870184244,77.2465302991506,1312.68982870821
"BIGKAT _ P83 _ Right _ 1",-6.96648016286949,-17.9108091115126,1250.14294528191,0.842746433763452,77.1808859057857,1312.87937910942
"BIGKAT _ P83 _ Right _ 1",-6.88145647272828,-17.9503466819724,1250.0588794898,0.924214675088845,77.1147191843316,1313.04419028538
"BIGKAT _ P83 _ Right _ 1",-6.8173178658178,-17.9892053470794,1250.02204104723,0.993714086036049,77.0547743262806,1313.16933675318
"BIGKAT _ P83 _ Right _ 1",-6.77718857318133,-18.0230999273,1250.02538962304,1.04280609031981,77.0065805831406,1313.24965315473
"BIGKAT _ P83 _ Right _ 1",-6.76011377816673,-18.0487457788033,1250.05586570314,1.06684244540399,76.9746220965641,1313.29057544691
"BIGKAT _ P83 _ Right _ 1",-6.76169759075473,-18.064333915212,1250.09842454994,1.06562328264246,76.96281509056,1313.3050354147
"BIGKAT _ P83 _ Right _ 1",-6.77533818280214,-18.069691886422,1250.13982942292,1.04331341463084,76.9743419520241,1313.30786609022
"BIGKAT _ P83 _ Right _ 1",-6.79371418161029,-18.0661353766368,1250.17143115009,1.00767996869217,77.0105488310408,1313.31017996746
"BIGKAT _ P83 _ Right _ 1",-6.81017655259347,-18.0560347343692,1250.19054648256,0.968703630766261,77.0694344259263,1313.31594048278
"BIGKAT _ P83 _ Right _ 1",-6.81983584071366,-18.0422035205615,1250.20044393976,0.936639757938586,77.1447012977087,1313.3219307415
"BIGKAT _ P83 _ Right _ 1",-6.82028613339613,-18.0272964847161,1250.20922862948,0.919737481861458,77.2262650890508,1313.32101691802
"BIGKAT _ P83 _ Right _ 1",-6.81194331731376,-18.0133890671809,1250.22796063492,0.922084067397822,77.3025024657099,1313.30729757355
"BIGKAT _ P83 _ Right _ 1",-6.79790805496782,-18.0017957303505,1250.26821556744,0.942275944478738,77.3635213674536,1313.28082433704
"BIGKAT _ P83 _ Right _ 1",-6.78325087230059,-17.9930523530324,1250.33925997755,0.973534912755577,77.4039853296864,1313.24965791274
"BIGKAT _ P83 _ Right _ 1",-6.77376265779415,-17.9869149801933,1250.44520608551,1.00537182607966,77.4242058007712,1313.22827244459
"BIGKAT _ P83 _ Right _ 1",-6.77443289100761,-17.9822405158097,1250.58276011399,1.02625565010282,77.4292272149788,1313.23302310824
"BIGKAT _ P83 _ Right _ 1",-6.788048675807,-17.9767106222815,1250.74024540105,1.02641967622695,77.4266248436706,1313.27649867334
"BIGKAT _ P83 _ Right _ 1",-6.8142960266848,-17.9665173208187,1250.89845585959,1.00004345167272,77.4240778551404,1313.36272382159
"BIGKAT _ P83 _ Right _ 1",-6.84964066868247,-17.946298658244,1251.03366600686,0.946369850767239,77.4275142253066,1313.48470673197
"BIGKAT _ P83 _ Right _ 1",-6.88809907100296,-17.9097076195906,1251.12265439789,0.869653325251504,77.4401278533721,1313.62510575348
"BIGKAT _ P83 _ Right _ 1",-6.92275766070868,-17.8509120125076,1251.14872377722,0.778151706969081,77.4621437944604,1313.75989280153
"BIGKAT _ P83 _ Right _ 1",-6.94757903093042,-17.7669989583161,1251.10677803574,0.682638469217342,77.4909935722723,1313.86393401198
"BIGKAT _ P83 _ Right _ 1",-6.95881109254997,-17.6607597336328,1251.00534818516,0.594976866263895,77.5215946041052,1313.91678384966
"BIGKAT _ P83 _ Right _ 1",-6.95541513242325,-17.5428658567161,1250.86450652275,0.527046073622257,77.5466637953063,1313.9070798614
"BIGKAT _ P83 _ Right _ 1",-6.93839706787639,-17.4322700211361,1250.71040776214,0.489899197571707,77.5572819215133,1313.83462086335
"BIGKAT _ P83 _ Right _ 1",-6.9094999163384,-17.3539224759325,1250.56866559034,0.492810641511326,77.5440299915306,1313.71000959492
"BIGKAT _ P83 _ Right _ 1",-6.87001378567354,-17.3335970839247,1250.45905911594,0.542003069700537,77.4988052869231,1313.55231039387
"BIGKAT _ P83 _ Right _ 1",-6.82032103906553,-17.3907370018613,1250.39311764537,0.639188117651994,77.4170017863373,1313.38544998941
"BIGKAT _ P83 _ Right _ 1",-6.76038621373265,-17.531471013685,1250.37461122418,0.780374961841701,77.2993777234807,1313.23403205162
"BIGKAT _ P83 _ Right _ 1",-6.69097852510986,-17.744494515966,1250.40174931247,0.955531955245274,77.1528572624574,1313.11898142688
"BIGKAT _ P83 _ Right _ 1",-6.6150920633962,-18.0016407255027,1250.46956095829,1.14953278977302,76.9897956125107,1313.05338475669
"BIGKAT _ P83 _ Right _ 1",-6.53884918192442,-18.2631676286285,1250.57149215817,1.34440671758546,76.8257751920512,1313.03920757877
"BIGKAT _ P83 _ Right _ 1",-6.4712452342629,-18.4863198128219,1250.70011487652,1.52243437932196,76.6765381854337,1313.0659064389
"BIGKAT _ P83 _ Right _ 1",-6.42250053553718,-18.6351053499015,1250.84734881536,1.66931098476728,76.554932423325,1313.11190485548
"BIGKAT _ P83 _ Right _ 1",-6.4014099140026,-18.6889577184081,1251.00461222676,1.7765443848386,76.4686675578282,1313.14931224098
"BIGKAT _ P83 _ Right _ 1",-6.41261005109388,-18.6477746462184,1251.16313939649,1.84246705158875,76.4193534507911,1313.15122770364
"BIGKAT _ P83 _ Right _ 1",-6.45482451096576,-18.531390064785,1251.31457228235,1.8716575428593,76.4028834915392,1313.09980699644
"BIGKAT _ P83 _ Right _ 1",-6.5208094310364,-18.3733988106323,1251.45178795642,1.87305201647482,76.4108694048582,1312.99253319235
"BIGKAT _ P83 _ Right _ 1",-6.59905768167328,-18.2116050363637,1251.56962645373,1.85739573365952,76.4326397449315,1312.84435445533
"BIGKAT _ P83 _ Right _ 1",-6.67663408189683,-18.0785376715588,1251.6649228185,1.83480858601075,76.4573174922868,1312.68459736926
"BIGKAT _ P83 _ Right _ 1",-6.7421474096742,-17.9948030517902,1251.73545333001,1.81309386971561,76.4756173266863,1312.54926930999
"BIGKAT _ P83 _ Right _ 1",-6.78797801505132,-17.9664294700067,1251.77816180341,1.79707299744154,76.4811343947926,1312.47077726427
"BIGKAT _ P83 _ Right _ 1",-6.8113270482376,-17.9859778717228,1251.78779471369,1.78882708920833,76.4709902525303,1312.46784387725
"BIGKAT _ P83 _ Right _ 1",-6.8141146553935,-18.0364368508168,1251.7571459288,1.78844029374677,76.4457974048027,1312.53855827105
"BIGKAT _ P83 _ Right _ 1",-6.80200144212174,-18.0966090813355,1251.67929023274,1.79476516775432,76.4090306812125,1312.65905698915
"BIGKAT _ P83 _ Right _ 1",-6.78283087957247,-18.1466410027989,1251.55095128255,1.80587190659821,76.3660120396774,1312.78897771113
"BIGKAT _ P83 _ Right _ 1",-6.76473554878583,-18.1725023290779,1251.37531935366,1.81914464219027,76.3227707336862,1312.88258021446
"BIGKAT _ P83 _ Right _ 1",-6.75416269712668,-18.1685777440673,1251.16279383289,1.83130402351967,76.2850313554371,1312.9022254499
"BIGKAT _ P83 _ Right _ 1",-6.75417377951559,-18.1380278162997,1250.92925788835,1.83874967027936,76.2575235635054,1312.82993638042
"BIGKAT _ P83 _ Right _ 1",-6.76345443858111,-18.0910992849087,1250.69289554347,1.83841033402701,76.2436811982136,1312.67336090875
"BIGKAT _ P83 _ Right _ 1",-6.7764176250725,-18.0419961732478,1250.4711979274,1.82889739687776,76.2456142918381,1312.46412730833
"BIGKAT _ P83 _ Right _ 1",-6.78456004227273,-18.0051444523033,1250.27922262681,1.81147162060034,76.2640799072292,1312.24880133158
"BIGKAT _ P83 _ Right _ 1",-6.77891764155655,-17.9916339925268,1250.12903599747,1.79033047882345,76.2981390250638,1312.07498092266
"BIGKAT _ P83 _ Right _ 1",-6.75317938133538,-18.0063977093695,1250.02957072176,1.77193863361155,76.3443255761059,1311.97676946238
"BIGKAT _ P83 _ Right _ 1",-6.70682098866409,-18.0464879617524,1249.98612869086,1.76338890413295,76.3954912635482,1311.96415446475
"BIGKAT _ P83 _ Right _ 1",-6.64750845890077,-18.1007420169013,1249.99910155758,1.76999250494894,76.4399439161977,1312.01951874135
"BIGKAT _ P83 _ Right _ 1",-6.59201030948572,-18.1511272183331,1250.06189823355,1.79244903083113,76.4618729199403,1312.10221852618
"BIGKAT _ P83 _ Right _ 1",-6.56502111463956,-18.1759775955942,1250.15854144974,1.82408090936825,76.4441411208663,1312.15969986297
"BIGKAT _ P83 _ Right _ 1",-6.59570890659237,-18.1550628080092,1250.26189487404,1.84876039779871,76.3741476945537,1312.14172025241
"BIGKAT _ P83 _ Right _ 1",-6.71241053074575,-18.0759401367019,1250.33377645787,1.84026228080941,76.2525413298349,1312.01354394363
"BIGKAT _ P83 _ Right _ 1",-6.93647511362356,-17.9404095283144,1250.32794990858,1.76371795993215,76.1031984601329,1311.76476785848
"BIGKAT _ P83 _ Right _ 1",-7.27651254778895,-17.76930219358,1250.19607374445,1.57951444858178,75.9814418455425,1311.41223053727
"BIGKAT _ P83 _ Right _ 1",-7.72419409903715,-17.603524320277,1249.895655012,1.24942715017709,75.9764285379031,1310.99724500844
"BIGKAT _ P83 _ Right _ 1",-8.25248741107358,-17.499441344074,1249.39876578886,0.744246302631676,76.2034229332798,1310.57838171929
"BIGKAT _ P83 _ Right _ 1",-8.81697333444247,-17.5174103771752,1248.70101906171,0.0518298294410948,76.7827783340752,1310.22110268974
"BIGKAT _ P83 _ Right _ 1",-9.36067302499934,-17.7035932741207,1247.83121153484,-0.815765087436535,77.8053437114899,1309.9851784267
"BIGKAT _ P83 _ Right _ 1",-9.82247418947054,-18.0671236481429,1246.86175768283,-1.81788786746462,79.2886348695917,1309.91071787113
"BIGKAT _ P83 _ Right _ 1",-10.1486455033397,-18.5570624822378,1245.91802221885,-2.88591648340386,81.1334564873198,1310.00436625426
"BIGKAT _ P83 _ Right _ 1",-10.3060331419998,-19.0457854735445,1245.18189634375,-3.93099585601128,83.0949185537486,1310.22858845526
"BIGKAT _ P83 _ Right _ 1",-10.2945193217754,-19.32656600245,1244.88339223854,-4.85964247777109,84.7828538491124,1310.49790469591
"BIGKAT _ P83 _ Right _ 1",-10.1555410765533,-19.1320646335825,1245.27527168656,-5.59547159697531,85.7027898159795,1310.68543756957
"BIGKAT _ P83 _ Right _ 1",-9.97327367215101,-18.1764078687493,1246.59010649748,-6.10227022464324,85.3392797479556,1310.64101282535
"BIGKAT _ P83 _ Right _ 1",-9.8658086083751,-16.2166101350926,1248.98561890838,-6.40106207866899,83.2697585704912,1310.21895252592
"BIGKAT _ P83 _ Right _ 1",-9.96566000521691,-13.1206891056518,1252.4907504814,-6.57302072296701,79.2825415630881,1309.31037335347
"BIGKAT _ P83 _ Right _ 1",-10.3922523113006,-8.9228548706971,1256.96924831993,-6.74260559387664,73.4627594424296,1307.87199869833
"BIGKAT _ P83 _ Right _ 1",-11.2227916992456,-3.84458045787766,1262.11693286126,-7.04192021629845,66.2117190817536,1305.94232969812
"BIGKAT _ P83 _ Right _ 1",-12.4702347482076,1.73232938145994,1267.50120660451,-7.56640119358165,58.1830081293447,1303.63815455707
"BIGKAT _ P83 _ Right _ 1",-14.07592687566,7.33823169530136,1272.63732589108,-8.33875093026352,50.1498312248205,1301.13091111233
"BIGKAT _ P83 _ Right _ 1",-15.9193449679944,12.5118272180517,1277.08039482967,-9.29710470522626,42.8491590400664,1298.61154736204
"BIGKAT _ P83 _ Right _ 1",-17.8405705152895,16.8863565377196,1280.50351873179,-10.3137211018628,36.8602868373444,1296.25861461138
"BIGKAT _ P83 _ Right _ 1",-19.6668451868248,20.2365216560654,1282.73771276819,-11.2374190827529,32.5578262813612,1294.22186184292
"BIGKAT _ P83 _ Right _ 1",-21.2353645254254,22.4759462890114,1283.76613334303,-11.9440622872844,30.1409307321704,1292.62327737544
"BIGKAT _ P83 _ Right _ 1",-22.408975245893,23.6175264070013,1283.68426918517,-12.3779919493673,29.704149967293,1291.56656515075
"BIGKAT _ P83 _ Right _ 1",-23.0860353770749,23.7227626540668,1282.64908397056,-12.5716245034578,31.2993755402162,1291.14160648355
"BIGKAT _ P83 _ Right _ 1",-23.207681202926,22.8660409056881,1280.83987974161,-12.6371440789932,34.9473778555329,1291.41427354783
"BIGKAT _ P83 _ Right _ 1",-22.7647642296873,21.1286404798658,1278.44396179718,-12.7314650968709,40.5844076092199,1292.4009456381
"BIGKAT _ P83 _ Right _ 1",-21.8041581979798,18.6216193031378,1275.66629060987,-13.0028614756195,47.962325837804,1294.03658307448
"BIGKAT _ P83 _ Right _ 1",-20.4318044015708,15.5232518353418,1272.75012349118,-13.5340517057058,56.5473861466035,1296.15112117791
"BIGKAT _ P83 _ Right _ 1",-18.808951371594,12.109822964359,1269.98991065589,-14.3001500877767,65.4732668155079,1298.46868658284
"BIGKAT _ P83 _ Right _ 1",-17.1388083930383,8.75978897809427,1267.72043400247,-15.1583367158844,73.5935070057336,1300.63761180157
"BIGKAT _ P83 _ Right _ 1",-15.642914701428,5.91956230178492,1266.27593513398,-15.8780547861657,79.6489954182119,1302.28900399551
"BIGKAT _ P83 _ Right _ 1",-14.5293515774541,4.03197511081367,1265.92562621294,-16.2070593242088,82.5257282529877,1303.11155294412
"BIGKAT _ P83 _ Right _ 1",-13.9578598147685,3.44236185758515,1266.80259662802,-15.9538291646239,81.5395744586917,1302.9236359277
"BIGKAT _ P83 _ Right _ 1",-14.0092031632047,4.30763087330465,1268.84804931645,-15.0576394608331,76.663061529506,1301.72255381424
"BIGKAT _ P83 _ Right _ 1",-14.6667021722566,6.53608437246249,1271.79052003538,-13.6206817462815,68.6159073453405,1299.69546182983
"BIGKAT _ P83 _ Right _ 1",-15.8158164825369,9.77811465538633,1275.17084792704,-11.8927471743216,58.7782819111917,1297.18644412953
"BIGKAT _ P83 _ Right _ 1",-17.2631463742168,13.4729670057314,1278.41085539737,-10.2195593835874,48.9418716605638,1294.62697777645
"BIGKAT _ P83 _ Right _ 1",-18.770960825724,16.9410066365047,1280.91146154804,-8.97777605827637,40.9655087198899,1292.4485000818
"BIGKAT _ P83 _ Right _ 1",-20.0995342290517,19.5007978231958,1282.1587512336,-8.51618394508261,36.4258847580396,1291.00048869535
"BIGKAT _ P83 _ Right _ 1",-21.0483784133669,20.588091798634,1281.81605621105,-9.10917631021386,36.3415965886027,1290.49276287369
"BIGKAT _ P83 _ Right _ 1",-21.4885598871687,19.8567023264979,1279.78466225753,-10.9174186538673,41.0144092981542,1290.97033531699
"BIGKAT _ P83 _ Right _ 1",-21.3805258316695,17.2448300426376,1276.22247536477,-13.9498777526461,49.998524268335,1292.32009270759
"BIGKAT _ P83 _ Right _ 1",-20.7744888355704,12.9936681230168,1271.5175140192,-18.0303503050263,62.1889306886547,1294.30399751548
"BIGKAT _ P83 _ Right _ 1",-19.7937477028651,7.61133465284978,1266.22177394128,-22.7830407100448,76.0082469482794,1296.61071535657
"BIGKAT _ P83 _ Right _ 1",-18.6056015215071,1.78704525786045,1260.9603415655,-27.6565159942141,89.6581788550025,1298.91379292916
"BIGKAT _ P83 _ Right _ 1",-17.3882743341183,-3.72526544683527,1256.33704603477,-31.9974461534926,101.388187804781,1300.92209060036
"BIGKAT _ P83 _ Right _ 1",-16.3028385562318,-8.22619895706347,1252.85665404751,-35.1668507630916,109.731753766248,1302.41181082452
"BIGKAT _ P83 _ Right _ 1",-15.4755420725914,-11.1684141381152,1250.87412279286,-36.6721116786241,113.6762977353,1303.23873369741
"BIGKAT _ P83 _ Right _ 1",-14.990542210808,-12.2196039981616,1250.56981059349,-36.2781948948332,112.757701418502,1303.33747446564
"BIGKAT _ P83 _ Right _ 1",-14.8893291463763,-11.2901827301561,1251.94326437045,-34.0647551608855,107.088016093888,1302.71625873337
"BIGKAT _ P83 _ Right _ 1",-15.1726112182061,-8.53097067119221,1254.81941866255,-30.4093984654787,97.3268037471815,1301.45190328583
"BIGKAT _ P83 _ Right _ 1",-15.8022590671985,-4.30603755214519,1258.86616974884,-25.8977712676121,84.5984338152407,1299.68464616079
"BIGKAT _ P83 _ Right _ 1",-16.7034384289387,0.856355228139432,1263.62627923656,-21.1846084294032,70.3535247249231,1297.60906052124
"BIGKAT _ P83 _ Right _ 1",-17.7689478811942,6.33167219154261,1268.56612925987,-16.8491547274082,56.1826980648291,1295.45692264351
"BIGKAT _ P83 _ Right _ 1",-18.8680202909371,11.4787843084131,1273.13865853236,-13.2928873252882,43.6116157643481,1293.47128715502
"BIGKAT _ P83 _ Right _ 1",-19.8602457660368,15.7190169446443,1276.85094040937,-10.7107780563625,33.9212133576666,1291.87644147321
"BIGKAT _ P83 _ Right _ 1",-20.6129227974209,18.6008292506355,1279.32335928096,-9.13528750014118,28.0295492008329,1290.85126438435
"BIGKAT _ P83 _ Right _ 1",-21.0186930560061,19.8416175342785,1280.33012879375,-8.52132431690872,26.4427549096624,1290.51068824827
"BIGKAT _ P83 _ Right _ 1",-21.0104724942343,19.3466913003318,1279.81791529958,-8.82606453197309,29.2526985729765,1290.89432617402
"BIGKAT _ P83 _ Right _ 1",-20.5717377790737,17.2110463057959,1277.90541824271,-10.0447521133097,36.1498992825378,1291.95911273999
"BIGKAT _ P83 _ Right _ 1",-19.7410163667659,13.7087799146764,1274.86825270831,-12.1869181428952,46.4360881677019,1293.57647243051
"BIGKAT _ P83 _ Right _ 1",-18.6096847310222,9.27019479200976,1271.11100836716,-15.2064951190584,59.0469549274334,1295.53987261032
"BIGKAT _ P83 _ Right _ 1",-17.3126687703584,4.44318976199029,1267.12581509892,-18.9226915220894,72.6118293063855,1297.5889443034
"BIGKAT _ P83 _ Right _ 1",-16.0129526052509,-0.162994993169724,1263.43752077217,-22.976171936803,85.5719258704424,1299.44922723035
"BIGKAT _ P83 _ Right _ 1",-14.8823029522424,-3.94816503031229,1260.53952218299,-26.8522510673207,96.3565955091391,1300.87705459643
"BIGKAT _ P83 _ Right _ 1",-14.0810978313399,-6.39683438615051,1258.82835571776,-29.9741341315177,103.592995513711,1301.69546045681
"BIGKAT _ P83 _ Right _ 1",-13.7392910852119,-7.1483859377303,1258.54668419465,-31.8381858664046,106.311923063012,1301.81247512002
"BIGKAT _ P83 _ Right _ 1",-13.9393367580479,-6.05227502985045,1259.74314637477,-32.1445432059379,104.113026189367,1301.22262970009
"BIGKAT _ P83 _ Right _ 1",-14.7017312203205,-3.20070038332161,1262.25544888925,-30.8775546801893,97.2590949906616,1299.9983085028
"BIGKAT _ P83 _ Right _ 1",-15.9752134836269,1.06816865298763,1265.7215526856,-28.3092697927104,86.6758694070061,1298.2770457986
"BIGKAT _ P83 _ Right _ 1",-17.6355031206571,6.20248373660754,1269.62208349254,-24.9273535519276,73.8432004687415,1296.24672723192
"BIGKAT _ P83 _ Right _ 1",-19.4966260251711,11.5063547047585,1273.35275581586,-21.3161353429077,60.582591162426,1294.12712730326
"BIGKAT _ P83 _ Right _ 1",-21.336004767161,16.2397492799502,1276.31778882385,-18.0350196846262,48.7754747023949,1292.14608376532
"BIGKAT _ P83 _ Right _ 1",-22.9295285319326,19.7314897598644,1278.02722144878,-15.5338336316081,40.0722112223994,1290.51182990058
"BIGKAT _ P83 _ Right _ 1",-24.0886542182727,21.4830551848942,1278.17789796231,-14.1212933241204,35.6548567892443,1289.38631151362
"BIGKAT _ P83 _ Right _ 1",-24.690642101594,21.243665841948,1276.70177469693,-13.9742621719332,36.0935479256283,1288.86451497868
"BIGKAT _ P83 _ Right _ 1",-24.6953032344035,19.0447535757995,1273.77324991039,-15.1587332460195,41.3043954592502,1288.96289623024
"BIGKAT _ P83 _ Right _ 1",-24.1453968589209,15.1894980287509,1269.7754472379,-17.6364262247039,50.5967584446325,1289.61912734886
"BIGKAT _ P83 _ Right _ 1",-23.1516989849303,10.1994185275924,1265.23258805802,-21.2490196854424,62.7931604248168,1290.7054762938
"BIGKAT _ P83 _ Right _ 1",-21.8674521634614,4.72730599697612,1260.72243560687,-25.6935055702162,76.4035642388646,1292.05565527515
"BIGKAT _ P83 _ Right _ 1",-20.4598344912923,-0.545579177516229,1256.78814645707,-30.5144788242362,89.8274112151914,1293.49872390752
"BIGKAT _ P83 _ Right _ 1",-19.0865864826256,-5.00482300098912,1253.86900230561,-35.1352923411063,101.547280920307,1294.8882431882
"BIGKAT _ P83 _ Right _ 1",-17.8827609661953,-8.17122605663934,1252.26194586625,-38.9329008022518,110.281251033575,1296.11638982231
"BIGKAT _ P83 _ Right _ 1",-16.9570060371493,-9.73525718567266,1252.11328645283,-41.3420693810907,115.081620774936,1297.11125021183
"BIGKAT _ P83 _ Right _ 1",-16.3921942264458,-9.56446811349949,1253.42910280145,-41.9635651690686,115.393235429057,1297.82460542023
"BIGKAT _ P83 _ Right _ 1",-16.244192934842,-7.69783016272166,1256.08956160267,-40.6498630832743,111.096634284041,1298.22125548975
"BIGKAT _ P83 _ Right _ 1",-16.5352573833241,-4.33844737350394,1259.85768888403,-37.5468764872207,102.550637102994,1298.27858759504
"BIGKAT _ P83 _ Right _ 1",-17.243081460918,0.153134774211723,1264.38339422307,-33.0786005941987,90.6226167229245,1297.99899168625
"BIGKAT _ P83 _ Right _ 1",-18.29061333025,5.27288786411012,1269.21286972069,-27.874075149008,76.6703784768853,1297.43019320024
"BIGKAT _ P83 _ Right _ 1",-19.5434888935766,10.4071895688511,1273.81683617034,-22.6524987007824,62.4356017174893,1296.68226849019
"BIGKAT _ P83 _ Right _ 1",-20.8204567254939,14.8953794434771,1277.64633597663,-18.0967681873444,49.8326803654702,1295.92866871441
"BIGKAT _ P83 _ Right _ 1",-21.9178383712068,18.1187404268554,1280.21355249941,-14.7486664789277,40.6579580811232,1295.38420176678
"BIGKAT _ P83 _ Right _ 1",-22.643773670346,19.6017302657181,1281.1827588175,-12.9461654635001,36.2788601280551,1295.26299335072
"BIGKAT _ P83 _ Right _ 1",-22.8543192665693,19.1044111262145,1280.44914138502,-12.8023803700225,37.3714444650956,1295.72779619195
"BIGKAT _ P83 _ Right _ 1",-22.4828411969308,16.6848488704903,1278.18370450533,-14.2108975891345,43.7606986814937,1296.84497292148
"BIGKAT _ P83 _ Right _ 1",-21.5560352867648,12.7145577916006,1274.82899646403,-16.8625244542129,54.3971330873353,1298.55822082479
"BIGKAT _ P83 _ Right _ 1",-20.1929703129163,7.83702025406807,1271.04008072587,-20.2711555513142,67.4850627862633,1300.69015271395
"BIGKAT _ P83 _ Right _ 1",-18.5869945445512,2.86950106183527,1267.57672747071,-23.8200229299828,80.756734544756,1302.97342152739
"BIGKAT _ P83 _ Right _ 1",-16.9738041122451,-1.33811559972624,1265.16510333379,-26.842051425863,91.8562662273518,1305.10300074718
"BIGKAT _ P83 _ Right _ 1",-15.5916419062517,-4.06076066308261,1264.35691464249,-28.7345951214599,98.7658006469993,1306.79395040515
"BIGKAT _ P83 _ Right _ 1",-14.6405478605632,-4.83873055021842,1265.41675860805,-29.0863218969769,100.188761759242,1307.83005585587
"BIGKAT _ P83 _ Right _ 1",-14.2469342690501,-3.57101577305846,1268.26289923114,-27.7771758770581,95.8098435464672,1308.09668949317
"BIGKAT _ P83 _ Right _ 1",-14.4387945774869,-0.540848407710833,1272.4752371777,-25.0134744630901,86.3744237249022,1307.59831936873
"BIGKAT _ P83 _ Right _ 1",-15.1364388578782,3.63389918710399,1277.37064828303,-21.2809063818696,73.5637582965586,1306.46170303305
"BIGKAT _ P83 _ Right _ 1",-16.1628572925007,8.11792780846831,1282.13246882622,-17.2288637838064,59.6825448951538,1304.92218389448
"BIGKAT _ P83 _ Right _ 1",-17.2748323697149,12.020790083983,1285.96897970184,-13.5245532151176,47.2181230012178,1303.28919092925
"BIGKAT _ P83 _ Right _ 1",-18.2105023116177,14.5705694042245,1288.26777513442,-10.7215512321033,38.3639053063549,1301.89180860086
"BIGKAT _ P83 _ Right _ 1",-18.7434946050799,15.2627317027488,1288.71256364528,-9.17303134351522,34.6078752171843,1301.01369031496
"BIGKAT _ P83 _ Right _ 1",-18.7309962494581,13.9549645027794,1287.33784304715,-8.99616475310606,36.4656841846827,1300.83274698722
"BIGKAT _ P83 _ Right _ 1",-18.1444803426644,10.8916729029401,1284.51217191124,-10.0769137259882,43.4006151565812,1301.38149214323
"BIGKAT _ P83 _ Right _ 1",-17.0762788457435,6.65548873495531,1280.85684680469,-12.1016480061959,53.9373015784952,1302.53942067745
"BIGKAT _ P83 _ Right _ 1",-15.7209560049514,2.05547193315134,1277.11931266514,-14.6098187787713,65.9477796259491,1304.06085742062
"BIGKAT _ P83 _ Right _ 1",-14.3361102275113,-2.02721263311076,1274.02804327753,-17.0693317562001,77.0616495834247,1305.63135996816
"BIGKAT _ P83 _ Right _ 1",-13.1916838078271,-4.80642161295961,1272.15761054111,-18.9737904161569,85.1255882734249,1306.93640723478
"BIGKAT _ P83 _ Right _ 1",-12.5188378622627,-5.73765669846654,1271.8289531092,-19.9477421183619,88.6204696124008,1307.72325917669
"BIGKAT _ P83 _ Right _ 1",-12.468374519792,-4.6151817112138,1273.06130578941,-19.8319812726486,86.9480401115668,1307.84254055895
"BIGKAT _ P83 _ Right _ 1",-13.0855090312924,-1.60177489681342,1275.58143295679,-18.7186671912202,80.5259611761461,1307.26563169069
"BIGKAT _ P83 _ Right _ 1",-14.3042196577509,2.81238860789156,1278.88547915161,-16.9210606798434,70.6730642999031,1306.08056809706
"BIGKAT _ P83 _ Right _ 1",-15.9612680244542,7.91085900688681,1282.34012183383,-14.888257364541,59.3151109837003,1304.4707199091
"BIGKAT _ P83 _ Right _ 1",-17.8269722733963,12.8889752636719,1285.30291323868,-13.096597066461,48.5837359315096,1302.68024895179
"BIGKAT _ P83 _ Right _ 1",-19.6467892973755,16.9986096898559,1287.23776858423,-11.9539672834916,40.4047154656207,1300.97152555831
"BIGKAT _ P83 _ Right _ 1",-21.1855878722696,19.6701488943831,1287.80277342431,-11.7397393074729,36.1658263698756,1299.58171414144
"BIGKAT _ P83 _ Right _ 1",-22.2662094343738,20.5910265596965,1286.89475666046,-12.5821464186383,36.5214913385224,1298.68591594283
"BIGKAT _ P83 _ Right _ 1",-22.795525543681,19.7323160308652,1284.64581784844,-14.4602298875114,41.3491636423556,1298.37214870328
"BIGKAT _ P83 _ Right _ 1",-22.7737839234758,17.3250669975871,1281.37698209875,-17.2159400496827,49.8414947165232,1298.63129389372
"BIGKAT _ P83 _ Right _ 1",-22.2858971962102,13.7945816377048,1277.52128993805,-20.5709132490278,60.7042840232837,1299.36407798841
"BIGKAT _ P83 _ Right _ 1",-21.4766332206963,9.66611365299442,1273.53357779665,-24.1532978718083,72.4225073836784,1300.40521438548
"BIGKAT _ P83 _ Right _ 1",-20.515580650246,5.46160169623192,1269.80738692983,-27.5436157556894,83.5448164380327,1301.56017808118
"BIGKAT _ P83 _ Right _ 1",-19.5611402347175,1.61166906456681,1266.6188883309,-30.3406641387376,92.9246699216706,1302.64483815628
"BIGKAT _ P83 _ Right _ 1",-18.7333599298882,-1.59523505837736,1264.11084498924,-32.2335387879781,99.8590878337397,1303.51680799403
"BIGKAT _ P83 _ Right _ 1",-18.1019428889578,-4.0166376442893,1262.31688947638,-33.0557137246249,104.093972778202,1304.09134475345
"BIGKAT _ P83 _ Right _ 1",-17.6897349729353,-5.6200120883142,1261.21240809881,-32.801178875,105.710407160535,1304.34083761899
"BIGKAT _ P83 _ Right _ 1",-17.486721082799,-6.4278184515694,1260.76930560973,-31.5994964850619,104.948564389984,1304.28175438683
"BIGKAT _ P83 _ Right _ 1",-17.4673747836194,-6.46859220676528,1260.9919111778,-29.6651572127242,102.045366063939,1303.95540298963
"BIGKAT _ P83 _ Right _ 1",-17.6051644096838,-5.75314044535121,1261.92003647872,-27.2450533779616,97.1506693400841,1303.40943241558
"BIGKAT _ P83 _ Right _ 1",-17.8807022716001,-4.2825347045494,1263.59872621018,-24.5821173349854,90.3495341571864,1302.68567134457
"BIGKAT _ P83 _ Right _ 1",-18.2829598800209,-2.08067287813614,1266.02727591759,-21.8985591127789,81.7701140572276,1301.81688062061
"BIGKAT _ P83 _ Right _ 1",-18.8052768828967,0.766127758678497,1269.10831140867,-19.3893471221894,71.7181525104209,1300.83132470006
"BIGKAT _ P83 _ Right _ 1",-19.4391182068478,4.08245075333428,1272.6184641645,-17.2142785452245,60.7677848915087,1299.76110738735
"BIGKAT _ P83 _ Right _ 1",-20.1683742851901,7.60316462044302,1276.21475930996,-15.485506141788,49.7609127914497,1298.64935958358
"BIGKAT _ P83 _ Right _ 1",-20.9655516545003,10.9995088447869,1279.47773266776,-14.2581331982626,39.7125698006504,1297.55347209449
"BIGKAT _ P83 _ Right _ 1",-21.7895399553527,13.9215280754256,1281.97945388037,-13.5342189972438,31.6610115146839,1296.54509381546
"BIGKAT _ P83 _ Right _ 1",-22.5842795658586,16.0433958736915,1283.35830693761,-13.2828023837719,26.5140458123852,1295.70879770869
"BIGKAT _ P83 _ Right _ 1",-23.2789219495513,17.1032903066984,1283.38421283222,-13.4672966391291,24.9249186037079,1295.13854226008
"BIGKAT _ P83 _ Right _ 1",-23.7915712445951,16.9368537544964,1282.00401499607,-14.0655202080429,27.2031507984464,1294.92776944099
"BIGKAT _ P83 _ Right _ 1",-24.0386757294915,15.5061485443706,1279.36193880068,-15.0699890323833,33.2519322158377,1295.15011129187
"BIGKAT _ P83 _ Right _ 1",-23.9500994230534,12.9225839165916,1275.79261690403,-16.4648731974431,42.5306076995416,1295.83399607399
"BIGKAT _ P83 _ Right _ 1",-23.4869278253724,9.45629615400283,1271.78559165053,-18.1873428306544,54.0571092023048,1296.94135578912
"BIGKAT _ P83 _ Right _ 1",-22.6570292430768,5.52173175249491,1267.92280399552,-20.0908197381179,66.4738712203127,1298.36196572891
"BIGKAT _ P83 _ Right _ 1",-21.5235593636275,1.63323451350789,1264.79560745869,-21.9315539024171,78.1917683701603,1299.92832777975
"BIGKAT _ P83 _ Right _ 1",-20.2034958214088,-1.66617327646968,1262.91399352247,-23.3942944108536,87.6033389729546,1301.4456932653
"BIGKAT _ P83 _ Right _ 1",-18.8553730486949,-3.89026883790639,1262.62450686798,-24.1576836965621,93.3322349900392,1302.72565777365
"BIGKAT _ P83 _ Right _ 1",-17.6569088432581,-4.69233471574834,1264.05219255981,-23.98132124351,94.4721684392422,1303.61397138814
"BIGKAT _ P83 _ Right _ 1",-16.7748857187791,-3.9291119582642,1267.07662557958,-22.7836813706859,90.767867360365,1304.01029926504
"BIGKAT _ P83 _ Right _ 1",-16.3321926192561,-1.69402750013056,1271.34552092808,-20.6805491262645,82.69854109184,1303.88236773348
"BIGKAT _ P83 _ Right _ 1",-16.3795475760237,1.68742909131701,1276.32362621927,-17.9682662020447,71.4384702913555,1303.27557484288
"BIGKAT _ P83 _ Right _ 1",-16.8801399916661,5.70157394336665,1281.36962803729,-15.0586255352329,58.6909207234853,1302.31455698038
"BIGKAT _ P83 _ Right _ 1",-17.7128884627753,9.72395530073409,1285.82930217068,-12.391605753024,46.4203959335012,1301.19116611497
"BIGKAT _ P83 _ Right _ 1",-18.6948215318249,13.1175678082031,1289.13006482757,-10.3575503430945,36.5358563402285,1300.13673487415
"BIGKAT _ P83 _ Right _ 1",-19.6175488530624,15.3348928263128,1290.86226589162,-9.24882306504403,30.589221181575,1299.38276747336
"BIGKAT _ P83 _ Right _ 1",-20.2892356807414,16.0072472087617,1290.83635180383,-9.24073730540031,29.5413545202676,1299.11837198699
"BIGKAT _ P83 _ Right _ 1",-20.5728547453587,15.0086357271688,1289.11014105074,-10.3867018886385,33.6218448058486,1299.45312620779
"BIGKAT _ P83 _ Right _ 1",-20.4131354686003,12.4852149785667,1285.98405647322,-12.6119921535467,42.2891860313247,1300.39289676045
"BIGKAT _ P83 _ Right _ 1",-19.8473292689485,8.84413796865915,1281.96380372397,-15.7027117855639,54.2935682086733,1301.83505730179
"BIGKAT _ P83 _ Right _ 1",-18.9979342140419,4.69862511787576,1277.69199345332,-19.3020787002888,67.8451132727701,1303.58685161664
"BIGKAT _ P83 _ Right _ 1",-18.0488508115376,0.772478837503627,1273.85487964889,-22.9342298313776,80.8797857674708,1305.40427760116
"BIGKAT _ P83 _ Right _ 1",-17.2098720839066,-2.22270584269914,1271.07698337596,-26.0692717850424,91.39009388069,1307.04088978133
"BIGKAT _ P83 _ Right _ 1",-16.6768829915898,-3.7147395884938,1269.82129111583,-28.223891391742,97.7620345513693,1308.29203361404
"BIGKAT _ P83 _ Right _ 1",-16.5955184665545,-3.37598623025812,1270.31294529196,-29.0703519737719,99.0508157437445,1309.02381203296
"BIGKAT _ P83 _ Right _ 1",-17.0344495051301,-1.18461743034419,1272.50007344499,-28.516524929564,95.1403127034848,1309.18452280249
"BIGKAT _ P83 _ Right _ 1",-17.9722558125403,2.56994556346315,1276.05896235637,-26.7272575982185,86.7562333610262,1308.80273602694
"BIGKAT _ P83 _ Right _ 1",-19.2999357625164,7.33806898252166,1280.44387217582,-24.079246582455,75.3308804129467,1307.97717191011
"BIGKAT _ P83 _ Right _ 1",-20.8391608290309,12.4072060421759,1284.97451308545,-21.0673637751291,62.7453866317454,1306.8610543509
"BIGKAT _ P83 _ Right _ 1",-22.373674261885,17.0255675084734,1288.9466444513,-18.1977568916416,51.0019143562122,1305.64146223454
"BIGKAT _ P83 _ Right _ 1",-23.6880147273676,20.5264722400872,1291.74530236216,-15.9028576542107,41.895110074426,1304.51426117571
"BIGKAT _ P83 _ Right _ 1",-24.60543652414,22.4291038326489,1292.93905205502,-14.4960426924529,36.7475237319571,1303.6565886788
"BIGKAT _ P83 _ Right _ 1",-25.0169142911462,22.5000613295748,1292.33890777713,-14.1606431727239,36.2473502629319,1303.19993526715
"BIGKAT _ P83 _ Right _ 1",-24.8956045382254,20.7714581869896,1290.01481448676,-14.9539232762124,40.3948322480193,1303.20769108179
"BIGKAT _ P83 _ Right _ 1",-24.294935985933,17.519850497821,1286.27155122584,-16.8083657148315,48.5443473072939,1303.66249096294
"BIGKAT _ P83 _ Right _ 1",-23.3322513746796,13.2138921411078,1281.59214404459,-19.5260606494821,59.5256239421912,1304.46935180229
"BIGKAT _ P83 _ Right _ 1",-22.1628846678343,8.43963849491642,1276.56074601201,-22.777232226493,71.8276725490719,1305.47728538836
"BIGKAT _ P83 _ Right _ 1",-20.9513963479503,3.81428120959862,1271.77925079058,-26.1211741864351,83.8219631561925,1306.51439561093
"BIGKAT _ P83 _ Right _ 1",-19.8468719394889,-0.0979683136692625,1267.79180234216,-29.0619767323345,93.9896786277558,1307.42411023662
"BIGKAT _ P83 _ Right _ 1",-18.9671582711704,-2.85366046002353,1265.02747622838,-31.1350503147934,101.113635185227,1308.08942451746
"BIGKAT _ P83 _ Right _ 1",-18.3930559435206,-4.17227208756998,1263.76458744042,-32.0030546172894,104.406249338467,1308.43943193432
"BIGKAT _ P83 _ Right _ 1",-18.1695344594485,-3.95183180961637,1264.11386601124,-31.5313467688053,103.565451560698,1308.4426148429
"BIGKAT _ P83 _ Right _ 1",-18.309066400209,-2.26364857665846,1266.0155972232,-29.8173589006813,98.7680462382789,1308.09693860123
"BIGKAT _ P83 _ Right _ 1",-18.79314108278,0.666850362817499,1269.24814504055,-27.1626030755978,90.6163073071916,1307.42491218875
"BIGKAT _ P83 _ Right _ 1",-19.5711649505556,4.4889399277799,1273.44912484476,-23.9946067073641,80.0502376079113,1306.47540016225
"BIGKAT _ P83 _ Right _ 1",-20.5593826187746,8.76403020853376,1278.1519337984,-20.7631503785879,68.2331890600132,1305.3279814391
"BIGKAT _ P83 _ Right _ 1",-21.6441300591482,13.0111248087821,1282.83738160721,-17.8448142586757,56.4196900156765,1304.09351250486
"BIGKAT _ P83 _ Right _ 1",-22.6925583408612,16.7570038760295,1286.99428843351,-15.4869233301945,45.8214413865407,1302.90711360525
"BIGKAT _ P83 _ Right _ 1",-23.5705278719051,19.5844824983206,1290.1782802296,-13.8055604649169,37.4926272919438,1301.91462975915
"BIGKAT _ P83 _ Right _ 1",-24.1637223726132,21.1716161046972,1292.05828834102,-12.8286485322671,32.2497886530542,1301.25628736191
"BIGKAT _ P83 _ Right _ 1",-24.3962753763625,21.3182049403765,1292.4454219002,-12.5557325333907,30.6247292881197,1301.04977016321
"BIGKAT _ P83 _ Right _ 1",-24.2420033163004,19.960650146368,1291.30506720475,-13.0007463478779,32.8337991508288,1301.37232045604
"BIGKAT _ P83 _ Right _ 1",-23.7257457877128,17.1780527184725,1288.75601709039,-14.1945351184357,38.7474507799609,1302.24216394686
"BIGKAT _ P83 _ Right _ 1",-22.9149021958915,13.1899177609384,1285.05905612199,-16.1443798586446,47.8617184816882,1303.6039438019
"BIGKAT _ P83 _ Right _ 1",-21.903318810154,8.34161863374953,1280.59428779198,-18.7693246067631,59.2948061577816,1305.32661320715
"BIGKAT _ P83 _ Right _ 1",-20.7913931550652,3.07282725783346,1275.82536497425,-21.844383774491,71.8391021254755,1307.22032988028
"BIGKAT _ P83 _ Right _ 1",-19.6677347898577,-2.13077815152347,1271.25148019032,-24.9873452205147,84.0828613837514,1309.07038254467
"BIGKAT _ P83 _ Right _ 1",-18.5980638547313,-6.79399635304347,1267.35273279497,-27.7066218861158,94.5855815911183,1310.67643258991
"BIGKAT _ P83 _ Right _ 1",-17.6249085593377,-10.5038743886748,1264.53748372213,-29.5027494317128,102.067959237839,1311.88232650109
"BIGKAT _ P83 _ Right _ 1",-16.7771252658895,-12.9474309393105,1263.09911973983,-29.9922202725733,105.576439235952,1312.58813150753
"BIGKAT _ P83 _ Right _ 1",-16.0835519556604,-13.9342049940055,1263.18554341919,-29.0123795192463,104.599812300987,1312.74638427335
"BIGKAT _ P83 _ Right _ 1",-15.5831141076394,-13.4082857630021,1264.78141449089,-26.6730221726407,99.1337882602692,1312.35123300197
"BIGKAT _ P83 _ Right _ 1",-15.3256079461653,-11.4539589546513,1267.7033031489,-23.3381698232003,89.6953732612064,1311.42940177392
"BIGKAT _ P83 _ Right _ 1",-15.3619284386635,-8.29404991735285,1271.61053463405,-19.5425322038579,77.2828853371534,1310.03759612558
"BIGKAT _ P83 _ Right _ 1",-15.727288383391,-4.27535288654541,1276.03608669671,-15.8664294335327,63.2720254760853,1308.26511248299
"BIGKAT _ P83 _ Right _ 1",-16.4239797428208,0.164330670027696,1280.43937754795,-12.8066224741881,49.246841912899,1306.23603033223
"BIGKAT _ P83 _ Right _ 1",-17.4104236394847,4.54698752229856,1284.27606128274,-10.6830410549287,36.7880254687025,1304.10522584749
"BIGKAT _ P83 _ Right _ 1",-18.6007332841929,8.41422919190079,1287.07252964444,-9.60824970106417,27.2639788019745,1302.04662111243
"BIGKAT _ P83 _ Right _ 1",-19.8750973542017,11.383063216011,1288.48967156044,-9.5209640731045,21.6714231904335,1300.23649448511
"BIGKAT _ P83 _ Right _ 1",-21.0979842568863,13.1873412088153,1288.36401328408,-10.2595910073707,20.5474922562684,1298.83502866108
"BIGKAT _ P83 _ Right _ 1",-22.1398001693183,13.7019434071767,1286.72231303227,-11.639613874823,23.9435320629975,1297.966517072
"BIGKAT _ P83 _ Right _ 1",-22.8978879418802,12.9525141012871,1283.77284345883,-13.5035349699052,31.436319961054,1297.69789797619
"BIGKAT _ P83 _ Right _ 1",-23.3133216822973,11.1137959527528,1279.87918070702,-15.7286514405165,42.161658745499,1298.0190582475
"BIGKAT _ P83 _ Right _ 1",-23.380266021458,8.49561310564747,1275.52056229607,-18.1979368671477,54.8748750518237,1298.83317929925
"BIGKAT _ P83 _ Right _ 1",-23.1455797047467,5.51245430677028,1271.24026344023,-20.7556650314229,68.0539988012828,1299.96548307558
"BIGKAT _ P83 _ Right _ 1",-22.6987031451641,2.63459500241541,1267.58350036878,-23.1764624081531,80.0553575386255,1301.19198991811
"BIGKAT _ P83 _ Right _ 1",-22.1548182488236,0.324960619918943,1265.0295274763,-25.1707398156188,89.3133999318515,1302.28056966436
"BIGKAT _ P83 _ Right _ 1",-21.635725816904,-1.02837043765732,1263.92604453847,-26.4326725772434,94.5594544597641,1303.03169491186
"BIGKAT _ P83 _ Right _ 1",-21.251910473629,-1.17269647886677,1264.43511366399,-26.716857592852,95.0258501011607,1303.3090012624
"BIGKAT _ P83 _ Right _ 1",-21.0872108024016,-0.0349875717429793,1266.49886849091,-25.9159867582926,90.6007999460558,1303.05655307251
"BIGKAT _ P83 _ Right _ 1",-21.1864739857976,2.2569288846604,1269.8323090585,-24.1100403784814,81.9007216971957,1302.30466959039
"BIGKAT _ P83 _ Right _ 1",-21.5471985529243,5.38176386975566,1273.94946977105,-21.5677731203281,70.2307738970927,1301.16644158493
"BIGKAT _ P83 _ Right _ 1",-22.1173115099343,8.86407617048653,1278.22589978743,-18.6994039914547,57.4183489027073,1299.82452616298
"BIGKAT _ P83 _ Right _ 1",-22.8012960900137,12.1438007221274,1281.99298131679,-15.9776480755187,45.5328392318177,1298.50663472604
"BIGKAT _ P83 _ Right _ 1",-23.4752853973357,14.6669632442791,1284.64990139216,-13.8531884820256,36.5403229799535,1297.4507898574
"BIGKAT _ P83 _ Right _ 1",-24.0092038699399,15.9822907732827,1285.77179785879,-12.6855212343122,31.9646109411167,1296.8659345496
"BIGKAT _ P83 _ Right _ 1",-24.2918549861744,15.8262550315729,1285.19156542346,-12.6959439540378,32.6224727873187,1296.89556936578
"BIGKAT _ P83 _ Right _ 1",-24.2538504184698,14.1808771446471,1283.03792019763,-13.9380573696008,38.4772953265546,1297.59073930894
"BIGKAT _ P83 _ Right _ 1",-23.8834955411784,11.2921803243769,1279.72059817491,-16.280634591921,48.630785818243,1298.89693795043
"BIGKAT _ P83 _ Right _ 1",-23.2318512547253,7.64159325933171,1275.86276763094,-19.4063288058222,61.4557507668514,1300.65891237149
"BIGKAT _ P83 _ Right _ 1",-22.4050758444537,3.86948754238328,1272.19064103761,-22.8383080395087,74.8571029807811,1302.64524987218
"BIGKAT _ P83 _ Right _ 1",-21.5449286491761,0.660689527848598,1269.40025974384,-26.0060621209793,86.6246998422167,1304.58889337112
"BIGKAT _ P83 _ Right _ 1",-20.8014923640591,-1.38636350823271,1268.02847411162,-28.3482552234144,94.8158573588444,1306.23359774597
"BIGKAT _ P83 _ Right _ 1",-20.3042617961526,-1.87806681254992,1268.35547329787,-29.4310080203601,98.0925175581605,1307.37526634989
"BIGKAT _ P83 _ Right _ 1",-20.1375953870987,-0.704757060217741,1270.35870408985,-29.0465899633462,95.9468735560758,1307.89186723326
"BIGKAT _ P83 _ Right _ 1",-20.3247772033835,1.93686206865615,1273.72543984268,-27.2594542052535,88.774692969836,1307.76123129905
"BIGKAT _ P83 _ Right _ 1",-20.8232169779765,5.58230359067572,1277.91818875115,-24.3840525025334,77.786505809669,1307.06748990436
"BIGKAT _ P83 _ Right _ 1",-21.5320490750105,9.59006767332511,1282.27686760999,-20.9039500857179,64.7769305748442,1305.99419263784
"BIGKAT _ P83 _ Right _ 1",-22.3115268619723,13.2642262325133,1286.13548760981,-17.3627865308589,51.8003064723353,1304.79977190397
"BIGKAT _ P83 _ Right _ 1",-23.0106049910786,15.9810791158172,1288.92982205895,-14.2641659908557,40.82158484408,1303.77364763517
"BIGKAT _ P83 _ Right _ 1",-23.4962356902378,17.2925299015508,1290.27707436671,-12.0062616637598,33.4143981319468,1303.17888042298
"BIGKAT _ P83 _ Right _ 1",-23.6771539667823,16.9878583645015,1290.01790345691,-10.8552987614013,30.5577517581932,1303.19477487369
"BIGKAT _ P83 _ Right _ 1",-23.5169807880653,15.1089071223905,1288.2211227221,-10.9439482223232,32.549000764099,1303.87527021628
"BIGKAT _ P83 _ Right _ 1",-23.0352175737769,11.9247702372899,1285.157612885,-12.2757572429673,39.022657834326,1305.13580610517
"BIGKAT _ P83 _ Right _ 1",-22.298299230951,7.877360553695,1281.25177874813,-14.7247965745964,49.0521627698023,1306.77439072475
"BIGKAT _ P83 _ Right _ 1",-21.4049454440239,3.50996828404725,1277.01876423106,-18.0330856909636,61.3099624174827,1308.52267002631
"BIGKAT _ P83 _ Right _ 1",-20.470198907473,-0.609907618977182,1272.99572100115,-21.818348674817,74.2606608085089,1310.11171996902
"BIGKAT _ P83 _ Right _ 1",-19.6112278051252,-3.96323309813266,1269.67552441283,-25.60596533381,86.3599673057473,1311.3306101538
"BIGKAT _ P83 _ Right _ 1",-18.9360583863554,-6.13929785105648,1267.4503838676,-28.8910807455228,96.2326117129167,1312.05910148109
"BIGKAT _ P83 _ Right _ 1",-18.5347127409347,-6.87772192181311,1266.57063611884,-31.2233271173153,102.809033912101,1312.26809056469
"BIGKAT _ P83 _ Right _ 1",-18.4713995223799,-6.09128530854798,1267.1214238804,-32.2938679311011,105.412776720485,1311.99504852911
"BIGKAT _ P83 _ Right _ 1",-18.7767998403126,-3.87056894397568,1269.01784765446,-31.999042321679,103.802904557673,1311.30964162526
"BIGKAT _ P83 _ Right _ 1",-19.4409219913666,-0.471402439497166,1272.0180003184,-30.4597430643174,98.181550267628,1310.2850570633
"BIGKAT _ P83 _ Right _ 1",-20.4086991068418,3.71493931438197,1275.75273921538,-27.9885433482931,89.1725294505139,1308.98522904763
"BIGKAT _ P83 _ Right _ 1",-21.5814533173001,8.20837425635896,1279.77005707901,-25.0125290072861,77.767317812059,1307.47001127803
"BIGKAT _ P83 _ Right _ 1",-22.8266645793526,12.4995870229145,1283.58964840709,-21.9741722003133,65.2298585381133,1305.8122244781
"BIGKAT _ P83 _ Right _ 1",-23.995943420046,16.113663953857,1286.76039992841,-19.2408908620111,52.9594017203342,1304.11545593402
"BIGKAT _ P83 _ Right _ 1",-24.9477729145256,18.6662311120693,1288.91217470599,-17.0513245672942,42.3276271380742,1302.52171201005
"BIGKAT _ P83 _ Right _ 1",-25.5694224759157,19.9028699422863,1289.79508542312,-15.511239517006,34.5189293443893,1301.2029398736
"BIGKAT _ P83 _ Right _ 1",-25.7927563566478,19.7187269724137,1289.30371541556,-14.6302702934605,30.3993388742482,1300.33667512294
"BIGKAT _ P83 _ Right _ 1",-25.601070288253,18.1610610236937,1287.48750513229,-14.3737348123296,30.4237055814266,1300.0706999273
"BIGKAT _ P83 _ Right _ 1",-25.027048221033,15.4196469065666,1284.54912116063,-14.7004118474111,34.5782105581914,1300.48461091372
"BIGKAT _ P83 _ Right _ 1",-24.1440232259111,11.8081651185117,1280.83010379064,-15.5681936569636,42.3570735914417,1301.55872032253
"BIGKAT _ P83 _ Right _ 1",-23.0534987356608,7.7363143131483,1276.78044345508,-16.9084886562178,52.7840927750766,1303.16173392789
"BIGKAT _ P83 _ Right _ 1",-21.8717693063198,3.6707762419525,1272.90956446975,-18.588041890269,64.4968597150187,1305.06518628658
"BIGKAT _ P83 _ Right _ 1",-20.7179584868737,0.0853207770353777,1269.72138590743,-20.3852978227923,75.9031193221807,1306.98351482905
"BIGKAT _ P83 _ Right _ 1",-19.7047860818108,-2.59503676173545,1267.64281613307,-22.003032157527,85.396870633722,1308.62788190914
"BIGKAT _ P83 _ Right _ 1",-18.9317327131589,-4.04735856188296,1266.95911615159,-23.1216885405154,91.5995238447984,1309.75668825255
"BIGKAT _ P83 _ Right _ 1",-18.4786789733937,-4.09302751430713,1267.76910292957,-23.4774523191717,93.5811252600243,1310.21015345193
"BIGKAT _ P83 _ Right _ 1",-18.3979001051232,-2.72300068636192,1269.96914104998,-22.9363033501366,91.020436697025,1309.92659486332
"BIGKAT _ P83 _ Right _ 1",-18.7041011584433,-0.103190340536696,1273.26920982993,-21.535982932907,84.2740167192532,1308.94580208079
"BIGKAT _ P83 _ Right _ 1",-19.3650358839276,3.44089962624577,1277.2382094378,-19.4805476011202,74.3375222280909,1307.40497883594
"BIGKAT _ P83 _ Right _ 1",-20.2973454374537,7.45976401304897,1281.36982449207,-17.0909377174526,62.6979052364017,1305.52722246608
"BIGKAT _ P83 _ Right _ 1",-21.3721090517432,11.4332605652369,1285.15594315899,-14.7321176990353,51.0966344905261,1303.59812241945
"BIGKAT _ P83 _ Right _ 1",-22.4318981041294,14.8363300254719,1288.15359878783,-12.7449158519774,41.2485671987181,1301.92772324559
"BIGKAT _ P83 _ Right _ 1",-23.3169279766621,17.2086249332355,1290.03479241506,-11.4038615025369,34.5756730407809,1300.80183802458
"BIGKAT _ P83 _ Right _ 1",-23.8941607951839,18.2181053198753,1290.61523484879,-10.9045446041268,32.0074595551754,1300.43297047052
"BIGKAT _ P83 _ Right _ 1",-24.0816667834602,17.7092066569718,1289.86439297168,-11.3667537980493,33.8745132587153,1300.9224227752
"BIGKAT _ P83 _ Right _ 1",-23.8617902176858,15.7278675049259,1287.90156602947,-12.8339946613141,39.8963052391857,1302.24211504985
"BIGKAT _ P83 _ Right _ 1",-23.2800017135476,12.5177238074665,1284.98040814888,-15.2586020261141,49.253341648101,1304.24050563242
"BIGKAT _ P83 _ Right _ 1",-22.4304327301323,8.48476800168649,1281.46038420947,-18.4781094669353,60.7331966701821,1306.67280280674
"BIGKAT _ P83 _ Right _ 1",-21.4327967811432,4.13331126667613,1277.76264193724,-22.2022371513868,72.9352588401636,1309.25002950193
"BIGKAT _ P83 _ Right _ 1",-20.4078178139229,-0.0155600915683882,1274.31230485485,-26.0315920625584,84.502370995372,1311.69492004607
"BIGKAT _ P83 _ Right _ 1",-19.458519275692,-3.50400765961551,1271.47722583571,-29.5161078291109,94.3283623509151,1313.78895436059
"BIGKAT _ P83 _ Right _ 1",-18.6621482842883,-5.99548685087095,1269.51886755837,-32.240307799609,101.687640094525,1315.39757912991
"BIGKAT _ P83 _ Right _ 1",-18.072746419746,-7.298464283718,1268.56899482098,-33.9071321462432,106.256324055847,1316.46897590861
"BIGKAT _ P83 _ Right _ 1",-17.7296713814022,-7.35728322231431,1268.63642137605,-34.3919545875347,108.034234769309,1317.01122729346
"BIGKAT _ P83 _ Right _ 1",-17.6652622428285,-6.22325268911488,1269.63648476286,-33.7517659734232,107.212310071184,1317.05945023655
"BIGKAT _ P83 _ Right _ 1",-17.906264820534,-4.02295180822949,1271.4283131492,-32.1917835723418,104.04435563371,1316.64668335297
"BIGKAT _ P83 _ Right _ 1",-18.4674316470266,-0.936757175239258,1273.844378675,-30.0045912876318,98.7721522773969,1315.78964788932
"BIGKAT _ P83 _ Right _ 1",-19.3398221273001,2.80825718761229,1276.70289999082,-27.5021771712033,91.6259379456398,1314.49382347149
"BIGKAT _ P83 _ Right _ 1",-20.4791208350945,6.93652658269629,1279.80352422341,-24.9592979998956,82.8892576562194,1312.77428202868
"BIGKAT _ P83 _ Right _ 1",-21.799933316419,11.124925254082,1282.91599730141,-22.5795014639429,72.9895697890103,1310.68263411796
"BIGKAT _ P83 _ Right _ 1",-23.1803107058246,15.0175384899745,1285.77569233987,-20.4863432792682,62.5642531007278,1308.32820973236
"BIGKAT _ P83 _ Right _ 1",-24.4771355624091,18.2582018029079,1288.0966835943,-18.7356085122525,52.4619876200506,1305.88379857099
"BIGKAT _ P83 _ Right _ 1",-25.5487698720364,20.53493300944,1289.60445967384,-17.3410407598009,43.6676763254261,1303.57220134347
"BIGKAT _ P83 _ Right _ 1",-26.2785332206547,21.6243115922301,1290.08146475414,-16.3045563352738,37.168966224041,1301.63664087828
"BIGKAT _ P83 _ Right _ 1",-26.5927448191702,21.4251495232939,1289.41391851775,-15.640688780013,33.7970927753765,1300.30196655612
"BIGKAT _ P83 _ Right _ 1",-26.4699880589949,19.976958332371,1287.62842535339,-15.3853312707391,34.0719942677633,1299.7337067443
"BIGKAT _ P83 _ Right _ 1",-25.9418441730878,17.4636941689387,1284.90927917665,-15.5830106021241,38.0742156843319,1300.00139423763
"BIGKAT _ P83 _ Right _ 1",-25.0873503982533,14.2034315324986,1281.59006486754,-16.2550033344262,45.3655476678238,1301.05369319233
"BIGKAT _ P83 _ Right _ 1",-24.0232286267717,10.6217061407768,1278.11647374215,-17.3598102228112,54.9843051032674,1302.71397643058
"BIGKAT _ P83 _ Right _ 1",-22.8906965260449,7.2051490895405,1274.98254147094,-18.7638199793186,65.537710936223,1304.70222507099
"BIGKAT _ P83 _ Right _ 1",-21.8391232103508,4.43616339528296,1272.64971712238,-20.2397022852615,75.3949155810642,1306.68130964017
"BIGKAT _ P83 _ Right _ 1",-21.0075393356392,2.71749663880069,1271.46484639052,-21.5013009884657,82.95436845783,1308.3168020917
"BIGKAT _ P83 _ Right _ 1",-20.5062001957933,2.30240292791706,1271.5957752682,-22.2687211266022,86.9328933079657,1309.33534185399
"BIGKAT _ P83 _ Right _ 1",-20.4008601698485,3.24703583013795,1272.99972561287,-22.3427637019415,86.6134413928175,1309.56941898557
"BIGKAT _ P83 _ Right _ 1",-20.7019850990906,5.39649069234758,1275.43097086408,-21.6619062747146,81.9964696343224,1308.98282664509
"BIGKAT _ P83 _ Right _ 1",-21.3606055874274,8.40772839085742,1278.48445421763,-20.3214564661581,73.8205201318294,1307.67580740653
"BIGKAT _ P83 _ Right _ 1",-22.2723755475576,11.8047426288186,1281.66464627439,-18.5503008318395,63.4445223541518,1305.87018351993
"BIGKAT _ P83 _ Right _ 1",-23.2909981012091,15.0554083017012,1284.46571953006,-16.6577575279097,52.6135826603873,1303.87495784455
"BIGKAT _ P83 _ Right _ 1",-24.2505465438519,17.6561070971686,1286.44949290862,-14.9724938408633,43.1564482181366,1302.03537925122
"BIGKAT _ P83 _ Right _ 1",-24.9934429762691,19.2098747940052,1287.31017500645,-13.7925290791727,36.6775477546502,1300.67348249196
"BIGKAT _ P83 _ Right _ 1",-25.3983624381721,19.4862568376954,1286.91820686815,-13.3529745765948,34.30198571117,1300.03213279172
"BIGKAT _ P83 _ Right _ 1",-25.4016650665728,18.4550355703144,1285.33835064145,-13.8055370993379,36.5110427413933,1300.23431557546
"BIGKAT _ P83 _ Right _ 1",-25.0076236207826,16.289927987805,1282.81946534416,-15.1996569792429,43.0822085835173,1301.26528916731
"BIGKAT _ P83 _ Right _ 1",-24.2859208637068,13.341743297867,1279.7560666198,-17.4615894523667,53.1329974247238,1302.98005632599
"BIGKAT _ P83 _ Right _ 1",-23.3582317646109,10.084136399392,1276.62584167087,-20.3794594237286,65.2601832924763,1305.13375491044
"BIGKAT _ P83 _ Right _ 1",-22.3779567097046,7.03969084037927,1273.91270388834,-23.6103959308948,77.756334671265,1307.42782476451
"BIGKAT _ P83 _ Right _ 1",-21.5076890553068,4.69867832041169,1272.02968125631,-26.7231417069071,88.870716593051,1309.56106166638
"BIGKAT _ P83 _ Right _ 1",-20.8978310604389,3.44505715719544,1271.2569020808,-29.2754970321405,97.0698380835796,1311.27411087172
"BIGKAT _ P83 _ Right _ 1",-20.6677959363397,3.5022444866855,1271.70582089977,-30.908029651111,101.253763824872,1312.37964722606
"BIGKAT _ P83 _ Right _ 1",-20.8899459665517,4.90573959928107,1273.31348042859,-31.4244600455179,100.89809186895,1312.77676627539
"BIGKAT _ P83 _ Right _ 1",-21.576906992682,7.50384228455862,1275.86357705417,-30.8314640636193,96.109220939008,1312.45342229438
"BIGKAT _ P83 _ Right _ 1",-22.6747033994106,10.9838982378666,1279.02679342263,-29.3248451952019,87.5933239225621,1311.48215206329
"BIGKAT _ P83 _ Right _ 1",-24.0653588353164,14.9194259001073,1282.41131608827,-27.2285683124158,76.5465464251658,1310.01168656505
"BIGKAT _ P83 _ Right _ 1",-25.5814703534305,18.8313614911376,1285.614569859,-24.9103965849969,64.4812389569675,1308.25318409462
"BIGKAT _ P83 _ Right _ 1",-27.0318283890076,22.2539352178622,1288.26857558102,-22.7055873986393,53.0141689409445,1306.45830975736
"BIGKAT _ P83 _ Right _ 1",-28.2331797120269,24.7940256380361,1290.07426877446,-20.8734318604519,43.6523402470234,1304.88866008345
"BIGKAT _ P83 _ Right _ 1",-29.040802954501,26.1745162185,1290.82416019648,-19.5924613129454,37.610037137737,1303.77999166439
"BIGKAT _ P83 _ Right _ 1",-29.3708470585662,26.257538650518,1290.41621775148,-18.9793347988833,35.6744600132448,1303.30690094336
"BIGKAT _ P83 _ Right _ 1",-29.2101501890272,25.0499819834016,1288.8629430216,-19.1060742566918,38.1185014750885,1303.55308878038
"BIGKAT _ P83 _ Right _ 1",-28.6131297228536,22.6975014008044,1286.29751998109,-19.9957940152351,44.6536368067051,1304.49145839983
"BIGKAT _ P83 _ Right _ 1",-27.6885235681039,19.4721810112598,1282.97462242191,-21.5941944006871,54.4271396037437,1305.97893394074
"BIGKAT _ P83 _ Right _ 1",-26.5800860092642,15.753879219872,1279.25955212564,-23.7330889442738,66.0832496560071,1307.77135485431
"BIGKAT _ P83 _ Right _ 1",-25.4449176769124,12.0000404237432,1275.59869371707,-26.1131226228029,77.910180185974,1309.56063618295
"BIGKAT _ P83 _ Right _ 1",-24.4321126994131,8.69806255127307,1272.46807858364,-28.3293978907858,88.0763005118266,1311.02906695567
"BIGKAT _ P83 _ Right _ 1",-23.6638930953188,6.29995269833573,1270.30380314774,-29.9461796241877,94.9270477968245,1311.90828728627
"BIGKAT _ P83 _ Right _ 1",-23.2213476815288,5.1480358191223,1269.42515419046,-30.6027361309334,97.2857161820306,1312.02827566674
"BIGKAT _ P83 _ Right _ 1",-23.1365503385111,5.40756862291005,1269.96600871983,-30.1139459591336,94.6899449389194,1311.34578018827
"BIGKAT _ P83 _ Right _ 1",-23.391857652876,7.02381249338959,1271.83134378268,-28.527180226093,87.5050292237579,1309.94855971791
"BIGKAT _ P83 _ Right _ 1",-23.9260310150831,9.71740853414858,1274.69328231927,-26.1135283599737,76.8807188747905,1308.03729818391
"BIGKAT _ P83 _ Right _ 1",-24.6460091974841,13.0241166622574,1278.03455493046,-23.2987325053516,64.5535815562748,1305.88991033967
"BIGKAT _ P83 _ Right _ 1",-25.4425592142399,16.3742800772771,1281.23621863049,-20.5629765209946,52.5352553245745,1303.81482424215
"BIGKAT _ P83 _ Right _ 1",-26.2072788034088,19.1960310001351,1283.69296766556,-18.3463165631085,42.7570201342819,1302.10177123775
"BIGKAT _ P83 _ Right _ 1",-26.8477665203451,21.018672116639,1284.92915147022,-16.9850691467413,36.7494470679749,1300.97901024971
"BIGKAT _ P83 _ Right _ 1",-27.2980479551147,21.5527782367611,1284.68765468833,-16.6830569625492,35.4171079530265,1300.58298991515
"BIGKAT _ P83 _ Right _ 1",-27.5228599878376,20.7311790275809,1282.97259355266,-17.5049123410835,38.9343187267771,1300.94215960166
"BIGKAT _ P83 _ Right _ 1",-27.5163789725295,18.7059852814332,1280.0399714343,-19.3758991663863,46.7590138606159,1301.97505912171
"BIGKAT _ P83 _ Right _ 1",-27.2973334521811,15.8068223003667,1276.34222691834,-22.0824291372334,57.7477877167486,1303.50425509123
"BIGKAT _ P83 _ Right _ 1",-26.9027357064565,12.4724741356911,1272.44087035102,-25.2805663342323,70.3489875925827,1305.28742693928
"BIGKAT _ P83 _ Right _ 1",-26.3820340925379,9.17210052432416,1268.90646604088,-28.5263345103249,82.8424772646018,1307.06138670847
"BIGKAT _ P83 _ Right _ 1",-25.7927369937649,6.33274214574096,1266.22677455791,-31.3362660259202,93.5852104384928,1308.58729958143
"BIGKAT _ P83 _ Right _ 1",-25.1975262718069,4.28605180869056,1264.74053188459,-33.2719894951101,101.22099292887,1309.68324114838
"BIGKAT _ P83 _ Right _ 1",-24.661648702793,3.23950862018173,1264.60595577454,-34.0278319324673,104.826494353833,1310.2367642695
"BIGKAT _ P83 _ Right _ 1",-24.248584092118,3.26903777908648,1265.80241222041,-33.4945386398437,103.987300640821,1310.20071508527
"BIGKAT _ P83 _ Right _ 1",-24.012463572216,4.32526223382123,1268.15527598532,-31.7783524126271,98.8146017868847,1309.58247568941
"BIGKAT _ P83 _ Right _ 1",-23.9876120821788,6.24646124474348,1271.37132753941,-29.1692442448567,89.916700548967,1308.43638108381
"BIGKAT _ P83 _ Right _ 1",-24.1780434960234,8.77586965310776,1275.07539735129,-26.0686274891201,78.3320560186241,1306.86295508593
"BIGKAT _ P83 _ Right _ 1",-24.5512638980976,11.5852847918292,1278.84558184893,-22.8997577435461,65.4220262380784,1305.01116153329
"BIGKAT _ P83 _ Right _ 1",-25.040144498152,14.3077611770698,1282.24973857265,-20.0292135284613,52.7221327539477,1303.07549779752
"BIGKAT _ P83 _ Right _ 1",-25.553870283818,16.5789071574407,1284.88657798494,-17.7226904324852,41.7627301881457,1301.28112805352
"BIGKAT _ P83 _ Right _ 1",-25.9953912660402,18.0815255526647,1286.43055153038,-16.142965837535,33.8841869240952,1299.85625375617
"BIGKAT _ P83 _ Right _ 1",-26.2803255024136,18.5857555265725,1286.67456679533,-15.3781026013379,30.0751255688566,1298.99707492627
"BIGKAT _ P83 _ Right _ 1",-26.3520926215829,17.9781147789044,1285.56212541567,-15.4742156481063,30.8522736841683,1298.83336953157
"BIGKAT _ P83 _ Right _ 1",-26.1899589344616,16.2762803946914,1283.20150877455,-16.4476210795366,36.1883822574863,1299.40233951608
"BIGKAT _ P83 _ Right _ 1",-25.8093467473699,13.6291335675295,1279.85757590368,-18.2655694435213,45.4924923605749,1300.63723840214
"BIGKAT _ P83 _ Right _ 1",-25.2558244019736,10.302180958356,1275.9204133316,-20.8050122656554,57.652745208983,1302.37543541325
"BIGKAT _ P83 _ Right _ 1",-24.5950890957525,6.64840639904163,1271.85448819346,-23.8147823796001,71.152530376515,1304.38592595566
"BIGKAT _ P83 _ Right _ 1",-23.9013779326299,3.06642263985496,1268.13675471366,-26.9102417901444,84.2568077671085,1306.40903095319
"BIGKAT _ P83 _ Right _ 1",-23.2466523016358,-0.0483528814662061,1265.19531382267,-29.6179751645628,95.2429677067194,1308.19574814398
"BIGKAT _ P83 _ Right _ 1",-22.6925164132824,-2.35113626058624,1263.35923359547,-31.4660398402753,102.635552196994,1309.5359755519
"BIGKAT _ P83 _ Right _ 1",-22.2857533006312,-3.58705963295486,1262.8249411694,-32.0936658240455,105.406473722189,1310.27304219919
"BIGKAT _ P83 _ Right _ 1",-22.0568199489445,-3.6200256301325,1263.63846254959,-31.3440752959642,103.116823147824,1310.31024511022
"BIGKAT _ P83 _ Right _ 1",-22.0195990919683,-2.4518103161662,1265.68983283971,-29.3090754454423,95.989387559761,1309.61733819232
"BIGKAT _ P83 _ Right _ 1",-22.1708978330992,-0.230909944691257,1268.71786870114,-26.3104820982828,84.9045783709276,1308.2404626702
"BIGKAT _ P83 _ Right _ 1",-22.4893848629541,2.75290672768726,1272.32810966409,-22.8245642263735,71.3108420776977,1306.31173392388
"BIGKAT _ P83 _ Right _ 1",-22.9350003761334,6.09417861491713,1276.02975572005,-19.3748695058901,57.0452432840358,1304.04942409622
"BIGKAT _ P83 _ Right _ 1",-23.4505859915024,9.32049055145326,1279.29514106734,-16.4289418995867,44.0779488117939,1301.7398836238
"BIGKAT _ P83 _ Right _ 1",-23.9671744492546,11.9604641388747,1281.63734134215,-14.3297227338479,34.2197999677282,1299.69877028668
"BIGKAT _ P83 _ Right _ 1",-24.4131010339197,13.6196315083217,1282.69199761142,-13.2736063306939,28.8484475681665,1298.21837715828
"BIGKAT _ P83 _ Right _ 1",-24.7254678172231,14.0488243603065,1282.28444449897,-13.3243023258674,28.7035290109291,1297.51402820307
"BIGKAT _ P83 _ Right _ 1",-24.8613781590361,13.1906708156551,1280.46583851682,-14.4382490060216,33.7802744172568,1297.68274887691
"BIGKAT _ P83 _ Right _ 1",-24.8062048949556,11.1943398542979,1277.50994012458,-16.4801504020782,43.3300649297667,1298.68379174483
"BIGKAT _ P83 _ Right _ 1",-24.5768230465658,8.3946912770615,1273.87109685085,-19.2226177959875,55.9647284584482,1300.34577869959
"BIGKAT _ P83 _ Right _ 1",-24.2189504900301,5.2584369462769,1270.11134841838,-22.3416058064942,69.8531674692569,1302.39920913284
"BIGKAT _ P83 _ Right _ 1",-23.7992559123062,2.3064724871058,1266.80999379957,-25.4286303030261,82.9860960509982,1304.5259461983
"BIGKAT _ P83 _ Right _ 1",-23.3942405651943,0.0270021569781844,1264.47182033542,-28.0357523765489,93.4694161487722,1306.41224098354
"BIGKAT _ P83 _ Right _ 1",-23.0784308459033,-1.2038642762369,1263.44946388457,-29.7524535110402,99.7992874795494,1307.79283377708
"BIGKAT _ P83 _ Right _ 1",-22.9139145296178,-1.18007586054504,1263.89127974907,-30.2946000412371,101.077784796898,1308.48047562942
"BIGKAT _ P83 _ Right _ 1",-22.9422638260622,0.105834387133058,1265.72073860146,-29.5753898029852,97.1417883663705,1308.38270398505
"BIGKAT _ P83 _ Right _ 1",-23.1791869120119,2.46569365893359,1268.64889778457,-27.7314738583745,88.5899184811871,1307.51042808362
"BIGKAT _ P83 _ Right _ 1",-23.6120871107919,5.54805754157242,1272.21829679932,-25.0924533614505,76.7000742465343,1305.9798510351
"BIGKAT _ P83 _ Right _ 1",-24.2008122618873,8.89499959266739,1275.87341386492,-22.1026319175445,63.2398663939563,1304.00425303459
"BIGKAT _ P83 _ Right _ 1",-24.8819161354222,12.0148439339278,1279.04844197612,-19.2220060258781,50.1912875504734,1301.87030564243
"BIGKAT _ P83 _ Right _ 1",-25.5765129476285,14.4585866597077,1281.25815184826,-16.840113142441,39.4363577031888,1299.89737651994
"BIGKAT _ P83 _ Right _ 1",-26.2011650437339,15.8861738252224,1282.17458359,-15.2269354053071,32.4670863842411,1298.38544445176
"BIGKAT _ P83 _ Right _ 1",-26.680323633334,16.111486002812,1281.6740957138,-14.5246525699233,30.1768640583822,1297.56266515474
"BIGKAT _ P83 _ Right _ 1",-26.9580588179816,15.1207119325748,1279.84621251761,-14.7652071380729,32.7639296043803,1297.54441088145
"BIGKAT _ P83 _ Right _ 1",-27.0066342386223,13.0644465849635,1276.96495493065,-15.8919331188813,39.7479603657968,1298.31307653027
"BIGKAT _ P83 _ Right _ 1",-26.8301236462982,10.2272838386328,1273.43156618637,-17.7704892769958,50.081658015227,1299.72401205937
"BIGKAT _ P83 _ Right _ 1",-26.4625484556484,6.98067053988742,1269.70298270013,-20.1886505784086,62.3300026066881,1301.53717590329
"BIGKAT _ P83 _ Right _ 1",-25.9613922780486,3.72694635681632,1266.22223390132,-22.8569298088727,74.8840975986905,1303.46633785459
"BIGKAT _ P83 _ Right _ 1",-25.3982438622675,0.844578107200306,1263.36436032622,-25.4254113321037,86.1734220579925,1305.23128927415
"BIGKAT _ P83 _ Right _ 1",-24.8485365692878,-1.35557463115797,1261.40465417295,-27.5251449042993,94.8449070742731,1306.59842381997
"BIGKAT _ P83 _ Right _ 1",-24.3821001574768,-2.6571059034939,1260.50757124499,-28.8297125612646,99.8916802628982,1307.40222940155
"BIGKAT _ P83 _ Right _ 1",-24.0557706239999,-2.94850242637306,1260.72836503941,-29.1214261682278,100.73232464263,1307.5500264046
"BIGKAT _ P83 _ Right _ 1",-23.9086803001006,-2.22257134268699,1262.01821794043,-28.3420441347448,97.2524075773936,1307.01844961107
"BIGKAT _ P83 _ Right _ 1",-23.9601113467097,-0.570801349083059,1264.22771242256,-26.6108627084381,89.8174689368037,1305.84987042651
"BIGKAT _ P83 _ Right _ 1",-24.2091891550615,1.82490865020994,1267.1104422659,-24.2020550548564,79.2540445753416,1304.15175841114
"BIGKAT _ P83 _ Right _ 1",-24.6355855158463,4.70514054209543,1270.33427010983,-21.4860473686875,66.7842049419436,1302.09561711716
"BIGKAT _ P83 _ Right _ 1",-25.2008832662131,7.75430452174609,1273.50844234008,-18.8530510362326,53.9012301230934,1299.90836102173
"BIGKAT _ P83 _ Right _ 1",-25.8509574768263,10.632246722987,1276.22932681631,-16.6445023726584,42.1916807092268,1297.85024310185
"BIGKAT _ P83 _ Right _ 1",-26.5201520010329,13.013588852258,1278.13853791561,-15.113951456605,33.1313147056738,1296.17938138007
"BIGKAT _ P83 _ Right _ 1",-27.1378937626476,14.6286829890932,1278.97991159593,-14.4229597164625,27.8926908881229,1295.10999534263
"BIGKAT _ P83 _ Right _ 1",-27.6377162010653,15.2993752573082,1278.64080474359,-14.6586591727876,27.1939618629503,1294.77499449633
"BIGKAT _ P83 _ Right _ 1",-27.9677549056455,14.9647880508831,1277.16899860511,-15.8495834910435,31.2009215747752,1295.20186938402
"BIGKAT _ P83 _ Right _ 1",-28.1009908909939,13.6949400857435,1274.76493420785,-17.9611898643254,39.4841334479095,1296.306440579
"BIGKAT _ P83 _ Right _ 1",-28.0430046723414,11.6911331754784,1271.75485319007,-20.8689760640716,51.0362520922877,1297.90517358644
"BIGKAT _ P83 _ Right _ 1",-27.8348478914241,9.27136514225955,1268.55150208626,-24.325995620547,64.3625811837369,1299.74409606389
"BIGKAT _ P83 _ Right _ 1",-27.5491492368204,6.83830528811007,1265.60704465289,-27.9525629577773,77.6561168161287,1301.5397191435
"BIGKAT _ P83 _ Right _ 1",-27.2790563486111,4.82885391903748,1263.36073317521,-31.2718838353629,89.0501081691383,1303.02461494189
"BIGKAT _ P83 _ Right _ 1",-27.1217483823649,3.64881141475098,1262.18361954128,-33.7959811842138,96.9132006830141,1303.98902334107
"BIGKAT _ P83 _ Right _ 1",-27.1599914047208,3.602153974807,1262.32432810089,-35.1401833195907,100.129622229374,1304.31141883422
"BIGKAT _ P83 _ Right _ 1",-27.4456263139817,4.82901687231354,1263.862912185,-35.1257659397002,98.3018400023706,1303.97441545798
"BIGKAT _ P83 _ Right _ 1",-27.9880394114707,7.26758250250966,1266.68294833251,-33.8303254050811,91.8272834689356,1303.06524659237
"BIGKAT _ P83 _ Right _ 1",-28.7494474274861,10.6519473822351,1270.47325984094,-31.5650658144219,81.8277363895144,1301.76125006266
"BIGKAT _ P83 _ Right _ 1",-29.6479117281635,14.5507969976085,1274.7670246842,-28.7879226119937,69.9429402774787,1300.30173875692
"BIGKAT _ P83 _ Right _ 1",-30.56825929549,18.4413812207895,1279.01616237114,-25.9869524240279,58.0331747845213,1298.95004035293
"BIGKAT _ P83 _ Right _ 1",-31.3800075683415,21.8029361167692,1282.68624546802,-23.5772483233223,47.8600754704279,1297.95268542656
"BIGKAT _ P83 _ Right _ 1",-31.9597940211467,24.2079176065245,1285.34881519862,-21.8426849934591,40.8181017439723,1297.50388837806
"BIGKAT _ P83 _ Right _ 1",-32.2142072335293,25.3910897119373,1286.74899714493,-20.9286834199034,37.7654309390369,1297.72079950708
"BIGKAT _ P83 _ Right _ 1",-32.0981788664996,25.284285530648,1286.83552712731,-20.8688732144154,38.9646410239974,1298.6304819322
"BIGKAT _ P83 _ Right _ 1",-31.6247802495336,24.014146377575,1285.7517132467,-21.6189561311706,44.1129326260028,1300.1672966658
"BIGKAT _ P83 _ Right _ 1",-30.8641720755081,21.8675522331224,1283.79411565847,-23.0772117551978,52.4324539284992,1302.18075473431
"BIGKAT _ P83 _ Right _ 1",-29.9318587225054,19.2337946722026,1281.34977189188,-25.0864670519726,62.7982984425116,1304.45559145032
"BIGKAT _ P83 _ Right _ 1",-28.968646911786,16.5349293487027,1278.82467791157,-27.4276392742248,73.8900490027575,1306.74363035684
"BIGKAT _ P83 _ Right _ 1",-28.1164528921508,14.1572246109989,1276.57739229868,-29.8223517524513,84.3533351819208,1308.80117854763
"BIGKAT _ P83 _ Right _ 1",-27.4949983758078,12.396623729484,1274.87099589642,-31.9581846581472,92.9537249569758,1310.42141954936
"BIGKAT _ P83 _ Right _ 1",-27.1840317983398,11.4280278733673,1273.85216308948,-33.5375111045374,98.7048098463511,1311.4533900138
"BIGKAT _ P83 _ Right _ 1",-27.213980363543,11.301553753653,1273.55777516605,-34.3370214012353,100.959302318361,1311.80682223747
"BIGKAT _ P83 _ Right _ 1",-27.5656223750562,11.9609288769522,1273.94050416181,-34.2575031786548,99.4619969966342,1311.44950491483
"BIGKAT _ P83 _ Right _ 1",-28.1774379263038,13.2734810533289,1274.89947424826,-33.3454573907202,94.3691513766467,1310.40546188012
"BIGKAT _ P83 _ Right _ 1",-28.9582202935274,15.0602161484096,1276.30303868309,-31.7779438213924,86.2368584923254,1308.75768948943
"BIGKAT _ P83 _ Right _ 1",-29.8022172416083,17.1181160078612,1277.99729342996,-29.8152795643358,75.9748647564153,1306.65231243613
"BIGKAT _ P83 _ Right _ 1",-30.6042285721298,19.2327465125254,1279.80291033871,-27.737996608739,64.7595793284207,1304.29652094542
"BIGKAT _ P83 _ Right _ 1",-31.2724962193535,21.1846197909743,1281.50983145198,-25.7902252199758,53.9060734446477,1301.94328367062
"BIGKAT _ P83 _ Right _ 1",-31.7378342797844,22.7554474727044,1282.88102209057,-24.1481810331015,44.7118162299464,1299.86137134905
"BIGKAT _ P83 _ Right _ 1",-31.9583110991604,23.740046168633,1283.67248545553,-22.9201960762125,38.2960870899342,1298.29641739572
"BIGKAT _ P83 _ Right _ 1",-31.9198733381745,23.9670908641684,1283.66965131743,-22.1693441999833,35.4599432920103,1297.43283698896
"BIGKAT _ P83 _ Right _ 1",-31.63430794495,23.3282340241465,1282.73351662796,-21.9393270585024,36.5823857773403,1297.36503940608
"BIGKAT _ P83 _ Right _ 1",-31.1363835814543,21.8109422413968,1280.84571606818,-22.2644540459623,41.5584139173423,1298.08198600387
"BIGKAT _ P83 _ Right _ 1",-30.481446494702,19.5263482866348,1278.14027173032,-23.1549260003961,49.7831803092739,1299.46616972345
"BIGKAT _ P83 _ Right _ 1",-29.7432400014536,16.7208712288341,1274.91064988679,-24.5638029091866,60.192259617146,1301.30758985736
"BIGKAT _ P83 _ Right _ 1",-29.0102417275219,13.7614156024696,1271.58432775448,-26.3545934239122,71.3705883545561,1303.33250090565
"BIGKAT _ P83 _ Right _ 1",-28.3786343013863,11.0898755971757,1268.66393538346,-28.2920154103352,81.73283783594,1305.24352097224
"BIGKAT _ P83 _ Right _ 1",-27.9413699085125,9.15206168758778,1266.64295295318,-30.0704259493739,89.7572064755902,1306.7637199463
"BIGKAT _ P83 _ Right _ 1",-27.7745683282274,8.3151044431311,1265.91191687894,-31.3774752611219,94.2334404497942,1307.6760000385
"BIGKAT _ P83 _ Right _ 1",-27.923615850938,8.79191426731731,1266.67544889417,-31.9727181518879,94.4751829853568,1307.85169445307
"BIGKAT _ P83 _ Right _ 1",-28.3916926036623,10.5900628452721,1268.8998092288,-31.7517563483682,90.4504227321728,1307.2665364772
"BIGKAT _ P83 _ Right _ 1",-29.1333859854513,13.4969247177869,1272.30477851662,-30.7714448677588,82.7993091536683,1306.00453096144
"BIGKAT _ P83 _ Right _ 1",-30.0556362881716,17.1051967929796,1276.40356420011,-29.2286566606521,72.7317939044181,1304.24977270057
"BIGKAT _ P83 _ Right _ 1",-31.0273753794039,20.8744940133232,1280.5828350794,-27.4051963839212,61.8245418279026,1302.26521929626
"BIGKAT _ P83 _ Right _ 1",-31.8977056366731,24.2170850565515,1284.20542187553,-25.6036842759755,51.7608592091783,1300.35859207536
"BIGKAT _ P83 _ Right _ 1",-32.5203164001005,26.5911065812966,1286.71381060806,-24.0970795932937,44.0689872877,1298.83883396089
"BIGKAT _ P83 _ Right _ 1",-32.7795438304946,27.5844593129167,1287.71488561795,-23.1007005898077,39.9059760839059,1297.96931737321
"BIGKAT _ P83 _ Right _ 1",-32.6120722406202,26.9765935928175,1287.03399439929,-22.7602393041877,39.9114843297173,1297.92468477173
"BIGKAT _ P83 _ Right _ 1",-32.018656888179,24.7709633800688,1284.73488732604,-23.1422767442079,44.1343433176181,1298.75798273625
"BIGKAT _ P83 _ Right _ 1",-31.0625621228183,21.1954233568809,1281.10731861445,-24.2184613274861,52.0279288640495,1300.38513376965
"BIGKAT _ P83 _ Right _ 1",-29.8550130938815,16.6707377074664,1276.62579931449,-25.8468002549577,62.5160905157079,1302.59357386082
"BIGKAT _ P83 _ Right _ 1",-28.5317800923594,11.7504297454856,1271.88421029383,-27.765293424002,74.1344551685583,1305.07788412107
"BIGKAT _ P83 _ Right _ 1",-27.2277871634706,7.04012128150245,1267.51402902082,-29.6160760434988,85.2400310575433,1307.49646895331
"BIGKAT _ P83 _ Right _ 1",-26.0570921827306,3.11006937540778,1264.09766294244,-31.0081330109193,94.2588096704456,1309.53400495445
"BIGKAT _ P83 _ Right _ 1",-25.1030516263908,0.4169119860412,1262.08983681777,-31.6073530221539,99.9232723218747,1310.95152355216
"BIGKAT _ P83 _ Right _ 1",-24.4187771168653,-0.752852780240834,1261.75785053044,-31.2253066987875,101.453013571297,1311.61264627447
"BIGKAT _ P83 _ Right _ 1",-24.0334916760889,-0.312273337947285,1263.14737521704,-29.8736717169058,98.6502908514287,1311.48607532258
"BIGKAT _ P83 _ Right _ 1",-23.9586125138415,1.62320658557798,1266.07682135008,-27.7626864094482,91.904991913787,1310.63297575456
"BIGKAT _ P83 _ Right _ 1",-24.1891430663901,4.75682471423842,1270.16120184071,-25.2432846779004,82.1190216050273,1309.18906664549
"BIGKAT _ P83 _ Right _ 1",-24.6999323792127,8.65313426003714,1274.86458421277,-22.7136988224211,70.5669299469152,1307.34669773278
"BIGKAT _ P83 _ Right _ 1",-25.4402410055143,12.7991063466707,1279.57662459212,-20.523889076008,58.7133934954735,1305.33660194375
"BIGKAT _ P83 _ Right _ 1",-26.3318526992389,16.6770653695324,1283.70274830743,-18.9104571219996,48.0139359299314,1303.40644102314
"BIGKAT _ P83 _ Right _ 1",-27.2747575209912,19.8377948303332,1286.75163599452,-17.9806234312078,39.7310117298867,1301.79486428351
"BIGKAT _ P83 _ Right _ 1",-28.1608302347903,21.9595185813142,1288.40205060388,-17.7420328601704,34.7951396067855,1300.703291735
"BIGKAT _ P83 _ Right _ 1",-28.8920397929932,22.881402462884,1288.53621671198,-18.1558028291363,33.7257233247889,1300.26959741031
"BIGKAT _ P83 _ Right _ 1",-29.3977242463624,22.6078317272721,1287.23661007958,-19.1826658980301,36.6064934460666,1300.54757176305
"BIGKAT _ P83 _ Right _ 1",-29.6459920936891,21.2874886893322,1284.75178363205,-20.7989611755374,43.1005644433632,1301.49563818396
"BIGKAT _ P83 _ Right _ 1",-29.6464432674297,19.1752716972213,1281.44149520164,-22.9760105523189,52.4950913515812,1302.97885366161
"BIGKAT _ P83 _ Right _ 1",-29.4439132842913,16.5852787362836,1277.7127923995,-25.6350786258595,63.7756552945124,1304.78759447292
"BIGKAT _ P83 _ Right _ 1",-29.1052177417735,13.8422408584071,1273.95907863727,-28.6028928328909,75.7321693936418,1306.67193529715
"BIGKAT _ P83 _ Right _ 1",-28.7026966100675,11.2390082474382,1270.51380888645,-31.5941346092078,87.0881064731675,1308.38358650213
"BIGKAT _ P83 _ Right _ 1",-28.2992682434095,9.00785857266616,1267.62744874257,-34.236490559124,96.6331865028799,1309.71250197171
"BIGKAT _ P83 _ Right _ 1",-27.9390770216235,7.31067242384692,1265.46922818478,-36.1359138554782,103.338663371061,1310.50777970057
"BIGKAT _ P83 _ Right _ 1",-27.6456700348066,6.24661997768375,1264.14579751729,-36.9634740469029,106.446019335702,1310.6814431226
"BIGKAT _ P83 _ Right _ 1",-27.4269074191849,5.86881836644062,1263.72193580205,-36.5373694290468,105.53423484522,1310.20265939448
"BIGKAT _ P83 _ Right _ 1",-27.2836288191023,6.19775164160474,1264.22825967442,-34.8755790327596,100.575536980754,1309.09272903899
"BIGKAT _ P83 _ Right _ 1",-27.2180686525152,7.22156119794619,1265.64798638258,-32.2033997959907,91.9801836327562,1307.42680956357
"BIGKAT _ P83 _ Right _ 1",-27.2383057044103,8.88087815612579,1267.88618273709,-28.9125107083345,80.6136906735679,1305.34051004972
"BIGKAT _ P83 _ Right _ 1",-27.3566473631883,11.0452398594019,1270.73600159404,-25.4820004065487,67.7578688710727,1303.03304818762
"BIGKAT _ P83 _ Right _ 1",-27.5823762015292,13.494770144768,1273.86243328105,-22.3840400007881,54.99180672162,1300.75720943671
"BIGKAT _ P83 _ Right _ 1",-27.9117252931353,15.9214204268437,1276.82148315517,-20.0023737980909,43.9925416906621,1298.79119427625
"BIGKAT _ P83 _ Right _ 1",-28.3192417797146,17.9584757687732,1279.12128817535,-18.5856172386607,36.2861391609168,1297.39630969387
"BIGKAT _ P83 _ Right _ 1",-28.7544460914203,19.2378414536033,1280.31603912922,-18.2405622859546,32.9999761047304,1296.77172535941
"BIGKAT _ P83 _ Right _ 1",-29.1461747029457,19.4651942000167,1280.11044678658,-18.9523450086046,34.6659218038399,1297.01836592057
"BIGKAT _ P83 _ Right _ 1",-29.4147114271623,18.495893270317,1278.44668709866,-20.6094649400101,41.108196914393,1298.11924381932
"BIGKAT _ P83 _ Right _ 1",-29.4893151301947,16.3912288426287,1275.5483353699,-23.0169954497299,51.4335060625236,1299.93836922247
"BIGKAT _ P83 _ Right _ 1",-29.3267508614983,13.4364179189606,1271.90528346035,-25.8967466342521,64.1308733730558,1302.23809317243
"BIGKAT _ P83 _ Right _ 1",-28.9256995907102,10.1093243965066,1268.19755899773,-28.8888847410132,77.2780947229264,1304.71348154331
"BIGKAT _ P83 _ Right _ 1",-28.3328226617868,7.00102426373408,1265.17104549702,-31.5754098288446,88.8334127451708,1307.03897386406
"BIGKAT _ P83 _ Right _ 1",-27.6383751385391,4.70269754431924,1263.49033255342,-33.5370428206527,96.9680783961038,1308.91813308764
"BIGKAT _ P83 _ Right _ 1",-26.9616600462598,3.68347092019495,1263.60000860325,-34.4358427019302,100.379514597766,1310.12606204746
"BIGKAT _ P83 _ Right _ 1",-26.428587700183,4.1874843139548,1265.6246533019,-34.0978942428032,98.5243764598807,1310.53789142386
"BIGKAT _ P83 _ Right _ 1",-26.1451766746095,6.17490907067885,1269.33068700463,-32.5647081937394,91.7248159824255,1310.14230055462
"BIGKAT _ P83 _ Right _ 1",-26.1723493979449,9.32220908609871,1274.16158980398,-30.092017247925,81.1235940411684,1309.04178318961
"BIGKAT _ P83 _ Right _ 1",-26.5084759349102,13.0835248661429,1279.3427860898,-27.0952708087076,68.4908188511506,1307.44051213396
"BIGKAT _ P83 _ Right _ 1",-27.0854941075836,16.8000020215577,1284.03538760366,-24.0618471926384,55.915888893326,1305.61913382298
"BIGKAT _ P83 _ Right _ 1",-27.7811431287751,19.8310412199859,1287.50352104104,-21.4599682430859,45.4465412901803,1303.89651460085
"BIGKAT _ P83 _ Right _ 1",-28.4448168718589,21.6760088871748,1289.2548675315,-19.6685810046068,38.7496345875815,1302.58137634462
"BIGKAT _ P83 _ Right _ 1",-28.9302205750085,22.0599269224103,1289.12229388959,-18.9363075870178,36.856482752758,1301.92006824221
"BIGKAT _ P83 _ Right _ 1",-29.1263984660674,20.9692929103001,1287.27273950972,-19.3628484791998,40.0265272895361,1302.04946993252
"BIGKAT _ P83 _ Right _ 1",-28.9799290889512,18.6376310009888,1284.14921077259,-20.8919756179708,47.7350693082802,1302.96602867184
"BIGKAT _ P83 _ Right _ 1",-28.5039455956633,15.4895626404394,1280.36570866255,-23.3115804177068,58.7744508437039,1304.52131493288
"BIGKAT _ P83 _ Right _ 1",-27.7729585269983,12.056938950035,1276.58140935383,-26.266204864128,71.4492548554441,1306.44838488789
"BIGKAT _ P83 _ Right _ 1",-26.9056468024576,8.88320556312572,1273.38096834249,-29.2927043791302,83.8364483092367,1308.41256671297
"BIGKAT _ P83 _ Right _ 1",-26.0403084442473,6.43347477947623,1271.18376645826,-31.8853412445161,94.0709695167246,1310.0714892103
"BIGKAT _ P83 _ Right _ 1",-25.3087585486055,5.02618053197374,1270.19665335292,-33.5841740684878,100.613451358513,1311.12881572959
"BIGKAT _ P83 _ Right _ 1",-24.8137431586464,4.79646757030738,1270.41334178438,-34.0670855754054,102.463816979529,1311.37395916579
"BIGKAT _ P83 _ Right _ 1",-24.6130615574796,5.6932920371512,1271.65208137567,-33.2191509636223,99.2977095036251,1310.70894793815
"BIGKAT _ P83 _ Right _ 1",-24.7118269810641,7.50514438366911,1273.61552685517,-31.1573175154726,91.5137635445237,1309.16659946812
"BIGKAT _ P83 _ Right _ 1",-25.0633439355206,9.90562521572989,1275.95512260262,-28.2021061126255,80.1855579101958,1306.92013404199
"BIGKAT _ P83 _ Right _ 1",-25.5785408322859,12.5093904541633,1278.32617840778,-24.8059620744429,66.9176141158704,1304.27777704899
"BIGKAT _ P83 _ Right _ 1",-26.1429410189441,14.9295797217476,1280.42641737204,-21.4626506073384,53.6169360062506,1301.65275852241
"BIGKAT _ P83 _ Right _ 1",-26.6384936545393,16.8289316133055,1282.01733522072,-18.6263252954978,42.2106250608446,1299.50331325278
"BIGKAT _ P83 _ Right _ 1",-26.9658759941833,17.9587613589133,1282.93259656911,-16.6593470871489,34.3568224710024,1298.24812715656
"BIGKAT _ P83 _ Right _ 1",-27.0623123154803,18.1831248050733,1283.08036655309,-15.8096690936745,31.1990912340087,1298.17451597003
"BIGKAT _ P83 _ Right _ 1",-26.9112206740872,17.4888595663369,1282.44637817443,-16.203185676256,33.2012578423999,1299.36264487901
"BIGKAT _ P83 _ Right _ 1",-26.5425653679241,15.9840457328093,1281.1009470039,-17.833740404459,40.0808269635416,1301.64697098214
"BIGKAT _ P83 _ Right _ 1",-26.02530849725,13.886856527531,1279.20682766751,-20.5447213143778,50.8456042825682,1304.62865640379
"BIGKAT _ P83 _ Right _ 1",-25.4546810406583,11.5046286640796,1277.01903571624,-24.0136633508514,63.9305799625074,1307.74300811529
"BIGKAT _ P83 _ Right _ 1",-24.9369394656703,9.20132219021826,1274.8665920107,-27.7631939674925,77.4225632804055,1310.37413607541
"BIGKAT _ P83 _ Right _ 1",-24.573544992264,7.3522273039789,1273.111220691,-31.2184833361549,89.3446900855373,1311.99459914734
"BIGKAT _ P83 _ Right _ 1",-24.4461591199049,6.28828720114516,1272.08698181489,-33.8119772307204,97.9576250744781,1312.2940035332
"BIGKAT _ P83 _ Right _ 1",-24.6037981624748,6.23744701576932,1272.03303290895,-35.1100897966632,102.027724632452,1311.25504679328
"BIGKAT _ P83 _ Right _ 1",-25.0536878075189,7.27467737550661,1273.03572006529,-34.9189834533801,101.017247511015,1309.14677310958
"BIGKAT _ P83 _ Right _ 1",-25.7574244294692,9.29366784539719,1274.9953329102,-33.3289710160434,95.1643690291911,1306.43379271218
"BIGKAT _ P83 _ Right _ 1",-26.6337375224546,12.0105960938951,1277.62825932539,-30.6797218371602,85.4375450888034,1303.63500723064
"BIGKAT _ P83 _ Right _ 1",-27.5683873236952,15.0039474278756,1280.50814667201,-27.4605642171088,73.3689654404401,1301.18690216501
"BIGKAT _ P83 _ Right _ 1",-28.4305410714764,17.7853787996994,1283.14074715477,-24.1857859630211,60.7952018094949,1299.36143357905
"BIGKAT _ P83 _ Right _ 1",-29.0934627781194,19.8877707999374,1285.05782647178,-21.290802057792,49.5551136539384,1298.25853641728
"BIGKAT _ P83 _ Right _ 1",-29.4558963222065,20.9512606937815,1285.90899269605,-19.0787809062113,41.2057169460917,1297.85547367286
"BIGKAT _ P83 _ Right _ 1",-29.4597237382203,20.7883067400531,1285.52976094983,-17.7193322020946,36.8082927753724,1298.0726193486
"BIGKAT _ P83 _ Right _ 1",-29.0998620648938,19.4141587099584,1283.97004910345,-17.277773158311,36.8134188304952,1298.81937098824
"BIGKAT _ P83 _ Right _ 1",-28.4240514909759,17.0371713428496,1281.47718462761,-17.7464023908456,41.0485668322561,1300.00653197744
"BIGKAT _ P83 _ Right _ 1",-27.5227291018562,14.0119887268335,1278.43839837571,-19.0581949886958,48.795993187926,1301.53495987907
"BIGKAT _ P83 _ Right _ 1",-26.5116640859098,10.7664733645248,1275.29742315323,-21.0805158446464,58.9410233114658,1303.28170573489
"BIGKAT _ P83 _ Right _ 1",-25.5116346527937,7.71938693914567,1272.46629982034,-23.6019041407433,70.1644073922207,1305.10101998122
"BIGKAT _ P83 _ Right _ 1",-24.6298111192911,5.20861946071507,1270.25477037221,-26.3311885929776,81.1443242990737,1306.8433291632
"BIGKAT _ P83 _ Right _ 1",-23.9466660577268,3.44709082090844,1268.83417501408,-28.9227407234297,90.7290158851099,1308.38099251085
"BIGKAT _ P83 _ Right _ 1",-23.5103943578494,2.51474869303735,1268.24139262355,-31.0281544451299,98.0476571245674,1309.62525588262
"BIGKAT _ P83 _ Right _ 1",-23.3385822625503,2.38319799519111,1268.41507603467,-32.3608024952775,102.54678542231,1310.52608713693
"BIGKAT _ P83 _ Right _ 1",-23.4249598685959,2.95942095557414,1269.24642770923,-32.7529304215904,103.965272660205,1311.05821963194
"BIGKAT _ P83 _ Right _ 1",-23.7480050564692,4.13062135361658,1270.62357443729,-32.1877307872231,102.280432977386,1311.20410630299
"BIGKAT _ P83 _ Right _ 1",-24.2781584848068,5.794377205798,1272.45318508685,-30.7981589736755,97.662024885394,1310.94459915075
"BIGKAT _ P83 _ Right _ 1",-24.9815266945894,7.86565756017898,1274.6538367544,-28.8347024336589,90.4577865072594,1310.26323034658
"BIGKAT _ P83 _ Right _ 1",-25.819875199818,10.2621608560918,1277.12857168358,-26.6118697053518,81.2098637153491,1309.16318766405
"BIGKAT _ P83 _ Right _ 1",-26.7485283831237,12.8782374005224,1279.73325284374,-24.4468616015506,70.6776694399862,1307.68980142809
"BIGKAT _ P83 _ Right _ 1",-27.7144912736604,15.5617629313538,1282.25859152068,-22.604863351073,59.8319115609982,1305.94777857559
"BIGKAT _ P83 _ Right _ 1",-28.6564874027054,18.1061742789534,1284.43735439741,-21.2641283998289,49.7933228440202,1304.10341100398
"BIGKAT _ P83 _ Right _ 1",-29.5074559838645,20.2632908394383,1285.97817574591,-20.5089279795551,41.7129146135223,1302.36745977143
"BIGKAT _ P83 _ Right _ 1",-30.1993502132921,21.7754263939112,1286.61825299707,-20.3486303610604,36.6141051700005,1300.96157071477
"BIGKAT _ P83 _ Right _ 1",-30.6700971727698,22.4205862011733,1286.18197693475,-20.7501874033935,35.2285128427242,1300.07626927942
"BIGKAT _ P83 _ Right _ 1",-30.872725928468,22.0624591240153,1284.6316685009,-21.6657096999158,37.8555054730751,1299.83028305104
"BIGKAT _ P83 _ Right _ 1",-30.7861091459433,20.6957772695305,1282.09856067219,-23.0405382245769,44.2692291681132,1300.24040660362
"BIGKAT _ P83 _ Right _ 1",-30.4252838830884,18.4761976148169,1278.88537178325,-24.7985190199828,53.6931959880587,1301.20989926844
"BIGKAT _ P83 _ Right _ 1",-29.8477319944124,15.723170148462,1275.43601333331,-26.8145061550385,64.8599007643004,1302.54093471361
"BIGKAT _ P83 _ Right _ 1",-29.1516692922562,12.8870260236805,1272.27376348315,-28.8931826195321,76.163589072589,1303.97122386484
"BIGKAT _ P83 _ Right _ 1",-28.464134539314,10.479458350281,1269.91637482136,-30.7732505707533,85.8945853377887,1305.22705256676
"BIGKAT _ P83 _ Right _ 1",-27.9199111824876,8.97792445767732,1268.78319243505,-32.1657351497251,92.5196391146159,1306.07848336716
"BIGKAT _ P83 _ Right _ 1",-27.635408102008,8.72456745851657,1269.11292250908,-32.8188004940455,94.9555798369446,1306.38172105017
"BIGKAT _ P83 _ Right _ 1",-27.6832529374531,9.84456647145923,1270.9098507987,-32.5872762827669,92.7800375373048,1306.09924505464
"BIGKAT _ P83 _ Right _ 1",-28.073452259015,12.2058084094258,1273.93152155122,-31.4805837501713,86.3325193832752,1305.29661088737
"BIGKAT _ P83 _ Right _ 1",-28.7460796725173,15.4325560239275,1277.72325636271,-29.670582876458,76.6783349617953,1304.12135085479
"BIGKAT _ P83 _ Right _ 1",-29.5785823032649,18.9725843639558,1281.69512798229,-27.4574694375066,65.435088225316,1302.77213319516
"BIGKAT _ P83 _ Right _ 1",-30.4076335814235,22.203162806417,1285.22653250796,-25.2087491595818,54.493856655162,1301.465875482
"BIGKAT _ P83 _ Right _ 1",-31.0614824233129,24.5508024903762,1287.77585095348,-23.2939346923766,45.6945712929638,1300.40821371295
"BIGKAT _ P83 _ Right _ 1",-31.3954387895501,25.5971785765864,1288.97173969206,-22.0317383804219,40.5231445746615,1299.76955740204
"BIGKAT _ P83 _ Right _ 1",-31.3219090578152,25.1497087019811,1288.66890947864,-21.65277566694,39.8821571907986,1299.66613437245
"BIGKAT _ P83 _ Right _ 1",-30.827694644543,23.2660473221408,1286.96123547315,-22.2706436702501,43.960517439635,1300.14477494157
"BIGKAT _ P83 _ Right _ 1",-29.9746014006018,20.2322776438319,1284.15412835613,-23.8552729435579,52.2086657138653,1301.17238615776
"BIGKAT _ P83 _ Right _ 1",-28.8837433313889,16.5024945636646,1280.70432428165,-26.2126965047453,63.4191024810534,1302.63401190014
"BIGKAT _ P83 _ Right _ 1",-27.7080516721773,12.6131528680705,1277.13937264985,-28.9860307603014,75.9062397123657,1304.34363083421
"BIGKAT _ P83 _ Right _ 1",-26.6003334698659,9.08955360912671,1273.97188249863,-31.6942496330314,87.7646099684229,1306.0682555349
"BIGKAT _ P83 _ Right _ 1",-25.684913507169,6.36298404434756,1271.62400313903,-33.8141850483174,97.1645056530897,1307.56113097015
"BIGKAT _ P83 _ Right _ 1",-25.0390676578291,4.71340246848094,1270.37418379671,-34.8915320968064,102.633040355781,1308.59759028449
"BIGKAT _ P83 _ Right _ 1",-24.6867975629913,4.2444501995224,1270.33155424832,-34.6495077113878,103.274213648361,1309.00813121614
"BIGKAT _ P83 _ Right _ 1",-24.6037042328737,4.88859582744961,1271.43618502722,-33.0593092767398,98.8980488878981,1308.70513534099
"BIGKAT _ P83 _ Right _ 1",-24.7293548435444,6.43463805572594,1273.47910358675,-30.3472122575558,90.0450205764641,1307.70031167862
"BIGKAT _ P83 _ Right _ 1",-24.9830624630968,8.56897287600847,1276.13550742873,-26.934270667138,77.903135847618,1306.10966208867
"BIGKAT _ P83 _ Right _ 1",-25.2798707442514,10.9239761271674,1279.00691709545,-23.3281238829605,64.1258275938398,1304.14298543304
"BIGKAT _ P83 _ Right _ 1",-25.5447459348102,13.1286842275407,1281.67017666648,-20.0035649836975,50.5754580282097,1302.07691270543
"BIGKAT _ P83 _ Right _ 1",-25.7236551247509,14.8572727131911,1283.73091218791,-17.3113492840867,39.037436860512,1300.21446212896
"BIGKAT _ P83 _ Right _ 1",-25.7902552549959,15.8702313206849,1284.8766354655,-15.4403837086558,30.961049528668,1298.83832301343
"BIGKAT _ P83 _ Right _ 1",-25.7470042019885,16.0431268670584,1284.92249618502,-14.4334751641062,27.2733626790487,1298.16644699496
"BIGKAT _ P83 _ Right _ 1",-25.6202950106228,15.379291027685,1283.84230081735,-14.2347262682586,28.2858457153201,1298.31650323553
"BIGKAT _ P83 _ Right _ 1",-25.4507238325218,14.0052066887145,1281.77843984578,-14.738689370728,33.6877845716772,1299.28360657534
"BIGKAT _ P83 _ Right _ 1",-25.2812120334548,12.1497322136221,1279.02631452616,-15.8191835788936,42.6104891129412,1300.93578093538
"BIGKAT _ P83 _ Right _ 1",-25.1465488946969,10.1100575013078,1275.99257374414,-17.3323116803799,53.7490760496782,1303.03142657959
"BIGKAT _ P83 _ Right _ 1",-25.0674172596886,8.2086966699679,1273.13244052806,-19.1041602036656,65.5315160401095,1305.2588320551
"BIGKAT _ P83 _ Right _ 1",-25.0502143285748,6.74723224079026,1270.87760150655,-20.9215936249966,76.3203639322412,1307.29016435876
"BIGKAT _ P83 _ Right _ 1",-25.0917207745869,5.96351164916289,1269.56908186886,-22.5416443603563,84.6249192458945,1308.83664774839
"BIGKAT _ P83 _ Right _ 1",-25.1858039314021,5.99859388789165,1269.40742691633,-23.7238855344004,89.298066531414,1309.69225453418
"BIGKAT _ P83 _ Right _ 1",-25.3285849370482,6.87767433110134,1270.42671073578,-24.2774915920486,89.6949153920682,1309.75940020994
"BIGKAT _ P83 _ Right _ 1",-25.519298489386,8.50652663015287,1272.49277208159,-24.1069964759524,85.7752643726303,1309.0570032039
"BIGKAT _ P83 _ Right _ 1",-25.7563138760841,10.6830792291449,1275.32262125122,-23.2409112121894,78.1343210139038,1307.71453224471
"BIGKAT _ P83 _ Right _ 1",-26.0304936359636,13.1228451172062,1278.52164355229,-21.8341445169875,67.9472655616941,1305.95473908742
"BIGKAT _ P83 _ Right _ 1",-26.3197745997545,15.4960262849029,1281.63582226488,-20.1449462218113,56.8197475263571,1304.06541501359
"BIGKAT _ P83 _ Right _ 1",-26.588538157598,17.47227675661,1284.21501879863,-18.4951792191991,46.5535805440026,1302.36008054551
"BIGKAT _ P83 _ Right _ 1",-26.7930818140894,18.7668030363909,1285.87988173712,-17.2249354011809,38.8613867987113,1301.13026260793
"BIGKAT _ P83 _ Right _ 1",-26.891511888189,19.1803883602486,1286.38139750732,-16.6481017924172,35.0834423764284,1300.59633916052
"BIGKAT _ P83 _ Right _ 1",-26.8543122777193,18.6271688245197,1285.64125004231,-17.0089114731625,35.9631943958451,1300.86704645468
"BIGKAT _ P83 _ Right _ 1",-26.6717677703604,17.1467415034175,1283.76404582085,-18.4373809336614,41.5247355724878,1301.91788405339
"BIGKAT _ P83 _ Right _ 1",-26.3560551674967,14.8995834682811,1281.01799055608,-20.906795058369,51.074407107105,1303.59566411784
"BIGKAT _ P83 _ Right _ 1",-25.93798572735,12.1461621860009,1277.78724063099,-24.2055999815646,63.3256129039976,1305.65060827939
"BIGKAT _ P83 _ Right _ 1",-25.4601248702918,9.21173821071375,1274.50587102065,-27.9416080885419,76.6213491366051,1307.78917513296
"BIGKAT _ P83 _ Right _ 1",-24.9689622139601,6.44177477711492,1271.5885356807,-31.5917089137124,89.2059983950362,1309.73282166744
"BIGKAT _ P83 _ Right _ 1",-24.5087107298005,4.15588209562302,1269.37360057162,-34.5948690496713,99.4866672375332,1311.26508912501
"BIGKAT _ P83 _ Right _ 1",-24.1179990090812,2.6086595862541,1268.08919018413,-36.4674307193034,106.233650913117,1312.2547721602
"BIGKAT _ P83 _ Right _ 1",-23.8287704779546,1.96264354852676,1267.84346911344,-36.9081568167733,108.696483061494,1312.65381544751
"BIGKAT _ P83 _ Right _ 1",-23.6654898898433,2.27405859754357,1268.63259786858,-35.862223833728,106.641625122683,1312.47854875347
"BIGKAT _ P83 _ Right _ 1",-23.6431730746346,3.48954851321855,1270.35691587982,-33.5264604144037,100.33450552213,1311.78697224277
"BIGKAT _ P83 _ Right _ 1",-23.764306356947,5.45268213474842,1272.83808057786,-30.2958680639191,90.4868315864863,1310.66240770046
"BIGKAT _ P83 _ Right _ 1",-24.0161718377501,7.92100854682367,1275.83459018791,-26.6678209394755,78.176841712854,1309.20744523487
"BIGKAT _ P83 _ Right _ 1",-24.3705547283325,10.5949462023435,1279.05750679967,-23.1318387720486,64.738994317524,1307.54524784487
"BIGKAT _ P83 _ Right _ 1",-24.7870611365996,13.1571831664624,1282.19021139989,-20.0768808865885,51.6213102051304,1305.82134087575
"BIGKAT _ P83 _ Right _ 1",-25.2196567161528,15.3163384363375,1284.91466963392,-17.7420490013832,40.2229265221455,1304.19988864599
"BIGKAT _ P83 _ Right _ 1",-25.6243715882717,16.8446279105456,1286.94282398373,-16.2201393414578,31.7387028705645,1302.85256639935
"BIGKAT _ P83 _ Right _ 1",-25.965417475482,17.5998477333357,1288.04814230491,-15.5022815903569,27.0375409428229,1301.94132641335
"BIGKAT _ P83 _ Right _ 1",-26.2177773479998,17.5279457153085,1288.09160807812,-15.5361942991013,26.5855575910072,1301.59657100211
"BIGKAT _ P83 _ Right _ 1",-26.3662488793758,16.6505223781713,1287.03842302819,-16.2683367680998,30.4088954747527,1301.8921426382
"BIGKAT _ P83 _ Right _ 1",-26.4027463830512,15.0468008343464,1284.96404949489,-17.6515059302268,38.0879613976018,1302.82145755415
"BIGKAT _ P83 _ Right _ 1",-26.3241769603621,12.8389601396028,1282.04917663271,-19.6176658955645,48.7844062089161,1304.28362525766
"BIGKAT _ P83 _ Right _ 1",-26.1321341082512,10.1843124183678,1278.56332262208,-22.0330169761685,61.310755522358,1306.08914438336
"BIGKAT _ P83 _ Right _ 1",-25.8339707422863,7.2718165535011,1274.8378211367,-24.6620953820959,74.2486138761857,1307.98831161236
"BIGKAT _ P83 _ Right _ 1",-25.4439088794027,4.31788068572731,1271.23138013711,-27.1658782812016,86.1058637604915,1309.71476191055
"BIGKAT _ P83 _ Right _ 1",-24.9832608946463,1.5579237669514,1268.09363490156,-29.1452756927514,95.4884036989194,1311.02928650866
"BIGKAT _ P83 _ Right _ 1",-24.4798884446468,-0.767109441326744,1265.7318695271,-30.2217207430089,101.259190379185,1311.7508581851
"BIGKAT _ P83 _ Right _ 1",-23.9675755857324,-2.42910748332553,1264.38282364928,-30.1302020682707,102.667081481095,1311.77082425759
"BIGKAT _ P83 _ Right _ 1",-23.485578128507,-3.23655805220831,1264.18772416706,-28.7942317310514,99.4402157771181,1311.0553270629
"BIGKAT _ P83 _ Right _ 1",-23.0777702743993,-3.06406086371045,1265.16825045788,-26.3580380435578,91.8426678776027,1309.64418144236
"BIGKAT _ P83 _ Right _ 1",-22.7903573957692,-1.88486490834866,1267.20554854857,-23.1649357630396,80.6863507958493,1307.65089607554
"BIGKAT _ P83 _ Right _ 1",-22.667327638967,0.201321574706525,1270.03074210403,-19.6873575809848,67.2802859989766,1305.26174905724
"BIGKAT _ P83 _ Right _ 1",-22.7434564897462,2.95658486915094,1273.23841062977,-16.4290940080315,53.2992352494427,1302.72660786348
"BIGKAT _ P83 _ Right _ 1",-23.0355926719222,6.01918716194718,1276.33077716361,-13.8293173310585,40.5714460160972,1300.33441523078
"BIGKAT _ P83 _ Right _ 1",-23.5340755873358,8.94750758329415,1278.79078317015,-12.196101043102,30.8150896556326,1298.37280716453
"BIGKAT _ P83 _ Right _ 1",-24.1971233848214,11.2881127453938,1280.17147282472,-11.6831612879943,25.3761733608769,1297.08017450831
"BIGKAT _ P83 _ Right _ 1",-24.951239254627,12.6555586902195,1280.18238179195,-12.3038417764595,25.021317566001,1296.60306986611
"BIGKAT _ P83 _ Right _ 1",-25.6996467508146,12.8083586115116,1278.75339024062,-13.9620833437874,29.8193295346118,1296.96953156902
"BIGKAT _ P83 _ Right _ 1",-26.3386048780457,11.705592300587,1276.06156825647,-16.4788949413632,39.1231724280021,1298.08333803707
"BIGKAT _ P83 _ Right _ 1",-26.7787780063961,9.5309260951674,1272.51404231068,-19.6039082371198,51.6510716503077,1299.74000270269
"BIGKAT _ P83 _ Right _ 1",-26.9665069363525,6.67545947049626,1268.68789657838,-23.0175739264474,65.6588589545244,1301.6624824737
"BIGKAT _ P83 _ Right _ 1",-26.8988766439741,3.67829255247857,1265.2361746226,-26.3409060333424,79.1856003903262,1303.55049968586
"BIGKAT _ P83 _ Right _ 1",-26.6276551129596,1.133187241727,1262.77653897706,-29.1692605842969,90.3394562202455,1305.13237935953
"BIGKAT _ P83 _ Right _ 1",-26.2501710433009,-0.421535606604882,1261.78381327699,-31.1339810092301,97.5787359063085,1306.20655298678
"BIGKAT _ P83 _ Right _ 1",-25.8886729942299,-0.607735194934258,1262.50700632209,-31.9780477698103,99.9420762561871,1306.66436207545
"BIGKAT _ P83 _ Right _ 1",-25.6624877338435,0.715107221440066,1264.92565755752,-31.6194251121223,97.191089755659,1306.49394466438
"BIGKAT _ P83 _ Right _ 1",-25.6591063372189,3.41687593188745,1268.75240739236,-30.1756149236012,89.8425504291117,1305.77097341323
"BIGKAT _ P83 _ Right _ 1",-25.9112252871891,7.11706450009087,1273.48122315616,-27.9357321365756,79.0816701899312,1304.64262017516
"BIGKAT _ P83 _ Right _ 1",-26.3862768702375,11.2559962892693,1278.47369126491,-25.2871546222678,66.5656534771368,1303.30798077377
"BIGKAT _ P83 _ Right _ 1",-26.9923463273186,15.2022111351954,1283.06813595408,-22.6231450052311,54.149855180858,1301.99506506946
"BIGKAT _ P83 _ Right _ 1",-27.5996894320737,18.3708819514969,1286.68940462683,-20.2652997947809,43.5911277235872,1300.9337555732
"BIGKAT _ P83 _ Right _ 1",-28.0719435041534,20.3250261933005,1288.93544677369,-18.4250328082831,36.2899947597025,1300.32555831644
"BIGKAT _ P83 _ Right _ 1",-28.2979843015012,20.8380035087426,1289.62372664449,-17.20704762077,33.1166753010685,1300.31271471302
"BIGKAT _ P83 _ Right _ 1",-28.215759883625,19.9094588357667,1288.79371946448,-16.6380983589616,34.3350354920384,1300.95065701947
"BIGKAT _ P83 _ Right _ 1",-27.8228524070538,17.7406380306741,1286.67421160581,-16.6970867507502,39.6131467801032,1302.18969107241
"BIGKAT _ P83 _ Right _ 1",-27.1730223739878,14.6830241931341,1283.63013027915,-17.3291936010061,48.1004204535367,1303.87341959957
"BIGKAT _ P83 _ Right _ 1",-26.3616880728069,11.1752369459314,1280.10273153089,-18.4410088136011,58.5540082596956,1305.75943462167
"BIGKAT _ P83 _ Right _ 1",-25.5053277159038,7.67982610123992,1276.55251984176,-19.8870164247807,69.5002467504403,1307.56054605718
"BIGKAT _ P83 _ Right _ 1",-24.7201707931315,4.62744526143079,1273.40960328457,-21.4639581892211,79.4161287768819,1308.99610223873
"BIGKAT _ P83 _ Right _ 1",-24.1045880656205,2.37248830437127,1271.03276011553,-22.926392654654,86.9144350354059,1309.83926088391
"BIGKAT _ P83 _ Right _ 1",-23.7277199189297,1.16140441773373,1269.67656405708,-24.0264273204487,90.9173406565957,1309.94988273567
"BIGKAT _ P83 _ Right _ 1",-23.624739410673,1.11256188419638,1269.46576107247,-24.5681730304847,90.8048368280901,1309.29023433969
"BIGKAT _ P83 _ Right _ 1",-23.7975108713138,2.20584802439357,1270.37790838612,-24.4584580120192,86.5218590944242,1307.92609563219
"BIGKAT _ P83 _ Right _ 1",-24.2187713485226,4.28204022610145,1272.23823412736,-23.7339771402813,78.6219499286864,1306.01675605718
"BIGKAT _ P83 _ Right _ 1",-24.8382187322613,7.0550868201553,1274.7326459011,-22.5530168244248,68.2230478899598,1303.79560980333
"BIGKAT _ P83 _ Right _ 1",-25.5895063196159,10.1417023537694,1277.44357037414,-21.1546565971443,56.8618738896636,1301.54175888115
"BIGKAT _ P83 _ Right _ 1",-26.3976273457635,13.109739450114,1279.90819714815,-19.8025261172896,46.2593855134846,1299.5438513328
"BIGKAT _ P83 _ Right _ 1",-27.1863454328147,15.5403803436367,1281.691525455,-18.7349945879811,38.0404071942644,1298.05988999396
"BIGKAT _ P83 _ Right _ 1",-27.8852689553998,17.0929654347762,1282.46061728591,-18.1357889666979,33.4681616724543,1297.2791247115
"BIGKAT _ P83 _ Right _ 1",-28.4360450490368,17.5589894890287,1282.04430105595,-18.124425172655,33.248419479449,1297.29272718184
"BIGKAT _ P83 _ Right _ 1",-28.7971253136478,16.8943614849643,1280.46503952485,-18.7550206027977,37.4344928963232,1298.07885454417
"BIGKAT _ P83 _ Right _ 1",-28.9467382195402,15.2244275216659,1277.93582504824,-20.0115623687657,45.4391919488262,1299.50607982099
"BIGKAT _ P83 _ Right _ 1",-28.8840183222365,12.8218624323003,1274.82286191734,-21.7963291475383,56.1426508260769,1301.35674192233
"BIGKAT _ P83 _ Right _ 1",-28.628442315779,10.0620292447578,1271.5823466042,-23.9194845077664,68.0735193547622,1303.36712129819
"BIGKAT _ P83 _ Right _ 1",-28.2177180819388,7.36380333831336,1268.68514625546,-26.1044103411704,79.6311410158339,1305.27516855805
"BIGKAT _ P83 _ Right _ 1",-27.7042796742179,5.12621537446755,1266.54516041512,-28.0203615045023,89.3101900803683,1306.86270948604
"BIGKAT _ P83 _ Right _ 1",-27.1506426391848,3.67180028497046,1265.46457945927,-29.3423401301109,95.8922935960634,1307.98123222653
"BIGKAT _ P83 _ Right _ 1",-26.6238090620158,3.20540545482714,1265.6027651926,-29.8239663494541,98.5819082319229,1308.5578330015
"BIGKAT _ P83 _ Right _ 1",-26.1886408284899,3.79299709898417,1266.96813677624,-29.3601861299773,97.0795161281973,1308.58597943295
"BIGKAT _ P83 _ Right _ 1",-25.9001590869206,5.3607105177667,1269.42781395219,-28.0174230743835,91.5959369437533,1308.10994039759
"BIGKAT _ P83 _ Right _ 1",-25.795497199718,7.7116636355683,1272.72911494687,-26.0191082150422,82.814299156958,1307.21091973126
"BIGKAT _ P83 _ Right _ 1",-25.8873491496342,10.556868019946,1276.52884526681,-23.6905376689486,71.8047546504702,1305.99886758719
"BIGKAT _ P83 _ Right _ 1",-26.1612563463753,13.5557991583638,1280.42828495483,-21.3824206876551,59.8977069773997,1304.60906526767
"BIGKAT _ P83 _ Right _ 1",-26.5782884631283,16.3610839942641,1284.01243289075,-19.4002292790969,48.527160296681,1303.19913393418
"BIGKAT _ P83 _ Right _ 1",-27.0828202834695,18.6608279854057,1286.89139632568,-17.9619545058685,39.0635178054178,1301.9417451856
"BIGKAT _ P83 _ Right _ 1",-27.6131938760479,20.2126948352989,1288.74094402892,-17.1917239709735,32.6578229351815,1301.01066415457
"BIGKAT _ P83 _ Right _ 1",-28.1121812611148,20.8667131483113,1289.33933380619,-17.1391220420247,30.1132017889581,1300.56043674898
"BIGKAT _ P83 _ Right _ 1",-28.5347618126114,20.5776580050357,1288.59828189058,-17.8037577923659,31.7887046978311,1300.70145208953
"BIGKAT _ P83 _ Right _ 1",-28.852279576222,19.4099743081024,1286.58556725735,-19.146449889186,37.536049985157,1301.47342190232
"BIGKAT _ P83 _ Right _ 1",-29.0534695193879,17.5366971588038,1283.53435473022,-21.0799639719002,46.6765356457375,1302.82314554287
"BIGKAT _ P83 _ Right _ 1",-29.1433594105616,15.2297189551772,1279.83187822776,-23.4469870384607,58.0372273250636,1304.59559174857
"BIGKAT _ P83 _ Right _ 1",-29.1407760207599,12.8357129939572,1275.98113823915,-26.0039856311847,70.0682234688742,1306.54709809687
"BIGKAT _ P83 _ Right _ 1",-29.0748146864922,10.7337271875989,1272.5352749195,-28.4312364154373,81.0467796249645,1308.38327976349
"BIGKAT _ P83 _ Right _ 1",-28.9805968822392,9.27727590399582,1270.01313001857,-30.3792518225859,89.344024646762,1309.81411443738
"BIGKAT _ P83 _ Right _ 1",-28.8946954542509,8.73174119466454,1268.81186488826,-31.5434612309576,93.7022295675519,1310.61079591285
"BIGKAT _ P83 _ Right _ 1",-28.8503955771784,9.2219883262775,1269.13500956914,-31.7418241302282,93.4601421727324,1310.64849149915
"BIGKAT _ P83 _ Right _ 1",-28.8726941301861,10.7034257855215,1270.95156270995,-30.9644737658293,88.6742013992786,1309.92562231004
"BIGKAT _ P83 _ Right _ 1",-28.9731824160451,12.9641396914467,1273.99550510057,-29.3747162058506,80.1079108068174,1308.55865733032
"BIGKAT _ P83 _ Right _ 1",-29.1458028012741,15.6587904679804,1277.8072036301,-27.261733839989,69.0920299360921,1306.75722567969
"BIGKAT _ P83 _ Right _ 1",-29.365253819436,18.3679474203116,1281.80964206596,-24.9659951102368,57.2883668685204,1304.78693398868
"BIGKAT _ P83 _ Right _ 1",-29.589686531421,20.6703242824928,1285.40435210596,-22.8076186322831,46.4126604314839,1302.92808853287
"BIGKAT _ P83 _ Right _ 1",-29.7680263124435,22.21194451722,1288.06700665011,-21.0412188135983,37.9776719500942,1301.43785548163
"BIGKAT _ P83 _ Right _ 1",-29.8503880814019,22.7578853272561,1289.42382068641,-19.8430630114666,33.1010987239536,1300.52028525017
"BIGKAT _ P83 _ Right _ 1",-29.7987351479281,22.2188456464601,1289.29707767422,-19.3190289465867,32.3929546338396,1300.3041136018
"BIGKAT _ P83 _ Right _ 1",-29.5949346196653,20.6529029728556,1287.71726901552,-19.5145957010663,35.9127960746533,1300.82615890567
"BIGKAT _ P83 _ Right _ 1",-29.2444898357577,18.2480464949493,1284.90589635099,-20.4131020623014,43.1819265765924,1302.02078085607
"BIGKAT _ P83 _ Right _ 1",-28.7755320998368,15.2915405999268,1281.23531900282,-21.9209624428479,53.2453792723876,1303.7205186161
"BIGKAT _ P83 _ Right _ 1",-28.2334403245609,12.129958814148,1277.17198716503,-23.8511643151047,64.7870290679871,1305.67421878432
"BIGKAT _ P83 _ Right _ 1",-27.6720170944182,9.12284499604141,1273.21003247698,-25.9227698002301,76.2962098439308,1307.58386148539
"BIGKAT _ P83 _ Right _ 1",-27.1431164170217,6.59528692711997,1269.80461877023,-27.7904006964587,86.2675612805954,1309.15272153316
"BIGKAT _ P83 _ Right _ 1",-26.6876771363724,4.79770583887549,1267.31643402513,-29.1045438695917,93.4008825247156,1310.13199428617
"BIGKAT _ P83 _ Right _ 1",-26.3310084460898,3.8806636243423,1265.97669691021,-29.5875441942775,96.7664138009016,1310.35495874559
"BIGKAT _ P83 _ Right _ 1",-26.0832947928027,3.88749422644426,1265.87525702848,-29.1003532278843,95.9131757987275,1309.75502693433
"BIGKAT _ P83 _ Right _ 1",-25.9437154767874,4.76141428163653,1266.96640398341,-27.6767317793201,90.9138264992062,1308.37032986138
"BIGKAT _ P83 _ Right _ 1",-25.9050986816116,6.36053475255881,1269.0832681199,-25.513295539145,82.3494192894555,1306.33874273196
"BIGKAT _ P83 _ Right _ 1",-25.9564902462202,8.47522450400132,1271.95464470972,-22.9197680131808,71.2397733593495,1303.88465323453
"BIGKAT _ P83 _ Right _ 1",-26.082850566214,10.8458712521527,1275.22480242741,-20.2475714131975,58.9252390713633,1301.29623539598
"BIGKAT _ P83 _ Right _ 1",-26.2630640509961,13.1823737752085,1278.48158408337,-17.8212911507791,46.909463564361,1298.89230652559
"BIGKAT _ P83 _ Right _ 1",-26.4684573928545,15.1877165939367,1281.29717410301,-15.8937702728506,36.6806298174843,1296.9810284523
"BIGKAT _ P83 _ Right _ 1",-26.6636319899834,16.586686486881,1283.28032294942,-14.632784813326,29.5342109156185,1295.81645189412
"BIGKAT _ P83 _ Right _ 1",-26.8100912914948,17.1585872416965,1284.13286402643,-14.1316049321778,26.4171813154555,1295.5605106022
"BIGKAT _ P83 _ Right _ 1",-26.8719045410903,16.7710225929145,1283.70062521543,-14.4256901096283,27.8039403474615,1296.25679995737
"BIGKAT _ P83 _ Right _ 1",-26.822178576131,15.4105020711675,1282.00943255187,-15.498394705197,33.6084099205206,1297.81996317028
"BIGKAT _ P83 _ Right _ 1",-26.6492500663876,13.203964475545,1279.27859233375,-17.2687303393257,43.1427627169896,1300.04273332077
"BIGKAT _ P83 _ Right _ 1",-26.3616204766464,10.4233319847495,1275.90584383105,-19.5684112036387,55.1459046121166,1302.62166570973
"BIGKAT _ P83 _ Right _ 1",-25.990411624676,7.46479368383988,1272.42045539536,-22.1267944039636,67.9086308623422,1305.20050850367
"BIGKAT _ P83 _ Right _ 1",-25.5879314580421,4.79825793608661,1269.40645440018,-24.5847614495997,79.5052232192807,1307.4257796575
"BIGKAT _ P83 _ Right _ 1",-25.2214563264363,2.89085224729279,1267.40556680121,-26.5487192960855,88.1064584368899,1309.00406524673
"BIGKAT _ P83 _ Right _ 1",-24.9625753782901,2.11832502891135,1266.81672050257,-27.676433465305,92.3139370248264,1309.74853262301
"BIGKAT _ P83 _ Right _ 1",-24.8737605481066,2.68467886744097,1267.8129397259,-27.7670752821555,91.4385199247144,1309.60532458183
"BIGKAT _ P83 _ Right _ 1",-24.9947367214238,4.57032174197302,1270.29550303132,-26.820515998386,85.6533665726002,1308.65680626378
"BIGKAT _ P83 _ Right _ 1",-25.3317103980695,7.52304442924097,1273.89916615705,-25.0412989569505,75.9799413332315,1307.10377319649
"BIGKAT _ P83 _ Right _ 1",-25.8524685357973,11.0964533241002,1278.05161920956,-22.7861001747294,64.1048227016472,1305.23084079457
"BIGKAT _ P83 _ Right _ 1",-26.4894193399601,14.7291305094831,1282.07695538047,-20.4771098996176,52.0673422373348,1303.36017244394
"BIGKAT _ P83 _ Right _ 1",-27.1507356912318,17.8472576040779,1285.32072248281,-18.5144727044468,41.8911066112333,1301.80045059731
"BIGKAT _ P83 _ Right _ 1",-27.7374128037173,19.9674754432917,1287.26818612644,-17.213662125531,35.2423355454408,1300.79967034408
"BIGKAT _ P83 _ Right _ 1",-28.1621844650782,20.7782551494645,1287.63071441442,-16.7752039460672,33.1792444199656,1300.50971993899
"BIGKAT _ P83 _ Right _ 1",-28.3657078669374,20.1860221163769,1286.38576818986,-17.2776467554568,36.0214622748911,1300.96768046994
"BIGKAT _ P83 _ Right _ 1",-28.326457125703,18.32210002546,1283.76816096124,-18.6794258900836,43.3380281146144,1302.09553273643
"BIGKAT _ P83 _ Right _ 1",-28.0627547777387,15.5138482079598,1280.21927734474,-20.8214055670295,54.0383220456603,1303.71777220956
"BIGKAT _ P83 _ Right _ 1",-27.6273927248948,12.2271354139281,1276.30613660356,-23.4328507541916,66.5466373588393,1305.59395744316
"BIGKAT _ P83 _ Right _ 1",-27.0967620322057,8.98939764389133,1272.62527549276,-26.1513961401988,79.0366584807128,1307.45930009736
"BIGKAT _ P83 _ Right _ 1",-26.557141923797,6.30474945683934,1269.70800270857,-28.5667999476917,89.6940655145121,1309.06327732188
"BIGKAT _ P83 _ Right _ 1",-26.0907561254807,4.57447763295749,1267.94254972625,-30.2885284404359,96.9703225702041,1310.19779678643
"BIGKAT _ P83 _ Right _ 1",-25.7635160029876,4.03582663996947,1267.52436034247,-31.023733618957,99.7941734079249,1310.71305443893
"BIGKAT _ P83 _ Right _ 1",-25.6155095369064,4.72847900594239,1268.43935493409,-30.6427444037993,97.7172843253854,1310.52610416895
"BIGKAT _ P83 _ Right _ 1",-25.6548974694634,6.49289978174172,1270.4787025958,-29.209325296153,90.9798090656188,1309.62881897178
"BIGKAT _ P83 _ Right _ 1",-25.8561126299724,8.99977869279499,1273.27934028727,-26.963293352256,80.4867213118815,1308.09734053072
"BIGKAT _ P83 _ Right _ 1",-26.1634946102871,11.8058802620322,1276.38264442906,-24.2598119394347,67.6902273154182,1306.09806120148
"BIGKAT _ P83 _ Right _ 1",-26.5008588224009,14.4279835759383,1279.30318807861,-21.4860224548621,54.3844553649018,1303.88089825512
"BIGKAT _ P83 _ Right _ 1",-26.785821730481,16.4228605493463,1281.59904927527,-18.9837335687984,42.4379340613571,1301.75252770699
"BIGKAT _ P83 _ Right _ 1",-26.9457954720611,17.458813343191,1282.93457252347,-17.0014963850757,33.5090929196148,1300.02984166888
"BIGKAT _ P83 _ Right _ 1",-26.9316402981304,17.3655391129823,1283.12702260617,-15.6829040345174,28.7970824808534,1298.98264181108
"BIGKAT _ P83 _ Right _ 1",-26.7257189830124,16.1546661261769,1282.17106946645,-15.0803124004149,28.8692351585419,1298.77940962154
"BIGKAT _ P83 _ Right _ 1",-26.3431609317342,14.0107523552656,1280.23855521222,-15.1748793792489,33.5862390268891,1299.44963130197
"BIGKAT _ P83 _ Right _ 1",-25.827372238276,11.2581714282323,1277.65364329739,-15.8882319153056,42.1297580146708,1300.87262378218
"BIGKAT _ P83 _ Right _ 1",-25.2421789533784,8.31133529045788,1274.84497879689,-17.083461230149,53.1279298533396,1302.79731974379
"BIGKAT _ P83 _ Right _ 1",-24.6630963859188,5.61522329143869,1272.27881337572,-18.5651863767265,64.8647316899859,1304.88972040802
"BIGKAT _ P83 _ Right _ 1",-24.1693086000783,3.58256566417909,1270.38153794999,-20.0928871410036,75.5447811917691,1306.79623144951
"BIGKAT _ P83 _ Right _ 1",-23.8365523900981,2.53456250733256,1269.46510502659,-21.4157340070699,83.5707520449943,1308.20620847592
"BIGKAT _ P83 _ Right _ 1",-23.7299256068856,2.65302975171582,1269.67098973739,-22.3240267546794,87.7852991903687,1308.89917040523
"BIGKAT _ P83 _ Right _ 1",-23.8954359936908,3.95183553594191,1270.94572389307,-22.699989505934,87.6366312603735,1308.76996784734
"BIGKAT _ P83 _ Right _ 1",-24.3502932592331,6.2736899849113,1273.05458735549,-22.5466409046777,83.2424178851233,1307.83348964553
"BIGKAT _ P83 _ Right _ 1",-25.0740624963114,9.31487839191279,1275.63174121975,-21.9805618004815,75.3447366962081,1306.21456200056
"BIGKAT _ P83 _ Right _ 1",-26.0044906678333,12.675424818294,1278.25627319047,-21.1895798064747,65.1670529748165,1304.12786974918
"BIGKAT _ P83 _ Right _ 1",-27.0416743960415,15.925841006729,1280.53592344499,-20.3723630231218,54.2026115874361,1301.85007968254
"BIGKAT _ P83 _ Right _ 1",-28.0618316507686,18.676152041474,1282.17684675491,-19.6851104213647,43.9785097051188,1299.68544915229
"BIGKAT _ P83 _ Right _ 1",-28.9383047680494,20.6316092652181,1283.02179194183,-19.2157934061868,35.8429828948064,1297.92781859277
"BIGKAT _ P83 _ Right _ 1",-29.5644879064048,21.6241664307308,1283.05034995447,-18.9910896604507,30.8094871583327,1296.82363923091
"BIGKAT _ P83 _ Right _ 1",-29.8726594348997,21.6175482710187,1282.3487721259,-19.0043063169134,29.4656575762536,1296.54030900764
"BIGKAT _ P83 _ Right _ 1",-29.8443492802944,20.6921553586448,1281.06679957079,-19.2437745279713,31.9339587641787,1297.14229942874
"BIGKAT _ P83 _ Right _ 1",-29.5107968051983,19.0201910153524,1279.38059268866,-19.7042956884639,37.8670673888322,1298.57683650425
"BIGKAT _ P83 _ Right _ 1",-28.9448045664719,16.8400281267576,1277.47399647644,-20.3762323260453,46.4739687076553,1300.67213681655
"BIGKAT _ P83 _ Right _ 1",-28.2468429047064,14.4335652613603,1275.53861351847,-21.2208929942805,56.5888365330623,1303.1524814361
"BIGKAT _ P83 _ Right _ 1",-27.5284507191842,12.1044911545424,1273.78217716666,-22.1498257538668,66.7987740918924,1305.6728863096
"BIGKAT _ P83 _ Right _ 1",-26.8954473416696,10.1524695829615,1272.429882209,-23.0247921380233,75.632331325339,1307.87091244902
"BIGKAT _ P83 _ Right _ 1",-26.4329957032152,8.84008240502332,1271.70693071354,-23.684413014277,81.7852028696734,1309.42661224993
"BIGKAT _ P83 _ Right _ 1",-26.1943333901374,8.35478046649377,1271.80046029445,-23.9882575501238,84.337570671638,1310.11758560288
"BIGKAT _ P83 _ Right _ 1",-26.194635181712,8.773595719942,1272.81016439098,-23.8584729418284,82.911995564129,1309.85685527766
"BIGKAT _ P83 _ Right _ 1",-26.4106970169868,10.0406262215707,1274.70426311926,-23.2997958730195,77.7343611141709,1308.7059575804
"BIGKAT _ P83 _ Right _ 1",-26.786170254523,11.9653405123695,1277.29814370077,-22.3905828252664,69.5861365363727,1306.86168929462
"BIGKAT _ P83 _ Right _ 1",-27.2413523548612,14.2448324060917,1280.26677012528,-21.252917538222,59.663703461767,1304.62027198176
"BIGKAT _ P83 _ Right _ 1",-27.6861036414599,16.507214624355,1283.19119335361,-20.0196694041477,49.3811838744208,1302.32667110888
"BIGKAT _ P83 _ Right _ 1",-28.0340412891898,18.3680649905723,1285.628393785,-18.815253816536,40.1616091352795,1300.3192184203
"BIGKAT _ P83 _ Right _ 1",-28.2157506777873,19.4888389424174,1287.18695130979,-17.7559896592994,33.2547015548957,1298.87965173654
"BIGKAT _ P83 _ Right _ 1",-28.1887495512408,19.6266202484748,1287.59144966926,-16.9620745128775,29.6006565081041,1298.19566918116
"BIGKAT _ P83 _ Right _ 1",-27.9426283147947,18.6681485969282,1286.72477725438,-16.5645115688402,29.7384687421782,1298.33866872052
"BIGKAT _ P83 _ Right _ 1",-27.4989117021198,16.6455663530742,1284.64481563295,-16.6917507997509,33.7480314575208,1299.25664272215
"BIGKAT _ P83 _ Right _ 1",-26.9061796744289,13.7342272759532,1281.57614114454,-17.4316798640709,41.2233331818059,1300.78271969412
"BIGKAT _ P83 _ Right _ 1",-26.231528070944,10.2333121187148,1277.87810394982,-18.7797613411932,51.2911825296772,1302.66124957521
"BIGKAT _ P83 _ Right _ 1",-25.5497096876815,6.52948483411275,1273.99138321437,-20.5965181985268,62.6984994768831,1304.59148358341
"BIGKAT _ P83 _ Right _ 1",-24.9317162659451,3.0452418742135,1270.36904007425,-22.6005726616925,73.9785985817048,1306.28251894526
"BIGKAT _ P83 _ Right _ 1",-24.4352063356416,0.178155717409276,1267.40444809044,-24.4132345207191,83.6766880547457,1307.50607150996
"BIGKAT _ P83 _ Right _ 1",-24.0992418534068,-1.75760472232199,1265.372475106,-25.6494743837854,90.5856241602617,1308.13186265273
"BIGKAT _ P83 _ Right _ 1",-23.9443508834187,-2.57462168273454,1264.39773019388,-26.0275745094368,93.9336579245831,1308.13655773262
"BIGKAT _ P83 _ Right _ 1",-23.9764481673217,-2.23154391523374,1264.45545240129,-25.4580493679387,93.4809842303828,1307.5875688395
"BIGKAT _ P83 _ Right _ 1",-24.1914507935969,-0.826287140337647,1265.40134053846,-24.0781903824105,89.5106724066498,1306.61126200357
"BIGKAT _ P83 _ Right _ 1",-24.5778705562487,1.43301876193435,1267.02002994184,-22.2186555379747,82.7273770921119,1305.35788192821
"BIGKAT _ P83 _ Right _ 1",-25.1167572571808,4.27186351117868,1269.07884519656,-20.3132004097675,74.0956817581935,1303.97347657298
"BIGKAT _ P83 _ Right _ 1",-25.7804387250273,7.39856960166074,1271.37333446335,-18.7819040112923,64.6581458716207,1302.58407698007
"BIGKAT _ P83 _ Right _ 1",-26.5322571059542,10.54871580504,1273.75374627511,-17.9256294301994,55.3730345846182,1301.29138761115
"BIGKAT _ P83 _ Right _ 1",-27.3287493616581,13.5155670683564,1276.12718775759,-17.8632006950762,47.0039751190619,1300.1749832024
"BIGKAT _ P83 _ Right _ 1",-28.1241291405564,16.1607040724995,1278.43767006076,-18.5259247654572,40.0782748380512,1299.29550854277
"BIGKAT _ P83 _ Right _ 1",-28.8755070875256,18.4045327456338,1280.63299907408,-19.7037313054306,34.9097908014272,1298.69607023881
"BIGKAT _ P83 _ Right _ 1",-29.5469201261702,20.2024859795241,1282.63125361809,-21.1215325673013,31.6625058379041,1298.40222846432
"BIGKAT _ P83 _ Right _ 1",-30.1111711045881,21.5176791571979,1284.30001285048,-22.518652147329,30.4197461171354,1298.42229075865
"BIGKAT _ P83 _ Right _ 1",-30.5500398400836,22.3028460622685,1285.45899653018,-23.708461316242,31.2251521505664,1298.74852697555
"BIGKAT _ P83 _ Right _ 1",-30.8544762364131,22.5021527200312,1285.91131989565,-24.6058114087335,34.0741674277777,1299.35797758448
"BIGKAT _ P83 _ Right _ 1",-31.0261778419242,22.076439343003,1285.50011080266,-25.2213910872225,38.8551181572742,1300.21066658033
"BIGKAT _ P83 _ Right _ 1",-31.0805765199112,21.0450145463094,1284.17705140195,-25.6309873292155,45.2617932155373,1301.24414741418
"BIGKAT _ P83 _ Right _ 1",-31.0495090409463,19.527092119558,1282.06058990607,-25.9324208272117,52.7183386250873,1302.36612666847
"BIGKAT _ P83 _ Right _ 1",-30.980837392809,17.7612655916177,1279.45855205951,-26.2042458783428,60.3645645016572,1303.45047103292
"BIGKAT _ P83 _ Right _ 1",-30.9328700096495,16.0858938226046,1276.83651555396,-26.4789431343534,67.1383907947317,1304.34412232728
"BIGKAT _ P83 _ Right _ 1",-30.9636305893144,14.8770507095985,1274.72987461684,-26.7388541005163,71.9601785695821,1304.89026793606
"BIGKAT _ P83 _ Right _ 1",-31.1177566276466,14.4587279122012,1273.61879734081,-26.9348532265651,73.9796361164161,1304.96559777238
"BIGKAT _ P83 _ Right _ 1",-31.4153637189848,15.013676267665,1273.80202922285,-27.0178036181187,72.8094519605102,1304.52050627169
"BIGKAT _ P83 _ Right _ 1",-31.8464951912124,16.5253384477779,1275.30936003567,-26.9668770097163,68.6621516526379,1303.60684623218
"BIGKAT _ P83 _ Right _ 1",-32.3724154997916,18.770533576992,1277.8811205034,-26.8019147517129,62.3364360811324,1302.38139559491
"BIGKAT _ P83 _ Right _ 1",-32.9326757797406,21.3644075933612,1281.02115082424,-26.5777298864047,55.0542833852442,1301.08245699509
"BIGKAT _ P83 _ Right _ 1",-33.4556278265352,23.8421949405388,1284.10643461241,-26.3685193523662,48.2032514234924,1299.98671315505
"BIGKAT _ P83 _ Right _ 1",-33.8698548160529,25.7533467251678,1286.52103793972,-26.2529555012533,43.0635267333074,1299.35839171679
"BIGKAT _ P83 _ Right _ 1",-34.1145228480382,26.7446369386998,1287.77924948831,-26.3050815328213,40.5879016687556,1299.40114158812
"BIGKAT _ P83 _ Right _ 1",-34.1476563177884,26.6169368147149,1287.61168806828,-26.5890079879202,41.2695203493471,1300.21834513664
"BIGKAT _ P83 _ Right _ 1",-33.9521413071303,25.3497736107585,1286.00198201326,-27.1523181945547,45.1011222451358,1301.78572121746
"BIGKAT _ P83 _ Right _ 1",-33.5391381172202,23.0942826429613,1283.1734371111,-28.0152906915959,51.6144467581988,1303.94268675869
"BIGKAT _ P83 _ Right _ 1",-32.9477836573206,20.1383592760237,1279.5326421428,-29.1581585973415,59.9857161248268,1306.41132344584
"BIGKAT _ P83 _ Right _ 1",-32.2398883224206,16.8502338047336,1275.58241576597,-30.5130646979719,69.1910211513005,1308.84757185378
"BIGKAT _ P83 _ Right _ 1",-31.4896854622955,13.6103382488086,1271.82186106762,-31.9679938029618,78.1876794832551,1310.91703182036
"BIGKAT _ P83 _ Right _ 1",-30.7708553620834,10.7452024849708,1268.65509069757,-33.3855481896214,86.0881519822636,1312.37364524681
"BIGKAT _ P83 _ Right _ 1",-30.1443367000787,8.47792867541452,1266.32889816151,-34.6320911683785,92.2907181675298,1313.11367249597
"BIGKAT _ P83 _ Right _ 1",-29.6499566339207,6.9053994149713,1264.91165281052,-35.6071804944835,96.5407977771838,1313.18584642812
"BIGKAT _ P83 _ Right _ 1",-29.303262894102,6.00423894706921,1264.3134642774,-36.2629759562446,98.915787419363,1312.75748450693
