"fileName","thumb_y","thumb_x","thumb_z","finger_y","finger_x","finger_z"
"BIGKAT _ C13 _ Left _ 4",-131.503503807215,-73.03515510419,1331.43642460213,-138.151927139346,9.03712420094908,1373.47535779239
"BIGKAT _ C13 _ Left _ 4",-131.47908528621,-73.0422395136992,1331.43179682908,-138.139597803953,9.03098674662852,1373.48305916408
"BIGKAT _ C13 _ Left _ 4",-131.468375298768,-73.0361367110332,1331.4425992874,-138.135709439346,9.03130419973592,1373.49747314314
"BIGKAT _ C13 _ Left _ 4",-131.483471851123,-73.011486780878,1331.47513094325,-138.14633639662,9.04142204181288,1373.51720057963
"BIGKAT _ C13 _ Left _ 4",-131.535297540719,-72.9657046248036,1331.53336291546,-138.176255879961,9.06331740357717,1373.53844659419
"BIGKAT _ C13 _ Left _ 4",-131.630409244882,-72.9007010372028,1331.61754342279,-138.227134712737,9.09645981370585,1373.5550772403
"BIGKAT _ C13 _ Left _ 4",-131.768123683953,-72.823797096837,1331.72368069442,-138.296038535994,9.13701561526319,1373.5593828908
"BIGKAT _ C13 _ Left _ 4",-131.939032287901,-72.7472103252044,1331.84435283359,-138.374901726102,9.17780419385734,1373.54354727648
"BIGKAT _ C13 _ Left _ 4",-132.125820215307,-72.6858016399862,1331.9707842891,-138.451497111297,9.20931199546457,1373.50153662439
"BIGKAT _ C13 _ Left _ 4",-132.306650564479,-72.6533846306615,1332.09535542583,-138.51204814385,9.22178659305458,1373.43081078715
"BIGKAT _ C13 _ Left _ 4",-132.460379580399,-72.6586179921311,1332.21317862374,-138.544967554754,9.20800134580516,1373.33311040205
"BIGKAT _ C13 _ Left _ 4",-132.571995387617,-72.7019293516769,1332.32170207682,-138.544543792526,9.16585212355323,1373.21381767123
"BIGKAT _ C13 _ Left _ 4",-132.636398588865,-72.7747241976444,1332.41848070803,-138.513126957112,9.09975734037564,1373.07998455951
"BIGKAT _ C13 _ Left _ 4",-132.659130606475,-72.8613569970186,1332.49846690675,-138.460745762117,9.0200764959828,1372.93769978177
"BIGKAT _ C13 _ Left _ 4",-132.653729480459,-72.9433630572941,1332.55258698846,-138.402040889956,8.94044345915229,1372.78978684095
"BIGKAT _ C13 _ Left _ 4",-132.636664043435,-73.0046817735864,1332.56880385129,-138.351557062312,8.873768044818,1372.63496865892
"BIGKAT _ C13 _ Left _ 4",-132.6217512083,-73.036268971584,1332.53568133055,-138.319254237467,8.82827301210227,1372.46942270087
"BIGKAT _ C13 _ Left _ 4",-132.61615788586,-73.0386543706447,1332.44721903937,-138.308092456686,8.80498817735763,1372.29063012695
"BIGKAT _ C13 _ Left _ 4",-132.619436674057,-73.0216143302507,1332.30701791288,-138.314638402508,8.79761207194564,1372.10191964168
"BIGKAT _ C13 _ Left _ 4",-132.625822876801,-73.0010423346935,1332.13001653692,-138.332289293918,8.79481723263382,1371.91537275637
"BIGKAT _ C13 _ Left _ 4",-132.628680795361,-72.9939993722693,1331.94090450418,-138.355591361343,8.78421269630806,1371.75147721572
"BIGKAT _ C13 _ Left _ 4",-132.625030609589,-73.0134714050221,1331.76938067007,-138.383739582683,8.75656545382747,1371.63542645554
"BIGKAT _ C13 _ Left _ 4",-132.617983689192,-73.0643748866832,1331.64339048762,-138.421765911507,8.70879394130041,1371.59123835546
"BIGKAT _ C13 _ Left _ 4",-132.61583677349,-73.141904151171,1331.58220938221,-138.478853289561,8.64478182056143,1371.63544783534
"BIGKAT _ C13 _ Left _ 4",-132.628153794651,-73.2326316489166,1331.59150146968,-138.564248400169,8.57394939905244,1371.77206422945
"BIGKAT _ C13 _ Left _ 4",-132.660635125878,-73.3180680850013,1331.66204946969,-138.682158748293,8.50827983665643,1371.99006720218
"BIGKAT _ C13 _ Left _ 4",-132.711218046278,-73.3797712048934,1331.77271736174,-138.827656141066,8.45882632787598,1372.26422812055
"BIGKAT _ C13 _ Left _ 4",-132.769352339567,-73.4046193082008,1331.89668990247,-138.985624881178,8.43266021210365,1372.55944543573
"BIGKAT _ C13 _ Left _ 4",-132.818990427202,-73.388696248634,1332.00879384175,-139.1338391425,8.43096507921871,1372.83786651271
"BIGKAT _ C13 _ Left _ 4",-132.844202816072,-73.3385780619826,1332.09140339978,-139.249517850451,8.44869494888446,1373.06698785211
"BIGKAT _ C13 _ Left _ 4",-132.835209671965,-73.2696420320823,1332.13716773568,-139.31700240021,8.47589786181719,1373.22622376476
"BIGKAT _ C13 _ Left _ 4",-132.792437069771,-73.2019731290001,1332.14809899798,-139.333438674895,8.50038474411507,1373.30964274245
"BIGKAT _ C13 _ Left _ 4",-132.726992813034,-73.1551144378767,1332.13188837577,-139.309973630301,8.51095077091822,1373.32390640277
"BIGKAT _ C13 _ Left _ 4",-132.657359721035,-73.1431397244891,1332.09727413963,-139.267793151472,8.50009528965594,1373.28253371781
"BIGKAT _ C13 _ Left _ 4",-132.60350029169,-73.1713597158324,1332.05046282621,-139.230537164476,8.4653914059526,1373.19940290276
"BIGKAT _ C13 _ Left _ 4",-132.580418094545,-73.2354767238362,1331.9938356017,-139.216171998014,8.40927831080222,1373.08470529392
"BIGKAT _ C13 _ Left _ 4",-132.593376604198,-73.3232717310676,1331.92696650857,-139.231513785105,8.33771507832109,1372.94501707091
"BIGKAT _ C13 _ Left _ 4",-132.636497074381,-73.4181727596652,1331.84912161767,-139.271303269606,8.25844434238789,1372.78671769585
"BIGKAT _ C13 _ Left _ 4",-132.695345856953,-73.5035993451069,1331.76208348902,-139.321785695253,8.17946133611122,1372.62018744681
"BIGKAT _ C13 _ Left _ 4",-132.75255615137,-73.566923834051,1331.67205695529,-139.367035389397,8.10789821090734,1372.46187681699
"BIGKAT _ C13 _ Left _ 4",-132.794187404494,-73.6021267192009,1331.58958438208,-139.395352120425,8.04923711691911,1372.33236526946
"BIGKAT _ C13 _ Left _ 4",-132.814212020916,-73.6105956608786,1331.52712902657,-139.403185802446,8.00670281321406,1372.25048448296
"BIGKAT _ C13 _ Left _ 4",-132.815448345335,-73.5999763257539,1331.49511543293,-139.395163297561,7.98078815985969,1372.22571480669
"BIGKAT _ C13 _ Left _ 4",-132.806899066525,-73.5815042575855,1331.49804963503,-139.380506018343,7.96901808846594,1372.25231781762
"BIGKAT _ C13 _ Left _ 4",-132.798966208551,-73.5666864683113,1331.53234254681,-139.367762079759,7.96619138463646,1372.30839106905
"BIGKAT _ C13 _ Left _ 4",-132.798745451975,-73.564342258493,1331.58674457536,-139.36053230731,7.96536046671933,1372.36129182552
"BIGKAT _ C13 _ Left _ 4",-132.807349846275,-73.5787751263714,1331.64536300685,-139.356223608596,7.9595934669474,1372.37815981398
"BIGKAT _ C13 _ Left _ 4",-132.820203413808,-73.6093763968765,1331.69240456242,-139.348090906376,7.94412873483999,1372.33753484124
"BIGKAT _ C13 _ Left _ 4",-132.829929605997,-73.6514848723823,1331.71714297383,-139.329038422825,7.91813212179803,1372.23687869775
"BIGKAT _ C13 _ Left _ 4",-132.830344617083,-73.69800337727,1331.71729387383,-139.295028930486,7.88522384988245,1372.09244737235
"BIGKAT _ C13 _ Left _ 4",-132.819626879436,-73.7411847938423,1331.69931080446,-139.246737148656,7.85237227762158,1371.93186494496
"BIGKAT _ C13 _ Left _ 4",-132.801213836218,-73.774159151925,1331.67526812146,-139.189356618289,7.82745307180012,1371.78337070219
"BIGKAT _ C13 _ Left _ 4",-132.782135686189,-73.7920530566305,1331.65753833618,-139.131165266155,7.81636426426093,1371.66667307983
"BIGKAT _ C13 _ Left _ 4",-132.769691390061,-73.7927360161981,1331.6535040834,-139.081444217072,7.82077559047558,1371.58863219033
"BIGKAT _ C13 _ Left _ 4",-132.768017423437,-73.7772089465385,1331.66246008117,-139.048193193551,7.83732688542432,1371.54437140231
"BIGKAT _ C13 _ Left _ 4",-132.776028910839,-73.7495253718219,1331.6758395624,-139.036110899338,7.85855030071932,1371.52231805465
"BIGKAT _ C13 _ Left _ 4",-132.787601773265,-73.7160896037393,1331.68058330311,-139.045343356654,7.87521261091459,1371.51048969815
"BIGKAT _ C13 _ Left _ 4",-132.793960360551,-73.6843166036161,1331.66435674227,-139.071361749833,7.87932064280235,1371.50119586539
"BIGKAT _ C13 _ Left _ 4",-132.787309325375,-73.6609115280282,1331.62064190797,-139.106064664841,7.86680042947099,1371.49239853083
"BIGKAT _ C13 _ Left _ 4",-132.764170893313,-73.6502584459867,1331.5516840961,-139.139927538436,7.83893362676544,1371.48595363128
"BIGKAT _ C13 _ Left _ 4",-132.726986937689,-73.6534429751533,1331.46805138762,-139.164744721768,7.80204346652164,1371.4846653504
"BIGKAT _ C13 _ Left _ 4",-132.683323367876,-73.6682346405484,1331.38501483677,-139.176180762763,7.76554233531794,1371.49025978633
"BIGKAT _ C13 _ Left _ 4",-132.643076958556,-73.6899983817492,1331.31736802601,-139.175142081433,7.73901814625996,1371.50305071955
"BIGKAT _ C13 _ Left _ 4",-132.614888639063,-73.7131594289953,1331.27484540209,-139.167274647758,7.7293140193039,1371.52265442295
"BIGKAT _ C13 _ Left _ 4",-132.603183511632,-73.7327022468366,1331.25976069595,-139.160741984125,7.73849393196691,1371.54877691269
"BIGKAT _ C13 _ Left _ 4",-132.606923148596,-73.745301837889,1331.2674080896,-139.163292998882,7.76327164926627,1371.58157316416
"BIGKAT _ C13 _ Left _ 4",-132.620502261705,-73.7499239216578,1331.28878174035,-139.179881310224,7.79601485057315,1371.62150943628
"BIGKAT _ C13 _ Left _ 4",-132.636453448259,-73.7479005036308,1331.31448972867,-139.211681861213,7.82693061616204,1371.66880431948
"BIGKAT _ C13 _ Left _ 4",-132.648921791061,-73.7425464378171,1331.33837876509,-139.256637562317,7.84664728273279,1371.72262087555
"BIGKAT _ C13 _ Left _ 4",-132.656491860086,-73.7384177247935,1331.35949394722,-139.311041120284,7.84829824100592,1371.78032355731
"BIGKAT _ C13 _ Left _ 4",-132.663132077321,-73.7403701192138,1331.38168403302,-139.371324031926,7.82847211258375,1371.83716659158
"BIGKAT _ C13 _ Left _ 4",-132.676767027471,-73.7526071232434,1331.41116917241,-139.435232441105,7.78693737776918,1371.88665451982
"BIGKAT _ C13 _ Left _ 4",-132.705988581109,-73.7778746691672,1331.4532092239,-139.501886039686,7.72560909089601,1371.92161549369
"BIGKAT _ C13 _ Left _ 4",-132.756219240022,-73.816914660053,1331.50930332749,-139.570775983972,7.64748049561542,1371.93588457724
"BIGKAT _ C13 _ Left _ 4",-132.826898455872,-73.8682809542356,1331.57607994094,-139.640360413645,7.55605815789575,1371.92630451997
"BIGKAT _ C13 _ Left _ 4",-132.910876821321,-73.9286122162522,1331.64631765988,-139.707207968525,7.45539373743173,1371.89439668061
"BIGKAT _ C13 _ Left _ 4",-132.996325417281,-73.99336765195,1331.71156101929,-139.766379506383,7.35043583107421,1371.84681663343
"BIGKAT _ C13 _ Left _ 4",-133.070438051105,-74.0578553512349,1331.76494322666,-139.813042955735,7.24731819929299,1371.79399782997
"BIGKAT _ C13 _ Left _ 4",-133.123452085538,-74.1182138637574,1331.8026544853,-139.844583751616,7.15327251601136,1371.74714095649
"BIGKAT _ C13 _ Left _ 4",-133.151384565891,-74.1719771330192,1331.82331319225,-139.862109774013,7.07594445486292,1371.71446680614
"BIGKAT _ C13 _ Left _ 4",-133.156476778449,-74.2180355386379,1331.82593555265,-139.870454340618,7.02199349430862,1371.69804264128
"BIGKAT _ C13 _ Left _ 4",-133.145434753753,-74.2561368103605,1331.80831086529,-139.876483042269,6.9951114497645,1371.69240229578
"BIGKAT _ C13 _ Left _ 4",-133.126565554201,-74.2863279675384,1331.76748833988,-139.886396473267,6.99409417226425,1371.68571090853
"BIGKAT _ C13 _ Left _ 4",-133.107199957634,-74.3087076412359,1331.70263530469,-139.903307791129,7.01210100800525,1371.66354228693
"BIGKAT _ C13 _ Left _ 4",-133.092255271377,-74.3235681701635,1331.61863287431,-139.92624462865,7.0381039714725,1371.6144437975
"BIGKAT _ C13 _ Left _ 4",-133.083982228889,-74.331716030613,1331.52780345135,-139.950909474135,7.06040258662899,1371.5354262487
"BIGKAT _ C13 _ Left _ 4",-133.082453502733,-74.3346715992825,1331.44788441893,-139.971610908982,7.07067791282484,1371.43495901346
"BIGKAT _ C13 _ Left _ 4",-133.086303201905,-74.334561457744,1331.3963687634,-139.983387432948,7.06664395828366,1371.33176281255
"BIGKAT _ C13 _ Left _ 4",-133.093378518719,-74.3337016200591,1331.38341193674,-139.983568111418,7.05224122609705,1371.2495337722
"BIGKAT _ C13 _ Left _ 4",-133.101110602849,-74.3340021089532,1331.4064831616,-139.972426215949,7.03561366383403,1371.2095400505
"BIGKAT _ C13 _ Left _ 4",-133.106553492808,-74.3363612776709,1331.4494006499,-139.952856215678,7.02593063734006,1371.22378823255
"BIGKAT _ C13 _ Left _ 4",-133.106251126174,-74.340214385387,1331.48672130389,-139.929191051798,7.0303003162121,1371.29107642466
"BIGKAT _ C13 _ Left _ 4",-133.096284277115,-74.3433896784079,1331.49233468159,-139.905503348827,7.05177660972775,1371.39718085532
"BIGKAT _ C13 _ Left _ 4",-133.072814802187,-74.3423649364505,1331.44923985649,-139.883921885994,7.08897412836682,1371.51901063407
"BIGKAT _ C13 _ Left _ 4",-133.033147027782,-74.3328981827666,1331.35666949171,-139.863476058153,7.13724160314733,1371.63114616697
"BIGKAT _ C13 _ Left _ 4",-132.976968954698,-74.3109091795892,1331.23155151353,-139.839761446818,7.19088419667285,1371.71237224659
"BIGKAT _ C13 _ Left _ 4",-132.907241249374,-74.2734633970739,1331.10351235993,-139.80548380811,7.24568237630853,1371.75013312937
"BIGKAT _ C13 _ Left _ 4",-132.830250185268,-74.2196983906221,1331.00515350236,-139.751816570153,7.30092172249176,1371.7420189814
"BIGKAT _ C13 _ Left _ 4",-132.754595375618,-74.1514952581346,1330.96101778685,-139.670447613871,7.36026623343903,1371.69461956711
"BIGKAT _ C13 _ Left _ 4",-132.689266054692,-74.0737214821789,1330.97897930037,-139.556090709346,7.43105914835274,1371.62074333829
"BIGKAT _ C13 _ Left _ 4",-132.641365878613,-73.9940233384796,1331.04690766047,-139.409076019675,7.52200468029382,1371.53603495593
"BIGKAT _ C13 _ Left _ 4",-132.614301024629,-73.9222892403,1331.13577841245,-139.237441982392,7.6395926274116,1371.45566105391
"BIGKAT _ C13 _ Left _ 4",-132.607158060578,-73.8697969652587,1331.20837505228,-139.057770669419,7.78399084738526,1371.39125530794
"BIGKAT _ C13 _ Left _ 4",-132.615545590536,-73.8476909368837,1331.23099538543,-138.894004570327,7.94542321142035,1371.34808145011
"BIGKAT _ C13 _ Left _ 4",-132.633557455818,-73.8642525611527,1331.18468676599,-138.773883801184,8.10225105489249,1371.32270734298
"BIGKAT _ C13 _ Left _ 4",-132.655993040527,-73.9210055331347,1331.07252727491,-138.723363253271,8.22201078034568,1371.30220255911
"BIGKAT _ C13 _ Left _ 4",-132.679777963859,-74.0089878863692,1330.92022885518,-138.759914460271,8.2664387515388,1371.2662193199
"BIGKAT _ C13 _ Left _ 4",-132.703868900042,-74.1075136582862,1330.76906488099,-138.885660303849,8.20094878521661,1371.19271654989
"BIGKAT _ C13 _ Left _ 4",-132.727719117965,-74.1873440038888,1330.66267851777,-139.081134665024,8.00803220067009,1371.06676255517
"BIGKAT _ C13 _ Left _ 4",-132.749095478896,-74.2184156306886,1330.63151379137,-139.300632669533,7.70262831123462,1370.89045251278
"BIGKAT _ C13 _ Left _ 4",-132.762166800517,-74.1802329198585,1330.67915106183,-139.470699775799,7.34588424238578,1370.69096135622
"BIGKAT _ C13 _ Left _ 4",-132.756458076026,-74.0717487583402,1330.77389334515,-139.493886589969,7.05237173187948,1370.52344373057
"BIGKAT _ C13 _ Left _ 4",-132.717027120816,-73.9173039505648,1330.84784841168,-139.259909250911,6.98540810889989,1370.466218046
"BIGKAT _ C13 _ Left _ 4",-132.626235994311,-73.7657510586534,1330.80519314051,-138.665222693492,7.33623887127638,1370.60732636843
"BIGKAT _ C13 _ Left _ 4",-132.4673432904,-73.6810689252529,1330.5406115878,-137.639391258479,8.28577896344273,1371.02349873304
"BIGKAT _ C13 _ Left _ 4",-132.229447364383,-73.7245611522567,1329.9669546881,-136.173043335327,9.95218642425683,1371.75434495652
"BIGKAT _ C13 _ Left _ 4",-131.912252519497,-73.9310695924288,1329.04784283373,-134.339175038085,12.3329439756675,1372.77638275456
"BIGKAT _ C13 _ Left _ 4",-131.528360172135,-74.2841590390936,1327.82743448432,-132.298936663025,15.2549259751224,1373.98326237883
"BIGKAT _ C13 _ Left _ 4",-131.100968271011,-74.6972049044126,1326.44768357874,-130.285770610366,18.3484386635438,1375.17953180081
"BIGKAT _ C13 _ Left _ 4",-130.656295455072,-75.0078293434199,1325.14446589874,-128.567330058246,21.0601266408949,1376.09438480586
"BIGKAT _ C13 _ Left _ 4",-130.212347023595,-74.9914387435116,1324.21824469374,-127.391180981058,22.7143519771924,1376.41826053865
"BIGKAT _ C13 _ Left _ 4",-129.76769423926,-74.395534033255,1323.98132822858,-126.925919923132,22.6230948179735,1375.85912477417
"BIGKAT _ C13 _ Left _ 4",-129.294585640704,-72.9906863930696,1324.6903143776,-127.212796399871,20.2310783011561,1374.20827035465
"BIGKAT _ C13 _ Left _ 4",-128.739632385665,-70.6281296115628,1326.47755030486,-128.143279476778,15.2678427542554,1371.40004311819
"BIGKAT _ C13 _ Left _ 4",-128.033065818961,-67.2898125960411,1329.29843299866,-129.473733833258,7.86693413020307,1367.54867437984
"BIGKAT _ C13 _ Left _ 4",-127.104924824332,-63.1164944617406,1332.91062055544,-130.878109503736,-1.38850002083175,1362.94996692531
"BIGKAT _ C13 _ Left _ 4",-125.904202914426,-58.4043559885078,1336.89483839323,-132.025087270861,-11.5188531864629,1358.04540108126
"BIGKAT _ C13 _ Left _ 4",-124.415787442762,-53.5698145164473,1340.71534917071,-132.654401255677,-21.2948120854067,1353.35797717197
"BIGKAT _ C13 _ Left _ 4",-122.670626027843,-49.0917860655033,1343.8060088745,-132.62645848034,-29.4404541168222,1349.41713518949
"BIGKAT _ C13 _ Left _ 4",-120.74675309496,-45.4451771458192,1345.66189212691,-131.931786692844,-34.83991793342,1346.68947610876
"BIGKAT _ C13 _ Left _ 4",-118.761412262859,-43.0366612513788,1345.91974677604,-130.6647573064,-36.7051875748358,1345.52325287443
"BIGKAT _ C13 _ Left _ 4",-116.856328696023,-42.1474564582783,1344.41887622922,-128.97907380952,-34.6882775530149,1346.10466710796
"BIGKAT _ C13 _ Left _ 4",-115.178954325129,-42.8844448473508,1341.2397044019,-127.04556486875,-28.9409399162007,1348.42095990543
"BIGKAT _ C13 _ Left _ 4",-113.862661427485,-45.143862263799,1336.71631571449,-125.027131743126,-20.1263177229461,1352.23155390922
"BIGKAT _ C13 _ Left _ 4",-113.008690030197,-48.5979893366971,1331.41498950197,-123.075039799405,-9.37535205528385,1357.05922919238
"BIGKAT _ C13 _ Left _ 4",-112.67204081872,-52.7181755078621,1326.07030124485,-121.339007037688,1.8274760173103,1362.21988777393
"BIGKAT _ C13 _ Left _ 4",-112.852493087917,-56.8422062017007,1321.4782078209,-119.975258506987,11.8366078605981,1366.90481922331
"BIGKAT _ C13 _ Left _ 4",-113.491230110889,-60.2812187326325,1318.3594764396,-119.136930295416,19.1000531010674,1370.31261834703
"BIGKAT _ C13 _ Left _ 4",-114.4738664378,-62.4469071939482,1317.21984949013,-118.941976393278,22.43319332263,1371.80592090006
"BIGKAT _ C13 _ Left _ 4",-115.641410983041,-62.9701748483889,1318.23916585211,-119.430102211281,21.2522596961671,1371.05221781932
"BIGKAT _ C13 _ Left _ 4",-116.810204664918,-61.7813388451833,1321.21818490278,-120.53166005087,15.7091062973018,1368.10704526768
"BIGKAT _ C13 _ Left _ 4",-117.799281084851,-59.1298779591172,1325.60038170181,-122.069107294508,6.68719973053705,1363.41316343799
"BIGKAT _ C13 _ Left _ 4",-118.46007437135,-55.5367483892783,1330.5689358443,-123.795663724175,-4.34952432460514,1357.71482132417
"BIGKAT _ C13 _ Left _ 4",-118.701253941976,-51.6905438407391,1335.19973963549,-125.4561240645,-15.6246570070414,1351.91175149904
"BIGKAT _ C13 _ Left _ 4",-118.502368151905,-48.3139342945762,1338.63521098725,-126.844343839255,-25.3707445668648,1346.89285488891
"BIGKAT _ C13 _ Left _ 4",-117.913683389898,-46.0322529896298,1340.23868596306,-127.836659217473,-32.1291688131798,1343.3884514723
"BIGKAT _ C13 _ Left _ 4",-117.043958793097,-45.2696518053504,1339.698791769,-128.395096139157,-34.9708006186689,1341.86488796497
"BIGKAT _ C13 _ Left _ 4",-116.040452510984,-46.1851805689107,1337.07147355102,-128.548165862263,-33.6139295084558,1342.46686010755
"BIGKAT _ C13 _ Left _ 4",-115.065455174716,-48.6504220105897,1332.76273080714,-128.363589284569,-28.4439548447493,1345.00231862528
"BIGKAT _ C13 _ Left _ 4",-114.27224838846,-52.2669392417048,1327.46100488635,-127.925917792593,-20.4474038337204,1348.96580713659
"BIGKAT _ C13 _ Left _ 4",-113.782242383106,-56.4232625061341,1322.02767645296,-127.325366988679,-11.0668051951022,1353.60280373238
"BIGKAT _ C13 _ Left _ 4",-113.665067133866,-60.390764496232,1317.35522356573,-126.655697408984,-1.97975542565841,1358.0202623356
"BIGKAT _ C13 _ Left _ 4",-113.924430406112,-63.4508634030727,1314.20980557533,-126.012823486714,5.18238552849629,1361.34001512925
"BIGKAT _ C13 _ Left _ 4",-114.493617596154,-65.0339146615923,1313.08538727124,-125.486006088314,9.13563311437957,1362.87297186755
"BIGKAT _ C13 _ Left _ 4",-115.24423383682,-64.8395323314658,1314.10225440791,-125.140487932287,9.20094282818644,1362.27305006573
"BIGKAT _ C13 _ Left _ 4",-116.009251746922,-62.9062325765094,1316.97785846861,-124.999048800077,5.45080212213004,1359.62406777649
"BIGKAT _ C13 _ Left _ 4",-116.616985224439,-59.6086993441756,1321.08192814896,-125.032816059427,-1.30045835518544,1355.42828263043
"BIGKAT _ C13 _ Left _ 4",-116.928152118803,-55.581214472092,1325.56533356349,-125.166419372398,-9.66545272941191,1350.49704921175
"BIGKAT _ C13 _ Left _ 4",-116.866215419198,-51.5878395811303,1329.53124021464,-125.294480621314,-17.968081795087,1345.77638419368
"BIGKAT _ C13 _ Left _ 4",-116.433072392077,-48.3734869051571,1332.20673756962,-125.302579148959,-24.5706549210163,1342.1565315526
"BIGKAT _ C13 _ Left _ 4",-115.70697442048,-46.5291857649129,1333.07840372201,-125.087865685562,-28.1717197510606,1340.30914756565
"BIGKAT _ C13 _ Left _ 4",-114.824757786733,-46.3932298412878,1331.97173186262,-124.578379937724,-28.0265538125914,1340.57688061271
"BIGKAT _ C13 _ Left _ 4",-113.953843151748,-47.9973736740695,1329.07070614863,-123.751644642399,-24.0689370941778,1342.92242946621
"BIGKAT _ C13 _ Left _ 4",-113.260455577018,-51.0609287065593,1324.8820029711,-122.651289169183,-16.9266757155794,1346.93632410601
"BIGKAT _ C13 _ Left _ 4",-112.879811179994,-55.0344453046878,1320.14963885593,-121.396714777537,-7.82641475431011,1351.90255698636
"BIGKAT _ C13 _ Left _ 4",-112.892540908594,-59.1923044818978,1315.72757933945,-120.1775659278,1.61072177368447,1356.92004454851
"BIGKAT _ C13 _ Left _ 4",-113.310163895847,-62.7651617625407,1312.42501309497,-119.225217890126,9.66195334346368,1361.06832650893
"BIGKAT _ C13 _ Left _ 4",-114.071550986479,-65.0903017525835,1310.84994483278,-118.760453183504,14.8349976898311,1363.58863858731
"BIGKAT _ C13 _ Left _ 4",-115.05188008751,-65.7475264129892,1311.28440065014,-118.929022574792,16.1684601510778,1364.03681670869
"BIGKAT _ C13 _ Left _ 4",-116.084411882658,-64.6471147339463,1313.62236654984,-119.747953062708,13.4284790035139,1362.36531148766
"BIGKAT _ C13 _ Left _ 4",-116.992444095041,-62.0468377440827,1317.38823408873,-121.086175792072,7.15315636920975,1358.91221059925
"BIGKAT _ C13 _ Left _ 4",-117.62479573868,-58.4938287738129,1321.83299060414,-122.69009196433,-1.46375220996684,1354.30659222333
"BIGKAT _ C13 _ Left _ 4",-117.885687763785,-54.70740741609,1326.08493232073,-124.245077882611,-10.8163670403626,1349.32582735049
"BIGKAT _ C13 _ Left _ 4",-117.751067638898,-51.4326196916378,1329.31936977995,-125.449998927761,-19.1958611680628,1344.74920019883
"BIGKAT _ C13 _ Left _ 4",-117.267957325595,-49.2963834369816,1330.91226050151,-126.081089873645,-25.0997846492622,1341.24136499983
"BIGKAT _ C13 _ Left _ 4",-116.538786635441,-48.6909925025108,1330.5528609584,-126.031339606074,-27.4917160286876,1339.27754076938
"BIGKAT _ C13 _ Left _ 4",-115.6963317183,-49.7007416527276,1328.30165585171,-125.323060009898,-25.9804594034264,1339.10357833747
"BIGKAT _ C13 _ Left _ 4",-114.875862686113,-52.0819379894666,1324.5860566395,-124.097922355683,-20.8978142036685,1340.71739087933
"BIGKAT _ C13 _ Left _ 4",-114.190068871692,-55.3033267187645,1320.12976905625,-122.58935367255,-13.2567601424877,1343.86398702575
"BIGKAT _ C13 _ Left _ 4",-113.710494954963,-58.6474966200812,1315.81908945397,-121.079996171916,-4.58040471786962,1348.04820604579
"BIGKAT _ C13 _ Left _ 4",-113.457576425519,-61.3606500218711,1312.52418036391,-119.846717577294,3.3845118963564,1352.57935655034
"BIGKAT _ C13 _ Left _ 4",-113.400358807884,-62.8212762110505,1310.91098808373,-119.100563168675,9.02167250721634,1356.66326360106
"BIGKAT _ C13 _ Left _ 4",-113.466353117137,-62.6862439292315,1311.29004438654,-118.936910102348,11.1897718390281,1359.54428833813
"BIGKAT _ C13 _ Left _ 4",-113.560811252178,-60.9736868602787,1313.54415246123,-119.314328672241,9.47216947657456,1360.67334040058
"BIGKAT _ C13 _ Left _ 4",-113.592275055935,-58.0580153232318,1317.15703175697,-120.072733204252,4.26543703203639,1359.85123531077
"BIGKAT _ C13 _ Left _ 4",-113.498255784646,-54.5783763179572,1321.33573205534,-120.984773398085,-3.31662156939954,1357.29205735711
"BIGKAT _ C13 _ Left _ 4",-113.263499849957,-51.2876514201564,1325.19223906673,-121.820144333765,-11.6955335586449,1353.57900617633
"BIGKAT _ C13 _ Left _ 4",-112.925145426795,-48.8839345224573,1327.93547896447,-122.400178388845,-19.1697409574741,1349.52931040647
"BIGKAT _ C13 _ Left _ 4",-112.563408847707,-47.8654147766816,1329.028523253,-122.629232813237,-24.2642384354368,1346.01518280881
"BIGKAT _ C13 _ Left _ 4",-112.280854159505,-48.4367783847999,1328.28184225913,-122.501753163506,-26.0184662057058,1343.78949976876
"BIGKAT _ C13 _ Left _ 4",-112.176069424438,-50.4797312294248,1325.87165276209,-122.091926174058,-24.1641248010884,1343.3478800901
"BIGKAT _ C13 _ Left _ 4",-112.318454512324,-53.5880432787797,1322.28652647357,-121.534120375193,-19.1647538150305,1344.84151909923
"BIGKAT _ C13 _ Left _ 4",-112.730153940511,-57.1581502439445,1318.21630077456,-120.998632509361,-12.1083599801298,1348.04685403741
"BIGKAT _ C13 _ Left _ 4",-113.379236756773,-60.5171162313675,1314.40734467835,-120.662774503834,-4.46952773245525,1352.39709612273
"BIGKAT _ C13 _ Left _ 4",-114.185429721724,-63.0613387722182,1311.51547972549,-120.676552760376,2.21201162843907,1357.07944565144
"BIGKAT _ C13 _ Left _ 4",-115.036644447028,-64.3759167424707,1309.98757228675,-121.126427617232,6.66436488336956,1361.19227352456
"BIGKAT _ C13 _ Left _ 4",-115.811863735369,-64.3090933721128,1309.99348831393,-122.00620312689,8.14948460611926,1363.93627603545
"BIGKAT _ C13 _ Left _ 4",-116.40439272066,-62.987545778849,1311.41585567996,-123.205561976153,6.60033132861543,1364.79219557953
"BIGKAT _ C13 _ Left _ 4",-116.739748218359,-60.7730154061524,1313.89181803015,-124.522090968355,2.60238384332185,1363.63284525569
"BIGKAT _ C13 _ Left _ 4",-116.784719487993,-58.1749879420899,1316.89214401835,-125.694819293006,-2.76484154128944,1360.73848269202
"BIGKAT _ C13 _ Left _ 4",-116.547474914948,-55.7433537419695,1319.81958188782,-126.451511832792,-8.17615124795403,1356.72103915771
"BIGKAT _ C13 _ Left _ 4",-116.071351858756,-53.9654131765675,1322.10987003256,-126.560937061133,-12.3361272946574,1352.39063409785
"BIGKAT _ C13 _ Left _ 4",-115.425863676745,-53.1841301739199,1323.32322142229,-125.883060508913,-14.2287229550826,1348.60282393723
"BIGKAT _ C13 _ Left _ 4",-114.697425053831,-53.5452628571657,1323.21760584878,-124.410697350772,-13.3066520846106,1346.11304600985
"BIGKAT _ C13 _ Left _ 4",-113.980337911293,-54.9757696620559,1321.79516019414,-122.294150123391,-9.59900884755821,1345.45140264334
"BIGKAT _ C13 _ Left _ 4",-113.367013898862,-57.1954559676392,1319.31096070676,-119.837949348485,-3.71976432047073,1346.82640765138
"BIGKAT _ C13 _ Left _ 4",-112.936243170949,-59.7642171930729,1316.23418948639,-117.4600769427,3.23572548747486,1350.07052395267
"BIGKAT _ C13 _ Left _ 4",-112.739856226987,-62.1635384983813,1313.16029491031,-115.612379625356,9.90306142585172,1354.64619862879
"BIGKAT _ C13 _ Left _ 4",-112.790663692864,-63.9015499441779,1310.6885444902,-114.675926257903,14.9370312186463,1359.72888676253
"BIGKAT _ C13 _ Left _ 4",-113.05646350341,-64.6198661099166,1309.29437861287,-114.860518717391,17.3114015306293,1364.3665741217
"BIGKAT _ C13 _ Left _ 4",-113.464442367366,-64.1747299314715,1309.23029861838,-116.143348554921,16.5521736461711,1367.68686667971
"BIGKAT _ C13 _ Left _ 4",-113.91694713826,-62.6693894140994,1310.47958560938,-118.271146350199,12.8407363691096,1369.09714614696
"BIGKAT _ C13 _ Left _ 4",-114.31484039664,-60.4283727384509,1312.76978412409,-120.826198963738,6.96142141041988,1368.41733996161
"BIGKAT _ C13 _ Left _ 4",-114.581225538111,-57.9217481264609,1315.63663735313,-123.331923216822,0.113885158394852,1365.90563100152
"BIGKAT _ C13 _ Left _ 4",-114.678209224549,-55.6608727833098,1318.51998384771,-125.361983323266,-6.35429280438817,1362.17556269422
"BIGKAT _ C13 _ Left _ 4",-114.61230951538,-54.0911062785941,1320.8717269559,-126.622696115385,-11.2284135475944,1358.03738540018
"BIGKAT _ C13 _ Left _ 4",-114.428171126961,-53.50220830104,1322.25905236239,-126.994510938309,-13.6660297097959,1354.31067540557
"BIGKAT _ C13 _ Left _ 4",-114.193506688032,-53.9695564371968,1322.44912698669,-126.533551218583,-13.3596765164311,1351.6499929092
"BIGKAT _ C13 _ Left _ 4",-113.97986326188,-55.3341746117706,1321.46213066251,-125.442216014484,-10.6016759076278,1350.41299976714
"BIGKAT _ C13 _ Left _ 4",-113.84411729206,-57.2271763656701,1319.57904658328,-124.019040564621,-6.23626823427227,1350.59079339315
"BIGKAT _ C13 _ Left _ 4",-113.815018096376,-59.1407380293743,1317.29366747177,-122.596402551463,-1.49287005209603,1351.81435744885
"BIGKAT _ C13 _ Left _ 4",-113.887888145109,-60.5389912100429,1315.20904662104,-121.474340035194,2.28450505351772,1353.44402779671
"BIGKAT _ C13 _ Left _ 4",-114.028686578707,-60.9883000325826,1313.89638165594,-120.861135287854,3.96223146734459,1354.73405687817
"BIGKAT _ C13 _ Left _ 4",-114.186056573577,-60.2736345121897,1313.75119328563,-120.833512807959,2.91487186227796,1355.03927970219
"BIGKAT _ C13 _ Left _ 4",-114.307347239026,-58.4654090913147,1314.88751931976,-121.326345664748,-0.793153864341194,1354.00483628152
"BIGKAT _ C13 _ Left _ 4",-114.353229771875,-55.9138275719371,1317.10127502998,-122.152819541896,-6.40213527194572,1351.67344596749
"BIGKAT _ C13 _ Left _ 4",-114.306489539017,-53.1709263214138,1319.91310768262,-123.047010163977,-12.6330129563202,1348.4722488809
"BIGKAT _ C13 _ Left _ 4",-114.173573590259,-50.8632142965389,1322.67813233338,-123.718264036561,-17.9936388127083,1345.0911777301
"BIGKAT _ C13 _ Left _ 4",-113.980683247058,-49.549998146378,1324.73351537423,-123.909930066373,-21.1307672107512,1342.30512081354
"BIGKAT _ C13 _ Left _ 4",-113.767599202152,-49.6011086800247,1325.54891064159,-123.4573913646,-21.1415855302044,1340.79928449938
"BIGKAT _ C13 _ Left _ 4",-113.581481142761,-51.1176375354304,1324.8473894918,-122.337762547459,-17.7801401770229,1341.03561353012
"BIGKAT _ C13 _ Left _ 4",-113.470865364901,-53.9079426857316,1322.6714706911,-120.698170509229,-11.5220588997395,1343.17066905209
"BIGKAT _ C13 _ Left _ 4",-113.478777935494,-57.5221851751049,1319.37849620718,-118.847014361473,-3.47628802140516,1347.0209613371
"BIGKAT _ C13 _ Left _ 4",-113.634233912042,-61.3402621061671,1315.56361615746,-117.19813192482,4.84211699167741,1352.07392721387
"BIGKAT _ C13 _ Left _ 4",-113.943127807135,-64.6976825431373,1311.92707208262,-116.172751348657,11.8345722510068,1357.55167911025
"BIGKAT _ C13 _ Left _ 4",-114.381466378692,-67.0232843292471,1309.1193228776,-116.083656721909,16.1654938483321,1362.53525602195
"BIGKAT _ C13 _ Left _ 4",-114.894630352061,-67.9569731434414,1307.60408531521,-117.039631508177,17.049241211414,1366.14051849947
"BIGKAT _ C13 _ Left _ 4",-115.405008700761,-67.4191237037107,1307.57184519309,-118.90592315053,14.4070362322427,1367.7097062206
"BIGKAT _ C13 _ Left _ 4",-115.827249132919,-65.6158380980596,1308.91906283561,-121.336575727649,8.85873171994405,1366.96371851816
"BIGKAT _ C13 _ Left _ 4",-116.087037896439,-62.9819466237756,1311.28910046678,-123.866310030808,1.5598380512923,1364.06541531205
"BIGKAT _ C13 _ Left _ 4",-116.137671105497,-60.0803454766519,1314.15667544883,-126.028137969292,-6.0649160853036,1359.57471051957
"BIGKAT _ C13 _ Left _ 4",-115.969673760502,-57.4855536974473,1316.93222939865,-127.458763233851,-12.6184404281101,1354.31583915137
"BIGKAT _ C13 _ Left _ 4",-115.611578203007,-55.677832063016,1319.06579839031,-127.966044942162,-16.9907477344824,1349.2027499098
"BIGKAT _ C13 _ Left _ 4",-115.122839132941,-54.964631513383,1320.13727195952,-127.550888362214,-18.5389574427489,1345.06838081007
"BIGKAT _ C13 _ Left _ 4",-114.581402289322,-55.4358128431908,1319.92541138709,-126.389433913027,-17.1738275193172,1342.52625634334
"BIGKAT _ C13 _ Left _ 4",-114.068634976447,-56.9537089420278,1318.44871508246,-124.786672379591,-13.354337752924,1341.87579522865
"BIGKAT _ C13 _ Left _ 4",-113.653944049363,-59.1787190050324,1315.96906617435,-123.112034871203,-7.99446108864215,1343.05583576376
"BIGKAT _ C13 _ Left _ 4",-113.38119407182,-61.6311745516528,1312.94935116958,-121.725701254051,-2.28729630953794,1345.65261137838
"BIGKAT _ C13 _ Left _ 4",-113.259252329437,-63.7855777779445,1309.96397438425,-120.905028073579,2.53659051215857,1348.97061154949
"BIGKAT _ C13 _ Left _ 4",-113.25921571706,-65.1827159590651,1307.57644634751,-120.784102814487,5.47572707384264,1352.16826888511
"BIGKAT _ C13 _ Left _ 4",-113.320192225436,-65.5336261510794,1306.21354943397,-121.322134832174,5.98537443368912,1354.44101303056
"BIGKAT _ C13 _ Left _ 4",-113.363319798217,-64.785612465839,1306.07072900089,-122.312516033649,4.10037907256445,1355.20917729561
"BIGKAT _ C13 _ Left _ 4",-113.31074519745,-63.1298594007072,1307.07409686243,-123.43252542985,0.41506678750378,1354.25552316837
"BIGKAT _ C13 _ Left _ 4",-113.104390043303,-60.9493591190739,1308.90611737814,-124.319936006738,-4.07183568823724,1351.77097677592
"BIGKAT _ C13 _ Left _ 4",-112.719746664676,-58.7247147904286,1311.08444439654,-124.655751036304,-8.19856101995748,1348.30142601085
"BIGKAT _ C13 _ Left _ 4",-112.172107601299,-56.9246496109963,1313.07300001337,-124.234642070326,-10.902909489614,1344.62024795284
"BIGKAT _ C13 _ Left _ 4",-111.514903203084,-55.9062530665111,1314.40141352432,-123.011748545484,-11.44970542301,1341.56364483952
"BIGKAT _ C13 _ Left _ 4",-110.83113089161,-55.8427328908834,1314.76987319324,-121.120319349075,-9.58572079083352,1339.86147884314
"BIGKAT _ C13 _ Left _ 4",-110.219324404359,-56.6897872732229,1314.11851610534,-118.857209139003,-5.59993860927247,1339.98828561337
"BIGKAT _ C13 _ Left _ 4",-109.775848691682,-58.1971785056723,1312.64400390438,-116.6347031385,-0.276197871687873,1342.05612309012
"BIGKAT _ C13 _ Left _ 4",-109.576074980044,-59.9668975019093,1310.75384875509,-114.901316933512,5.26366948644762,1345.77204298177
"BIGKAT _ C13 _ Left _ 4",-109.658170683309,-61.5500413956767,1308.96393285121,-114.043348737178,9.80642245774392,1350.4809521244
"BIGKAT _ C13 _ Left _ 4",-110.014071117578,-62.5615329453155,1307.76394272121,-114.290666413768,12.3330012989532,1355.3005952452
"BIGKAT _ C13 _ Left _ 4",-110.591466335589,-62.7812146612863,1307.48974538456,-115.656657084984,12.2676564790277,1359.32648477703
"BIGKAT _ C13 _ Left _ 4",-111.307612139757,-62.2098447844939,1308.24117623605,-117.935237185225,9.61596735825425,1361.85175701103
"BIGKAT _ C13 _ Left _ 4",-112.071303448912,-61.0621693192455,1309.86708416924,-120.757271205231,4.94978931302032,1362.53196388258
"BIGKAT _ C13 _ Left _ 4",-112.805797149883,-59.700920835898,1312.015801697,-123.685512613216,-0.751966126088875,1361.44267719725
"BIGKAT _ C13 _ Left _ 4",-113.465054190867,-58.5345210396694,1314.23033851983,-126.314965573693,-6.35345526441977,1359.02027010309
"BIGKAT _ C13 _ Left _ 4",-114.038588271111,-57.9090373609058,1316.06014243791,-128.349725256432,-10.8309793656908,1355.91749396325
"BIGKAT _ C13 _ Left _ 4",-114.544640699067,-58.021038155174,1317.16396525698,-129.641947129398,-13.4975789683316,1352.82496849141
"BIGKAT _ C13 _ Left _ 4",-115.015207092709,-58.8684513256642,1317.38531031124,-130.193388151723,-14.141592704587,1350.30658117166
"BIGKAT _ C13 _ Left _ 4",-115.478513000655,-60.2474957065972,1316.78813519625,-130.128572405879,-13.0581885507363,1348.68278464456
"BIGKAT _ C13 _ Left _ 4",-115.944771694099,-61.7968109919166,1315.64514540174,-129.650708871025,-10.9680566125409,1347.9810819184
"BIGKAT _ C13 _ Left _ 4",-116.399727538136,-63.082804124743,1314.3768404511,-128.99018822595,-8.83301905975695,1347.96061074823
"BIGKAT _ C13 _ Left _ 4",-116.807868113961,-63.7106132862569,1313.44933207963,-128.354198229479,-7.60093147732543,1348.20544300793
"BIGKAT _ C13 _ Left _ 4",-117.123761707694,-63.4344138433383,1313.25201530101,-127.885790280524,-7.93934858682749,1348.26554204603
"BIGKAT _ C13 _ Left _ 4",-117.306949852401,-62.2354158218631,1313.98665416365,-127.639796267515,-10.0337193685062,1347.80669003813
"BIGKAT _ C13 _ Left _ 4",-117.334896804119,-60.342491589244,1315.60032267221,-127.579567228539,-13.5143111431216,1346.72190277035
"BIGKAT _ C13 _ Left _ 4",-117.210343141102,-58.1883726700405,1317.78352085576,-127.594001312822,-17.5360401834025,1345.16912822522
"BIGKAT _ C13 _ Left _ 4",-116.962598959876,-56.3144862805301,1320.03617883244,-127.53144149261,-20.9870478426879,1343.53000520918
"BIGKAT _ C13 _ Left _ 4",-116.644511750864,-55.2496160115058,1321.78608984385,-127.245520181502,-22.768926047008,1342.31177780811
"BIGKAT _ C13 _ Left _ 4",-116.326982980723,-55.3892839202413,1322.53201731062,-126.645502840473,-22.0817752150372,1342.02323758444
"BIGKAT _ C13 _ Left _ 4",-116.091723342138,-56.8991276460766,1321.97792304511,-125.739759910248,-18.6521632758455,1343.04959127631
"BIGKAT _ C13 _ Left _ 4",-116.02181964441,-59.6616346846542,1320.12440655717,-124.658225006897,-12.8517723196667,1345.54423115625
"BIGKAT _ C13 _ Left _ 4",-116.189544241966,-63.2811849054077,1317.28966812186,-123.641182096565,-5.6693718702679,1349.35520228874
"BIGKAT _ C13 _ Left _ 4",-116.641854849409,-67.1535547242292,1314.0477500886,-122.989400751473,1.47421420795065,1354.00813320355
"BIGKAT _ C13 _ Left _ 4",-117.385903835149,-70.5908839188956,1311.09551181483,-122.984157323341,7.03773799506372,1358.76668363061
"BIGKAT _ C13 _ Left _ 4",-118.378876322525,-72.975551659927,1309.08354615508,-123.800681056072,9.72499072782778,1362.7769897523
"BIGKAT _ C13 _ Left _ 4",-119.527324003809,-73.9045257991016,1308.45844789281,-125.446718627157,8.80733793351028,1365.27277316092
"BIGKAT _ C13 _ Left _ 4",-120.699474029622,-73.2857666715223,1309.35850293355,-127.751613313832,4.31399679202297,1365.78464238165
"BIGKAT _ C13 _ Left _ 4",-121.74964876719,-71.3607610052118,1311.58600634022,-130.410756577115,-2.9623211028715,1364.2810603699
"BIGKAT _ C13 _ Left _ 4",-122.548860040542,-68.6479161748999,1314.6566639058,-133.066217662758,-11.6435389868432,1361.18514552594
"BIGKAT _ C13 _ Left _ 4",-123.012666694197,-65.8232261955093,1317.90819477316,-135.391437555505,-20.0760362052079,1357.25844788189
"BIGKAT _ C13 _ Left _ 4",-123.118159366947,-63.5694871061014,1320.64046749721,-137.152700922848,-26.689270387968,1353.39553776143
"BIGKAT _ C13 _ Left _ 4",-122.905852078134,-62.4287061228503,1322.25842757918,-138.236079703089,-30.3197057391139,1350.4006820987
"BIGKAT _ C13 _ Left _ 4",-122.467062969625,-62.6861828820233,1322.39338246502,-138.643506581847,-30.4392123504315,1348.80899976673
"BIGKAT _ C13 _ Left _ 4",-121.920884869671,-64.3056511893213,1320.98316910627,-138.468595215437,-27.2546712309038,1348.78514462191
"BIGKAT _ C13 _ Left _ 4",-121.38636064692,-66.9275308101744,1318.29532237681,-137.862456894396,-21.6652167861106,1350.10575187291
"BIGKAT _ C13 _ Left _ 4",-120.955639398102,-69.9355380891915,1314.8825029981,-136.99631325848,-15.0781741321306,1352.21826565563
"BIGKAT _ C13 _ Left _ 4",-120.673609535891,-72.586087900321,1311.47103420094,-136.025297946572,-9.10580647126714,1354.36506175729
"BIGKAT _ C13 _ Left _ 4",-120.528944599041,-74.1783854413928,1308.80190429085,-135.058510899515,-5.19704876416645,1355.75802388715
"BIGKAT _ C13 _ Left _ 4",-120.459873980902,-74.226135894759,1307.4614465105,-134.142421893398,-4.28963543499931,1355.77617284796
"BIGKAT _ C13 _ Left _ 4",-120.374447894723,-72.5843027339225,1307.74535859983,-133.263402293953,-6.57708887557891,1354.13935349146
"BIGKAT _ C13 _ Left _ 4",-120.180106764824,-69.4933710386674,1309.59037780473,-132.368063990013,-11.4591334879821,1351.00078788391
"BIGKAT _ C13 _ Left _ 4",-119.813378611698,-65.5274777878445,1312.5882299895,-131.391729786799,-17.6904914139654,1346.91917627409
"BIGKAT _ C13 _ Left _ 4",-119.26021548661,-61.4616774470797,1316.0759225724,-130.283431448312,-23.6845186272742,1342.71582524736
"BIGKAT _ C13 _ Left _ 4",-118.561291090201,-58.0951813394796,1319.28119953705,-129.021901173108,-27.8889938308021,1339.26747875871
"BIGKAT _ C13 _ Left _ 4",-117.8021270993,-56.0743591052209,1321.4928532582,-127.624419253225,-29.1432550750025,1337.3019696542
"BIGKAT _ C13 _ Left _ 4",-117.092257019876,-55.7534415841918,1322.22097858225,-126.152290849399,-26.9424393730738,1337.24683820084
"BIGKAT _ C13 _ Left _ 4",-116.539600070421,-57.1195595239645,1321.31164331489,-124.713031300724,-21.5600131725031,1339.15081861709
"BIGKAT _ C13 _ Left _ 4",-116.226284555289,-59.7969380011465,1318.98598209464,-123.454630645964,-14.0044266282305,1342.67660878182
"BIGKAT _ C13 _ Left _ 4",-116.191073030896,-63.1318725273104,1315.78863698322,-122.545844730663,-5.81209699663395,1347.15749838292
"BIGKAT _ C13 _ Left _ 4",-116.421716952888,-66.3432329301035,1312.45441478722,-122.140549507533,1.28768015176804,1351.71291569105
"BIGKAT _ C13 _ Left _ 4",-116.85835548888,-68.7050378998586,1309.72742571272,-122.333250003653,5.76436698565316,1355.41603391569
"BIGKAT _ C13 _ Left _ 4",-117.406839593287,-69.7156067688702,1308.18222733584,-123.121914521823,6.63957776621412,1357.49172473884
"BIGKAT _ C13 _ Left _ 4",-117.958833145807,-69.2091337774151,1308.09435752557,-124.395686833845,3.71143597910245,1357.50015259627
"BIGKAT _ C13 _ Left _ 4",-118.41397276608,-67.381724734503,1309.38995215428,-125.955126643378,-2.40690109309466,1355.44867555862
"BIGKAT _ C13 _ Left _ 4",-118.69883447604,-64.7294774573786,1311.679465329,-127.557179838476,-10.4384235660537,1351.7899059695
"BIGKAT _ C13 _ Left _ 4",-118.778529049306,-61.9210882999666,1314.35863358834,-128.967008375495,-18.7348368091803,1347.30477488365
"BIGKAT _ C13 _ Left _ 4",-118.659217080799,-59.6419819380467,1316.74743290558,-130.000139136827,-25.630688890067,1342.91258018786
"BIGKAT _ C13 _ Left _ 4",-118.382525880175,-58.4470337283035,1318.23608011201,-130.547415484044,-29.7781185143466,1339.46896974105
"BIGKAT _ C13 _ Left _ 4",-118.014479781546,-58.6487515446432,1318.41210943631,-130.583748845605,-30.4028605784076,1337.60118057728
"BIGKAT _ C13 _ Left _ 4",-117.63173813287,-60.2558880560805,1317.14851827618,-130.164883636924,-27.4476355241058,1337.60363527066
"BIGKAT _ C13 _ Left _ 4",-117.307272198575,-62.9695299127677,1314.63729485793,-129.415005913404,-21.5854084060928,1339.3964878862
"BIGKAT _ C13 _ Left _ 4",-117.096999309959,-66.2387841138834,1311.35764620572,-128.505344591293,-14.0949025872539,1342.54321703689
"BIGKAT _ C13 _ Left _ 4",-117.028905218514,-69.3713330680146,1307.9785165998,-127.623226680528,-6.60656901116723,1346.32625601493
"BIGKAT _ C13 _ Left _ 4",-117.096797907603,-71.6823021188248,1305.21176209109,-126.934304854676,-0.756279808335791,1349.88119160987
"BIGKAT _ C13 _ Left _ 4",-117.261286065038,-72.6508886064323,1303.64979566921,-126.546774803897,2.181636710009,1352.38011437457
"BIGKAT _ C13 _ Left _ 4",-117.459641272928,-72.0455880949573,1303.62973303582,-126.490343597198,1.59018835745856,1353.23138586877
"BIGKAT _ C13 _ Left _ 4",-117.623297768771,-69.9824887677646,1305.15918303924,-126.719003648761,-2.34780063140501,1352.23894418811
"BIGKAT _ C13 _ Left _ 4",-117.698057085296,-66.8981637322211,1307.91999560391,-127.135629776239,-8.70260540140237,1349.66100477488
"BIGKAT _ C13 _ Left _ 4",-117.660084467592,-63.4435803933756,1311.34458803101,-127.625833952823,-16.0317976839054,1346.13812792391
"BIGKAT _ C13 _ Left _ 4",-117.522130362155,-60.3284804840149,1314.74299408186,-128.086650488639,-22.7302032703511,1342.51219695969
"BIGKAT _ C13 _ Left _ 4",-117.328290339723,-58.1578671065555,1317.45075304467,-128.442800622463,-27.4022594529997,1339.60047157692
"BIGKAT _ C13 _ Left _ 4",-117.139661156739,-57.3002097329737,1318.96722274921,-128.652119045896,-29.1668742500579,1337.99798340501
"BIGKAT _ C13 _ Left _ 4",-117.015638803424,-57.8147600588122,1319.05792469968,-128.705394445302,-27.831749937891,1337.95782914172
"BIGKAT _ C13 _ Left _ 4",-116.996111166193,-59.4503127269643,1317.80057685448,-128.623910383998,-23.9080879280552,1339.36366544866
"BIGKAT _ C13 _ Left _ 4",-117.089099295211,-61.7140501143501,1315.56267775312,-128.454239906846,-18.4674038479341,1341.78275886691
"BIGKAT _ C13 _ Left _ 4",-117.267004306383,-63.9959893274068,1312.91133110485,-128.258042327134,-12.8710649457411,1344.57775142503
"BIGKAT _ C13 _ Left _ 4",-117.472622344378,-65.7208972506627,1310.47377058102,-128.096351860847,-8.43304779597793,1347.05444104026
"BIGKAT _ C13 _ Left _ 4",-117.633619495951,-66.4890566902316,1308.78395264273,-128.012104428508,-6.10017007951841,1348.62078490196
"BIGKAT _ C13 _ Left _ 4",-117.681733637785,-66.1672723707454,1308.15728687702,-128.017687137394,-6.23610303695652,1348.92458148542
"BIGKAT _ C13 _ Left _ 4",-117.571457587577,-64.905989943777,1308.62684993209,-128.09266847675,-8.56636146003159,1347.93238579024
"BIGKAT _ C13 _ Left _ 4",-117.29308482061,-63.08255048452,1309.9538966162,-128.191666382773,-12.2900638770178,1345.92402711328
"BIGKAT _ C13 _ Left _ 4",-116.876770825217,-61.1928711041603,1311.70308305053,-128.258174667539,-16.3143988359003,1343.40583575259
"BIGKAT _ C13 _ Left _ 4",-116.386851428225,-59.7243807573214,1313.35786437895,-128.239665985042,-19.5411196300673,1340.97331461358
"BIGKAT _ C13 _ Left _ 4",-115.90800657315,-59.0407307874168,1314.44699285088,-128.100860572196,-21.135250136125,1339.16381011744
"BIGKAT _ C13 _ Left _ 4",-115.526420592305,-59.3000605215541,1314.65556333844,-127.833295195778,-20.7224590625589,1338.33274259023
"BIGKAT _ C13 _ Left _ 4",-115.309948192422,-60.4201308004944,1313.89889592234,-127.459650615249,-18.4794731094983,1338.57494898339
"BIGKAT _ C13 _ Left _ 4",-115.291673080157,-62.0972326793899,1312.3430545397,-127.031395273326,-15.0973677819304,1339.70359819424
"BIGKAT _ C13 _ Left _ 4",-115.461060237858,-63.8787696930267,1310.36390506921,-126.619043750347,-11.6158656961421,1341.29282640854
"BIGKAT _ C13 _ Left _ 4",-115.76570642041,-65.2784497491932,1308.4498826612,-126.296321180192,-9.15448001719816,1342.78232843006
"BIGKAT _ C13 _ Left _ 4",-116.124080219503,-65.908528317658,1307.07078407362,-126.122485233636,-8.6014624284447,1343.6282825199
"BIGKAT _ C13 _ Left _ 4",-116.446005748405,-65.5920461552155,1306.54875566714,-126.128965283437,-10.3485484989752,1343.46524822572
"BIGKAT _ C13 _ Left _ 4",-116.654605014241,-64.4187075980775,1306.96959628436,-126.314764551307,-14.1576745550223,1342.2273562185
"BIGKAT _ C13 _ Left _ 4",-116.702974068428,-62.7247672265508,1308.16002411266,-126.650237842812,-19.2070365893534,1340.18061464349
"BIGKAT _ C13 _ Left _ 4",-116.581586535882,-61.003386607793,1309.73554523152,-127.085282805817,-24.3031415690579,1337.84935502622
"BIGKAT _ C13 _ Left _ 4",-116.316557813762,-59.7741531588393,1311.20346843683,-127.558750537007,-28.1925978895263,1335.86335594844
"BIGKAT _ C13 _ Left _ 4",-115.961798980498,-59.4489775608738,1312.09315278473,-128.0087343397,-29.8852667887934,1334.77988545225
"BIGKAT _ C13 _ Left _ 4",-115.588417401762,-60.2266827844221,1312.08182742623,-128.38421457214,-28.9097966806191,1334.93349532827
"BIGKAT _ C13 _ Left _ 4",-115.273277236593,-62.0377891098041,1311.08650562468,-128.656570576461,-25.4471265526971,1336.34670736684
"BIGKAT _ C13 _ Left _ 4",-115.087167557456,-64.5506215350358,1309.2983214008,-128.827101219672,-20.3126990136591,1338.71461624639
"BIGKAT _ C13 _ Left _ 4",-115.082785992267,-67.2403473571236,1307.14582320507,-128.926288406073,-14.7827386951453,1341.46389879944
"BIGKAT _ C13 _ Left _ 4",-115.283889784792,-69.5107863264595,1305.19032344057,-129.003106096643,-10.2910043008981,1343.87891573089
"BIGKAT _ C13 _ Left _ 4",-115.678567067215,-70.8438938644797,1303.97749636768,-129.107629367133,-8.06087831552707,1345.2773258478
"BIGKAT _ C13 _ Left _ 4",-116.220065156096,-70.9386369421132,1303.88683337623,-129.274569453457,-8.76979848049237,1345.20014658727
"BIGKAT _ C13 _ Left _ 4",-116.836879119458,-69.7982209089176,1305.02427807446,-129.514990473571,-12.3472845245842,1343.56206516949
"BIGKAT _ C13 _ Left _ 4",-117.450343451523,-67.7375597806735,1307.18986335523,-129.817679118345,-17.9729397824962,1340.70485301142
"BIGKAT _ C13 _ Left _ 4",-117.99473859255,-65.3078450522743,1309.92764195646,-130.1557332819,-24.277752005371,1337.32475770943
"BIGKAT _ C13 _ Left _ 4",-118.4338801065,-63.1609891673744,1312.64075090761,-130.493740792477,-29.6881744789152,1334.29458675275
"BIGKAT _ C13 _ Left _ 4",-118.769716273166,-61.8923880998922,1314.73890875174,-130.795497606368,-32.8147212484336,1332.44200346673
"BIGKAT _ C13 _ Left _ 4",-119.041297345803,-61.9015063280405,1315.78153406464,-131.035087154975,-32.7859441365577,1332.35270055114
"BIGKAT _ C13 _ Left _ 4",-119.314918887304,-63.3002241369453,1315.58400482015,-131.21136171041,-29.4550985624563,1334.24354186577
"BIGKAT _ C13 _ Left _ 4",-119.66767833682,-65.8860435766606,1314.26316510892,-131.360041832762,-23.4416540690719,1337.91926267692
"BIGKAT _ C13 _ Left _ 4",-120.167577739421,-69.1851288935631,1312.20976993203,-131.554363092335,-16.0017322462294,1342.80660474373
"BIGKAT _ C13 _ Left _ 4",-120.854191264005,-72.5577731198883,1309.99153413336,-131.888103195181,-8.75203068097304,1348.0554336678
"BIGKAT _ C13 _ Left _ 4",-121.724690286393,-75.3448475869069,1308.20993470089,-132.443714488003,-3.30428986645362,1352.69760087946
"BIGKAT _ C13 _ Left _ 4",-122.729863075868,-77.0211237163019,1307.34998777899,-133.258730406346,-0.895283063591902,1355.84779772276
"BIGKAT _ C13 _ Left _ 4",-123.782685985653,-77.3165167910363,1307.66553069397,-134.308146294935,-2.10581237194625,1356.91144441636
"BIGKAT _ C13 _ Left _ 4",-124.777936546055,-76.2737457773862,1309.12964010829,-135.513661626087,-6.74129385563445,1355.74364172583
"BIGKAT _ C13 _ Left _ 4",-125.616946352382,-74.2292446043525,1311.45683394653,-136.775307667853,-13.9003716551227,1352.70117798314
"BIGKAT _ C13 _ Left _ 4",-126.229494737199,-71.7267427010865,1314.18167975663,-138.007879295723,-22.2029219878063,1348.55904712042
"BIGKAT _ C13 _ Left _ 4",-126.586543726326,-69.3909886872152,1316.76606470266,-139.16358554412,-30.1055117729401,1344.31352869615
"BIGKAT _ C13 _ Left _ 4",-126.701912675947,-67.7957029289917,1318.70719984154,-140.233049967942,-36.2176773010105,1340.93667897871
"BIGKAT _ C13 _ Left _ 4",-126.625193656297,-67.3538143773539,1319.6270759932,-141.22964592987,-39.5501696977879,1339.15716296194
"BIGKAT _ C13 _ Left _ 4",-126.429965047994,-68.2450696872655,1319.33490775533,-142.168384459684,-39.6628367802205,1339.31929352135
"BIGKAT _ C13 _ Left _ 4",-126.200597352642,-70.3848166798253,1317.86090283026,-143.049116150409,-36.7122409927477,1341.33699083233
"BIGKAT _ C13 _ Left _ 4",-126.019121665629,-73.4332102866806,1315.46022543709,-143.848778306411,-31.4125875452678,1344.73331362443
"BIGKAT _ C13 _ Left _ 4",-125.95228626229,-76.8447639529054,1312.58301271767,-144.522603158165,-24.9201061650935,1348.74578117824
"BIGKAT _ C13 _ Left _ 4",-126.03894066949,-79.9582857033389,1309.80549512928,-145.011272745696,-18.6444881936913,1352.47709829961
"BIGKAT _ C13 _ Left _ 4",-126.279324513951,-82.1213375580038,1307.72368923318,-145.250454531513,-13.995747971113,1355.07113042425
"BIGKAT _ C13 _ Left _ 4",-126.629778318375,-82.8307456085553,1306.82486919477,-145.180820715845,-12.0960183686869,1355.88953505384
"BIGKAT _ C13 _ Left _ 4",-127.007052104448,-81.8573884584172,1307.36637943609,-144.759284560427,-13.5139569423514,1354.65657458001
"BIGKAT _ C13 _ Left _ 4",-127.304226483998,-79.3188813834126,1309.29680854233,-143.973164111076,-18.0954597069844,1351.53601343759
"BIGKAT _ C13 _ Left _ 4",-127.41561736826,-75.6734684653581,1312.24634850572,-142.855944057671,-24.9525046552031,1347.11323579941
"BIGKAT _ C13 _ Left _ 4",-127.263544530415,-71.6299713832688,1315.59471089436,-141.497489763652,-32.6315447068958,1342.2790115552
"BIGKAT _ C13 _ Left _ 4",-126.81859002245,-67.9934520990793,1318.60398008715,-140.038686901964,-39.4293177265309,1338.03959103422
"BIGKAT _ C13 _ Left _ 4",-126.107776921571,-65.4848065527512,1320.58673320156,-138.645597107894,-43.7793567870788,1335.29813048067
"BIGKAT _ C13 _ Left _ 4",-125.209797607688,-64.5787122162553,1321.07013852247,-137.469402236669,-44.6136034360915,1334.6574682031
"BIGKAT _ C13 _ Left _ 4",-124.2400120124,-65.3977735388352,1319.91609378203,-136.60761511667,-41.6136987338522,1336.28565905751
"BIGKAT _ C13 _ Left _ 4",-123.329151658695,-67.6857639687741,1317.36594768452,-136.082595772402,-35.296443404918,1339.87048565311
"BIGKAT _ C13 _ Left _ 4",-122.599368150566,-70.8649273556758,1313.99484842826,-135.845134302388,-26.9149161458602,1344.67319447618
"BIGKAT _ C13 _ Left _ 4",-122.140989621873,-74.1645532953692,1310.58280247511,-135.798857242485,-18.1938048627255,1349.67560486504
"BIGKAT _ C13 _ Left _ 4",-121.993822920001,-76.7923756683717,1307.9322054135,-135.832379058473,-10.9526225381812,1353.79628861869
"BIGKAT _ C13 _ Left _ 4",-122.137452843728,-78.1098008289207,1306.6775463234,-135.845598092443,-6.6994388552213,1356.13159366259
"BIGKAT _ C13 _ Left _ 4",-122.494327168567,-77.7704372846311,1307.13567833221,-135.764013566392,-6.29104171349993,1356.16329047245
"BIGKAT _ C13 _ Left _ 4",-122.946578158366,-75.7907982490638,1309.23310332112,-135.543911539883,-9.74334162525185,1353.87704020099
"BIGKAT _ C13 _ Left _ 4",-123.363217765664,-72.5401090830229,1312.52481079969,-135.174357969315,-16.2371784409464,1349.75938088963
"BIGKAT _ C13 _ Left _ 4",-123.630570802211,-68.6567659267523,1316.29524621791,-134.678027444146,-24.3112962023438,1344.67780720249
"BIGKAT _ C13 _ Left _ 4",-123.677511155035,-64.9150552357525,1319.71336767308,-134.107826124278,-32.1863004857318,1339.68209734675
"BIGKAT _ C13 _ Left _ 4",-123.488912206142,-62.0726447357179,1322.00512789251,-133.535969727927,-38.1384153342349,1335.78086708621
"BIGKAT _ C13 _ Left _ 4",-123.104865648737,-60.7271853117795,1322.60875924162,-133.036654918135,-40.8445247738317,1333.74249965403
"BIGKAT _ C13 _ Left _ 4",-122.607773138028,-61.203582293291,1321.28702031472,-132.668251366197,-39.6401400415556,1333.95297507034
"BIGKAT _ C13 _ Left _ 4",-122.102412463017,-63.4874404356194,1318.17997527931,-132.462306095832,-34.6536448790563,1336.34705006216
"BIGKAT _ C13 _ Left _ 4",-121.694497907218,-67.2164001666813,1313.78902026327,-132.423673845734,-26.7956118340015,1340.41986397291
"BIGKAT _ C13 _ Left _ 4",-121.471443299015,-71.7361568457176,1308.89041095674,-132.539846868181,-17.5964788314352,1345.32022244729
"BIGKAT _ C13 _ Left _ 4",-121.486560692942,-76.2177863891572,1304.38838842495,-132.791179672992,-8.9089584335952,1350.01720685484
"BIGKAT _ C13 _ Left _ 4",-121.746799959446,-79.8180343520694,1301.13336156558,-133.152271375981,-2.52409551240235,1353.51487737418
"BIGKAT _ C13 _ Left _ 4",-122.205332952234,-81.8500614928479,1299.74343436893,-133.581584158795,0.219456947259402,1355.07070806582
"BIGKAT _ C13 _ Left _ 4",-122.762584868461,-81.925447412737,1300.4712598432,-134.00793567837,-1.25987166889428,1354.3632459544
"BIGKAT _ C13 _ Left _ 4",-123.279926477966,-80.0326106552296,1303.1499879689,-134.329265515611,-6.64751779948455,1351.56250432697
"BIGKAT _ C13 _ Left _ 4",-123.607082654644,-76.531509553505,1307.23367901654,-134.433577446014,-14.8009016963316,1347.28249828174
"BIGKAT _ C13 _ Left _ 4",-123.618121992981,-72.0655784948466,1311.92371093275,-134.236708328363,-24.0132103292007,1342.42929606559
"BIGKAT _ C13 _ Left _ 4",-123.245298271798,-67.413373056205,1316.3499920617,-133.718151955913,-32.4081797779175,1337.98682915224
"BIGKAT _ C13 _ Left _ 4",-122.498973884361,-63.3175858918432,1319.76152503267,-132.93521419309,-38.3650663440917,1334.79647828253
"BIGKAT _ C13 _ Left _ 4",-121.466390400209,-60.332665748415,1321.68038371099,-132.007437313848,-40.8678260570714,1333.38204660017
"BIGKAT _ C13 _ Left _ 4",-120.289533980466,-58.7236791494743,1321.98604200866,-131.078178458762,-39.7000545689858,1333.8538367118
"BIGKAT _ C13 _ Left _ 4",-119.128968916306,-58.4335299112224,1320.91649311944,-130.269307042182,-35.4531018345799,1335.90379585261
"BIGKAT _ C13 _ Left _ 4",-118.124041359597,-59.1203178514321,1318.99070388961,-129.645740018389,-29.3584851101443,1338.88631399835
"BIGKAT _ C13 _ Left _ 4",-117.360066058607,-60.2548243246065,1316.87049028631,-129.201280379615,-22.9865822039177,1341.96783375796
"BIGKAT _ C13 _ Left _ 4",-116.850663889401,-61.2583127209542,1315.19077636399,-128.868884224057,-17.8745966009185,1344.31884913678
"BIGKAT _ C13 _ Left _ 4",-116.539135460928,-61.651272811756,1314.39650989257,-128.549824404998,-15.1630354676345,1345.31084479116
"BIGKAT _ C13 _ Left _ 4",-116.317714482045,-61.1772707108638,1314.62801641904,-128.150385933554,-15.3266351809874,1344.67183139245
"BIGKAT _ C13 _ Left _ 4",-116.05910538529,-59.868957113481,1315.68769317097,-127.613786859855,-18.0705008647594,1342.55694321186
"BIGKAT _ C13 _ Left _ 4",-115.652052790903,-58.0384938449379,1317.098459327,-126.938418513214,-22.4202282866409,1339.5114053025
"BIGKAT _ C13 _ Left _ 4",-115.032358731368,-56.1969278694585,1318.23633211933,-126.179021080038,-26.9791373221095,1336.33569413485
"BIGKAT _ C13 _ Left _ 4",-114.202570564308,-54.926026532642,1318.49862833346,-125.432915459472,-30.2810689233095,1333.89062624018
"BIGKAT _ C13 _ Left _ 4",-113.236706927602,-54.7347201786404,1317.46373016188,-124.817315641273,-31.1505415768738,1332.8913524912
"BIGKAT _ C13 _ Left _ 4",-112.2697489668,-55.9314011153268,1315.00621912324,-124.44512376386,-28.9912991876179,1333.73512014715
"BIGKAT _ C13 _ Left _ 4",-111.474292753862,-58.5380593148153,1311.34449384607,-124.405473126671,-23.9454087191676,1336.3972402779
"BIGKAT _ C13 _ Left _ 4",-111.028446895342,-62.2654735588803,1307.0112116849,-124.752185268174,-16.888524229225,1340.4185273336
"BIGKAT _ C13 _ Left _ 4",-111.080032447229,-66.5589615541486,1302.75029981724,-125.499068272182,-9.25423478671015,1344.99374748948
"BIGKAT _ C13 _ Left _ 4",-111.712896164558,-70.7095728572158,1299.3595531052,-126.617666711803,-2.71590313582723,1349.1502434144
"BIGKAT _ C13 _ Left _ 4",-112.921917368494,-74.0081899098067,1297.51260124371,-128.033974928327,1.20633298138395,1351.98002228743
"BIGKAT _ C13 _ Left _ 4",-114.603481917471,-75.9060102083119,1297.60213794532,-129.626677547887,1.51747313038972,1352.86649761465
"BIGKAT _ C13 _ Left _ 4",-116.566527859269,-76.1405933247461,1299.64313719605,-131.235685923031,-1.99943617808228,1351.641504996
"BIGKAT _ C13 _ Left _ 4",-118.564881275035,-74.794521005111,1303.26091492742,-132.688409257711,-8.71852109151782,1348.62590938447
"BIGKAT _ C13 _ Left _ 4",-120.34516576059,-72.2714089015363,1307.76862722185,-133.840504436095,-17.3128334083741,1344.54273131302
"BIGKAT _ C13 _ Left _ 4",-121.698451588032,-69.1958582820279,1312.3171374429,-134.615372240276,-26.0650969192372,1340.33058277635
"BIGKAT _ C13 _ Left _ 4",-122.501175766889,-66.2632365792951,1316.08222475715,-135.022810101897,-33.2662626606854,1336.91208046093
"BIGKAT _ C13 _ Left _ 4",-122.733748972983,-64.0764915661834,1318.44499721899,-135.145699678564,-37.6022425848102,1334.97859535266
"BIGKAT _ C13 _ Left _ 4",-122.472748447871,-63.0083861988998,1319.1238955251,-135.098927934189,-38.4391511791479,1334.84079306922
"BIGKAT _ C13 _ Left _ 4",-121.861063420344,-63.1202602666938,1318.22876649476,-134.977743764964,-35.9473093185083,1336.37275578582
"BIGKAT _ C13 _ Left _ 4",-121.06605890058,-64.1559479617198,1316.22435147589,-134.817067439094,-31.040985338037,1339.05553894199
"BIGKAT _ C13 _ Left _ 4",-120.237282087156,-65.613704307394,1313.8092650685,-134.577724806631,-25.1472251509403,1342.10793756789
"BIGKAT _ C13 _ Left _ 4",-119.473446919116,-66.8807796182636,1311.7362972409,-134.163569563769,-19.8530007707567,1344.67683966997
"BIGKAT _ C13 _ Left _ 4",-118.805257805824,-67.3976724122894,1310.617507237,-133.461193745659,-16.5124732300824,1346.04565840017
"BIGKAT _ C13 _ Left _ 4",-118.197146577719,-66.8083455745219,1310.7660291306,-132.38701153612,-15.9141324762541,1345.81039181547
"BIGKAT _ C13 _ Left _ 4",-117.567092227239,-65.0548816686018,1312.11922097591,-130.926365037114,-18.0976181627937,1343.97625634819
"BIGKAT _ C13 _ Left _ 4",-116.819243119245,-62.3913604550489,1314.26453437698,-129.153484465949,-22.368824494578,1340.94846028599
"BIGKAT _ C13 _ Left _ 4",-115.880229204544,-59.3164916512415,1316.55817079984,-127.226971129275,-27.5024266361568,1337.42322496085
"BIGKAT _ C13 _ Left _ 4",-114.728831655739,-56.4477167371683,1318.29968640943,-125.36192980493,-32.0672332896049,1334.21457243641
"BIGKAT _ C13 _ Left _ 4",-113.410959483543,-54.3724007847709,1318.91343066668,-123.785987944072,-34.7828908553463,1332.06504761759
"BIGKAT _ C13 _ Left _ 4",-112.036466429729,-53.5118978553686,1318.09225340275,-122.690346850491,-34.8219509844312,1331.48292669148
"BIGKAT _ C13 _ Left _ 4",-110.759086128506,-54.0259225480431,1315.87404120038,-122.187631066602,-31.9975823036027,1332.63402006274
"BIGKAT _ C13 _ Left _ 4",-109.744316132128,-55.7742302034544,1312.63857408094,-122.286328637129,-26.8070378800416,1335.30312187613
"BIGKAT _ C13 _ Left _ 4",-109.132249233549,-58.3431548267464,1309.02665022824,-122.887960933557,-20.3255647853998,1338.93157148074
"BIGKAT _ C13 _ Left _ 4",-109.003313387503,-61.1344472966613,1305.79668908139,-123.807794712041,-13.9678040579888,1342.7293003461
"BIGKAT _ C13 _ Left _ 4",-109.354656179731,-63.5008454890293,1303.64771581804,-124.813580581939,-9.15984788385617,1345.84674141799
"BIGKAT _ C13 _ Left _ 4",-110.093417762454,-64.8987534853357,1303.04902826223,-125.67218906364,-6.99284113917368,1347.57353475362
"BIGKAT _ C13 _ Left _ 4",-111.05025758741,-65.0195414948384,1304.11996310293,-126.193644267503,-7.94568634574015,1347.51451703024
"BIGKAT _ C13 _ Left _ 4",-112.012148868648,-63.8635480998467,1306.59363303573,-126.264975333256,-11.7554880033818,1345.69139917221
"BIGKAT _ C13 _ Left _ 4",-112.768157669703,-61.7361926200312,1309.87712154118,-125.86918127849,-17.4759006000273,1342.53831578901
"BIGKAT _ C13 _ Left _ 4",-113.157340625431,-59.1683731237824,1313.19375040198,-125.08612389897,-23.7079556622422,1338.79443659041
"BIGKAT _ C13 _ Left _ 4",-113.10621028482,-56.7843529939683,1315.77014662246,-124.074207407989,-28.9379847117088,1335.32895941306
"BIGKAT _ C13 _ Left _ 4",-112.645660308794,-55.1520408859261,1317.02011406426,-123.035821790292,-31.8925195258824,1332.9477720361
"BIGKAT _ C13 _ Left _ 4",-111.903082982305,-54.6510686840351,1316.68124346851,-122.174300248217,-31.8257440800394,1332.22543089613
"BIGKAT _ C13 _ Left _ 4",-111.072273291959,-55.386774436761,1314.87457724625,-121.65278692223,-28.6811007944795,1333.3907866026
"BIGKAT _ C13 _ Left _ 4",-110.36901674431,-57.167557720897,1312.07574445245,-121.564491951197,-23.1000406459211,1336.28038102833
"BIGKAT _ C13 _ Left _ 4",-109.982683899444,-59.550908906358,1309.00387335419,-121.919798937467,-16.2797672180341,1340.364682757
"BIGKAT _ C13 _ Left _ 4",-110.033987541063,-61.9494500190277,1306.4515871545,-122.650431415231,-9.7086472931904,1344.84567179759
"BIGKAT _ C13 _ Left _ 4",-110.547323675016,-63.7736300723762,1305.09399618137,-123.627045278054,-4.8333207894323,1348.81563890584
"BIGKAT _ C13 _ Left _ 4",-111.443453267692,-64.5763877121273,1305.32248764951,-124.685810423753,-2.73043721395354,1351.45363723349
"BIGKAT _ C13 _ Left _ 4",-112.554592118975,-64.1623855336172,1307.14565067367,-125.6602724412,-3.86017695093028,1352.21913447116
"BIGKAT _ C13 _ Left _ 4",-113.659216029479,-62.6332778235442,1310.18358905387,-126.413974104065,-7.96251144815534,1350.99001728365
"BIGKAT _ C13 _ Left _ 4",-114.528999355855,-60.3588973839054,1313.75692265086,-126.866697062448,-14.121635277536,1348.09753830936
"BIGKAT _ C13 _ Left _ 4",-114.977035065208,-57.8854088323838,1317.04584115684,-127.006347893229,-20.9791136705816,1344.24117332346
"BIGKAT _ C13 _ Left _ 4",-114.896300622261,-55.8072116921121,1319.27674376979,-126.882569263669,-27.0381102075513,1340.31002684908
"BIGKAT _ C13 _ Left _ 4",-114.280435442278,-54.6347536953425,1319.89052461275,-126.585508488848,-30.9837705900036,1337.16930873218
"BIGKAT _ C13 _ Left _ 4",-113.223871964772,-54.6860256725887,1318.65713263978,-126.218790832327,-31.9517576618268,1335.47325192506
"BIGKAT _ C13 _ Left _ 4",-111.902962827521,-56.0202304617575,1315.71852666143,-125.87614887864,-29.6984154199556,1335.54400480641
"BIGKAT _ C13 _ Left _ 4",-110.542524593664,-58.4231694104596,1311.55800451374,-125.627090863002,-24.6481558759078,1337.32809471825
"BIGKAT _ C13 _ Left _ 4",-109.37347344002,-61.4468850154947,1306.90483518393,-125.511553195151,-17.8104453267792,1340.42349780029
"BIGKAT _ C13 _ Left _ 4",-108.588229019849,-64.4987096422777,1302.5918096524,-125.539497932225,-10.575270092233,1344.16439389309
"BIGKAT _ C13 _ Left _ 4",-108.301924510285,-66.9647779292267,1299.39229083711,-125.690917553927,-4.4190588554495,1347.75126838284
"BIGKAT _ C13 _ Left _ 4",-108.528233438143,-68.3421339977529,1297.87004170915,-125.915477397773,-0.58025038745104,1350.41243873894
"BIGKAT _ C13 _ Left _ 4",-109.176981753154,-68.3476643926971,1298.27409787404,-126.136459902168,0.218145340241011,1351.57360910678
"BIGKAT _ C13 _ Left _ 4",-110.0757707511,-66.976371319151,1300.50005313965,-126.265007352778,-2.07355754803339,1350.99754906113
"BIGKAT _ C13 _ Left _ 4",-111.010882861403,-64.4956892544514,1304.12209170923,-126.224709514224,-6.83514482982808,1348.84941847093
"BIGKAT _ C13 _ Left _ 4",-111.77667274811,-61.3806468389528,1308.48366330169,-125.977749369018,-12.9370349498235,1345.65820419855
"BIGKAT _ C13 _ Left _ 4",-112.220185041319,-58.2091735374576,1312.82422987728,-125.540221749882,-19.0105555848935,1342.18014109739
"BIGKAT _ C13 _ Left _ 4",-112.269906114473,-55.5431958030229,1316.41687648093,-124.978969128446,-23.7563445723519,1339.20642003526
"BIGKAT _ C13 _ Left _ 4",-111.943161877035,-53.8193703752541,1318.6950078043,-124.390979569655,-26.2202247653258,1337.37292277172
"BIGKAT _ C13 _ Left _ 4",-111.333043638372,-53.2670208380217,1319.35154608047,-123.873045438958,-25.9851313137008,1337.01928943031
"BIGKAT _ C13 _ Left _ 4",-110.58038834704,-53.8647461189798,1318.39700250174,-123.491711478202,-23.2506167635283,1338.12182323872
"BIGKAT _ C13 _ Left _ 4",-109.838364789459,-55.3433975743593,1316.16336097663,-123.262582885933,-18.7885661305236,1340.30520446083
"BIGKAT _ C13 _ Left _ 4",-109.23732235196,-57.2395637052056,1313.24357116655,-123.145186475786,-13.7773980141078,1342.92687087291
"BIGKAT _ C13 _ Left _ 4",-108.8568640932,-58.9961583960946,1310.36751278316,-123.055431986143,-9.53609528467947,1345.22108715704
"BIGKAT _ C13 _ Left _ 4",-108.710999226697,-60.0936129481348,1308.23512620717,-122.893010088362,-7.20733022659069,1346.48084588159
"BIGKAT _ C13 _ Left _ 4",-108.750130794154,-60.1809698477685,1307.34748380976,-122.576760376963,-7.46591062416554,1346.24199253947
"BIGKAT _ C13 _ Left _ 4",-108.879885501198,-59.1695772840569,1307.88422539855,-122.077764313914,-10.3362556145969,1344.42033721823
"BIGKAT _ C13 _ Left _ 4",-108.99190429082,-57.2595878115429,1309.66435284854,-121.438435362532,-15.1781962015709,1341.3523707421
"BIGKAT _ C13 _ Left _ 4",-108.997622134558,-54.8897226808741,1312.20131730389,-120.768232510788,-20.8495786303955,1337.71523049921
"BIGKAT _ C13 _ Left _ 4",-108.854958211766,-52.6249655332082,1314.83432276011,-120.214388447286,-25.9983172738772,1334.34589615504
"BIGKAT _ C13 _ Left _ 4",-108.580449393671,-51.0145310048226,1316.89731820496,-119.916675412727,-29.3997167323537,1332.01863030357
"BIGKAT _ C13 _ Left _ 4",-108.244295890595,-50.4576225940027,1317.88117886877,-119.962459237046,-30.2498814991784,1331.25046154159
"BIGKAT _ C13 _ Left _ 4",-107.950634473023,-51.107993108838,1317.5518649593,-120.35760352347,-28.3487409102225,1332.18522939886
"BIGKAT _ C13 _ Left _ 4",-107.80854267683,-52.8358645288479,1316.00168305679,-121.021462210841,-24.1407824839246,1334.57428830656
"BIGKAT _ C13 _ Left _ 4",-107.900776198559,-55.253280909749,1313.62571876943,-121.805319499097,-18.6127766523776,1337.84487826781
"BIGKAT _ C13 _ Left _ 4",-108.257660838816,-57.7985017622291,1311.02867430192,-122.52735817796,-13.0707933442911,1341.23317101494
"BIGKAT _ C13 _ Left _ 4",-108.842995601381,-59.864805115458,1308.880131394,-123.014717450213,-8.83825507900422,1343.95502148579
"BIGKAT _ C13 _ Left _ 4",-109.556654702314,-60.9477000218814,1307.74901373753,-123.143577144744,-6.93655962994454,1345.38572253014
"BIGKAT _ C13 _ Left _ 4",-110.254360090685,-60.7750758462176,1307.95669508857,-122.869803108359,-7.82450929492225,1345.2148258675
"BIGKAT _ C13 _ Left _ 4",-110.779755798982,-59.3837320121734,1309.48717405644,-122.243883278168,-11.2695985050246,1343.53586328324
"BIGKAT _ C13 _ Left _ 4",-110.999806390671,-57.1175561305804,1311.98006846889,-121.404784489424,-16.3946167482016,1340.83549865694
"BIGKAT _ C13 _ Left _ 4",-110.833889554559,-54.5450913663671,1314.8110981588,-120.55049893684,-21.8930624958541,1337.8725874735
"BIGKAT _ C13 _ Left _ 4",-110.270079839087,-52.3186896961954,1317.24153373297,-119.890195773612,-26.3559004327748,1335.47776918192
"BIGKAT _ C13 _ Left _ 4",-109.367088575913,-51.0139196496578,1318.59971483261,-119.591140903839,-28.6212255175524,1334.33499352219
"BIGKAT _ C13 _ Left _ 4",-108.244238195562,-50.9908005643396,1318.44953355293,-119.736933453919,-28.0576215391333,1334.80895298981
"BIGKAT _ C13 _ Left _ 4",-107.062926096065,-52.3090641865576,1316.70441221748,-120.309161747556,-24.7164038535145,1336.85948181895
"BIGKAT _ C13 _ Left _ 4",-106.001908457015,-54.7141431775393,1313.65837562299,-121.195263735137,-19.3232878619365,1340.05359941354
"BIGKAT _ C13 _ Left _ 4",-105.227808855256,-57.6949099748421,1309.92452996155,-122.216899243689,-13.1142908930805,1343.66350698535
"BIGKAT _ C13 _ Left _ 4",-104.86356518144,-60.6004118764719,1306.29316773797,-123.169247321191,-7.55061243241981,1346.82790096788
"BIGKAT _ C13 _ Left _ 4",-104.960804377854,-62.7905031527249,1303.54378534858,-123.862369736347,-3.97387426714085,1348.74828656347
"BIGKAT _ C13 _ Left _ 4",-105.484655057217,-63.78570330296,1302.26036014618,-124.158443403384,-3.28240321754324,1348.88394893237
"BIGKAT _ C13 _ Left _ 4",-106.318200930804,-63.3793161616445,1302.69890649552,-123.999995021114,-5.71068311934461,1347.09903413574
"BIGKAT _ C13 _ Left _ 4",-107.288005801658,-61.6836175550795,1304.73894251407,-123.423381076408,-10.7701218938901,1343.7144895166
"BIGKAT _ C13 _ Left _ 4",-108.204533891947,-59.1001978558501,1307.92392643969,-122.55159578423,-17.3647454304704,1339.43933995719
"BIGKAT _ C13 _ Left _ 4",-108.905884945666,-56.2253890107441,1311.57179688261,-121.564837524345,-24.0467103368319,1335.19687868177
"BIGKAT _ C13 _ Left _ 4",-109.292699018639,-53.7171621384121,1314.92362630381,-120.655747622723,-29.341999822869,1331.9002389748
"BIGKAT _ C13 _ Left _ 4",-109.346024221588,-52.1553895965625,1317.29712207628,-119.983528299037,-32.0672153209195,1330.24584210445
"BIGKAT _ C13 _ Left _ 4",-109.125744327252,-51.9234978292248,1318.21783161556,-119.641749018255,-31.5725416596843,1330.57690850014
"BIGKAT _ C13 _ Left _ 4",-108.752055281943,-53.1309595247946,1317.50854674753,-119.648048136344,-27.8715680603888,1332.83630810425
"BIGKAT _ C13 _ Left _ 4",-108.37526482405,-55.5879456539047,1315.3232544774,-119.95461447106,-21.6419480997913,1336.59885456191
"BIGKAT _ C13 _ Left _ 4",-108.140319220015,-58.8372973393794,1312.11737872662,-120.471314854353,-14.0973398135449,1341.16011787116
"BIGKAT _ C13 _ Left _ 4",-108.152891851587,-62.2420300498326,1308.5551789265,-121.090930259702,-6.74681599875449,1345.66111806905
"BIGKAT _ C13 _ Left _ 4",-108.453904560317,-65.115890073717,1305.36960622473,-121.708257218146,-1.07982655387306,1349.23609392965
"BIGKAT _ C13 _ Left _ 4",-109.008403918638,-66.8714954415037,1303.20478092835,-122.230614791347,1.7602865614229,1351.17239686426
"BIGKAT _ C13 _ Left _ 4",-109.712083810597,-67.1513582923833,1302.47837843816,-122.583322776952,1.2364136808229,1351.06155476501
"BIGKAT _ C13 _ Left _ 4",-110.414530225356,-65.9078923970313,1303.29628402843,-122.715408783625,-2.45812803318588,1348.90480322051
"BIGKAT _ C13 _ Left _ 4",-110.953556559106,-63.4112724239311,1305.43717401081,-122.606640429847,-8.44707438129046,1345.13180492159
"BIGKAT _ C13 _ Left _ 4",-111.191618209661,-60.1847278106285,1308.40624568516,-122.271533116363,-15.3771668251158,1340.51189415877
"BIGKAT _ C13 _ Left _ 4",-111.045047930756,-56.8872447328844,1311.54163058498,-121.755614573481,-21.7244317560678,1335.97748551648
"BIGKAT _ C13 _ Left _ 4",-110.500054447711,-54.1752254966754,1314.14866557772,-121.124510751199,-26.120473712106,1332.41414430823
"BIGKAT _ C13 _ Left _ 4",-109.614155169873,-52.5739105812271,1315.63667828109,-120.451526657279,-27.6261018049081,1330.47820420932
"BIGKAT _ C13 _ Left _ 4",-108.505297865425,-52.3802597036319,1315.63657033718,-119.809325378176,-25.9066717243562,1330.48103133717
"BIGKAT _ C13 _ Left _ 4",-107.332153923152,-53.6092851680072,1314.08071328452,-119.266885751405,-21.2908592295763,1332.34920577655
"BIGKAT _ C13 _ Left _ 4",-106.268676501666,-55.9902655192443,1311.22843632997,-118.888326758907,-14.710584022443,1335.65088064104
"BIGKAT _ C13 _ Left _ 4",-105.475560597775,-59.0162276851881,1307.62441518254,-118.728530122605,-7.52802619155289,1339.67484929895
"BIGKAT _ C13 _ Left _ 4",-105.071835259437,-62.0443257676298,1303.98883812592,-118.822671794001,-1.26784199118752,1343.55336186901
"BIGKAT _ C13 _ Left _ 4",-105.111438220136,-64.4330900232468,1301.05794110507,-119.172115641397,2.7045775748658,1346.42182235873
"BIGKAT _ C13 _ Left _ 4",-105.570961150484,-65.6879986956879,1299.41357671137,-119.734899603289,3.49159052204191,1347.59974370921
"BIGKAT _ C13 _ Left _ 4",-106.353893118043,-65.5776477015644,1299.34894842176,-120.430292044188,0.878448306919003,1346.75763055923
"BIGKAT _ C13 _ Left _ 4",-107.312619071284,-64.1864750346027,1300.80793279397,-121.160102059377,-4.61008578209224,1344.01696678474
"BIGKAT _ C13 _ Left _ 4",-108.28334658906,-61.8875475567442,1303.41165320803,-121.838008433227,-11.8342247626782,1339.93574921047
"BIGKAT _ C13 _ Left _ 4",-109.124082575283,-59.2436869288513,1306.5594087966,-122.411569498465,-19.3123937597834,1335.36886336892
"BIGKAT _ C13 _ Left _ 4",-109.744541340567,-56.8666163043106,1309.57239306071,-122.866129816429,-25.566336934213,1331.2441787819
"BIGKAT _ C13 _ Left _ 4",-110.119961799223,-55.2731807625352,1311.84283799248,-123.211773197032,-29.4457152870207,1328.32954859383
"BIGKAT _ C13 _ Left _ 4",-110.286459941811,-54.7730295894792,1312.9568887095,-123.46394298684,-30.3571606062658,1327.06282243997
"BIGKAT _ C13 _ Left _ 4",-110.321181755989,-55.4087597848731,1312.7709758037,-123.629311725184,-28.3593181543932,1327.48365802599
"BIGKAT _ C13 _ Left _ 4",-110.314294962682,-56.9554641365866,1311.43241578332,-123.702686433143,-24.1206032061075,1329.26637735493
"BIGKAT _ C13 _ Left _ 4",-110.341140756204,-58.9764834048019,1309.34261732384,-123.673571485851,-18.758532715832,1331.82695155941
"BIGKAT _ C13 _ Left _ 4",-110.44195491948,-60.9248265916041,1307.06777363538,-123.53649631506,-13.5917164211114,1334.46919762771
"BIGKAT _ C13 _ Left _ 4",-110.614028225172,-62.2717287456537,1305.2111943227,-123.298808112678,-9.84764983365255,1336.53931330157
"BIGKAT _ C13 _ Left _ 4",-110.817477566361,-62.6347673660692,1304.27333602426,-122.982687501392,-8.38457898330062,1337.56436035848
"BIGKAT _ C13 _ Left _ 4",-110.991614854406,-61.8730183143082,1304.5336513164,-122.622068417645,-9.49439139391274,1337.35242476164
"BIGKAT _ C13 _ Left _ 4",-111.075636181823,-60.1227015345258,1305.98508546155,-122.256937378613,-12.841106253364,1336.03211143125
"BIGKAT _ C13 _ Left _ 4",-111.026728311488,-57.7645223860083,1308.33679801937,-121.926832798798,-17.552440223267,1334.0171392413
"BIGKAT _ C13 _ Left _ 4",-110.831163185398,-55.3354483889904,1311.08094060603,-121.664793967218,-22.4352054902475,1331.9031766612
"BIGKAT _ C13 _ Left _ 4",-110.507804989808,-53.4118171308858,1313.60423310113,-121.493867633813,-26.2525116502659,1330.32756794289
"BIGKAT _ C13 _ Left _ 4",-110.106076879013,-52.4920583012731,1315.31887763058,-121.428612162034,-27.9951644334878,1329.83104738481
"BIGKAT _ C13 _ Left _ 4",-109.700575165946,-52.8996978396443,1315.78796072556,-121.481837518075,-27.0953153229646,1330.75013783899
"BIGKAT _ C13 _ Left _ 4",-109.383021146745,-54.7188229229872,1314.82320725614,-121.673144960575,-23.550786109313,1333.15172487952
"BIGKAT _ C13 _ Left _ 4",-109.250833432541,-57.7697983486092,1312.53543310941,-122.033400683779,-17.9424898618983,1336.81048498605
"BIGKAT _ C13 _ Left _ 4",-109.391484082522,-61.6313468123777,1309.32250770008,-122.599738392198,-11.336840292522,1341.22885307012
"BIGKAT _ C13 _ Left _ 4",-109.863242652371,-65.7110595849362,1305.79037564075,-123.399204269848,-5.07929802825435,1345.70291063686
"BIGKAT _ C13 _ Left _ 4",-110.67548055774,-69.356629708199,1302.62056304711,-124.425143440765,-0.509702214798369,1349.43784524813
"BIGKAT _ C13 _ Left _ 4",-111.774327664224,-71.9868302905081,1300.41631791403,-125.616948073477,1.34134402962994,1351.70670997023
"BIGKAT _ C13 _ Left _ 4",-113.040454822606,-73.2113613634986,1299.56883492358,-126.856574806797,-0.00177006498498145,1352.02527522732
"BIGKAT _ C13 _ Left _ 4",-114.303557675972,-72.9085481565174,1300.17884136025,-127.989833866831,-4.34166972633083,1350.29340039381
"BIGKAT _ C13 _ Left _ 4",-115.372766582602,-71.2409758911945,1302.05009776551,-128.867586669597,-10.8542505127176,1346.84739100744
"BIGKAT _ C13 _ Left _ 4",-116.075955340336,-68.6074909081431,1304.74914970407,-129.38978702052,-18.2863720699214,1342.39151900292
"BIGKAT _ C13 _ Left _ 4",-116.297055560179,-65.548226859341,1307.70902505644,-129.533142181094,-25.2461112243717,1337.82388119241
"BIGKAT _ C13 _ Left _ 4",-116.001096345894,-62.6299995541159,1310.34841912002,-129.35248047596,-30.5036779086577,1334.01525551541
"BIGKAT _ C13 _ Left _ 4",-115.241191347148,-60.3390486403293,1312.18169072545,-128.958878580776,-33.2302354780772,1331.61264017794
"BIGKAT _ C13 _ Left _ 4",-114.147338603856,-58.9995211651603,1312.90366474268,-128.485538023306,-33.1336546957601,1330.91804640129
"BIGKAT _ C13 _ Left _ 4",-112.900945114578,-58.72616299846,1312.44065991212,-128.053120071559,-30.4834370648119,1331.85778889578
"BIGKAT _ C13 _ Left _ 4",-111.700565179309,-59.4137195566817,1310.96227417738,-127.74289471916,-26.0361660247701,1334.03018231169
"BIGKAT _ C13 _ Left _ 4",-110.724430381725,-60.7637727192212,1308.84907589037,-127.582073506625,-20.8780631850677,1336.80834469901
"BIGKAT _ C13 _ Left _ 4",-110.095431142034,-62.3482623398341,1306.61453306121,-127.542589501874,-16.2037151759978,1339.47524849575
"BIGKAT _ C13 _ Left _ 4",-109.854930913538,-63.7033574641881,1304.78955160481,-127.552516366524,-13.0607123219303,1341.37161026649
"BIGKAT _ C13 _ Left _ 4",-109.952292341285,-64.4369307394518,1303.7934437106,-127.517768560432,-12.1092933220516,1342.0364456621
"BIGKAT _ C13 _ Left _ 4",-110.255343857999,-64.3228708781178,1303.82719176713,-127.349771989737,-13.4606035751469,1341.31335416027
"BIGKAT _ C13 _ Left _ 4",-110.582020234057,-63.3540363813351,1304.82334380684,-126.992121723384,-16.648514717942,1339.39042452859
"BIGKAT _ C13 _ Left _ 4",-110.746360553374,-61.7368346731909,1306.46953794889,-126.437645591522,-20.752523267416,1336.7515124991
"BIGKAT _ C13 _ Left _ 4",-110.606359899328,-59.8296632237788,1308.29776630109,-125.729612793829,-24.638827533136,1334.04567332493
"BIGKAT _ C13 _ Left _ 4",-110.100007282196,-58.0448862321302,1309.81140381337,-124.947064832388,-27.2496433229611,1331.91412612281
"BIGKAT _ C13 _ Left _ 4",-109.259814816258,-56.7421086123367,1310.61448325022,-124.18047318965,-27.8635790315321,1330.82806194776
"BIGKAT _ C13 _ Left _ 4",-108.203018663684,-56.1388133797955,1310.51187068858,-123.506416296583,-26.2681828663419,1330.9798154407
"BIGKAT _ C13 _ Left _ 4",-107.10123252272,-56.2575686291088,1309.55879080761,-122.968641728366,-22.812924069662,1332.24721422762
"BIGKAT _ C13 _ Left _ 4",-106.137796754382,-56.9211024347745,1308.04885351162,-122.569916311541,-18.3345231165578,1334.2311877511
"BIGKAT _ C13 _ Left _ 4",-105.463314571288,-57.7980670176143,1306.44122190836,-122.276048540933,-13.9665228965964,1336.35481529443
"BIGKAT _ C13 _ Left _ 4",-105.160304836486,-58.4915843918089,1305.24157096488,-122.03077490139,-10.8674129571705,1338.00455425978
"BIGKAT _ C13 _ Left _ 4",-105.226173385751,-58.6498360607629,1304.86632158325,-121.777835945017,-9.92735163991489,1338.68652374588
"BIGKAT _ C13 _ Left _ 4",-105.579092087145,-58.067732920011,1305.52840479201,-121.4844916479,-11.5317008690565,1338.16130614009
"BIGKAT _ C13 _ Left _ 4",-106.08448336718,-56.7482251138231,1307.17846097641,-121.159073551056,-15.4536024261689,1336.51601853451
"BIGKAT _ C13 _ Left _ 4",-106.593290410965,-54.9043567466536,1309.5176675758,-120.855188320538,-20.9108775406322,1334.14370223711
"BIGKAT _ C13 _ Left _ 4",-106.980155749822,-52.903844225908,1312.07497087757,-120.658898236373,-26.7677109587724,1331.63132319864
"BIGKAT _ C13 _ Left _ 4",-107.171223098576,-51.1764743116201,1314.32272173227,-120.662308099604,-31.8152467567307,1329.59452488631
"BIGKAT _ C13 _ Left _ 4",-107.156094632083,-50.1126407187055,1315.79757900436,-120.933273200145,-35.0488387024968,1328.5161924114
"BIGKAT _ C13 _ Left _ 4",-106.983760132075,-49.9777515762574,1316.19844473743,-121.492065505194,-35.875547615314,1328.63653294422
"BIGKAT _ C13 _ Left _ 4",-106.745940742083,-50.8575140495755,1315.44458783763,-122.301799818223,-34.2176989041227,1329.91560667603
"BIGKAT _ C13 _ Left _ 4",-106.552796314301,-52.640082420234,1313.68790725319,-123.273777188612,-30.5072942443794,1332.06338864048
"BIGKAT _ C13 _ Left _ 4",-106.506071525671,-55.0358525097401,1311.27998551765,-124.284729404648,-25.5826741872351,1334.61796197731
"BIGKAT _ C13 _ Left _ 4",-106.674403303382,-57.6325295894906,1308.69894438025,-125.20095524143,-20.507103030097,1337.04933256438
"BIGKAT _ C13 _ Left _ 4",-107.075146603874,-59.9782269085678,1306.44715676678,-125.903851366003,-16.338313413246,1338.86939026149
"BIGKAT _ C13 _ Left _ 4",-107.666637538884,-61.6773526328865,1304.93987696103,-126.311694089752,-13.8926894418566,1339.7318022732
"BIGKAT _ C13 _ Left _ 4",-108.353758349683,-62.4764130654777,1304.4125120721,-126.393442284539,-13.5604972407134,1339.50546380243
"BIGKAT _ C13 _ Left _ 4",-109.007236167481,-62.3160369183095,1304.87323331409,-126.171745860705,-15.2249648846658,1338.30361833182
"BIGKAT _ C13 _ Left _ 4",-109.493189440438,-61.3350469165731,1306.11437827601,-125.714455906212,-18.3100345192945,1336.45575954796
"BIGKAT _ C13 _ Left _ 4",-109.70548958306,-59.8285686811429,1307.77575134451,-125.116911612401,-21.9388771733576,1334.42587984661
"BIGKAT _ C13 _ Left _ 4",-109.591964605473,-58.1761324081462,1309.43658535311,-124.480263470291,-25.1507390907777,1332.70093705785
"BIGKAT _ C13 _ Left _ 4",-109.167566754956,-56.7606164571944,1310.70887569848,-123.892193610423,-27.1153094651996,1331.68275791622
"BIGKAT _ C13 _ Left _ 4",-108.512057692625,-55.8949389458036,1311.31210400132,-123.414637159391,-27.2999356248233,1331.60924084572
"BIGKAT _ C13 _ Left _ 4",-107.753989606378,-55.7662887486715,1311.12028277125,-123.079713653479,-25.5688372989233,1332.51515694471
"BIGKAT _ C13 _ Left _ 4",-107.045239241712,-56.4027786543665,1310.1797882579,-122.892181121983,-22.2096280299653,1334.23075546244
"BIGKAT _ C13 _ Left _ 4",-106.531216600023,-57.6661632134194,1308.69879796924,-122.835517899301,-17.8875235427684,1336.41226790921
"BIGKAT _ C13 _ Left _ 4",-106.321971576231,-59.2745478587466,1307.00879551521,-122.879126402889,-13.5281589188581,1338.59969686641
"BIGKAT _ C13 _ Left _ 4",-106.469278432081,-60.8570837329157,1305.4995934305,-122.985424970872,-10.1355599213001,1340.29892252599
"BIGKAT _ C13 _ Left _ 4",-106.954238593563,-62.0356092497482,1304.53468186295,-123.116914870625,-8.56855197662026,1341.08263121632
"BIGKAT _ C13 _ Left _ 4",-107.688504239005,-62.5170651845707,1304.36282117466,-123.243796267231,-9.32281056614939,1340.69556810072
"BIGKAT _ C13 _ Left _ 4",-108.529669740003,-62.1715446902905,1305.04927361722,-123.351602221465,-12.3812986427315,1339.13705812893
"BIGKAT _ C13 _ Left _ 4",-109.308179540329,-61.0716716201417,1306.44896134291,-123.446091827103,-17.1860110487784,1336.68812957388
"BIGKAT _ C13 _ Left _ 4",-109.860268752962,-59.4813576580251,1308.23192270367,-123.551772378816,-22.7468855151038,1333.86350830253
"BIGKAT _ C13 _ Left _ 4",-110.060050308361,-57.7991057224083,1309.9543588579,-123.703112177999,-27.8577987424551,1331.29809394072
"BIGKAT _ C13 _ Left _ 4",-109.844482234386,-56.4733246115483,1311.15564529006,-123.932188368666,-31.3594736777668,1329.60395875811
"BIGKAT _ C13 _ Left _ 4",-109.227204590144,-55.9100396455521,1311.45819791013,-124.258851296031,-32.3865283763435,1329.23930449891
"BIGKAT _ C13 _ Left _ 4",-108.299790261382,-56.3896461366984,1310.65084663276,-124.687346543562,-30.5526974420616,1330.41629786829
"BIGKAT _ C13 _ Left _ 4",-107.220530829949,-58.0047587817688,1308.74163557779,-125.208793374801,-26.047399792654,1333.05592525936
"BIGKAT _ C13 _ Left _ 4",-106.191398705516,-60.629043311325,1305.96960891404,-125.805398875601,-19.6284199444517,1336.78783703324
"BIGKAT _ C13 _ Left _ 4",-105.424416844676,-63.9257699356209,1302.76890761499,-126.45166887666,-12.5031100228494,1340.99323597
"BIGKAT _ C13 _ Left _ 4",-105.100608050963,-67.4007046079147,1299.68626461332,-127.110376327049,-6.10467851716968,1344.89288036022
"BIGKAT _ C13 _ Left _ 4",-105.328211931262,-70.4944662759191,1297.26576948351,-127.725936481537,-1.7961443977367,1347.68163371004
"BIGKAT _ C13 _ Left _ 4",-106.110462064696,-72.6968845342371,1295.92788948362,-128.2228645005,-0.564784252525612,1348.69903680636
"BIGKAT _ C13 _ Left _ 4",-107.334202186669,-73.6561863572828,1295.87541842435,-128.517836609659,-2.78711880096037,1347.60241117679
"BIGKAT _ C13 _ Left _ 4",-108.786812395191,-73.2545508908094,1297.05260390426,-128.546974950652,-8.13421662484367,1344.48708964639
"BIGKAT _ C13 _ Left _ 4",-110.200546624079,-71.6302413087522,1299.16710157208,-128.297909624752,-15.6483069983032,1339.89776273765
"BIGKAT _ C13 _ Left _ 4",-111.313588289952,-69.1421725288753,1301.76467886465,-127.828434199612,-23.968092791186,1334.70801154453
"BIGKAT _ C13 _ Left _ 4",-111.930561241212,-66.2892828797709,1304.33211455349,-127.258297279232,-31.6341160226279,1329.89985132157
"BIGKAT _ C13 _ Left _ 4",-111.965325727403,-63.6076568613003,1306.4000849336,-126.735278730933,-37.3877252795462,1326.31858248272
"BIGKAT _ C13 _ Left _ 4",-111.455438314358,-61.5692538905822,1307.6246233483,-126.389825171498,-40.3940372122146,1324.48304754862
"BIGKAT _ C13 _ Left _ 4",-110.546904705612,-60.4994427149713,1307.83708558194,-126.29576380619,-40.3570426112674,1324.49927338611
"BIGKAT _ C13 _ Left _ 4",-109.455436090508,-60.5225446742876,1307.06149977404,-126.449237309104,-37.5298404099883,1326.0818932129
"BIGKAT _ C13 _ Left _ 4",-108.414309456193,-61.5402034622484,1305.50151119003,-126.770171176462,-32.6393655132279,1328.65668731587
"BIGKAT _ C13 _ Left _ 4",-107.619791327438,-63.2466685377914,1303.49864008176,-127.12430148562,-26.7444683197628,1331.5064419992
"BIGKAT _ C13 _ Left _ 4",-107.184553407957,-65.1839627728563,1301.4639496475,-127.359542533692,-21.041688154574,1333.92578500404
"BIGKAT _ C13 _ Left _ 4",-107.108536459804,-66.8338576195752,1299.79050721003,-127.347595714289,-16.6374912612608,1335.35994475844
"BIGKAT _ C13 _ Left _ 4",-107.2748717458,-67.7318141825888,1298.76372304071,-127.020233154146,-14.3222325973789,1335.51006802363
"BIGKAT _ C13 _ Left _ 4",-107.474396779533,-67.5759922057275,1298.49425288776,-126.390439255737,-14.3984619824195,1334.39018856649
"BIGKAT _ C13 _ Left _ 4",-107.455431099876,-66.300902794515,1298.89560270269,-125.552091906225,-16.6159014687127,1332.32147372799
"BIGKAT _ C13 _ Left _ 4",-106.987691887176,-64.0950639792532,1299.71421959736,-124.657782167096,-20.2381921586559,1329.85723507917
"BIGKAT _ C13 _ Left _ 4",-105.924270240102,-61.3606674583813,1300.60117736971,-123.881425044306,-24.2234584662941,1327.65198887817
"BIGKAT _ C13 _ Left _ 4",-104.246125659767,-58.630114406142,1301.20216013747,-123.37770753549,-27.466104409993,1326.3094779148
"BIGKAT _ C13 _ Left _ 4",-102.078942737811,-56.4612747291241,1301.2414587425,-123.250722604564,-29.0383336272242,1326.25109326837
"BIGKAT _ C13 _ Left _ 4",-99.6793042568344,-55.3310132676954,1300.58303449607,-123.538753974517,-28.383890268885,1327.6330506231
"BIGKAT _ C13 _ Left _ 4",-97.3931545275499,-55.5415996279288,1299.26054966461,-124.2147781294,-25.4369212422396,1330.32010608479
"BIGKAT _ C13 _ Left _ 4",-95.5937516743131,-57.1527024760432,1297.47417147156,-125.197327382818,-20.6522630082233,1333.90959002192
"BIGKAT _ C13 _ Left _ 4",-94.6095875896939,-59.9528669673898,1295.55501940935,-126.36554019669,-14.9391127901212,1337.7960638801
"BIGKAT _ C13 _ Left _ 4",-94.655717259881,-63.4839780168162,1293.90114723249,-127.574368810095,-9.49674095929731,1341.26929253127
"BIGKAT _ C13 _ Left _ 4",-95.7837514967654,-67.1245238202668,1292.89436815308,-128.6691727279,-5.5678900347285,1343.63949929013
"BIGKAT _ C13 _ Left _ 4",-97.8643596207604,-70.2209304266644,1292.81442918355,-129.501824220058,-4.15326520765174,1344.37853604924
"BIGKAT _ C13 _ Left _ 4",-100.60988074037,-72.2368728976619,1293.77182191604,-129.951318518329,-5.75650459926382,1343.25233158487
"BIGKAT _ C13 _ Left _ 4",-103.634248922226,-72.8791264440091,1295.67822328833,-129.94875300351,-10.2345649326688,1340.40551203954
"BIGKAT _ C13 _ Left _ 4",-106.536139265422,-72.1627529083078,1298.26340950005,-129.4998696562,-16.8036219068329,1336.358181029
"BIGKAT _ C13 _ Left _ 4",-108.983321746394,-70.3969265628782,1301.13368318961,-128.693386132817,-24.203214200314,1331.89895834997
"BIGKAT _ C13 _ Left _ 4",-110.775155706671,-68.097036888229,1303.85566722383,-127.686177367207,-30.9727195409819,1327.90013556538
"BIGKAT _ C13 _ Left _ 4",-111.867051495896,-65.8489793957598,1306.04496779239,-126.666595649035,-35.7659135225939,1325.11449622277
"BIGKAT _ C13 _ Left _ 4",-112.353147611874,-64.1615482113446,1307.44153813526,-125.807400850615,-37.6300387322423,1324.01661279937
"BIGKAT _ C13 _ Left _ 4",-112.416279483569,-63.3422507633868,1307.95905010073,-125.223322579369,-36.1967650664963,1324.72557700116
"BIGKAT _ C13 _ Left _ 4",-112.262674884536,-63.4243559872821,1307.70071223754,-124.945082694805,-31.756724741821,1327.01215885037
"BIGKAT _ C13 _ Left _ 4",-112.060700324514,-64.1618503995337,1306.9380743984,-124.915529670231,-25.2072548947173,1330.37107452153
"BIGKAT _ C13 _ Left _ 4",-111.899323570846,-65.0948941699867,1306.05422564997,-125.007197657033,-17.8778077278194,1334.13342060606
"BIGKAT _ C13 _ Left _ 4",-111.774865408147,-65.6717068116093,1305.45976314558,-125.055289344535,-11.2570040948176,1337.5982862105
"BIGKAT _ C13 _ Left _ 4",-111.606176869138,-65.3969488121778,1305.49752307182,-124.89701650025,-6.6706217321571,1340.16586895289
"BIGKAT _ C13 _ Left _ 4",-111.270660102362,-63.9676549965477,1306.35700767541,-124.408596613731,-4.98210987625993,1341.45193300974
"BIGKAT _ C13 _ Left _ 4",-110.648641418615,-61.360335615448,1308.01927037946,-123.53423851821,-6.39320788237406,1341.35921243964
"BIGKAT _ C13 _ Left _ 4",-109.662860970488,-57.8468411301916,1310.24732718442,-122.304088724748,-10.4028534701317,1340.08473594815
"BIGKAT _ C13 _ Left _ 4",-108.303157385815,-53.9368813089888,1312.62719679474,-120.838053824658,-15.939981788863,1338.05761399297
"BIGKAT _ C13 _ Left _ 4",-106.632333312536,-50.2644378857877,1314.65295113068,-119.331335108141,-21.6347142942908,1335.82357422576
"BIGKAT _ C13 _ Left _ 4",-104.775336728693,-47.4476958182425,1315.83874034198,-118.019422392091,-26.1532874574581,1333.90859502951
"BIGKAT _ C13 _ Left _ 4",-102.897771646839,-45.9550049740317,1315.83407946978,-117.126479288079,-28.5096545938967,1332.69672133626
"BIGKAT _ C13 _ Left _ 4",-101.180103689644,-46.0042703499124,1314.51685553868,-116.808388626648,-28.2816491616097,1332.34845688973
"BIGKAT _ C13 _ Left _ 4",-99.7917546155302,-47.5142064452561,1312.04133899249,-117.106129866278,-25.6899237601236,1332.77360351933
"BIGKAT _ C13 _ Left _ 4",-98.8669573859933,-50.1166156336373,1308.82548073979,-117.924627268769,-21.5296004445516,1333.66158883986
"BIGKAT _ C13 _ Left _ 4",-98.4835515750227,-53.2295046855393,1305.47333027813,-119.046476565739,-16.9716100646275,1334.5633986588
"BIGKAT _ C13 _ Left _ 4",-98.6469983152288,-56.1796739749301,1302.64447803095,-120.179949558425,-13.2745984525328,1335.00988173095
"BIGKAT _ C13 _ Left _ 4",-99.2835936378039,-58.3507279360169,1300.899503579,-121.029456559779,-11.4699722925104,1334.64094832893
"BIGKAT _ C13 _ Left _ 4",-100.247342172573,-59.3225758905334,1300.56150206565,-121.368991639162,-12.0963285124796,1333.31272608672
"BIGKAT _ C13 _ Left _ 4",-101.342751240757,-58.9672062459178,1301.63257253778,-121.09832549205,-15.054677931201,1331.15134953662
"BIGKAT _ C13 _ Left _ 4",-102.3610211029,-57.4756347349562,1303.78952436117,-120.267369620058,-19.6265080535204,1328.53610389401
"BIGKAT _ C13 _ Left _ 4",-103.121851328201,-55.3095212271634,1306.4601779402,-119.063187214717,-24.6499689029674,1326.01653712775
"BIGKAT _ C13 _ Left _ 4",-103.510222205318,-53.0906733104985,1308.95945227882,-117.763656315548,-28.8043386854734,1324.18733629862
"BIGKAT _ C13 _ Left _ 4",-103.49865912452,-51.4555040556141,1310.65068123652,-116.669806760746,-30.9278927661512,1323.55291336061
"BIGKAT _ C13 _ Left _ 4",-103.149983175768,-50.9069092228839,1311.09478448192,-116.03375905275,-30.2947671882231,1324.41058602855
"BIGKAT _ C13 _ Left _ 4",-102.601050908219,-51.6947012685621,1310.15530722527,-115.999940086607,-26.7938527654796,1326.77309504299
"BIGKAT _ C13 _ Left _ 4",-102.032125603975,-53.7502391630775,1308.0367977435,-116.573723251198,-20.9752026695833,1330.34393989355
"BIGKAT _ C13 _ Left _ 4",-101.628389727257,-56.6917384117363,1305.24586769792,-117.624391875898,-13.9519945276211,1334.55367429142
"BIGKAT _ C13 _ Left _ 4",-101.540435140443,-59.9030839316703,1302.47933863024,-118.91979315621,-7.17121634307487,1338.65825631829
"BIGKAT _ C13 _ Left _ 4",-101.850604596099,-62.6716547937047,1300.46159394542,-120.181412771246,-2.09553810276249,1341.88788668667
"BIGKAT _ C13 _ Left _ 4",-102.552123552377,-64.3539278320783,1299.76914270564,-121.144780675116,0.133491630200383,1343.61735043666
"BIGKAT _ C13 _ Left _ 4",-103.546951399983,-64.5276695407888,1300.6875140802,-121.61241279642,-1.03328584316499,1343.51438922915
"BIGKAT _ C13 _ Left _ 4",-104.664801077319,-63.0915366817961,1303.13887080814,-121.491746899534,-5.42048327982305,1341.62186063404
"BIGKAT _ C13 _ Left _ 4",-105.699955952075,-60.2878790546122,1306.69867095274,-120.814173279628,-12.1714807995355,1338.34771072633
"BIGKAT _ C13 _ Left _ 4",-106.456641198735,-56.6474760007766,1310.69312174201,-119.732342950657,-19.9513107396026,1334.36749953681
"BIGKAT _ C13 _ Left _ 4",-106.790918072881,-52.8764482423886,1314.34661224493,-118.494593118158,-27.2471649190559,1330.4718964002
"BIGKAT _ C13 _ Left _ 4",-106.63903208134,-49.7168852564696,1316.93906093453,-117.399699280033,-32.6845166417467,1327.40287431621
"BIGKAT _ C13 _ Left _ 4",-106.027609800551,-47.8110709954114,1317.93936133227,-116.740137689565,-35.2884720379096,1325.71525327186
"BIGKAT _ C13 _ Left _ 4",-105.066792000152,-47.5896228534094,1317.09591978058,-116.744509443955,-34.6505046428633,1325.68374149436
"BIGKAT _ C13 _ Left _ 4",-103.930602036118,-49.1949974923863,1314.47804716303,-117.529641280426,-30.9891881617878,1327.26140987573
"BIGKAT _ C13 _ Left _ 4",-102.829146252517,-52.4486689761813,1310.46710534695,-119.071821996571,-25.1074496833998,1330.0895326425
"BIGKAT _ C13 _ Left _ 4",-101.976030857869,-56.8706184062242,1305.6967111245,-121.20468825642,-18.251683140866,1333.55858475873
"BIGKAT _ C13 _ Left _ 4",-101.553498434572,-61.7568854718663,1300.94426779066,-123.646725403749,-11.8826835593332,1336.91883291237
"BIGKAT _ C13 _ Left _ 4",-101.678529444671,-66.3099505823744,1296.98618697869,-126.053924845,-7.3848583677964,1339.43032484353
"BIGKAT _ C13 _ Left _ 4",-102.375604198974,-69.7995451800712,1294.44352663066,-128.086037108781,-5.76651178098594,1340.52609309551
"BIGKAT _ C13 _ Left _ 4",-103.564298096058,-71.7164795575752,1293.65472628751,-129.472111592632,-7.42513711035783,1339.94719315193
"BIGKAT _ C13 _ Left _ 4",-105.069451075776,-71.8785261945456,1294.60987814828,-130.062831578799,-12.0489296954315,1337.80651951877
"BIGKAT _ C13 _ Left _ 4",-106.656322048063,-70.4592210519372,1296.96535054043,-129.860164220493,-18.6913315449534,1334.55739353013
"BIGKAT _ C13 _ Left _ 4",-108.084143313662,-67.933480279536,1300.13439687571,-129.017483948076,-26.0007933746813,1330.87579481354
"BIGKAT _ C13 _ Left _ 4",-109.163251505045,-64.9582294432617,1303.42787578764,-127.807786872409,-32.5384777345836,1327.49424305522
"BIGKAT _ C13 _ Left _ 4",-109.798330726831,-62.2217903593722,1306.20758762325,-126.565076839173,-37.0955669013916,1325.0361024576
"BIGKAT _ C13 _ Left _ 4",-110.004965786229,-60.2981144119004,1308.0162437828,-125.611387622802,-38.935119000523,1323.88999778194
"BIGKAT _ C13 _ Left _ 4",-109.895962028729,-59.5341311085107,1308.65924307426,-125.185455041102,-37.9171274310765,1324.14500843734
"BIGKAT _ C13 _ Left _ 4",-109.643004644676,-59.9876165053789,1308.22689931175,-125.388457784464,-34.4983424735214,1325.59008992431
"BIGKAT _ C13 _ Left _ 4",-109.425010432892,-61.4241542434875,1307.05639780055,-126.159304164734,-29.6184158112267,1327.7712455377
"BIGKAT _ C13 _ Left _ 4",-109.376544674121,-63.3746324832457,1305.64092160208,-127.287156706977,-24.493903401051,1330.09522380766
"BIGKAT _ C13 _ Left _ 4",-109.548894307549,-65.2456060253092,1304.50245149908,-128.461252361458,-20.3520113860097,1331.96342612545
"BIGKAT _ C13 _ Left _ 4",-109.893473777967,-66.4619363251088,1304.05548958629,-129.347881798037,-18.1524209959823,1332.91114407991
"BIGKAT _ C13 _ Left _ 4",-110.272224848534,-66.6083416090961,1304.4964885449,-129.675144898245,-18.3614463698253,1332.71866090883
"BIGKAT _ C13 _ Left _ 4",-110.49291456047,-65.5320164585774,1305.7508687775,-129.302605921042,-20.8425174840536,1331.46114009563
"BIGKAT _ C13 _ Left _ 4",-110.360380657903,-63.3779377124964,1307.49380829273,-128.257286679474,-24.8998473554281,1329.48000369617
"BIGKAT _ C13 _ Left _ 4",-109.730285318497,-60.5491062599129,1309.23826188261,-126.727402772953,-29.4649642122518,1327.28488703042
"BIGKAT _ C13 _ Left _ 4",-108.551530766683,-57.6060497415488,1310.46396666801,-125.01669331496,-33.3706209855397,1325.41805754939
"BIGKAT _ C13 _ Left _ 4",-106.887082794385,-55.134057878965,1310.7522048773,-123.471538521396,-35.634799660125,1324.3208361947
"BIGKAT _ C13 _ Left _ 4",-104.908857835671,-53.6098600382891,1309.89396443044,-122.398403110316,-35.6849196261339,1324.2340101487
"BIGKAT _ C13 _ Left _ 4",-102.868328991983,-53.2951107049966,1307.94914878389,-121.990375874379,-33.4779345051343,1325.15000928208
"BIGKAT _ C13 _ Left _ 4",-101.049087017675,-54.1770577850302,1305.24578058367,-122.279593715511,-29.4997151830136,1326.8217910809
"BIGKAT _ C13 _ Left _ 4",-99.7105365401094,-55.9690978388958,1302.31841158983,-123.127528194348,-24.6487756319477,1328.8241913805
"BIGKAT _ C13 _ Left _ 4",-99.0336893224663,-58.1739376924967,1299.79570043085,-124.256974083802,-20.0272302296783,1330.65567357852
"BIGKAT _ C13 _ Left _ 4",-99.0807049029113,-60.1981882557281,1298.25946459822,-125.318675191727,-16.680588973764,1331.85974976398
"BIGKAT _ C13 _ Left _ 4",-99.7785870241662,-61.4920366802278,1298.10827750008,-125.975275839083,-15.3455811773096,1332.13748585354
"BIGKAT _ C13 _ Left _ 4",-100.933101595353,-61.6780308787005,1299.46142665027,-125.980334221211,-16.2713928292278,1331.42086036301
"BIGKAT _ C13 _ Left _ 4",-102.271445482352,-60.6352021857025,1302.12944679863,-125.232592938094,-19.1642412244684,1329.8860795863
"BIGKAT _ C13 _ Left _ 4",-103.503569865014,-58.5190438932975,1305.65774525578,-123.79386133125,-23.2688796190868,1327.90482654284
"BIGKAT _ C13 _ Left _ 4",-104.386017963627,-55.717792763665,1309.42820866137,-121.869221238797,-27.5581924437619,1325.95132243568
"BIGKAT _ C13 _ Left _ 4",-104.771615513017,-52.7621333281538,1312.78921475631,-119.75762289222,-30.9730821437384,1324.49412873634
"BIGKAT _ C13 _ Left _ 4",-104.633554930473,-50.2130795959769,1315.18202940931,-117.786821387532,-32.6504716593937,1323.89984471665
"BIGKAT _ C13 _ Left _ 4",-104.060719040754,-48.5513574877032,1316.23953522312,-116.247656808439,-32.0938672843809,1324.36531870544
"BIGKAT _ C13 _ Left _ 4",-103.228818884705,-48.0856228326517,1315.84504300425,-115.339739036926,-29.2647774497309,1325.88362094156
"BIGKAT _ C13 _ Left _ 4",-102.356551646081,-48.8916064863188,1314.14765078492,-115.136431798459,-24.5910477085343,1328.24266205809
"BIGKAT _ C13 _ Left _ 4",-101.65716605402,-50.7919458806469,1311.53380762964,-115.57389161779,-18.8955865156628,1331.05466136734
"BIGKAT _ C13 _ Left _ 4",-101.294692810953,-53.3846615974646,1308.55576390194,-116.466536214212,-13.2516393579672,1333.81605406677
"BIGKAT _ C13 _ Left _ 4",-101.351997461537,-56.1223062259763,1305.82222233077,-117.547729683764,-8.7780345317759,1335.9959212892
"BIGKAT _ C13 _ Left _ 4",-101.815520479671,-58.4313721588422,1303.86736366635,-118.528807525981,-6.40427945870175,1337.14360268209
"BIGKAT _ C13 _ Left _ 4",-102.579152248353,-59.8461035580672,1303.02723457541,-119.163779503561,-6.65534014232691,1336.99450791243
"BIGKAT _ C13 _ Left _ 4",-103.466764780492,-60.1209003584235,1303.35811556742,-119.304431939211,-9.51520790931453,1335.54449206669
"BIGKAT _ C13 _ Left _ 4",-104.26933995845,-59.2886751846712,1304.62316401656,-118.932669085418,-14.414397920437,1333.06626914493
"BIGKAT _ C13 _ Left _ 4",-104.789138828126,-57.6492699359357,1306.35299054653,-118.162792651088,-20.350012522137,1330.05857016164
"BIGKAT _ C13 _ Left _ 4",-104.881411862561,-55.6943229624433,1307.96239989273,-117.213963599835,-26.1044799668399,1327.14166128998
"BIGKAT _ C13 _ Left _ 4",-104.484923693777,-53.9918552474638,1308.8904524547,-116.360084274685,-30.5023964113355,1324.92815750218
"BIGKAT _ C13 _ Left _ 4",-103.635832784818,-53.0593789788903,1308.72962820095,-115.868625705124,-32.6449677318652,1323.89914088981
"BIGKAT _ C13 _ Left _ 4",-102.463508667186,-53.2507573832171,1307.31870538353,-115.940746456024,-32.0808309871718,1324.30691551514
"BIGKAT _ C13 _ Left _ 4",-101.169835327987,-54.6757697898151,1304.78495445233,-116.663765896657,-28.8932494560989,1326.11666738245
"BIGKAT _ C13 _ Left _ 4",-99.9950108030217,-57.1665086969871,1301.52928693626,-117.985325944799,-23.6955783887615,1328.99513949919
"BIGKAT _ C13 _ Left _ 4",-99.1738701313137,-60.3003594515152,1298.15416342499,-119.716202783724,-17.5316408576044,1332.35332201325
"BIGKAT _ C13 _ Left _ 4",-98.8885816633104,-63.4814227487142,1295.3425295073,-121.564130137002,-11.6853794223375,1335.44638938396
"BIGKAT _ C13 _ Left _ 4",-99.2262983659111,-66.0686838626913,1293.7084928598,-123.193829117961,-7.4222712102633,1337.52347466151
"BIGKAT _ C13 _ Left _ 4",-100.152485575929,-67.5232922389124,1293.65284932667,-124.301125787207,-5.71059056182515,1338.00306645032
"BIGKAT _ C13 _ Left _ 4",-101.509867596482,-67.5368768459447,1295.26140614012,-124.68471901247,-6.99067632103896,1336.63255293177
"BIGKAT _ C13 _ Left _ 4",-103.047770803327,-66.1050651561934,1298.27623719591,-124.298640656489,-11.0598556638771,1333.58174048143
"BIGKAT _ C13 _ Left _ 4",-104.477904279111,-63.5261687126518,1302.1507150282,-123.270914990533,-17.1130936708903,1329.42958729449
"BIGKAT _ C13 _ Left _ 4",-105.543462639629,-60.3278819333997,1306.17494282826,-121.880005807494,-23.9327914207739,1325.03439793479
"BIGKAT _ C13 _ Left _ 4",-106.08289535285,-57.1453086386472,1309.63755921209,-120.491597921151,-30.1746941643136,1321.32017320786
"BIGKAT _ C13 _ Left _ 4",-106.070437579545,-54.584491584054,1311.980101674,-119.471582403524,-34.6704467436782,1319.0442750086
"BIGKAT _ C13 _ Left _ 4",-105.622232977745,-53.104410463001,1312.90482572881,-119.099877791612,-36.6704902369516,1318.61632046689
"BIGKAT _ C13 _ Left _ 4",-104.966638279118,-52.9395223721611,1312.41399424476,-119.508403551002,-35.9782443245582,1320.01494757084
"BIGKAT _ C13 _ Left _ 4",-104.386498941234,-54.070650161988,1310.78033310548,-120.656556560061,-32.9615884706633,1322.81346535896
"BIGKAT _ C13 _ Left _ 4",-104.14754911696,-56.2412655181629,1308.46530667079,-122.345635435173,-28.4546279110942,1326.2953495543
"BIGKAT _ C13 _ Left _ 4",-104.430004418366,-59.0117790665061,1306.00940535985,-124.265318620483,-23.5760317517026,1329.62459432119
"BIGKAT _ C13 _ Left _ 4",-105.27992306111,-61.8435980602756,1303.91840545447,-126.061261827895,-19.4954207712537,1332.03233372687
"BIGKAT _ C13 _ Left _ 4",-106.592813729081,-64.2024221389472,1302.56591269573,-127.410928254798,-17.1852519271912,1332.98399470853
"BIGKAT _ C13 _ Left _ 4",-108.134294777187,-65.6642839104776,1302.12818149506,-128.093236635388,-17.2051682647855,1332.29591185849
"BIGKAT _ C13 _ Left _ 4",-109.592908560814,-66.0015397852472,1302.56215207808,-128.036986103694,-19.571326082725,1330.17604526111
"BIGKAT _ C13 _ Left _ 4",-110.651643354516,-65.2259797123005,1303.63058081688,-127.335203869556,-23.7523518059209,1327.17376490833
"BIGKAT _ C13 _ Left _ 4",-111.060280709031,-63.576202023857,1304.96857738903,-126.219217408174,-28.8013211664631,1324.04311101347
"BIGKAT _ C13 _ Left _ 4",-110.691384539757,-61.4531901166539,1306.17550442197,-124.997147724031,-33.5899666380314,1321.55056588182
"BIGKAT _ C13 _ Left _ 4",-109.56773224253,-59.323543529168,1306.90905727729,-123.973358602948,-37.078042458705,1320.28036038146
"BIGKAT _ C13 _ Left _ 4",-107.856458484569,-57.6169447430937,1306.95844971175,-123.372455815187,-38.5440533265396,1320.49372944283
"BIGKAT _ C13 _ Left _ 4",-105.832925116164,-56.6414907830038,1306.28139193584,-123.289339937413,-37.7241249599619,1322.0796609685
"BIGKAT _ C13 _ Left _ 4",-103.823340200341,-56.5314056242768,1305.00090632632,-123.676657730587,-34.8392659410569,1324.60363530541
"BIGKAT _ C13 _ Left _ 4",-102.138497124913,-57.2322813598515,1303.36777226388,-124.368578044979,-30.520243235272,1327.43264112002
"BIGKAT _ C13 _ Left _ 4",-101.011994354282,-58.5227784045994,1301.69999659683,-125.13058729575,-25.6556241150278,1329.89854906256
"BIGKAT _ C13 _ Left _ 4",-100.555537411543,-60.0678470305146,1300.31299124852,-125.72065443561,-21.1954871174876,1331.45840834815
"BIGKAT _ C13 _ Left _ 4",-100.741285922204,-61.4941560723792,1299.45484826347,-125.946681663693,-17.9481577021798,1331.81586538729
"BIGKAT _ C13 _ Left _ 4",-101.415913055085,-62.4725520349696,1299.26025252093,-125.707508616602,-16.4121500583422,1330.97903055122
"BIGKAT _ C13 _ Left _ 4",-102.343166142898,-62.7881334112307,1299.73252341868,-125.009458199,-16.6837408261102,1329.24439716415
"BIGKAT _ C13 _ Left _ 4",-103.263544655483,-62.3807018942564,1300.75555586943,-123.957017653481,-18.4637849315482,1327.11292351459
"BIGKAT _ C13 _ Left _ 4",-103.954929228466,-61.3479476295203,1302.12872198041,-122.723248877055,-21.1570471681005,1325.16154816181
"BIGKAT _ C13 _ Left _ 4",-104.278964716723,-59.9156866026947,1303.61236790902,-121.510356158965,-24.0284114092865,1323.90560759422
"BIGKAT _ C13 _ Left _ 4",-104.203875416134,-58.3869734358992,1304.97183380329,-120.511208866379,-26.3692504066243,1323.68741683436
"BIGKAT _ C13 _ Left _ 4",-103.80189553094,-57.0824499791994,1306.01270712431,-119.878655295218,-27.6368499318288,1324.61290821392
"BIGKAT _ C13 _ Left _ 4",-103.225400058992,-56.2808048192921,1306.60558713349,-119.704225830032,-27.5485275776764,1326.54046367939
"BIGKAT _ C13 _ Left _ 4",-102.66881279159,-56.1652448012434,1306.70170237173,-120.004811626174,-26.1264873178343,1329.11390331606
"BIGKAT _ C13 _ Left _ 4",-102.324082980183,-56.7817698895801,1306.3403305034,-120.716376670436,-23.6942954892742,1331.82801198176
"BIGKAT _ C13 _ Left _ 4",-102.33729985399,-58.0171595761784,1305.64638647887,-121.696459528254,-20.8243206497789,1334.11654907729
"BIGKAT _ C13 _ Left _ 4",-102.773728433621,-59.6062045181233,1304.8142290256,-122.739636701918,-18.2344932942962,1335.45432166126
"BIGKAT _ C13 _ Left _ 4",-103.598108889607,-61.1752464740891,1304.07437145509,-123.609645459062,-16.6391525245836,1335.46313922657
"BIGKAT _ C13 _ Left _ 4",-104.675577140821,-62.3199965711543,1303.64497926737,-124.086964809585,-16.5754571709643,1334.00560347601
"BIGKAT _ C13 _ Left _ 4",-105.795150205567,-62.7015844992311,1303.67841000193,-124.022454678931,-18.2480386577846,1331.24339543356
"BIGKAT _ C13 _ Left _ 4",-106.712511909762,-62.1332582721327,1304.21952612212,-123.380629890402,-21.4451324379952,1327.63450011244
"BIGKAT _ C13 _ Left _ 4",-107.20334486294,-60.6299038792836,1305.19139037401,-122.255867821302,-25.5649310549689,1323.85451998157
"BIGKAT _ C13 _ Left _ 4",-107.114872428116,-58.4057596084118,1306.41421800133,-120.853481168833,-29.7525727517039,1320.65226125832
"BIGKAT _ C13 _ Left _ 4",-106.403266712592,-55.8248763708706,1307.65060971666,-119.441148139705,-33.1060419904757,1318.67759703118
"BIGKAT _ C13 _ Left _ 4",-105.148279186856,-53.3228990164731,1308.66175422483,-118.28685159621,-34.8873904867233,1318.33234857692
"BIGKAT _ C13 _ Left _ 4",-103.542240165239,-51.3217135379015,1309.25901230259,-117.601575934853,-34.6832929503326,1319.68448068443
"BIGKAT _ C13 _ Left _ 4",-101.85611514522,-50.15298819331,1309.34067215117,-117.499325548043,-32.4852611977604,1322.46096540182
"BIGKAT _ C13 _ Left _ 4",-100.3891635456,-49.9995931474415,1308.9097473741,-117.979083396727,-28.6860236894295,1326.11102377705
"BIGKAT _ C13 _ Left _ 4",-99.4110171390327,-50.8603807644408,1308.07230886117,-118.927990251122,-24.0032154373816,1329.91854632761
"BIGKAT _ C13 _ Left _ 4",-99.1064546313758,-52.5439985073501,1307.01711116808,-120.14325123469,-19.3457020750042,1333.13970774267
"BIGKAT _ C13 _ Left _ 4",-99.5339378684142,-54.6975932544912,1305.9783326201,-121.369966829561,-15.6397195538608,1335.14356668582
"BIGKAT _ C13 _ Left _ 4",-100.608087232258,-56.8720040235881,1305.18606447667,-122.350664442797,-13.6387646554216,1335.53500457236
"BIGKAT _ C13 _ Left _ 4",-102.112333791535,-58.6148640234817,1304.81362372084,-122.878881439067,-13.7531277109654,1334.23923172829
"BIGKAT _ C13 _ Left _ 4",-103.740875105399,-59.570962698843,1304.93425485508,-122.845312846268,-15.9434717609391,1331.52748152033
"BIGKAT _ C13 _ Left _ 4",-105.160869774501,-59.5629137012244,1305.49927389951,-122.263848651681,-19.7155805250569,1327.9695933813
"BIGKAT _ C13 _ Left _ 4",-106.079893418097,-58.6298831997891,1306.3442477635,-121.268729665198,-24.225732802733,1324.31553042047
"BIGKAT _ C13 _ Left _ 4",-106.302654241383,-57.0159003881395,1307.22164409696,-120.082780831981,-28.4690960823434,1321.33157229093
"BIGKAT _ C13 _ Left _ 4",-105.76521824771,-55.1143567314644,1307.85169696743,-118.966253380008,-31.4977267055055,1319.63493117708
"BIGKAT _ C13 _ Left _ 4",-104.542367914681,-53.3844880524144,1307.98081398081,-118.160765048884,-32.613789707548,1319.56975439291
"BIGKAT _ C13 _ Left _ 4",-102.830589323179,-52.2573995163532,1307.43774356552,-117.841113065582,-31.5026091686866,1321.14869242549
"BIGKAT _ C13 _ Left _ 4",-100.912805132415,-52.0471954875606,1306.17879744622,-118.082461737246,-28.2922087406729,1324.06145674963
"BIGKAT _ C13 _ Left _ 4",-99.1112595744476,-52.8811967306655,1304.31304570176,-118.846050519783,-23.5383449825986,1327.73791189719
"BIGKAT _ C13 _ Left _ 4",-97.734003165389,-54.6630290810721,1302.09797283985,-119.984760674062,-18.1366948985272,1331.45033385166
"BIGKAT _ C13 _ Left _ 4",-97.020543710748,-57.0809798860319,1299.89886039549,-121.269122032335,-13.165838765685,1334.44167604524
"BIGKAT _ C13 _ Left _ 4",-97.0943293242019,-59.6675586365975,1298.11376035946,-122.432249776866,-9.67527476684571,1336.06708483829
"BIGKAT _ C13 _ Left _ 4",-97.9324957102692,-61.9030007672289,1297.07919917428,-123.227729911657,-8.45361027522466,1335.93064745502
"BIGKAT _ C13 _ Left _ 4",-99.3636451352971,-63.3391524496697,1296.98331996498,-123.488862534323,-9.83343324813398,1333.98961649468
"BIGKAT _ C13 _ Left _ 4",-101.099582185449,-63.7091163066623,1297.81491532666,-123.173672535854,-13.5943236015258,1330.59143347136
"BIGKAT _ C13 _ Left _ 4",-102.797192267156,-62.9899056003974,1299.36560127253,-122.380601302573,-19.0028622024215,1326.41606633606
"BIGKAT _ C13 _ Left _ 4",-104.135936165035,-61.400963281762,1301.28328648452,-121.326722087202,-24.9838544265656,1322.32370428375
"BIGKAT _ C13 _ Left _ 4",-104.890056123703,-59.343259606129,1303.15789509639,-120.292633425221,-30.3715509763106,1319.14594625249
"BIGKAT _ C13 _ Left _ 4",-104.975918293061,-57.3008793269394,1304.61297565597,-119.550309736603,-34.1669069796894,1317.48410961094
"BIGKAT _ C13 _ Left _ 4",-104.463239373225,-55.7326931304457,1305.38074765817,-119.295189556462,-35.7361191131645,1317.5742476698
"BIGKAT _ C13 _ Left _ 4",-103.549984118986,-54.9771042249558,1305.34819893857,-119.59968673188,-34.9158478291159,1319.24981104432
"BIGKAT _ C13 _ Left _ 4",-102.5097207325,-55.1846023013856,1304.57117628138,-120.39658162676,-32.0209814856225,1321.99941455918
"BIGKAT _ C13 _ Left _ 4",-101.624966194429,-56.2866577988515,1303.25836609124,-121.49301670824,-27.7679048583452,1325.09471331307
"BIGKAT _ C13 _ Left _ 4",-101.121153602834,-58.0062563009167,1301.72857435183,-122.611058170434,-23.1306297584506,1327.7549201208
"BIGKAT _ C13 _ Left _ 4",-101.114835443408,-59.9119631308542,1300.34624347824,-123.447589059414,-19.1484714866601,1329.31488182792
"BIGKAT _ C13 _ Left _ 4",-101.58724740463,-61.5100471477111,1299.44443274795,-123.742855707299,-16.7113437931557,1329.36715184875
"BIGKAT _ C13 _ Left _ 4",-102.389825193687,-62.3575377943734,1299.25067109496,-123.343404141953,-16.3628631965402,1327.85237128569
"BIGKAT _ C13 _ Left _ 4",-103.281151006369,-62.1684670410534,1299.83444479943,-122.243714561667,-18.1717080832171,1325.07737133062
"BIGKAT _ C13 _ Left _ 4",-103.986376358105,-60.8839378493227,1301.09105737072,-120.594173974847,-21.7133580970123,1321.65071434002
"BIGKAT _ C13 _ Left _ 4",-104.263685956339,-58.6875160463449,1302.7656476782,-118.671672135673,-26.1729588614033,1318.34440190452
"BIGKAT _ C13 _ Left _ 4",-103.960921826899,-55.96553245465,1304.50892905039,-116.820461368821,-30.539205850074,1315.91445418013
"BIGKAT _ C13 _ Left _ 4",-103.049589204953,-53.2271284777918,1305.94899935152,-115.379815940219,-33.8317168006271,1314.92907605525
"BIGKAT _ C13 _ Left _ 4",-101.630768184446,-51.0045727083801,1306.76361366728,-114.616754995031,-35.3039843727564,1315.64928361465
"BIGKAT _ C13 _ Left _ 4",-99.9145583219951,-49.7517742320023,1306.74184426585,-114.676654834928,-34.5846046894056,1317.98521663873
"BIGKAT _ C13 _ Left _ 4",-98.1793071628861,-49.7543877642704,1305.8282820659,-115.557017013071,-31.7431387426224,1321.52638350151
"BIGKAT _ C13 _ Left _ 4",-96.7188252766081,-51.0634770386962,1304.1440978582,-117.105085998327,-27.2804000375568,1325.62855319014
"BIGKAT _ C13 _ Left _ 4",-95.7863058547643,-53.4663002471855,1301.97847784542,-119.039211529105,-22.0458739175745,1329.53602291154
"BIGKAT _ C13 _ Left _ 4",-95.5439635490215,-56.5079480032266,1299.74498630126,-120.993782431111,-17.0862391907966,1332.52002897811
"BIGKAT _ C13 _ Left _ 4",-96.0276743946678,-59.5708370387883,1297.90390376529,-122.584739692045,-13.4381669355245,1334.01589173022
"BIGKAT _ C13 _ Left _ 4",-97.1352078521872,-62.003477244032,1296.8634225535,-123.486405610594,-11.8982900529371,1333.73992711363
"BIGKAT _ C13 _ Left _ 4",-98.6435546335743,-63.270391215235,1296.88413976495,-123.503650340017,-12.8247721903478,1331.7630268379
"BIGKAT _ C13 _ Left _ 4",-100.254587542957,-63.0818601826958,1298.01472925333,-122.620536175268,-16.0319358760098,1328.51600449938
"BIGKAT _ C13 _ Left _ 4",-101.660042002467,-61.4642513782567,1300.07842732871,-121.009874535992,-20.8199691699055,1324.71012760351
"BIGKAT _ C13 _ Left _ 4",-102.609881803069,-58.7499502972675,1302.71375582827,-118.997420559483,-26.139484077111,1321.17939251407
"BIGKAT _ C13 _ Left _ 4",-102.96609225855,-55.4921630804025,1305.45654511943,-116.987562102218,-30.844773949932,1318.68186656312
"BIGKAT _ C13 _ Left _ 4",-102.728121000408,-52.3320306012654,1307.84033263504,-115.369725153395,-33.9622221511825,1317.71760697588
"BIGKAT _ C13 _ Left _ 4",-102.024694079885,-49.8551004186104,1309.4908195307,-114.43050437456,-34.9023649954984,1318.4161850741
"BIGKAT _ C13 _ Left _ 4",-101.075947013723,-48.4705084731329,1310.19540552186,-114.293111072348,-33.5698036097645,1320.52088314537
"BIGKAT _ C13 _ Left _ 4",-100.136672558046,-48.335031834595,1309.93691934677,-114.896145653582,-30.3583081745527,1323.46518426735
"BIGKAT _ C13 _ Left _ 4",-99.4347721808251,-49.3324491220836,1308.8879646952,-116.013448771064,-26.0446271462765,1326.51438132233
"BIGKAT _ C13 _ Left _ 4",-99.1189474867273,-51.1093577174112,1307.36785570644,-117.308895266954,-21.6092919669135,1328.93523869517
"BIGKAT _ C13 _ Left _ 4",-99.2269392481962,-53.1601046093472,1305.7695646324,-118.414028276357,-18.0204530385236,1330.15662159123
"BIGKAT _ C13 _ Left _ 4",-99.6807067930857,-54.9436392909445,1304.47075395816,-119.011512271096,-16.0226632885462,1329.88944736261
"BIGKAT _ C13 _ Left _ 4",-100.308505944661,-56.0056482557715,1303.7489547001,-118.904838710087,-15.9756939189412,1328.18282716235
"BIGKAT _ C13 _ Left _ 4",-100.887305345286,-56.0758321527274,1303.72211284629,-118.057153072951,-17.7823200944244,1325.40503242601
"BIGKAT _ C13 _ Left _ 4",-101.194363324713,-55.1170773542501,1304.32936510726,-116.590389581809,-20.9234259567285,1322.15392570965
"BIGKAT _ C13 _ Left _ 4",-101.05559345263,-53.3190445484738,1305.35463930801,-114.747817691739,-24.5878467719224,1319.11995388829
"BIGKAT _ C13 _ Left _ 4",-100.380792968004,-51.0459354974156,1306.48297319739,-112.834069029191,-27.8567183193749,1316.93883220039
"BIGKAT _ C13 _ Left _ 4",-99.1806360037843,-48.7585330903728,1307.37223265117,-111.151893114168,-29.8918833125678,1316.07209052209
"BIGKAT _ C13 _ Left _ 4",-97.5653453847526,-46.9304882276762,1307.72345824654,-109.951865012383,-30.0885924620369,1316.73946440567
"BIGKAT _ C13 _ Left _ 4",-95.7281910548686,-45.9715833865839,1307.33859595621,-109.402295051098,-28.1742819081508,1318.90566043525
"BIGKAT _ C13 _ Left _ 4",-93.917838909529,-46.1633094435274,1306.15981766482,-109.57744787918,-24.2526644457688,1322.30759427734
"BIGKAT _ C13 _ Left _ 4",-92.403034494382,-47.6096557476599,1304.28688048763,-110.457739092172,-18.7975649124773,1326.50383024652
"BIGKAT _ C13 _ Left _ 4",-91.4326974873074,-50.2086928395864,1301.96865943316,-111.93666471153,-12.5966621083774,1330.93400035613
"BIGKAT _ C13 _ Left _ 4",-91.195232302951,-53.6542517017509,1299.56541382989,-113.833208923193,-6.64116875231249,1334.98571794385
"BIGKAT _ C13 _ Left _ 4",-91.7825980544681,-57.4763602590136,1297.48283781149,-115.9118015214,-1.96283894432366,1338.07285239158
"BIGKAT _ C13 _ Left _ 4",-93.1663064957336,-61.1210412842642,1296.08787764284,-117.912279025928,0.562868005238379,1339.72720084582
"BIGKAT _ C13 _ Left _ 4",-95.1925661264079,-64.0567743299822,1295.62563496402,-119.589580946888,0.406783118756295,1339.69458200672
"BIGKAT _ C13 _ Left _ 4",-97.6011909623519,-65.8830435774206,1296.16029491557,-120.758187320363,-2.48329195038788,1338.0108372521
"BIGKAT _ C13 _ Left _ 4",-100.067514248946,-66.4127226164377,1297.55745675131,-121.331266960273,-7.65400076053063,1335.02418001692
"BIGKAT _ C13 _ Left _ 4",-102.25965227355,-65.707086948662,1299.51234677758,-121.342108328496,-14.2322186035183,1331.33990732815
"BIGKAT _ C13 _ Left _ 4",-103.897883701414,-64.0567791976518,1301.61421412692,-120.938832522917,-21.1002139008431,1327.69270937457
"BIGKAT _ C13 _ Left _ 4",-104.801943882487,-61.9170770983574,1303.42850989444,-120.352126018267,-27.1105353244683,1324.78385848006
"BIGKAT _ C13 _ Left _ 4",-104.916755525219,-59.8149314336387,1304.57832382665,-119.844511741101,-31.2901820287204,1323.13320743957
"BIGKAT _ C13 _ Left _ 4",-104.314700738719,-58.246827510588,1304.8122386864,-119.653593097863,-33.0011475768088,1322.98296842508
"BIGKAT _ C13 _ Left _ 4",-103.178352710908,-57.5839040507738,1304.05143879313,-119.94081166913,-32.043675242255,1324.2655749312
"BIGKAT _ C13 _ Left _ 4",-101.769157480155,-57.9982475583049,1302.41090334566,-120.754770452346,-28.696854924421,1326.62896158686
"BIGKAT _ C13 _ Left _ 4",-100.386093544689,-59.4233096950526,1300.18877426254,-122.016071608783,-23.6888963018072,1329.50576226832
"BIGKAT _ C13 _ Left _ 4",-99.317010663711,-61.5598254541804,1297.81870776895,-123.528256173242,-18.0871274914261,1332.21419738912
"BIGKAT _ C13 _ Left _ 4",-98.7867441417787,-63.9327313673032,1295.78642862764,-125.015236681701,-13.1073424669039,1334.08059081717
"BIGKAT _ C13 _ Left _ 4",-98.9103474168183,-65.9926131720469,1294.52427525956,-126.179427215646,-9.86696642760858,1334.57114834343
"BIGKAT _ C13 _ Left _ 4",-99.6639317372336,-67.240253197693,1294.31051573733,-126.768686816407,-9.13613873613751,1333.41264742422
"BIGKAT _ C13 _ Left _ 4",-100.885208240553,-67.342197002124,1295.2042837025,-126.63677853294,-11.1561556771237,1330.67243301963
"BIGKAT _ C13 _ Left _ 4",-102.308581062693,-66.2055675101989,1297.03688550176,-125.782304141122,-15.5823829301604,1326.76679776587
"BIGKAT _ C13 _ Left _ 4",-103.628004707698,-63.992674225957,1299.46041200495,-124.354879764956,-21.5714505540673,1322.38153989651
"BIGKAT _ C13 _ Left _ 4",-104.570691053965,-61.0749984686577,1302.03581720277,-122.624700406267,-27.9867679263103,1318.31737222632
"BIGKAT _ C13 _ Left _ 4",-104.96112561244,-57.9437771398213,1304.33316661025,-120.921778281163,-33.6616129036554,1315.30191992053
"BIGKAT _ C13 _ Left _ 4",-104.758711933939,-55.1041596340421,1306.01782518667,-119.560671070097,-37.6478612995322,1313.8228325053
"BIGKAT _ C13 _ Left _ 4",-104.06107491493,-52.9793790154912,1306.90463519485,-118.770816229897,-39.3922092614377,1314.0267988007
"BIGKAT _ C13 _ Left _ 4",-103.074729278974,-51.8427041410484,1306.97353907631,-118.649504982164,-38.8112935241104,1315.70444396058
"BIGKAT _ C13 _ Left _ 4",-102.062361771331,-51.7836165062373,1306.35073998425,-119.146422860592,-36.267658261712,1318.35498877647
"BIGKAT _ C13 _ Left _ 4",-101.280031866427,-52.7064022092072,1305.26606745048,-120.080247755129,-32.4680746948879,1321.30728620361
"BIGKAT _ C13 _ Left _ 4",-100.918373051509,-54.3564529870918,1303.99859152366,-121.182021397174,-28.311647204639,1323.86740386304
"BIGKAT _ C13 _ Left _ 4",-101.060121681757,-56.3697939410805,1302.82041321857,-122.156534718534,-24.713540995644,1325.4635526917
"BIGKAT _ C13 _ Left _ 4",-101.662463439521,-58.3404531494142,1301.9459597106,-122.749942617244,-22.4293567840539,1325.7624428303
"BIGKAT _ C13 _ Left _ 4",-102.567136784331,-59.8960803736797,1301.49305390864,-122.80887613179,-21.9085495439973,1324.73536251587
"BIGKAT _ C13 _ Left _ 4",-103.534994360724,-60.7669947393617,1301.46223077034,-122.315694601233,-23.2081224700655,1322.6589301829
"BIGKAT _ C13 _ Left _ 4",-104.296488849675,-60.8326511041925,1301.73995789649,-121.389197535018,-25.9909023104735,1320.04734074776
"BIGKAT _ C13 _ Left _ 4",-104.606783438489,-60.1354079926447,1302.12725779806,-120.250489862348,-29.6115056282791,1317.53036321625
"BIGKAT _ C13 _ Left _ 4",-104.294410411355,-58.8621139374923,1302.38797953573,-119.165870475868,-33.2651209548699,1315.70888054982
"BIGKAT _ C13 _ Left _ 4",-103.295226225072,-57.3031677467625,1302.30440513771,-118.386125920556,-36.1556267182342,1315.02745754175
"BIGKAT _ C13 _ Left _ 4",-101.667710410471,-55.8013744751179,1301.72644523913,-118.10000474868,-37.6417166736787,1315.69492452174
"BIGKAT _ C13 _ Left _ 4",-99.5896654920437,-54.6993555330945,1300.60499166101,-118.41043290788,-37.3385200325786,1317.6638200365
"BIGKAT _ C13 _ Left _ 4",-97.3385085411988,-54.2890255346203,1299.00622049399,-119.331557557967,-35.1723915748925,1320.65995732583
"BIGKAT _ C13 _ Left _ 4",-95.2574749795151,-54.7643191447682,1297.10765094495,-120.798763096834,-31.3956522851578,1324.24365706405
"BIGKAT _ C13 _ Left _ 4",-93.7097004557433,-56.1804652483117,1295.17762437225,-122.683864149396,-26.564758165068,1327.88502079145
"BIGKAT _ C13 _ Left _ 4",-93.023166758582,-58.42788115309,1293.53938639874,-124.811576446444,-21.4770834292062,1331.04199460138
"BIGKAT _ C13 _ Left _ 4",-93.4325951549642,-61.2323260073483,1292.52148183686,-126.977702378728,-17.0582168058004,1333.2362398805
"BIGKAT _ C13 _ Left _ 4",-95.0284397751136,-64.1911073132783,1292.39896374086,-128.971454054024,-14.2006712677596,1334.12427240393
"BIGKAT _ C13 _ Left _ 4",-97.7256994110455,-66.8459468993403,1293.33438226359,-130.603010112691,-13.5759510363151,1333.55869774821
"BIGKAT _ C13 _ Left _ 4",-101.263890915549,-68.7792824195468,1295.33143867015,-131.733874986238,-15.4648627531847,1331.62811987344
"BIGKAT _ C13 _ Left _ 4",-105.243383974341,-69.7090111375066,1298.21497439377,-132.303830281181,-19.6605121467985,1328.6590471079
"BIGKAT _ C13 _ Left _ 4",-109.193773869649,-69.5535539111854,1301.64705827111,-132.345817191631,-25.4847492113916,1325.16544896448
"BIGKAT _ C13 _ Left _ 4",-112.660118114118,-68.4467927308104,1305.1806229586,-131.980441294581,-31.9251507352719,1321.74543860063
"BIGKAT _ C13 _ Left _ 4",-115.286304937008,-66.6976690403981,1308.34173468575,-131.386351424008,-37.8603974147742,1318.94584584154
"BIGKAT _ C13 _ Left _ 4",-116.874413915752,-64.7058513065366,1310.72279329222,-130.751117528049,-42.3136730723406,1317.13283135932
"BIGKAT _ C13 _ Left _ 4",-117.405402959929,-62.8572710751461,1312.06475565779,-130.21603697952,-44.666355611455,1316.40930983553
"BIGKAT _ C13 _ Left _ 4",-117.017785408899,-61.4283252788906,1312.30795887857,-129.832870571009,-44.777947199122,1316.60542559866
"BIGKAT _ C13 _ Left _ 4",-115.953105207975,-60.5243823529222,1311.59799067961,-129.548012300697,-42.9860114743993,1317.34375426615
"BIGKAT _ C13 _ Left _ 4",-114.485700167307,-60.0680155151372,1310.24413665085,-129.220700183189,-39.9923985744768,1318.15730307632
"BIGKAT _ C13 _ Left _ 4",-112.856791034108,-59.8379475739054,1308.6406358487,-128.670140319478,-36.6705550031238,1318.62410268714
"BIGKAT _ C13 _ Left _ 4",-111.229246914681,-59.5452235154256,1307.17138374787,-127.736491675037,-33.8467371133267,1318.48014269129
"BIGKAT _ C13 _ Left _ 4",-109.671540392433,-58.9231370480273,1306.12320290345,-126.336400195564,-32.111454131785,1317.68143932642
"BIGKAT _ C13 _ Left _ 4",-108.17038058711,-57.8051875376348,1305.62960249628,-124.496561574405,-31.7054889140852,1316.40263588425
"BIGKAT _ C13 _ Left _ 4",-106.66401012523,-56.1713141930422,1305.65696207095,-122.356847341001,-32.5008651859866,1314.97836256548
"BIGKAT _ C13 _ Left _ 4",-105.084132202556,-54.1540645463886,1306.03207528412,-120.144250600643,-34.0694088212435,1313.80870426396
"BIGKAT _ C13 _ Left _ 4",-103.394622608181,-52.0085096716297,1306.49919050756,-118.127024892054,-35.8100900810704,1313.25729379134
"BIGKAT _ C13 _ Left _ 4",-101.618534377067,-50.0582370638153,1306.78954373791,-116.562636972677,-37.0977541246991,1313.56826737062
"BIGKAT _ C13 _ Left _ 4",-99.8491020673802,-48.6322605142923,1306.68693848296,-115.652285302375,-37.4202082003586,1314.8182248401
"BIGKAT _ C13 _ Left _ 4",-98.2436348977233,-48.0048065724653,1306.07712577272,-115.509609789479,-36.4823275665824,1316.90638517182
"BIGKAT _ C13 _ Left _ 4",-97.0012273574616,-48.3451127769812,1304.9740818708,-116.145228481811,-34.2673874145983,1319.57638669826
"BIGKAT _ C13 _ Left _ 4",-96.3272228765553,-49.6815539274854,1303.52069967425,-117.465489629962,-31.0522182897666,1322.45974941944
"BIGKAT _ C13 _ Left _ 4",-96.3901179563761,-51.8849001057844,1301.96419233019,-119.284171429958,-27.3740408046184,1325.13247215701
"BIGKAT _ C13 _ Left _ 4",-97.2794908165106,-54.6769148326727,1300.60872056717,-121.347460108128,-23.947359976954,1327.17885447706
"BIGKAT _ C13 _ Left _ 4",-98.974864233022,-57.6687809732977,1299.75109364251,-123.372066786754,-21.5345649293712,1328.25730532928
"BIGKAT _ C13 _ Left _ 4",-101.333664289976,-60.4268831051227,1299.61025873797,-125.092401490606,-20.7862276291938,1328.16071654678
"BIGKAT _ C13 _ Left _ 4",-104.101717068403,-62.5535688705388,1300.26585667539,-126.307288342847,-22.0826952870907,1326.86055656206
"BIGKAT _ C13 _ Left _ 4",-106.943913089703,-63.7632899752117,1301.6223587056,-126.913680623044,-25.4181720446322,1324.52255234721
"BIGKAT _ C13 _ Left _ 4",-109.488150527612,-63.9347927566631,1303.41107937641,-126.916910550896,-30.3631507422481,1321.48590872922
"BIGKAT _ C13 _ Left _ 4",-111.373867195731,-63.1280953575062,1305.23293900544,-126.413965199225,-36.1196068793823,1318.20796825367
"BIGKAT _ C13 _ Left _ 4",-112.297419026062,-61.5665089642814,1306.63326171356,-125.555482926334,-41.655045982289,1315.18799612042
"BIGKAT _ C13 _ Left _ 4",-112.049403298028,-59.5930987596061,1307.19099157724,-124.499790642319,-45.8805158236858,1312.89028849927
"BIGKAT _ C13 _ Left _ 4",-110.54245654822,-57.6141690578012,1306.60237058856,-123.374846945458,-47.833474448642,1311.68330585297
"BIGKAT _ C13 _ Left _ 4",-107.830333091917,-56.0399883549663,1304.74328441767,-122.260151035115,-46.8369990790947,1311.80037630636
"BIGKAT _ C13 _ Left _ 4",-104.118456336045,-55.2283995343795,1301.70117554985,-121.192407270145,-42.6208601515192,1313.31675873941
"BIGKAT _ C13 _ Left _ 4",-99.7624214712514,-55.4339633639389,1297.77244965551,-120.189695717086,-35.3962356379251,1316.13479113842
"BIGKAT _ C13 _ Left _ 4",-95.246665337773,-56.7656290395681,1293.42406441894,-119.282271454314,-25.8725687607728,1319.97482936264
"BIGKAT _ C13 _ Left _ 4",-91.1350154980414,-59.1585426564404,1289.22147547607,-118.535527079421,-15.2006856214348,1324.38000856311
"BIGKAT _ C13 _ Left _ 4",-87.9910093505772,-62.3676990147838,1285.73199171302,-118.052666105023,-4.83105476650417,1328.74994657793
"BIGKAT _ C13 _ Left _ 4",-86.2775639700834,-65.99021285151,1283.42155325151,-117.951219093855,3.70675218012011,1332.41574568643
"BIGKAT _ C13 _ Left _ 4",-86.2576890723959,-69.5183058335349,1282.56900609171,-118.317682909195,9.07316416097546,1334.75435777087
"BIGKAT _ C13 _ Left _ 4",-87.9242549398698,-72.4178875503905,1283.22017966713,-119.155599828391,10.3842283030661,1335.32022848888
"BIGKAT _ C13 _ Left _ 4",-90.98320187898,-74.2200660937569,1285.19332265231,-120.349719704379,7.41093863796318,1333.95695058069
"BIGKAT _ C13 _ Left _ 4",-94.900954356934,-74.6073365266951,1288.13152769943,-121.667184019733,0.655923221277906,1330.85090619044
"BIGKAT _ C13 _ Left _ 4",-99.0075611828738,-73.4747391028985,1291.58353608454,-122.80353356616,-8.72329154368262,1326.50480172236
"BIGKAT _ C13 _ Left _ 4",-102.629405232489,-70.9507438906084,1295.08778831094,-123.46135515873,-19.1350135471347,1321.63539143238
"BIGKAT _ C13 _ Left _ 4",-105.216246996077,-67.3729040568928,1298.23792328438,-123.433443904061,-28.8657288140705,1317.02510269573
"BIGKAT _ C13 _ Left _ 4",-106.430781902892,-63.225882059373,1300.71898444769,-122.660280638053,-36.4031744694233,1313.37048591006
"BIGKAT _ C13 _ Left _ 4",-106.183423025851,-59.0583802500079,1302.31723430603,-121.243956262776,-40.6902243203655,1311.16603196511
"BIGKAT _ C13 _ Left _ 4",-104.613961873748,-55.3967084863685,1302.91652966902,-119.418496642555,-41.2612196516095,1310.64355748546
"BIGKAT _ C13 _ Left _ 4",-102.036444558477,-52.6675618845166,1302.49615304801,-117.489853094314,-38.2569218923064,1311.76575534804
"BIGKAT _ C13 _ Left _ 4",-98.8686065750141,-51.1366701487355,1301.13832752806,-115.763988341943,-32.3470463162889,1314.2586642921
"BIGKAT _ C13 _ Left _ 4",-95.5630505997138,-50.8680345400901,1299.04193200179,-114.480697756923,-24.5971173468319,1317.66625112407
"BIGKAT _ C13 _ Left _ 4",-92.5487791625442,-51.7105655081358,1296.52798651512,-113.767216464912,-16.3045442462054,1321.41752320691
"BIGKAT _ C13 _ Left _ 4",-90.1841413198338,-53.3208607038003,1294.0183625552,-113.620592372086,-8.81346893422412,1324.90477430924
"BIGKAT _ C13 _ Left _ 4",-88.7192911141231,-55.2272441065346,1291.97609920918,-113.92123496999,-3.31407226669013,1327.57340151656
"BIGKAT _ C13 _ Left _ 4",-88.2684444207372,-56.9287101473126,1290.81289711337,-114.472555657863,-0.644759198293972,1329.01625735863
"BIGKAT _ C13 _ Left _ 4",-88.796875564316,-58.0070392699665,1290.78900138995,-115.055359372481,-1.13625952767902,1329.05283255333
"BIGKAT _ C13 _ Left _ 4",-90.1300335018835,-58.2200947118261,1291.94108414775,-115.482831894672,-4.54682111976394,1327.76614233377
"BIGKAT _ C13 _ Left _ 4",-91.9888154398284,-57.5470808370254,1294.06729777204,-115.642762096297,-10.1224503475318,1325.47766752808
"BIGKAT _ C13 _ Left _ 4",-94.046502834204,-56.1727592887515,1296.77776315522,-115.517010955553,-16.7772819682936,1322.66248319682
"BIGKAT _ C13 _ Left _ 4",-95.9938608089426,-54.4194106957304,1299.59405953403,-115.174046048764,-23.3457076957676,1319.83056566717
"BIGKAT _ C13 _ Left _ 4",-97.5949188905776,-52.6520322714433,1302.0646494586,-114.738367263903,-28.832992300299,1317.41212799415
"BIGKAT _ C13 _ Left _ 4",-98.7193942639678,-51.1871922563279,1303.86107850493,-114.348093544685,-32.5964195631069,1315.67948466891
"BIGKAT _ C13 _ Left _ 4",-99.3465127708682,-50.2293263339968,1304.83095677301,-114.114876563368,-34.4189933230172,1314.72077734634
"BIGKAT _ C13 _ Left _ 4",-99.5444096627993,-49.8454295837059,1305.00104331718,-114.097440955112,-34.4755165943197,1314.46192338239
"BIGKAT _ C13 _ Left _ 4",-99.4353038223428,-49.976482388548,1304.53904018899,-114.293881538144,-33.2199432236091,1314.72025039375
"BIGKAT _ C13 _ Left _ 4",-99.1579240520062,-50.4753702936862,1303.69136847112,-114.65157657829,-31.2359318410324,1315.26907169056
