"fileName","thumb_y","thumb_x","thumb_z","finger_y","finger_x","finger_z"
"BIGKAT _ P74 _ Left _ 1",20.6696964401135,27.8426059312912,1168.80780494366,15.264625743326,108.518744072138,1239.41732735458
"BIGKAT _ P74 _ Left _ 1",20.6650579402282,27.8419836399477,1168.8084445947,15.2614946813225,108.51693087379,1239.40805451372
"BIGKAT _ P74 _ Left _ 1",20.6631148466556,27.8419247196715,1168.81058751319,15.2601930034922,108.517464258911,1239.40492290956
"BIGKAT _ P74 _ Left _ 1",20.6659888748668,27.842692042639,1168.81417939154,15.2621224268445,108.521346129158,1239.41196092921
"BIGKAT _ P74 _ Left _ 1",20.6753874464164,27.8443752790758,1168.81859790679,15.2683575671397,108.528992727798,1239.43178220229
"BIGKAT _ P74 _ Left _ 1",20.6919578667757,27.8467617524507,1168.82254182606,15.2791806900791,108.53984623025,1239.46406702491
"BIGKAT _ P74 _ Left _ 1",20.714740007686,27.849236933091,1168.82406471283,15.2936745192316,108.552133028203,1239.50429361157
"BIGKAT _ P74 _ Left _ 1",20.7409521402803,27.8507587727225,1168.82080059012,15.3095318976192,108.562914383668,1239.54324512597
"BIGKAT _ P74 _ Left _ 1",20.7663270337694,27.8499478211478,1168.810389509,15.3232321939623,108.568538656178,1239.56779654863
"BIGKAT _ P74 _ Left _ 1",20.7860921730308,27.8453207995456,1168.79105739747,15.3306584791198,108.565505894447,1239.56327574143
"BIGKAT _ P74 _ Left _ 1",20.7964395993577,27.8356689330304,1168.76224964104,15.3280776660731,108.551596914438,1239.51727130277
"BIGKAT _ P74 _ Left _ 1",20.7960152059463,27.8205410404812,1168.72516999151,15.3132204735856,108.526942087635,1239.42416704708
"BIGKAT _ P74 _ Left _ 1",20.7867564287131,27.8007302222958,1168.68305593547,15.2860941081903,108.494608661414,1239.28907288765
"BIGKAT _ P74 _ Left _ 1",20.7735353451487,27.778595008761,1168.64107287211,15.2492378222813,108.46037451938,1239.12950447005
"BIGKAT _ P74 _ Left _ 1",20.7625620861398,27.7580166624252,1168.60580603989,15.2073395263262,108.431640668498,1238.97350576867
"BIGKAT _ P74 _ Left _ 1",20.759140742664,27.7438550628922,1168.58433843496,15.1663123058293,108.415788025545,1238.85399600457
"BIGKAT _ P74 _ Left _ 1",20.7657620234404,27.7409198272116,1168.58282145981,15.1320177217936,108.418503765502,1238.80053327846
"BIGKAT _ P74 _ Left _ 1",20.7813838892038,27.7526541142758,1168.60452137412,15.1088954214137,108.442543120646,1238.83078682738
"BIGKAT _ P74 _ Left _ 1",20.8021429873201,27.7798530752417,1168.64775210156,15.098865184142,108.487124832935,1238.9443930172
"BIGKAT _ P74 _ Left _ 1",20.8230159854484,27.8197897816711,1168.70470798842,15.1009100243416,108.547946523596,1239.12141478731
"BIGKAT _ P74 _ Left _ 1",20.8395490771207,27.8661199330093,1168.76243888118,15.1115835769996,108.61779975718,1239.32637988022
"BIGKAT _ P74 _ Left _ 1",20.8489521348597,27.9098438337893,1168.8064672874,15.1263182424731,108.687806598069,1239.51709388145
"BIGKAT _ P74 _ Left _ 1",20.850464310029,27.9413433843407,1168.82589800516,15.1410465992224,108.749178797031,1239.65563305735
"BIGKAT _ P74 _ Left _ 1",20.8454184171433,27.9530979749656,1168.81743804886,15.1535075494998,108.79516120841,1239.71791747126
"BIGKAT _ P74 _ Left _ 1",20.8374109975213,27.9422735415969,1168.78590011622,15.1637411137845,108.822659640394,1239.69878299464
"BIGKAT _ P74 _ Left _ 1",20.8324768885263,27.9121998668495,1168.74073272106,15.1735990824161,108.833044507307,1239.6114051074
"BIGKAT _ P74 _ Left _ 1",20.8386675952729,27.8719691453571,1168.69056882552,15.1855064083352,108.831737134403,1239.48209492819
"BIGKAT _ P74 _ Left _ 1",20.864455689769,27.8339943266156,1168.63889520981,15.2010362050772,108.826471879093,1239.34266941394
"BIGKAT _ P74 _ Left _ 1",20.9160431420339,27.8101474233565,1168.58299560245,15.2198914462936,108.82460782248,1239.22263757941
"BIGKAT _ P74 _ Left _ 1",20.9945103499165,27.8077352889021,1168.51621649053,15.2395765831432,108.8303320374,1239.14296416856
"BIGKAT _ P74 _ Left _ 1",21.0941525477473,27.8267693550798,1168.43188651738,15.2556567957407,108.842753047979,1239.11257723827
"BIGKAT _ P74 _ Left _ 1",21.2029749286795,27.8596072985042,1168.32675921072,15.2623481581212,108.855637963838,1239.1280693191
"BIGKAT _ P74 _ Left _ 1",21.3053806261142,27.893206746476,1168.20252256243,15.2532970861728,108.85903174993,1239.17624133824
"BIGKAT _ P74 _ Left _ 1",21.3861361901329,27.9132768413737,1168.06512339253,15.2226030309476,108.84238194702,1239.23846971494
"BIGKAT _ P74 _ Left _ 1",21.4342117384726,27.9089203056225,1167.92274939028,15.1662115005568,108.798237320497,1239.29553821383
"BIGKAT _ P74 _ Left _ 1",21.4452451764391,27.876184202482,1167.78378859157,15.0836514320303,108.725295020726,1239.33165667557
"BIGKAT _ P74 _ Left _ 1",21.4220445663901,27.8193652845685,1167.65575476618,14.9797503424772,108.629698427808,1239.33683487979
"BIGKAT _ P74 _ Left _ 1",21.3733646804203,27.7497817424765,1167.54528967766,14.8656201368494,108.524017670017,1239.30737794281
"BIGKAT _ P74 _ Left _ 1",21.3117241127363,27.6826093101003,1167.45851799526,14.7581135469224,108.424109911867,1239.24478222575
"BIGKAT _ P74 _ Left _ 1",21.2509853058335,27.6328597857455,1167.40082372596,14.6772626548772,108.34484335853,1239.15363816721
"BIGKAT _ P74 _ Left _ 1",21.203977063989,27.6115573877029,1167.37567445119,14.6418801493231,108.296175278451,1239.03929838444
"BIGKAT _ P74 _ Left _ 1",21.1801466149504,27.6229061310599,1167.38294709731,14.6642848033163,108.280946673972,1238.90605494062
"BIGKAT _ P74 _ Left _ 1",21.1834177116288,27.6630120038186,1167.41767667276,14.745677984711,108.294936266936,1238.75641681836
"BIGKAT _ P74 _ Left _ 1",21.2108352956717,27.7205138543931,1167.47005342854,14.8737825462548,108.328695342379,1238.59183473726
"BIGKAT _ P74 _ Left _ 1",21.2527092183663,27.7791095739519,1167.5269517432,15.0238719737719,108.370156573284,1238.41478420451
"BIGKAT _ P74 _ Left _ 1",21.2946594771667,27.8214166142466,1167.57448155227,15.1633999962934,108.407192007086,1238.23134793693
"BIGKAT _ P74 _ Left _ 1",21.3213587863,27.8331177917434,1167.60043850003,15.259349825839,108.429750734872,1238.05269877609
"BIGKAT _ P74 _ Left _ 1",21.3210782988442,27.8062320170677,1167.59565862638,15.2864476768185,108.431424284701,1237.89403541365
"BIGKAT _ P74 _ Left _ 1",21.2896243831483,27.7407116235103,1167.55417064761,15.2338668474281,108.410250944628,1237.770909788
"BIGKAT _ P74 _ Left _ 1",21.2322192006238,27.644162140175,1167.47289069323,15.1083075225536,108.36859175112,1237.69461229369
"BIGKAT _ P74 _ Left _ 1",21.1624675967062,27.5299648999846,1167.35168176512,14.932415026965,108.312117818421,1237.66891370429
"BIGKAT _ P74 _ Left _ 1",21.098545994841,27.4143357122472,1167.19402644375,14.7390078995602,108.248198978606,1237.68945247407
"BIGKAT _ P74 _ Left _ 1",21.0577211712702,27.3129646141797,1167.00794584193,14.5628983562076,108.184151132604,1237.74535721665
"BIGKAT _ P74 _ Left _ 1",21.0509111784312,27.2379111647309,1166.8064998629,14.4326935240504,108.125845437681,1237.82183775347
"BIGKAT _ P74 _ Left _ 1",21.0790423924045,27.1953458420778,1166.6072770846,14.364727127157,108.077034908665,1237.90298113449
"BIGKAT _ P74 _ Left _ 1",21.1324005123673,27.184554716378,1166.43065216977,14.3604238368803,108.039409559648,1237.97482237257
"BIGKAT _ P74 _ Left _ 1",21.1932098773038,27.1984323169302,1166.29702471203,14.4073600690116,108.013066483362,1238.02860263874
"BIGKAT _ P74 _ Left _ 1",21.2406570260423,27.225448605952,1166.2235310509,14.4833985675177,107.997017681422,1238.06308060209
"BIGKAT _ P74 _ Left _ 1",21.2568168935959,27.2527238381166,1166.22089421044,14.562674666058,107.989542629523,1238.08431239505
"BIGKAT _ P74 _ Left _ 1",21.2316442705297,27.2694725868119,1166.2912990998,14.6219166691761,107.988420435893,1238.10239897771
"BIGKAT _ P74 _ Left _ 1",21.1654910600948,27.2698915484385,1166.42821785542,14.6456249852497,107.991186500289,1238.1264791238
"BIGKAT _ P74 _ Left _ 1",21.0684864286956,27.2546622237034,1166.61847347981,14.6290150412028,107.995517755454,1238.16024867574
"BIGKAT _ P74 _ Left _ 1",20.9572590859118,27.230590101118,1166.84563453955,14.5782175773807,107.99972059539,1238.2000167244
"BIGKAT _ P74 _ Left _ 1",20.8503758739918,27.2084571510607,1167.09303957592,14.5078608070409,108.003173491518,1238.23618741677
"BIGKAT _ P74 _ Left _ 1",20.7641234848414,27.1997779158253,1167.34513285878,14.4367503690108,108.006529228978,1238.25757805825
"BIGKAT _ P74 _ Left _ 1",20.7098064261755,27.2135235724068,1167.58709197153,14.3828283702642,108.011527863918,1238.25666094261
"BIGKAT _ P74 _ Left _ 1",20.6928700410032,27.2537983100058,1167.80396391484,14.3587588224631,108.02040293366,1238.23330984363
"BIGKAT _ P74 _ Left _ 1",20.7134094418571,27.3190023321978,1167.98076965463,14.3692544701219,108.035036383457,1238.1953039094
"BIGKAT _ P74 _ Left _ 1",20.7673931326629,27.4024780928009,1168.10407870992,14.4107413126831,108.056136501298,1238.1553790815
"BIGKAT _ P74 _ Left _ 1",20.8481342465665,27.4942497708207,1168.1642457647,14.4733189330372,108.082705262834,1238.12620377558
"BIGKAT _ P74 _ Left _ 1",20.9477583865228,27.5832899804992,1168.15705344453,14.5442964042684,108.111968105909,1238.11545221365
"BIGKAT _ P74 _ Left _ 1",21.0584057126681,27.6597171041917,1168.08420451537,14.6120250300407,108.139839773913,1238.1228664114
"BIGKAT _ P74 _ Left _ 1",21.1728613098382,27.7164052650924,1167.95305753989,14.6686542019255,108.161876653552,1238.1402253036
"BIGKAT _ P74 _ Left _ 1",21.284520429459,27.749697438792,1167.77621121448,14.7110065166028,108.174474397429,1238.15401647298
"BIGKAT _ P74 _ Left _ 1",21.3869988388489,27.7592198209219,1167.57096343313,14.7397195779318,108.175894523771,1238.14967069115
"BIGKAT _ P74 _ Left _ 1",21.4739226194465,27.747081290629,1167.35808976917,14.7575302032357,108.16670765771,1238.11578268822
"BIGKAT _ P74 _ Left _ 1",21.5392557241824,27.7168688821426,1167.15946525737,14.767669094865,108.149478610302,1238.04704003225
"BIGKAT _ P74 _ Left _ 1",21.5781380412434,27.6727750404801,1166.99466903158,14.7728973405789,108.127857901007,1237.94537208331
"BIGKAT _ P74 _ Left _ 1",21.5879629139052,27.6190166065429,1166.87730726062,14.7752010731881,108.105470370254,1237.81947529822
"BIGKAT _ P74 _ Left _ 1",21.569417377296,27.55956814499,1166.81206252979,14.7758968331156,108.084999278297,1237.68303260761
"BIGKAT _ P74 _ Left _ 1",21.5272486360303,27.4981512249951,1166.79341303886,14.775886787375,108.067729560332,1237.55190086107
"BIGKAT _ P74 _ Left _ 1",21.4704527193844,27.4383308877123,1166.8065665965,14.7758885606806,108.053647249965,1237.44071318671
"BIGKAT _ P74 _ Left _ 1",21.4115066362955,27.3835049614898,1166.83053573455,14.7765497393689,108.042007351219,1237.35972423958
"BIGKAT _ P74 _ Left _ 1",21.3644263438009,27.3366580695171,1166.84270399097,14.7784188773302,108.032083960056,1237.31285676699
"BIGKAT _ P74 _ Left _ 1",21.3419066041606,27.299973855964,1166.82384391858,14.7817909252554,108.02371680618,1237.29744195435
"BIGKAT _ P74 _ Left _ 1",21.3523264396882,27.2745424151467,1166.76235416852,14.7864864642356,108.01738242528,1237.30537269766
"BIGKAT _ P74 _ Left _ 1",21.3976037705946,27.2603243580458,1166.65659015901,14.7916609663685,108.013795211764,1237.32494422968
"BIGKAT _ P74 _ Left _ 1",21.4726011253492,27.2563431076169,1166.51470116692,14.7957596163414,108.013305031501,1237.34276415924
"BIGKAT _ P74 _ Left _ 1",21.5662062640848,27.260958610239,1166.35220183811,14.7967187847861,108.015444547577,1237.34547695324
"BIGKAT _ P74 _ Left _ 1",21.6636974179792,27.2720903519291,1166.18814827808,14.7924594581366,108.018849010087,1237.32135538702
"BIGKAT _ P74 _ Left _ 1",21.7497759080598,27.2873473845273,1166.04096662715,14.7816288314319,108.021538591373,1237.26192962041
"BIGKAT _ P74 _ Left _ 1",21.8116350940969,27.3041161019324,1165.92484730519,14.7644448609548,108.021403473269,1237.16367500392
"BIGKAT _ P74 _ Left _ 1",21.8414887394602,27.3197218769055,1165.84739748995,14.7434106544408,108.016742735814,1237.02941613112
"BIGKAT _ P74 _ Left _ 1",21.8381077477884,27.331811809884,1165.80890847529,14.7236176855611,108.006794120055,1236.86880832264
"BIGKAT _ P74 _ Left _ 1",21.8071032326829,27.3390567539247,1165.80317056021,14.7123760854767,107.992220538825,1236.69733344485
"BIGKAT _ P74 _ Left _ 1",21.7598200914797,27.3420613789869,1165.81952583896,14.7180209978749,107.975452692835,1236.53372860359
"BIGKAT _ P74 _ Left _ 1",21.7107909860952,27.3440527272518,1165.84584712255,14.7479568311872,107.960709244333,1236.39641275013
"BIGKAT _ P74 _ Left _ 1",21.674004872782,27.3507634396637,1165.87203483966,14.806295545245,107.953522296544,1236.29998143873
"BIGKAT _ P74 _ Left _ 1",21.6588571293046,27.3691929849338,1165.89325610354,14.8917497893427,107.959696300262,1236.2529097786
"BIGKAT _ P74 _ Left _ 1",21.6671788930356,27.4055298529259,1165.9118330658,14.9966182025349,107.983797708935,1236.25707214487
"BIGKAT _ P74 _ Left _ 1",21.6926354838141,27.4630230882797,1165.93683538544,15.1075601623589,108.027513315527,1236.30881810139
"BIGKAT _ P74 _ Left _ 1",21.722921702014,27.5406433563331,1165.9811150829,15.2082947725869,108.088464019075,1236.40074783203
"BIGKAT _ P74 _ Left _ 1",21.7440276471793,27.6330212895472,1166.05653677076,15.2835425768491,108.16010471442,1236.5234021819
"BIGKAT _ P74 _ Left _ 1",21.7450176763915,27.7316979495386,1166.16913328745,15.3228919124944,108.232998700189,1236.66665205334
"BIGKAT _ P74 _ Left _ 1",21.7216277911883,27.8273534320196,1166.31626161539,15.3232251802175,108.297149400295,1236.82103578731
"BIGKAT _ P74 _ Left _ 1",21.6775583526062,27.91239287131,1166.48704053961,15.288960804353,108.344587386161,1236.97914971686
"BIGKAT _ P74 _ Left _ 1",21.6232958192887,27.9830737858215,1166.66566708685,15.2302992142596,108.371347153317,1237.13668033351
"BIGKAT _ P74 _ Left _ 1",21.5731421269448,28.0403949004468,1166.83576389455,15.1603514644822,108.378298098611,1237.29252010291
"BIGKAT _ P74 _ Left _ 1",21.5415115434268,28.0893721249251,1166.98381460049,15.0921745041265,108.370740594774,1237.44783489199
"BIGKAT _ P74 _ Left _ 1",21.5394677267087,28.1369736421842,1167.10090289482,15.0364508057429,108.356984793809,1237.60442699736
"BIGKAT _ P74 _ Left _ 1",21.5721644312571,28.1894861383537,1167.18313342743,15.0000933998112,108.346254488134,1237.76293644998
"BIGKAT _ P74 _ Left _ 1",21.6375643113383,28.2501784727862,1167.23134497423,14.9856457107526,108.34632497754,1237.92146517987
"BIGKAT _ P74 _ Left _ 1",21.7266160180086,28.3179178065367,1167.25033898902,14.9911719100869,108.361401812624,1238.07510773419
"BIGKAT _ P74 _ Left _ 1",21.8248889867907,28.3870946880006,1167.24763700996,15.0104837735585,108.390809476641,1238.21653794674
"BIGKAT _ P74 _ Left _ 1",21.9153966618816,28.4488840562044,1167.23195401857,15.0338638280761,108.428942444428,1238.33737546614
"BIGKAT _ P74 _ Left _ 1",21.9820236525338,28.4934942413958,1167.21174056694,15.0496025993463,108.466599277252,1238.42976100484
"BIGKAT _ P74 _ Left _ 1",22.0128017464644,28.5127566914378,1167.19401722406,15.0464594767578,108.49340299501,1238.48752808305
"BIGKAT _ P74 _ Left _ 1",22.002374667842,28.5023585880434,1167.18348305301,15.0166662763424,108.500679555594,1238.5066541935
"BIGKAT _ P74 _ Left _ 1",21.953239528002,28.4632036535097,1167.18181779678,14.9586289486416,108.484020737725,1238.48518925957
"BIGKAT _ P74 _ Left _ 1",21.8755577473757,28.4016254201253,1167.18722551525,14.8783292679999,108.444820148188,1238.42320340561
"BIGKAT _ P74 _ Left _ 1",21.7854516345902,28.3283888502473,1167.19447768442,14.7886769747795,108.390308842328,1238.32319479194
"BIGKAT _ P74 _ Left _ 1",21.7018774149051,28.2566548312776,1167.19588019285,14.7066476737591,108.33197639094,1238.19095750771
"BIGKAT _ P74 _ Left _ 1",21.6425032217499,28.1993389026687,1167.1834018739,14.6488080307113,108.28269241554,1238.03638483205
"BIGKAT _ P74 _ Left _ 1",21.6194378285874,28.1664519693209,1167.15152091541,14.6265275361732,108.253251730395,1237.87329259527
"BIGKAT _ P74 _ Left _ 1",21.6359025560089,28.1629959302542,1167.0996574934,14.6424780765066,108.249301706952,1237.71740871984
"BIGKAT _ P74 _ Left _ 1",21.6848321005881,28.1878535390617,1167.03302586763,14.6896779706205,108.269546007081,1237.58251363164
"BIGKAT _ P74 _ Left _ 1",21.7499673684104,28.2339415104084,1166.96142077245,14.7534064747112,108.305760377754,1237.4760924008
"BIGKAT _ P74 _ Left _ 1",21.8094005012532,28.2896871028036,1166.89634100806,14.8152426016863,108.344670647776,1237.39677525806
"BIGKAT _ P74 _ Left _ 1",21.8408476340315,28.341586962736,1166.84746118111,14.8578188427093,108.37134347111,1237.33534963125
"BIGKAT _ P74 _ Left _ 1",21.8273079579843,28.3772581815369,1166.81966535624,14.8688623870773,108.373442835677,1237.27930309118
"BIGKAT _ P74 _ Left _ 1",21.7614863970693,28.3881715345534,1166.81170399693,14.8435314986111,108.345285505883,1237.21885784575
"BIGKAT _ P74 _ Left _ 1",21.6476209009646,28.3713185895434,1166.8170235669,14.7846259253173,108.290122874909,1237.15161485459
"BIGKAT _ P74 _ Left _ 1",21.5001395883027,28.3294187162023,1166.82649867915,14.7008258901044,108.219205247726,1237.08374241041
"BIGKAT _ P74 _ Left _ 1",21.3396375672877,28.2697826142167,1166.83194637761,14.6036719635965,108.147589988416,1237.02749884647
"BIGKAT _ P74 _ Left _ 1",21.1875913001333,28.2023665389828,1166.82887187189,14.5043762461918,108.088632866818,1236.99656948823
"BIGKAT _ P74 _ Left _ 1",21.0615427783661,28.1376543650901,1166.81726848706,14.4114980459411,108.049924937107,1237.0013342674
"BIGKAT _ P74 _ Left _ 1",20.9720312985506,28.0848033300629,1166.80038126043,14.3299887937438,108.032286213415,1237.04572859384
"BIGKAT _ P74 _ Left _ 1",20.9217142325434,28.0502240451985,1166.78241606542,14.2614412266129,108.031396253997,1237.12638822803
"BIGKAT _ P74 _ Left _ 1",20.9064330645343,28.0366614776855,1166.76647429853,14.2050128899374,108.040466841084,1237.23382065049
"BIGKAT _ P74 _ Left _ 1",20.9176072354066,28.0429083960553,1166.75353560417,14.1585742274268,108.052595526931,1237.35470524123
"BIGKAT _ P74 _ Left _ 1",20.9451246401928,28.0643356622626,1166.74274923146,14.1198678941615,108.062295031747,1237.47429396509
"BIGKAT _ P74 _ Left _ 1",20.9798057082696,28.0942886748109,1166.73297085025,14.087518206778,108.066292164244,1237.57831706507
"BIGKAT _ P74 _ Left _ 1",21.0147123713785,28.1260743604134,1166.72513958743,14.0616253883823,108.06382604013,1237.65446283897
"BIGKAT _ P74 _ Left _ 1",21.0451130555231,28.1549451995569,1166.7245907574,14.0437044770328,108.05656363944,1237.69385373537
"BIGKAT _ P74 _ Left _ 1",21.0675606336105,28.1794245797677,1166.74210592955,14.0359933532164,108.048122360998,1237.69272113838
"BIGKAT _ P74 _ Left _ 1",21.0789030910511,28.2015702003043,1166.79276051344,14.0404593836595,108.04318178209,1237.65393302893
"BIGKAT _ P74 _ Left _ 1",21.0759035565747,28.2261470214671,1166.89239126524,14.0579369055739,108.046295701225,1237.58765617007
"BIGKAT _ P74 _ Left _ 1",21.0556502318118,28.2589892521297,1167.05253660269,14.0876848346702,108.060681308458,1237.5105602004
"BIGKAT _ P74 _ Left _ 1",21.0164674213557,28.3050447213188,1167.27566243371,14.1274027622115,108.087346237355,1237.44349006697
"BIGKAT _ P74 _ Left _ 1",20.958838180393,28.3666803623052,1167.55278381694,14.1735582085129,108.124841743599,1237.40804374323
"BIGKAT _ P74 _ Left _ 1",20.8859109864039,28.4427239912935,1167.86470321865,14.2218434620673,108.169690657704,1237.42270565668
"BIGKAT _ P74 _ Left _ 1",20.8033892185973,28.5285229579821,1168.18629459935,14.2676454279858,108.217248085606,1237.4992186331
"BIGKAT _ P74 _ Left _ 1",20.7188625003235,28.6170639256857,1168.49178394102,14.3064663083283,108.262623742015,1237.63998774023
"BIGKAT _ P74 _ Left _ 1",20.6407700573972,28.7007210499801,1168.75892857375,14.3342491922846,108.30141932532,1237.83739797423
"BIGKAT _ P74 _ Left _ 1",20.5771460727244,28.7726694106709,1168.97126084857,14.3475946349224,108.330256780144,1238.0755974649
"BIGKAT _ P74 _ Left _ 1",20.5342485854167,28.827256981471,1169.11893841294,14.3439179340703,108.347166078018,1238.33443199379
"BIGKAT _ P74 _ Left _ 1",20.5152712950565,28.8597808270726,1169.19917357094,14.3216365434683,108.351814913737,1238.5942350896
"BIGKAT _ P74 _ Left _ 1",20.519516327763,28.8667840367317,1169.21660128249,14.2804480765018,108.345452747968,1238.83970426537
"BIGKAT _ P74 _ Left _ 1",20.5424509555603,28.8472330002942,1169.18305622757,14.2216862390083,108.330473105928,1239.06146890225
"BIGKAT _ P74 _ Left _ 1",20.5768242415412,28.8037756216346,1169.11600940952,14.1486818401221,108.30966455241,1239.25499115682
"BIGKAT _ P74 _ Left _ 1",20.6145543759551,28.7431009145953,1169.03558485356,14.0670209619745,108.285389883895,1239.41758528928
"BIGKAT _ P74 _ Left _ 1",20.6487268240231,28.6750863047164,1168.96091203936,13.9845457315983,108.259013918035,1239.54509451367
"BIGKAT _ P74 _ Left _ 1",20.6750357843793,28.6110117812451,1168.90680891723,13.9108947693295,108.230858668699,1239.62989032665
"BIGKAT _ P74 _ Left _ 1",20.6923121755086,28.5613127985205,1168.88143770625,13.8564224816,108.200766907289,1239.66131480594
"BIGKAT _ P74 _ Left _ 1",20.7021602681632,28.5333505088376,1168.88511247577,13.8305177286508,108.169058246331,1239.62865726869
"BIGKAT _ P74 _ Left _ 1",20.7079840274705,28.5296497952208,1168.91019040642,13.8395737880205,108.137450404274,1239.52568803684
"BIGKAT _ P74 _ Left _ 1",20.7137776733675,28.5469786918075,1168.94196842698,13.8850229314966,108.109508003763,1239.35509444765
"BIGKAT _ P74 _ Left _ 1",20.7230143470161,28.5765165738783,1168.96061502911,13.9619183180506,108.09030879221,1239.13102537142
"BIGKAT _ P74 _ Left _ 1",20.7378488398461,28.605228342626,1168.94424738638,14.0585431815563,108.085191559002,1238.87830198934
"BIGKAT _ P74 _ Left _ 1",20.7587232180916,28.6184013644336,1168.8731623456,14.1574015644188,108.097665734486,1238.62765717932
"BIGKAT _ P74 _ Left _ 1",20.7843899978148,28.6030338797925,1168.73484152798,14.2376287674463,108.126834135799,1238.40763785592
"BIGKAT _ P74 _ Left _ 1",20.8123640081085,28.55143592227,1168.52874302864,14.2784409896413,108.164982537226,1238.23539287835
"BIGKAT _ P74 _ Left _ 1",20.839831086253,28.4641897031642,1168.26935652089,14.2629733920981,108.196260603028,1238.10978443432
"BIGKAT _ P74 _ Left _ 1",20.8649915296644,28.351637486609,1167.98594346433,14.1819021387921,108.197497071241,1238.0100564061
"BIGKAT _ P74 _ Left _ 1",20.8886335892809,28.2333259645896,1167.71810996858,14.036507545541,108.141988601508,1237.90136612801
"BIGKAT _ P74 _ Left _ 1",20.915438637375,28.1352647048952,1167.50776891193,13.8410570320313,108.006497969553,1237.74591388428
"BIGKAT _ P74 _ Left _ 1",20.9542782581653,28.0853283407165,1167.38951217363,13.6243709329552,107.780802086083,1237.51659063513
"BIGKAT _ P74 _ Left _ 1",21.0168249966287,28.1075470702863,1167.38215344272,13.4301297694042,107.478097067156,1237.20940794207
"BIGKAT _ P74 _ Left _ 1",21.1142869690199,28.2163941621474,1167.48394352692,13.3150081378139,107.143486615407,1236.85106758288
"BIGKAT _ P74 _ Left _ 1",21.2528358127988,28.412515993726,1167.67306013313,13.3433923016402,106.856902923215,1236.49861057935
"BIGKAT _ P74 _ Left _ 1",21.4289902644949,28.6815020075563,1167.91386860297,13.5776966250753,106.72670479598,1236.22925698208
"BIGKAT _ P74 _ Left _ 1",21.6265254104571,28.9969432789732,1168.1682827371,14.0644476078141,106.871413149255,1236.12043301584
"BIGKAT _ P74 _ Left _ 1",21.8162334934776,29.328029986252,1168.41041253973,14.8181649960698,107.389654577485,1236.22255766819
"BIGKAT _ P74 _ Left _ 1",21.9591575498496,29.6505258513922,1168.64175741541,15.8068474599651,108.321922739662,1236.53014413828
"BIGKAT _ P74 _ Left _ 1",22.0130846389216,29.9585917978952,1168.90350605287,16.9436391940259,109.61146630771,1236.95930600631
"BIGKAT _ P74 _ Left _ 1",21.941391381601,30.2740516681728,1169.28198428716,18.0886343034427,111.074625578068,1237.34040861197
"BIGKAT _ P74 _ Left _ 1",21.7227352197083,30.6496263539125,1169.90342668025,19.0630712825514,112.392330141221,1237.4322944219
"BIGKAT _ P74 _ Left _ 1",21.3594418257936,31.1635517509543,1170.91586830169,19.6758362223648,113.133130195278,1236.95953735013
"BIGKAT _ P74 _ Left _ 1",20.8819665101579,31.9047877290947,1172.4591954946,19.7594124673236,112.813083251238,1235.66790701342
"BIGKAT _ P74 _ Left _ 1",20.3470908749298,32.9505682588337,1174.62834621833,19.2092688106926,110.988828002637,1233.3871041425
"BIGKAT _ P74 _ Left _ 1",19.8289718573258,34.3409968509393,1177.4380651954,18.0176283762366,107.368371662377,1230.08536168733
"BIGKAT _ P74 _ Left _ 1",19.4045164993185,36.0579342308584,1180.7994271437,16.2908224445831,101.91244947002,1225.8994519458
"BIGKAT _ P74 _ Left _ 1",19.136901408982,38.0162477496391,1184.51754129219,14.2408768951492,94.8926621960298,1221.1273344809
"BIGKAT _ P74 _ Left _ 1",19.0622755603791,40.0733352598493,1188.31567307836,12.1480285839005,86.8767272494781,1216.17928182427
"BIGKAT _ P74 _ Left _ 1",19.1839267925741,42.0573730583319,1191.88369529654,10.300671672649,78.6298652852207,1211.49560262719
"BIGKAT _ P74 _ Left _ 1",19.4754354001425,43.8074115545543,1194.94014569147,8.92874999211848,70.9518257830566,1207.4518686362
"BIGKAT _ P74 _ Left _ 1",19.8907963387783,45.2125219284564,1197.2905336134,8.15048996617869,64.498908241247,1204.28027883635
"BIGKAT _ P74 _ Left _ 1",20.377098439538,46.2362533767402,1198.86358647495,7.94806147882536,59.6518615771838,1202.03280947636
"BIGKAT _ P74 _ Left _ 1",20.8853410495338,46.9179143144487,1199.7135831752,8.17791021683967,56.4739733563817,1200.59751602384
"BIGKAT _ P74 _ Left _ 1",21.3768771134057,47.3510671088245,1199.98851184069,8.61154737797634,54.7673203220431,1199.7606717907
"BIGKAT _ P74 _ Left _ 1",21.8252139994525,47.6475099476819,1199.8752286544,8.99618830743056,54.1992144835097,1199.2937264487
"BIGKAT _ P74 _ Left _ 1",22.2142996107817,47.8986928605686,1199.53939254977,9.12210334101808,54.4509704178019,1199.03972368838
"BIGKAT _ P74 _ Left _ 1",22.5348879321184,48.1457468874771,1199.07808227684,8.88345520178252,55.3402825681975,1198.97691864902
"BIGKAT _ P74 _ Left _ 1",22.7805925480899,48.3657329089706,1198.49777315493,8.32049139645484,56.8817622620005,1199.24423880216
"BIGKAT _ P74 _ Left _ 1",22.9451252154004,48.4771106067549,1197.72214641136,7.63291231203661,59.2711413121123,1200.12192015375
"BIGKAT _ P74 _ Left _ 1",23.0219456167008,48.3629203164244,1196.62568326714,7.15762030601899,62.8016026632934,1201.97024009879
"BIGKAT _ P74 _ Left _ 1",23.0068846246932,47.9063093653814,1195.08254418165,7.30965842390096,67.7402299661598,1205.13856863743
"BIGKAT _ P74 _ Left _ 1",22.9031461139067,47.0301534088574,1193.01741057546,8.49294874318006,74.2034782240641,1209.86428695085
"BIGKAT _ P74 _ Left _ 1",22.7268138427412,45.7311292155457,1190.445962903,10.9961567255108,82.069203644464,1216.18468856575
"BIGKAT _ P74 _ Left _ 1",22.5103745323209,44.0993537958412,1187.49637333927,14.8963630560268,90.9492853617082,1223.88323848365
"BIGKAT _ P74 _ Left _ 1",22.3023721707284,42.3178439062641,1184.40800413227,19.9963301189532,100.2263053604,1232.48415550196
"BIGKAT _ P74 _ Left _ 1",22.1628514226204,40.6408373585336,1181.50810616139,25.8172968940614,109.138410300318,1241.29807791807
"BIGKAT _ P74 _ Left _ 1",22.155766042957,39.3549730625047,1179.17083636788,31.657678128479,116.885921555029,1249.51031401829
"BIGKAT _ P74 _ Left _ 1",22.340167746014,38.7309444867019,1177.76487755397,36.7114841588458,122.734674548919,1256.29559971926
"BIGKAT _ P74 _ Left _ 1",22.7616585979877,38.9747147747104,1177.59649783738,40.2239631941378,126.101647721238,1260.94090800311
"BIGKAT _ P74 _ Left _ 1",23.4449111616241,40.1870060547555,1178.85503958929,41.6506917078563,126.620632352159,1262.9588061196
"BIGKAT _ P74 _ Left _ 1",24.3878006261362,42.3385600121716,1181.56879538698,40.7822822483252,124.19139788733,1262.17446002736
"BIGKAT _ P74 _ Left _ 1",25.5581243387627,45.2671524035887,1185.58095113464,37.8005330010544,119.011580605542,1258.76831158841
"BIGKAT _ P74 _ Left _ 1",26.8944798670917,48.699790178195,1190.55566063637,33.2443911726161,111.580367312909,1253.25739294091
"BIGKAT _ P74 _ Left _ 1",28.3126288321375,52.298657172135,1196.0204367799,27.8868154420979,102.656702823359,1246.40733403563
"BIGKAT _ P74 _ Left _ 1",29.7170341421844,55.7222963063917,1201.44164249168,22.552863003598,93.1618088934338,1239.08657965539
"BIGKAT _ P74 _ Left _ 1",31.0148647912467,58.6868224308317,1206.31735444929,17.9330791732929,84.0377638894176,1232.09795515109
"BIGKAT _ P74 _ Left _ 1",32.1281352205758,61.0096532445065,1210.26228397744,14.4500108517419,76.0994119178738,1226.03768820544
"BIGKAT _ P74 _ Left _ 1",33.0000326839887,62.6229151470853,1213.05931791358,12.2149159396453,69.9272291545033,1221.22662785889
"BIGKAT _ P74 _ Left _ 1",33.593965191622,63.5542075218077,1214.66359407153,11.0774522950823,65.8332185596908,1217.73152738299
"BIGKAT _ P74 _ Left _ 1",33.8872743992134,63.8841801842378,1215.16274250274,10.7407778375801,63.8987625986204,1215.45865434934
"BIGKAT _ P74 _ Left _ 1",33.8641348481705,63.6980535070696,1214.71214078198,10.8991679295245,64.0534381004184,1214.27608785696
"BIGKAT _ P74 _ Left _ 1",33.5125103558702,63.048888451371,1213.47033871166,11.3557282826729,66.1529867500052,1214.1155319992
"BIGKAT _ P74 _ Left _ 1",32.8278913409937,61.9447120300833,1211.55628590792,12.0890659069059,70.0245924880192,1215.0177185706
"BIGKAT _ P74 _ Left _ 1",31.8228465503994,60.3623613865655,1209.0397570226,13.2542359579855,75.4695987225629,1217.10941703574
"BIGKAT _ P74 _ Left _ 1",30.5379583585507,58.2814228445631,1205.96373045548,15.1206923393568,82.2361756054591,1220.52578908063
"BIGKAT _ P74 _ Left _ 1",29.0483398018825,55.7248623729674,1202.38636731876,17.9655536674154,89.9874370575646,1225.31080150755
"BIGKAT _ P74 _ Left _ 1",27.4615683671202,52.7910711689209,1198.42400637633,21.9520102046564,98.289201173016,1231.33388053945
"BIGKAT _ P74 _ Left _ 1",25.9066722588833,49.6656716597224,1194.2775690252,27.0275618828858,106.628125451992,1238.25140488872
"BIGKAT _ P74 _ Left _ 1",24.5175967971583,46.6088783983563,1190.23254841704,32.8726188464875,114.453817515701,1245.52273556513
"BIGKAT _ P74 _ Left _ 1",23.4163220785918,43.9221734616212,1186.63324063668,38.9169119031819,121.227913923285,1252.47240737338
"BIGKAT _ P74 _ Left _ 1",22.6998041024114,41.9032521583435,1183.83958810559,44.4232333769885,126.464657345458,1258.3807604001
"BIGKAT _ P74 _ Left _ 1",22.4320984968718,40.7991492898222,1182.17702291417,48.6213630718487,129.758671215861,1262.58538940733
"BIGKAT _ P74 _ Left _ 1",22.6403350221505,40.7653189297661,1181.88734890595,50.8637444294907,130.807750299824,1264.57989182298
"BIGKAT _ P74 _ Left _ 1",23.3123589157442,41.8359775698498,1183.08585391377,50.7690221369445,129.442712786197,1264.09839784573
"BIGKAT _ P74 _ Left _ 1",24.3952215605762,43.9102359457025,1185.72959841191,48.3190794182178,125.669178558057,1261.1722996324
"BIGKAT _ P74 _ Left _ 1",25.7961181074606,46.7588488227686,1189.60404567931,43.8808120546193,119.711164066843,1256.1426616055
"BIGKAT _ P74 _ Left _ 1",27.3889054940377,50.0550923226661,1194.33652285273,38.1385481982465,112.032564658097,1249.61412830192
"BIGKAT _ P74 _ Left _ 1",29.0285264747159,53.4281284501703,1199.44155417168,31.9473950645286,103.31013469788,1242.34840959655
"BIGKAT _ P74 _ Left _ 1",30.5724611702373,56.5290882731661,1204.39398383247,26.1452556660037,94.3463380861536,1235.11615507206
"BIGKAT _ P74 _ Left _ 1",31.9042788034714,59.0929913622493,1208.71443219283,21.3785535284626,85.9383001344635,1228.54650360411
"BIGKAT _ P74 _ Left _ 1",32.9518824130039,60.9781242711608,1212.04397603337,17.9925177212358,78.7448080900743,1223.02181979561
"BIGKAT _ P74 _ Left _ 1",33.6939614131518,62.1707377811816,1214.18614031597,16.0119474315603,73.1990192296468,1218.65303493983
"BIGKAT _ P74 _ Left _ 1",34.15242829421,62.7548761332288,1215.10533219365,15.2060836935939,69.4942829775096,1215.34130032029
"BIGKAT _ P74 _ Left _ 1",34.3741348288308,62.8595309851478,1214.88711451823,15.2070896828215,67.636546335123,1212.89839532157
"BIGKAT _ P74 _ Left _ 1",34.4091449496913,62.602603874212,1213.67927937857,15.6428003046862,67.5295152917236,1211.17776893505
"BIGKAT _ P74 _ Left _ 1",34.2934991041767,62.0507422662998,1211.63738693868,16.2484680543503,69.0508202613543,1210.16783777587
"BIGKAT _ P74 _ Left _ 1",34.0418269530321,61.2070550586549,1208.89324631988,16.9331545397452,72.0886613696336,1210.01634674431
"BIGKAT _ P74 _ Left _ 1",33.6508927051219,60.0283025268138,1205.55316511165,17.7895793992865,76.530705985509,1210.98103950069
"BIGKAT _ P74 _ Left _ 1",33.1110501805761,58.4631084643737,1201.72002735068,19.049506282508,82.2203155069855,1213.32815328028
"BIGKAT _ P74 _ Left _ 1",32.4200190161512,56.4961836152948,1197.52444441173,20.9989122077631,88.9101845168648,1217.21750242174
"BIGKAT _ P74 _ Left _ 1",31.5931595447575,54.1824122179662,1193.1484503594,23.8764203604474,96.2436828449291,1222.6151664687
"BIGKAT _ P74 _ Left _ 1",30.6666257886205,51.659103075797,1188.83042337466,27.782154207271,103.77900825433,1229.26150684359
"BIGKAT _ P74 _ Left _ 1",29.6933932710928,49.1329079940188,1184.84907507629,32.6201675892387,111.048040108627,1236.6993500795
"BIGKAT _ P74 _ Left _ 1",28.735220429649,46.8466076105017,1181.49306314697,38.0864794738446,117.62316384345,1244.34516000253
"BIGKAT _ P74 _ Left _ 1",27.8544864054664,45.0368159312022,1179.02729749172,43.7010281482008,123.161851262513,1251.57470705377
"BIGKAT _ P74 _ Left _ 1",27.1084600827564,43.8947245911252,1177.66577647606,48.8720171344454,127.41209319787,1257.7978407133
"BIGKAT _ P74 _ Left _ 1",26.5461889259907,43.5386264234407,1177.55511121214,52.9787603727133,130.183913317748,1262.51038944236
"BIGKAT _ P74 _ Left _ 1",26.2064401355515,44.0013577015686,1178.76620278817,55.46213172421,131.310971002503,1265.32623105384
"BIGKAT _ P74 _ Left _ 1",26.114847209035,45.2307621129653,1181.28757532297,55.9144807063727,130.632294551668,1266.00102946504
"BIGKAT _ P74 _ Left _ 1",26.2794480767517,47.0988309843423,1185.0149452947,54.1592725355876,128.014829168639,1264.45737637265
"BIGKAT _ P74 _ Left _ 1",26.6853782213506,49.4159225540053,1189.73764028227,50.305222281262,123.416816480413,1260.81106490272
"BIGKAT _ P74 _ Left _ 1",27.2908582036875,51.9493712354875,1195.13072025835,44.7551549967479,116.968604991868,1255.38586058063
"BIGKAT _ P74 _ Left _ 1",28.0273161736316,54.4483397731811,1200.76700951545,38.1531524416239,109.031802557603,1248.69699529151
"BIGKAT _ P74 _ Left _ 1",28.8060765588314,56.6760818275283,1206.16018413461,31.269514491195,100.199267728507,1241.38867442343
"BIGKAT _ P74 _ Left _ 1",29.5320306609142,58.4459872309018,1210.83692772759,24.8482194942793,91.2210353676222,1234.12996785233
"BIGKAT _ P74 _ Left _ 1",30.1213233629331,59.6517850231058,1214.4190501388,19.462197223327,82.8765747142555,1227.49794538954
"BIGKAT _ P74 _ Left _ 1",30.5171987705407,60.2803690552672,1216.6868776198,15.4228155725763,75.8413918229466,1221.89013011785
"BIGKAT _ P74 _ Left _ 1",30.6981920473296,60.400899576103,1217.60103930802,12.7690126006817,70.5968643878816,1217.49847646619
"BIGKAT _ P74 _ Left _ 1",30.6763254209981,60.133557078371,1217.27784098173,11.3311032718073,67.406085950584,1214.3489887419
"BIGKAT _ P74 _ Left _ 1",30.4875708843147,59.6095714973575,1215.93234078601,10.8405402765562,66.3446393700205,1212.38255933588
"BIGKAT _ P74 _ Left _ 1",30.1796337055326,58.936557879604,1213.8130467389,11.0476617038586,67.354471991889,1211.53904499784
"BIGKAT _ P74 _ Left _ 1",29.8019071047166,58.1795346899309,1211.15025250077,11.8132792327811,70.2888885242438,1211.81147610563
"BIGKAT _ P74 _ Left _ 1",29.4001307525414,57.360929951628,1208.12989028908,13.1516729100559,74.9318005219975,1213.25451253846
"BIGKAT _ P74 _ Left _ 1",29.0155210770829,56.475717275062,1204.8922258679,15.2174568043783,80.9944201043319,1215.95156744399
"BIGKAT _ P74 _ Left _ 1",28.6861957405014,55.5132289246063,1201.545481238,18.2434199349349,88.1074533282897,1219.96006470178
"BIGKAT _ P74 _ Left _ 1",28.4481336947414,54.4764840897876,1198.18220211057,22.4480344510678,95.8295731389641,1225.25878752639
"BIGKAT _ P74 _ Left _ 1",28.3337040965078,53.3927124048668,1194.89051747063,27.9374632437315,103.682494658027,1231.71462541998
"BIGKAT _ P74 _ Left _ 1",28.3674797565755,52.3134379870942,1191.75930632834,34.6262192279184,111.205490970287,1239.07295049823
"BIGKAT _ P74 _ Left _ 1",28.5607029647086,51.3068080969988,1188.8810983605,42.193980415226,118.008154526498,1246.96442513667
"BIGKAT _ P74 _ Left _ 1",28.9065635303728,50.4470237102646,1186.35697028592,50.0868969704198,123.798134973358,1254.9180502373
"BIGKAT _ P74 _ Left _ 1",29.378209810466,49.8050928956783,1184.30419111596,57.564073636689,128.371762251059,1262.37671650801
"BIGKAT _ P74 _ Left _ 1",29.9305151565171,49.4424894866871,1182.86237243741,63.7852089510348,131.573730572891,1268.72189664496
"BIGKAT _ P74 _ Left _ 1",30.5054989394671,49.4065291345459,1182.19063924172,67.9315597920325,133.248078575448,1273.32014098357
"BIGKAT _ P74 _ Left _ 1",31.040284384955,49.7251012751463,1182.44915940266,69.3464410663894,133.209190176072,1275.60018668669
"BIGKAT _ P74 _ Left _ 1",31.4758615437251,50.3993905726741,1183.7634951744,67.6726734062654,131.255639883908,1275.15615202282
"BIGKAT _ P74 _ Left _ 1",31.7649358670579,51.3957503670794,1186.17800235726,62.9557217478526,127.233060293086,1271.85497589666
"BIGKAT _ P74 _ Left _ 1",31.8777754985777,52.6406053793108,1189.61197891381,55.6784553194365,121.129899800081,1265.91286143817
"BIGKAT _ P74 _ Left _ 1",31.8058502678695,54.0234479037019,1193.83587914051,46.7027966687596,113.16988563765,1257.90391776694
"BIGKAT _ P74 _ Left _ 1",31.5635387667144,55.4111245963355,1198.48164320439,37.1179046114168,103.857075674024,1248.6797996813
"BIGKAT _ P74 _ Left _ 1",31.1878117832112,56.6716208923158,1203.0906594636,28.0280180426787,93.9417049366253,1239.21029501289
"BIGKAT _ P74 _ Left _ 1",30.7348207387648,57.6997594203043,1207.18876288879,20.3395929940184,84.3068373429277,1230.38966368848
"BIGKAT _ P74 _ Left _ 1",30.2717304328347,58.4343639452321,1210.36657192677,14.609994334495,75.8123712268742,1222.87339810706
"BIGKAT _ P74 _ Left _ 1",29.8630727774979,58.8590641369641,1212.34130684388,10.9956736564941,69.1519159845369,1217.00062883916
"BIGKAT _ P74 _ Left _ 1",29.5535903166223,58.9863584708773,1212.98453137867,9.30094694467543,64.7671199948897,1212.82082010551
"BIGKAT _ P74 _ Left _ 1",29.3527508612498,58.8330237632433,1212.31470434064,9.0985874049797,62.8323665539678,1210.19950470728
"BIGKAT _ P74 _ Left _ 1",29.2277289793816,58.3998196872168,1210.46631289678,9.8803665816444,63.2923191907075,1208.94998206356
"BIGKAT _ P74 _ Left _ 1",29.1100127706331,57.6669426479174,1207.65252693159,11.1975213945704,65.9214245853407,1208.93681671501
"BIGKAT _ P74 _ Left _ 1",28.9159607788736,56.6093696850303,1204.13459863581,12.7611640765616,70.3794284339723,1210.11770989
"BIGKAT _ P74 _ Left _ 1",28.5756731221928,55.2264748863643,1200.20215360253,14.4855203691514,76.2520714700383,1212.52043087951
"BIGKAT _ P74 _ Left _ 1",28.0604870877038,53.5727112764039,1196.1596542339,16.4702204538461,83.0812685539778,1216.17793706189
"BIGKAT _ P74 _ Left _ 1",27.3994004799681,51.7744221728376,1192.31043020439,18.9308462875469,90.3960540838773,1221.05722526187
"BIGKAT _ P74 _ Left _ 1",26.678673878408,50.022839813033,1188.93249020128,22.0980076593405,97.7510560607916,1227.01193298552
"BIGKAT _ P74 _ Left _ 1",26.0246466894651,48.5426295195631,1186.24768674317,26.111465980281,104.767088819689,1233.77065087865
"BIGKAT _ P74 _ Left _ 1",25.5747940781569,47.5447006916892,1184.39303912271,30.9350574585815,111.158089343923,1240.95422449668
"BIGKAT _ P74 _ Left _ 1",25.444715416071,47.1776907363845,1183.40588097931,36.3114494597486,116.728658025289,1248.10646133547
"BIGKAT _ P74 _ Left _ 1",25.6991128913522,47.4929120344309,1183.23135042078,41.7666911132745,121.338190049227,1254.72601623686
"BIGKAT _ P74 _ Left _ 1",26.3336054889875,48.4331346966186,1183.75288095683,46.6656905366964,124.844340624081,1260.29718440662
"BIGKAT _ P74 _ Left _ 1",27.271725020365,49.8479746080429,1184.83701378836,50.3112021194738,127.051079603336,1264.32571635425
"BIGKAT _ P74 _ Left _ 1",28.3777042300097,51.5300724307641,1186.37679905076,52.0702424573568,127.688888082731,1266.38729876361
"BIGKAT _ P74 _ Left _ 1",29.4815384686395,53.2596837062097,1188.31652043579,51.5042606698109,126.445863007625,1266.19027432657
"BIGKAT _ P74 _ Left _ 1",30.4099732635402,54.8438575879773,1190.64633205645,48.4749385465709,123.05119774867,1263.64317377823
"BIGKAT _ P74 _ Left _ 1",31.0166746819549,56.1410073535693,1193.36774799986,43.1979822746042,117.391239216905,1258.90662149566
"BIGKAT _ P74 _ Left _ 1",31.2063715656803,57.0695745697478,1196.44493043068,36.2245739161513,109.619715860037,1252.40439631795
"BIGKAT _ P74 _ Left _ 1",30.9497084769282,57.6056788855655,1199.76494109637,28.3460673010498,100.216407469505,1244.77534031736
"BIGKAT _ P74 _ Left _ 1",30.2869069437829,57.7756731153295,1203.12696849488,20.4406306763734,89.9602138514276,1236.76756927574
"BIGKAT _ P74 _ Left _ 1",29.3192973232353,57.6459981978832,1206.26671359701,13.302746890971,79.813634199859,1229.10252489809
"BIGKAT _ P74 _ Left _ 1",28.189260262815,57.3086529568557,1208.90506493065,7.50530916569493,70.7533215899427,1222.35467640244
"BIGKAT _ P74 _ Left _ 1",27.0516578331304,56.8600713729128,1210.79971898534,3.33220437606656,63.6039087413326,1216.88914840467
"BIGKAT _ P74 _ Left _ 1",26.0428158153501,56.3751036397472,1211.78012980311,0.792282393590348,58.9254418842217,1212.87307620704
"BIGKAT _ P74 _ Left _ 1",25.2549276000173,55.8831832521305,1211.75780185393,-0.302136070478489,56.9749665805282,1210.34256756945
"BIGKAT _ P74 _ Left _ 1",24.7229273621835,55.3564835093018,1210.71746382454,-0.225760992419707,57.730969855113,1209.28555640526
"BIGKAT _ P74 _ Left _ 1",24.4271873262459,54.7175948003615,1208.70241692297,0.763807201813774,60.9523787312743,1209.70042734164
"BIGKAT _ P74 _ Left _ 1",24.3101044341321,53.8675762940589,1205.80647819315,2.49611920903265,66.2446627327307,1211.60679685131
"BIGKAT _ P74 _ Left _ 1",24.3000334118508,52.7270305821835,1202.1774581576,4.90828410403157,73.1172244769866,1215.00844154032
"BIGKAT _ P74 _ Left _ 1",24.3342018097002,51.2768592060472,1198.02757383462,8.01525701820261,81.0290983609862,1219.8293024874
"BIGKAT _ P74 _ Left _ 1",24.3738591280693,49.584407243891,1193.63961094795,11.8436655306972,89.4269848703619,1225.85378925826
"BIGKAT _ P74 _ Left _ 1",24.4087972447943,47.8052839283142,1189.35761489587,16.3532898568986,97.77901242826,1232.69870357452
"BIGKAT _ P74 _ Left _ 1",24.452437006022,46.1592231578765,1185.55743211198,21.3739665463311,105.602741549226,1239.82954662427
"BIGKAT _ P74 _ Left _ 1",24.5312156498,44.8865664989564,1182.60156933211,26.5807046996136,112.482464411672,1246.61730382377
"BIGKAT _ P74 _ Left _ 1",24.6725558717584,44.1973563113999,1180.78935472378,31.5176199905968,118.07256231431,1252.42048905303
"BIGKAT _ P74 _ Left _ 1",24.8948661001757,44.2262434988963,1180.31436370205,35.6662863418353,122.089956232109,1256.67365806959
"BIGKAT _ P74 _ Left _ 1",25.2016522257874,45.003786153553,1181.23738114019,38.5412476341798,124.305419265647,1258.96573860736
"BIGKAT _ P74 _ Left _ 1",25.5803188134465,46.4496730579089,1183.4779891511,39.7882333855968,124.546123128394,1259.095907342
"BIGKAT _ P74 _ Left _ 1",26.0048204024411,48.3876861555801,1186.82386103681,39.2603703941519,122.717774438579,1257.09902031719
"BIGKAT _ P74 _ Left _ 1",26.440412862568,50.5773985275299,1190.95479000897,37.0535793039532,118.844761375865,1253.23657549261
"BIGKAT _ P74 _ Left _ 1",26.8487390146817,52.7549132379766,1195.47809991032,33.4923362032958,113.114637547127,1247.95378265514
"BIGKAT _ P74 _ Left _ 1",27.1923256538257,54.6748320777966,1199.97273012,29.0687062376881,105.904635004725,1241.80854219351
"BIGKAT _ P74 _ Left _ 1",27.4387444494231,56.1472710178715,1204.0395452403,24.348655646447,97.7682038682305,1235.38296652632
"BIGKAT _ P74 _ Left _ 1",27.565328976423,57.0653692779155,1207.35338502601,19.8677511454061,89.3718143103278,1229.19236353945
"BIGKAT _ P74 _ Left _ 1",27.5647086664794,57.4192229576306,1209.70773918653,16.0413362390133,81.3939267169192,1223.61065126782
"BIGKAT _ P74 _ Left _ 1",27.4497380552444,57.2923306143317,1211.03899526262,13.1105678967433,74.418851682263,1218.83246454671
"BIGKAT _ P74 _ Left _ 1",27.2550863251228,56.8386697662937,1211.41915902323,11.1352743853994,68.86407681463,1214.88569447805
"BIGKAT _ P74 _ Left _ 1",27.0332476083785,56.2434200261085,1211.01557923912,10.0305750446039,64.9642306731132,1211.69264204796
"BIGKAT _ P74 _ Left _ 1",26.8450092291845,55.6762088201976,1210.02903131408,9.63223670977886,62.8072379175376,1209.15987863339
"BIGKAT _ P74 _ Left _ 1",26.7470260503836,55.2493259478902,1208.63035278446,9.77020891437344,62.3954483314841,1207.26555787915
"BIGKAT _ P74 _ Left _ 1",26.7805175516048,54.9927173202218,1206.91646591797,10.3309806415866,63.6977945260032,1206.11315089063
"BIGKAT _ P74 _ Left _ 1",26.9644836589887,54.852948145638,1204.89956680082,11.2947409570756,66.6684815867704,1205.93154811006
"BIGKAT _ P74 _ Left _ 1",27.2945879468225,54.7162864140983,1202.53181864227,12.7402106091611,71.2266704984357,1207.01929069929
"BIGKAT _ P74 _ Left _ 1",27.7463167333924,54.448777461281,1199.75598207999,14.8172199863973,77.2117350837282,1209.64992001122
"BIGKAT _ P74 _ Left _ 1",28.2797416735576,53.9410262041144,1196.56359648163,17.6941826577442,84.3420405301345,1213.96969751366
"BIGKAT _ P74 _ Left _ 1",28.8438750307154,53.1442660627051,1193.03949338297,21.4936956461868,92.2056375198994,1219.92253146021
"BIGKAT _ P74 _ Left _ 1",29.380549344083,52.0876720149802,1189.37607747612,26.2329031772243,100.297196837574,1227.22731243589
"BIGKAT _ P74 _ Left _ 1",29.8294580354928,50.8734338448825,1185.8517905648,31.784131248486,108.092769023838,1235.41286518791
"BIGKAT _ P74 _ Left _ 1",30.1360967456913,49.6532795552439,1182.7813896658,37.8650942711783,115.134263559506,1243.89376374335
"BIGKAT _ P74 _ Left _ 1",30.2625719405215,48.5952918019203,1180.45563424885,44.0588845546696,121.089654585742,1252.05685320742
"BIGKAT _ P74 _ Left _ 1",30.198651757755,47.8512552237597,1179.09034713077,49.8564304371465,125.765792836442,1259.33006050439
"BIGKAT _ P74 _ Left _ 1",29.9686871872537,47.5322882523265,1178.7987890675,54.7118460135643,129.07227203059,1265.22012852538
"BIGKAT _ P74 _ Left _ 1",29.6302769208495,47.6957926812835,1179.59031816256,58.1040152650128,130.956463159174,1269.32507090528
"BIGKAT _ P74 _ Left _ 1",29.2628491830246,48.3422792645652,1181.38796787925,59.6019628831255,131.342341870165,1271.33964490688
"BIGKAT _ P74 _ Left _ 1",28.9478571499326,49.4183334055906,1184.05222173149,58.9322012020711,130.104594658461,1271.07182486989
"BIGKAT _ P74 _ Left _ 1",28.7457156504125,50.8224591415852,1187.3993571403,56.0409897438991,127.095381019688,1268.47631586457
"BIGKAT _ P74 _ Left _ 1",28.6765301992321,52.4129533409928,1191.20917897421,51.1357097609005,122.218928478951,1263.69452345867
"BIGKAT _ P74 _ Left _ 1",28.7111404895301,54.0195263216126,1195.22568860409,44.6840333690215,115.526670866011,1257.07798507777
"BIGKAT _ P74 _ Left _ 1",28.7760728932587,55.4611897965958,1199.16081277076,37.3548293995338,107.292227386537,1249.17135640196
"BIGKAT _ P74 _ Left _ 1",28.7716683802538,56.5709045969355,1202.7116365862,29.903577905068,98.0292009892549,1240.64442705355
"BIGKAT _ P74 _ Left _ 1",28.5983675590049,57.2232332585566,1205.59447118266,23.0302802676587,88.4371008886701,1232.1857986187
"BIGKAT _ P74 _ Left _ 1",28.1833608384191,57.3572498558963,1207.58810264569,17.2539845364282,79.2921309680878,1224.39167806377
"BIGKAT _ P74 _ Left _ 1",27.4996591851638,56.9862156427791,1208.57060840005,12.8430114561645,71.3226874672128,1217.68846584603
"BIGKAT _ P74 _ Left _ 1",26.5723059555444,56.1893041780094,1208.53476626107,9.81651667268731,65.110853197554,1212.31322143543
"BIGKAT _ P74 _ Left _ 1",25.4708893637565,55.0873733427087,1207.57626235808,8.0060579795358,61.0421083901581,1208.35011160865
"BIGKAT _ P74 _ Left _ 1",24.2918754302367,53.8109826133224,1205.86084655994,7.1489211796498,59.2998917046979,1205.7980764338
"BIGKAT _ P74 _ Left _ 1",23.1368763121113,52.4714099938915,1203.58426795296,6.98192995394941,59.8850967235457,1204.63597288908
"BIGKAT _ P74 _ Left _ 1",22.0930780385226,51.143334092399,1200.93899735629,7.31161334074877,62.6399790167059,1204.85841952268
"BIGKAT _ P74 _ Left _ 1",21.2201024205959,49.8625240981143,1198.09592150735,8.04823812715888,67.2675074010561,1206.47290845044
"BIGKAT _ P74 _ Left _ 1",20.5447825652629,48.636012921985,1195.20113768775,9.20281826453973,73.3512061888522,1209.46752617709
"BIGKAT _ P74 _ Left _ 1",20.0629790811224,47.4583242757469,1192.38152845723,10.8551412233024,80.3875752305302,1213.7705178006
"BIGKAT _ P74 _ Left _ 1",19.7463155853584,46.3266636688189,1189.75081633677,13.1058541806478,87.8388957259611,1219.22328590529
"BIGKAT _ P74 _ Left _ 1",19.5514784487827,45.2502114193341,1187.41074893082,16.0262291286513,95.2013967281708,1225.5782157273
"BIGKAT _ P74 _ Left _ 1",19.4301136341168,44.2522155721116,1185.44739821429,19.6157512928049,102.070329878114,1232.51819501038
"BIGKAT _ P74 _ Left _ 1",19.3379653210857,43.3667342844299,1183.92671346486,23.7722358689586,108.177897069792,1239.6839727611
"BIGKAT _ P74 _ Left _ 1",19.2423773948583,42.6334742291218,1182.89442038767,28.2753319709235,113.386549994235,1246.69417705673
"BIGKAT _ P74 _ Left _ 1",19.1274833294793,42.0938343712161,1182.38298068932,32.7846341180453,117.636976791796,1253.15118539962
"BIGKAT _ P74 _ Left _ 1",18.9964971853754,41.789339033753,1182.42368001709,36.8571495637572,120.869723123101,1258.63903923203
"BIGKAT _ P74 _ Left _ 1",18.8706396941802,41.7611242135347,1183.0572077284,39.9910079012244,122.952835076641,1262.72933229149
"BIGKAT _ P74 _ Left _ 1",18.7844088753845,42.0473516360873,1184.33413923667,41.6985167322331,123.649038654505,1265.01124331095
"BIGKAT _ P74 _ Left _ 1",18.7772359880736,42.6755148395379,1186.29928311267,41.601311353927,122.643994414948,1265.15181776403
"BIGKAT _ P74 _ Left _ 1",18.8822798277497,43.6490317312917,1188.96055725239,39.5274141006755,119.635974555331,1262.9767640163
"BIGKAT _ P74 _ Left _ 1",19.1142953118261,44.9315628773826,1192.2515715355,35.5808047054122,114.463316042547,1258.54711412201
"BIGKAT _ P74 _ Left _ 1",19.4598540554612,46.4360928943809,1196.00354046431,30.1543617513594,107.226703504614,1252.19966871786
"BIGKAT _ P74 _ Left _ 1",19.8738869775271,48.026392440004,1199.94233321278,23.8700750450182,98.3568795002472,1244.52465984965
"BIGKAT _ P74 _ Left _ 1",20.2855451746644,49.5346278038049,1203.71844907105,17.4548143630556,88.5917219034858,1236.27422475613
"BIGKAT _ P74 _ Left _ 1",20.6133491246833,50.7917929183814,1206.96412654829,11.5867655500459,78.8598921178372,1228.2240729991
"BIGKAT _ P74 _ Left _ 1",20.7856321121556,51.6610762940289,1209.35945826347,6.76238000015894,70.1084010658617,1221.03403522394
"BIGKAT _ P74 _ Left _ 1",20.7596990764712,52.0624318180057,1210.68539734495,3.22606875236805,63.1352708007395,1215.15582844961
"BIGKAT _ P74 _ Left _ 1",20.533629454664,51.9808812044017,1210.84836501923,0.978669518620384,58.4799329845051,1210.8141182137
"BIGKAT _ P74 _ Left _ 1",20.1477726127752,51.4586902091659,1209.87458289913,-0.148914555177545,56.3903403372786,1208.05258171907
"BIGKAT _ P74 _ Left _ 1",19.6765963194428,50.5778172256455,1207.88428491427,-0.389628414962116,56.8514144564925,1206.81091917265
"BIGKAT _ P74 _ Left _ 1",19.2138641037602,49.4407645921996,1205.06039802226,0.0612866815865325,59.6437055614563,1206.99404444272
"BIGKAT _ P74 _ Left _ 1",18.8547748672566,48.1552792690203,1201.62230382875,1.1136229624907,64.4056533147227,1208.5086336479
"BIGKAT _ P74 _ Left _ 1",18.6783172191393,46.8238976291551,1197.80718268019,2.79917203902667,70.6872574310838,1211.2636745458
"BIGKAT _ P74 _ Left _ 1",18.732448100441,45.5363017244032,1193.85528136965,5.23771327548723,77.9955450421837,1215.14891303179
"BIGKAT _ P74 _ Left _ 1",19.0242915809388,44.3625860345775,1189.995005041,8.56563164591676,85.8362269384779,1220.01080365204
"BIGKAT _ P74 _ Left _ 1",19.5173201472702,43.3480542855182,1186.42803103796,12.8504999297026,93.7518263013925,1225.63951935435
"BIGKAT _ P74 _ Left _ 1",20.1368357060565,42.5124611460255,1183.31908616165,18.0174608604194,101.350122954818,1231.76919705714
"BIGKAT _ P74 _ Left _ 1",20.7835001236233,41.8563231267721,1180.79535428825,23.8080044816611,108.314175075507,1238.08519903312
"BIGKAT _ P74 _ Left _ 1",21.3524818173128,41.3738086529507,1178.95608015233,29.7814826669733,114.389087203902,1244.23127191787
"BIGKAT _ P74 _ Left _ 1",21.753975886127,41.0677084426347,1177.88684606424,35.3588586654412,119.34956910036,1249.8150037737
"BIGKAT _ P74 _ Left _ 1",21.9302709784427,40.9596364969305,1177.66918777877,39.9001127164915,122.962093659023,1254.4174145104
"BIGKAT _ P74 _ Left _ 1",21.8653776578802,41.0894819780238,1178.37697869972,42.8022764345676,124.96147034279,1257.6169079679
"BIGKAT _ P74 _ Left _ 1",21.5851461152209,41.5021065088092,1180.05621994082,43.6030409402939,125.060455707296,1259.03580458737
"BIGKAT _ P74 _ Left _ 1",21.1481966841439,42.2247973666986,1182.6925695806,42.0734411875299,123.001541228886,1258.40870490866
"BIGKAT _ P74 _ Left _ 1",20.6303135125169,43.2438169829645,1186.17822438396,38.2815152274114,118.644024582839,1255.65869270298
"BIGKAT _ P74 _ Left _ 1",20.1067602718686,44.4904684275577,1190.29354913781,32.6086288237619,112.061461082209,1250.95555396621
"BIGKAT _ P74 _ Left _ 1",19.6377642460278,45.8450668604795,1194.7166350476,25.7049822518661,103.611709046803,1244.72701488124
"BIGKAT _ P74 _ Left _ 1",19.2615688627264,47.1609557899653,1199.06506678579,18.3839217055284,93.9421799081983,1237.60476311536
"BIGKAT _ P74 _ Left _ 1",18.9966419081695,48.3020847411596,1202.96119265744,11.4745742323344,83.9117672614467,1230.31048750739
"BIGKAT _ P74 _ Left _ 1",18.8505324087663,49.1804793550473,1206.10100247247,5.67030079499081,74.4443003818601,1223.51380440187
"BIGKAT _ P74 _ Left _ 1",18.8294875027642,49.7782577927313,1208.30352604616,1.41500351720613,66.3603144674959,1217.70954255263
"BIGKAT _ P74 _ Left _ 1",18.9425335564945,50.1443392644578,1209.52482130037,-1.14406960878617,60.2446215599928,1213.15603891339
"BIGKAT _ P74 _ Left _ 1",19.1969506651874,50.3663769898672,1209.8347487028,-2.13224052660892,56.3889759033522,1209.89047067775
"BIGKAT _ P74 _ Left _ 1",19.5871893187453,50.5287144094286,1209.36879671192,-1.86857005087997,54.8142114111488,1207.80567878555
"BIGKAT _ P74 _ Left _ 1",20.0833709364973,50.6726464002298,1208.27487945755,-0.759467631531458,55.345774712592,1206.75161380712
"BIGKAT _ P74 _ Left _ 1",20.6263758407694,50.774031739959,1206.67393814557,0.807799551542054,57.7041120002578,1206.6211852115
"BIGKAT _ P74 _ Left _ 1",21.1337371854534,50.7463879070966,1204.64528445674,2.54978678967274,61.5771872249971,1207.39244480479
"BIGKAT _ P74 _ Left _ 1",21.5155573280047,50.4679950446409,1202.2370388659,4.33526333034993,66.6590880543728,1209.11922839833
"BIGKAT _ P74 _ Left _ 1",21.6950031372269,49.8229799636426,1199.49282764948,6.1905886761523,72.6572972923576,1211.88253820803
"BIGKAT _ P74 _ Left _ 1",21.6259617545614,48.7420364207617,1196.48110969412,8.26337997894815,79.2840326790176,1215.72785561508
"BIGKAT _ P74 _ Left _ 1",21.3019565880078,47.2297246368099,1193.31448559999,10.7540102555246,86.2492472990843,1220.61446487407
"BIGKAT _ P74 _ Left _ 1",20.7543389249941,45.3711185295148,1190.1522110647,13.8316327975721,93.2648430935417,1226.39221260815
"BIGKAT _ P74 _ Left _ 1",20.0419183932192,43.3180997047135,1187.18678457694,17.5551886749741,100.057513268368,1232.80561126945
"BIGKAT _ P74 _ Left _ 1",19.2366923149666,41.2617325900642,1184.62123747931,21.8185478227471,106.379373348273,1239.51392550778
"BIGKAT _ P74 _ Left _ 1",18.4104700429824,39.3998839320906,1182.64550699859,26.3330291824576,112.005534185951,1246.11413604956
"BIGKAT _ P74 _ Left _ 1",17.6254715199318,37.9082084633873,1181.41802535237,30.6521849792489,116.715097071759,1252.16017370025
"BIGKAT _ P74 _ Left _ 1",16.9296220270287,36.9189875826381,1181.05393706989,34.2352068934601,120.262790081254,1257.18126981246
"BIGKAT _ P74 _ Left _ 1",16.3554669581386,36.5082738677846,1181.61680247139,36.5381981705421,122.35784285001,1260.70908315358
"BIGKAT _ P74 _ Left _ 1",15.9209578102361,36.6895080008957,1183.10912775594,37.1174923525501,122.670048497984,1262.32348701485
"BIGKAT _ P74 _ Left _ 1",15.6306626598942,37.4120858192116,1185.45979290667,35.7260182852148,120.877184560881,1261.71937878682
"BIGKAT _ P74 _ Left _ 1",15.476781534521,38.5654173045536,1188.51200425367,32.382302967157,116.75320901615,1258.783955178
"BIGKAT _ P74 _ Left _ 1",15.4402501117129,39.9909292283002,1192.02060931841,27.392999210234,110.276924355527,1253.66096775555
"BIGKAT _ P74 _ Left _ 1",15.4927867314917,41.5041878778304,1195.66881090123,21.3159270651265,101.723553581643,1246.7725021171
"BIGKAT _ P74 _ Left _ 1",15.6006967058751,42.9258561582336,1199.10887272209,14.8635593182411,91.6962916119747,1238.77582797842
"BIGKAT _ P74 _ Left _ 1",15.7305269656617,44.1148158619308,1202.02034119638,8.76559933388307,81.0690092480972,1230.45401454837
"BIGKAT _ P74 _ Left _ 1",15.8555035262552,44.9929695507124,1204.16845114293,3.62671896217672,70.8443359892127,1222.56724760214
"BIGKAT _ P74 _ Left _ 1",15.9607638477517,45.5524400671898,1205.4420442414,-0.179129696668417,61.9694096291237,1215.71285683496
"BIGKAT _ P74 _ Left _ 1",16.0455039189915,45.842463142198,1205.85753824218,-2.54878715109172,55.172002833466,1210.24207165269
"BIGKAT _ P74 _ Left _ 1",16.1213958009355,45.9415780011902,1205.52930836865,-3.61932128518707,50.86815306973,1206.25773534059
"BIGKAT _ P74 _ Left _ 1",16.2082037284457,45.9259339584126,1204.61948468053,-3.68435990281544,49.1569292687998,1203.68238512259
"BIGKAT _ P74 _ Left _ 1",16.3284644531558,45.8445088122734,1203.28582117929,-3.08674697267456,49.8822290302957,1202.35972423143
"BIGKAT _ P74 _ Left _ 1",16.502935763255,45.7080272537469,1201.6441576143,-2.11755712032241,52.723970559049,1202.14637543975
"BIGKAT _ P74 _ Left _ 1",16.7474599594956,45.4927659915477,1199.7547777741,-0.944907272194721,57.2841698412796,1202.96329563406
"BIGKAT _ P74 _ Left _ 1",17.0706639988659,45.1552854747209,1197.63302387762,0.413960204788606,63.1487692043227,1204.79764422327
"BIGKAT _ P74 _ Left _ 1",17.4713845562337,44.6511737909979,1195.27664296104,2.07483146065432,69.9229611044859,1207.66585138743
"BIGKAT _ P74 _ Left _ 1",17.93531852423,43.9511363058893,1192.69780747286,4.23064975848633,77.247880141328,1211.55989250283
"BIGKAT _ P74 _ Left _ 1",18.431855788121,43.0506647779934,1189.94804793364,7.07307216911854,84.8070652509728,1216.39883130401
"BIGKAT _ P74 _ Left _ 1",18.9133774174607,41.9732217372879,1187.12912358145,10.7107277637621,92.3254165081665,1221.9993021525
"BIGKAT _ P74 _ Left _ 1",19.3194313666714,40.7694295319715,1184.3895358521,15.1030561727772,99.5581949811369,1228.06810196491
"BIGKAT _ P74 _ Left _ 1",19.5867316977879,39.515053845823,1181.91130502511,20.0249111255152,106.267978085199,1234.21344371377
"BIGKAT _ P74 _ Left _ 1",19.6634779197938,38.3087670631737,1179.89247413615,25.0714651439099,112.193593350532,1239.97074004241
"BIGKAT _ P74 _ Left _ 1",19.5243108487099,37.2681587260965,1178.52822968042,29.7060213746366,117.022878636674,1244.8415384594
"BIGKAT _ P74 _ Left _ 1",19.1813955312632,36.5211085870584,1177.99038059949,33.3451461334997,120.385533201063,1248.34591867827
"BIGKAT _ P74 _ Left _ 1",18.6879253391775,36.1905579836807,1178.40392935765,35.4667700872271,121.880162302705,1250.08635445445
"BIGKAT _ P74 _ Left _ 1",18.1322903325038,36.3735647113412,1179.821463487,35.7197141815701,121.140738723095,1249.81524067716
"BIGKAT _ P74 _ Left _ 1",17.6235764958298,37.1189014443198,1182.19982074156,34.0099813538234,117.934181031032,1247.49208896749
"BIGKAT _ P74 _ Left _ 1",17.2714493122633,38.4097516858767,1185.38645024971,30.5413179980445,112.265815976516,1243.31330467018
"BIGKAT _ P74 _ Left _ 1",17.1652737224604,40.1581414096845,1189.12309092633,25.7949139716216,104.457715672376,1237.69985259319
"BIGKAT _ P74 _ Left _ 1",17.3577511074699,42.2151953147456,1193.07132597415,20.4456662430746,95.1627916913121,1231.23686003848
"BIGKAT _ P74 _ Left _ 1",17.8568650757571,44.3963908620007,1196.85873221226,15.229752500541,85.2917285109471,1224.57341372349
"BIGKAT _ P74 _ Left _ 1",18.6269776986894,46.5150211622196,1200.13676365248,10.7961146597023,75.8608926472138,1218.30684399698
"BIGKAT _ P74 _ Left _ 1",19.5969920878581,48.4128742657499,1202.63494580412,7.58364007502954,67.8049903499574,1212.88624438871
"BIGKAT _ P74 _ Left _ 1",20.6721050635185,49.9778016969602,1204.19491066519,5.75857437519183,61.8166508826187,1208.56630118937
"BIGKAT _ P74 _ Left _ 1",21.746242633906,51.1439503410101,1204.77484805495,5.22514067674725,58.2620835832168,1205.42278923036
"BIGKAT _ P74 _ Left _ 1",22.7139449213783,51.878669990073,1204.42704440254,5.69782269512466,57.1856783917789,1203.41508466143
"BIGKAT _ P74 _ Left _ 1",23.4818161787542,52.1656515157619,1203.26135548447,6.80727458622799,58.3806433955159,1202.46370621516
"BIGKAT _ P74 _ Left _ 1",23.9796550904648,51.9939340426695,1201.4104472691,8.20715913032184,61.4860365160056,1202.51026858572
"BIGKAT _ P74 _ Left _ 1",24.170123289334,51.3577657763308,1199.00816049715,9.6543071398876,66.0751766081128,1203.5403643133
"BIGKAT _ P74 _ Left _ 1",24.0544844283885,50.2659467114256,1196.18385195955,11.0455452533415,71.7172907272292,1205.56826071524
"BIGKAT _ P74 _ Left _ 1",23.6718933522715,48.7545610228559,1193.06755056041,12.4077239615557,78.0116574744588,1208.59768656851
"BIGKAT _ P74 _ Left _ 1",23.0912950112493,46.8959845823367,1189.79709948072,13.8497825689865,84.6029628034851,1212.57971847595
"BIGKAT _ P74 _ Left _ 1",22.39735908829,44.7996454832172,1186.52065429385,15.4944277334236,91.1860639525021,1217.38505045721
"BIGKAT _ P74 _ Left _ 1",21.6737879247278,42.6041829053463,1183.39363315768,17.4101844411979,97.5023325137363,1222.79705041976
"BIGKAT _ P74 _ Left _ 1",20.9880243619016,40.4638652283566,1180.57370472176,19.5618050153942,103.325264554907,1228.52100826581
"BIGKAT _ P74 _ Left _ 1",20.3807598630466,38.5330801384731,1178.21760596999,21.7901709034317,108.434565429082,1234.20020926823
"BIGKAT _ P74 _ Left _ 1",19.8621527922037,36.9517573631962,1176.48024998392,23.8251130236118,112.584850251377,1239.43267982458
"BIGKAT _ P74 _ Left _ 1",19.4150733275573,35.8329630820817,1175.51248573666,25.3284014360306,115.482968189399,1243.79026906995
"BIGKAT _ P74 _ Left _ 1",19.0044730105718,35.2527411526182,1175.45165105942,25.9597345680321,116.791383543166,1246.84810967885
"BIGKAT _ P74 _ Left _ 1",18.5909501791486,35.2420662352962,1176.40043727014,25.4545989811975,116.170508587939,1248.23240361624
"BIGKAT _ P74 _ Left _ 1",18.145495387358,35.7813910182898,1178.39473544334,23.6984637893048,113.360133223136,1247.68650242621
"BIGKAT _ P74 _ Left _ 1",17.661645152223,36.7992873605189,1181.36825887943,20.7779724222868,108.282367334128,1245.1421382467
"BIGKAT _ P74 _ Left _ 1",17.1615656691332,38.1775239548087,1185.12761677782,16.9898445829361,101.132195025316,1240.77059287229
"BIGKAT _ P74 _ Left _ 1",16.6941474690487,39.7647159598403,1189.35264671128,12.7960135790313,92.4153674715423,1234.98571386015
"BIGKAT _ P74 _ Left _ 1",16.3255079914585,41.3985019760462,1193.63080417286,8.73017695337323,82.9044946894557,1228.38315568975
"BIGKAT _ P74 _ Left _ 1",16.1245201116413,42.9321866589799,1197.52194010047,5.28088029193452,73.5135161155405,1221.62603665258
"BIGKAT _ P74 _ Left _ 1",16.1473119040844,44.25799606086,1200.63602715074,2.78821802548467,65.1268032695227,1215.31360595369
"BIGKAT _ P74 _ Left _ 1",16.424666450774,45.3185533171637,1202.69913058511,1.38655242756089,58.441531872956,1209.87986938319
"BIGKAT _ P74 _ Left _ 1",16.9550522393618,46.1023435428102,1203.58726341049,1.00669683663934,53.8753954002335,1205.5557136284
"BIGKAT _ P74 _ Left _ 1",17.7042979321657,46.6259468925537,1203.32163520858,1.42934561764992,51.5598966302285,1202.39887260584
"BIGKAT _ P74 _ Left _ 1",18.6113448107705,46.9116463691985,1202.03420221406,2.36765385859144,51.4024767692612,1200.36812626054
"BIGKAT _ P74 _ Left _ 1",19.5984101683438,46.9705042966083,1199.92141602632,3.55348031859294,53.1784833025101,1199.40456403428
"BIGKAT _ P74 _ Left _ 1",20.5833672747627,46.7978156782147,1197.20364603172,4.80573490646838,56.6133100417852,1199.48639340073
"BIGKAT _ P74 _ Left _ 1",21.4920769182501,46.38194125299,1194.10017858371,6.06653274934626,61.4305603453413,1200.63964209589
"BIGKAT _ P74 _ Left _ 1",22.268569146157,45.721611368365,1190.81989014566,7.39927798528951,67.3632035015484,1202.90707571097
"BIGKAT _ P74 _ Left _ 1",22.8813412940945,44.8433233791068,1187.56051322075,8.95156498566558,74.1411649284044,1206.29356342847
"BIGKAT _ P74 _ Left _ 1",23.3248045602496,43.810841179247,1184.5077928918,10.8938400648793,81.4741563656894,1210.71239044417
"BIGKAT _ P74 _ Left _ 1",23.6160290628911,42.722636431243,1181.82960565995,13.3501874778331,89.0426950226136,1215.95276887601
"BIGKAT _ P74 _ Left _ 1",23.7879003888877,41.6982460986586,1179.66617152316,16.3386580708836,96.4992614812124,1221.67781457052
"BIGKAT _ P74 _ Left _ 1",23.8802137475386,40.8584673487673,1178.12171471358,19.735209792786,103.473540059036,1227.45051482737
"BIGKAT _ P74 _ Left _ 1",23.9303214831658,40.305691740785,1177.26275373376,23.2693933280062,109.575550985777,1232.77791174607
"BIGKAT _ P74 _ Left _ 1",23.9651260994287,40.1095414570786,1177.12400291202,26.5537055864819,114.397452546915,1237.16317063699
"BIGKAT _ P74 _ Left _ 1",23.9963187742006,40.3002084545126,1177.71751175397,29.1432636225363,117.523696717263,1240.15977749166
"BIGKAT _ P74 _ Left _ 1",24.0201769608774,40.868741546685,1179.03770529249,30.617665595346,118.563466256688,1241.42694266702
"BIGKAT _ P74 _ Left _ 1",24.0217699035741,41.7713446891619,1181.05651682916,30.6714372321322,117.214105851654,1240.78518015908
"BIGKAT _ P74 _ Left _ 1",23.9818519463156,42.9347099371183,1183.70834299222,29.1934546398968,113.349402694234,1238.26442884981
"BIGKAT _ P74 _ Left _ 1",23.8840639681952,44.2615509671989,1186.87145853582,26.3121310272603,107.107773349218,1234.12826446244
"BIGKAT _ P74 _ Left _ 1",23.7205019612355,45.6380831182403,1190.35716621702,22.3868308861258,98.9427242215855,1228.85487030491
"BIGKAT _ P74 _ Left _ 1",23.4946076840776,46.9457615210313,1193.91717233582,17.9399760849906,89.6013546384347,1223.06486542289
"BIGKAT _ P74 _ Left _ 1",23.2210394834684,48.0772031072109,1197.27280128963,13.5453404373308,80.0198665723271,1217.40672925964
"BIGKAT _ P74 _ Left _ 1",22.9225766989958,48.9524887394644,1200.15968676292,9.70587939550562,71.1600418859498,1212.43237047202
"BIGKAT _ P74 _ Left _ 1",22.6245631597719,49.5299472496514,1202.37375503305,6.75840928832993,63.8386435858819,1208.50444088608
"BIGKAT _ P74 _ Left _ 1",22.3482349766316,49.80706741829,1203.80294564571,4.83028021060933,58.6046507601909,1205.76539373816
"BIGKAT _ P74 _ Left _ 1",22.105243311457,49.811695614133,1204.43491954666,3.85294034121423,55.6950991730548,1204.1715994018
"BIGKAT _ P74 _ Left _ 1",21.8960121762895,49.5882646324314,1204.34076718849,3.61989649405376,55.0655397974873,1203.56975672535
"BIGKAT _ P74 _ Left _ 1",21.7136618549362,49.1856098641302,1203.64339274844,3.86777333518228,56.4663528233045,1203.78096234723
"BIGKAT _ P74 _ Left _ 1",21.5531027460675,48.6510698712879,1202.48298173283,4.35832912696113,59.5308265361318,1204.66290843656
"BIGKAT _ P74 _ Left _ 1",21.4222752265279,48.031323639244,1200.98999773906,4.9431507140001,63.8511170120188,1206.13644666148
"BIGKAT _ P74 _ Left _ 1",21.3505943329227,47.3762153160323,1199.27055272648,5.59874662365692,69.0337051596449,1208.18009345546
"BIGKAT _ P74 _ Left _ 1",21.3896695265214,46.7399243018027,1197.40297121113,6.42666459644736,74.7371425159157,1210.80731065046
"BIGKAT _ P74 _ Left _ 1",21.6037892469728,46.1753187510632,1195.44065731529,7.62028531748263,80.6969530347232,1214.04245547476
"BIGKAT _ P74 _ Left _ 1",22.0516992244304,45.7215442964037,1193.41636772696,9.40597247682233,86.7373688078469,1217.90327147916
"BIGKAT _ P74 _ Left _ 1",22.7650385724433,45.3897516573977,1191.34630375336,11.970246510023,92.7636610258224,1222.38695292901
"BIGKAT _ P74 _ Left _ 1",23.7306235104047,45.1547929187435,1189.23670640325,15.3865250022187,98.7284989408675,1227.45084687022
"BIGKAT _ P74 _ Left _ 1",24.8828317215205,44.9599032831545,1187.09752048905,19.5556818512363,104.573035396447,1232.98175327284
"BIGKAT _ P74 _ Left _ 1",26.1091553879264,44.7366346333106,1184.96505212626,24.1749481522517,110.155431285759,1238.75777982433
"BIGKAT _ P74 _ Left _ 1",27.2679049941352,44.4352911587646,1182.9291331117,28.7486524756312,115.190605103255,1244.41813714102
"BIGKAT _ P74 _ Left _ 1",28.2135931992192,44.0548849797423,1181.15349049646,32.6495332174053,119.22913169326,1249.46258788027
"BIGKAT _ P74 _ Left _ 1",28.8237433693398,43.6593765323984,1179.87510201042,35.2286464395751,121.69653865228,1253.29865152505
"BIGKAT _ P74 _ Left _ 1",29.0209335314081,43.3704789525594,1179.3724352402,35.9559247622041,121.997081764871,1255.34029579831
"BIGKAT _ P74 _ Left _ 1",28.7854201965998,43.3358093127298,1179.90346468282,34.5572790241557,119.663455104442,1255.14110488943
"BIGKAT _ P74 _ Left _ 1",28.1561630336729,43.6813610436123,1181.62803220692,31.1058337716317,114.513580402077,1252.52583830585
"BIGKAT _ P74 _ Left _ 1",27.2208621415743,44.4647904261741,1184.53923457692,26.0315260552342,106.765111765287,1247.67526836064
"BIGKAT _ P74 _ Left _ 1",26.0979938359969,45.6473282143242,1188.43002734291,20.0365365829579,97.0630384349357,1241.12643401053
"BIGKAT _ P74 _ Left _ 1",24.9152602943982,47.0959474166325,1192.91210992869,13.9371951960965,86.3981644879592,1233.67576033397
"BIGKAT _ P74 _ Left _ 1",23.7892199894658,48.6156595474543,1197.48631491701,8.48163745810506,75.9305411534413,1226.20933133676
"BIGKAT _ P74 _ Left _ 1",22.8101937558375,49.9996618713716,1201.64374751809,4.20116393123029,66.7686523099866,1219.51631112686
"BIGKAT _ P74 _ Left _ 1",22.0349351694491,51.0786753436189,1204.96454920079,1.33690705522694,59.7728409872911,1214.14896492148
"BIGKAT _ P74 _ Left _ 1",21.487353421481,51.7532976572397,1207.1836218296,-0.147697368955073,55.4384926593176,1210.369631781
"BIGKAT _ P74 _ Left _ 1",21.1654791326513,52.0023144858288,1208.20863193638,-0.486954924267632,53.8786532487142,1208.18540012433
"BIGKAT _ P74 _ Left _ 1",21.0515775074951,51.870050103165,1208.09567819096,0.000632199296221714,54.8887624758783,1207.43857867109
"BIGKAT _ P74 _ Left _ 1",21.1221612291019,51.4422076210245,1207.00171422213,1.0240520141044,58.0558921280476,1207.90966696593
"BIGKAT _ P74 _ Left _ 1",21.3554835191914,50.8206795066724,1205.13524064825,2.4018188032358,62.8744461896315,1209.39781286181
"BIGKAT _ P74 _ Left _ 1",21.7353910072129,50.1046136698987,1202.71950014647,4.09819011089412,68.8418373317692,1211.76140819019
"BIGKAT _ P74 _ Left _ 1",22.2515538696242,49.3799755203921,1199.97122074238,6.20950739470113,75.5214874161386,1214.91856099978
"BIGKAT _ P74 _ Left _ 1",22.8966895220425,48.7156068642304,1197.08974819187,8.90747025990579,82.5705423078286,1218.81787854081
"BIGKAT _ P74 _ Left _ 1",23.6616436227406,48.1622611551091,1194.2502138515,12.354788693668,89.7346676165681,1223.39325518568
"BIGKAT _ P74 _ Left _ 1",24.5295592158247,47.7523902597912,1191.59861056508,16.6141813108194,96.8147308312171,1228.51511866884
"BIGKAT _ P74 _ Left _ 1",25.4708513962707,47.5008120339493,1189.25102223037,21.5736087014268,103.613791010931,1233.94904599374
"BIGKAT _ P74 _ Left _ 1",26.4407064632136,47.407589312599,1187.29974942632,26.9088709544891,109.878975892865,1239.33289217735
"BIGKAT _ P74 _ Left _ 1",27.3799877026395,47.4635272545022,1185.82553983767,32.0988884559286,115.258780627217,1244.18404537365
"BIGKAT _ P74 _ Left _ 1",28.2192396946544,47.6564610538723,1184.91018140444,36.4984060755876,119.297125106999,1247.94547571488
"BIGKAT _ P74 _ Left _ 1",28.8847053462383,47.9747938897946,1184.64069783505,39.4579426521357,121.477972617054,1250.07050566403
"BIGKAT _ P74 _ Left _ 1",29.3051826745629,48.4051650825908,1185.09788428496,40.4648743332981,121.319444840647,1250.13306281952
"BIGKAT _ P74 _ Left _ 1",29.4189365939268,48.9240475886691,1186.32836260011,39.2685285547204,118.498605187138,1247.93710340876
"BIGKAT _ P74 _ Left _ 1",29.1803628132444,49.487197450929,1188.30832590677,35.951793771325,112.973063844267,1243.59147442322
"BIGKAT _ P74 _ Left _ 1",28.5662872320439,50.0237321484757,1190.91427173881,30.9243310795633,105.05882671986,1237.51985565989
"BIGKAT _ P74 _ Left _ 1",27.5814823710296,50.4409272327,1193.91675213621,24.8355492698669,95.4303133251963,1230.39235657488
"BIGKAT _ P74 _ Left _ 1",26.2623848165297,50.641140139473,1197.00546189538,18.431928026164,85.030412949159,1222.99265195849
"BIGKAT _ P74 _ Left _ 1",24.6775906909366,50.5457686649068,1199.84062250613,12.4024707633517,74.9107313859955,1216.06118393404
"BIGKAT _ P74 _ Left _ 1",22.92400019248,50.1167374137234,1202.11367844526,7.2585476837743,66.0502128360864,1210.1662840079
"BIGKAT _ P74 _ Left _ 1",21.1186304911189,49.3667380294349,1203.59685116371,3.27857972701411,59.2073205805913,1205.64270489537
"BIGKAT _ P74 _ Left _ 1",19.3875981678071,48.3549836532979,1204.16787784998,0.522480437235233,54.8420463319369,1202.60683202982
"BIGKAT _ P74 _ Left _ 1",17.8546576882993,47.1719315135351,1203.80846268189,-1.10200631800552,53.1119881007891,1201.02675173515
"BIGKAT _ P74 _ Left _ 1",16.6313861807045,45.9202856255119,1202.58512964784,-1.75097472778283,53.9211304803677,1200.80882781289
"BIGKAT _ P74 _ Left _ 1",15.8098284115479,44.6990826591034,1200.62455681479,-1.56444920237868,56.9915106199789,1201.86486194408
"BIGKAT _ P74 _ Left _ 1",15.4569804603419,43.5941273559082,1198.09226771136,-0.617723177957596,61.9340899779106,1204.13974765245
"BIGKAT _ P74 _ Left _ 1",15.6098650808443,42.6742127378566,1195.17749034782,1.08509323327103,68.3065340337106,1207.59923311
"BIGKAT _ P74 _ Left _ 1",16.2705906617887,41.990646600931,1192.08249359379,3.57753655746044,75.6542386449716,1212.19192398358
"BIGKAT _ P74 _ Left _ 1",17.4021234018803,41.5780001350494,1189.01402917997,6.87119542039001,83.5343305513138,1217.8041211575
"BIGKAT _ P74 _ Left _ 1",18.9263923638404,41.4553686099892,1186.1763835311,10.8912072478773,91.5229924935939,1224.222279013
"BIGKAT _ P74 _ Left _ 1",20.7261972802691,41.6281619920054,1183.76677626745,15.428810059985,99.2081861592009,1231.111906371
"BIGKAT _ P74 _ Left _ 1",22.651578049566,42.0899932307512,1181.97257276292,20.1278453193416,106.17423333099,1238.01827865904
"BIGKAT _ P74 _ Left _ 1",24.5305408549613,42.8233393233721,1180.96704042004,24.5133247153557,111.989847532893,1244.39321696997
"BIGKAT _ P74 _ Left _ 1",26.1837024635651,43.7975170491123,1180.89874897449,28.0597303065296,116.213342362514,1249.65008708932
"BIGKAT _ P74 _ Left _ 1",27.4423800687347,44.9638658817117,1181.87113931628,30.2862021446104,118.425211493665,1253.24352563426
"BIGKAT _ P74 _ Left _ 1",28.1693209972997,46.2504557973488,1183.91341164245,30.8571877658833,118.289301949389,1254.76183728873
"BIGKAT _ P74 _ Left _ 1",28.2800106066048,47.5606091681418,1186.95004156225,29.6630447014699,115.632044305594,1254.01182489437
"BIGKAT _ P74 _ Left _ 1",27.7604946591398,48.7793782489623,1190.78106547391,26.8574928823095,110.518294783416,1251.07199378345
"BIGKAT _ P74 _ Left _ 1",26.6762377397653,49.7893697214134,1195.0857391677,22.8381383678326,103.296305397072,1246.2937857029
"BIGKAT _ P74 _ Left _ 1",25.1673442170925,50.4931002192806,1199.45650677791,18.171162109642,94.587367445923,1240.24296220388
"BIGKAT _ P74 _ Left _ 1",23.4289162829778,50.8354220330657,1203.45960232826,13.478068082986,85.2101939877444,1233.59199972607
"BIGKAT _ P74 _ Left _ 1",21.6799711381408,50.8182359009913,1206.70753084103,9.3149498995443,76.0531147911766,1226.99242233695
"BIGKAT _ P74 _ Left _ 1",20.1278666769329,50.5014537044409,1208.92278414046,6.07674394392566,67.9287871673426,1220.96458879353
"BIGKAT _ P74 _ Left _ 1",18.9361128471346,49.988465136432,1209.97468247823,3.94881674570185,61.4543776992102,1215.83631120027
"BIGKAT _ P74 _ Left _ 1",18.2019642387657,49.3996152072704,1209.88095751723,2.91135068250258,56.9895053151903,1211.74304681369
"BIGKAT _ P74 _ Left _ 1",17.9475521017499,48.8414329644516,1208.77787326128,2.78670354128183,54.6402492965075,1208.67994544364
"BIGKAT _ P74 _ Left _ 1",18.1255879965905,48.3809666319043,1206.87199504649,3.31155492959593,54.3131463810856,1206.57954521179
"BIGKAT _ P74 _ Left _ 1",18.6380406104705,48.032869008273,1204.38991256169,4.21437265716729,55.7898367264166,1205.38411880682
"BIGKAT _ P74 _ Left _ 1",19.3634491029335,47.7623097508096,1201.53921541636,5.28171052518694,58.7944997467636,1205.08858264045
"BIGKAT _ P74 _ Left _ 1",20.1861320407225,47.5010658192108,1198.48713672603,6.40141060422739,63.0382217891573,1205.74421601665
"BIGKAT _ P74 _ Left _ 1",21.0197091718116,47.1696687825531,1195.35569919367,7.575897048113,68.2392232901811,1207.42904698055
"BIGKAT _ P74 _ Left _ 1",21.8190339813844,46.6973047085919,1192.22689563626,8.90445079760586,74.1282609332127,1210.20173253477
"BIGKAT _ P74 _ Left _ 1",22.5785025687856,46.0337762512365,1189.15045883358,10.5393799616817,80.4504335630065,1214.05822416965
"BIGKAT _ P74 _ Left _ 1",23.3191341924805,45.1527134410325,1186.15013769381,12.6262523021053,86.9688669501113,1218.90438085309
"BIGKAT _ P74 _ Left _ 1",24.0698304418192,44.0495637217971,1183.22958372859,15.2415386470077,93.4676265796128,1224.54732943259
"BIGKAT _ P74 _ Left _ 1",24.8487213339118,42.7394626621791,1180.38236527036,18.3415386867253,99.7468478462439,1230.70028173213
"BIGKAT _ P74 _ Left _ 1",25.6489486403089,41.2585277463785,1177.61000656789,21.7346395068266,105.605293456742,1236.99387327782
"BIGKAT _ P74 _ Left _ 1",26.4310562533727,39.6687030176916,1174.94758075588,25.0853559253756,110.812660381748,1242.99116643619
"BIGKAT _ P74 _ Left _ 1",27.1226112068495,38.0628420178067,1172.49049074128,27.9534079961975,115.081831700795,1248.2092188117
"BIGKAT _ P74 _ Left _ 1",27.6251257440196,36.5648835582628,1170.41152356512,29.8643595250765,118.056154155214,1252.15346225443
"BIGKAT _ P74 _ Left _ 1",27.8282422032058,35.3207276143494,1168.95658338524,30.4007101508531,119.326640606701,1254.36977605697
"BIGKAT _ P74 _ Left _ 1",27.6305306433384,34.478617120505,1168.41196927352,29.2953748479899,118.488016673872,1254.51290304744
"BIGKAT _ P74 _ Left _ 1",26.9645481381025,34.1621450300905,1169.0448363569,26.505466281583,115.231102421079,1252.42062108908
"BIGKAT _ P74 _ Left _ 1",25.8212890968436,34.4425692955437,1171.02873288772,22.2453849469263,109.454108876848,1248.17442534132
"BIGKAT _ P74 _ Left _ 1",24.2669136337153,35.3184961947338,1174.3742922431,16.9653824295185,101.361171095197,1242.12376624055
"BIGKAT _ P74 _ Left _ 1",22.444280695264,36.7096894361771,1178.88808910006,11.2742651113891,91.5091172553984,1234.85571200015
"BIGKAT _ P74 _ Left _ 1",20.5547821793221,38.4680305919771,1184.17784671257,5.82063872280159,80.7703172919056,1227.10638494786
"BIGKAT _ P74 _ Left _ 1",18.8223059425341,40.4033235324092,1189.70890341269,1.16211073631335,70.2043826992282,1219.63174833787
"BIGKAT _ P74 _ Left _ 1",17.4484630655584,42.316494068587,1194.89862454933,-2.34043475603127,60.8680819952317,1213.07488689341
"BIGKAT _ P74 _ Left _ 1",16.5725788021081,44.0303914334419,1199.2206153109,-4.57229999107525,53.6223572736191,1207.87272713216
"BIGKAT _ P74 _ Left _ 1",16.2486723350904,45.4105046528135,1202.28776086933,-5.64601659420168,48.9982044610608,1204.23002395971
"BIGKAT _ P74 _ Left _ 1",16.4453302281338,46.3733174131123,1203.89424112473,-5.8249641566947,47.1564282741499,1202.15906651348
"BIGKAT _ P74 _ Left _ 1",17.0662034357769,46.8853222052423,1204.01486579171,-5.41737354935926,47.9370310444276,1201.55718108558
"BIGKAT _ P74 _ Left _ 1",17.9823054296327,46.9578816534313,1202.77492861331,-4.67422015193693,50.9642921575846,1202.28465591282
"BIGKAT _ P74 _ Left _ 1",19.064506704938,46.6416576870849,1200.40877401635,-3.72005562051883,55.7642163680406,1204.21444200026
"BIGKAT _ P74 _ Left _ 1",20.2061187636328,46.0210708602191,1197.22088370151,-2.53436881748459,61.859013170651,1207.24316983532
"BIGKAT _ P74 _ Left _ 1",21.3303790106333,45.2067429642052,1193.55473110774,-0.986082791445458,68.8193649257055,1211.26991606608
"BIGKAT _ P74 _ Left _ 1",22.384058217656,44.3237798072118,1189.76776558145,1.09107861893711,76.2712637046708,1216.1579282117
"BIGKAT _ P74 _ Left _ 1",23.3237686690359,43.4960279133113,1186.20891631515,3.80584528346523,83.8663026307476,1221.69465794639
"BIGKAT _ P74 _ Left _ 1",24.103623527158,42.8294073816671,1183.19712469165,7.12765517586615,91.2325872586421,1227.56158120361
"BIGKAT _ P74 _ Left _ 1",24.6709292641363,42.3988630186992,1181.00205856439,10.8418283228284,97.9291063739965,1233.32281388563
"BIGKAT _ P74 _ Left _ 1",24.9718248459981,42.2422707048107,1179.82849167595,14.558636836825,103.428793634106,1238.44199250079
"BIGKAT _ P74 _ Left _ 1",24.9637894716561,42.3616170538399,1179.80404984313,17.7797424434029,107.151374864212,1242.3364668972
"BIGKAT _ P74 _ Left _ 1",24.6291250461503,42.7289850203234,1180.96851578055,20.0094498818962,108.553280860333,1244.47069826751
"BIGKAT _ P74 _ Left _ 1",23.9838007141745,43.2940246120395,1183.26372675891,20.8823145555508,107.259507141868,1244.47493868982
"BIGKAT _ P74 _ Left _ 1",23.0786539777685,43.9909235286808,1186.52641986168,20.2677584445244,103.198775073048,1242.25655036486
"BIGKAT _ P74 _ Left _ 1",21.993203298622,44.7451814292507,1190.49018378258,18.3137181283496,96.6904314840883,1238.0611892519
"BIGKAT _ P74 _ Left _ 1",20.8246851000028,45.4818039028292,1194.80376596486,15.409867475047,88.4395030516475,1232.44991797375
"BIGKAT _ P74 _ Left _ 1",19.6756173271187,46.1355694340087,1199.06896427398,12.0818978915087,79.4268661724568,1226.18751916653
"BIGKAT _ P74 _ Left _ 1",18.6424355520557,46.6613621770723,1202.89312090807,8.85610407812346,70.723088754671,1220.07493671357
"BIGKAT _ P74 _ Left _ 1",17.8064990390542,47.0405692961904,1205.94351735633,6.14218072321426,63.2860254780101,1214.78407288698
"BIGKAT _ P74 _ Left _ 1",17.2279904192809,47.2803711254092,1207.98895839842,4.1687723572596,57.8059612354693,1210.75020879027
"BIGKAT _ P74 _ Left _ 1",16.9431380627178,47.4062015103466,1208.91906336044,2.98196729930654,54.6370183604637,1208.14818897258
"BIGKAT _ P74 _ Left _ 1",16.9651613761539,47.4512241626221,1208.74092020994,2.49510598570259,53.8161393011049,1206.94197360786
"BIGKAT _ P74 _ Left _ 1",17.2887499204758,47.4477551604599,1207.56012805094,2.56570790945642,55.1417489108893,1206.97309550085
"BIGKAT _ P74 _ Left _ 1",17.8968062060059,47.4234952343127,1205.55491634261,3.07222679055519,58.2738448494653,1208.04956198292
"BIGKAT _ P74 _ Left _ 1",18.7672181009183,47.4017406473129,1202.9484910628,3.96759755350613,62.8237725292906,1210.00810302319
"BIGKAT _ P74 _ Left _ 1",19.8771627933828,47.4019193305954,1199.98022599072,5.29581126507886,68.4166377464658,1212.73990968395
"BIGKAT _ P74 _ Left _ 1",21.2031465990777,47.4367861151572,1196.87516704427,7.1694992813169,74.7233452420966,1216.18457038197
"BIGKAT _ P74 _ Left _ 1",22.7164961486236,47.5055805649326,1193.81464661414,9.71763275319617,81.4673967781496,1220.30386945516
"BIGKAT _ P74 _ Left _ 1",24.3757406492292,47.5865136603696,1190.91555687101,13.0198609358617,88.4135519111325,1225.04667999192
"BIGKAT _ P74 _ Left _ 1",26.1186061637976,47.6342960226455,1188.22720584632,17.0460829713778,95.3445645232807,1230.31275254905
"BIGKAT _ P74 _ Left _ 1",27.856884599128,47.5872731878852,1185.75008815517,21.6172306238467,102.032025911948,1235.92128489158
"BIGKAT _ P74 _ Left _ 1",29.4771567066484,47.3845195362347,1183.47212516945,26.397944863704,108.208949703,1241.59074353285
"BIGKAT _ P74 _ Left _ 1",30.8491294494358,46.9881987846185,1181.40972533925,30.9254970322149,113.553650809892,1246.93728552251
"BIGKAT _ P74 _ Left _ 1",31.8413337955496,46.4032129686024,1179.63767968046,34.6725761131013,117.694541183499,1251.49793147402
"BIGKAT _ P74 _ Left _ 1",32.3417407707698,45.6861256081728,1178.29480738804,37.1347829670655,120.242427053351,1254.78081531556
"BIGKAT _ P74 _ Left _ 1",32.2792375608874,44.9384750222247,1177.55995629034,37.9276000108447,120.850634663153,1256.33917271955
"BIGKAT _ P74 _ Left _ 1",31.6412612917201,44.2847389066239,1177.60281783441,36.8732804893121,119.294473845245,1255.85890037949
"BIGKAT _ P74 _ Left _ 1",30.4832031409642,43.8407729507193,1178.52340076481,34.0564988390011,115.551663551705,1253.24180192045
"BIGKAT _ P74 _ Left _ 1",28.9262658319145,43.6826742455399,1180.30033216689,29.8300424158418,109.857439827342,1248.65983808676
"BIGKAT _ P74 _ Left _ 1",27.1421935746163,43.8267900789644,1182.76857892011,24.7604433443415,102.70711630326,1242.55498600526
"BIGKAT _ P74 _ Left _ 1",25.3259376731584,44.2278713361976,1185.63935768546,19.5194475347404,94.7900297948243,1235.57080189477
"BIGKAT _ P74 _ Left _ 1",23.6610594210846,44.7951976918848,1188.5595844994,14.7468748150936,86.8627784771513,1228.42578055682
"BIGKAT _ P74 _ Left _ 1",22.2865330546732,45.4193719469825,1191.19114880062,10.9239820598232,79.5977762655728,1221.76499662463
"BIGKAT _ P74 _ Left _ 1",21.27508799186,45.9992332886729,1193.28099384006,8.29439721129444,73.4589581989692,1216.03930865126
"BIGKAT _ P74 _ Left _ 1",20.6301715844831,46.4602633865811,1194.69769095583,6.85170936102938,68.6475437476149,1211.45106737642
"BIGKAT _ P74 _ Left _ 1",20.3018567941942,46.761016439314,1195.42622007802,6.38885371882822,65.1309327759411,1207.97739763598
"BIGKAT _ P74 _ Left _ 1",20.2151784324478,46.8893099682341,1195.53034348745,6.5864670922628,62.7347283397069,1205.4527522325
"BIGKAT _ P74 _ Left _ 1",20.3007508113782,46.8529911849305,1195.10256159883,7.11104185204741,61.2579326152489,1203.6750639037
"BIGKAT _ P74 _ Left _ 1",20.5179107654358,46.6705511590972,1194.2225201663,7.69743189457634,60.5695470256769,1202.49808982526
"BIGKAT _ P74 _ Left _ 1",20.8639487977875,46.3653049977077,1192.93810972582,8.19942950083349,60.6570221534937,1201.88275067841
"BIGKAT _ P74 _ Left _ 1",21.367688481852,45.9642934440202,1191.27314050694,8.60251743179685,61.6163376960801,1201.89661650205
"BIGKAT _ P74 _ Left _ 1",22.0704166405049,45.5005290303225,1189.25504153957,9.00189406731439,63.5933320024442,1202.66782131495
"BIGKAT _ P74 _ Left _ 1",23.0008532410233,45.0156355978754,1186.94869724147,9.55532762404668,66.7004146488528,1204.31302984678
"BIGKAT _ P74 _ Left _ 1",24.1525552850872,44.559929967636,1184.48069631995,10.4240655659266,70.9376635429425,1206.86516712101
"BIGKAT _ P74 _ Left _ 1",25.4713043852208,44.1885243473942,1182.04263992144,11.7159889574065,76.141800989596,1210.22422206074
"BIGKAT _ P74 _ Left _ 1",26.8568040917086,43.9541920210879,1179.87077220595,13.4436827777333,81.9747978687303,1214.14541219669
"BIGKAT _ P74 _ Left _ 1",28.1784729340562,43.8992535914409,1178.20793582381,15.5065305917881,87.9521957457409,1218.26719875791
"BIGKAT _ P74 _ Left _ 1",29.3008012737399,44.0488739375648,1177.25900226589,17.7009025276801,93.5033468911453,1222.17056849738
"BIGKAT _ P74 _ Left _ 1",30.1109981115696,44.4072332692957,1177.15151656834,19.7565387051145,98.0512727423475,1225.45278399672
"BIGKAT _ P74 _ Left _ 1",30.5412544398766,44.9569619246573,1177.91076284634,21.3911089897651,101.097278273283,1227.79510725098
"BIGKAT _ P74 _ Left _ 1",30.5799008800913,45.6615671629886,1179.45443407091,22.3700275934345,102.29503771081,1229.0066320262
"BIGKAT _ P74 _ Left _ 1",30.2692304393725,46.4701606289509,1181.60730553935,22.5566792269485,101.501661876895,1229.03563321683
"BIGKAT _ P74 _ Left _ 1",29.6915066183201,47.3233612484808,1184.13149509486,21.9404574483765,98.7986654607637,1227.95209579945
"BIGKAT _ P74 _ Left _ 1",28.9476013940926,48.1591260463081,1186.76454782424,20.6359784522283,94.4809924308775,1225.91369580496
"BIGKAT _ P74 _ Left _ 1",28.1342672910586,48.917882229563,1189.25700477306,18.8544140959418,89.0151487644044,1223.1282077176
"BIGKAT _ P74 _ Left _ 1",27.3260495184544,49.5472941043935,1191.40296891214,16.8547390302737,82.9695464559982,1219.82014201948
"BIGKAT _ P74 _ Left _ 1",26.5662950452106,50.0071978849001,1193.0596270873,14.8874961046237,76.9256390722448,1216.20447015012
"BIGKAT _ P74 _ Left _ 1",25.8689835933135,50.2741370002353,1194.1531788525,13.1456837783389,71.3883698654001,1212.46970285932
"BIGKAT _ P74 _ Left _ 1",25.2299692842457,50.3434874613569,1194.66979426775,11.7354558285565,66.7218529918922,1208.77455813722
"BIGKAT _ P74 _ Left _ 1",24.6435583691986,50.2271124951719,1194.633269759,10.6731433106542,63.1310829833205,1205.26142492883
"BIGKAT _ P74 _ Left _ 1",24.1187988078507,49.9464136070999,1194.0763307781,9.90671578367704,60.6917923522909,1202.08314513678
"BIGKAT _ P74 _ Left _ 1",23.689756801661,49.5232093881069,1193.01690847745,9.3527727045669,59.4094481068101,1199.43103809829
"BIGKAT _ P74 _ Left _ 1",23.4154744629299,48.972238119897,1191.4505205376,8.93694095356854,59.2775591869642,1197.54783685546
"BIGKAT _ P74 _ Left _ 1",23.3680383335665,48.2985428035415,1189.36435024802,8.62628865591325,60.3093277337748,1196.71257881911
"BIGKAT _ P74 _ Left _ 1",23.6107526177538,47.5010471845667,1186.76990904623,8.44580904614601,62.5313391239822,1197.19457394796
"BIGKAT _ P74 _ Left _ 1",24.1720222640922,46.5811895603874,1183.74261011817,8.47575997410387,65.946187698474,1199.18672132368
"BIGKAT _ P74 _ Left _ 1",25.0231215879702,45.5534563477793,1180.45155880182,8.83149194906545,70.4850205484445,1202.73943603405
"BIGKAT _ P74 _ Left _ 1",26.068331672158,44.4538039040066,1177.16409039436,9.63139620704445,75.9747452993703,1207.71976538217
"BIGKAT _ P74 _ Left _ 1",27.1531867393976,43.3426395263576,1174.21770533419,10.960982440867,82.1363023462471,1213.81300265833
"BIGKAT _ P74 _ Left _ 1",28.0911706611557,42.3009307065582,1171.96426887497,12.8414453383883,88.6147100766835,1220.5688120317
"BIGKAT _ P74 _ Left _ 1",28.7029556119166,41.4202137323981,1170.70210976296,15.2095284430637,95.0272954343158,1227.47770489572
"BIGKAT _ P74 _ Left _ 1",28.8576437944991,40.7889185304954,1170.61602426118,17.9126472756985,101.010338448107,1234.05364457067
"BIGKAT _ P74 _ Left _ 1",28.5042890833382,40.4782451946742,1171.74204077803,20.719947783939,106.247552187827,1239.89770432813
"BIGKAT _ P74 _ Left _ 1",27.6845520896653,40.5308890635931,1173.96567240321,23.3471374733067,110.473553680283,1244.72553871734
"BIGKAT _ P74 _ Left _ 1",26.5225794114787,40.9550513174948,1177.05269713029,25.4911465785781,113.457518865216,1248.35549673461
"BIGKAT _ P74 _ Left _ 1",25.1943409994162,41.7241786388501,1180.70266185756,26.8699565837853,114.982242607272,1250.67024473336
"BIGKAT _ P74 _ Left _ 1",23.8840357453941,42.7803926385722,1184.6091245894,27.26271695105,114.837941003094,1251.57646581274
"BIGKAT _ P74 _ Left _ 1",22.7385405414928,44.0382597053308,1188.50909302842,26.5449342585777,112.845679335459,1250.98830699193
"BIGKAT _ P74 _ Left _ 1",21.8315091745321,45.3867877602757,1192.20854860241,24.7127829716826,108.912242509357,1248.84841779323
"BIGKAT _ P74 _ Left _ 1",21.1464919237138,46.6909443189639,1195.5806201327,21.8898280004973,103.100427389704,1245.17974652101
"BIGKAT _ P74 _ Left _ 1",20.5838024577686,47.7973373825543,1198.5443078051,18.3102271674202,95.6840442734612,1240.14154669677
"BIGKAT _ P74 _ Left _ 1",19.9897733472878,48.5491044554405,1201.03899153427,14.277237573665,87.1552222707306,1234.05595101427
"BIGKAT _ P74 _ Left _ 1",19.2009860551331,48.8109554812373,1203.00847720572,10.1051148262675,78.1688317647736,1227.38384961709
"BIGKAT _ P74 _ Left _ 1",18.0919070923253,48.4984599077829,1204.39864168858,6.06182596222075,69.4390422510612,1220.65565779618
"BIGKAT _ P74 _ Left _ 1",16.6137323894771,47.6009027213007,1205.162325131,2.33216523128486,61.6275125020618,1214.38672663457
"BIGKAT _ P74 _ Left _ 1",14.8154003849421,46.1884215511946,1205.26240014159,-0.987067953986236,55.2635453489484,1209.01165699333
"BIGKAT _ P74 _ Left _ 1",12.8431006338665,44.4008949923213,1204.6699829576,-3.86150398270589,50.7139169218019,1204.85522141091
"BIGKAT _ P74 _ Left _ 1",10.9198305905853,42.4234517106102,1203.36282852072,-6.2760443029722,48.1921710900216,1202.13453342
"BIGKAT _ P74 _ Left _ 1",9.31020814249473,40.4574511180628,1201.33201054679,-8.19139847113898,47.7824170752427,1200.97330438537
"BIGKAT _ P74 _ Left _ 1",8.27775223604107,38.6955080150899,1198.60121348712,-9.51551663144657,49.4562337508691,1201.40996374188
"BIGKAT _ P74 _ Left _ 1",8.04251028696696,37.305802483318,1195.2551020562,-10.0988241590096,53.0762603825449,1203.3928864477
"BIGKAT _ P74 _ Left _ 1",8.74617672141577,36.4260619878143,1191.46559522582,-9.75457312443626,58.3952404616653,1206.76979795738
"BIGKAT _ P74 _ Left _ 1",10.4296828115639,36.1629158747958,1187.50144976087,-8.29914789707088,65.0655836677352,1211.28675086014
"BIGKAT _ P74 _ Left _ 1",13.0253354399084,36.5899678879204,1183.70995463256,-5.60304750570258,72.6690243078618,1216.61018839374
"BIGKAT _ P74 _ Left _ 1",16.3629889392783,37.7395635370353,1180.4695826916,-1.64160542355899,80.762950528945,1222.37400067305
"BIGKAT _ P74 _ Left _ 1",20.187930415718,39.5882515938678,1178.1250561923,3.46508775204499,88.927816626904,1228.23803269749
"BIGKAT _ P74 _ Left _ 1",24.1870707285876,42.0414297215628,1176.9248086794,9.43156604103428,96.7961265227952,1233.93408577439
"BIGKAT _ P74 _ Left _ 1",28.019725529341,44.9255055396207,1176.98039620201,15.8111603850001,104.050401515658,1239.2772352729
"BIGKAT _ P74 _ Left _ 1",31.349935407402,47.9948406412984,1178.25852139273,22.0271393515347,110.392268284791,1244.13527907522
"BIGKAT _ P74 _ Left _ 1",33.8785437843742,50.9565774551232,1180.60407314269,27.4297456305957,115.500435486677,1248.37069807327
"BIGKAT _ P74 _ Left _ 1",35.3740608422117,53.5109382751053,1183.7827067605,31.3748136483762,119.004385979464,1251.78606163725
"BIGKAT _ P74 _ Left _ 1",35.7007716079967,55.3994340891909,1187.52719415059,33.3162681593278,120.498340526765,1254.10519165333
"BIGKAT _ P74 _ Left _ 1",34.8407256166135,56.4500312212242,1191.57342166964,32.9009347853868,119.60646786113,1255.00690377001
"BIGKAT _ P74 _ Left _ 1",32.9043650459299,56.6079531188923,1195.67847651017,30.0493573114278,116.089902864422,1254.20425606749
"BIGKAT _ P74 _ Left _ 1",30.1241604451333,55.9440500021333,1199.62251876161,25.0018005450543,109.96569276545,1251.54225843009
"BIGKAT _ P74 _ Left _ 1",26.8278431445327,54.6385033108266,1203.203754457,18.3083350725161,101.59456033698,1247.0788056423
"BIGKAT _ P74 _ Left _ 1",23.3926273464947,52.9436317419824,1206.23710665788,10.7511109698713,91.6952391273037,1241.11863773876
"BIGKAT _ P74 _ Left _ 1",20.1877226306852,51.1338618771586,1208.56150132312,3.20710993184782,81.2626830156891,1234.18597929462
"BIGKAT _ P74 _ Left _ 1",17.5170591126959,49.4532993208476,1210.05286266148,-3.51600784112356,71.4025572154676,1226.94272943029
"BIGKAT _ P74 _ Left _ 1",15.5754222795568,48.0721575501242,1210.6359327584,-8.82355272300404,63.1298879967716,1220.07747861976
"BIGKAT _ P74 _ Left _ 1",14.4284134743802,47.0621958841182,1210.28995102726,-12.4152513593177,57.1949012132043,1214.19849553743
"BIGKAT _ P74 _ Left _ 1",14.0206300330324,46.3974652726031,1209.04827709509,-14.2870121154165,53.9844352449884,1209.75806347086
"BIGKAT _ P74 _ Left _ 1",14.2090582466914,45.9801517901019,1206.99562111193,-14.66426432192,53.5135682986601,1207.01980588011
"BIGKAT _ P74 _ Left _ 1",14.8121153160583,45.6838728421456,1204.26597353281,-13.8972081697468,55.4900751631001,1206.06387854011
"BIGKAT _ P74 _ Left _ 1",15.6609467734388,45.4011697388782,1201.04049680494,-12.352723319227,59.4183804192841,1206.8156733223
"BIGKAT _ P74 _ Left _ 1",16.6394984322274,45.0805224130371,1197.54088511761,-10.3306195008838,64.7110560845896,1209.08427816647
"BIGKAT _ P74 _ Left _ 1",17.703502705566,44.7417462403399,1194.01317878066,-8.01923470704017,70.7867811777306,1212.60298525748
"BIGKAT _ P74 _ Left _ 1",18.874784598391,44.4658230237976,1190.70062424922,-5.49220007431433,77.1445239965025,1217.06904386243
"BIGKAT _ P74 _ Left _ 1",20.2142510436661,44.3634306790677,1187.81019658844,-2.73803265367097,83.4093838843797,1222.18001982726
"BIGKAT _ P74 _ Left _ 1",21.7824056954672,44.5331058534846,1185.48280341667,0.291136592105538,89.3471436944867,1227.66134551702
"BIGKAT _ P74 _ Left _ 1",23.5989217941637,45.0232846693406,1183.77885345592,3.62615491230986,94.8464984049565,1233.27865901628
"BIGKAT _ P74 _ Left _ 1",25.6126633430408,45.8111300134131,1182.68668400425,7.23516263589756,99.8729665447401,1238.83199478111
"BIGKAT _ P74 _ Left _ 1",27.6910253166041,46.8049087017796,1182.15205575877,10.9950588287302,104.405661689616,1244.13525439956
"BIGKAT _ P74 _ Left _ 1",29.6327884725083,47.8678948130036,1182.11708980151,14.6863204303062,108.374043987701,1248.99012643162
"BIGKAT _ P74 _ Left _ 1",31.2023835644636,48.8542301220016,1182.55223631876,18.0135260163065,111.613629042331,1253.1660907506
"BIGKAT _ P74 _ Left _ 1",32.1773412061021,49.6440771655346,1183.46758809078,20.649272000407,113.856528763598,1256.396611178
"BIGKAT _ P74 _ Left _ 1",32.3971770819436,50.1675178129309,1184.89829429844,22.294311404708,114.765284952682,1258.39712865171
"BIGKAT _ P74 _ Left _ 1",31.8020157614089,50.4122056537292,1186.86901064073,22.7425977005593,114.007830433916,1258.90487124942
"BIGKAT _ P74 _ Left _ 1",30.4518879490903,50.4157411574246,1189.35045360273,21.9370629581648,111.35885713307,1257.73477359325
"BIGKAT _ P74 _ Left _ 1",28.5215222299606,50.247789543191,1192.2249032863,20.0009482655603,106.800667817465,1254.83945926882
"BIGKAT _ P74 _ Left _ 1",26.270327057942,49.9885939578687,1195.27608689109,17.2317004448974,100.589011582217,1250.3546189913
"BIGKAT _ P74 _ Left _ 1",23.9931998827121,49.7102438598251,1198.21207179971,14.0519321801428,93.2523885086882,1244.60818569493
"BIGKAT _ P74 _ Left _ 1",21.9636528454973,49.4650877822792,1200.71816646974,10.9251454731515,85.5113361304195,1238.07868178753
"BIGKAT _ P74 _ Left _ 1",20.3839044198823,49.2822676230405,1202.52366822519,8.25845683820803,78.1346484331995,1231.30705698561
"BIGKAT _ P74 _ Left _ 1",19.3547704031672,49.1697791555439,1203.45830458062,6.3219759996604,71.7790895225692,1224.78955300461
"BIGKAT _ P74 _ Left _ 1",18.8715843189687,49.1177190484629,1203.47732780911,5.20891441243545,66.8697990039996,1218.89190440348
"BIGKAT _ P74 _ Left _ 1",18.8439396874818,49.0994053249073,1202.64779090796,4.84472880490383,63.5613204590306,1213.81724905968
"BIGKAT _ P74 _ Left _ 1",19.1305121021685,49.0699097802127,1201.10497705921,5.03675520865087,61.7834450254329,1209.63530692471
"BIGKAT _ P74 _ Left _ 1",19.5777488568546,48.9643879472042,1198.99878131508,5.54543734575251,61.3423176555389,1206.35344694671
"BIGKAT _ P74 _ Left _ 1",20.0526220176824,48.7000488335654,1196.45127316188,6.15615277110477,62.031007575103,1203.99465119795
"BIGKAT _ P74 _ Left _ 1",20.4632921995261,48.1851303660023,1193.54008297043,6.73445159737483,63.7077368076238,1202.64757238748
"BIGKAT _ P74 _ Left _ 1",20.7656434639524,47.3359454933206,1190.31140767113,7.25410914986411,66.3180998066956,1202.46697309381
"BIGKAT _ P74 _ Left _ 1",20.9570488187612,46.0995518612792,1186.81517436947,7.79449104562999,69.8613994464379,1203.62302435099
"BIGKAT _ P74 _ Left _ 1",21.0609772030312,44.4759971088927,1183.14646844304,8.51016389829201,74.3226742106448,1206.21862009649
"BIGKAT _ P74 _ Left _ 1",21.1072753229963,42.531986816725,1179.4742972204,9.58099999381153,79.6041339435778,1210.20804579746
"BIGKAT _ P74 _ Left _ 1",21.1134455616265,40.3988389208822,1176.04270456674,11.1548657324248,85.4877130888597,1215.35188080418
"BIGKAT _ P74 _ Left _ 1",21.0720162573039,38.2523524022822,1173.13968223035,13.2965846092602,91.6445093757225,1221.22985740863
"BIGKAT _ P74 _ Left _ 1",20.947791800452,36.2792432034382,1171.04257994648,15.9552692559837,97.6845345254049,1227.31052301821
"BIGKAT _ P74 _ Left _ 1",20.6861239583431,34.6406766790681,1169.95879310978,18.9572760392923,103.223168504732,1233.05428954434
"BIGKAT _ P74 _ Left _ 1",20.2298925655161,33.4448359346959,1169.98237481928,22.0255177407961,107.93707973104,1238.01444553481
"BIGKAT _ P74 _ Left _ 1",19.5399172857031,32.7365266162086,1171.08017466483,24.8199728691316,111.591665319734,1241.90310208285
"BIGKAT _ P74 _ Left _ 1",18.6123058289577,32.5046493903083,1173.10912609301,26.9904919604255,114.037397988372,1244.60403635859
"BIGKAT _ P74 _ Left _ 1",17.4872061314763,32.701515469606,1175.85522201315,28.2318224410588,115.186155082731,1246.13579871611
"BIGKAT _ P74 _ Left _ 1",16.2460595106426,33.2643089815695,1179.07882095505,28.3319227354805,114.985742896644,1246.58751022909
"BIGKAT _ P74 _ Left _ 1",14.9978077838914,34.129683094886,1182.55148691266,27.2073337839914,113.409699574556,1246.05823097654
"BIGKAT _ P74 _ Left _ 1",13.8576711919684,35.2370054558383,1186.07545593222,24.9220125342046,110.470733958377,1244.62492150397
"BIGKAT _ P74 _ Left _ 1",12.9242538545546,36.5221941256684,1189.48554002293,21.6868637905218,106.252678444404,1242.347018629
"BIGKAT _ P74 _ Left _ 1",12.2611642528829,37.9094012356523,1192.64135132757,17.836405663846,100.942987081441,1239.29614004686
"BIGKAT _ P74 _ Left _ 1",11.8878360668421,39.308983938053,1195.42115223993,13.7798967105099,94.8428808474954,1235.58749331332
"BIGKAT _ P74 _ Left _ 1",11.7812339772096,40.626024377015,1197.72486218771,9.93078353799702,88.3408975888343,1231.39186780531
"BIGKAT _ P74 _ Left _ 1",11.8866101516934,41.776335678395,1199.48479289563,6.62955551756152,81.8558149587039,1226.92228753588
"BIGKAT _ P74 _ Left _ 1",12.132760029923,42.7014019316702,1200.67522149519,4.08323809677137,75.7741574087529,1222.40700551484
"BIGKAT _ P74 _ Left _ 1",12.4464940132871,43.3739909202248,1201.31186495427,2.34174187228354,70.4108805476453,1218.06778457621
"BIGKAT _ P74 _ Left _ 1",12.7625311723821,43.7916660890184,1201.43916087677,1.3174970763608,66.0063063597713,1214.11524207197
"BIGKAT _ P74 _ Left _ 1",13.0277471202934,43.961942567577,1201.11106920305,0.838859601992112,62.7500128024997,1210.75876232072
"BIGKAT _ P74 _ Left _ 1",13.2012270494779,43.8865849371703,1200.37458088646,0.718012647930513,60.8082487988784,1208.21766668952
"BIGKAT _ P74 _ Left _ 1",13.2529090837426,43.5523919600601,1199.26313973275,0.812819110515041,60.3320405949081,1206.71853188564
"BIGKAT _ P74 _ Left _ 1",13.1634892706438,42.9326532361741,1197.80178899616,1.06700949846128,61.4357991997053,1206.47032193739
"BIGKAT _ P74 _ Left _ 1",12.9269390566628,41.9989074320698,1196.01999808357,1.52088745884026,64.1537916406185,1207.62055259817
"BIGKAT _ P74 _ Left _ 1",12.5550137561597,40.7384022846979,1193.9645517295,2.29273230384288,68.3958016391194,1210.20666212282
"BIGKAT _ P74 _ Left _ 1",12.0812950940751,39.170347923791,1191.70542445307,3.53750490679484,73.9261945413004,1214.12156294712
"BIGKAT _ P74 _ Left _ 1",11.5615151359844,37.3546744664831,1189.33202945583,5.39343269328131,80.379971354219,1219.10790963562
"BIGKAT _ P74 _ Left _ 1",11.0677949282171,35.3903324783489,1186.94297429164,7.92848593179768,87.3109090362421,1224.78395130283
"BIGKAT _ P74 _ Left _ 1",10.676822489409,33.4045785006918,1184.63594840687,11.0980652521494,94.2514962314575,1230.69146447528
"BIGKAT _ P74 _ Left _ 1",10.4547421419887,31.5378673481083,1182.50366973321,14.722908697127,100.760759619886,1236.34991451021
"BIGKAT _ P74 _ Left _ 1",10.4431765211535,29.9293313324076,1180.63757371275,18.4928440579957,106.445306774022,1241.30314696236
"BIGKAT _ P74 _ Left _ 1",10.6505818161512,28.7055442501092,1179.13562537041,21.9981274458313,110.955072939946,1245.15281564878
"BIGKAT _ P74 _ Left _ 1",11.0513498508263,27.9721622564949,1178.10715948843,24.7860190968046,113.969700867972,1247.58110608835
"BIGKAT _ P74 _ Left _ 1",11.5926570849772,27.8061803709898,1177.66778992789,26.4358109548466,115.197282650567,1248.36971316464
"BIGKAT _ P74 _ Left _ 1",12.2069082408772,28.2468895548768,1177.92112108656,26.6405679619108,114.40179312811,1247.42068739658
"BIGKAT _ P74 _ Left _ 1",12.8262486617208,29.2857417954938,1178.92981204746,25.2789396770333,111.461045271022,1244.77858564481
"BIGKAT _ P74 _ Left _ 1",13.3952514521664,30.8580244797664,1180.68439777327,22.457467064469,106.439043776359,1240.64569108596
"BIGKAT _ P74 _ Left _ 1",13.878596272089,32.8410120518818,1183.08164817879,18.5061580508879,99.6429469940225,1235.37778241434
"BIGKAT _ P74 _ Left _ 1",14.2622168541235,35.0626579815672,1185.92277600061,13.9208579496002,91.6333643896348,1229.45116271181
"BIGKAT _ P74 _ Left _ 1",14.5485176700975,37.321363849275,1188.93494567187,9.2642707539824,83.1715841066123,1223.40263127157
"BIGKAT _ P74 _ Left _ 1",14.7480827228326,39.412408234602,1191.81023319156,5.0554761229033,75.1134664555879,1217.75721842484
"BIGKAT _ P74 _ Left _ 1",14.8711628619933,41.1535333150214,1194.24995158103,1.68376302974551,68.2820497363614,1212.96488047876
"BIGKAT _ P74 _ Left _ 1",14.9219012445008,42.4034166333291,1196.00292211994,-0.628931930305344,63.354828289336,1209.36179522886
"BIGKAT _ P74 _ Left _ 1",14.8969640638005,43.071258170368,1196.89229189388,-1.81495355998294,60.787153887928,1207.15834443492
"BIGKAT _ P74 _ Left _ 1",14.7885073939325,43.119824370006,1196.83143693219,-1.91488036979787,60.7746210080343,1206.44418729348
"BIGKAT _ P74 _ Left _ 1",14.5898533912714,42.5652610276445,1195.83125659928,-1.02421628439998,63.2481520977883,1207.19811491266
"BIGKAT _ P74 _ Left _ 1",14.3014353980372,41.4751035379838,1193.99914998584,0.745501852396036,67.8969341113841,1209.29607258726
"BIGKAT _ P74 _ Left _ 1",13.9348281661261,39.9635469719722,1191.52770625931,3.28065253324317,74.2179000543398,1212.51889432025
"BIGKAT _ P74 _ Left _ 1",13.5138148665609,38.18232888638,1188.67183984079,6.45619294615832,81.588235245662,1216.56575696404
"BIGKAT _ P74 _ Left _ 1",13.0727024688089,36.3068665293532,1185.71696235011,10.1133074896526,89.349223090541,1221.07757718564
"BIGKAT _ P74 _ Left _ 1",12.6527282991658,34.5193030837044,1182.94501359185,14.0372740928942,96.8822442022581,1225.66859819693
"BIGKAT _ P74 _ Left _ 1",12.2973292973647,32.9913387480859,1180.60645665191,17.9467127026379,103.657913469399,1229.95921207524
"BIGKAT _ P74 _ Left _ 1",12.0467929223682,31.8694561046084,1178.9034421928,21.5007327582759,109.249132150866,1233.60292193494
"BIGKAT _ P74 _ Left _ 1",11.9327847712912,31.2636873366485,1177.9838793257,24.3258711578554,113.314257348678,1236.30540040981
"BIGKAT _ P74 _ Left _ 1",11.9734017799788,31.2394148611248,1177.9413426655,26.0611497111774,115.570270121448,1237.83964687346
"BIGKAT _ P74 _ Left _ 1",12.1695345026125,31.8110296822027,1178.81423187714,26.4162086342179,115.780826952008,1238.06338044928
"BIGKAT _ P74 _ Left _ 1",12.5033709575644,32.9372246507406,1180.58002592179,25.2330793549243,113.77723543963,1236.94104643495
"BIGKAT _ P74 _ Left _ 1",12.9397449852065,34.5197804995418,1183.14564450181,22.5371948813896,109.513635737502,1234.56502481653
"BIGKAT _ P74 _ Left _ 1",13.4305620103158,36.4093385278178,1186.34032075138,18.5602891238862,103.137338804945,1231.16362925417
"BIGKAT _ P74 _ Left _ 1",13.9217919364266,38.4211228759135,1189.91975284739,13.720460189038,95.0402345909392,1227.0826421715
"BIGKAT _ P74 _ Left _ 1",14.3618070931887,40.3603907743063,1193.58751609646,8.55517382038221,85.8560916701349,1222.73475646069
"BIGKAT _ P74 _ Left _ 1",14.709350671155,42.0529224824717,1197.03279042795,3.61956626185076,76.385842587922,1218.52481087808
"BIGKAT _ P74 _ Left _ 1",14.9392025159687,43.3725013547942,1199.97599901332,-0.622150213994684,67.4639741109759,1214.77201118352
"BIGKAT _ P74 _ Left _ 1",15.043875697956,44.2569914974691,1202.20960732755,-3.87920009369549,59.8088805177881,1211.65631839418
"BIGKAT _ P74 _ Left _ 1",15.0307398637272,44.7078405166836,1203.62201256178,-6.06672295361434,53.9103350424603,1209.20987587995
"BIGKAT _ P74 _ Left _ 1",14.9157900652094,44.7736222429048,1204.19796884744,-7.28254195412322,49.9904841785217,1207.35688756589
"BIGKAT _ P74 _ Left _ 1",14.7171247817213,44.5242312421655,1203.99716517532,-7.74040799467036,48.0412504426,1205.98526412839
"BIGKAT _ P74 _ Left _ 1",14.4518252031243,44.0257296128524,1203.12004816084,-7.68240694446534,47.9106541771973,1205.02119260355
"BIGKAT _ P74 _ Left _ 1",14.1384930718037,43.3249678532667,1201.67372361202,-7.295272645567,49.3974317316242,1204.47857719648
"BIGKAT _ P74 _ Left _ 1",13.804636809299,42.4484454554437,1199.74930583329,-6.65139729356671,52.3188845737109,1204.46662348901
"BIGKAT _ P74 _ Left _ 1",13.4949717312486,41.4136443259365,1197.41622128859,-5.68799605853198,56.5342717768508,1205.1547704883
"BIGKAT _ P74 _ Left _ 1",13.2752341124603,40.2460396672454,1194.73165140097,-4.22875426799169,61.9263607791166,1206.70885461424
"BIGKAT _ P74 _ Left _ 1",13.2272529682857,38.9933501716396,1191.75793907274,-2.04252685770973,68.3591581888566,1209.22112944266
"BIGKAT _ P74 _ Left _ 1",13.4344712409307,37.7308063774782,1188.57932112941,1.07517353342662,75.635343382853,1212.65697915854
"BIGKAT _ P74 _ Left _ 1",13.961198426456,36.5557176507456,1185.31168259037,5.21809652658479,83.4720042994179,1216.83358481628
"BIGKAT _ P74 _ Left _ 1",14.8314990688034,35.5738661978787,1182.10345625874,10.3040864873944,91.5020007505983,1221.43430766194
"BIGKAT _ P74 _ Left _ 1",16.0138003761069,34.8824375005903,1179.12963146282,16.0463742696265,99.2969244163378,1226.05204496955
"BIGKAT _ P74 _ Left _ 1",17.4156933023648,34.554066285588,1176.5818521498,21.9705833139774,106.401241241486,1230.24869423887
"BIGKAT _ P74 _ Left _ 1",18.8911759077644,34.6251122417607,1174.65578481625,27.4762637792359,112.367368180132,1233.61689025281
"BIGKAT _ P74 _ Left _ 1",20.2602874807283,35.0897149949852,1173.5346099056,31.9317119829464,116.786261170292,1235.83294997666
"BIGKAT _ P74 _ Left _ 1",21.3386360010672,35.9001456737379,1173.3671115668,34.7833320171981,119.314044973099,1236.69422629198
"BIGKAT _ P74 _ Left _ 1",21.9717267423099,36.9733352368981,1174.24118414537,35.6572868205188,119.699026979813,1236.13805488159
"BIGKAT _ P74 _ Left _ 1",22.0667664710205,38.2027911971595,1176.15755169808,34.4321385723161,117.813018062061,1234.24239055345
"BIGKAT _ P74 _ Left _ 1",21.6137641283509,39.4741993516624,1179.01188731951,31.2662872723338,113.685980475719,1231.21001255104
"BIGKAT _ P74 _ Left _ 1",20.6893666467966,40.6820327119998,1182.59390948864,26.5727071183516,107.535822169289,1227.33918752357
"BIGKAT _ P74 _ Left _ 1",19.4412455112139,41.7439811729369,1186.6082953325,20.9448320174217,99.7796426957998,1222.98443130613
"BIGKAT _ P74 _ Left _ 1",18.0567616459123,42.6104804010533,1190.71565719538,15.049330039376,91.0126394665852,1218.51183291193
"BIGKAT _ P74 _ Left _ 1",16.7246890043398,43.2680047458958,1194.58520541509,9.51035783935117,81.9478846567693,1214.25443520304
"BIGKAT _ P74 _ Left _ 1",15.6006960891717,43.7362981921606,1197.94642343302,4.81221995212642,73.3232816326781,1210.47454343626
"BIGKAT _ P74 _ Left _ 1",14.7852231806402,44.0604795396465,1200.62622074451,1.24196551888434,65.7970095827718,1207.34097319115
"BIGKAT _ P74 _ Left _ 1",14.3174635421644,44.2990745438866,1202.56116772567,-1.11800687712031,59.8619666251945,1204.92804253812
"BIGKAT _ P74 _ Left _ 1",14.1838001631721,44.5095192923176,1203.78158192226,-2.35129703637471,55.8053054943475,1203.23757329615
"BIGKAT _ P74 _ Left _ 1",14.3355547725016,44.7340257270268,1204.37363719353,-2.63906247642212,53.7206647111632,1202.23668651587
"BIGKAT _ P74 _ Left _ 1",14.7101392092558,44.9899328770524,1204.43348267978,-2.18456001043155,53.5581715900861,1201.89748788236
"BIGKAT _ P74 _ Left _ 1",15.2509085839166,45.2683615289823,1204.02995344149,-1.15217007721921,55.1838958752766,1202.22365554382
"BIGKAT _ P74 _ Left _ 1",15.9226523510858,45.5427019023577,1203.18876705396,0.365284040148102,58.4222986455117,1203.25356881544
"BIGKAT _ P74 _ Left _ 1",16.720559855817,45.7849183524485,1201.90279718255,2.3473654608458,63.0690449358195,1205.03783148011
"BIGKAT _ P74 _ Left _ 1",17.6706427964551,45.9841354933908,1200.16317271666,4.82036883450278,68.8790608987968,1207.59844062028
"BIGKAT _ P74 _ Left _ 1",18.8199999367088,46.1599452118143,1197.99796765448,7.81611523407613,75.5474656648586,1210.88456795997
"BIGKAT _ P74 _ Left _ 1",20.2171636911501,46.3637230491479,1195.50208296188,11.3282290269563,82.7033647510685,1214.74256194384
"BIGKAT _ P74 _ Left _ 1",21.8863002396139,46.6654465842874,1192.84511886292,15.2780812156368,89.9278660690586,1218.9131862774
"BIGKAT _ P74 _ Left _ 1",23.8027794350345,47.1297006112262,1190.25269730236,19.4991191952101,96.7931927543624,1223.05857987776
"BIGKAT _ P74 _ Left _ 1",25.879092615009,47.7897442663652,1187.96728773952,23.7428300647389,102.907796877785,1226.80995389568
"BIGKAT _ P74 _ Left _ 1",27.9676634033463,48.6298503556637,1186.20231389324,27.7037505939209,107.949705761896,1229.82057448352
"BIGKAT _ P74 _ Left _ 1",29.881511243648,49.5828125808788,1185.10462907264,31.0570181445032,111.677967393716,1231.80997466562
"BIGKAT _ P74 _ Left _ 1",31.4276695518119,50.5433346768783,1184.7351832118,33.5012010255904,113.924788381518,1232.59250619097
"BIGKAT _ P74 _ Left _ 1",32.4444714217814,51.3921369378792,1185.06925492145,34.8005654441423,114.581034970671,1232.09104395926
"BIGKAT _ P74 _ Left _ 1",32.8334573127187,52.0226727539936,1186.01078010197,34.8221803611276,113.58983335378,1230.34024430357
"BIGKAT _ P74 _ Left _ 1",32.5790593163954,52.3630542336278,1187.4131598082,33.5629593750332,110.956735882066,1227.48214703456
"BIGKAT _ P74 _ Left _ 1",31.752801856968,52.3888438610147,1189.10099872511,31.1609085354017,106.774431776702,1223.7529937097
"BIGKAT _ P74 _ Left _ 1",30.5022023592965,52.1256927853089,1190.89048019791,27.885778746975,101.250887904811,1219.45828919343
"BIGKAT _ P74 _ Left _ 1",29.0272924098698,51.6431279506087,1192.60797838279,24.1079589159197,94.7257425564094,1214.93550813455
"BIGKAT _ P74 _ Left _ 1",27.5496104294642,51.0420887467706,1194.10678690389,20.2492886091085,87.6611382703412,1210.50877636546
"BIGKAT _ P74 _ Left _ 1",26.279473666422,50.4393060522673,1195.28131762207,16.723355142387,80.5992304696954,1206.44404332369
"BIGKAT _ P74 _ Left _ 1",25.387042682703,49.9510538379685,1196.07694458979,13.8751408421769,74.0895288759144,1202.91502029119
"BIGKAT _ P74 _ Left _ 1",24.9812280356339,49.6772679205258,1196.4920107572,11.9310409969879,68.6036079223475,1199.98961883199
"BIGKAT _ P74 _ Left _ 1",25.0985368673449,49.6858271635707,1196.56814244444,10.9698147912302,64.4653499683502,1197.64332711776
"BIGKAT _ P74 _ Left _ 1",25.7023323822157,49.9975031918109,1196.36812848604,10.9216699222431,61.8221655474383,1195.79877078828
"BIGKAT _ P74 _ Left _ 1",26.6919913651735,50.5745441601087,1195.94664360301,11.5964729066439,60.6653086194155,1194.38106896296
"BIGKAT _ P74 _ Left _ 1",27.9207852247992,51.3179322554387,1195.32421756574,12.7351244365489,60.8859876267061,1193.37138421819
"BIGKAT _ P74 _ Left _ 1",29.2204399107793,52.0779120248613,1194.47545268977,14.0727935876601,62.3409445296772,1192.84043109088
"BIGKAT _ P74 _ Left _ 1",30.4289620657684,52.6789788282495,1193.33795466477,15.4000733706449,64.9012406056442,1192.94971121862
"BIGKAT _ P74 _ Left _ 1",31.4167894927727,52.9553656339122,1191.84067466193,16.608360502569,68.4684506943006,1193.91812927082
"BIGKAT _ P74 _ Left _ 1",32.1055948541631,52.7882898646267,1189.94227670192,17.7087987477869,72.9579498557578,1195.96243652577
"BIGKAT _ P74 _ Left _ 1",32.4750944882105,52.1340333625484,1187.66499410293,18.8197510112819,78.263536720696,1199.22891364917
"BIGKAT _ P74 _ Left _ 1",32.5561321892618,51.0337460135544,1185.11001050418,20.1252732234156,84.2252204136921,1203.73765180246
"BIGKAT _ P74 _ Left _ 1",32.4122622615153,49.6015359391639,1182.44737383533,21.814750799446,90.6184994649856,1209.35689707577
"BIGKAT _ P74 _ Left _ 1",32.1156096294308,47.9949721253922,1179.88419911826,24.0190921731363,97.1701839824699,1215.81353067337
"BIGKAT _ P74 _ Left _ 1",31.7245333629202,46.3784224953055,1177.62427304812,26.7593708531766,103.590265270161,1222.73190583087
"BIGKAT _ P74 _ Left _ 1",31.2697869338315,44.891823795358,1175.83528730462,29.9194287689382,109.600751932371,1229.68396501125
"BIGKAT _ P74 _ Left _ 1",30.7526641096562,43.6344730773004,1174.63533807657,33.2470658398806,114.945418524965,1236.23316816315
"BIGKAT _ P74 _ Left _ 1",30.154231279652,42.6665130910577,1174.10063395024,36.3821718496051,119.376682472768,1241.96273452298
"BIGKAT _ P74 _ Left _ 1",29.4510081848511,42.0230169559392,1174.28616753324,38.9063546923514,122.630468360789,1246.49039773245
"BIGKAT _ P74 _ Left _ 1",28.6310105195317,41.7305126827963,1175.24470403667,40.4072340538191,124.409790731162,1249.48098778537
"BIGKAT _ P74 _ Left _ 1",27.7052254946254,41.8157649527871,1177.02963482875,40.5501437322388,124.3983895747,1250.66985537577
"BIGKAT _ P74 _ Left _ 1",26.7121287130361,42.3015900682341,1179.67464505376,39.1485483130459,122.316150638483,1249.90333388032
"BIGKAT _ P74 _ Left _ 1",25.7151702728935,43.1919691206395,1183.15520835636,36.2209479350981,118.010627107231,1247.18984339142
"BIGKAT _ P74 _ Left _ 1",24.7944734333336,44.4549312005487,1187.34818893321,32.0179011440083,111.559163025931,1242.74254756175
"BIGKAT _ P74 _ Left _ 1",24.0344182043797,46.0131960130315,1192.01032039257,27.0027106044895,103.342010701504,1236.98886029321
"BIGKAT _ P74 _ Left _ 1",23.5088687842613,47.7484442256483,1196.79079612458,21.7786557285522,94.0474255439992,1230.52916695879
"BIGKAT _ P74 _ Left _ 1",23.2660780970044,49.5178060468108,1201.27944306887,16.9745859940684,84.589944882316,1224.04635313323
"BIGKAT _ P74 _ Left _ 1",23.315895135186,51.1752651212309,1205.07671981913,13.1202022227977,75.9573537373315,1218.19031955734
"BIGKAT _ P74 _ Left _ 1",23.622443504121,52.5897087196551,1207.8632535622,10.5494322186799,69.0329732923223,1213.47445692999
"BIGKAT _ P74 _ Left _ 1",24.105360751313,53.6554277980402,1209.44897582269,9.35942477044417,64.4489519182543,1210.21543349786
"BIGKAT _ P74 _ Left _ 1",24.6514848577193,54.2966960974216,1209.79251062251,9.43080179233065,62.5080517663054,1208.52669379051
"BIGKAT _ P74 _ Left _ 1",25.1363638311266,54.4714387171253,1208.99328070888,10.494360550523,63.1796676722639,1208.35293498526
"BIGKAT _ P74 _ Left _ 1",25.4516942534226,54.1778694412084,1207.26558244542,12.2185701911572,66.1508872304882,1209.52078125138
"BIGKAT _ P74 _ Left _ 1",25.5320391762792,53.4635430450772,1204.90387025735,14.2919565158546,70.9062736220828,1211.78418014252
"BIGKAT _ P74 _ Left _ 1",25.3732472064983,52.4316919265282,1202.24440641828,16.4816346131279,76.817334356763,1214.85609100029
"BIGKAT _ P74 _ Left _ 1",25.0365646870543,51.2379616359409,1199.62473219224,18.6597658018594,83.2331550785887,1218.43095358753
"BIGKAT _ P74 _ Left _ 1",24.6362470995134,50.0730229177325,1197.34215076111,20.7998759977508,89.5679199947602,1222.20753716636
"BIGKAT _ P74 _ Left _ 1",24.313314624329,49.1320378864146,1195.61541648275,22.9516967033871,95.3771811332462,1225.91740941047
"BIGKAT _ P74 _ Left _ 1",24.2021496136924,48.5778204622597,1194.55718334197,25.2048667292762,100.408484220359,1229.35482771112
"BIGKAT _ P74 _ Left _ 1",24.3984449535105,48.507860680068,1194.16525409892,27.6494172097373,104.610971456958,1232.39653366428
"BIGKAT _ P74 _ Left _ 1",24.9363405964076,48.9348431220685,1194.3370231063,30.3375679357213,108.096333371065,1235.00005727673
"BIGKAT _ P74 _ Left _ 1",25.7801838408151,49.7864074456757,1194.90481969276,33.2499718820645,111.057381171268,1237.17690951246
"BIGKAT _ P74 _ Left _ 1",26.8329300060288,50.9242416725918,1195.68288104433,36.2708344689316,113.664517118804,1238.94785973272
"BIGKAT _ P74 _ Left _ 1",27.9590750106298,52.1770056320578,1196.51268877347,39.1785487790159,115.968903468926,1240.29561160253
"BIGKAT _ P74 _ Left _ 1",29.0158103503958,53.3777524512216,1197.29444953877,41.659041487181,117.84140627424,1241.13238161498
"BIGKAT _ P74 _ Left _ 1",29.8832463307468,54.395593361335,1197.99792714946,43.3461701978242,118.968609120298,1241.29614180623
"BIGKAT _ P74 _ Left _ 1",30.484625567885,55.1535484199902,1198.65265958982,43.8870511817041,118.913274298508,1240.58121007035
"BIGKAT _ P74 _ Left _ 1",30.790972060188,55.6291413625565,1199.3228466811,43.0213984619051,117.229141352811,1238.79827205207
"BIGKAT _ P74 _ Left _ 1",30.8105023806713,55.8400168978001,1200.07501806456,40.6553988321697,113.602154268578,1235.84781059225
"BIGKAT _ P74 _ Left _ 1",30.5690481176319,55.821924989995,1200.9477618968,36.9061767222512,107.976950953813,1231.78248140884
"BIGKAT _ P74 _ Left _ 1",30.0910772337074,55.6087232148313,1201.93234354817,32.0969040127239,100.625391003045,1226.83306510462
"BIGKAT _ P74 _ Left _ 1",29.3897609419294,55.2219245956467,1202.96970582429,26.697275379854,92.128830383237,1221.3834907061
"BIGKAT _ P74 _ Left _ 1",28.4690580068684,54.6712471422583,1203.96302276804,21.2252465825619,83.2765251587079,1215.90144141299
"BIGKAT _ P74 _ Left _ 1",27.3340180440584,53.9611509540637,1204.79857541338,16.1425536035049,74.9159372459252,1210.85176112373
"BIGKAT _ P74 _ Left _ 1",26.0017594321697,53.0959438645045,1205.36532438441,11.7780131876833,67.8074131120741,1206.62665769048
"BIGKAT _ P74 _ Left _ 1",24.5068943665513,52.0791664763947,1205.56687019179,8.29837042733872,62.5253048223745,1203.51440929871
"BIGKAT _ P74 _ Left _ 1",22.8997557582355,50.908831273806,1205.3261400811,5.72621168968978,59.418787871868,1201.70558959329
"BIGKAT _ P74 _ Left _ 1",21.2401039910971,49.5743351949017,1204.58845676417,3.98908682119664,58.6183363527451,1201.31754679352
"BIGKAT _ P74 _ Left _ 1",19.5906391563704,48.0608823848043,1203.32921577901,2.97815841386572,60.0624872483527,1202.41329810872
"BIGKAT _ P74 _ Left _ 1",18.0133211963789,46.3632175120401,1201.56809062106,2.59712359371209,63.525346824554,1204.99986408672
"BIGKAT _ P74 _ Left _ 1",16.5685812251476,44.5046136276216,1199.38507118983,2.78936060306151,68.6402642119634,1209.00689846714
"BIGKAT _ P74 _ Left _ 1",15.3150270416495,42.5525017888245,1196.92857066145,3.54006872226748,74.9286645118461,1214.26083397607
"BIGKAT _ P74 _ Left _ 1",14.3067489532432,40.6216044512924,1194.40600751761,4.85818645498504,81.8466063365193,1220.47516650985
"BIGKAT _ P74 _ Left _ 1",13.5870402065304,38.8598896796038,1192.05398374365,6.74807284002786,88.8525050157757,1227.27052542687
"BIGKAT _ P74 _ Left _ 1",13.1800551973183,37.4202717807214,1190.0954086471,9.18180923605713,95.4832615361891,1234.22233501632
"BIGKAT _ P74 _ Left _ 1",13.083824244779,36.4277499248533,1188.69855867769,12.0795953713984,101.413882826001,1240.91856638548
"BIGKAT _ P74 _ Left _ 1",13.2680136110303,35.9539063614739,1187.95324217167,15.3004815246567,106.476524624393,1247.0046910905
"BIGKAT _ P74 _ Left _ 1",13.6781003140539,36.0074090783804,1187.87181538663,18.6421173867612,110.629285718191,1252.20056916688
"BIGKAT _ P74 _ Left _ 1",14.2452464152134,36.5423486590636,1188.41205202019,21.8483276165424,113.8856106234,1256.28980238408
"BIGKAT _ P74 _ Left _ 1",14.899068618942,37.479114199246,1189.51017229806,24.626065640668,116.231933274022,1259.09675597281
"BIGKAT _ P74 _ Left _ 1",15.5794051921757,38.7280072667102,1191.10909773762,26.6752615839667,117.567144561191,1260.47195185847
"BIGKAT _ P74 _ Left _ 1",16.2435800139712,40.2058114131356,1193.16991227753,27.733042815957,117.690509444765,1260.30052435637
"BIGKAT _ P74 _ Left _ 1",16.8675500732948,41.8401723050891,1195.66215891638,27.6271883571975,116.347462489467,1258.53476557315
"BIGKAT _ P74 _ Left _ 1",17.4418952877957,43.5635302472547,1198.53797051164,26.3254224435783,113.321277379538,1255.23743024092
"BIGKAT _ P74 _ Left _ 1",17.9655542519623,45.3036470331286,1201.70236768068,23.9622959614567,108.540274997506,1250.61394320126
"BIGKAT _ P74 _ Left _ 1",18.44050543908,46.9786923308115,1204.99437253851,20.8282928557926,102.161655126691,1245.0129894777
"BIGKAT _ P74 _ Left _ 1",18.8692300489087,48.5014253477184,1208.18992718461,17.3173987265038,94.5983715829716,1238.88638628699
"BIGKAT _ P74 _ Left _ 1",19.2547527235981,49.7916115385427,1211.02937400169,13.8456440133792,86.4745264905345,1232.71637883754
"BIGKAT _ P74 _ Left _ 1",19.6015473705604,50.7913513522171,1213.26267749899,10.7660556445096,78.5214449108515,1226.93402392692
"BIGKAT _ P74 _ Left _ 1",19.9153047743355,51.4763725084904,1214.69843647776,8.30771975419387,71.4496035188907,1221.8583269256
"BIGKAT _ P74 _ Left _ 1",20.2004959236678,51.8579954141149,1215.24090093937,6.55698468967473,65.839169599694,1217.67800508153
"BIGKAT _ P74 _ Left _ 1",20.4563271462473,51.9745304114213,1214.90341057642,5.48260044035561,62.0794774645064,1214.47872997616
"BIGKAT _ P74 _ Left _ 1",20.6731881558939,51.8754323787605,1213.79514332295,4.99154068997476,60.3626230967346,1212.29799395516
"BIGKAT _ P74 _ Left _ 1",20.8320860037677,51.6045222421132,1212.08724480388,4.99380635467151,60.7134331604308,1211.17846239899
"BIGKAT _ P74 _ Left _ 1",20.9084392273035,51.1886599121952,1209.97057937747,5.45411007124384,63.0292074872676,1211.19394458074
"BIGKAT _ P74 _ Left _ 1",20.8795161809503,50.635540697109,1207.61840562277,6.41441749171699,67.1093822190721,1212.43655355837
"BIGKAT _ P74 _ Left _ 1",20.732842839873,49.9402795400844,1205.16373827459,7.9810025062733,72.6703190409621,1214.97128537717
"BIGKAT _ P74 _ Left _ 1",20.4721044461025,49.0971798927,1202.69531038814,10.2801055777036,79.3536532141123,1218.77759768278
"BIGKAT _ P74 _ Left _ 1",20.1179652058581,48.1119656012939,1200.27009589824,13.3951169448237,86.7406110310067,1223.7019526775
"BIGKAT _ P74 _ Left _ 1",19.7035292704123,47.0107678368189,1197.93563373442,17.3035024684897,94.378472736056,1229.43997942567
"BIGKAT _ P74 _ Left _ 1",19.2665954170145,45.8440720877113,1195.75294914893,21.8321005508145,101.814694962612,1235.55518332877
"BIGKAT _ P74 _ Left _ 1",18.8419530036791,44.685307618952,1193.81143255185,26.6448990590912,108.627260976618,1241.52847745415
"BIGKAT _ P74 _ Left _ 1",18.4562658793062,43.6243698483596,1192.23025228255,31.269479512851,114.44113815046,1246.82418172754
"BIGKAT _ P74 _ Left _ 1",18.1263736719494,42.7565996580128,1191.14532264948,35.1592532131815,118.928806634578,1250.95603146615
"BIGKAT _ P74 _ Left _ 1",17.8602376789077,42.1683055446046,1190.68508240932,37.7804317717783,121.80245347652,1253.54063562854
"BIGKAT _ P74 _ Left _ 1",17.6589485913143,41.9210117083596,1190.94144270947,38.7069163373287,122.811422322833,1254.33288218102
"BIGKAT _ P74 _ Left _ 1",17.5183226087768,42.0377398171091,1191.94353636705,37.703935307584,121.75792655426,1253.24434240403
"BIGKAT _ P74 _ Left _ 1",17.4293743200812,42.4949434446569,1193.64099049313,34.7824552606704,118.536475439611,1250.34871779998
"BIGKAT _ P74 _ Left _ 1",17.3778576187451,43.2227375042085,1195.90092647207,30.2106453922987,113.189963777821,1245.87673645427
"BIGKAT _ P74 _ Left _ 1",17.3436568660545,44.1140749644688,1198.51991413658,24.4756344512315,105.96247675462,1240.1986894625
"BIGKAT _ P74 _ Left _ 1",17.3009646193136,45.0412868700086,1201.24934853321,18.1986536566227,97.3219373990036,1233.79014767096
"BIGKAT _ P74 _ Left _ 1",17.2200222238508,45.876639196768,1203.83016495544,12.0191443045814,87.9306346352388,1227.17860754199
"BIGKAT _ P74 _ Left _ 1",17.070812357915,46.5126407942679,1206.03045075809,6.47555035181132,78.5599389375437,1220.87622568664
"BIGKAT _ P74 _ Left _ 1",16.8284444875382,46.8778491805256,1207.67792853436,1.91598089115366,69.9707024157671,1215.31318674309
"BIGKAT _ P74 _ Left _ 1",16.4791696166575,46.9449042114653,1208.67956768242,-1.53504676566851,62.7990998463116,1210.79132515689
"BIGKAT _ P74 _ Left _ 1",16.0254585879306,46.7294924042692,1209.02355986263,-3.94619606602701,57.4860208288689,1207.47272050511
"BIGKAT _ P74 _ Left _ 1",15.4888475076286,46.2815656831897,1208.764158043,-5.49954445633192,54.2659356791448,1205.40388671808
"BIGKAT _ P74 _ Left _ 1",14.9101618266714,45.6724705554442,1207.99558227789,-6.39090851628282,53.2024753902519,1204.56107331922
"BIGKAT _ P74 _ Left _ 1",14.3475663003331,44.9825845481576,1206.82485574569,-6.74290197364463,54.2402937073023,1204.89504073047
"BIGKAT _ P74 _ Left _ 1",13.873068745937,44.2930710263105,1205.35308157884,-6.55568119429359,57.2439711412882,1206.357314954
"BIGKAT _ P74 _ Left _ 1",13.5676377724541,43.6827810545026,1203.66998362214,-5.70639403579718,62.0103240948793,1208.90087627959
"BIGKAT _ P74 _ Left _ 1",13.5144353769331,43.2282343959133,1201.85956807365,-3.99336048491948,68.259843184844,1212.46056944258
"BIGKAT _ P74 _ Left _ 1",13.7894399611814,43.0025745906303,1200.00925500681,-1.20910861163366,75.6258611860339,1216.92686007379
"BIGKAT _ P74 _ Left _ 1",14.4494207703566,43.0697679567526,1198.21389984951,2.77988996621988,83.6607271280568,1222.12753506487
"BIGKAT _ P74 _ Left _ 1",15.5187184024382,43.4731806509295,1196.57007881175,7.96871729092884,91.8678357967666,1227.82582659574
"BIGKAT _ P74 _ Left _ 1",16.97783832236,44.2215109946031,1195.16216468922,14.1808481144099,99.7540740748697,1233.73478377038
"BIGKAT _ P74 _ Left _ 1",18.7576203288853,45.277741168044,1194.04635209295,21.0736026849739,106.887714823951,1239.54227463074
"BIGKAT _ P74 _ Left _ 1",20.7422569378181,46.5568877816672,1193.23964353812,28.1807397862,112.946125311943,1244.9408085317
"BIGKAT _ P74 _ Left _ 1",22.7826460804961,47.9358068936999,1192.71824908167,34.983717187535,117.743596073259,1249.65865997338
"BIGKAT _ P74 _ Left _ 1",24.7187183826019,49.2741635046131,1192.42592384914,40.9975748056074,121.23686692222,1253.4898548738
"BIGKAT _ P74 _ Left _ 1",26.4062152895078,50.4414523790665,1192.28932326585,45.8530642323247,123.51088762592,1256.31947438025
"BIGKAT _ P74 _ Left _ 1",27.7412331517996,51.3423379651727,1192.23542144967,49.3554906870428,124.749641634288,1258.13896494846
"BIGKAT _ P74 _ Left _ 1",28.6759619576404,51.9328616770335,1192.20583951858,51.5054534592616,125.197808158101,1259.04574247918
"BIGKAT _ P74 _ Left _ 1",29.2216648268324,52.2232909820303,1192.1645777094,52.477299729425,125.119564697388,1259.22385419269
"BIGKAT _ P74 _ Left _ 1",29.4389534017572,52.2680550379327,1192.09836507062,52.5637167240344,124.760904119535,1258.90797970823
