"fileName","thumb_y","thumb_x","thumb_z","finger_y","finger_x","finger_z"
"BIGKAT _ P77 _ Right _ 1",-46.7236700409161,-6.04753556427352,996.743914294702,-43.0560101826081,38.7419305618866,1038.449397544
"BIGKAT _ P77 _ Right _ 1",-46.7127451883013,-6.04800234336522,996.745745463744,-43.0479559457095,38.7461181081454,1038.45211953889
"BIGKAT _ P77 _ Right _ 1",-46.7062117693951,-6.04953171402906,996.750638720815,-43.0416735733965,38.744885483808,1038.44932551546
"BIGKAT _ P77 _ Right _ 1",-46.7091119884489,-6.05199373918787,996.759133194465,-43.0404188875328,38.7354992827991,1038.43909054151
"BIGKAT _ P77 _ Right _ 1",-46.7263924091009,-6.05479329934311,996.771306132103,-43.0475986808279,38.7161984360754,1038.42083656008
"BIGKAT _ P77 _ Right _ 1",-46.761606809604,-6.05679451576536,996.786754865682,-43.06588278814,38.6869938481701,1038.39602760162
"BIGKAT _ P77 _ Right _ 1",-46.8156179244569,-6.05637156744107,996.804767794298,-43.0962092337199,38.6501788418458,1038.36845782044
"BIGKAT _ P77 _ Right _ 1",-46.8857192906533,-6.05163433638521,996.824651557438,-43.1369613210513,38.610267860098,1038.34383827103
"BIGKAT _ P77 _ Right _ 1",-46.9655803554663,-6.04085602533745,996.846028958907,-43.1836376931277,38.573198143084,1038.32850540703
"BIGKAT _ P77 _ Right _ 1",-47.0462154962025,-6.0230928075252,996.868773357015,-43.2292644429062,38.5448767262762,1038.32733685129
"BIGKAT _ P77 _ Right _ 1",-47.1178352092982,-5.99891586135675,996.892304502556,-43.265592803696,38.5294507477574,1038.34134222697
"BIGKAT _ P77 _ Right _ 1",-47.1721008017425,-5.97105652454771,996.914404622908,-43.2848408072323,38.5278723458127,1038.36576574568
"BIGKAT _ P77 _ Right _ 1",-47.204116647508,-5.94463499909487,996.930304143281,-43.2815018657208,38.5372974005255,1038.38967542527
"BIGKAT _ P77 _ Right _ 1",-47.2135207198337,-5.92662499264,996.932971017051,-43.2536711551373,38.5515811516023,1038.39771202811
"BIGKAT _ P77 _ Right _ 1",-47.2042807698131,-5.92441761110171,996.914989634045,-43.2034396937369,38.5627248956247,1038.37386638401
"BIGKAT _ P77 _ Right _ 1",-47.1832245716713,-5.94375541212512,996.871428097071,-43.1361465081677,38.5627911209394,1038.30615175765
"BIGKAT _ P77 _ Right _ 1",-47.1577862527891,-5.98669700674048,996.802327547503,-43.0586754476469,38.5456984392637,1038.19049928572
"BIGKAT _ P77 _ Right _ 1",-47.1337459316833,-6.05038995816771,996.713466069802,-42.9774483017369,38.5084322384067,1038.03255413398
"BIGKAT _ P77 _ Right _ 1",-47.1137654691801,-6.12719025947742,996.614945428726,-42.8970026700293,38.4514609391111,1037.84697352787
"BIGKAT _ P77 _ Right _ 1",-47.0972628505106,-6.20621052617412,996.518346463913,-42.8198032427977,38.3784277058893,1037.65467665459
"BIGKAT _ P77 _ Right _ 1",-47.0816415666341,-6.27591132753691,996.433804131251,-42.7473192221154,38.2953828448015,1037.47896535507
"BIGKAT _ P77 _ Right _ 1",-47.0642499003524,-6.32699758854174,996.368021197608,-42.6817593882281,38.2098359520208,1037.34154534494
"BIGKAT _ P77 _ Right _ 1",-47.0440568501985,-6.3547305473378,996.323515471866,-42.6274895465445,38.1297688420369,1037.25925348145
"BIGKAT _ P77 _ Right _ 1",-47.0222106949708,-6.3599039751554,996.298944028663,-42.5911960864434,38.0626142200419,1037.2418202069
"BIGKAT _ P77 _ Right _ 1",-47.0012901360454,-6.34816693502536,996.290215657477,-42.5803193213184,38.0141872266367,1037.29055788687
"BIGKAT _ P77 _ Right _ 1",-46.9837489732714,-6.32796229324586,996.292039903454,-42.600061412964,37.9876570292424,1037.39776957109
"BIGKAT _ P77 _ Right _ 1",-46.9704447142283,-6.3078564751937,996.299551110506,-42.6500880703438,37.9827912258062,1037.54695831225
"BIGKAT _ P77 _ Right _ 1",-46.9600812471215,-6.29423161795452,996.30972251414,-42.722465611879,37.9957810604847,1037.71430647091
"BIGKAT _ P77 _ Right _ 1",-46.9499041204697,-6.29008059629698,996.322297306061,-42.8021031632099,38.0198582236177,1037.87195565202
"BIGKAT _ P77 _ Right _ 1",-46.9373011011094,-6.2950979772255,996.339861334511,-42.8700569920518,38.046666302188,1037.99309664712
"BIGKAT _ P77 _ Right _ 1",-46.9214526131303,-6.30670915857725,996.366691728963,-42.9088800246534,38.068093901939,1038.05797581759
"BIGKAT _ P77 _ Right _ 1",-46.9041002911957,-6.32142465632226,996.406361212979,-42.9082552809992,38.0781287610778,1038.05916238285
"BIGKAT _ P77 _ Right _ 1",-46.8889162456861,-6.33600322620737,996.45876147981,-42.8688258678822,38.0742619834549,1038.00422524479
"BIGKAT _ P77 _ Right _ 1",-46.8797376929226,-6.34817486003435,996.517959132242,-42.8025904665692,38.0580366741684,1037.91446164612
"BIGKAT _ P77 _ Right _ 1",-46.878662655697,-6.35690312150445,996.572498210782,-42.729376975129,38.0345131180989,1037.81941304389
"BIGKAT _ P77 _ Right _ 1",-46.8851202450865,-6.36227954478996,996.608803339939,-42.6703997104846,38.0107178856533,1037.74837015271
"BIGKAT _ P77 _ Right _ 1",-46.8963891754694,-6.36517862911222,996.616478287226,-42.6412119036493,37.9934870007401,1037.72148044823
"BIGKAT _ P77 _ Right _ 1",-46.9091435663964,-6.36680777858636,996.592877925875,-42.6468455061956,37.9873778840286,1037.74371702858
"BIGKAT _ P77 _ Right _ 1",-46.9211002519494,-6.36826776650455,996.544584823964,-42.6811181136434,37.9933760076893,1037.80414158973
"BIGKAT _ P77 _ Right _ 1",-46.9319343924439,-6.37019507599501,996.485148519198,-42.7301885795346,38.0088729903921,1037.88067443977
"BIGKAT _ P77 _ Right _ 1",-46.9430868592939,-6.37252218802728,996.430285280172,-42.7784966702593,38.0288934782978,1037.94819778567
"BIGKAT _ P77 _ Right _ 1",-46.9566009515879,-6.37439891573305,996.392599146731,-42.8143701526735,38.0480230039969,1037.98670086549
"BIGKAT _ P77 _ Right _ 1",-46.9735370545985,-6.37433918133931,996.377723043877,-42.8331291889337,38.0622172270634,1037.98668893689
"BIGKAT _ P77 _ Right _ 1",-46.9927365134896,-6.37062674959055,996.383072095034,-42.8368803784125,38.0697897673825,1037.95049775187
"BIGKAT _ P77 _ Right _ 1",-47.0106125654453,-6.36191106991798,996.399464192928,-42.8316036968258,38.0712915370098,1037.88965866949
"BIGKAT _ P77 _ Right _ 1",-47.0221673934886,-6.34780877884964,996.414847658009,-42.8231194635253,38.0684898242744,1037.81965846026
"BIGKAT _ P77 _ Right _ 1",-47.022785099295,-6.32927325788582,996.418604332568,-42.8138391521639,38.0630243904697,1037.75413250259
"BIGKAT _ P77 _ Right _ 1",-47.0099715638501,-6.30853686990359,996.404802375933,-42.8017357383425,38.0554278071281,1037.70052821947
"BIGKAT _ P77 _ Right _ 1",-46.9843503978883,-6.2885616157471,996.373445287662,-42.7818653805003,38.0449887743675,1037.65860178458
"BIGKAT _ P77 _ Right _ 1",-46.9496725608884,-6.27212650327905,996.329733422157,-42.7495296180568,38.0304710207742,1037.62204401018
"BIGKAT _ P77 _ Right _ 1",-46.9119676430135,-6.26087282498981,996.282003661767,-42.7033881943532,38.0112140202688,1037.58236944273
"BIGKAT _ P77 _ Right _ 1",-46.8781105022975,-6.25472333637665,996.239135640522,-42.6469194705046,37.9879413797538,1037.53331283759
"BIGKAT _ P77 _ Right _ 1",-46.8541266693663,-6.25200344337764,996.208050773197,-42.5875608993238,37.9628102824169,1037.47386035572
"BIGKAT _ P77 _ Right _ 1",-46.8436411168143,-6.25031693959842,996.191774070604,-42.5340963449032,37.9386775459278,1037.40884685461
"BIGKAT _ P77 _ Right _ 1",-46.846940655136,-6.24786080051113,996.18845290278,-42.4936255411848,37.9179491321835,1037.34722306569
"BIGKAT _ P77 _ Right _ 1",-46.8610135764922,-6.24458603414618,996.191630034494,-42.4694060551642,37.9015594768496,1037.29891452842
"BIGKAT _ P77 _ Right _ 1",-46.8805773640917,-6.24262070134864,996.191838086076,-42.4602614858065,37.8885710455399,1037.27145679209
"BIGKAT _ P77 _ Right _ 1",-46.8996663143211,-6.24570722261065,996.179234208542,-42.4615542563924,37.8766049641391,1037.26754001919
"BIGKAT _ P77 _ Right _ 1",-46.913124340974,-6.25788184717369,996.146643793131,-42.4671809900495,37.862896581589,1037.28432888087
"BIGKAT _ P77 _ Right _ 1",-46.9174867818999,-6.28198025700311,996.09213687256,-42.4717455668355,37.8454461654343,1037.31477810344
"BIGKAT _ P77 _ Right _ 1",-46.9111263743697,-6.31861729046233,996.02024379485,-42.4720860707338,37.8237296827337,1037.35026801017
"BIGKAT _ P77 _ Right _ 1",-46.8939358163282,-6.36602083016934,995.941264585961,-42.4677103856557,37.798734285869,1037.38333654182
"BIGKAT _ P77 _ Right _ 1",-46.8669908429368,-6.42064082133065,995.868786917611,-42.4602308540356,37.7724466135042,1037.40946306084
"BIGKAT _ P77 _ Right _ 1",-46.8324965475597,-6.47809225352084,995.816205066875,-42.4522509361623,37.7471208843823,1037.42747760547
"BIGKAT _ P77 _ Right _ 1",-46.7940107714239,-6.53394577842953,995.793398618126,-42.446206136151,37.7246441104128,1037.43875233125
"BIGKAT _ P77 _ Right _ 1",-46.7566865995436,-6.58412190657651,995.804607284582,-42.4435147037291,37.7061898249559,1037.44569690228
"BIGKAT _ P77 _ Right _ 1",-46.727170936095,-6.62495023682436,995.848029160509,-42.4442111038714,37.6922030692247,1037.45022269601
"BIGKAT _ P77 _ Right _ 1",-46.712845832502,-6.65312273516894,995.917102359023,-42.447083233631,37.6826400550305,1037.45276175414
"BIGKAT _ P77 _ Right _ 1",-46.720319227704,-6.66577922814008,996.002957293336,-42.4502143668482,37.6773346987933,1037.45217353003
"BIGKAT _ P77 _ Right _ 1",-46.753404367695,-6.66090204127002,996.097065647167,-42.4517334471353,37.6763793383836,1037.44653521212
"BIGKAT _ P77 _ Right _ 1",-46.8111498193042,-6.63808032385922,996.192875581808,-42.4505133394597,37.6804127222256,1037.43446262218
"BIGKAT _ P77 _ Right _ 1",-46.8866929545833,-6.59947644881222,996.285686639353,-42.446568523524,37.6906617827206,1037.41636245259
"BIGKAT _ P77 _ Right _ 1",-46.9676844548064,-6.55053585071094,996.371125652851,-42.4410203163697,37.708588948569,1037.39502415606
"BIGKAT _ P77 _ Right _ 1",-47.0386217452618,-6.49984670721571,996.443562453607,-42.4356681751404,37.7351723800778,1037.37523512955
"BIGKAT _ P77 _ Right _ 1",-47.0846622790211,-6.45778335654327,996.495896059268,-42.4323308616229,37.7701051695855,1037.36248235382
"BIGKAT _ P77 _ Right _ 1",-47.095710100349,-6.43411197475544,996.521255040971,-42.4321579980769,37.8113128552314,1037.36112848546
"BIGKAT _ P77 _ Right _ 1",-47.0692704581868,-6.4352957181995,996.5158899321,-42.4350944390838,37.8550534773592,1037.37265795124
"BIGKAT _ P77 _ Right _ 1",-47.0109948485206,-6.46248446077009,996.481736304308,-42.4396466077694,37.8965894659499,1037.3946397819
"BIGKAT _ P77 _ Right _ 1",-46.9327717229133,-6.51097563345074,996.427223057073,-42.4430558455533,37.9311883353696,1037.42090135834
"BIGKAT _ P77 _ Right _ 1",-46.8491394485512,-6.57138780206061,996.365653348455,-42.4419156579161,37.9551337620259,1037.44304991289
"BIGKAT _ P77 _ Right _ 1",-46.7733110018381,-6.63216089618925,996.31148340037,-42.4331721418334,37.966504808696,1037.45301971752
"BIGKAT _ P77 _ Right _ 1",-46.7141149434165,-6.68255359591343,996.275847025587,-42.4153310500503,37.9656166845672,1037.44595356242
"BIGKAT _ P77 _ Right _ 1",-46.6747304909463,-6.71518645536098,996.263331973317,-42.3895846537978,37.9551185218559,1037.42259427186
"BIGKAT _ P77 _ Right _ 1",-46.6533436841167,-6.72739419521931,996.271659106607,-42.360497451032,37.9397773449918,1037.39045702751
"BIGKAT _ P77 _ Right _ 1",-46.6450752710595,-6.7211284760516,996.294430470069,-42.3358887008158,37.9259622384587,1037.36328231582
"BIGKAT _ P77 _ Right _ 1",-46.6441388980579,-6.70169375114087,996.325408645609,-42.3256621791319,37.9208241509728,1037.35858950724
"BIGKAT _ P77 _ Right _ 1",-46.6453742793076,-6.67593823009329,996.362061440401,-42.3395906834106,37.9311895116088,1037.3935868764
"BIGKAT _ P77 _ Right _ 1",-46.6448610462127,-6.65053173710019,996.406712697497,-42.3844564141984,37.9622712578437,1037.48024593872
"BIGKAT _ P77 _ Right _ 1",-46.6398446176491,-6.63074386552541,996.464945324479,-42.4613694337914,38.0164324159545,1037.62087714574
"BIGKAT _ P77 _ Right _ 1",-46.6284204996889,-6.6198787650874,996.542066636381,-42.5642955007275,38.0923590744538,1037.80574448405
"BIGKAT _ P77 _ Right _ 1",-46.6093342530683,-6.61933085268015,996.639085149798,-42.6805909861094,38.1850273853666,1038.01386173041
"BIGKAT _ P77 _ Right _ 1",-46.5820234840271,-6.62909505250524,996.749775681144,-42.7936716090007,38.2866941015404,1038.21716444136
"BIGKAT _ P77 _ Right _ 1",-46.5468020382107,-6.64846832524281,996.860113408718,-42.8871147677239,38.3887738398817,1038.38710073907
"BIGKAT _ P77 _ Right _ 1",-46.504951499487,-6.67663430714774,996.950705050974,-42.9489182077734,38.4840257313459,1038.50181445226
"BIGKAT _ P77 _ Right _ 1",-46.4584957046161,-6.71289028465231,997.001941858543,-42.9746162841233,38.5682467111053,1038.55187553472
"BIGKAT _ P77 _ Right _ 1",-46.4095999230753,-6.75647608997944,997.000622262652,-42.9684215506387,38.6408680485885,1038.54288410602
"BIGKAT _ P77 _ Right _ 1",-46.3597720142888,-6.80620256449111,996.946043852986,-42.9421221877734,38.7043815256318,1038.49391959791
"BIGKAT _ P77 _ Right _ 1",-46.3091867791901,-6.86019169646802,996.853455279885,-42.9119276586082,38.7630409577062,1038.43178208054
"BIGKAT _ P77 _ Right _ 1",-46.2564013412585,-6.91594638955892,996.753504985004,-42.8939910603097,38.8214846451885,1038.38250080929
"BIGKAT _ P77 _ Right _ 1",-46.1985418104338,-6.97073563175485,996.687596384211,-42.8999593961018,38.8837530569848,1038.36311484325
"BIGKAT _ P77 _ Right _ 1",-46.1318927333875,-7.02207645554514,996.700160632904,-42.9341388277584,38.9528123961139,1038.37705071477
"BIGKAT _ P77 _ Right _ 1",-46.0527973759171,-7.06804923467015,996.829355773381,-42.9932527228255,39.0303570548539,1038.41493012427
"BIGKAT _ P77 _ Right _ 1",-45.958773015587,-7.10731875059758,997.097769735744,-43.068544397706,39.1165227014432,1038.46009725525
"BIGKAT _ P77 _ Right _ 1",-45.8496312402812,-7.13896113556561,997.504842780822,-43.1489660176523,39.2093164464189,1038.49610193816
"BIGKAT _ P77 _ Right _ 1",-45.728240425766,-7.16235686678292,998.023123607573,-43.2240262119276,39.3039909976552,1038.512883031
"BIGKAT _ P77 _ Right _ 1",-45.6005625319623,-7.1773718539142,998.600518617539,-43.2854266481278,39.3929154859529,1038.50938901321
"BIGKAT _ P77 _ Right _ 1",-45.4747908049583,-7.18482322604905,999.169387880273,-43.3273716059716,39.4664035311939,1038.49206887437
"BIGKAT _ P77 _ Right _ 1",-45.3597140964925,-7.18696856958806,999.660682469435,-43.3460014229336,39.5144876460059,1038.4703429166
"BIGKAT _ P77 _ Right _ 1",-45.2627375305467,-7.18765709799489,1000.01887305414,-43.3386617351116,39.5291198300443,1038.45132034877
"BIGKAT _ P77 _ Right _ 1",-45.188207634712,-7.19191594450083,1000.2129388311,-43.3036628798284,39.5060489090052,1038.43624141303
"BIGKAT _ P77 _ Right _ 1",-45.1366889857234,-7.20499357552563,1000.24040666357,-43.2408464461985,39.4457648962375,1038.42021131052
"BIGKAT _ P77 _ Right _ 1",-45.105515963152,-7.23105014765134,1000.12408496003,-43.1527870347759,39.3532936876164,1038.3951465371
"BIGKAT _ P77 _ Right _ 1",-45.0904037741334,-7.27172977466639,999.903351449183,-43.0460229836703,39.237074188946,1038.35430839941
"BIGKAT _ P77 _ Right _ 1",-45.0874809834052,-7.3248850073613,999.623140319428,-42.9315426541817,39.1074688131308,1038.29614248861
"BIGKAT _ P77 _ Right _ 1",-45.0950565929643,-7.3838087720406,999.324145440562,-42.823966244969,38.9755093306107,1038.22564171196
"BIGKAT _ P77 _ Right _ 1",-45.1146499861439,-7.43738142585469,999.037021066927,-42.7393712843469,38.8522052447035,1038.15273609133
"BIGKAT _ P77 _ Right _ 1",-45.1510096255121,-7.47143723391864,998.781493107629,-42.6922649902489,38.7482530800079,1038.08859860361
"BIGKAT _ P77 _ Right _ 1",-45.2109777015804,-7.47134172848795,998.569145146755,-42.69257992038,38.6736070168778,1038.04165145239
"BIGKAT _ P77 _ Right _ 1",-45.3012938090206,-7.42531695023622,998.407442860978,-42.7436322464039,38.6364218694618,1038.01512650629
"BIGKAT _ P77 _ Right _ 1",-45.4258124999614,-7.32765096851075,998.302740359007,-42.8416623478536,38.6413429406847,1038.00721269361
"BIGKAT _ P77 _ Right _ 1",-45.5829610081615,-7.18081598048686,998.261040108503,-42.9769553086604,38.6876580617954,1038.01344521115
"BIGKAT _ P77 _ Right _ 1",-45.7643773539845,-6.99579084049934,998.286471845417,-43.1359482299951,38.7681167143066,1038.02979442827
"BIGKAT _ P77 _ Right _ 1",-45.9554214503637,-6.79040430291887,998.378469638729,-43.3035310380617,38.8691410963769,1038.05461648932
"BIGKAT _ P77 _ Right _ 1",-46.1376684836707,-6.58605798938086,998.529246100344,-43.4649985364902,38.972751331694,1038.08843465965
"BIGKAT _ P77 _ Right _ 1",-46.2927978794756,-6.40361676187721,998.723093556856,-43.6075506494687,39.0599350031124,1038.13194053262
"BIGKAT _ P77 _ Right _ 1",-46.4067658940853,-6.25949570278769,998.938164418544,-43.7215036049395,39.1146203067383,1038.18367096476
"BIGKAT _ P77 _ Right _ 1",-46.4729675348187,-6.16292339274602,999.150149990756,-43.8012915125605,39.1271134763953,1038.23879437412
"BIGKAT _ P77 _ Right _ 1",-46.4933406032004,-6.11498518442999,999.336493714696,-43.8460474816303,39.0959841105295,1038.28951522979
"BIGKAT _ P77 _ Right _ 1",-46.4770548522143,-6.10950508387806,999.479839184256,-43.8593645821105,39.0278729639513,1038.32662497637
"BIGKAT _ P77 _ Right _ 1",-46.4373385101553,-6.13534733140475,999.570036274219,-43.8479966050667,38.9353666099179,1038.34134940219
"BIGKAT _ P77 _ Right _ 1",-46.3876606800386,-6.17944260720123,999.60466708831,-43.8197798477805,38.8336867929223,1038.3269287069
"BIGKAT _ P77 _ Right _ 1",-46.3385755303492,-6.22977807023933,999.588373170934,-43.7815875813459,38.7372238514699,1038.27986562949
"BIGKAT _ P77 _ Right _ 1",-46.2961055965656,-6.27768010238533,999.531311023365,-43.7381727592735,38.6568077222603,1038.20091946796
"BIGKAT _ P77 _ Right _ 1",-46.2618829873252,-6.31890734499314,999.447081299736,-43.6922177432577,38.5982293561211,1038.09562244211
"BIGKAT _ P77 _ Right _ 1",-46.2346243649586,-6.35335548862334,999.350537800573,-43.6452251332091,38.5621343239066,1037.97384409532
"BIGKAT _ P77 _ Right _ 1",-46.2120863236625,-6.38356183923913,999.255831177214,-43.5985430944214,38.5450828443434,1037.84816995985
"BIGKAT _ P77 _ Right _ 1",-46.1926061291847,-6.4126015313612,999.174835849331,-43.5539771178109,38.5413064070727,1037.73147709209
"BIGKAT _ P77 _ Right _ 1",-46.175704873051,-6.44219948418727,999.11594620086,-43.5138967832787,38.5445636737555,1037.6345939939
"BIGKAT _ P77 _ Right _ 1",-46.1618168155216,-6.47177532304072,999.083290085676,-43.4810836632988,38.5495837880508,1037.5648866147
"BIGKAT _ P77 _ Right _ 1",-46.1516629847008,-6.49870354569167,999.076571918629,-43.458454925396,38.5528455646909,1037.52592065362
"BIGKAT _ P77 _ Right _ 1",-46.1458182311657,-6.51952625115729,999.091691903702,-43.4484318904843,38.5527430576699,1037.51752686684
"BIGKAT _ P77 _ Right _ 1",-46.1446630777314,-6.53147325581442,999.121912319848,-43.4517430506216,38.5493868772355,1037.53553015021
"BIGKAT _ P77 _ Right _ 1",-46.1485390750276,-6.53357989127696,999.159037586167,-43.466069140085,38.5443055250583,1037.57129735234
"BIGKAT _ P77 _ Right _ 1",-46.1578504163766,-6.52694200981619,999.194211802775,-43.4854776070382,38.54016946527,1037.6121150268
"BIGKAT _ P77 _ Right _ 1",-46.1730153279559,-6.51408543890737,999.218383461784,-43.5013590127163,38.5404617367813,1037.64322256251
"BIGKAT _ P77 _ Right _ 1",-46.1943300824313,-6.49784717005915,999.22284155768,-43.5047792216261,38.5488703226853,1037.65133881504
"BIGKAT _ P77 _ Right _ 1",-46.2218474692202,-6.48035374773325,999.200292799591,-43.4894764087358,38.5681879013625,1037.62864393479
"BIGKAT _ P77 _ Right _ 1",-46.2552985256036,-6.46255121755988,999.146715906277,-43.4544277675881,38.5987459184045,1037.57581699973
"BIGKAT _ P77 _ Right _ 1",-46.2939578673371,-6.44441060964193,999.063700870455,-43.4049174088725,38.636806672002,1037.50282218774
"BIGKAT _ P77 _ Right _ 1",-46.3362857809982,-6.42563144644012,998.960322738218,-43.3514170598452,38.673661319812,1037.42672953418
"BIGKAT _ P77 _ Right _ 1",-46.3792922827362,-6.40654059149613,998.853223905583,-43.3064110501636,38.696222012606,1037.36697538304
"BIGKAT _ P77 _ Right _ 1",-46.4178320568821,-6.38891842976852,998.763874310609,-43.2802332905504,38.6895904789806,1037.33966677756
"BIGKAT _ P77 _ Right _ 1",-46.4442760993591,-6.37656603349007,998.71302412121,-43.2774441945979,38.6414988653239,1037.35306097884
"BIGKAT _ P77 _ Right _ 1",-46.4490363918548,-6.37546649047839,998.713806788452,-43.2949894725804,38.5477897339166,1037.40587708817
"BIGKAT _ P77 _ Right _ 1",-46.4221661754039,-6.39339560532508,998.76601509846,-43.3226567685205,38.4174138884369,1037.48902177083
"BIGKAT _ P77 _ Right _ 1",-46.3557753617801,-6.43886604953435,998.853988524064,-43.3456194989127,38.2749743715113,1037.59017749404
"BIGKAT _ P77 _ Right _ 1",-46.2465018581191,-6.51937991031009,998.949266952547,-43.3482701189356,38.1588427880431,1037.69964680331
"BIGKAT _ P77 _ Right _ 1",-46.0970751098622,-6.63910480739092,999.017486470479,-43.3180988507613,38.113531034711,1037.81490680383
"BIGKAT _ P77 _ Right _ 1",-45.9163031443616,-6.7962646682503,999.027852640872,-43.2482520294953,38.176387297241,1037.94097755282
"BIGKAT _ P77 _ Right _ 1",-45.7175061900331,-6.98072499519692,998.963235622025,-43.1378665857443,38.3605700893391,1038.08464061301
"BIGKAT _ P77 _ Right _ 1",-45.5161036623203,-7.17239160233127,998.829120440358,-42.9902905635878,38.6381613009351,1038.24288696876
"BIGKAT _ P77 _ Right _ 1",-45.3273240424817,-7.34107549532883,998.659749020087,-42.8104306305779,38.9286356795475,1038.38896435094
"BIGKAT _ P77 _ Right _ 1",-45.1647531750546,-7.44838632382598,998.519559033381,-42.6031012674641,39.0981013683456,1038.46176375263
"BIGKAT _ P77 _ Right _ 1",-45.0398884231499,-7.45196946373791,998.497844839286,-42.3739064589287,38.9732632853859,1038.36479768279
"BIGKAT _ P77 _ Right _ 1",-44.9623330796094,-7.3119430265532,998.69528913341,-42.1328426985558,38.370824671603,1037.97898108067
"BIGKAT _ P77 _ Right _ 1",-44.9399991494676,-6.99872710033268,999.20316763656,-41.8990162078606,37.1384355957276,1037.1890371935
"BIGKAT _ P77 _ Right _ 1",-44.978814197699,-6.50071517643043,1000.07913547799,-41.7035075487662,35.1982987248252,1035.91779719054
"BIGKAT _ P77 _ Right _ 1",-45.0818573877128,-5.82966449167601,1001.32622171053,-41.5874390622948,32.5809185698566,1034.15797507034
"BIGKAT _ P77 _ Right _ 1",-45.2483133989378,-5.02161897457329,1002.88247666167,-41.5942110523918,29.4365384163829,1031.98949947594
"BIGKAT _ P77 _ Right _ 1",-45.4729064694232,-4.1319753273419,1004.62664764103,-41.757979321068,26.0169715776226,1029.57364947727
"BIGKAT _ P77 _ Right _ 1",-45.7464537523803,-3.22506071704098,1006.40042331835,-42.0928588767295,22.6296911353213,1027.12270075008
"BIGKAT _ P77 _ Right _ 1",-46.0577445814513,-2.36081905745746,1008.04177111007,-42.5873359138107,19.5756463271864,1024.85301664088
"BIGKAT _ P77 _ Right _ 1",-46.3961000925149,-1.58284423189593,1009.41931425128,-43.2058488201765,17.0883424388008,1022.93650390309
"BIGKAT _ P77 _ Right _ 1",-46.7531453952927,-0.912024044073831,1010.45687582766,-43.8960343258993,15.2918233040155,1021.46651532479
"BIGKAT _ P77 _ Right _ 1",-47.1223351618066,-0.348164628587093,1011.14090128393,-44.5978412367462,14.1892067606719,1020.44876959541
"BIGKAT _ P77 _ Right _ 1",-47.495947408457,0.121140508688955,1011.50987350393,-45.2508935872743,13.6835467622054,1019.81834632502
"BIGKAT _ P77 _ Right _ 1",-47.8609061196407,0.508013555559519,1011.63097925517,-45.798793358954,13.6228771398893,1019.47488163359
"BIGKAT _ P77 _ Right _ 1",-48.1957733473705,0.813092920011822,1011.57258233454,-46.1917370319781,13.8549295393032,1019.32329264628
"BIGKAT _ P77 _ Right _ 1",-48.4710124900207,1.01985433115848,1011.38096173357,-46.390027262309,14.2756870950891,1019.30741275644
"BIGKAT _ P77 _ Right _ 1",-48.6534175627996,1.09649858377479,1011.06728208954,-46.3701389696118,14.8589540059278,1019.42734950376
"BIGKAT _ P77 _ Right _ 1",-48.7140127309778,1.00475267482424,1010.60707890174,-46.1327033358316,15.659959088964,1019.73638857924
"BIGKAT _ P77 _ Right _ 1",-48.6373547294842,0.712633877971909,1009.95074706626,-45.7095382487705,16.7931517955182,1020.31879648959
"BIGKAT _ P77 _ Right _ 1",-48.4294866469714,0.207011713573877,1009.04068867692,-45.1659439782011,18.3912713345638,1021.25519565441
"BIGKAT _ P77 _ Right _ 1",-48.1219336141276,-0.498067944165255,1007.82957879116,-44.5954600229932,20.5578021863429,1022.58609859942
"BIGKAT _ P77 _ Right _ 1",-47.7699770790093,-1.35998582438665,1006.29473575316,-44.1068442702996,23.3265990225901,1024.28518032535
"BIGKAT _ P77 _ Right _ 1",-47.4448667046815,-2.31355881365314,1004.4455116518,-43.8061711826181,26.6402585393931,1026.25122096461
"BIGKAT _ P77 _ Right _ 1",-47.2214134908693,-3.28248763414462,1002.3231777499,-43.7792626418198,30.3535023714858,1028.32213761661
"BIGKAT _ P77 _ Right _ 1",-47.164002992836,-4.19250445726014,999.994928852699,-44.0799341017026,34.260875103625,1030.3079855725
"BIGKAT _ P77 _ Right _ 1",-47.3147599576441,-4.98220969247368,997.544705387292,-44.7273137065369,38.1410374905738,1032.03415851163
"BIGKAT _ P77 _ Right _ 1",-47.6870001010526,-5.6089640347878,995.063527134196,-45.7115733484062,41.8046962275203,1033.3826836959
"BIGKAT _ P77 _ Right _ 1",-48.2653932391876,-6.04947701825995,992.641324707184,-47.0037660652474,45.1317779992968,1034.31953852596
"BIGKAT _ P77 _ Right _ 1",-49.0120447697403,-6.2966378453026,990.361336504504,-48.5641966534875,48.0868396819272,1034.89974002112
"BIGKAT _ P77 _ Right _ 1",-49.8758486770657,-6.35476978111732,988.297394044036,-50.3455107053098,50.7087515372035,1035.2485408008
"BIGKAT _ P77 _ Right _ 1",-50.8018289700343,-6.23499902318174,986.513864913042,-52.2901085265449,53.0785302570092,1035.52390844747
"BIGKAT _ P77 _ Right _ 1",-51.7380644065724,-5.95168024928444,985.067349818986,-54.3244902125754,55.2750789238201,1035.87014718873
"BIGKAT _ P77 _ Right _ 1",-52.6395574944861,-5.52039704918065,984.0082924895,-56.3545538614825,57.3312501787191,1036.37409096298
"BIGKAT _ P77 _ Right _ 1",-53.4699409866643,-4.95776296436181,983.380012710119,-58.2657238972791,59.2022268137122,1037.03418228919
"BIGKAT _ P77 _ Right _ 1",-54.2024432669717,-4.28265995534001,983.213345552791,-59.9304979456497,60.7553074849071,1037.74987282324
"BIGKAT _ P77 _ Right _ 1",-54.8210315469184,-3.51774973083603,983.517447543376,-61.2238010951896,61.7852519320049,1038.33488577576
"BIGKAT _ P77 _ Right _ 1",-55.3216211066594,-2.68972093664141,984.270317016423,-62.0436353151073,62.0530350650243,1038.55326612659
"BIGKAT _ P77 _ Right _ 1",-55.7123263232064,-1.8273910859731,985.414108062536,-62.3317462575416,61.3397242026895,1038.17201139331
"BIGKAT _ P77 _ Right _ 1",-56.0114765948654,-0.958344098972151,986.858855489432,-62.0879569695002,59.5032725201369,1037.01926625562
"BIGKAT _ P77 _ Right _ 1",-56.2428207397586,-0.106156325953074,988.494223244385,-61.3733955019389,56.525169856363,1035.03404403256
"BIGKAT _ P77 _ Right _ 1",-56.4288202798413,0.70995626177284,990.205013220184,-60.3011845935136,52.5351173786177,1032.29346860581
"BIGKAT _ P77 _ Right _ 1",-56.5843892728122,1.47328067370879,991.885323484184,-59.0164897384241,47.8044523313257,1029.00735795008
"BIGKAT _ P77 _ Right _ 1",-56.7138009236165,2.16790725270412,993.448646563135,-57.6703099049829,42.7045675213849,1025.47797917325
"BIGKAT _ P77 _ Right _ 1",-56.8121811008963,2.77957546943175,994.834020013055,-56.3930613073557,37.6370634078536,1022.03413142233
"BIGKAT _ P77 _ Right _ 1",-56.870617447834,3.29900316604182,996.008894724282,-55.2743721608114,32.9553434671061,1018.95954758621
"BIGKAT _ P77 _ Right _ 1",-56.8819532902025,3.72490366358843,996.968140396188,-54.3537797705064,28.9046351276468,1016.43969811181
"BIGKAT _ P77 _ Right _ 1",-56.8441394393096,4.06338568308728,997.728156752734,-53.6235317472592,25.6016575449157,1014.54432837826
"BIGKAT _ P77 _ Right _ 1",-56.759598366213,4.32252465732521,998.316639475434,-53.0410984246783,23.0579822524643,1013.24818933567
"BIGKAT _ P77 _ Right _ 1",-56.6312482193606,4.50387196489025,998.76082795376,-52.5468771146163,21.232557521955,1012.47751058954
"BIGKAT _ P77 _ Right _ 1",-56.4574256322943,4.59463967997335,999.078108240848,-52.0823121468036,20.0885746789588,1012.16177176849
"BIGKAT _ P77 _ Right _ 1",-56.2284259002337,4.56449321469121,999.272013303106,-51.6047065659009,19.6309069907101,1012.27104797109
"BIGKAT _ P77 _ Right _ 1",-55.9268235546927,4.36949003063454,999.334526852782,-51.0965653413449,19.9102136105924,1012.82649289575
"BIGKAT _ P77 _ Right _ 1",-55.5324409137809,3.96328606107428,999.253116509966,-50.5687932373613,20.9938986021732,1013.88202041461
"BIGKAT _ P77 _ Right _ 1",-55.0311517504188,3.31301090792104,999.019039213526,-50.0581768093166,22.917608493441,1015.48564519575
"BIGKAT _ P77 _ Right _ 1",-54.4250622396706,2.41505808872767,998.633019564822,-49.620257335418,25.639111184553,1017.63617184309
"BIGKAT _ P77 _ Right _ 1",-53.740516765544,1.30534749783138,998.105850306684,-49.3190775711749,29.0155306150827,1020.2525241104
"BIGKAT _ P77 _ Right _ 1",-53.030375605294,0.0599116828270492,997.454278767921,-49.2155801603291,32.8146836985101,1023.16823580259
"BIGKAT _ P77 _ Right _ 1",-52.3684071176856,-1.21537922935747,996.695161139587,-49.3567349314202,36.7564423397179,1026.15430018173
"BIGKAT _ P77 _ Right _ 1",-51.8361386156894,-2.40362833612204,995.841750050102,-49.7675233187217,40.5683075844002,1028.96336784209
"BIGKAT _ P77 _ Right _ 1",-51.505198853625,-3.39922889259963,994.904739918411,-50.4473498371428,44.0360706329389,1031.38098378441
"BIGKAT _ P77 _ Right _ 1",-51.4199762203315,-4.12771680173939,993.898027586897,-51.3712794843168,47.0352972536962,1033.26770707458
"BIGKAT _ P77 _ Right _ 1",-51.5856516360636,-4.55820775839864,992.846255152968,-52.4950924798629,49.538013492211,1034.57994129313
"BIGKAT _ P77 _ Right _ 1",-51.9653224335795,-4.70581713710249,991.789598897004,-53.7619559804542,51.5966656051137,1035.36497705296
"BIGKAT _ P77 _ Right _ 1",-52.4874491640277,-4.62405406658684,990.782293283683,-55.1080369624729,53.311934561401,1035.73366999818
"BIGKAT _ P77 _ Right _ 1",-53.0619375298267,-4.38923571806965,989.884943655172,-56.465144205507,54.7927017456617,1035.81977765093
"BIGKAT _ P77 _ Right _ 1",-53.6006767747299,-4.08040475126758,989.154585844352,-57.7604937679579,56.1166300522661,1035.7374121662
"BIGKAT _ P77 _ Right _ 1",-54.0370624030596,-3.75926722479885,988.637741940933,-58.9159728138137,57.2991236509885,1035.54748400355
"BIGKAT _ P77 _ Right _ 1",-54.3393115588736,-3.45515918064995,988.369270839447,-59.8503858788751,58.2770123037654,1035.24100071335
"BIGKAT _ P77 _ Right _ 1",-54.5141592226859,-3.15938516330371,988.375534884979,-60.4872411894897,58.9111643838623,1034.74274347853
"BIGKAT _ P77 _ Right _ 1",-54.600351476918,-2.83095415103951,988.677633569069,-60.7679608734712,59.0091758861117,1033.93432480696
"BIGKAT _ P77 _ Right _ 1",-54.6543796612516,-2.41219613453673,989.291003766111,-60.6672002743208,58.3651673319721,1032.69138060139
"BIGKAT _ P77 _ Right _ 1",-54.7330046569518,-1.84946158210579,990.220569248462,-60.2047784038326,56.8091671101922,1030.925847553
"BIGKAT _ P77 _ Right _ 1",-54.8775057640831,-1.11265280503006,991.453425551206,-59.4487335492705,54.2551658591765,1028.62196622606
"BIGKAT _ P77 _ Right _ 1",-55.1034051136631,-0.208121839642416,992.952106327638,-58.506481201415,50.736258770714,1025.85544999387
"BIGKAT _ P77 _ Right _ 1",-55.3975959328121,0.818398199213783,994.650880778851,-57.5050915422543,46.4176243234637,1022.78963015731
"BIGKAT _ P77 _ Right _ 1",-55.7231305071903,1.88974593208871,996.456487796737,-56.5656950978615,41.5824531509055,1019.64880288427
"BIGKAT _ P77 _ Right _ 1",-56.0304426034131,2.91460911891381,998.254043943527,-55.7793893397231,36.5914188363347,1016.67519988355
"BIGKAT _ P77 _ Right _ 1",-56.2722099645038,3.80982113738417,999.918142694661,-55.1918284546367,31.8227052844198,1014.08054034082
"BIGKAT _ P77 _ Right _ 1",-56.4176548277401,4.52094548394179,1001.32767069028,-54.8008183742868,27.606444553774,1012.00528919988
"BIGKAT _ P77 _ Right _ 1",-56.4617154059978,5.03392361988475,1002.38117897364,-54.5665588237406,24.1719919538065,1010.49759832888
"BIGKAT _ P77 _ Right _ 1",-56.4258677925985,5.37325915909619,1003.00929981134,-54.4295840729554,21.6244972549196,1009.51849108275
"BIGKAT _ P77 _ Right _ 1",-56.350099570266,5.58740763320874,1003.18210083052,-54.3291848373401,19.95702042149,1008.97096612702
"BIGKAT _ P77 _ Right _ 1",-56.2784766858443,5.72710795005942,1002.91102769965,-54.2162252533117,19.090354791009,1008.74195276013
"BIGKAT _ P77 _ Right _ 1",-56.2428151088024,5.82468460819938,1002.24583041786,-54.0579279392168,18.9225946413268,1008.74195165516
"BIGKAT _ P77 _ Right _ 1",-56.2496974888118,5.8811938675339,1001.26682293419,-53.8362484742332,19.3692028554588,1008.92959738379
"BIGKAT _ P77 _ Right _ 1",-56.2753876324758,5.86501689824989,1000.07309970709,-53.5439006806387,20.381000879722,1009.31530630256
"BIGKAT _ P77 _ Right _ 1",-56.2710520589659,5.7218271874113,998.768273775256,-53.1820431294265,21.9378386493287,1009.94593435954
"BIGKAT _ P77 _ Right _ 1",-56.1773299781469,5.39265474007005,997.446242750576,-52.7615478540704,24.0252796969318,1010.8780978692
"BIGKAT _ P77 _ Right _ 1",-55.9437543585407,4.83441630586168,996.179747199926,-52.3070431585762,26.6072915632909,1012.15030423848
"BIGKAT _ P77 _ Right _ 1",-55.546489988933,4.03644020717803,995.013861613088,-51.8610183258554,29.6080832078112,1013.76323459212
"BIGKAT _ P77 _ Right _ 1",-54.9984540480562,3.02784772296892,993.965156989503,-51.4848926949841,32.9111436882372,1015.67390679342
"BIGKAT _ P77 _ Right _ 1",-54.348818758339,1.87385465921116,993.025568610167,-51.2549141566668,36.3754840610307,1017.80414449784
"BIGKAT _ P77 _ Right _ 1",-53.6727060135598,0.662763919788055,992.16887641827,-51.2525001659302,39.8617022271893,1020.0586502605
"BIGKAT _ P77 _ Right _ 1",-53.0549131097594,-0.511858995919602,991.357809272384,-51.5505585743859,43.2570839861294,1022.34503599441
"BIGKAT _ P77 _ Right _ 1",-52.5726982884423,-1.56846636003069,990.550849437224,-52.1988481925854,46.490711523514,1024.58853330179
"BIGKAT _ P77 _ Right _ 1",-52.2819405093637,-2.44990362441252,989.708905833523,-53.2120603198974,49.5348785968499,1026.73733145153
"BIGKAT _ P77 _ Right _ 1",-52.2092005350808,-3.12859274950593,988.802402493342,-54.5636913379978,52.3945997786048,1028.75863362233
"BIGKAT _ P77 _ Right _ 1",-52.3504087526042,-3.60427522786542,987.818887172591,-56.1869323837991,55.0896259223448,1030.628320519
"BIGKAT _ P77 _ Right _ 1",-52.6756255973564,-3.89547504094692,986.770397771185,-57.9813270502657,57.6326259443493,1032.31761174497
"BIGKAT _ P77 _ Right _ 1",-53.1384461315266,-4.02680240151449,985.699094648334,-59.8221661567482,60.0054253063272,1033.77938036037
"BIGKAT _ P77 _ Right _ 1",-53.6878378029381,-4.01514923065488,984.679409389407,-61.5699000140611,62.1355587230333,1034.93671012185
"BIGKAT _ P77 _ Right _ 1",-54.2794609923278,-3.85872860862539,983.815075655342,-63.0793429358019,63.8787902395523,1035.67755370169
"BIGKAT _ P77 _ Right _ 1",-54.8832184423679,-3.53317870473047,983.229663399414,-64.2112233607061,65.0170634991472,1035.86057914421
"BIGKAT _ P77 _ Right _ 1",-55.4845639395701,-2.9977128934494,983.049765371177,-64.8490359250235,65.2813206437925,1035.33628677843
"BIGKAT _ P77 _ Right _ 1",-56.0792484331316,-2.21115516583998,983.381420161145,-64.9209310822659,64.402243113845,1033.98304360361
"BIGKAT _ P77 _ Right _ 1",-56.6639531343167,-1.15347490971284,984.283260869334,-64.4209859147538,62.1806581860626,1031.75072494686
"BIGKAT _ P77 _ Right _ 1",-57.2271149210061,0.154855947650113,985.743523729036,-63.4203145132725,58.5582735997443,1028.69825633756
"BIGKAT _ P77 _ Right _ 1",-57.7440020269271,1.6436382107807,987.669924186053,-62.0596866417856,53.6647001507755,1025.0094648202
"BIGKAT _ P77 _ Right _ 1",-58.1779571389407,3.1984619599711,989.898962791187,-60.5221535883162,47.821800034917,1020.97668996887
"BIGKAT _ P77 _ Right _ 1",-58.4871103106026,4.68009643844965,992.224561642018,-58.9931351652099,41.4997733280763,1016.95253289621
"BIGKAT _ P77 _ Right _ 1",-58.6341052835267,5.95191002648823,994.438257587371,-57.6213371650659,35.2357530745512,1013.28255510182
"BIGKAT _ P77 _ Right _ 1",-58.5957856955436,6.90699471630439,996.368460851525,-56.4934539826468,29.5387261106522,1010.24005925031
"BIGKAT _ P77 _ Right _ 1",-58.3700091053461,7.48713345279467,997.906696074214,-55.6293336989497,24.8092428683351,1007.98414189457
"BIGKAT _ P77 _ Right _ 1",-57.9776105543087,7.68862068619514,999.013871913583,-54.9957593116605,21.2960942696394,1006.55329043064
"BIGKAT _ P77 _ Right _ 1",-57.459030901413,7.55434846624954,999.707154096957,-54.5306571385827,19.0967739888416,1005.89250131908
"BIGKAT _ P77 _ Right _ 1",-56.866919230708,7.1561280788783,1000.03475883746,-54.1679628066169,18.1911628412212,1005.89907892663
"BIGKAT _ P77 _ Right _ 1",-56.2572872702299,6.57411572993462,1000.04921842241,-53.8560620953462,18.4872168039374,1006.46713996537
"BIGKAT _ P77 _ Right _ 1",-55.6817781890581,5.88018787145246,999.788482849515,-53.5671046652257,19.8579682599162,1007.514833073
"BIGKAT _ P77 _ Right _ 1",-55.1823354085294,5.12935535066821,999.269844098945,-53.2980469329923,22.1587043347421,1008.98798368719
"BIGKAT _ P77 _ Right _ 1",-54.7880037104381,4.35934565746259,998.496504740834,-53.0660336438935,25.2258038629907,1010.84439222254
"BIGKAT _ P77 _ Right _ 1",-54.5129585509499,3.59533592841204,997.4726394043,-52.9011236742869,28.8683645708306,1013.03040986008
"BIGKAT _ P77 _ Right _ 1",-54.3554297115898,2.85587867449025,996.220631254247,-52.8390924507082,32.8663901570036,1015.46321120539
"BIGKAT _ P77 _ Right _ 1",-54.2981696818275,2.15725898003033,994.793644794509,-52.9162018602932,36.984165726017,1018.02795096064
"BIGKAT _ P77 _ Right _ 1",-54.3115274285879,1.51547333497103,993.277951231208,-53.1663244240343,40.997800219013,1020.59110634785
"BIGKAT _ P77 _ Right _ 1",-54.3595642321098,0.94622363415368,991.782674515972,-53.6191960295864,44.7275707751125,1023.02398714252
"BIGKAT _ P77 _ Right _ 1",-54.4081753817943,0.463358838682421,990.419183687644,-54.2979889284017,48.0632328680799,1025.22708498833
"BIGKAT _ P77 _ Right _ 1",-54.4326870028945,0.0758521684270166,989.276497408645,-55.2154314741014,50.9742354740846,1027.14723224453
"BIGKAT _ P77 _ Right _ 1",-54.4220390777183,-0.216330295748985,988.400962094996,-56.3695114165468,53.5033718511988,1028.78340451733
"BIGKAT _ P77 _ Right _ 1",-54.3780287457306,-0.426084524626628,987.787212202419,-57.7406880858759,55.7474145530493,1030.18077873119
"BIGKAT _ P77 _ Right _ 1",-54.3105184541728,-0.580397279500026,987.383588905504,-59.2915544293169,57.8294001640779,1031.41494945977
"BIGKAT _ P77 _ Right _ 1",-54.2315377382426,-0.716651830772062,987.110554669849,-60.9678595540317,59.8655688390593,1032.56913170666
"BIGKAT _ P77 _ Right _ 1",-54.1516101228998,-0.873035739493975,986.887051501573,-62.6986725134674,61.9287924358712,1033.70756413357
"BIGKAT _ P77 _ Right _ 1",-54.0802181658873,-1.07422040792232,986.658057976898,-64.3945397139209,64.0119596028309,1034.84899529162
"BIGKAT _ P77 _ Right _ 1",-54.0298728054662,-1.31583778037406,986.416592130722,-65.9452578497161,65.9986711065592,1035.94545310966
"BIGKAT _ P77 _ Right _ 1",-54.0209591471132,-1.55329034257189,986.214517438689,-67.2214403687719,67.6520812010551,1036.87287369189
"BIGKAT _ P77 _ Right _ 1",-54.0833850690083,-1.70126420953218,986.158370110684,-68.0844889106637,68.6329377187604,1037.44014591081
"BIGKAT _ P77 _ Right _ 1",-54.2517279448538,-1.64869693293833,986.389054070103,-68.4071559648063,68.5530038122202,1037.4204188822
"BIGKAT _ P77 _ Right _ 1",-54.5532792196577,-1.28900624152747,987.047884939867,-68.1022080914363,67.0599906112656,1036.60283506579
"BIGKAT _ P77 _ Right _ 1",-54.9923754086787,-0.558136569847527,988.235908034737,-67.1513957950643,63.9370837867581,1034.85510028137
"BIGKAT _ P77 _ Right _ 1",-55.5377134094704,0.533157223400857,989.977378599479,-65.6235286056559,59.1888180756823,1032.17978043688
"BIGKAT _ P77 _ Right _ 1",-56.1197755636721,1.88726400827875,992.199614679392,-63.6717542961898,53.0817995218562,1028.7436475931
"BIGKAT _ P77 _ Right _ 1",-56.64217048627,3.33605673216507,994.738168512072,-61.5072211011617,46.1186482806557,1024.86374666028
"BIGKAT _ P77 _ Right _ 1",-57.0048392388821,4.68226650740088,997.36815464136,-59.3563195109828,38.9458273577873,1020.94748876577
"BIGKAT _ P77 _ Right _ 1",-57.1314760042232,5.75139761780186,999.852344797558,-57.4157363108097,32.2219653669382,1017.4027657125
"BIGKAT _ P77 _ Right _ 1",-56.9911516249656,6.4349339179553,1001.98952453945,-55.8192128341236,26.4896500924176,1014.54831766743
"BIGKAT _ P77 _ Right _ 1",-56.6063545482277,6.70983600647964,1003.64703603891,-54.6232526495569,22.091114557144,1012.55537262071
"BIGKAT _ P77 _ Right _ 1",-56.0452092385339,6.62999499846361,1004.76930032147,-53.8112241351399,19.1481382940392,1011.4377365225
"BIGKAT _ P77 _ Right _ 1",-55.4015643677805,6.29656325421508,1005.36467175242,-53.3106531834934,17.6002793904184,1011.08715988143
"BIGKAT _ P77 _ Right _ 1",-54.7703487084017,5.82076587872303,1005.48062204611,-53.0176044526865,17.2764712595835,1011.33486000345
"BIGKAT _ P77 _ Right _ 1",-54.2260589933656,5.2930180553353,1005.17920949644,-52.8230099054374,17.9695947349733,1012.01451048105
"BIGKAT _ P77 _ Right _ 1",-53.8100725798938,4.76731428681526,1004.52169279941,-52.6368163585809,19.490221789223,1013.00609788428
"BIGKAT _ P77 _ Right _ 1",-53.5290758722831,4.26290157797766,1003.5653727884,-52.4064475076377,21.6887731805845,1014.24989220151
"BIGKAT _ P77 _ Right _ 1",-53.3635041311938,3.7789450431133,1002.3698382292,-52.1268241920544,24.449212144784,1015.73149650331
"BIGKAT _ P77 _ Right _ 1",-53.2821343009723,3.31388649299526,1001.0058520521,-51.8405234231442,27.6674786525524,1017.44915091126
"BIGKAT _ P77 _ Right _ 1",-53.2572653296701,2.88029022895113,999.559523468382,-51.628429995831,31.2309430278445,1019.37993233594
"BIGKAT _ P77 _ Right _ 1",-53.2748858011868,2.50847171138809,998.127319223814,-51.5928907332956,35.010623625953,1021.46000022134
"BIGKAT _ P77 _ Right _ 1",-53.3363441122059,2.23750449558849,996.802468235663,-51.8365352149292,38.8686194768375,1023.58624975085
"BIGKAT _ P77 _ Right _ 1",-53.4517463009138,2.09825303385126,995.658053282137,-52.4405349724269,42.6743382793592,1025.63663658224
"BIGKAT _ P77 _ Right _ 1",-53.628854724316,2.09694844858795,994.734361447541,-53.4461790622787,46.3193257969049,1027.49907471101
"BIGKAT _ P77 _ Right _ 1",-53.8627600582564,2.20732818847455,994.036621846923,-54.8433066715362,49.7233259596369,1029.09718618811
"BIGKAT _ P77 _ Right _ 1",-54.1304387486842,2.37467203797743,993.54441114535,-56.5684391365816,52.8311895183393,1030.40486090758
"BIGKAT _ P77 _ Right _ 1",-54.3915973814917,2.52900228400654,993.228087544296,-58.5141989039503,55.6065911543196,1031.44752744483
"BIGKAT _ P77 _ Right _ 1",-54.5948435319584,2.60107151022409,993.06405672888,-60.5492981662342,58.029994547773,1032.2928137291
"BIGKAT _ P77 _ Right _ 1",-54.6873745328386,2.53553137101497,993.041642249882,-62.5449666266309,60.1039365360874,1033.03508375455
"BIGKAT _ P77 _ Right _ 1",-54.6266721202192,2.29946955753999,993.159079035263,-64.4002718619113,61.8614126636525,1033.77749873096
"BIGKAT _ P77 _ Right _ 1",-54.392857045007,1.88785553974483,993.411817198119,-66.0574181783763,63.3679694583206,1034.6133505474
"BIGKAT _ P77 _ Right _ 1",-53.9995894868662,1.32781789726615,993.780109771061,-67.5005173606972,64.7088427319914,1035.60708832441
"BIGKAT _ P77 _ Right _ 1",-53.5001291397079,0.681341256411418,994.223387534955,-68.7373779818569,65.9591328535562,1036.77564580023
"BIGKAT _ P77 _ Right _ 1",-52.9846862880573,0.0433328450555268,994.686206313762,-69.7710957460924,67.1439928619194,1038.07236861781
"BIGKAT _ P77 _ Right _ 1",-52.5666842204003,-0.468450986968262,995.11544493159,-70.573160978421,68.2025231212068,1039.37807461283
"BIGKAT _ P77 _ Right _ 1",-52.3591230454866,-0.732673570840946,995.482626718482,-71.0700681770019,68.9705462225716,1040.50498582439
"BIGKAT _ P77 _ Right _ 1",-52.4464970950252,-0.649922223518061,995.801320690692,-71.1509245013031,69.1932652317513,1041.21802698752
"BIGKAT _ P77 _ Right _ 1",-52.8604630394152,-0.168149320602494,996.129981128664,-70.6960362678909,68.5704410738531,1041.27385904852
"BIGKAT _ P77 _ Right _ 1",-53.5671159073003,0.699367763718498,996.55587135039,-69.6183873624364,66.8264403425633,1040.47197624509
"BIGKAT _ P77 _ Right _ 1",-54.4703480733074,1.86958131748576,997.163920740955,-67.9039333551258,63.7880295435236,1038.70632761345
"BIGKAT _ P77 _ Right _ 1",-55.430778814762,3.20139226950434,998.001776937881,-65.6352419576324,59.4473939966878,1036.00274273869
"BIGKAT _ P77 _ Right _ 1",-56.2950924017947,4.52167646254425,999.055078157892,-62.9878028638103,53.9896828641847,1032.52906305141
"BIGKAT _ P77 _ Right _ 1",-56.9279109729731,5.65945155207202,1000.24318564239,-60.1983525369468,47.7743707412699,1028.57188471442
"BIGKAT _ P77 _ Right _ 1",-57.2382540460922,6.47951417882173,1001.43706811847,-57.5155916622196,41.2746802184234,1024.48428161124
"BIGKAT _ P77 _ Right _ 1",-57.1948211608561,6.90722953570563,1002.49238852843,-55.1501132486317,34.992692962549,1020.61868218801
"BIGKAT _ P77 _ Right _ 1",-56.8276766545193,6.93903764260956,1003.28622696447,-53.2389496133114,29.3737133450122,1017.26381244905
"BIGKAT _ P77 _ Right _ 1",-56.2172906134701,6.63720860980134,1003.74617000523,-51.8324497675157,24.7406450983107,1014.60217461568
"BIGKAT _ P77 _ Right _ 1",-55.4745774381853,6.11108534323729,1003.8640528713,-50.9022713226928,21.2608697398354,1012.69653791182
"BIGKAT _ P77 _ Right _ 1",-54.7171907260077,5.48997619997958,1003.69165571089,-50.363584596541,18.9485782188309,1011.50445921168
"BIGKAT _ P77 _ Right _ 1",-54.0476634765537,4.89472063292432,1003.32104769819,-50.103230413215,17.697041642925,1010.91256675256
"BIGKAT _ P77 _ Right _ 1",-53.5379675365119,4.41503576024388,1002.85676474858,-50.006966430532,17.3289738449238,1010.77883161545
"BIGKAT _ P77 _ Right _ 1",-53.2229288755147,4.0975517140777,1002.38887324365,-49.9811465753087,17.6501570046574,1010.9712317474
"BIGKAT _ P77 _ Right _ 1",-53.102308002424,3.94567898638787,1001.97438320291,-49.9661779359026,18.4927899158314,1011.39411292192
"BIGKAT _ P77 _ Right _ 1",-53.1491372891002,3.92882161720567,1001.63045760323,-49.9407194648003,19.7400183047312,1011.99798305469
"BIGKAT _ P77 _ Right _ 1",-53.3208011821146,3.99636807994705,1001.33852437958,-49.917102920212,21.3298568040662,1012.77347184764
"BIGKAT _ P77 _ Right _ 1",-53.5695084333647,4.09170260567823,1001.05550330141,-49.9300877425591,23.2428006772962,1013.73470298398
"BIGKAT _ P77 _ Right _ 1",-53.8499271316513,4.16273036218919,1000.72757782594,-50.0225105537159,25.4808579459332,1014.89983841556
"BIGKAT _ P77 _ Right _ 1",-54.1233083420296,4.16744160482673,1000.30282669478,-50.2319527651255,28.0457498822294,1016.27587049222
"BIGKAT _ P77 _ Right _ 1",-54.3588246907341,4.0751609122921,999.740595260966,-50.5817991951052,30.9216351543235,1017.85138673323
"BIGKAT _ P77 _ Right _ 1",-54.5335924363654,3.86556712203313,999.016938081117,-51.0783123521828,34.0649508236841,1019.597164353
"BIGKAT _ P77 _ Right _ 1",-54.6327213444494,3.52777253531766,998.126444956097,-51.7133663890895,37.4021312127063,1021.47196788843
"BIGKAT _ P77 _ Right _ 1",-54.6499346693355,3.06078007838619,997.081204822282,-52.4708939202741,40.834814223214,1023.43011109099
"BIGKAT _ P77 _ Right _ 1",-54.5883310524683,2.47510128303469,995.907735476466,-53.3342401738684,44.250994307515,1025.42760380476
"BIGKAT _ P77 _ Right _ 1",-54.4603277882376,1.79399457406475,994.642668426873,-54.2917210918024,47.5395311177793,1027.42478320229
"BIGKAT _ P77 _ Right _ 1",-54.286054141667,1.05240551749767,993.327903999697,-55.3387390242053,50.6050054320839,1029.38515251727
"BIGKAT _ P77 _ Right _ 1",-54.0902236192954,0.292665211667084,992.005904441285,-56.4763623028187,53.3802230558324,1031.27216695233
"BIGKAT _ P77 _ Right _ 1",-53.8982208502264,-0.442111078756214,990.715980629483,-57.7075810369879,55.8343585475134,1033.04706611157
"BIGKAT _ P77 _ Right _ 1",-53.7323445980963,-1.11449716775231,989.492674607076,-59.0328781098024,57.9754374994662,1034.67077885319
"BIGKAT _ P77 _ Right _ 1",-53.608820338464,-1.69675321309773,988.366912481038,-60.4460905604715,59.8463091561365,1036.11090400896
"BIGKAT _ P77 _ Right _ 1",-53.5356543528953,-2.17156883714821,987.369276150603,-61.93026616467,61.5134610002896,1037.35124104533
"BIGKAT _ P77 _ Right _ 1",-53.5111110039244,-2.53059345601635,986.533525463462,-63.4524778478302,63.0484997965251,1038.39823385692
"BIGKAT _ P77 _ Right _ 1",-53.5228612758168,-2.77253689149916,985.89850963733,-64.9573328831116,64.5035565861868,1039.27834033642
"BIGKAT _ P77 _ Right _ 1",-53.5485092806215,-2.90190339486161,985.507567939694,-66.361059193616,65.8842993398938,1040.02361893377
"BIGKAT _ P77 _ Right _ 1",-53.5586362444019,-2.92802658361469,985.405263483934,-67.5501962356994,67.1267627603244,1040.64841556355
"BIGKAT _ P77 _ Right _ 1",-53.5230960642236,-2.8632051208003,985.631512012,-68.389347317605,68.0855242795267,1041.12527981965
"BIGKAT _ P77 _ Right _ 1",-53.4199609921525,-2.719013211529,986.213701880804,-68.7402208319261,68.5399053856843,1041.3705407038
"BIGKAT _ P77 _ Right _ 1",-53.2448119300347,-2.50105911143256,987.158698561576,-68.489874612092,68.2217341824574,1041.24805243953
"BIGKAT _ P77 _ Right _ 1",-53.0168912155198,-2.20399388394663,988.447694785556,-67.5816298199872,66.8634422146403,1040.5941667316
"BIGKAT _ P77 _ Right _ 1",-52.7787453153173,-1.80974498426023,990.036174683689,-66.0396657402031,64.2598430667489,1039.26010087979
"BIGKAT _ P77 _ Right _ 1",-52.5876830250482,-1.29191329538171,991.858664504247,-63.9788296794555,60.3316624299051,1037.1616374603
"BIGKAT _ P77 _ Right _ 1",-52.5003269484143,-0.627240132489422,993.835467488373,-61.594336249742,55.1746536492592,1034.32186870059
"BIGKAT _ P77 _ Right _ 1",-52.5546822943971,0.188754103733475,995.878583951697,-59.1309293265347,49.0767166249902,1030.89180790281
"BIGKAT _ P77 _ Right _ 1",-52.7559627450925,1.12844800784882,997.896402224548,-56.8369748114469,42.4897257578546,1027.13780508868
"BIGKAT _ P77 _ Right _ 1",-53.071704104984,2.12822962173792,999.798870348421,-54.9146365293333,35.9548522638138,1023.39443212345
"BIGKAT _ P77 _ Right _ 1",-53.4385101573225,3.09771837757306,1001.50455000413,-53.4803818538933,29.9977612941258,1019.99434075001
"BIGKAT _ P77 _ Right _ 1",-53.7785591646174,3.94004305430116,1002.94872659552,-52.5480117679653,25.0251195287761,1017.19685213494
"BIGKAT _ P77 _ Right _ 1",-54.0206790848447,4.57633685977175,1004.08982892271,-52.0390176868829,21.2567181385197,1015.13887299173
"BIGKAT _ P77 _ Right _ 1",-54.1195816325905,4.96608864135907,1004.91144617152,-51.8155706864068,18.7145181418346,1013.82340985984
"BIGKAT _ P77 _ Right _ 1",-54.0677595030323,5.11686147388025,1005.41911805421,-51.7243811984397,17.2672185510281,1013.14647600102
"BIGKAT _ P77 _ Right _ 1",-53.8968518591464,5.08067020739175,1005.63342909633,-51.6377417150818,16.7084063198824,1012.94960824791
"BIGKAT _ P77 _ Right _ 1",-53.6681432100424,4.93831750624146,1005.58241675616,-51.4810334091531,16.8372412182438,1013.07802028114
"BIGKAT _ P77 _ Right _ 1",-53.4547373387991,4.776254909893,1005.2964164515,-51.2416915737454,17.5147515104058,1013.42509160293
"BIGKAT _ P77 _ Right _ 1",-53.3203838782529,4.66262719950084,1004.80725103465,-50.9606654571508,18.6818494647658,1013.95078922144
"BIGKAT _ P77 _ Right _ 1",-53.3012512243022,4.629643807365,1004.15136252684,-50.7120261626093,20.3407584464199,1014.67180383035
"BIGKAT _ P77 _ Right _ 1",-53.3964150358462,4.66783830060531,1003.3739575184,-50.5785647431191,22.5140771771718,1015.63119736532
"BIGKAT _ P77 _ Right _ 1",-53.5702352392314,4.73408889005665,1002.53005264327,-50.630616640199,25.2013697157334,1016.86172769582
"BIGKAT _ P77 _ Right _ 1",-53.7657598805389,4.77039900009486,1001.67955710453,-50.9125136607944,28.3505736053601,1018.35747777642
"BIGKAT _ P77 _ Right _ 1",-53.9243038879799,4.72633394320077,1000.87673120936,-51.4375269813026,31.8524880151633,1020.06316059501
"BIGKAT _ P77 _ Right _ 1",-54.0041702608014,4.57674797652854,1000.15765811054,-52.18952848885,35.5558361847541,1021.88226870535
"BIGKAT _ P77 _ Right _ 1",-53.9921255359849,4.32870701866271,999.530851024988,-53.1286080586621,39.293076998459,1023.69815663608
"BIGKAT _ P77 _ Right _ 1",-53.9042650903992,4.01605649312579,998.975090844402,-54.1983647985957,42.9059436498502,1025.39919365228
"BIGKAT _ P77 _ Right _ 1",-53.7768013209199,3.68466011492684,998.445803705136,-55.3338510413787,46.2636725405517,1026.90040994277
"BIGKAT _ P77 _ Right _ 1",-53.6505860875167,3.37416935243112,997.888184844942,-56.4702910162313,49.2727939893921,1028.1573538901
"BIGKAT _ P77 _ Right _ 1",-53.554947835935,3.10268165755283,997.25305652101,-57.5529044290576,51.8816586204481,1029.17091014373
"BIGKAT _ P77 _ Right _ 1",-53.496333891382,2.85919815010898,996.510688522729,-58.5471206175723,54.0833860314941,1029.98374435382
"BIGKAT _ P77 _ Right _ 1",-53.4554488823197,2.60617658544901,995.658555019908,-59.4466890955446,55.9179034611243,1030.67006474264
"BIGKAT _ P77 _ Right _ 1",-53.3937388771839,2.29145021549556,994.721013230445,-60.2758769033105,57.4698143907623,1031.32081409167
"BIGKAT _ P77 _ Right _ 1",-53.2671076309558,1.86605124506358,993.741726386747,-61.0823062381622,58.8571306861388,1032.02628326439
"BIGKAT _ P77 _ Right _ 1",-53.0425086475108,1.30274543958193,992.772452564182,-61.9195457002917,60.2077998234413,1032.85776806624
"BIGKAT _ P77 _ Right _ 1",-52.7121588264881,0.609893749399232,991.863297709251,-62.8227145850927,61.6255083547914,1033.84988401936
"BIGKAT _ P77 _ Right _ 1",-52.30083658217,-0.163338293045241,991.058712449105,-63.7843527340327,63.1512820450837,1034.98572893438
"BIGKAT _ P77 _ Right _ 1",-51.8638149836005,-0.931968494414544,990.400540148041,-64.7395173308794,64.7308703506646,1036.18779670062
"BIGKAT _ P77 _ Right _ 1",-51.4757363502547,-1.5893522416825,989.9355643855,-65.567236367123,66.198491215002,1037.31781086761
"BIGKAT _ P77 _ Right _ 1",-51.2133112575833,-2.02743627566269,989.722061106629,-66.1105091796642,67.2849086395881,1038.18807203054
"BIGKAT _ P77 _ Right _ 1",-51.1364398723769,-2.15879181652421,989.829413749792,-66.2108520280366,67.6527030572145,1038.5852548761
"BIGKAT _ P77 _ Right _ 1",-51.2727792361865,-1.93568099190403,990.327406130276,-65.7482691829326,66.9552999113709,1038.30493741092
"BIGKAT _ P77 _ Right _ 1",-51.609763565335,-1.36195200274529,991.266340143224,-64.6753241545825,64.910236794915,1037.19207803563
"BIGKAT _ P77 _ Right _ 1",-52.0959185555637,-0.495144860842648,992.653584363192,-63.035362247783,61.3723151299651,1035.17989141749
"BIGKAT _ P77 _ Right _ 1",-52.6508045607938,0.561600900967662,994.434698870528,-60.9592692520064,56.3894863639115,1032.31772659297
"BIGKAT _ P77 _ Right _ 1",-53.1810155378155,1.67628016374567,996.487071711821,-58.6410746455747,50.2246971056355,1028.77855795133
"BIGKAT _ P77 _ Right _ 1",-53.5987615419954,2.71061398288097,998.630966412351,-56.2987708532062,43.3322380358436,1024.83995415436
"BIGKAT _ P77 _ Right _ 1",-53.8393270535051,3.54476655058183,1000.65739667549,-54.1313536732966,36.2885643947093,1020.83959643073
"BIGKAT _ P77 _ Right _ 1",-53.8736488014045,4.09915633594689,1002.36586673898,-52.2843492756675,29.6929172184538,1017.11585769188
"BIGKAT _ P77 _ Right _ 1",-53.7126131153023,4.34730893437438,1003.60076761242,-50.8326358205287,24.0655896048591,1013.95105992421
"BIGKAT _ P77 _ Right _ 1",-53.4012375911422,4.31483868358139,1004.27579824076,-49.7823729030857,19.7732846986651,1011.53479074718
"BIGKAT _ P77 _ Right _ 1",-53.0039547277898,4.06405130055777,1004.38105280643,-49.0871440216085,16.9991633133641,1009.95591273589
"BIGKAT _ P77 _ Right _ 1",-52.5856741249831,3.66973951856761,1003.97409017223,-48.6705102726972,15.7564153271114,1009.2193226369
"BIGKAT _ P77 _ Right _ 1",-52.1952603899638,3.19590450580663,1003.16056964093,-48.448341845174,15.9293066211561,1009.27435630518
"BIGKAT _ P77 _ Right _ 1",-51.8572236450908,2.68256289705833,1002.07062647153,-48.3470926333148,17.3211946985863,1010.04025110148
"BIGKAT _ P77 _ Right _ 1",-51.5739694909665,2.14655508299049,1000.83561613893,-48.3163118357428,19.6941412668302,1011.41943775377
"BIGKAT _ P77 _ Right _ 1",-51.3364346016492,1.59321493010396,999.568228808136,-48.3347225327923,22.7946054034437,1013.29789328555
"BIGKAT _ P77 _ Right _ 1",-51.137468495324,1.03079513839649,998.347984910877,-48.409987019863,26.3690241752989,1015.5393765353
"BIGKAT _ P77 _ Right _ 1",-50.9815441835438,0.479239305316835,997.21344840387,-48.5733590752721,30.1775635222164,1017.98384867982
"BIGKAT _ P77 _ Right _ 1",-50.8865017674647,-0.0310749546323549,996.161865229503,-48.8712997697489,34.0118791584757,1020.45788806888
"BIGKAT _ P77 _ Right _ 1",-50.8768231786615,-0.469370409356467,995.15631231905,-49.3560767450928,37.7154761495275,1022.79751841687
"BIGKAT _ P77 _ Right _ 1",-50.9715800624834,-0.817917872704864,994.139536992324,-50.0765802852879,41.1989901681552,1024.87607089792
"BIGKAT _ P77 _ Right _ 1",-51.1721693975716,-1.08262908423529,993.052074245186,-51.0700519188177,44.4425322764698,1026.62649452975
"BIGKAT _ P77 _ Right _ 1",-51.454662559586,-1.29654994827229,991.850334768998,-52.3555617026963,47.4831057243062,1028.05031383332
"BIGKAT _ P77 _ Right _ 1",-51.7696445518864,-1.5151496905362,990.519648589083,-53.930184311207,50.3920558109156,1029.21127994115
"BIGKAT _ P77 _ Right _ 1",-52.0500507679123,-1.80456414747075,989.079053730385,-55.7680471371179,53.2502296465916,1030.21667747187
"BIGKAT _ P77 _ Right _ 1",-52.2255138628577,-2.22477791006536,987.578364846874,-57.8209021689198,56.1257192609127,1031.19134639177
"BIGKAT _ P77 _ Right _ 1",-52.2401112302638,-2.81023233449871,986.091306348903,-60.0178035226764,59.0540818658516,1032.24922819772
"BIGKAT _ P77 _ Right _ 1",-52.0690928988458,-3.55163503610199,984.70904321409,-62.2621747568165,62.0185355083545,1033.46608324718
"BIGKAT _ P77 _ Right _ 1",-51.7296908063817,-4.3843376371947,983.536198116127,-64.4273086922597,64.9299437238364,1034.85625727962
"BIGKAT _ P77 _ Right _ 1",-51.2821742337772,-5.18882991818644,982.688196694284,-66.3547434805915,67.6114473276012,1036.35659779926
"BIGKAT _ P77 _ Right _ 1",-50.8199412320373,-5.8064600538536,982.286535624751,-67.861589967365,69.7964406446274,1037.82147442487
"BIGKAT _ P77 _ Right _ 1",-50.4506676352023,-6.06896621324118,982.448288494324,-68.7611663286077,71.1486017887563,1039.03328854579
"BIGKAT _ P77 _ Right _ 1",-50.2730683644948,-5.83574297671687,983.267833234065,-68.8965921871578,71.3085797997526,1039.73165370382
"BIGKAT _ P77 _ Right _ 1",-50.3548699095616,-5.02985080790937,984.792053144511,-68.1810214280383,69.964530774834,1039.66071525289
"BIGKAT _ P77 _ Right _ 1",-50.717153619489,-3.66334726225815,986.994474924805,-66.6330150275285,66.9342268155502,1038.62795870282
"BIGKAT _ P77 _ Right _ 1",-51.3287045396173,-1.84442483689218,989.757394680732,-64.3933625792404,62.2374734770121,1036.56102325069
"BIGKAT _ P77 _ Right _ 1",-52.1117549378966,0.237234095577186,992.871706839759,-61.7125477495827,56.1333936283375,1033.54467252402
"BIGKAT _ P77 _ Right _ 1",-52.9578727353145,2.34498636448022,996.060278460786,-58.9067274795199,49.1023025552148,1029.82171742368
"BIGKAT _ P77 _ Right _ 1",-53.7501617419365,4.24177591807813,999.022862779374,-56.2921043361097,41.7678071667009,1025.75122727729
"BIGKAT _ P77 _ Right _ 1",-54.3860451134469,5.73631434954473,1001.49180339281,-54.1172094862432,34.7767712322565,1021.73277680651
"BIGKAT _ P77 _ Right _ 1",-54.7945018356627,6.7157005180465,1003.28240996736,-52.514208523058,28.6728567656093,1018.12012190101
"BIGKAT _ P77 _ Right _ 1",-54.9434063565543,7.15552662591733,1004.3227937565,-51.482889065789,23.8034908157515,1015.15332883298
"BIGKAT _ P77 _ Right _ 1",-54.8364009360037,7.10673501186481,1004.65482741722,-50.9090874923311,20.2873427060835,1012.93086890412
"BIGKAT _ P77 _ Right _ 1",-54.5029199682688,6.66704350148276,1004.40759763964,-50.6089988329938,18.0461873979627,1011.42623959461
"BIGKAT _ P77 _ Right _ 1",-53.9872734251077,5.94943313702836,1003.75324246916,-50.385187852627,16.8826683222694,1010.53645894972
"BIGKAT _ P77 _ Right _ 1",-53.3417402801934,5.05893050023114,1002.85938486639,-50.0790711822621,16.5727856637869,1010.1402944038
"BIGKAT _ P77 _ Right _ 1",-52.6251526701069,4.08295982125484,1001.85147879434,-49.6070717062933,16.941578961623,1010.14456849272
"BIGKAT _ P77 _ Right _ 1",-51.904643849554,3.09333919544928,1000.79342937951,-48.9727114458464,17.9001983995537,1010.50474044731
"BIGKAT _ P77 _ Right _ 1",-51.2561208700854,2.15308165329801,999.688320070982,-48.2537342474053,19.4380216947789,1011.21718331612
"BIGKAT _ P77 _ Right _ 1",-50.759483496914,1.32047830092223,998.495459095974,-47.5704777478995,21.5797087738858,1012.29145509116
"BIGKAT _ P77 _ Right _ 1",-50.4872876506361,0.646256737483289,997.156788407104,-47.0470512608434,24.3289744398649,1013.71791825511
"BIGKAT _ P77 _ Right _ 1",-50.4891140118323,0.164774482117956,995.625192726948,-46.7783640614504,27.6241302700919,1015.44649404738
"BIGKAT _ P77 _ Right _ 1",-50.7765758015411,-0.115813644502966,993.88839576928,-46.8128517277672,31.3236687346622,1017.38580859218
"BIGKAT _ P77 _ Right _ 1",-51.3144504239053,-0.21877997222423,991.983656141104,-47.1540971904353,35.2262995051848,1019.42180732226
"BIGKAT _ P77 _ Right _ 1",-52.0218448591206,-0.196194118516822,989.999986547635,-47.7773061084543,39.1153377224755,1021.44638981201
"BIGKAT _ P77 _ Right _ 1",-52.7844760018817,-0.118754567963266,988.066624879598,-48.6516896497106,42.808610262705,1023.3835113423
"BIGKAT _ P77 _ Right _ 1",-53.4760181364358,-0.0612230250968236,986.329389343612,-49.7587278576378,46.1950607050549,1025.20272954711
"BIGKAT _ P77 _ Right _ 1",-53.9837921624515,-0.087705660732071,984.919977890842,-51.0988257532646,49.246574179942,1026.91603096145
"BIGKAT _ P77 _ Right _ 1",-54.2325404071533,-0.240309106018206,983.926110506507,-52.6837656607375,52.0039663095578,1028.56021737872
"BIGKAT _ P77 _ Right _ 1",-54.2002235039251,-0.532854784220507,983.371222387346,-54.5179824812293,54.5451098244821,1030.17212343624
"BIGKAT _ P77 _ Right _ 1",-53.9217460815057,-0.949587788761656,983.210246392459,-56.5763960906576,56.9480153654158,1031.76615709719
"BIGKAT _ P77 _ Right _ 1",-53.4796217355023,-1.44808061571663,983.343284629979,-58.7886731976856,59.2614788532678,1033.32239782403
"BIGKAT _ P77 _ Right _ 1",-52.9839084575887,-1.9656432949647,983.643446940725,-61.0379371462626,61.491053828244,1034.78892729081
"BIGKAT _ P77 _ Right _ 1",-52.5465698345401,-2.42857723507124,983.990973368963,-63.1759482799173,63.6002575855776,1036.0957154382
"BIGKAT _ P77 _ Right _ 1",-52.2571127867099,-2.76298379987803,984.304308832875,-65.0490072466526,65.5194744209798,1037.17205779296
"BIGKAT _ P77 _ Right _ 1",-52.1661012256377,-2.90503650198122,984.560174302386,-66.523677380719,67.1521755363988,1037.95816562052
"BIGKAT _ P77 _ Right _ 1",-52.2804392352258,-2.80863569854592,984.798052570577,-67.5023364555549,68.3720722591872,1038.40508306647
"BIGKAT _ P77 _ Right _ 1",-52.5699176268505,-2.44956619183468,985.108646191317,-67.9251597404814,69.0138506967437,1038.46394931158
"BIGKAT _ P77 _ Right _ 1",-52.980501441671,-1.82697754728488,985.609566749126,-67.7632880035651,68.8691120432229,1038.07243301664
"BIGKAT _ P77 _ Right _ 1",-53.4483018752257,-0.963996879069497,986.413918246383,-67.0126626191503,67.702461790862,1037.14969509508
"BIGKAT _ P77 _ Right _ 1",-53.9097733105424,0.0912966567574061,987.598323877315,-65.6964359693337,65.297001847817,1035.60931842258
"BIGKAT _ P77 _ Right _ 1",-54.3071840127807,1.26536325623329,989.1768530951,-63.8767078573881,61.524643354425,1033.39197084026
"BIGKAT _ P77 _ Right _ 1",-54.5915364132656,2.462230474301,991.08692871734,-61.6677629618021,56.420360567163,1030.50851161948
"BIGKAT _ P77 _ Right _ 1",-54.7259831596691,3.57359115669778,993.192360334364,-59.2386771276166,50.2294391546928,1027.07494440151
"BIGKAT _ P77 _ Right _ 1",-54.691148445566,4.49694922098411,995.30577372591,-56.7967988307836,43.4003918886535,1023.31909856253
"BIGKAT _ P77 _ Right _ 1",-54.4909981517903,5.1580510676767,997.227061314192,-54.5536402987531,36.5148591478116,1019.54831045754
"BIGKAT _ P77 _ Right _ 1",-54.1559477306171,5.52977623448472,998.787801267346,-52.6846589677984,30.1720717637796,1016.0845591636
"BIGKAT _ P77 _ Right _ 1",-53.7400758566359,5.6393136768849,999.887856189259,-51.2977009383256,24.8658533471846,1013.18958699406
"BIGKAT _ P77 _ Right _ 1",-53.3115893741029,5.55960728797905,1000.51258315884,-50.4201340455098,20.8952726154727,1011.00804946555
"BIGKAT _ P77 _ Right _ 1",-52.9387002908524,5.387475844776,1000.72639005467,-50.0061419004514,18.3346923838194,1009.54851752763
"BIGKAT _ P77 _ Right _ 1",-52.6751189002108,5.21598396904224,1000.64669989081,-49.9586373429195,17.0647014314406,1008.70567644085
"BIGKAT _ P77 _ Right _ 1",-52.5495328344279,5.11025819401842,1000.40789288327,-50.1572711885035,16.844926968885,1008.31168522129
"BIGKAT _ P77 _ Right _ 1",-52.5619286050726,5.09391267846476,1000.12612867807,-50.4845656108064,17.4002699666766,1008.19674601449
"BIGKAT _ P77 _ Right _ 1",-52.687258678956,5.14902972966144,999.873865677803,-50.8447568412765,18.4937259051916,1008.23943427381
"BIGKAT _ P77 _ Right _ 1",-52.8847244665408,5.22810428599896,999.668924963577,-51.1731357949535,19.9680199597067,1008.3937500893
"BIGKAT _ P77 _ Right _ 1",-53.1095660756237,5.27297703896113,999.47859300843,-51.4365548159444,21.7506938004193,1008.68873398966
"BIGKAT _ P77 _ Right _ 1",-53.3239940855926,5.23428582996547,999.235608185047,-51.6277048547721,23.8293044900095,1009.20488886883
"BIGKAT _ P77 _ Right _ 1",-53.5045951419551,5.08549911411493,998.860470409913,-51.7565066475455,26.2117395572624,1010.03755272521
"BIGKAT _ P77 _ Right _ 1",-53.6448237708034,4.82792041709935,998.283625398823,-51.8416103437115,28.8889205178751,1011.25963460074
"BIGKAT _ P77 _ Right _ 1",-53.7526670585092,4.48645968179398,997.462035605741,-51.9039693293251,31.8128729064181,1012.894469242
"BIGKAT _ P77 _ Right _ 1",-53.8448233727029,4.09917186521884,996.387419320759,-51.9632746374901,34.8945989530204,1014.90482876827
"BIGKAT _ P77 _ Right _ 1",-53.9393951957165,3.70521710689548,995.086807632301,-52.0371125976869,38.0178577606277,1017.19836757723
"BIGKAT _ P77 _ Right _ 1",-54.0490663295228,3.33546600557569,993.618092205236,-52.1422104255328,41.0607418140309,1019.64527587335
"BIGKAT _ P77 _ Right _ 1",-54.1763239522714,3.00804228100897,992.062972862229,-52.2969965595008,43.9175140128791,1022.10202417881
"BIGKAT _ P77 _ Right _ 1",-54.3118633978372,2.72882517679022,990.518063544183,-52.5246086856468,46.516022010451,1024.43551818528
"BIGKAT _ P77 _ Right _ 1",-54.4368352504951,2.49529999537447,989.083655320931,-52.8550750543045,48.8281730317189,1026.54332620461
"BIGKAT _ P77 _ Right _ 1",-54.5287201876365,2.30155403621023,987.850020018495,-53.3248101773372,50.871632722243,1028.36668681487
"BIGKAT _ P77 _ Right _ 1",-54.5693273043196,2.14256410851832,986.883030967359,-53.9715943193054,52.7014733715168,1029.89384930943
"BIGKAT _ P77 _ Right _ 1",-54.5522845114047,2.01680735329954,986.212784747717,-54.8245356490374,54.3923201559071,1031.15291319052
"BIGKAT _ P77 _ Right _ 1",-54.4871867007898,1.92714828238204,985.829273379818,-55.8907932578069,56.0143103218359,1032.19600063024
"BIGKAT _ P77 _ Right _ 1",-54.3986164219737,1.88052693837021,985.687644110386,-57.1427712974374,57.6083216119026,1033.0791638163
"BIGKAT _ P77 _ Right _ 1",-54.3201691968385,1.88705895926973,985.722806487431,-58.5100253827816,59.1663345395462,1033.84340275645
"BIGKAT _ P77 _ Right _ 1",-54.2855049780549,1.95884735425375,985.869896252984,-59.8793548537857,60.6216974038898,1034.50125875713
"BIGKAT _ P77 _ Right _ 1",-54.3194058693188,2.10837683296092,986.084475938235,-61.1052396572611,61.8523136243314,1035.03158720099
"BIGKAT _ P77 _ Right _ 1",-54.4314945157473,2.34622947900537,986.355765837062,-62.0310985165103,62.6976498633381,1035.38321783566
"BIGKAT _ P77 _ Right _ 1",-54.6140903451462,2.67828990047835,986.708411202674,-62.5191995467756,62.9875016189973,1035.4864948023
"BIGKAT _ P77 _ Right _ 1",-54.8444468581297,3.10334072518523,987.192484731589,-62.4832728411717,62.5765337849939,1035.27001825192
"BIGKAT _ P77 _ Right _ 1",-55.0907310777649,3.61228503340625,987.865604108157,-61.9143605466151,61.375161256912,1034.67836451849
"BIGKAT _ P77 _ Right _ 1",-55.3203968930225,4.18964739794469,988.773326093297,-60.8898587146212,59.3670622115218,1033.68580828948
"BIGKAT _ P77 _ Right _ 1",-55.5088447460398,4.81670333118659,989.933618451841,-59.560102182505,56.6084599374113,1032.30223147065
"BIGKAT _ P77 _ Right _ 1",-55.6457374425651,5.47445733413292,991.328828697907,-58.1153058635534,53.2128558013436,1030.5707946511
"BIGKAT _ P77 _ Right _ 1",-55.7367125355717,6.14470361884227,992.905631419036,-56.7437737255176,49.3318834372559,1028.56069967539
"BIGKAT _ P77 _ Right _ 1",-55.7998144040524,6.80882451651872,994.581403589393,-55.5950218769921,45.1427237828902,1026.35944915739
"BIGKAT _ P77 _ Right _ 1",-55.8582218014369,7.44594810204464,996.255038559061,-54.7575898988395,40.8443971390966,1024.06643189517
"BIGKAT _ P77 _ Right _ 1",-55.932536605256,8.03305737727554,997.820837848938,-54.2542603872606,36.6553625203138,1021.78608340299
"BIGKAT _ P77 _ Right _ 1",-56.0358597881613,8.54857113690196,999.184319369514,-54.0516964768183,32.8015177051789,1019.61808914597
"BIGKAT _ P77 _ Right _ 1",-56.1729618771661,8.97828896207824,1000.27751883772,-54.0790184712409,29.4900092376775,1017.64506888428
"BIGKAT _ P77 _ Right _ 1",-56.3423402482912,9.32033844098656,1001.06966029978,-54.249634383194,26.8750696455537,1015.92190615761
"BIGKAT _ P77 _ Right _ 1",-56.5386651400649,9.58574767026129,1001.56927771354,-54.4812826208041,25.0288870185654,1014.47155539328
"BIGKAT _ P77 _ Right _ 1",-56.753793349102,9.79360206715409,1001.81679692655,-54.7103144913174,23.9294069075668,1013.28911933869
"BIGKAT _ P77 _ Right _ 1",-56.9762920643695,9.96274399686875,1001.87037395522,-54.8979351882517,23.4707199697732,1012.35204306269
"BIGKAT _ P77 _ Right _ 1",-57.1907826451056,10.1037338623205,1001.78999625669,-55.0284105365693,23.4945049184026,1011.63242330657
"BIGKAT _ P77 _ Right _ 1",-57.3785202259577,10.2145269534509,1001.62467380181,-55.101613887285,23.83449746957,1011.108210374
"BIGKAT _ P77 _ Right _ 1",-57.5196187052703,10.2814675108901,1001.40569207223,-55.1237879628487,24.360896543414,1010.77167912954
"BIGKAT _ P77 _ Right _ 1",-57.5960940050009,10.2848656870207,1001.14649104231,-55.1001896800842,25.0103072524079,1010.63402048644
"BIGKAT _ P77 _ Right _ 1",-57.5943771102982,10.2067078261645,1000.84768570029,-55.0315941455681,25.7913404441318,1010.72438710067
"BIGKAT _ P77 _ Right _ 1",-57.5064387793096,10.0374992258272,1000.50457893731,-54.91476739763,26.7651267304876,1011.08216942627
"BIGKAT _ P77 _ Right _ 1",-57.3296565124029,9.77975397424851,1000.11428739348,-54.7459950123774,28.0095903530173,1011.74372139122
"BIGKAT _ P77 _ Right _ 1",-57.0662508252082,9.44689107374331,999.680038779381,-54.5264005442085,29.5820707139413,1012.72772860666
"BIGKAT _ P77 _ Right _ 1",-56.723117154896,9.05800751518348,999.211109627044,-54.2674707997457,31.4943509583443,1014.02448055703
"BIGKAT _ P77 _ Right _ 1",-56.3123667242027,8.63080340308493,998.718290737195,-53.9948717177152,33.7076128040315,1015.59255181393
"BIGKAT _ P77 _ Right _ 1",-55.8523072204017,8.17602748786785,998.206579438786,-53.7487851839093,36.1454894358793,1017.36311639976
"BIGKAT _ P77 _ Right _ 1",-55.3682006237646,7.69629177534598,997.668313842993,-53.5798999763116,38.7160673473961,1019.24943301523
"BIGKAT _ P77 _ Right _ 1",-54.8919523781427,7.18994044155927,997.080281367105,-53.5415353424628,41.331888943278,1021.15813110072
"BIGKAT _ P77 _ Right _ 1",-54.4599732559273,6.65806258075686,996.407182231468,-53.6796553190631,43.9207578683867,1022.99964866203
"BIGKAT _ P77 _ Right _ 1",-54.1089596238903,6.11120080089253,995.611663715631,-54.0234131945377,46.4265170574339,1024.69666186679
"BIGKAT _ P77 _ Right _ 1",-53.8702031623953,5.57249868561417,994.668524972553,-54.5790148777737,48.8041549688554,1026.19056423621
"BIGKAT _ P77 _ Right _ 1",-53.7639011438117,5.07570780291511,993.57829768363,-55.3287351898966,51.0149853027233,1027.44624163482
"BIGKAT _ P77 _ Right _ 1",-53.7953619716015,4.65875647950827,992.374481904465,-56.2350228719003,53.0252408826949,1028.45464661301
"BIGKAT _ P77 _ Right _ 1",-53.9546745460266,4.35525112424996,991.120443540735,-57.2478083558246,54.8077906357635,1029.2320248889
"BIGKAT _ P77 _ Right _ 1",-54.2202185135453,4.18661839081734,989.896054295672,-58.3125255673611,56.3448146979657,1029.81514259554
"BIGKAT _ P77 _ Right _ 1",-54.5646960051634,4.15690757721543,988.778576507522,-59.3771636080215,57.6300240759145,1030.25345556749
"BIGKAT _ P77 _ Right _ 1",-54.9611117645522,4.25125218051032,987.824700392736,-60.3979894232499,58.6708188092895,1030.60064499353
"BIGKAT _ P77 _ Right _ 1",-55.3862573311048,4.4380153442534,987.059761193084,-61.3443056983986,59.4914762755612,1030.90809987881
"BIGKAT _ P77 _ Right _ 1",-55.820844826529,4.67387621864577,986.476567554104,-62.2021901265939,60.1370920465831,1031.22151557416
"BIGKAT _ P77 _ Right _ 1",-56.247490239268,4.91071935971871,986.042115010023,-62.9759587173787,60.6753614279594,1031.57957123201
"BIGKAT _ P77 _ Right _ 1",-56.6488886037577,5.10320561119769,985.708148481917,-63.6851644576231,61.1913858670348,1032.0119091237
"BIGKAT _ P77 _ Right _ 1",-57.0080532243631,5.21612687804976,985.422080298385,-64.3553717938938,61.7714151929571,1032.53346418705
"BIGKAT _ P77 _ Right _ 1",-57.3108519941813,5.23075501157817,985.137074495579,-65.0030905971612,62.4753119823803,1033.13397460948
"BIGKAT _ P77 _ Right _ 1",-57.5493807443904,5.14918777788724,984.82193738432,-65.6184167623161,63.3032684437837,1033.76470727425
"BIGKAT _ P77 _ Right _ 1",-57.7239528775595,4.99536009666997,984.471218547659,-66.1516455035291,64.1674561749358,1034.32774184295
"BIGKAT _ P77 _ Right _ 1",-57.8420496795515,4.81150693918985,984.113745912713,-66.5108468225491,64.8813099629482,1034.67498651041
"BIGKAT _ P77 _ Right _ 1",-57.9142015969549,4.64993622697262,983.815378579009,-66.5752039089092,65.176467603867,1034.62316905577
"BIGKAT _ P77 _ Right _ 1",-57.9486617118773,4.56180407401305,983.671373123467,-66.2239424148136,64.7500478970592,1033.98677503759
"BIGKAT _ P77 _ Right _ 1",-57.9478149935786,4.58619479625021,983.786793562513,-65.374268688336,63.3347663393518,1032.62393977998
"BIGKAT _ P77 _ Right _ 1",-57.9086975833695,4.74305779759232,984.248874607993,-64.0163975413724,60.7746648868042,1030.48312781526
"BIGKAT _ P77 _ Right _ 1",-57.8278323732124,5.03204205177042,985.100094059912,-62.2324070751598,57.0839556563463,1027.63477382497
"BIGKAT _ P77 _ Right _ 1",-57.707988227281,5.4367074801675,986.321805059282,-60.1900223063904,52.468810027373,1024.27468259219
"BIGKAT _ P77 _ Right _ 1",-57.5630795235522,5.93143609530942,987.834696637606,-58.1113566524586,47.3021601434069,1020.69461747226
"BIGKAT _ P77 _ Right _ 1",-57.4182446028801,6.48792001687258,989.515983577806,-56.2260832265199,42.0561182540348,1017.22666865257
"BIGKAT _ P77 _ Right _ 1",-57.3047467133544,7.07948570443498,991.22733629634,-54.7238354516128,37.2096945904499,1014.1769483655
"BIGKAT _ P77 _ Right _ 1",-57.2520157495902,7.68336915599488,992.84454231621,-53.7196457709667,33.1565949928675,1011.76745841857
"BIGKAT _ P77 _ Right _ 1",-57.2801737633532,8.2817836619642,994.280233262516,-53.2402248308492,30.1374232055483,1010.10177981209
"BIGKAT _ P77 _ Right _ 1",-57.3954461501368,8.86203004091845,995.493954306065,-53.2312575092176,28.2130175434737,1009.16209227386
"BIGKAT _ P77 _ Right _ 1",-57.5890781601735,9.41522086787509,996.488253933922,-53.5798977171783,27.2827877323562,1008.83502440228
"BIGKAT _ P77 _ Right _ 1",-57.8390519100274,9.93344371509392,997.293920540148,-54.1439802355427,27.1379861451033,1008.95558421973
"BIGKAT _ P77 _ Right _ 1",-58.1135060915884,10.4061335575909,997.950466938188,-54.7800973951285,27.5304408388027,1009.35468796235
"BIGKAT _ P77 _ Right _ 1",-58.3750170530242,10.817171021516,998.488562125808,-55.3654048433332,28.2357802320161,1009.89720874089
"BIGKAT _ P77 _ Right _ 1",-58.5853139608577,11.1442191104075,998.919499019795,-55.8112409302754,29.0957087906182,1010.50250179974
"BIGKAT _ P77 _ Right _ 1",-58.7102145203735,11.3610605753562,999.23384382216,-56.0690948383421,30.0329342863404,1011.14568091946
"BIGKAT _ P77 _ Right _ 1",-58.7244442110454,11.4425088218191,999.408150534513,-56.130550138268,31.0413335861339,1011.8435177979
"BIGKAT _ P77 _ Right _ 1",-58.6156344792922,11.37029168361,999.415958394812,-56.0226951356687,32.160363704103,1012.63241358318
"BIGKAT _ P77 _ Right _ 1",-58.3864950513823,11.1377099362371,999.238040643316,-55.7998045312383,33.4451156902254,1013.54673953641
"BIGKAT _ P77 _ Right _ 1",-58.0543426069344,10.7513385159723,998.867648628431,-55.5317391399377,34.9414242267276,1014.6038772919
"BIGKAT _ P77 _ Right _ 1",-57.6480519396719,10.2295482772336,998.309221486258,-55.2900639672917,36.67041331231,1015.79840808827
"BIGKAT _ P77 _ Right _ 1",-57.2036703925965,9.59934079659249,997.572479706883,-55.1341972831118,38.6218584124829,1017.10403489734
"BIGKAT _ P77 _ Right _ 1",-56.7604467123311,8.89366462318952,996.666059930773,-55.101135060003,40.7538677821243,1018.47995332647
"BIGKAT _ P77 _ Right _ 1",-56.3581952556732,8.15037143791873,995.594683654747,-55.2024300361345,42.9980418621925,1019.8790646385
"BIGKAT _ P77 _ Right _ 1",-56.0351829452783,7.41189976261495,994.361747209148,-55.4304464632122,45.2714846857528,1021.25719116423
"BIGKAT _ P77 _ Right _ 1",-55.8245072323788,6.72325091640891,992.976649831816,-55.7724641525471,47.4961143814292,1022.58303114961
"BIGKAT _ P77 _ Right _ 1",-55.7475410101033,6.12627403542236,991.464323406247,-56.2271010050513,49.621050043113,1023.84710806357
"BIGKAT _ P77 _ Right _ 1",-55.8054543864549,5.65070177154582,989.873561675575,-56.8149853693507,51.6390242424592,1025.06606258084
"BIGKAT _ P77 _ Right _ 1",-55.9725005615947,5.30521620859536,988.280631364383,-57.5767350598709,53.5874197626332,1026.27878889451
"BIGKAT _ P77 _ Right _ 1",-56.1956474518643,5.07316638724292,986.785381901811,-58.5563045820964,55.5300693074013,1027.53372996644
"BIGKAT _ P77 _ Right _ 1",-56.403305277851,4.91641057167725,985.499183205793,-59.7744613177193,57.5244545906641,1028.87031116455
"BIGKAT _ P77 _ Right _ 1",-56.5220387563415,4.78743944999989,984.52734654371,-61.2023131557957,59.5856618373708,1030.29981996273
"BIGKAT _ P77 _ Right _ 1",-56.4961735977377,4.64596196641168,983.951548870089,-62.7460220153318,61.6600949808546,1031.79119985492
"BIGKAT _ P77 _ Right _ 1",-56.3033498486175,4.47369464425312,983.818134078017,-64.2505018959626,63.6181443701722,1033.26566720552
"BIGKAT _ P77 _ Right _ 1",-55.9605807989282,4.28177724922582,984.135560431474,-65.5233521225332,65.2679644968992,1034.6017464707
"BIGKAT _ P77 _ Right _ 1",-55.5194040772267,4.10865347261272,984.880258042286,-66.3732314559425,66.3856591212861,1035.65012848822
"BIGKAT _ P77 _ Right _ 1",-55.0528491886244,4.01019147118432,986.006895329934,-66.6520927731026,66.7533536776102,1036.25596108457
"BIGKAT _ P77 _ Right _ 1",-54.6391188186801,4.04605626735005,987.457881942441,-66.2896292592265,66.1966268966462,1036.28462889188
"BIGKAT _ P77 _ Right _ 1",-54.3466310508259,4.26625641511829,989.168098239836,-65.3108390085225,64.615219659686,1035.64601433542
"BIGKAT _ P77 _ Right _ 1",-54.2232403866909,4.70031062982019,991.06373437114,-63.8326499897007,62.0037259706043,1034.31230513423
"BIGKAT _ P77 _ Right _ 1",-54.2903175921268,5.35001420801572,993.057533489799,-62.0412699597706,58.4605942310075,1032.32575732745
"BIGKAT _ P77 _ Right _ 1",-54.5410231768793,6.186186553927,995.045107956077,-60.1564242459239,54.1838542453428,1029.79478061739
"BIGKAT _ P77 _ Right _ 1",-54.9420150959212,7.14998718606048,996.907105495503,-58.3907812737916,49.4514765629951,1026.87863119789
"BIGKAT _ P77 _ Right _ 1",-55.4384558844426,8.15956361021287,998.519622200967,-56.9127880721866,44.5853681035883,1023.76291023259
"BIGKAT _ P77 _ Right _ 1",-55.9623536635657,9.12193456721224,999.771236757564,-55.8197495829085,39.9028103578207,1020.63043342963
"BIGKAT _ P77 _ Right _ 1",-56.4433470365511,9.94797607050658,1000.58114859594,-55.1259171941217,35.6666805062976,1017.63459392824
"BIGKAT _ P77 _ Right _ 1",-56.8197637401074,10.5665327124277,1000.91151157841,-54.7675872093986,32.0506260672028,1014.88324089849
"BIGKAT _ P77 _ Right _ 1",-57.0474933699018,10.9338318668144,1000.76956167062,-54.623774259553,29.1317399442771,1012.438237076
"BIGKAT _ P77 _ Right _ 1",-57.1052763622166,11.0367145884192,1000.20016434166,-54.5476819072213,26.911712164622,1010.32967209664
"BIGKAT _ P77 _ Right _ 1",-56.9964499212126,10.8909039770289,999.273571265959,-54.4020207333126,25.3550854254441,1008.57757960064
"BIGKAT _ P77 _ Right _ 1",-56.7478963711414,10.536718889974,998.074035104949,-54.0906885225448,24.427276113712,1007.21134321494
"BIGKAT _ P77 _ Right _ 1",-56.4067199372733,10.0339711883938,996.692643813833,-53.5801877181266,24.1173683388493,1006.27870419221
"BIGKAT _ P77 _ Right _ 1",-56.0346715384536,9.45627024459574,995.224202381945,-52.9061242362036,24.4387630572588,1005.84106695321
"BIGKAT _ P77 _ Right _ 1",-55.7002990247005,8.88388636747882,993.765266722259,-52.1632035802263,25.4104997532649,1005.95742685214
"BIGKAT _ P77 _ Right _ 1",-55.4694330833451,8.39443314905255,992.409773789458,-51.4811533911527,27.0296970947476,1006.66356528402
"BIGKAT _ P77 _ Right _ 1",-55.395421743279,8.05180687120975,991.240263795275,-50.9930045348975,29.2483139934282,1007.95460671651
"BIGKAT _ P77 _ Right _ 1",-55.510839162892,7.8953352095849,990.315635059945,-50.8044845517262,31.9642994628126,1009.77711496439
"BIGKAT _ P77 _ Right _ 1",-55.822112011817,7.93204200104333,989.659261889676,-50.9725794500734,35.0298758351657,1012.03261142118
"BIGKAT _ P77 _ Right _ 1",-56.3079878351565,8.13467319403337,989.252586114285,-51.4978109757537,38.272351368736,1014.59001174279
"BIGKAT _ P77 _ Right _ 1",-56.9222281669259,8.44661502235088,989.03807042657,-52.3302906335927,41.5194836851008,1017.30226317124
"BIGKAT _ P77 _ Right _ 1",-57.6002869137831,8.79278878161986,988.932043554984,-53.3862331145151,44.6227896788227,1020.02304104695
"BIGKAT _ P77 _ Right _ 1",-58.2690300543945,9.09400526210819,988.844002418737,-54.5701822532115,47.4757498630779,1022.62144764417
"BIGKAT _ P77 _ Right _ 1",-58.8579380902793,9.28162374400802,988.696317541666,-55.7981505958521,50.0263770177222,1024.99436635917
"BIGKAT _ P77 _ Right _ 1",-59.3098850977379,9.30956250237508,988.438371047154,-57.0171536360518,52.2836423961643,1027.0763585217
"BIGKAT _ P77 _ Right _ 1",-59.5895608816089,9.16138226224158,988.051868848543,-58.2166776358582,54.3154403321343,1028.84586452025
"BIGKAT _ P77 _ Right _ 1",-59.6879036966563,8.85115588206426,987.547907785314,-59.4278612878901,56.2341474338584,1030.32501804278
"BIGKAT _ P77 _ Right _ 1",-59.6216428236521,8.41823420836847,986.959362186439,-60.7077379168903,58.1666325363897,1031.56997647746
"BIGKAT _ P77 _ Right _ 1",-59.428264240704,7.91771632954267,986.333001403087,-62.1096592593714,60.2098434991838,1032.6503287414
"BIGKAT _ P77 _ Right _ 1",-59.158056123038,7.40981723408645,985.724480803026,-63.646514645062,62.3797809813234,1033.61986612387
"BIGKAT _ P77 _ Right _ 1",-58.8656231956032,6.95153755125104,985.1969520843,-65.2584756231876,64.5680720426433,1034.48552738911
"BIGKAT _ P77 _ Right _ 1",-58.6028060057317,6.59259993805868,984.821566604238,-66.7989569250476,66.5234641826459,1035.18460006572
"BIGKAT _ P77 _ Right _ 1",-58.4135074896556,6.37496156105489,984.676311146356,-68.0492840341835,67.873029917971,1035.58046354227
"BIGKAT _ P77 _ Right _ 1",-58.3295709398629,6.33282835035451,984.839237676249,-68.7640484516362,68.1886203749337,1035.4835200171
"BIGKAT _ P77 _ Right _ 1",-58.3667384469585,6.48983008937376,985.374147566549,-68.7374117332127,67.0892892591168,1034.6968511968
"BIGKAT _ P77 _ Right _ 1",-58.5210398494547,6.85255058516842,986.31100070685,-67.8699578234622,64.3544545306782,1033.07711197445
"BIGKAT _ P77 _ Right _ 1",-58.767557903045,7.40338622492451,987.627684317753,-66.2115636305712,60.0125098426412,1030.59310807857
"BIGKAT _ P77 _ Right _ 1",-59.063774723485,8.09781209514069,989.24148912577,-63.9620786644581,54.371843664774,1027.36117278145
"BIGKAT _ P77 _ Right _ 1",-59.3580516596324,8.86972530016184,991.016240186715,-61.4271939725442,47.9774394184953,1023.64104296276
"BIGKAT _ P77 _ Right _ 1",-59.6012974066396,9.64447493027266,992.785362867143,-58.944563336835,41.5013942206421,1019.78877006652
"BIGKAT _ P77 _ Right _ 1",-59.7582955124394,10.355238487663,994.384748482526,-56.8058918103308,35.5998229894933,1016.17993214116
"BIGKAT _ P77 _ Right _ 1",-59.8153870914271,10.9569016398444,995.685034748358,-55.1995107093602,30.7811129732268,1013.12897989494
"BIGKAT _ P77 _ Right _ 1",-59.7827202045888,11.4329305789313,996.612928204856,-54.1872099599916,27.3251656080888,1010.83185102525
"BIGKAT _ P77 _ Right _ 1",-59.6909835115071,11.7936761221093,997.155659788772,-53.7154957556519,25.2722184413805,1009.34810641513
"BIGKAT _ P77 _ Right _ 1",-59.5837613749538,12.0675363744692,997.349412079995,-53.6511887081595,24.4733869287482,1008.62204953621
"BIGKAT _ P77 _ Right _ 1",-59.5073078077458,12.2883612417361,997.258181428211,-53.8271144401229,24.6756588045517,1008.52844440075
"BIGKAT _ P77 _ Right _ 1",-59.4998222795203,12.4830689546611,996.951648009566,-54.0849111329236,25.6085709004632,1008.9230159105
"BIGKAT _ P77 _ Right _ 1",-59.5823934904288,12.6628748541999,996.489086519259,-54.3063618951645,27.047017614389,1009.68091106645
"BIGKAT _ P77 _ Right _ 1",-59.7536940631309,12.8202336621176,995.912608143844,-54.4297729530826,28.838754080131,1010.71438451036
"BIGKAT _ P77 _ Right _ 1",-59.9900929292872,12.9319519114547,995.248869883891,-54.4521067311496,30.8997752624104,1011.97017041615
"BIGKAT _ P77 _ Right _ 1",-60.2517826621718,12.9672197090464,994.515319167113,-54.4200638814085,33.1907869192015,1013.41398622848
"BIGKAT _ P77 _ Right _ 1",-60.4936458614189,12.8978375522952,993.726083254677,-54.4140932155597,35.6904448893514,1015.01227683312
"BIGKAT _ P77 _ Right _ 1",-60.6774811600799,12.7071401370419,992.89406652072,-54.5289768634496,38.3761625195178,1016.71944223904
"BIGKAT _ P77 _ Right _ 1",-60.7812301293832,12.3945773777592,992.028935608713,-54.8539755043105,41.2150276049385,1018.47423586305
"BIGKAT _ P77 _ Right _ 1",-60.8020157848586,11.9746822877966,991.133726171996,-55.4550711225856,44.1612450197033,1020.20449134207
"BIGKAT _ P77 _ Right _ 1",-60.7525698667922,11.4714405847117,990.203966818299,-56.3617466913213,47.1556552280985,1021.83677188981
"BIGKAT _ P77 _ Right _ 1",-60.6532507939568,10.9106383965239,989.231770734514,-57.5607493403162,50.1260378271142,1023.3073033621
"BIGKAT _ P77 _ Right _ 1",-60.5230325582817,10.3129436624416,988.214203846607,-58.9987832371065,52.9902603279943,1024.57167225355
"BIGKAT _ P77 _ Right _ 1",-60.3725380617079,9.68966653833567,987.162330563907,-60.5943848042678,55.6647746522536,1025.61182421948
"BIGKAT _ P77 _ Right _ 1",-60.2010874453779,9.0422135546296,986.10641776891,-62.2563043146423,58.0781577388429,1026.4391598386
"BIGKAT _ P77 _ Right _ 1",-59.9984255881793,8.36562155657828,985.094384245707,-63.9026527771232,60.1854916279771,1027.09240645352
"BIGKAT _ P77 _ Right _ 1",-59.7505042227153,7.65587560718629,984.183741812498,-65.4737853517417,61.9772499060946,1027.62941236411
"BIGKAT _ P77 _ Right _ 1",-59.447482881864,6.91943796466539,983.430183597089,-66.9339304836894,63.4777106605209,1028.11361533147
"BIGKAT _ P77 _ Right _ 1",-59.0911862897113,6.18175873806815,982.877253734977,-68.261666788043,64.7322801657645,1028.59823424314
"BIGKAT _ P77 _ Right _ 1",-58.69908328059,5.49071782766944,982.550967822298,-69.4349328910592,65.7880197948273,1029.1128713953
"BIGKAT _ P77 _ Right _ 1",-58.302896913724,4.91221752108379,982.461354051821,-70.418886383597,66.674154296114,1029.6567536884
"BIGKAT _ P77 _ Right _ 1",-57.9421077669798,4.51839590277306,982.610180598503,-71.1628580145698,67.3881071901695,1030.19999546481
"BIGKAT _ P77 _ Right _ 1",-57.6548978603802,4.37233398395487,983.001370846221,-71.6073755990606,67.8891265058022,1030.69060887016
"BIGKAT _ P77 _ Right _ 1",-57.4701590024783,4.51451280801695,983.649004157954,-71.6973471355128,68.098720642647,1031.06299876656
"BIGKAT _ P77 _ Right _ 1",-57.4033450304504,4.95495812970176,984.578348624845,-71.3957094266394,67.906629173842,1031.24463296045
"BIGKAT _ P77 _ Right _ 1",-57.4567006334236,5.67217755373047,985.818059256955,-70.6932159316279,67.1822963332915,1031.16053218143
"BIGKAT _ P77 _ Right _ 1",-57.622167251902,6.61750067279923,987.385432843139,-69.6127642529766,65.7929732985334,1030.73804156994
"BIGKAT _ P77 _ Right _ 1",-57.8844049006061,7.72244099497076,989.269724594335,-68.2089198793636,63.6292164330308,1029.91525038699
"BIGKAT _ P77 _ Right _ 1",-58.2222631188334,8.90718410450691,991.41950007599,-66.5641352502256,60.6362570141545,1028.65477390206
"BIGKAT _ P77 _ Right _ 1",-58.6088644995298,10.0893644734766,993.738576414772,-64.7826202337412,56.8459587778727,1026.96102313964
"BIGKAT _ P77 _ Right _ 1",-59.0118828374491,11.1928925120877,996.09239107767,-62.9816712275249,52.4000587183586,1024.89517373379
"BIGKAT _ P77 _ Right _ 1",-59.3957467810102,12.1563410395445,998.323924994497,-61.2796073844186,47.5531734519533,1022.57981346669
"BIGKAT _ P77 _ Right _ 1",-59.7264255020209,12.9397281529025,1000.27611098345,-59.7801902891861,42.6464010292547,1020.1865716682
"BIGKAT _ P77 _ Right _ 1",-59.9777828766804,13.5281292534481,1001.81590309431,-58.5556104240543,38.0510799098115,1017.90578307988
"BIGKAT _ P77 _ Right _ 1",-60.1370718003304,13.9307896684525,1002.85418351487,-57.6325814685511,34.095350298673,1015.90573225446
"BIGKAT _ P77 _ Right _ 1",-60.2068820920184,14.1753656793422,1003.3564232511,-56.9867741245713,30.9966867398416,1014.29561846726
"BIGKAT _ P77 _ Right _ 1",-60.2021865471779,14.2983981761189,1003.34192751908,-56.548675689169,28.8240113796883,1013.1063302699
"BIGKAT _ P77 _ Right _ 1",-60.1433863565458,14.3344483698444,1002.87329564954,-56.2199805722673,27.5019554488835,1012.29581543428
"BIGKAT _ P77 _ Right _ 1",-60.0480403273369,14.3067277112157,1002.04027455601,-55.8960306790205,26.8536263705022,1011.7756647272
"BIGKAT _ P77 _ Right _ 1",-59.9243585041696,14.2214623163727,1000.94256378244,-55.4883665883349,26.6653713124394,1011.44810628027
"BIGKAT _ P77 _ Right _ 1",-59.7687106705609,14.0672434957199,999.675116638909,-54.942374288378,26.7521537171663,1011.24058430031
"BIGKAT _ P77 _ Right _ 1",-59.5680161044796,13.8196709442154,998.318151674702,-54.2472661954922,27.0049355344447,1011.12761490484
"BIGKAT _ P77 _ Right _ 1",-59.3064291211864,13.4506154260448,996.932769404257,-53.4378116662002,27.4089971192665,1011.13450476525
"BIGKAT _ P77 _ Right _ 1",-58.9744356689539,12.9402369531241,995.561710918107,-52.5885429120288,28.0313635008655,1011.32305428867
"BIGKAT _ P77 _ Right _ 1",-58.5775232873398,12.2886567020516,994.233600733001,-51.8017074554546,28.9841023994351,1011.76444321709
"BIGKAT _ P77 _ Right _ 1",-58.1412702909049,11.523435226602,992.968393037859,-51.1905903461291,30.3765047091873,1012.50820637512
"BIGKAT _ P77 _ Right _ 1",-57.7103585859273,10.6994641945063,991.78194050264,-50.8604795104949,32.2716173750179,1013.55757873445
"BIGKAT _ P77 _ Right _ 1",-57.3408046697435,9.8899945999522,990.688520017283,-50.8905027307293,34.6602507347557,1014.85966262355
"BIGKAT _ P77 _ Right _ 1",-57.0872056052749,9.17084816715177,989.701281937184,-51.3201868905078,37.4587825093802,1016.31386194925
"BIGKAT _ P77 _ Right _ 1",-56.9889005264133,8.60277954758739,988.831292159416,-52.1439753484808,40.5283400791725,1017.79549475756
"BIGKAT _ P77 _ Right _ 1",-57.05948922735,8.2177042094915,988.085835773978,-53.3148235227108,43.7060139261724,1019.1862700055
"BIGKAT _ P77 _ Right _ 1",-57.2828300714213,8.01266420430997,987.466302107262,-54.7552815036698,46.8364593029739,1020.40165831677
"BIGKAT _ P77 _ Right _ 1",-57.6162388013874,7.9522321951634,986.965854674297,-56.3725984488407,49.7949750606124,1021.40738903767
"BIGKAT _ P77 _ Right _ 1",-57.9993571645479,7.97739278494553,986.567455327383,-58.0740810192443,52.4988143958604,1022.22182493803
"BIGKAT _ P77 _ Right _ 1",-58.3659551746547,8.0179348223671,986.243434791259,-59.7797196299057,54.9085864134209,1022.90559700736
"BIGKAT _ P77 _ Right _ 1",-58.6559074923014,8.00588976440957,985.958116617579,-61.4299032169226,57.023355973791,1023.54289353959
"BIGKAT _ P77 _ Right _ 1",-58.8252139365187,7.88838826168889,985.674368471394,-62.9864297241377,58.8714213663579,1024.21954113667
"BIGKAT _ P77 _ Right _ 1",-58.8526095574496,7.63837559648173,985.363193881507,-64.4257282947575,60.4964752978686,1025.0020498647
"BIGKAT _ P77 _ Right _ 1",-58.7418521398432,7.26097422420153,985.013345472957,-65.7253534925374,61.9388973000741,1025.92043409455
"BIGKAT _ P77 _ Right _ 1",-58.5193501713011,6.79305724801068,984.636867917492,-66.8482513255781,63.2148193542768,1026.95684045949
"BIGKAT _ P77 _ Right _ 1",-58.2275527726926,6.29489188354604,984.267561320958,-67.7320674038541,64.2990799902569,1028.041745105
"BIGKAT _ P77 _ Right _ 1",-57.9154559849863,5.8354634195022,983.952407263844,-68.2904704123247,65.1190646770914,1029.05911400925
"BIGKAT _ P77 _ Right _ 1",-57.6284481578748,5.47594290654883,983.739449893149,-68.4292415201478,65.5631791388009,1029.86097352776
"BIGKAT _ P77 _ Right _ 1",-57.4000196289436,5.25694291499697,983.667438417364,-68.0732734120018,65.5017770818916,1030.29005703755
"BIGKAT _ P77 _ Right _ 1",-57.2472335506194,5.19379019715239,983.761604619893,-67.1948969556156,64.8132990962133,1030.20682007883
"BIGKAT _ P77 _ Right _ 1",-57.1705547227902,5.28061680911124,984.036784128932,-65.8322960144494,63.4072133110705,1029.51520618786
"BIGKAT _ P77 _ Right _ 1",-57.1573157614988,5.50029370206126,984.505249000764,-64.0903652716946,61.2386514920307,1028.18142230339
"BIGKAT _ P77 _ Right _ 1",-57.1872192579352,5.83487374580087,985.183805460907,-62.1235614909013,58.3152853342635,1026.24219428453
"BIGKAT _ P77 _ Right _ 1",-57.2379960584697,6.2713846536658,986.094430747761,-60.1073559552383,54.7011913584587,1023.80257693009
"BIGKAT _ P77 _ Right _ 1",-57.2897271850573,6.80051595448123,987.255709717995,-58.2081005589183,50.5218021393069,1021.02606932743
"BIGKAT _ P77 _ Right _ 1",-57.3272396326362,7.40971847404476,988.667487807471,-56.5592769919269,45.9682733936271,1018.11938278863
"BIGKAT _ P77 _ Right _ 1",-57.3409200281194,8.07540182426401,990.295631294845,-55.2474340733637,41.2929502998053,1015.31120756182
"BIGKAT _ P77 _ Right _ 1",-57.3267453927202,8.7595035727888,992.064831667362,-54.3073488578257,36.7865279303781,1012.82257101434
"BIGKAT _ P77 _ Right _ 1",-57.2861711188632,9.41338812078724,993.864250418871,-53.7249757930111,32.7352355879813,1010.82981590344
"BIGKAT _ P77 _ Right _ 1",-57.2259828722712,9.98814704094174,995.565109479818,-53.4472619817918,29.3689406962472,1009.42887162379
"BIGKAT _ P77 _ Right _ 1",-57.1576904600748,10.4470146185357,997.044143744414,-53.3974448089283,26.8192774372672,1008.61473780938
"BIGKAT _ P77 _ Right _ 1",-57.0958604439172,10.7744155094053,998.20478838957,-53.492506294612,25.1040942313707,1008.28683822355
"BIGKAT _ P77 _ Right _ 1",-57.0551067968314,10.9775897821251,998.989709247384,-53.6579242804312,24.1425530531171,1008.28017365316
"BIGKAT _ P77 _ Right _ 1",-57.0461499316099,11.0800902737516,999.382431377687,-53.8356684810533,23.7923880635668,1008.41134020012
"BIGKAT _ P77 _ Right _ 1",-57.0720329915109,11.1101648181221,999.400210545509,-53.9845237401079,23.8942953176848,1008.52405879527
"BIGKAT _ P77 _ Right _ 1",-57.1258376631279,11.0892693004273,999.082992701331,-54.0754559766055,24.3094643289945,1008.52178045174
"BIGKAT _ P77 _ Right _ 1",-57.1909385936006,11.025542399194,998.483379588434,-54.0866756529324,24.9417622391305,1008.38153208254
"BIGKAT _ P77 _ Right _ 1",-57.244191542677,10.9143974330135,997.660437794169,-54.0022550367862,25.7424772333288,1008.14930147487
"BIGKAT _ P77 _ Right _ 1",-57.2617070484035,10.7451113001065,996.677340165122,-53.8153932437607,26.7008482597627,1007.92108778172
"BIGKAT _ P77 _ Right _ 1",-57.2260952914483,10.510069828546,995.600600359822,-53.5345168240278,27.8270538242642,1007.81561276723
"BIGKAT _ P77 _ Right _ 1",-57.1333719484271,10.2128254608883,994.497965138297,-53.1887636273764,29.1353063286638,1007.94533069845
"BIGKAT _ P77 _ Right _ 1",-56.9973268189977,9.87202811635405,993.433079219603,-52.8294043604414,30.6327898916223,1008.39187805119
"BIGKAT _ P77 _ Right _ 1",-56.8493600603177,9.5199024878895,992.457226200026,-52.5250968022665,32.3159971238167,1009.19033811969
"BIGKAT _ P77 _ Right _ 1",-56.7327602838558,9.1956460123001,991.600649319883,-52.350911885641,34.1716464562484,1010.32401072206
"BIGKAT _ P77 _ Right _ 1",-56.6920356818391,8.93555051569788,990.867104443869,-52.3731406817736,36.1774166044926,1011.72875364661
"BIGKAT _ P77 _ Right _ 1",-56.7597694976003,8.76266301905352,990.234819723092,-52.6335356978354,38.2994780166365,1013.30451264619
"BIGKAT _ P77 _ Right _ 1",-56.9448898390306,8.67924852947145,989.665039063619,-53.1375154526415,40.4879429732884,1014.93166206298
"BIGKAT _ P77 _ Right _ 1",-57.2264838712308,8.66484060493528,989.116500133341,-53.8504450937068,42.6747851743431,1016.49025455118
"BIGKAT _ P77 _ Right _ 1",-57.5558333779145,8.68097373027547,988.561535999516,-54.704030231808,44.7787972068506,1017.87996021304
"BIGKAT _ P77 _ Right _ 1",-57.8665338105575,8.68124559784023,987.998145576231,-55.6116065492892,46.7185616117845,1019.03730236363
"BIGKAT _ P77 _ Right _ 1",-58.0897130034648,8.62341832505985,987.453291999112,-56.4880158280623,48.4296826875476,1019.94607233712
"BIGKAT _ P77 _ Right _ 1",-58.1698903276038,8.47986773158021,986.975792488559,-57.2681913743031,49.8797518040628,1020.63775484248
"BIGKAT _ P77 _ Right _ 1",-58.0773570151998,8.24373099575372,986.621142776182,-57.9190906934998,51.0750683060045,1021.18130990154
"BIGKAT _ P77 _ Right _ 1",-57.8145052465435,7.92969330966268,986.433642340464,-58.4418770490488,52.0562548997642,1021.66461441807
"BIGKAT _ P77 _ Right _ 1",-57.4152718359973,7.56975943322445,986.431901586943,-58.8644294379098,52.8839650837157,1022.17214753495
"BIGKAT _ P77 _ Right _ 1",-56.9381833313237,7.20539695520747,986.60212396165,-59.2273274097483,53.6194168225644,1022.76443840013
"BIGKAT _ P77 _ Right _ 1",-56.4545037797128,6.87817333622667,986.900665317871,-59.5684286238652,54.3063876017093,1023.46421393943
"BIGKAT _ P77 _ Right _ 1",-56.0339486086612,6.621335231143,987.264726995185,-59.9113673752397,54.9608834157971,1024.25238726257
"BIGKAT _ P77 _ Right _ 1",-55.7311151365776,6.45446581409039,987.62827562505,-60.2616140271529,55.5719513734106,1025.0745085462
"BIGKAT _ P77 _ Right _ 1",-55.575738773938,6.38238664856,987.939280695398,-60.6107000977826,56.1129214941963,1025.85563673898
"BIGKAT _ P77 _ Right _ 1",-55.5689707970789,6.39815845726737,988.173911894416,-60.9460563109242,56.5583678170744,1026.51957369114
"BIGKAT _ P77 _ Right _ 1",-55.6863221059905,6.48881018383119,988.343575599241,-61.2619441228286,56.8999812925848,1027.00768827781
"BIGKAT _ P77 _ Right _ 1",-55.8861779441269,6.6416471368632,988.492040821088,-61.5667966854914,57.1551424573425,1027.29310280878
"BIGKAT _ P77 _ Right _ 1",-56.1213865247152,6.84889615344959,988.682668276909,-61.8837426962275,57.3648075341109,1027.38730289312
"BIGKAT _ P77 _ Right _ 1",-56.3507382431115,7.10907391755976,988.979282118471,-62.2436435911018,57.5812507582444,1027.33791214335
"BIGKAT _ P77 _ Right _ 1",-56.5473013931448,7.42457126847394,989.426862908372,-62.6729103294123,57.8500105383528,1027.21829736638
"BIGKAT _ P77 _ Right _ 1",-56.7015230472738,7.79615609820029,990.038299390633,-63.1806882300414,58.1928178080477,1027.11159147795
"BIGKAT _ P77 _ Right _ 1",-56.8185761899124,8.21614593981566,990.790653270157,-63.7506883371332,58.5982853345576,1027.09317312703
"BIGKAT _ P77 _ Right _ 1",-56.9112893541859,8.66273245138237,991.630376828358,-64.3414400498078,59.0243885105856,1027.21599558066
"BIGKAT _ P77 _ Right _ 1",-56.9916054882297,9.09811138749393,992.483934287386,-64.8954193719397,59.4121186201107,1027.50205715965
"BIGKAT _ P77 _ Right _ 1",-57.0642315171064,9.47236839959249,993.269602680491,-65.3538721906679,59.7051046623303,1027.94125632088
"BIGKAT _ P77 _ Right _ 1",-57.1253607465003,9.73336329012086,993.90765700981,-65.6721228194634,59.8677568952745,1028.49694386002
"BIGKAT _ P77 _ Right _ 1",-57.1669988675431,9.84042704283075,994.328440045417,-65.8306977096067,59.8957850235614,1029.11626060453
"BIGKAT _ P77 _ Right _ 1",-57.1844193456898,9.77738218311871,994.479393961907,-65.8400436574485,59.8169882092987,1029.74271779799
"BIGKAT _ P77 _ Right _ 1",-57.1823478985248,9.55955605736447,994.331874439613,-65.7393624537337,59.6846169751511,1030.32836942743
"BIGKAT _ P77 _ Right _ 1",-57.1760806670948,9.23119679812241,993.886804195909,-65.5916305515677,59.5678509391239,1030.84346359203
"BIGKAT _ P77 _ Right _ 1",-57.1867509697128,8.85374874018693,993.17675745371,-65.476542162359,59.5429150302012,1031.28227507131
"BIGKAT _ P77 _ Right _ 1",-57.2334745170099,8.48971403577701,992.26254562447,-65.4813643294202,59.6851149224853,1031.66411848817
"BIGKAT _ P77 _ Right _ 1",-57.326800948532,8.18867900177868,991.224581828897,-65.6880779890986,60.0591889703525,1032.02828507558
"BIGKAT _ P77 _ Right _ 1",-57.466765341787,7.98037294590515,990.151482574189,-66.1555308207718,60.7052432092336,1032.42201947625
"BIGKAT _ P77 _ Right _ 1",-57.6457948768512,7.87558493630198,989.129013162086,-66.8983493924199,61.6207601880593,1032.8827358615
"BIGKAT _ P77 _ Right _ 1",-57.8538706994947,7.87193351378437,988.231460505771,-67.8687718843215,62.7441549932024,1033.41898530246
"BIGKAT _ P77 _ Right _ 1",-58.082423546153,7.95993030771093,987.515813630051,-68.9505738758719,63.9490457175875,1033.99733729197
"BIGKAT _ P77 _ Right _ 1",-58.3247734112328,8.12600908576181,987.018024238316,-69.973021274165,65.0577231793772,1034.54223298672
"BIGKAT _ P77 _ Right _ 1",-58.5734258567977,8.35211807868003,986.750768805282,-70.7462604674176,65.8759937577967,1034.95197832637
"BIGKAT _ P77 _ Right _ 1",-58.8165884005436,8.61414030131856,986.703087614643,-71.1099471315677,66.2417531810956,1035.12749847142
"BIGKAT _ P77 _ Right _ 1",-59.0366866980289,8.88217322125204,986.842932886826,-70.9791306708873,66.0713526701932,1035.00443247129
"BIGKAT _ P77 _ Right _ 1",-59.2123472887043,9.12425395151217,987.123266940527,-70.370149537634,65.3860393164571,1034.57678538829
"BIGKAT _ P77 _ Right _ 1",-59.3232328911585,9.31258944197672,987.490978238382,-69.3959263012736,64.3071907636086,1033.90285297603
"BIGKAT _ P77 _ Right _ 1",-59.3555294863707,9.4294511933205,987.896273865703,-68.2318088531492,63.0210662809347,1033.09052120209
"BIGKAT _ P77 _ Right _ 1",-59.3055739868544,9.4698069489957,988.299505471873,-67.0646530680739,61.7258959804348,1032.26696215668
"BIGKAT _ P77 _ Right _ 1",-59.1801437144081,9.43951447332802,988.673416243805,-66.0439066472124,60.5807851875993,1031.54399414604
"BIGKAT _ P77 _ Right _ 1",-58.9937205256991,9.35039031835318,989.001098945811,-65.2513765635661,59.6741095608558,1030.99194553155
"BIGKAT _ P77 _ Right _ 1",-58.7645627149063,9.21512739307554,989.271936338692,-64.6975649651399,59.0199431280825,1030.6307936058
"BIGKAT _ P77 _ Right _ 1",-58.5117539496976,9.04484040574059,989.478168405131,-64.3416170126733,58.5793958078543,1030.43969323536
"BIGKAT _ P77 _ Right _ 1",-58.2543965976548,8.85012584180651,989.613548301719,-64.1240250744273,58.2951066095967,1030.37865030041
"BIGKAT _ P77 _ Right _ 1",-58.0124701458843,8.64416748408511,989.673881617872,-63.9987466681436,58.124510665442,1030.41229571385
"BIGKAT _ P77 _ Right _ 1",-57.8076422679559,8.44510175156176,989.658233963329,-63.9537643048395,58.0603015013229,1030.52640827345
"BIGKAT _ P77 _ Right _ 1",-57.6622752718309,8.27533733741889,989.56971376368,-64.014298088197,58.1323387430067,1030.73177796534
"BIGKAT _ P77 _ Right _ 1",-57.595999730295,8.15733825609292,989.41555522213,-64.2289033946344,58.3917927096417,1031.05518326547
"BIGKAT _ P77 _ Right _ 1",-57.6207330167045,8.10729802110375,989.206820504857,-64.6440815854522,58.8839531230817,1031.52194216345
"BIGKAT _ P77 _ Right _ 1",-57.7359693840078,8.12912189408019,988.957900231096,-65.2766307302075,59.6197309198194,1032.13737312278
"BIGKAT _ P77 _ Right _ 1",-57.9261857124636,8.21097795981599,988.685551743242,-66.0938436718633,60.5565942965811,1032.874739369
"BIGKAT _ P77 _ Right _ 1",-58.1615414842626,8.32581126200316,988.407264432422,-67.009389416613,61.5969486002865,1033.67480937583
"BIGKAT _ P77 _ Right _ 1",-58.4021086634713,8.43612685790885,988.139314088331,-67.8976376340707,62.6060475647078,1034.4578448281
"BIGKAT _ P77 _ Right _ 1",-58.6049011854724,8.5022239984218,987.895218213251,-68.6226817197792,63.4441849614119,1035.14402761923
"BIGKAT _ P77 _ Right _ 1",-58.7321723217363,8.49195299263544,987.684987914481,-69.0727291702828,64.0022295774091,1035.67482492021
"BIGKAT _ P77 _ Right _ 1",-58.7590132699758,8.38923675174471,987.51491562144,-69.1883622689666,64.2282842049768,1036.02720133217
"BIGKAT _ P77 _ Right _ 1",-58.6783664578633,8.19856248551068,987.387202866155,-68.9757003190646,64.1370823037266,1036.21554642902
"BIGKAT _ P77 _ Right _ 1",-58.5022014020187,7.94373123019776,987.29884800026,-68.5017469443968,63.800918971858,1036.28160585658
"BIGKAT _ P77 _ Right _ 1",-58.2586430098049,7.66107988877833,987.239855273703,-67.8762070303853,63.3281056514371,1036.27802636301
"BIGKAT _ P77 _ Right _ 1",-57.9859438809243,7.38936128547189,987.191623068697,-67.2283010181346,62.8387367149488,1036.25358225945
"BIGKAT _ P77 _ Right _ 1",-57.7249864965025,7.15962719520797,987.126847326473,-66.6864632319212,62.4461189898273,1036.24626725023
"BIGKAT _ P77 _ Right _ 1",-57.5122542775029,6.98837178558089,987.012161583039,-66.3639933383607,62.2465590074894,1036.28508113281
"BIGKAT _ P77 _ Right _ 1",-57.3748344785726,6.8760081473817,986.814026846368,-66.3482653520631,62.3140519429226,1036.39570044243
"BIGKAT _ P77 _ Right _ 1",-57.3281489345758,6.81098082963409,986.507333516085,-66.6890538033316,62.6938395612762,1036.60289911873
"BIGKAT _ P77 _ Right _ 1",-57.3761573897309,6.77798708921605,986.085176563955,-67.3843294088519,63.3912571527804,1036.92489701345
"BIGKAT _ P77 _ Right _ 1",-57.5131709954975,6.76732921759925,985.567553267976,-68.3672798124559,64.3577829659699,1037.36005464705
"BIGKAT _ P77 _ Right _ 1",-57.7262870110124,6.78182842359274,985.006319343363,-69.5023405213547,65.4809765692235,1037.8714008303
"BIGKAT _ P77 _ Right _ 1",-57.9976699483087,6.83843483078734,984.483810012539,-70.5975094780126,66.5859077573562,1038.37672180211
"BIGKAT _ P77 _ Right _ 1",-58.3063135205435,6.96366084319953,984.103600579011,-71.4346523996082,67.4520272522192,1038.75031780161
"BIGKAT _ P77 _ Right _ 1",-58.6294347797356,7.18451550484119,983.974099213157,-71.8116588849294,67.8434145635989,1038.83814936945
"BIGKAT _ P77 _ Right _ 1",-58.944034553372,7.51853271968246,984.188191520985,-71.5846754741857,67.5455451648765,1038.48340424943
"BIGKAT _ P77 _ Right _ 1",-59.2290482233344,7.96677986089519,984.803699232418,-70.6982589301134,66.4004671367112,1037.55658033166
"BIGKAT _ P77 _ Right _ 1",-59.4678718807064,8.51223881220383,985.829332790224,-69.1958275304333,64.3342114960065,1035.98358048393
"BIGKAT _ P77 _ Right _ 1",-59.6503529679684,9.12347491303012,987.21935319533,-67.2093988562748,61.373216446558,1033.76630415331
"BIGKAT _ P77 _ Right _ 1",-59.7731587963469,9.76137946546224,988.877936566107,-64.9331701703587,57.6483717307138,1030.9916548631
"BIGKAT _ P77 _ Right _ 1",-59.8379960104801,10.3860496819768,990.672064537929,-62.5882828248847,53.3852586109323,1027.82616957664
"BIGKAT _ P77 _ Right _ 1",-59.8482337184782,10.9617339842581,992.4504622505,-60.386163845209,48.8785666981152,1024.49488729115
"BIGKAT _ P77 _ Right _ 1",-59.805549615575,11.459438199587,994.065757087257,-58.4964503351543,44.4501568199198,1021.24553526048
"BIGKAT _ P77 _ Right _ 1",-59.7085230462541,11.8580382014439,995.396747008372,-57.024102294087,40.3955557001825,1018.30345890855
"BIGKAT _ P77 _ Right _ 1",-59.5541358905982,12.1448236415099,996.366800290037,-55.9992091987634,36.9310268470889,1015.82798480504
"BIGKAT _ P77 _ Right _ 1",-59.3413727615979,12.3156555458111,996.953824051881,-55.3812438305462,34.1574363310886,1013.88347948929
"BIGKAT _ P77 _ Right _ 1",-59.0748420170892,12.3743857441765,997.188588062433,-55.0764679965413,32.0533809225667,1012.43490869473
"BIGKAT _ P77 _ Right _ 1",-58.7664674443126,12.3313974787425,997.141712079025,-54.9638357675367,30.4995928919326,1011.36918452439
"BIGKAT _ P77 _ Right _ 1",-58.4344880425349,12.2016588053239,996.903420791995,-54.922810658807,29.3255939693151,1010.53479553724
"BIGKAT _ P77 _ Right _ 1",-58.1002848748583,12.0028568269211,996.562063643087,-54.8567687213137,28.3634514736641,1009.78728078861
"BIGKAT _ P77 _ Right _ 1",-57.7843218259008,11.7538516190965,996.186830865159,-54.7075380922456,27.4935481277598,1009.02790765674
"BIGKAT _ P77 _ Right _ 1",-57.5026660979065,11.4732347520274,995.817974770893,-54.4591647655819,26.671657083938,1008.22616548476
"BIGKAT _ P77 _ Right _ 1",-57.2652493746583,11.1776967795814,995.465346283426,-54.131570580839,25.9329185172538,1007.42187698228
"BIGKAT _ P77 _ Right _ 1",-57.0763374042034,10.8804126874405,995.113974428401,-53.7670827348592,25.3746865200939,1006.70863663934
"BIGKAT _ P77 _ Right _ 1",-56.9367627970678,10.5903531887571,994.734105679908,-53.4144290973481,25.1251432150205,1006.2053882401
"BIGKAT _ P77 _ Right _ 1",-56.8466845615414,10.3134811584408,994.292665520784,-53.1149957722195,25.3068349643889,1006.02528601448
"BIGKAT _ P77 _ Right _ 1",-56.8073734615069,10.0557521428865,993.763486736173,-52.8946131411607,26.0037288479832,1006.24962596685
"BIGKAT _ P77 _ Right _ 1",-56.8209769551155,9.82633001609667,993.134677389601,-52.7616452691487,27.2382994353504,1006.91113599944
"BIGKAT _ P77 _ Right _ 1",-56.888202149141,9.63867923352645,992.412611497945,-52.7100803597804,28.962778876772,1007.98790356737
"BIGKAT _ P77 _ Right _ 1",-57.0049149464937,9.50794245759315,991.622527789875,-52.7254387859112,31.0659744559989,1009.40765894345
"BIGKAT _ P77 _ Right _ 1",-57.1593468730667,9.44497978106642,990.805571026435,-52.7914257314983,33.3937155417249,1011.06106592453
"BIGKAT _ P77 _ Right _ 1",-57.331649139086,9.44960575218921,990.012110930341,-52.8957701623765,35.777855615829,1012.82121819641
"BIGKAT _ P77 _ Right _ 1",-57.4967955764379,9.50667470171218,989.292034062701,-53.034213669941,38.0669420904248,1014.56501933846
"BIGKAT _ P77 _ Right _ 1",-57.6304282033092,9.5878490638882,988.684123335548,-53.2120358322544,40.1515465936053,1016.19156099518
"BIGKAT _ P77 _ Right _ 1",-57.7157418734678,9.65923084342223,988.207572166976,-53.442916967202,41.978714363533,1017.63371973347
"BIGKAT _ P77 _ Right _ 1",-57.7487378789951,9.69190567057,987.858284975157,-53.7454534483174,43.5528480918223,1018.86164226195
"BIGKAT _ P77 _ Right _ 1",-57.7396212827463,9.67078682175922,987.610977693979,-54.1381948777977,44.9239826729305,1019.87935991598
"BIGKAT _ P77 _ Right _ 1",-57.709611660899,9.59804955409992,987.426201766412,-54.6344501138667,46.1676430810073,1020.71728877074
"BIGKAT _ P77 _ Right _ 1",-57.6842952679829,9.49027382062866,987.260256468482,-55.2381104297379,47.3621531241804,1021.42340138578
"BIGKAT _ P77 _ Right _ 1",-57.685988551834,9.37130634518672,987.075618273934,-55.9413522009332,48.5690425899982,1022.05474811299
"BIGKAT _ P77 _ Right _ 1",-57.7277813631767,9.26416482481465,986.849496738116,-56.7245757622381,49.8206177824433,1022.66964063349
"BIGKAT _ P77 _ Right _ 1",-57.8109605939205,9.18470364711042,986.578252136741,-57.5586585907,51.1166265696032,1023.32012473599
"BIGKAT _ P77 _ Right _ 1",-57.9259804120445,9.138177574969,986.27605263574,-58.4095970358598,52.4298898717763,1024.04474600814
"BIGKAT _ P77 _ Right _ 1",-58.0558984106758,9.11854430817784,985.967615200037,-59.2455607340687,53.7191296889815,1024.86270543742
"BIGKAT _ P77 _ Right _ 1",-58.1807892922626,9.10995962738496,985.676886351388,-60.0458613571663,54.9460027914173,1025.77149254248
"BIGKAT _ P77 _ Right _ 1",-58.2820173255422,9.09013402500164,985.415298566175,-60.8101030399103,56.0922652200094,1026.74997011985
"BIGKAT _ P77 _ Right _ 1",-58.3458954477166,9.03534454181939,985.173948248547,-61.5641729173478,57.1720014508175,1027.76707926131
"BIGKAT _ P77 _ Right _ 1",-58.3666505931434,8.92658672204853,984.923246053263,-62.3589004406293,58.2337037102323,1028.79350101966
"BIGKAT _ P77 _ Right _ 1",-58.348526897298,8.75582616254547,984.621514134549,-63.2584629696495,59.3487975931199,1029.81151784035
"BIGKAT _ P77 _ Right _ 1",-58.3065000161607,8.53099462085606,984.231301239947,-64.319128394558,60.5872326902219,1030.8183817803
"BIGKAT _ P77 _ Right _ 1",-58.2649159690655,8.27849539038375,983.739531559248,-65.5634124834233,61.9857679310391,1031.82077503257
"BIGKAT _ P77 _ Right _ 1",-58.2537523879533,8.04243755735131,983.17569153472,-66.9582380939963,63.5184923827165,1032.82150183816
"BIGKAT _ P77 _ Right _ 1",-58.3030486282197,7.88036209537737,982.621855662649,-68.4064096320345,65.0800267785051,1033.80303636891
"BIGKAT _ P77 _ Right _ 1",-58.4368819627504,7.85572796618744,982.209872037688,-69.7575107295446,66.4888364302599,1034.71446475744
"BIGKAT _ P77 _ Right _ 1",-58.6685485025525,8.02797966084943,982.104114349285,-70.8375740323211,67.5118610791082,1035.46762689223
"BIGKAT _ P77 _ Right _ 1",-58.998169938796,8.44168944184239,982.471939960288,-71.4891427004059,67.9047101148351,1035.94507684993
"BIGKAT _ P77 _ Right _ 1",-59.4130640639275,9.11681657553157,983.447399971785,-71.608549166222,67.4571546419036,1036.01841383534
"BIGKAT _ P77 _ Right _ 1",-59.8902837557319,10.042099425913,985.096027942271,-71.1682270058282,66.0334586285993,1035.57258544235
"BIGKAT _ P77 _ Right _ 1",-60.400030482164,11.1728497216638,987.389132875552,-70.2183191169798,63.6005230662579,1034.5309384049
"BIGKAT _ P77 _ Right _ 1",-60.9084918423757,12.4334277474193,990.194766520639,-68.870143971932,60.2410029866689,1032.87641921934
"BIGKAT _ P77 _ Right _ 1",-61.3793418211916,13.724124858806,993.289615908438,-67.2696581821075,56.1505201848201,1030.66487171167
"BIGKAT _ P77 _ Right _ 1",-61.7744862489681,14.9321731976411,996.391780285405,-65.569589130202,51.6174145604823,1028.02615025241
"BIGKAT _ P77 _ Right _ 1",-62.0556982288446,15.9464269411102,999.209084382199,-63.9058315645614,46.9833910801963,1025.14912081569
"BIGKAT _ P77 _ Right _ 1",-62.1885313226268,16.6741034907622,1001.49221781608,-62.3804350292948,42.5880502108175,1022.25012702731
"BIGKAT _ P77 _ Right _ 1",-62.1482576792004,17.0560958315905,1003.07869378577,-61.0521090094315,38.7092888008852,1019.53160511005
"BIGKAT _ P77 _ Right _ 1",-61.9257941311047,17.0763795026958,1003.91502002741,-59.9348919928267,35.5182412198438,1017.14406030064
"BIGKAT _ P77 _ Right _ 1",-61.5311447496646,16.7624364929522,1004.05142571188,-59.0047870198213,33.0645988366528,1015.16480653975
"BIGKAT _ P77 _ Right _ 1",-60.993069827837,16.1769495606424,1003.61320846543,-58.2124876263864,31.2959917290387,1013.59963278086
"BIGKAT _ P77 _ Right _ 1",-60.3553738543778,15.4041147576971,1002.76029576166,-57.498893606759,30.1013347370059,1012.40376862567
"BIGKAT _ P77 _ Right _ 1",-59.6711830935408,14.535007291706,1001.64862785398,-56.8098344799697,29.3603332711946,1011.51192550188
"BIGKAT _ P77 _ Right _ 1",-58.9965801741067,13.6554553306974,1000.40370930227,-56.1072192820308,28.9819456044316,1010.86598956724
"BIGKAT _ P77 _ Right _ 1",-58.3844469132627,12.8379123073598,999.110634735334,-55.3751302612316,28.9212428921466,1010.43206104183
"BIGKAT _ P77 _ Right _ 1",-57.878899626393,12.1370145159528,997.818741874057,-54.6206484131806,29.1732400247567,1010.20378993644
"BIGKAT _ P77 _ Right _ 1",-57.5105792266834,11.5875484392094,996.554708738534,-53.8701766455461,29.750656004604,1010.19425829035
"BIGKAT _ P77 _ Right _ 1",-57.2932479862503,11.2035917825036,995.336487680732,-53.162666902924,30.657559452112,1010.42225754918
"BIGKAT _ P77 _ Right _ 1",-57.2223712408349,10.9783806281257,994.18213434632,-52.541516889017,31.8707438784411,1010.89955420869
"BIGKAT _ P77 _ Right _ 1",-57.2763331029686,10.8854993696079,993.111344138542,-52.0469926157045,33.335617145345,1011.62361831359
"BIGKAT _ P77 _ Right _ 1",-57.4205819724374,10.8827099723055,992.14138457826,-51.7107134069888,34.9760181699534,1012.57666978378
"BIGKAT _ P77 _ Right _ 1",-57.6144723695693,10.9195766052527,991.281287173034,-51.5528434518727,36.7115138385692,1013.72874566177
"BIGKAT _ P77 _ Right _ 1",-57.8199423594214,10.9486997398786,990.528018918523,-51.5814301172429,38.4738797288595,1015.04125905733
"BIGKAT _ P77 _ Right _ 1",-58.0103543925303,10.9382004388244,989.866515272234,-51.7926484421059,40.2166050167291,1016.46861698103
"BIGKAT _ P77 _ Right _ 1",-58.1769890472207,10.8812447919332,989.27321304772,-52.171187557493,41.915559502244,1017.95809079852
"BIGKAT _ P77 _ Right _ 1",-58.3305167399808,10.7982692178906,988.721302172879,-52.6911831529708,43.5630318961326,1019.45039355668
"BIGKAT _ P77 _ Right _ 1",-58.4959936184182,10.729756045986,988.185745772424,-53.3187556705632,45.1593556906302,1020.8835085619
"BIGKAT _ P77 _ Right _ 1",-58.7023541160379,10.7210687833335,987.646740360471,-54.0167133147594,46.7059026324485,1022.20022010453
"BIGKAT _ P77 _ Right _ 1",-58.9698035158804,10.8041527787824,987.091063802839,-54.7508577464248,48.2014302352702,1023.35738809314
"BIGKAT _ P77 _ Right _ 1",-59.2996085560525,10.9822646954507,986.511388576859,-55.4965763720789,49.6420744759229,1024.33409544374
"BIGKAT _ P77 _ Right _ 1",-59.6699990180352,11.2229216171694,985.90407201549,-56.2443529226165,51.0243469294834,1025.1364671468
"BIGKAT _ P77 _ Right _ 1",-60.039675521415,11.4616312624356,985.266213606124,-57.0030121220854,52.3500220864923,1025.79805671581
"BIGKAT _ P77 _ Right _ 1",-60.3577954619732,11.6157417674469,984.59303136233,-57.7995239357426,53.6312331768374,1026.37543944484
"BIGKAT _ P77 _ Right _ 1",-60.5773060857545,11.6049188767731,983.876936935317,-58.6742496829787,54.8933952031222,1026.9392059073
"BIGKAT _ P77 _ Right _ 1",-60.667682699843,11.3730211927595,983.10980411316,-59.6711236247526,56.1733454133571,1027.56127089811
"BIGKAT _ P77 _ Right _ 1",-60.6235272103918,10.9057774685568,982.289273378548,-60.8236525866868,57.5110522111902,1028.30027784255
"BIGKAT _ P77 _ Right _ 1",-60.4667413384834,10.2395664198983,981.428266202796,-62.1395026865988,58.9355062423354,1029.187638998
"BIGKAT _ P77 _ Right _ 1",-60.2417029178119,9.45853738752727,980.564761229087,-63.5880442090325,60.4481358812338,1030.2170809164
"BIGKAT _ P77 _ Right _ 1",-60.0047872085564,8.68013231877888,979.767554508485,-65.0955239460799,62.0088469256771,1031.34010149258
"BIGKAT _ P77 _ Right _ 1",-59.8113782861715,8.03239603614411,979.134283054698,-66.5509246675291,63.5294397050976,1032.46848101038
"BIGKAT _ P77 _ Right _ 1",-59.7044855246429,7.62921761284684,978.780456733652,-67.8224013068287,64.8767685864959,1033.48347021054
"BIGKAT _ P77 _ Right _ 1",-59.7084247802133,7.55032858021647,978.821383331399,-68.7806535175997,65.8849667820279,1034.25011971456
"BIGKAT _ P77 _ Right _ 1",-59.8287823902343,7.8307833929737,979.351102259894,-69.3231560087924,66.3741051847913,1034.63460033055
"BIGKAT _ P77 _ Right _ 1",-60.0571862735626,8.46076545846058,980.42303090395,-69.392824270456,66.1725415102911,1034.52213067147
"BIGKAT _ P77 _ Right _ 1",-60.3777013996391,9.39301926707566,982.036269161517,-68.9866231266556,65.1412853431157,1033.83323014862
"BIGKAT _ P77 _ Right _ 1",-60.7717030213488,10.5536763981072,984.129962051596,-68.1531884570157,63.1995619839883,1032.53666930992
"BIGKAT _ P77 _ Right _ 1",-61.2195875517129,11.8529660238019,986.586285689454,-66.982218834053,60.3500634140228,1030.65850401011
"BIGKAT _ P77 _ Right _ 1",-61.6997016432538,13.194340791287,989.241241291684,-65.590152468726,56.6995057159631,1028.28680607219
"BIGKAT _ P77 _ Right _ 1",-62.1864018868866,14.4825411714025,991.902155767528,-64.1054823291623,52.4662254036133,1025.57020437703
"BIGKAT _ P77 _ Right _ 1",-62.6495962050625,15.6319004694995,994.371048245413,-62.654495726163,47.9650418748408,1022.70634424434
"BIGKAT _ P77 _ Right _ 1",-63.0573052533706,16.5753375775463,996.472168663512,-61.3470500103925,43.5641650750272,1019.91697937295
"BIGKAT _ P77 _ Right _ 1",-63.3810243841132,17.2726744069721,998.079309976321,-60.2632722690044,39.6198122631,1017.41150527609
"BIGKAT _ P77 _ Right _ 1",-63.6018715925815,17.7155786093458,999.13575566747,-59.4440498177602,36.4063203206336,1015.3480000133
"BIGKAT _ P77 _ Right _ 1",-63.7148159010045,17.9267087758193,999.659962968591,-58.8884292429215,34.0649430942411,1013.80479279917
"BIGKAT _ P77 _ Right _ 1",-63.7291368577682,17.9525035484415,999.734326332536,-58.5590165842856,32.5885562794235,1012.7725787297
"BIGKAT _ P77 _ Right _ 1",-63.6650064505536,17.8513871115165,999.480383706512,-58.3936882403246,31.8452830549472,1012.16889270796
"BIGKAT _ P77 _ Right _ 1",-63.5476081482951,17.6806696021896,999.028196681864,-58.3201728270331,31.6299978557919,1011.86859079027
"BIGKAT _ P77 _ Right _ 1",-63.400861250103,17.4855403014384,998.488543474725,-58.2699759717317,31.7253892482078,1011.73983179816
"BIGKAT _ P77 _ Right _ 1",-63.2426159718914,17.2925684851708,997.934488859847,-58.1891963045456,31.9548181453517,1011.67541720435
"BIGKAT _ P77 _ Right _ 1",-63.0824734900329,17.1086700892125,997.395383481847,-58.0451808672705,32.2148827373946,1011.61258508011
"BIGKAT _ P77 _ Right _ 1",-62.9225153483502,16.9250849608407,996.862779618806,-57.8290702003417,32.4831340166726,1011.53857739949
"BIGKAT _ P77 _ Right _ 1",-62.7604328115355,16.7248188017382,996.304952777504,-57.5548397567913,32.8034342802042,1011.48320240113
"BIGKAT _ P77 _ Right _ 1",-62.5939561563774,16.4913426453398,995.685054562554,-57.2555287698084,33.2566659582908,1011.50248969203
"BIGKAT _ P77 _ Right _ 1",-62.4251547162276,16.2161472113786,994.977526262699,-56.9772374625093,33.9271753156621,1011.65906639155
"BIGKAT _ P77 _ Right _ 1",-62.2631364392389,15.9030544300223,994.178343209691,-56.7714959647278,34.8750752643539,1012.00490291253
"BIGKAT _ P77 _ Right _ 1",-62.1239380486011,15.5679975323143,993.306866072812,-56.6869272770294,36.1212909816958,1012.57052238669
"BIGKAT _ P77 _ Right _ 1",-62.0269812556267,15.2341615028587,992.399979001317,-56.7615335803346,37.6469355440001,1013.36197890386
"BIGKAT _ P77 _ Right _ 1",-61.9883819361784,14.9236524982013,991.501615110232,-57.0169628553438,39.4034365335928,1014.36399306387
"BIGKAT _ P77 _ Right _ 1",-62.0125644087627,14.647957572889,990.651609471615,-57.4555789667524,41.3271245586629,1015.54606608932
"BIGKAT _ P77 _ Right _ 1",-62.0847869858049,14.4001392289759,989.877003853442,-58.0604606293364,43.3524721301602,1016.86878868884
"BIGKAT _ P77 _ Right _ 1",-62.1678342460778,14.1517649696005,989.187413935464,-58.7980705266466,45.4206642118739,1018.28901155276
"BIGKAT _ P77 _ Right _ 1",-62.2057081563328,13.8568076624219,988.574889236458,-59.623249442284,47.4829316345974,1019.7636462849
"BIGKAT _ P77 _ Right _ 1",-62.1353165084674,13.4630552593311,988.01807856451,-60.4860500416525,49.4999620106893,1021.25216830408
"BIGKAT _ P77 _ Right _ 1",-61.9041473441248,12.9290203361326,987.489919858994,-61.3395144682943,51.4394199979571,1022.71789671018
"BIGKAT _ P77 _ Right _ 1",-61.4887483342408,12.2415502807888,986.967050577733,-62.1469435148918,53.2734000803467,1024.12825875004
"BIGKAT _ P77 _ Right _ 1",-60.9071152866172,11.427642923441,986.438090501715,-62.8869564439336,54.9770313068361,1025.45452801933
"BIGKAT _ P77 _ Right _ 1",-60.2192903608108,10.5548572785259,985.9079150811,-63.5551673981604,56.5289096744428,1026.67187274786
"BIGKAT _ P77 _ Right _ 1",-59.5147147663601,9.71857099101572,985.396571116321,-64.1624643785055,57.9135221304418,1027.76070293313
"BIGKAT _ P77 _ Right _ 1",-58.8903018953057,9.01963872147654,984.933854411151,-64.7307789257818,59.1249503855419,1028.7097422823
"BIGKAT _ P77 _ Right _ 1",-58.4268492186473,8.53996144662526,984.552205788116,-65.2871250001326,60.1698698935528,1029.51982717875
"BIGKAT _ P77 _ Right _ 1",-58.1714437846578,8.32400470396298,984.280503224731,-65.855953644095,61.0670159805966,1030.20597725317
"BIGKAT _ P77 _ Right _ 1",-58.1304399378523,8.37146703925062,984.140018331549,-66.4498178763564,61.8410013672162,1030.79506735047
"BIGKAT _ P77 _ Right _ 1",-58.2734102595015,8.64191799205033,984.142589467537,-67.0597338190252,62.5108586709753,1031.31793516135
"BIGKAT _ P77 _ Right _ 1",-58.5450838187622,9.06839433497073,984.290712476274,-67.6486005069081,63.0767111296902,1031.79715556379
"BIGKAT _ P77 _ Right _ 1",-58.8806683460721,9.57493759245292,984.579397494545,-68.1517033796904,63.509602278106,1032.23367805714
"BIGKAT _ P77 _ Right _ 1",-59.2202039255292,10.0930779225136,984.999480430726,-68.4864386403808,63.7485511364262,1032.59626461186
"BIGKAT _ P77 _ Right _ 1",-59.5190803011545,10.5737041969872,985.541362518918,-68.569570280702,63.7059008046645,1032.81714142806
"BIGKAT _ P77 _ Right _ 1",-59.7535144438395,10.9926584878595,986.197462910714,-68.3367105657604,63.2789647299799,1032.79589098071
"BIGKAT _ P77 _ Right _ 1",-59.9209116792305,11.3500227833043,986.961843667876,-67.757510408972,62.3647572010857,1032.41196664582
"BIGKAT _ P77 _ Right _ 1",-60.035682575444,11.6641766715294,987.826726751594,-66.8420892419287,60.875684091095,1031.54487727923
"BIGKAT _ P77 _ Right _ 1",-60.1216201896791,11.962371091272,988.777235911291,-65.6383281184211,58.7561253902805,1030.10004714655
"BIGKAT _ P77 _ Right _ 1",-60.2025142531718,12.2699634959312,989.786632182279,-64.2231206875079,56.0004840823323,1028.03680044502
"BIGKAT _ P77 _ Right _ 1",-60.2932897080797,12.6007683527798,990.814215826885,-62.6913325937998,52.6708730498496,1025.39234825656
"BIGKAT _ P77 _ Right _ 1",-60.3943350811124,12.9511076526561,991.807293487869,-61.1443977969293,48.9082862150087,1022.29338626235
"BIGKAT _ P77 _ Right _ 1",-60.4911323794043,13.2995726670613,992.707443729676,-59.6786678896393,44.9287031570686,1018.94769236081
"BIGKAT _ P77 _ Right _ 1",-60.5594162160915,13.6128037935461,993.459852110566,-58.3737240171732,40.9985095906441,1015.61350730963
"BIGKAT _ P77 _ Right _ 1",-60.5736788432579,13.855276803471,994.023228870025,-57.2823306171652,37.3914146652067,1012.55269834309
"BIGKAT _ P77 _ Right _ 1",-60.5154362033384,13.9994785435554,994.37750751828,-56.4246328405493,34.3375122060823,1009.98047953097
"BIGKAT _ P77 _ Right _ 1",-60.3781338774971,14.03294802794,994.527290800872,-55.788445807097,31.9795509096676,1008.02619333126
"BIGKAT _ P77 _ Right _ 1",-60.1674377179847,13.960281340036,994.50036614372,-55.3355384848412,30.3495172369246,1006.71564998135
"BIGKAT _ P77 _ Right _ 1",-59.8977186929216,13.8003104903101,994.341996787262,-55.01193605695,29.3713507452263,1005.97789496213
"BIGKAT _ P77 _ Right _ 1",-59.586793132861,13.5802058594848,994.106651799287,-54.7593744649689,28.8867662302102,1005.67157415082
"BIGKAT _ P77 _ Right _ 1",-59.2511222226947,13.3287555106416,993.849059374814,-54.5253049373418,28.6949384322929,1005.62143408396
"BIGKAT _ P77 _ Right _ 1",-58.9030227842736,13.0707081663723,993.616026154724,-54.2698597262939,28.59519455114,1005.65505772327
"BIGKAT _ P77 _ Right _ 1",-58.5504750276604,12.8232691931497,993.439784788843,-53.9693653559659,28.4239701118248,1005.63259972236
"BIGKAT _ P77 _ Right _ 1",-58.1991844790239,12.5950042627258,993.333145459513,-53.6168688926107,28.0808820229187,1005.46600325631
"BIGKAT _ P77 _ Right _ 1",-57.8558675360964,12.3867713049934,993.286628907537,-53.2205283263151,27.5419833555063,1005.12728937934
"BIGKAT _ P77 _ Right _ 1",-57.5313916397373,12.1939582415865,993.267976182801,-52.8006528032883,26.860235059445,1004.64724379349
"BIGKAT _ P77 _ Right _ 1",-57.2424546361727,12.0092333753188,993.224704536608,-52.3858603406392,26.1540488308324,1004.10624118201
"BIGKAT _ P77 _ Right _ 1",-57.0109184590998,11.8251359107678,993.090381573874,-52.0085043112831,25.5851040265174,1003.61863999876
"BIGKAT _ P77 _ Right _ 1",-56.8606408532438,11.636045483842,992.794759205206,-51.6994233719127,25.3273589650783,1003.31194204111
"BIGKAT _ P77 _ Right _ 1",-56.8125133451447,11.4392857114048,992.276783853662,-51.4822980986946,25.5308166949786,1003.30238182064
"BIGKAT _ P77 _ Right _ 1",-56.8791431885123,11.235284988901,991.498032761569,-51.3683930376637,26.2860610308087,1003.66998731521
"BIGKAT _ P77 _ Right _ 1",-57.0608491112193,11.0268265003161,990.45294650236,-51.3529890870248,27.597879918076,1004.43800076633
"BIGKAT _ P77 _ Right _ 1",-57.3441188577651,10.8175069297709,989.172241900604,-51.4150131607205,29.3767769175668,1005.56279524297
"BIGKAT _ P77 _ Right _ 1",-57.7026165686356,10.609676560872,987.717784870438,-51.5209331870768,31.4542443753354,1006.93966334064
"BIGKAT _ P77 _ Right _ 1",-58.0999587074321,10.4024073563052,986.170539653525,-51.6328154596734,33.6209967344546,1008.42606130884
"BIGKAT _ P77 _ Right _ 1",-58.4933958138703,10.1902992018403,984.616069141608,-51.7187968140629,35.6787907680753,1009.87750506477
"BIGKAT _ P77 _ Right _ 1",-58.8380635942431,9.9638636038782,983.132385248521,-51.7627787708055,37.4898558233269,1011.1850198981
"BIGKAT _ P77 _ Right _ 1",-59.0918677819998,9.71159584028899,981.782581934147,-51.7698537773294,39.0073547882263,1012.30083062539
"BIGKAT _ P77 _ Right _ 1",-59.2208478080555,9.42288779338804,980.611586623358,-51.7654189914521,40.2770410960981,1013.24317987816
"BIGKAT _ P77 _ Right _ 1",-59.2042042363585,9.09031415721184,979.64478429243,-51.7886103187456,41.4114912158091,1014.08004374466
"BIGKAT _ P77 _ Right _ 1",-59.0376948709399,8.71016125712537,978.886964182182,-51.8831141412528,42.5484546542654,1014.90017225527
"BIGKAT _ P77 _ Right _ 1",-58.7343209616113,8.28129454178636,978.32193830502,-52.0892111825605,43.8092661606457,1015.78376780235
"BIGKAT _ P77 _ Right _ 1",-58.322144342029,7.8037358116207,977.914453331373,-52.4397342132528,45.2705668023565,1016.78295464129
"BIGKAT _ P77 _ Right _ 1",-57.8401470710015,7.27868640847168,977.615693157552,-52.9602355795352,46.9551169428328,1017.91618107348
"BIGKAT _ P77 _ Right _ 1",-57.3335398586975,6.71088506908988,977.372223185471,-53.6714225402655,48.8395546448886,1019.17447309599
"BIGKAT _ P77 _ Right _ 1",-56.8495427111443,6.11265509869698,977.136730243027,-54.5910755922563,50.8720730489583,1020.53386929627
"BIGKAT _ P77 _ Right _ 1",-56.4337599544301,5.50768958025461,976.878060710736,-55.733523315991,52.9920095545463,1021.96820453853
"BIGKAT _ P77 _ Right _ 1",-56.1265256380019,4.93223774314554,976.588013152907,-57.1063901447458,55.1449828156225,1023.45838075157
"BIGKAT _ P77 _ Right _ 1",-55.9585407741024,4.43202048636203,976.283019088085,-58.705573713266,57.2900442140199,1024.99639802838
"BIGKAT _ P77 _ Right _ 1",-55.9458974550641,4.05460170782659,976.000069897629,-60.509992816723,59.3986336802383,1026.5838836707
"BIGKAT _ P77 _ Right _ 1",-56.0857535531886,3.83863510307985,975.787684540118,-62.4780307301724,61.4482651378173,1028.22605173325
"BIGKAT _ P77 _ Right _ 1",-56.3546152093049,3.80292577372721,975.693923296963,-64.5477566639882,63.4155901359096,1029.92320462331
"BIGKAT _ P77 _ Right _ 1",-56.7107508841043,3.93898948776475,975.754154106927,-66.6422289781529,65.2728103561514,1031.6625727571
"BIGKAT _ P77 _ Right _ 1",-57.1008766932577,4.21020155331188,975.98147689026,-68.6791153038753,66.9886298508857,1033.41298611873
"BIGKAT _ P77 _ Right _ 1",-57.4697351133171,4.55867912042703,976.36244911148,-70.5813058707592,68.5316281323115,1035.12367698436
"BIGKAT _ P77 _ Right _ 1",-57.7702590853197,4.91844580212915,976.85983455654,-72.2837622614695,69.8720620924224,1036.72698171345
"BIGKAT _ P77 _ Right _ 1",-57.971881352295,5.23125460231074,977.422334975386,-73.7329507364807,70.9790158862268,1038.14357740857
"BIGKAT _ P77 _ Right _ 1",-58.0650728129294,5.4605228340053,977.998943394009,-74.8790421184116,71.8133534386545,1039.28883984856
"BIGKAT _ P77 _ Right _ 1",-58.0611669613943,5.59937685704088,978.553480773756,-75.6660101319753,72.3211646725224,1040.08004790688
"BIGKAT _ P77 _ Right _ 1",-57.9877418840428,5.67048326739503,979.074112411363,-76.0278968495111,72.4345840976306,1040.44553040853
"BIGKAT _ P77 _ Right _ 1",-57.8809697885353,5.71762041663229,979.573944249966,-75.898226415379,72.0850792887282,1040.33695192471
"BIGKAT _ P77 _ Right _ 1",-57.7769985038325,5.7913055104448,980.081932050502,-75.2334362912092,71.228707286491,1039.74405975939
"BIGKAT _ P77 _ Right _ 1",-57.704402186958,5.93270023548119,980.627155880896,-74.0428080568407,69.8757375770341,1038.70817657866
"BIGKAT _ P77 _ Right _ 1",-57.6792364197512,6.1608305919065,981.222595649848,-72.41116365367,68.1119632580768,1037.32833539487
"BIGKAT _ P77 _ Right _ 1",-57.7035546146849,6.46729764545921,981.855375844501,-70.500665115917,66.0992903112291,1035.75410222693
"BIGKAT _ P77 _ Right _ 1",-57.7674324214666,6.82005667788027,982.487923498884,-68.5258130462995,64.0502956792371,1034.1629256597
