"fileName","thumb_y","thumb_x","thumb_z","finger_y","finger_x","finger_z"
"OPTOTRAK _ C14 _ Right _ 2",127.834470610877,-244.00804878202,-2504.25351499837,215.261735401294,-206.271438937486,-2549.39131780551
"OPTOTRAK _ C14 _ Right _ 2",127.861692888156,-243.988122925392,-2504.24101441586,215.321092421321,-206.26826583474,-2549.37308882851
"OPTOTRAK _ C14 _ Right _ 2",127.895723283246,-243.960579225078,-2504.21988766258,215.393373416579,-206.256846597567,-2549.34451022298
"OPTOTRAK _ C14 _ Right _ 2",127.935150240221,-243.926140179579,-2504.18951789661,215.47353897221,-206.235294988122,-2549.30479718074
"OPTOTRAK _ C14 _ Right _ 2",127.978067000883,-243.886675975849,-2504.15091325743,215.555582692162,-206.202857294852,-2549.25424882553
"OPTOTRAK _ C14 _ Right _ 2",128.022361923366,-243.845098139762,-2504.10694902713,215.633777455231,-206.160151193432,-2549.19430229842
"OPTOTRAK _ C14 _ Right _ 2",128.065948223802,-243.804994266963,-2504.06208548605,215.703631513744,-206.109088415681,-2549.12741627456
"OPTOTRAK _ C14 _ Right _ 2",128.106863405826,-243.770037111636,-2504.02151999045,215.762216148297,-206.052475283105,-2549.05678096523
"OPTOTRAK _ C14 _ Right _ 2",128.143225460953,-243.743309142633,-2503.99000156291,215.807851101066,-205.993396890809,-2548.98588201998
"OPTOTRAK _ C14 _ Right _ 2",128.173111934542,-243.726745818292,-2503.97072740186,215.839450357206,-205.934594742793,-2548.91801548405
"OPTOTRAK _ C14 _ Right _ 2",128.194496949795,-243.720872294333,-2503.96473429292,215.855964527704,-205.878082710117,-2548.85591784087
"OPTOTRAK _ C14 _ Right _ 2",128.205388190379,-243.724907928312,-2503.97100626989,215.856268969736,-205.825163238207,-2548.80165578742
"OPTOTRAK _ C14 _ Right _ 2",128.204230066174,-243.737185131857,-2503.98723363524,215.839612935177,-205.776818646802,-2548.75678156133
"OPTOTRAK _ C14 _ Right _ 2",128.190514498721,-243.755709965112,-2504.01088271039,215.806467025901,-205.734252164337,-2548.72258377319
"OPTOTRAK _ C14 _ Right _ 2",128.165421768612,-243.778623069408,-2504.04008558295,215.759383661882,-205.699260053216,-2548.70019366281
"OPTOTRAK _ C14 _ Right _ 2",128.132242423323,-243.804354011364,-2504.07393202691,215.703413584571,-205.6741903306,-2548.69040638637
"OPTOTRAK _ C14 _ Right _ 2",128.096336610575,-243.831419808002,-2504.11204288944,215.645753897085,-205.661437790387,-2548.69326645149
"OPTOTRAK _ C14 _ Right _ 2",128.064492115798,-243.858035672859,-2504.15369499066,215.594598612156,-205.662630264041,-2548.70760980324
"OPTOTRAK _ C14 _ Right _ 2",128.04374109453,-243.881849130072,-2504.19704363685,215.557490773848,-205.677790322554,-2548.73078202864
"OPTOTRAK _ C14 _ Right _ 2",128.039922099547,-243.900064598373,-2504.23897192296,215.53968373309,-205.704778444427,-2548.75868201212
"OPTOTRAK _ C14 _ Right _ 2",128.056415267165,-243.910000414668,-2504.27575706526,215.543012432621,-205.739244854327,-2548.7861690564
"OPTOTRAK _ C14 _ Right _ 2",128.093446805525,-243.909852332935,-2504.30426314402,215.565567472409,-205.775165267922,-2548.80776434738
"OPTOTRAK _ C14 _ Right _ 2",128.148162662348,-243.899301415791,-2504.32304763039,215.602174646667,-205.805856731742,-2548.8184988207
"OPTOTRAK _ C14 _ Right _ 2",128.215409795502,-243.87968060553,-2504.33281403148,215.645457967946,-205.825224265428,-2548.81472394298
"OPTOTRAK _ C14 _ Right _ 2",128.288951796646,-243.853638888659,-2504.33600992117,215.687183798914,-205.828930957089,-2548.79472065437
"OPTOTRAK _ C14 _ Right _ 2",128.36274750408,-243.824474839996,-2504.33581320974,215.719624668578,-205.815228105455,-2548.75900546186
"OPTOTRAK _ C14 _ Right _ 2",128.431946394345,-243.795441606502,-2504.33502767318,215.736763426486,-205.78529226447,-2548.71030603514
"OPTOTRAK _ C14 _ Right _ 2",128.493385110054,-243.769310432486,-2504.3354192249,215.735212780232,-205.743036319779,-2548.65323040009
"OPTOTRAK _ C14 _ Right _ 2",128.545561408151,-243.748330076271,-2504.33779279574,215.714735365886,-205.6944554327,-2548.59368265829
"OPTOTRAK _ C14 _ Right _ 2",128.58824141922,-243.734496002287,-2504.34274077816,215.678249305031,-205.646630776873,-2548.53809705922
"OPTOTRAK _ C14 _ Right _ 2",128.621951979474,-243.729857883471,-2504.35164807794,215.631245245226,-205.606554609578,-2548.49257661136
"OPTOTRAK _ C14 _ Right _ 2",128.647591378113,-243.736560535909,-2504.36738084323,215.580650086563,-205.57996637151,-2548.46203612039
"OPTOTRAK _ C14 _ Right _ 2",128.666275416931,-243.756467074607,-2504.39420045842,215.533328598724,-205.570398232442,-2548.44946751837
"OPTOTRAK _ C14 _ Right _ 2",128.679376750611,-243.790470208158,-2504.43678256044,215.494554177421,-205.578608690862,-2548.45545569111
"OPTOTRAK _ C14 _ Right _ 2",128.688598663893,-243.837803243515,-2504.49862609641,215.466830567888,-205.602524089379,-2548.47805168167
"OPTOTRAK _ C14 _ Right _ 2",128.695918481451,-243.895698382148,-2504.58043327762,215.449368965356,-205.637712544163,-2548.51305260931
"OPTOTRAK _ C14 _ Right _ 2",128.703333551433,-243.959603567988,-2504.67911309816,215.438346730656,-205.678301688557,-2548.5546639733
"OPTOTRAK _ C14 _ Right _ 2",128.712465348429,-244.023955183998,-2504.78788249837,215.42786357972,-205.718147996162,-2548.59644864574
"OPTOTRAK _ C14 _ Right _ 2",128.724150731185,-244.083316911128,-2504.89756396916,215.411329943421,-205.751997884557,-2548.63240412097
"OPTOTRAK _ C14 _ Right _ 2",128.738162052936,-244.133581298609,-2504.99873204249,215.382919730382,-205.776376072575,-2548.65796682712
"OPTOTRAK _ C14 _ Right _ 2",128.753176771503,-244.172888339931,-2505.08401679648,215.33874023625,-205.790015448907,-2548.67074300475
"OPTOTRAK _ C14 _ Right _ 2",128.76707225439,-244.201953237489,-2505.14978577237,215.277510212972,-205.793787206637,-2548.67081938822
"OPTOTRAK _ C14 _ Right _ 2",128.777537697173,-244.223646442168,-2505.19665346401,215.200712059013,-205.790228458702,-2548.66058979206
"OPTOTRAK _ C14 _ Right _ 2",128.782875809102,-244.241925643339,-2505.2287196732,215.112308317127,-205.782827184411,-2548.64411702309
"OPTOTRAK _ C14 _ Right _ 2",128.782758793175,-244.260478955032,-2505.25190474978,215.018164565201,-205.775214107916,-2548.62613376032
"OPTOTRAK _ C14 _ Right _ 2",128.778670967057,-244.281554382278,-2505.27201828941,214.925319013548,-205.770387350348,-2548.6108794575
"OPTOTRAK _ C14 _ Right _ 2",128.773852738671,-244.305352091885,-2505.29318432945,214.84119832119,-205.770093352254,-2548.60104575599
"OPTOTRAK _ C14 _ Right _ 2",128.772735600029,-244.33010727013,-2505.3170226873,214.772826701963,-205.77448397108,-2548.59710711253
"OPTOTRAK _ C14 _ Right _ 2",128.780040515513,-244.352732889079,-2505.34268764578,214.726055544533,-205.782129281772,-2548.59722255365
"OPTOTRAK _ C14 _ Right _ 2",128.799808112222,-244.369735931194,-2505.36759307798,214.704864223884,-205.790386361498,-2548.59773864896
"OPTOTRAK _ C14 _ Right _ 2",128.834606255598,-244.378101292135,-2505.38847358284,214.710813867639,-205.796032757164,-2548.59415542055
"OPTOTRAK _ C14 _ Right _ 2",128.885062508174,-244.375925844809,-2505.40240207331,214.742749508103,-205.795999743749,-2548.58228178094
"OPTOTRAK _ C14 _ Right _ 2",128.949764806026,-244.362717190828,-2505.40750657504,214.7968523096,-205.78801135769,-2548.55924764566
"OPTOTRAK _ C14 _ Right _ 2",129.025505672326,-244.339376176882,-2505.40330464227,214.86713374206,-205.770969212148,-2548.52409036118
"OPTOTRAK _ C14 _ Right _ 2",129.10781279126,-244.307928693777,-2505.39069417731,214.946385987259,-205.74501476081,-2548.47778719267
"OPTOTRAK _ C14 _ Right _ 2",129.191689545097,-244.271092128225,-2505.37169916991,215.027443511806,-205.711312967888,-2548.42280187652
"OPTOTRAK _ C14 _ Right _ 2",129.272472045978,-244.231792475998,-2505.34912568774,215.104461069877,-205.671687071334,-2548.36236881197
"OPTOTRAK _ C14 _ Right _ 2",129.346695644075,-244.192769581373,-2505.32632782421,215.173887789956,-205.628263951092,-2548.29979403675
"OPTOTRAK _ C14 _ Right _ 2",129.412842255033,-244.156369721136,-2505.30722133467,215.2349161556,-205.583256908774,-2548.23799074205
"OPTOTRAK _ C14 _ Right _ 2",129.471799086097,-244.124521802252,-2505.29646678199,215.289308257571,-205.538926999081,-2548.1793205193
"OPTOTRAK _ C14 _ Right _ 2",129.526838632304,-244.098784429215,-2505.29948616747,215.340591896286,-205.497657375085,-2548.12565767735
"OPTOTRAK _ C14 _ Right _ 2",129.583000826299,-244.080308232757,-2505.32189648548,215.392721359842,-205.461999994509,-2548.07851369449
"OPTOTRAK _ C14 _ Right _ 2",129.645930397569,-244.069615829375,-2505.36817918025,215.448462768,-205.434551799456,-2548.03907616393
"OPTOTRAK _ C14 _ Right _ 2",129.720410563126,-244.066239676178,-2505.43986747453,215.507944555771,-205.417591014949,-2548.00809561408
"OPTOTRAK _ C14 _ Right _ 2",129.808943377704,-244.068407396691,-2505.53395053588,215.567887716359,-205.412524802236,-2547.985649263
"OPTOTRAK _ C14 _ Right _ 2",129.910734025125,-244.073037336191,-2505.64230101626,215.621903807718,-205.419321947005,-2547.97089663986
"OPTOTRAK _ C14 _ Right _ 2",130.021370335019,-244.076239335567,-2505.75264233506,215.66192861569,-205.436173130076,-2547.96199169787
"OPTOTRAK _ C14 _ Right _ 2",130.13336800947,-244.074304942875,-2505.8509964195,215.680453628415,-205.459588603108,-2547.95629189196
"OPTOTRAK _ C14 _ Right _ 2",130.237566271444,-244.06490194767,-2505.92493750244,215.672883170907,-205.48500152201,-2547.95089036173
"OPTOTRAK _ C14 _ Right _ 2",130.325115299834,-244.048010724837,-2505.9666056303,215.639223973467,-205.507748113526,-2547.94333687947
"OPTOTRAK _ C14 _ Right _ 2",130.389570419204,-244.026182556522,-2505.97449706934,215.584478957956,-205.524137755493,-2547.93229958468
"OPTOTRAK _ C14 _ Right _ 2",130.428518682695,-244.003963750768,-2505.95352952434,215.517538442085,-205.532288113983,-2547.91792891849
"OPTOTRAK _ C14 _ Right _ 2",130.444281863146,-243.986673890196,-2505.91353408368,215.448903318423,-205.53249547916,-2547.90181092635
"OPTOTRAK _ C14 _ Right _ 2",130.443517336963,-243.978969552971,-2505.86682028184,215.388024805255,-205.52707220299,-2547.88655017646
"OPTOTRAK _ C14 _ Right _ 2",130.435847529391,-243.983657109346,-2505.82558436759,215.341193575117,-205.519720179101,-2547.87510872315
"OPTOTRAK _ C14 _ Right _ 2",130.431883595452,-244.001055965566,-2505.79972693703,215.310664332426,-205.514583419066,-2547.87003140027
"OPTOTRAK _ C14 _ Right _ 2",130.441130578746,-244.028977237483,-2505.79535092639,215.295173592086,-205.51516818358,-2547.87267543505
"OPTOTRAK _ C14 _ Right _ 2",130.470265632142,-244.063211088033,-2505.81403518672,215.291468874174,-205.523371983629,-2547.88259158871
"OPTOTRAK _ C14 _ Right _ 2",130.522169387384,-244.098362645373,-2505.85293503003,215.29616379365,-205.538893858688,-2547.8972460841
"OPTOTRAK _ C14 _ Right _ 2",130.595886565634,-244.128882316856,-2505.90570702999,215.307245438795,-205.55924287381,-2547.91224880917
"OPTOTRAK _ C14 _ Right _ 2",130.687456716985,-244.150115887905,-2505.96408626883,215.324809722331,-205.580400321081,-2547.92213087156
"OPTOTRAK _ C14 _ Right _ 2",130.791354770822,-244.159150891672,-2506.01972166836,215.350941023504,-205.597978021346,-2547.92153820973
"OPTOTRAK _ C14 _ Right _ 2",130.902146313557,-244.1552418021,-2506.06576974126,215.388940967872,-205.608539466723,-2547.90655491724
"OPTOTRAK _ C14 _ Right _ 2",131.015913355247,-244.139719357677,-2506.09786929204,215.442259196889,-205.61068564414,-2547.87580078186
"OPTOTRAK _ C14 _ Right _ 2",131.131073511873,-244.115484753258,-2506.11441174932,215.513484591362,-205.605582672277,-2547.83098847787
"OPTOTRAK _ C14 _ Right _ 2",131.248403992259,-244.086338487964,-2506.11630298969,215.603665961636,-205.596796175947,-2547.7767677295
"OPTOTRAK _ C14 _ Right _ 2",131.37032665399,-244.056402091344,-2506.1065165814,215.7120825185,-205.589516552338,-2547.71988236341
"OPTOTRAK _ C14 _ Right _ 2",131.499714140894,-244.029762778833,-2506.08963719363,215.83641549268,-205.589418341436,-2547.66785212963
"OPTOTRAK _ C14 _ Right _ 2",131.638588011935,-244.010302211788,-2506.07141119534,215.973166239452,-205.601453678976,-2547.62750129832
"OPTOTRAK _ C14 _ Right _ 2",131.787100992054,-244.001571761946,-2506.05821847523,216.118190315937,-205.628854910388,-2547.60366923502
"OPTOTRAK _ C14 _ Right _ 2",131.943127610414,-244.006591986986,-2506.05641054967,216.267317645627,-205.672554766072,-2547.59837787982
"OPTOTRAK _ C14 _ Right _ 2",132.102615619044,-244.027546142419,-2506.0715616985,216.417063863225,-205.731142537879,-2547.61062850313
"OPTOTRAK _ C14 _ Right _ 2",132.260600726294,-244.065440565852,-2506.10776520016,216.56533915395,-205.801361943237,-2547.63686795354
"OPTOTRAK _ C14 _ Right _ 2",132.412551679001,-244.119870737343,-2506.16713661214,216.711916551711,-205.879029840292,-2547.67201470056
"OPTOTRAK _ C14 _ Right _ 2",132.555597755274,-244.189030266517,-2506.24965659946,216.858382336915,-205.960143361959,-2547.71079969356
"OPTOTRAK _ C14 _ Right _ 2",132.689248516924,-244.270017885699,-2506.35339981177,217.007429767794,-206.041883993572,-2547.74909411846
"OPTOTRAK _ C14 _ Right _ 2",132.815415075967,-244.359369172454,-2506.47507808841,217.161624422476,-206.123250015926,-2547.78488799393
"OPTOTRAK _ C14 _ Right _ 2",132.937788357606,-244.453644178909,-2506.61073140671,217.322039981483,-206.205159017149,-2547.81866400778
"OPTOTRAK _ C14 _ Right _ 2",133.060824710504,-244.549895681093,-2506.75637260106,217.487303897758,-206.290029138313,-2547.85308129541
"OPTOTRAK _ C14 _ Right _ 2",133.188678636079,-244.645911152844,-2506.90842907951,217.653514450509,-206.381006429133,-2547.89209676723
"OPTOTRAK _ C14 _ Right _ 2",133.32438905796,-244.740214152188,-2507.06390194522,217.815185555029,-206.481086992331,-2547.93981248551
"OPTOTRAK _ C14 _ Right _ 2",133.469478260304,-244.83189438267,-2507.22026584838,217.966934612066,-206.592359803802,-2547.99937854914
"OPTOTRAK _ C14 _ Right _ 2",133.623923699529,-244.920394291413,-2507.37524279379,218.105241271319,-206.715506336736,-2548.07221766451
"OPTOTRAK _ C14 _ Right _ 2",133.786321997264,-245.005390201391,-2507.52665403123,218.229492901711,-206.849602882795,-2548.15773011684
"OPTOTRAK _ C14 _ Right _ 2",133.954057379194,-245.086847041507,-2507.67252809275,218.341806970292,-206.992214459511,-2548.25351515959
"OPTOTRAK _ C14 _ Right _ 2",134.123393646995,-245.165211736777,-2507.81149574563,218.445674532049,-207.13973136327,-2548.35600398761
"OPTOTRAK _ C14 _ Right _ 2",134.289545801773,-245.241596722814,-2507.94329400623,218.544023892747,-207.287867559761,-2548.46127157076
"OPTOTRAK _ C14 _ Right _ 2",134.446874274934,-245.317762315348,-2508.06907060908,218.637572760246,-207.432226966868,-2548.56575464474
"OPTOTRAK _ C14 _ Right _ 2",134.589332183603,-245.395776883047,-2508.19123379981,218.724180967165,-207.568851546808,-2548.66668876511
"OPTOTRAK _ C14 _ Right _ 2",134.711175269784,-245.477394997614,-2508.31279129639,218.799415930667,-207.694671866904,-2548.76223419495
"OPTOTRAK _ C14 _ Right _ 2",134.807770610295,-245.563364194523,-2508.43633820825,218.857974973069,-207.8077818377,-2548.85138817666
"OPTOTRAK _ C14 _ Right _ 2",134.876230156646,-245.652956187913,-2508.56301081568,218.895287148889,-207.907483283067,-2548.93381719319
"OPTOTRAK _ C14 _ Right _ 2",134.915648026539,-245.74396426187,-2508.69180438472,218.908685966847,-207.994110255525,-2549.00969976762
"OPTOTRAK _ C14 _ Right _ 2",134.926919393889,-245.833229960586,-2508.81960749317,218.897887123538,-208.068718955565,-2549.07960682642
"OPTOTRAK _ C14 _ Right _ 2",134.912325434885,-245.91753843241,-2508.94207039226,218.864857570806,-208.132766025964,-2549.14440927026
"OPTOTRAK _ C14 _ Right _ 2",134.875136689325,-245.994558634525,-2509.05505220244,218.813314861362,-208.187870838084,-2549.20519439856
"OPTOTRAK _ C14 _ Right _ 2",134.819383813276,-246.063479779741,-2509.15607340866,218.748036600871,-208.235684342086,-2549.26316934574
"OPTOTRAK _ C14 _ Right _ 2",134.749768147347,-246.125119221233,-2509.24514450982,218.674055762974,-208.277812626278,-2549.31951701469
"OPTOTRAK _ C14 _ Right _ 2",134.67157307824,-246.181488392548,-2509.32461772005,218.595836277803,-208.315712880482,-2549.37516751108
"OPTOTRAK _ C14 _ Right _ 2",134.590457438374,-246.235001770474,-2509.39817553274,218.516650697201,-208.350514994221,-2549.43048546563
"OPTOTRAK _ C14 _ Right _ 2",134.512118996052,-246.287614046419,-2509.4694524132,218.438437285974,-208.382802742584,-2549.4849477217
"OPTOTRAK _ C14 _ Right _ 2",134.44190805111,-246.340151047832,-2509.54086999338,218.362254679124,-208.41245521172,-2549.53694912811
"OPTOTRAK _ C14 _ Right _ 2",134.384480872107,-246.392001482781,-2509.61305437992,218.289136799134,-208.438646089952,-2549.58387064028
"OPTOTRAK _ C14 _ Right _ 2",134.343522155529,-246.441217672676,-2509.6848806073,218.220894809857,-208.460024037502,-2549.62245727045
"OPTOTRAK _ C14 _ Right _ 2",134.321503087412,-246.484973180034,-2509.75395484338,218.160403673023,-208.475010270955,-2549.64942573827
"OPTOTRAK _ C14 _ Right _ 2",134.319442917811,-246.520260594818,-2509.81729198504,218.111165831106,-208.482118886508,-2549.66213063765
"OPTOTRAK _ C14 _ Right _ 2",134.336717940105,-246.544683978315,-2509.87203827165,218.076319554526,-208.480247361204,-2549.65911951448
"OPTOTRAK _ C14 _ Right _ 2",134.371051681501,-246.557192661661,-2509.91620510939,218.057552989721,-208.46894388626,-2549.64048298104
"OPTOTRAK _ C14 _ Right _ 2",134.418831281049,-246.558599522014,-2509.94939546243,218.05444205515,-208.448662808958,-2549.60798012426
"OPTOTRAK _ C14 _ Right _ 2",134.475779006197,-246.551731158326,-2509.97338419332,218.064521058572,-208.420959344618,-2549.56493959496
"OPTOTRAK _ C14 _ Right _ 2",134.537816277306,-246.54109656579,-2509.99226586044,218.084042445785,-208.388513125403,-2549.51592144382
"OPTOTRAK _ C14 _ Right _ 2",134.601818822936,-246.532060440135,-2510.0118812831,218.109086943141,-208.354874887353,-2549.46612702952
"OPTOTRAK _ C14 _ Right _ 2",134.665978852336,-246.529661234496,-2510.03846630797,218.136584082874,-208.323910307722,-2549.4205916439
"OPTOTRAK _ C14 _ Right _ 2",134.729657491886,-246.537370970667,-2510.0768430967,218.16489750111,-208.299026358554,-2549.38327406946
"OPTOTRAK _ C14 _ Right _ 2",134.792834194263,-246.556170241895,-2510.12877501511,218.193839840572,-208.282359694752,-2549.35623361233
"OPTOTRAK _ C14 _ Right _ 2",134.855434417798,-246.584243312068,-2510.19213191608,218.224223925599,-208.274152186604,-2549.33911463755
"OPTOTRAK _ C14 _ Right _ 2",134.91686699653,-246.617393137244,-2510.2612210619,218.257244035084,-208.272516358668,-2549.32911056123
"OPTOTRAK _ C14 _ Right _ 2",134.97599484846,-246.650018695025,-2510.32816166041,218.294017002424,-208.273697237848,-2549.3214613309
"OPTOTRAK _ C14 _ Right _ 2",135.031536968811,-246.676302726414,-2510.38475171502,218.335460809588,-208.272790115654,-2549.31039218344
"OPTOTRAK _ C14 _ Right _ 2",135.082678146312,-246.691221122472,-2510.4241251197,218.382445296872,-208.264730964465,-2549.29027485704
"OPTOTRAK _ C14 _ Right _ 2",135.129575320255,-246.691125121839,-2510.44170843312,218.435988029946,-208.245297672777,-2549.25672596538
"OPTOTRAK _ C14 _ Right _ 2",135.173529337687,-246.673880617238,-2510.43540413401,218.497287863072,-208.211875237867,-2549.20737825349
"OPTOTRAK _ C14 _ Right _ 2",135.216758424691,-246.638740188914,-2510.40526942189,218.567540800311,-208.163834937778,-2549.14217000715
"OPTOTRAK _ C14 _ Right _ 2",135.261858824213,-246.586183610957,-2510.3530619003,218.647631740528,-208.102518283794,-2549.0631638628
"OPTOTRAK _ C14 _ Right _ 2",135.311117482614,-246.517890786778,-2510.28192151276,218.737836882504,-208.030946795992,-2548.97406690993
"OPTOTRAK _ C14 _ Right _ 2",135.365853587898,-246.436869195233,-2510.19627137274,218.83760139594,-207.953435073932,-2548.8797004752
"OPTOTRAK _ C14 _ Right _ 2",135.425930340912,-246.347626176172,-2510.10184432484,218.94536041546,-207.87523209737,-2548.78560669311
"OPTOTRAK _ C14 _ Right _ 2",135.489524656357,-246.25621232118,-2510.0056409382,219.058351849824,-207.802193720178,-2548.69781144451
"OPTOTRAK _ C14 _ Right _ 2",135.553198245104,-246.169977830363,-2509.91563409685,219.172457643473,-207.740397349573,-2548.6226088687
"OPTOTRAK _ C14 _ Right _ 2",135.612275495422,-246.09695909905,-2509.84014022826,219.282218815988,-207.695621177291,-2548.56620583559
"OPTOTRAK _ C14 _ Right _ 2",135.661473223586,-246.044923220013,-2509.7869125672,219.381167868348,-207.672705986177,-2548.53417212416
"OPTOTRAK _ C14 _ Right _ 2",135.695645265943,-246.020218777323,-2509.7621148909,219.462478528647,-207.674914210785,-2548.53078546529
"OPTOTRAK _ C14 _ Right _ 2",135.710456132749,-246.026677579601,-2509.76938641668,219.519762949354,-207.7034327633,-2548.55843562962
"OPTOTRAK _ C14 _ Right _ 2",135.702836899331,-246.064842935307,-2509.80921340177,219.547797160361,-207.757129307904,-2548.61722901188
"OPTOTRAK _ C14 _ Right _ 2",135.671184297931,-246.131743207373,-2509.87877040037,219.54305266516,-207.832605783974,-2548.70486103264
"OPTOTRAK _ C14 _ Right _ 2",135.615358689008,-246.221300441365,-2509.97227945235,219.504039820091,-207.92453882945,-2548.81676475615
"OPTOTRAK _ C14 _ Right _ 2",135.536560570725,-246.325308024601,-2510.08179772068,219.431501494854,-208.026268820305,-2548.94652790307
"OPTOTRAK _ C14 _ Right _ 2",135.437139845379,-246.434779482406,-2510.19825806267,219.328436090899,-208.130584872309,-2549.08656788768
"OPTOTRAK _ C14 _ Right _ 2",135.320374617755,-246.541400953738,-2510.31260156826,219.199891786469,-208.230632175349,-2549.22902064391
"OPTOTRAK _ C14 _ Right _ 2",135.19026282988,-246.638820965597,-2510.41691621391,219.052532292085,-208.320834501721,-2549.36673006847
"OPTOTRAK _ C14 _ Right _ 2",135.051365195333,-246.723554603658,-2510.50552140437,218.894068121376,-208.397691509286,-2549.49416534922
"OPTOTRAK _ C14 _ Right _ 2",134.908697830241,-246.795332507398,-2510.57585259449,218.732669674401,-208.460296838841,-2549.60808572933
"OPTOTRAK _ C14 _ Right _ 2",134.767625405673,-246.856797024379,-2510.62888451362,218.576414972968,-208.510443696748,-2549.70781752912
"OPTOTRAK _ C14 _ Right _ 2",134.633692127445,-246.912576135101,-2510.66884387428,218.432758868297,-208.552247381529,-2549.79508138085
"OPTOTRAK _ C14 _ Right _ 2",134.512352788388,-246.967946530689,-2510.70216792394,218.308011060192,-208.5913162309,-2549.87339098806
"OPTOTRAK _ C14 _ Right _ 2",134.408606468133,-247.027450015047,-2510.73595992614,218.206863615432,-208.633621732086,-2549.94713307627
"OPTOTRAK _ C14 _ Right _ 2",134.32657831119,-247.093853217652,-2510.77639800574,218.132055237957,-208.684310744571,-2550.02051661093
"OPTOTRAK _ C14 _ Right _ 2",134.26913519509,-247.167708397459,-2510.827556279,218.084256910221,-208.746718647087,-2550.09661262576
"OPTOTRAK _ C14 _ Right _ 2",134.237635941758,-247.247545327398,-2510.89090715436,218.062209333743,-208.821764861678,-2550.176666216
"OPTOTRAK _ C14 _ Right _ 2",134.231878454028,-247.330514051823,-2510.96550033108,218.063069837617,-208.907782470622,-2550.25976850425
"OPTOTRAK _ C14 _ Right _ 2",134.250228906781,-247.413198690512,-2511.04859624793,218.082884928838,-209.000728477387,-2550.34289140514
"OPTOTRAK _ C14 _ Right _ 2",134.289860291429,-247.492349646028,-2511.13645546196,218.117121213165,-209.094692787474,-2550.42125857528
"OPTOTRAK _ C14 _ Right _ 2",134.34703059948,-247.565380234146,-2511.22504283501,218.161231093509,-209.182652637818,-2550.48903077716
"OPTOTRAK _ C14 _ Right _ 2",134.417376939704,-247.630578469789,-2511.31052669131,218.211234164,-209.257435359264,-2550.5402610014
"OPTOTRAK _ C14 _ Right _ 2",134.496243557846,-247.687063166896,-2511.3895652005,218.264233685266,-209.312810735162,-2550.56999952731
"OPTOTRAK _ C14 _ Right _ 2",134.579066892214,-247.734560677058,-2511.45943389023,218.318714989441,-209.34455590888,-2550.57534347034
"OPTOTRAK _ C14 _ Right _ 2",134.66180279533,-247.773102655436,-2511.51805971678,218.374476519022,-209.351277610664,-2550.55619039323
"OPTOTRAK _ C14 _ Right _ 2",134.741318789879,-247.802758550812,-2511.5640207976,218.432158027989,-209.334782490531,-2550.51549897255
"OPTOTRAK _ C14 _ Right _ 2",134.815632278485,-247.823518164961,-2511.59657728352,218.492502899854,-209.299870272471,-2550.45896792865
"OPTOTRAK _ C14 _ Right _ 2",134.883896986442,-247.835410197839,-2511.6158084922,218.555623776033,-209.25356825379,-2550.39418343243
"OPTOTRAK _ C14 _ Right _ 2",134.946124653091,-247.8388675133,-2511.62289697649,218.620549079429,-209.203980857924,-2550.32941938776
"OPTOTRAK _ C14 _ Right _ 2",135.002730306334,-247.83524269572,-2511.62049273267,218.685196872964,-209.159032673506,-2550.2723702429
"OPTOTRAK _ C14 _ Right _ 2",135.054052982495,-247.827280998317,-2511.61295845534,218.746722929251,-209.125394576665,-2550.22911697413
"OPTOTRAK _ C14 _ Right _ 2",135.100005248759,-247.81932415341,-2511.60624975573,218.802042004065,-209.107800913487,-2550.20355246389
"OPTOTRAK _ C14 _ Right _ 2",135.139956880434,-247.817078140813,-2511.60729599661,218.848309096892,-209.108833602731,-2550.19734210888
"OPTOTRAK _ C14 _ Right _ 2",135.172889433327,-247.826914872094,-2511.62296800771,218.883251682467,-209.129119855222,-2550.21032746194
"OPTOTRAK _ C14 _ Right _ 2",135.197787435161,-247.854835531695,-2511.65890549376,218.905363598867,-209.167798233333,-2550.24115695279
"OPTOTRAK _ C14 _ Right _ 2",135.214160994323,-247.905339573002,-2511.71851846242,218.914017519318,-209.223066699509,-2550.28788779055
"OPTOTRAK _ C14 _ Right _ 2",135.222534715493,-247.980482052682,-2511.80238172627,218.909516498485,-209.292645774434,-2550.34836500941
"OPTOTRAK _ C14 _ Right _ 2",135.224722382539,-248.079362149197,-2511.90810408425,218.893043813874,-209.374068705678,-2550.4203305757
"OPTOTRAK _ C14 _ Right _ 2",135.223763117066,-248.198186404249,-2512.03065683681,218.866455328203,-209.464810393936,-2550.5013692629
"OPTOTRAK _ C14 _ Right _ 2",135.223508365067,-248.330911848386,-2512.16310245355,218.831926632586,-209.562328707671,-2550.58885739616
"OPTOTRAK _ C14 _ Right _ 2",135.227974418728,-248.470321526758,-2512.29763679037,218.791588113191,-209.664094249482,-2550.6800199787
"OPTOTRAK _ C14 _ Right _ 2",135.240667926866,-248.609262266556,-2512.42681231694,218.747361021358,-209.767655856426,-2550.77209502277
"OPTOTRAK _ C14 _ Right _ 2",135.26411531691,-248.741732725282,-2512.54473757915,218.701155400612,-209.870756417359,-2550.86253443759
"OPTOTRAK _ C14 _ Right _ 2",135.299752792533,-248.863567564921,-2512.64797500392,218.655404867329,-209.97147850104,-2550.94915757249
"OPTOTRAK _ C14 _ Right _ 2",135.348174599903,-248.972593508435,-2512.73584805597,218.613697325942,-210.068367316174,-2551.03019500238
"OPTOTRAK _ C14 _ Right _ 2",135.409570657373,-249.068289894293,-2512.80999192233,218.581143748499,-210.160473736546,-2551.10420520496
"OPTOTRAK _ C14 _ Right _ 2",135.484107141334,-249.15113387585,-2512.87324883905,218.564175692633,-210.247295111507,-2551.16991335161
"OPTOTRAK _ C14 _ Right _ 2",135.572059102688,-249.221909990503,-2512.92831272835,218.569660868085,-210.328644584523,-2551.22608329069
"OPTOTRAK _ C14 _ Right _ 2",135.673654064341,-249.281262326387,-2512.97668299274,218.603502133551,-210.404513466054,-2551.27154102238
"OPTOTRAK _ C14 _ Right _ 2",135.788736279433,-249.329637318557,-2513.01836388207,218.669130915044,-210.474987252866,-2551.30539647131
"OPTOTRAK _ C14 _ Right _ 2",135.916429341462,-249.367559792771,-2513.05238848408,218.766408913224,-210.540244871088,-2551.32739901944
"OPTOTRAK _ C14 _ Right _ 2",136.054943216408,-249.39602088383,-2513.07785490254,218.891347960915,-210.600632954256,-2551.33828149541
"OPTOTRAK _ C14 _ Right _ 2",136.201583674371,-249.416724031454,-2513.09494459341,219.036773567783,-210.656770803197,-2551.33993646876
"OPTOTRAK _ C14 _ Right _ 2",136.35293187575,-249.432034356586,-2513.10543873735,219.193713353849,-210.709612163646,-2551.33531987752
"OPTOTRAK _ C14 _ Right _ 2",136.505110747382,-249.444634681088,-2513.11251053018,219.353051054773,-210.76039012172,-2551.32806689788
"OPTOTRAK _ C14 _ Right _ 2",136.654063815334,-249.457024192272,-2513.11991429044,219.506956473965,-210.810425532779,-2551.32191207658
"OPTOTRAK _ C14 _ Right _ 2",136.795820557068,-249.47105406457,-2513.13095806843,219.649753697469,-210.860867109107,-2551.32009549989
"OPTOTRAK _ C14 _ Right _ 2",136.926753270943,-249.487671295653,-2513.14771648615,219.778102582426,-210.912486039435,-2551.32495873132
"OPTOTRAK _ C14 _ Right _ 2",137.043808747633,-249.506957974997,-2513.17078729943,219.890543024314,-210.965620087526,-2551.33785826315
"OPTOTRAK _ C14 _ Right _ 2",137.144650585676,-249.528445888816,-2513.19960805108,219.986571940962,-211.020271697028,-2551.3593810335
"OPTOTRAK _ C14 _ Right _ 2",137.227635805415,-249.551600105727,-2513.23309916165,220.065525092534,-211.076282181387,-2551.38971765445
"OPTOTRAK _ C14 _ Right _ 2",137.291609899174,-249.576325316191,-2513.27032491663,220.125637368215,-211.133484647621,-2551.42900333258
"OPTOTRAK _ C14 _ Right _ 2",137.335617164414,-249.603349128877,-2513.31096380984,220.163699549065,-211.191777870548,-2551.47747947722
"OPTOTRAK _ C14 _ Right _ 2",137.358714261601,-249.634362274408,-2513.35553392959,220.175604772537,-211.251114278043,-2551.53541708753
"OPTOTRAK _ C14 _ Right _ 2",137.36006232666,-249.671842606777,-2513.40540159775,220.157736877906,-211.311420097255,-2551.60283522001
"OPTOTRAK _ C14 _ Right _ 2",137.339334395632,-249.718555880698,-2513.46257636647,220.108727760704,-211.372469327752,-2551.67912589224
"OPTOTRAK _ C14 _ Right _ 2",137.297282485828,-249.776805232905,-2513.52923464876,220.030861651979,-211.433740424809,-2551.76274236057
"OPTOTRAK _ C14 _ Right _ 2",137.236187308747,-249.847588219097,-2513.60693751905,219.930512957918,-211.494302730995,-2551.85109547429
"OPTOTRAK _ C14 _ Right _ 2",137.159952412622,-249.929899295837,-2513.6956699101,219.817417545366,-211.552793572738,-2551.9407306101
"OPTOTRAK _ C14 _ Right _ 2",137.073789017714,-250.020441714217,-2513.79304013148,219.703050679935,-211.607537852288,-2552.02775900174
"OPTOTRAK _ C14 _ Right _ 2",136.983649640719,-250.113934906644,-2513.89406500613,219.598672029626,-211.656823239052,-2552.10843406049
"OPTOTRAK _ C14 _ Right _ 2",136.8956638701,-250.204018830577,-2513.99181358426,219.513603535269,-211.699287718144,-2552.17972405924
"OPTOTRAK _ C14 _ Right _ 2",136.815748516504,-250.284531634716,-2514.07883282257,219.454096845931,-211.734325970769,-2552.23974565774
"OPTOTRAK _ C14 _ Right _ 2",136.749379503324,-250.350774521241,-2514.14890374628,219.422872887241,-211.762393966051,-2552.28796814661
"OPTOTRAK _ C14 _ Right _ 2",136.701369023207,-250.400365526159,-2514.1984891353,219.419217557618,-211.785093548755,-2552.32514380131
"OPTOTRAK _ C14 _ Right _ 2",136.675491929461,-250.433439508595,-2514.22735814287,219.439463133455,-211.804955181141,-2552.35295674297
"OPTOTRAK _ C14 _ Right _ 2",136.673939682005,-250.452192866173,-2514.238232579,219.477749533486,-211.824905898438,-2552.37342708504
"OPTOTRAK _ C14 _ Right _ 2",136.696744278622,-250.459971296802,-2514.23566568646,219.527047670084,-211.847495829378,-2552.38817286283
"OPTOTRAK _ C14 _ Right _ 2",136.741399529703,-250.460189561482,-2514.22456093188,219.580436026077,-211.874038939844,-2552.3977169815
"OPTOTRAK _ C14 _ Right _ 2",136.802874698705,-250.455375836085,-2514.20876073287,219.632517643921,-211.90388042506,-2552.40109834959
"OPTOTRAK _ C14 _ Right _ 2",136.874100295923,-250.446594711419,-2514.19007330475,219.680712217263,-211.934011265271,-2552.39603825428
"OPTOTRAK _ C14 _ Right _ 2",136.946870844771,-250.433425926845,-2514.16801245358,219.726066152189,-211.95919730098,-2552.37976767055
"OPTOTRAK _ C14 _ Right _ 2",137.013013471785,-250.414530284321,-2514.14037023378,219.773257710509,-211.972690316829,-2552.35036161924
"OPTOTRAK _ C14 _ Right _ 2",137.065645600803,-250.388617744092,-2514.10448686119,219.82961280453,-211.967472255579,-2552.30815994767
"OPTOTRAK _ C14 _ Right _ 2",137.100370267237,-250.355427553378,-2514.05879304171,219.903122082818,-211.937869216129,-2552.25669833508
"OPTOTRAK _ C14 _ Right _ 2",137.116273340406,-250.316273871556,-2514.00404728391,219.999630653172,-211.881265048789,-2552.20259999281
"OPTOTRAK _ C14 _ Right _ 2",137.116551605796,-250.273877501372,-2513.94378819829,220.119588688947,-211.799562129006,-2552.15411106931
"OPTOTRAK _ C14 _ Right _ 2",137.108539860688,-250.231523275358,-2513.88380676079,220.255032828423,-211.700012294443,-2552.11838334272
"OPTOTRAK _ C14 _ Right _ 2",137.102894909117,-250.191886499184,-2513.8307566531,220.387770501329,-211.59509480195,-2552.09813194496
"OPTOTRAK _ C14 _ Right _ 2",137.111798454145,-250.156023891622,-2513.79025797307,220.489935592443,-211.501236089909,-2552.08876036022
"OPTOTRAK _ C14 _ Right _ 2",137.146257540064,-250.122984833477,-2513.76499399868,220.527997938342,-211.436315262294,-2552.07725654676
"OPTOTRAK _ C14 _ Right _ 2",137.212842682417,-250.090296331974,-2513.75334450455,220.470766939618,-211.416068168602,-2552.0439771318
"OPTOTRAK _ C14 _ Right _ 2",137.310438420442,-250.055264105773,-2513.74900559319,220.300845761508,-211.449720044187,-2551.96780201751
"OPTOTRAK _ C14 _ Right _ 2",137.427771460633,-250.016695295977,-2513.74180974605,220.027476335221,-211.535482181283,-2551.83412827845
"OPTOTRAK _ C14 _ Right _ 2",137.542635065005,-249.97640108151,-2513.71966021303,219.697122703094,-211.656932956337,-2551.64397620185
"OPTOTRAK _ C14 _ Right _ 2",137.623781695706,-249.939781882182,-2513.67124705592,219.397011288729,-211.781656621762,-2551.42140473791
"OPTOTRAK _ C14 _ Right _ 2",137.636241876429,-249.914970552234,-2513.5890773261,219.246761574022,-211.863628390196,-2551.2158394913
"OPTOTRAK _ C14 _ Right _ 2",137.550176523158,-249.910377360301,-2513.47229479827,219.374700697106,-211.850493245879,-2551.0961641857
"OPTOTRAK _ C14 _ Right _ 2",137.3522729953,-249.930962374512,-2513.32870605733,219.878771319694,-211.695968161364,-2551.13478580267
"OPTOTRAK _ C14 _ Right _ 2",137.057375772129,-249.974043079311,-2513.17533858659,220.776974430546,-211.37614801019,-2551.38239306222
"OPTOTRAK _ C14 _ Right _ 2",136.716899011033,-250.02581090814,-2513.03681492143,221.958106673084,-210.906748286468,-2551.83746364011
"OPTOTRAK _ C14 _ Right _ 2",136.420067728212,-250.0598808674,-2512.941006505,223.14836836018,-210.356708274671,-2552.41799587479
"OPTOTRAK _ C14 _ Right _ 2",136.284628244996,-250.039044616161,-2512.91198563862,223.91098437732,-209.852710683931,-2552.94532720998
"OPTOTRAK _ C14 _ Right _ 2",136.435674479066,-249.92084572972,-2512.9612196872,223.692252861713,-209.569689920189,-2553.14994681656
"OPTOTRAK _ C14 _ Right _ 2",136.974638176558,-249.666586683776,-2513.07900066236,221.917343927881,-209.704782259237,-2552.7058290194
"OPTOTRAK _ C14 _ Right _ 2",137.944717916123,-249.252007030129,-2513.22885479603,218.123474774874,-210.436502982433,-2551.29270919601
"OPTOTRAK _ C14 _ Right _ 2",139.302838179955,-248.676527775022,-2513.34773883493,212.100254945498,-211.876625730626,-2548.67589310188
"OPTOTRAK _ C14 _ Right _ 2",140.909841203842,-247.967313789155,-2513.35399459685,203.993611819627,-214.027751532443,-2544.78325773814
"OPTOTRAK _ C14 _ Right _ 2",142.548117413592,-247.175195395241,-2513.16327181712,194.329441256401,-216.762352699144,-2539.75335681296
"OPTOTRAK _ C14 _ Right _ 2",143.968261309911,-246.362034092481,-2512.71007238845,183.932783488815,-219.836113086756,-2533.93208104376
"OPTOTRAK _ C14 _ Right _ 2",144.954953286759,-245.582825121598,-2511.96976437574,173.755841196598,-222.937796684061,-2527.81100927497
"OPTOTRAK _ C14 _ Right _ 2",145.391694780726,-244.869102384453,-2510.97417813868,164.667777801511,-225.762084857074,-2521.92425764165
"OPTOTRAK _ C14 _ Right _ 2",145.30042486571,-244.221113792606,-2509.81481459513,157.277952702493,-228.079123072483,-2516.73986399273
"OPTOTRAK _ C14 _ Right _ 2",144.838910925325,-243.613698801004,-2508.63151917423,151.849460704902,-229.774216805548,-2512.58377258389
"OPTOTRAK _ C14 _ Right _ 2",144.253671163356,-243.015531350916,-2507.58927243809,148.321116580518,-230.844620949402,-2509.61771089354
"OPTOTRAK _ C14 _ Right _ 2",143.802084296085,-242.415696295783,-2506.84893835869,146.416311408636,-231.359195898411,-2507.86775542322
"OPTOTRAK _ C14 _ Right _ 2",143.667633339173,-241.848068301592,-2506.53841260533,145.793619620874,-231.400590732807,-2507.2816361918
"OPTOTRAK _ C14 _ Right _ 2",143.894004582794,-241.404104845549,-2506.72946779302,146.189602692639,-231.014033291644,-2507.78636674837
"OPTOTRAK _ C14 _ Right _ 2",144.357780358585,-241.228107560218,-2507.42390702386,147.513461001352,-230.182623500261,-2509.322801892
"OPTOTRAK _ C14 _ Right _ 2",144.788456321908,-241.494220973782,-2508.55106587006,149.87000379425,-228.838870972626,-2511.84613346136
"OPTOTRAK _ C14 _ Right _ 2",144.831677183701,-242.369781224954,-2509.9774034333,153.507790750397,-226.908938830784,-2515.29644431476
"OPTOTRAK _ C14 _ Right _ 2",144.139736882006,-243.973885447618,-2511.52761581828,158.709976070368,-224.372982749464,-2519.55651844128
"OPTOTRAK _ C14 _ Right _ 2",142.464939541786,-246.342272584119,-2513.01476472558,165.662237297547,-221.316272803728,-2524.42054509871
"OPTOTRAK _ C14 _ Right _ 2",139.728956426799,-249.40882352463,-2514.27410512653,174.339895810583,-217.946042975943,-2529.59383317919
"OPTOTRAK _ C14 _ Right _ 2",136.047425084219,-253.009533355151,-2515.19266091441,184.450299234121,-214.561019506342,-2534.73032231428
"OPTOTRAK _ C14 _ Right _ 2",131.703885586411,-256.907371610911,-2515.72620245204,195.446617564976,-211.481414975097,-2539.49671707011
"OPTOTRAK _ C14 _ Right _ 2",127.085579093585,-260.82892033276,-2515.89851186708,206.602695036681,-208.966736207352,-2543.63819132937
"OPTOTRAK _ C14 _ Right _ 2",122.606421376223,-264.500107162368,-2515.78372298876,217.117779403696,-207.155359593296,-2547.01824365756
"OPTOTRAK _ C14 _ Right _ 2",118.642724232037,-267.671036565559,-2515.4781396045,226.214698791926,-206.049461521636,-2549.61583097738
"OPTOTRAK _ C14 _ Right _ 2",115.495935754359,-270.127370340643,-2515.07060277541,233.206857411353,-205.548302160858,-2551.48106328856
"OPTOTRAK _ C14 _ Right _ 2",113.381422591541,-271.693553301482,-2514.61964436182,237.531237808232,-205.513428728555,-2552.66807948465
"OPTOTRAK _ C14 _ Right _ 2",112.431408697508,-272.237121708443,-2514.14260184821,238.764873442287,-205.839061408819,-2553.17320525917
"OPTOTRAK _ C14 _ Right _ 2",112.697870197484,-271.681481187763,-2513.61817914712,236.650126557538,-206.501454313172,-2552.90505769504
"OPTOTRAK _ C14 _ Right _ 2",114.146955525937,-270.027907408447,-2513.00059286151,231.144521284866,-207.569860819189,-2551.70194714222
"OPTOTRAK _ C14 _ Right _ 2",116.646685015392,-267.379233957482,-2512.24088559134,222.48767561793,-209.175103477782,-2549.39455411817
"OPTOTRAK _ C14 _ Right _ 2",119.959208444411,-263.951846676261,-2511.30955684896,211.252878131399,-211.44613822921,-2545.89371661238
"OPTOTRAK _ C14 _ Right _ 2",123.752687928943,-260.062879165328,-2510.21461497459,198.33933771215,-214.437076626986,-2541.27040828995
"OPTOTRAK _ C14 _ Right _ 2",127.64264699161,-256.087312987638,-2509.01039067042,184.8745478512,-218.072955791452,-2535.79387589365
"OPTOTRAK _ C14 _ Right _ 2",131.259217578965,-252.392547556095,-2507.79455760807,172.033570042202,-222.137776872572,-2529.90804709894
"OPTOTRAK _ C14 _ Right _ 2",134.321223913251,-249.269782713793,-2506.69340092817,160.825670219089,-226.311421707159,-2524.15204314135
"OPTOTRAK _ C14 _ Right _ 2",136.689503832371,-246.885548847594,-2505.83814503594,151.922296607286,-230.239251583181,-2519.05533450105
"OPTOTRAK _ C14 _ Right _ 2",138.376622613891,-245.270048995103,-2505.33748137852,145.587489598876,-233.603077376133,-2515.04716789681
"OPTOTRAK _ C14 _ Right _ 2",139.50689958012,-244.344812491645,-2505.25250125383,141.729331568114,-236.16536899055,-2512.40836023741
"OPTOTRAK _ C14 _ Right _ 2",140.240983177068,-243.977616351812,-2505.57970189331,140.043245269791,-237.777196861347,-2511.27010376998
"OPTOTRAK _ C14 _ Right _ 2",140.693178583796,-244.044106859483,-2506.2460142449,140.187711951961,-238.360907686053,-2511.64358366337
"OPTOTRAK _ C14 _ Right _ 2",140.871909453195,-244.475422904533,-2507.11752393001,141.928831920446,-237.888944769497,-2513.45563307726
"OPTOTRAK _ C14 _ Right _ 2",140.664664075785,-245.277793568511,-2508.02106581905,145.207652937761,-236.377334977968,-2516.57044369184
"OPTOTRAK _ C14 _ Right _ 2",139.872921364276,-246.520140299438,-2508.77533562403,150.113899732898,-233.89990515917,-2520.79085454188
"OPTOTRAK _ C14 _ Right _ 2",138.285344558473,-248.29582963892,-2509.22585716772,156.782169205372,-230.613840179851,-2525.8480681997
"OPTOTRAK _ C14 _ Right _ 2",135.764226627916,-250.672301244272,-2509.27655116692,165.252972256364,-226.776096508304,-2531.39857228309
"OPTOTRAK _ C14 _ Right _ 2",132.31536948842,-253.64537611106,-2508.91045050522,175.352870919709,-222.729968260554,-2537.0459099169
"OPTOTRAK _ C14 _ Right _ 2",128.117971256914,-257.112534082939,-2508.194021222,186.63963691306,-218.854194582573,-2542.39181450579
"OPTOTRAK _ C14 _ Right _ 2",123.50698260313,-260.872035979338,-2507.26369344691,198.431228230232,-215.487853583468,-2547.10244587111
"OPTOTRAK _ C14 _ Right _ 2",118.918560972098,-264.645522569772,-2506.29828086898,209.902733617231,-212.860342238576,-2550.96247497484
"OPTOTRAK _ C14 _ Right _ 2",114.820391254869,-268.114941395278,-2505.48455501568,220.210235720889,-211.05607801297,-2553.89159719986
"OPTOTRAK _ C14 _ Right _ 2",111.647772031246,-270.963267523714,-2504.98368054104,228.597359419859,-210.028038947389,-2555.91447056957
"OPTOTRAK _ C14 _ Right _ 2",109.756297635517,-272.912067970641,-2504.90417813648,234.45915617766,-209.652945682356,-2557.09679503782
"OPTOTRAK _ C14 _ Right _ 2",109.39051411239,-273.754035777889,-2505.284733264,237.366422509581,-209.804969803706,-2557.4757198048
"OPTOTRAK _ C14 _ Right _ 2",110.662014649184,-273.381174033176,-2506.08885420425,237.074215380671,-210.419576551793,-2557.0152427111
"OPTOTRAK _ C14 _ Right _ 2",113.532257166169,-271.807599268113,-2507.21260289628,233.539497687155,-211.523914404011,-2555.60712790456
"OPTOTRAK _ C14 _ Right _ 2",117.8023730397,-269.181578472658,-2508.50516606612,226.955131257065,-213.222032580564,-2553.12014448651
"OPTOTRAK _ C14 _ Right _ 2",123.119176322271,-265.778301145402,-2509.79945939355,217.782911623994,-215.638654988461,-2549.48138950803
"OPTOTRAK _ C14 _ Right _ 2",129.008037381994,-261.966804793454,-2510.94689951163,206.753476216181,-218.840476010381,-2544.75937948472
"OPTOTRAK _ C14 _ Right _ 2",134.936183406304,-258.152578658731,-2511.84816412561,194.807038939369,-222.764336417666,-2539.21546389388
"OPTOTRAK _ C14 _ Right _ 2",140.396200600035,-254.708608844646,-2512.47157308061,182.974727773958,-227.181821484533,-2533.30106420312
"OPTOTRAK _ C14 _ Right _ 2",144.986389033704,-251.915570447778,-2512.85362471993,172.231557320644,-231.716679898531,-2527.59955913834
"OPTOTRAK _ C14 _ Right _ 2",148.461235269008,-249.930644046252,-2513.08173195658,163.369682573974,-235.909384782946,-2522.7327332287
"OPTOTRAK _ C14 _ Right _ 2",150.735751721819,-248.793357749159,-2513.26503528321,156.932687315696,-239.304602725356,-2519.2614706887
"OPTOTRAK _ C14 _ Right _ 2",151.847007695897,-248.461551865334,-2513.50262318032,153.221898014451,-241.533527683153,-2517.60507644573
"OPTOTRAK _ C14 _ Right _ 2",151.894122841463,-248.859094577266,-2513.85837690583,152.351628058249,-242.37338930415,-2517.98942219233
"OPTOTRAK _ C14 _ Right _ 2",150.985017061828,-249.914560287395,-2514.34868221795,154.311434880508,-241.780022204874,-2520.4219754877
"OPTOTRAK _ C14 _ Right _ 2",149.211700488494,-251.57670308972,-2514.94486844028,158.998639276031,-239.896224782953,-2524.68879287022
"OPTOTRAK _ C14 _ Right _ 2",146.659907552306,-253.804234065519,-2515.58769904546,166.208116242683,-237.037191300997,-2530.37350866186
"OPTOTRAK _ C14 _ Right _ 2",143.441168416826,-256.538883451112,-2516.20768589789,175.595048289388,-233.649995907071,-2536.90395460674
"OPTOTRAK _ C14 _ Right _ 2",139.724274721787,-259.677530770666,-2516.74373329564,186.64517843234,-230.244307775556,-2543.63069140372
"OPTOTRAK _ C14 _ Right _ 2",135.744293837548,-263.05876751765,-2517.15449974505,198.685956070652,-227.300249208086,-2549.93075220217
"OPTOTRAK _ C14 _ Right _ 2",131.780545734163,-266.471850475623,-2517.42115909488,210.950564471566,-225.173023303559,-2555.31435683487
"OPTOTRAK _ C14 _ Right _ 2",128.112679795314,-269.685112655361,-2517.54443947133,222.676796082517,-224.022637856133,-2559.50279972184
"OPTOTRAK _ C14 _ Right _ 2",124.975435477514,-272.482069452314,-2517.54027656786,233.201788960001,-223.792530106876,-2562.4505642199
"OPTOTRAK _ C14 _ Right _ 2",122.531658627829,-274.691109994941,-2517.43661896979,242.014266766904,-224.244495384348,-2564.30325133354
"OPTOTRAK _ C14 _ Right _ 2",120.872074107602,-276.199337373628,-2517.27096424353,248.747865702386,-225.038425949589,-2565.30576489078
"OPTOTRAK _ C14 _ Right _ 2",120.036808787335,-276.949558073712,-2517.08668772332,253.130301750728,-225.832924746734,-2565.69159407948
"OPTOTRAK _ C14 _ Right _ 2",120.044376016281,-276.927044240042,-2516.92685023022,254.926816196703,-226.379680949863,-2565.58848127353
"OPTOTRAK _ C14 _ Right _ 2",120.911593710432,-276.146157131499,-2516.82575876783,253.920104588504,-226.588436726206,-2564.96908651541
"OPTOTRAK _ C14 _ Right _ 2",122.652602688719,-274.64523117253,-2516.7999388876,249.950823976282,-226.547335395516,-2563.66137788229
"OPTOTRAK _ C14 _ Right _ 2",125.255067382238,-272.492421275182,-2516.84117970611,243.011257004171,-226.49352870286,-2561.4163000407
"OPTOTRAK _ C14 _ Right _ 2",128.643503374928,-269.798072068922,-2516.91492750101,233.353653479212,-226.740264752692,-2558.01316953528
"OPTOTRAK _ C14 _ Right _ 2",132.64859858135,-266.723838151952,-2516.96685596812,221.558116178744,-227.578342679111,-2553.37009508744
"OPTOTRAK _ C14 _ Right _ 2",137.002338663184,-263.47828930756,-2516.93813122796,208.512756886015,-229.179521991296,-2547.62237593877
"OPTOTRAK _ C14 _ Right _ 2",141.369363649806,-260.294291065914,-2516.78601475394,195.292607923753,-231.53264141678,-2541.14051699309
"OPTOTRAK _ C14 _ Right _ 2",145.408094765479,-257.392998973924,-2516.50280479697,182.970835880863,-234.434576418792,-2534.48093357684
"OPTOTRAK _ C14 _ Right _ 2",148.838867986378,-254.947735432908,-2516.12507047236,172.431354902527,-237.537602730253,-2528.28826916102
"OPTOTRAK _ C14 _ Right _ 2",151.490335311705,-253.062898321516,-2515.72794433627,164.253285285658,-240.43205075945,-2523.1846589725
"OPTOTRAK _ C14 _ Right _ 2",153.304670107874,-251.77648771145,-2515.40491993156,158.702397455534,-242.732619241368,-2519.67893402879
"OPTOTRAK _ C14 _ Right _ 2",154.302144510127,-251.083343678838,-2515.23939246009,155.814037410998,-244.143762477227,-2518.11134195863
"OPTOTRAK _ C14 _ Right _ 2",154.525053135239,-250.966385779692,-2515.27738584797,155.514565831627,-244.495800539835,-2518.6302135293
"OPTOTRAK _ C14 _ Right _ 2",153.989538581619,-251.420123173549,-2515.510439748,157.719939681722,-243.756322920212,-2521.18777667373
"OPTOTRAK _ C14 _ Right _ 2",152.668526147028,-252.455220719789,-2515.87412261239,162.368810685127,-242.025085493703,-2525.54557862187
"OPTOTRAK _ C14 _ Right _ 2",150.513462666262,-254.082072694669,-2516.26259730473,169.381344641846,-239.516701749257,-2531.29024376977
"OPTOTRAK _ C14 _ Right _ 2",147.504215426438,-256.280908512213,-2516.55475776226,178.56949635216,-236.529615310751,-2537.86882368537
"OPTOTRAK _ C14 _ Right _ 2",143.703441322744,-258.972040667388,-2516.64420453771,189.546375665035,-233.398311490171,-2544.65235607227
"OPTOTRAK _ C14 _ Right _ 2",139.290295160544,-261.999847964428,-2516.46472347611,201.682230205557,-230.4319709663,-2551.02447145429
"OPTOTRAK _ C14 _ Right _ 2",134.559422761308,-265.137793709001,-2516.00494361727,214.132073582211,-227.853898244371,-2556.47501960722
"OPTOTRAK _ C14 _ Right _ 2",129.888132332512,-268.112510832038,-2515.30944377222,225.92680953101,-225.763200194488,-2560.66836913959
"OPTOTRAK _ C14 _ Right _ 2",125.686869918027,-270.638158853416,-2514.46729732377,236.094325166591,-224.135692892531,-2563.46141992837
"OPTOTRAK _ C14 _ Right _ 2",122.349219062547,-272.451417023383,-2513.59171832522,243.772551972098,-222.865954962643,-2564.86644993659
"OPTOTRAK _ C14 _ Right _ 2",120.209958727276,-273.341555123959,-2512.79572547799,248.291996221218,-221.835572691064,-2564.97770524901
"OPTOTRAK _ C14 _ Right _ 2",119.510988136385,-273.174813544097,-2512.1689644846,249.22774443206,-220.982478269437,-2563.89524086804
"OPTOTRAK _ C14 _ Right _ 2",120.371508044891,-271.914159177014,-2511.76046824054,246.43491237681,-220.345941487674,-2561.67847465819
"OPTOTRAK _ C14 _ Right _ 2",122.762069949844,-269.633488519425,-2511.57113718751,240.078480178994,-220.069825112553,-2558.34733256037
"OPTOTRAK _ C14 _ Right _ 2",126.488932239824,-266.521443383206,-2511.55787594168,230.651842265399,-220.360247407383,-2553.92793613067
"OPTOTRAK _ C14 _ Right _ 2",131.200454760239,-262.867674144359,-2511.6487872591,218.961462207361,-221.409574062846,-2548.52066486578
"OPTOTRAK _ C14 _ Right _ 2",136.426043639578,-259.026804633932,-2511.76601672209,206.053003952416,-223.312473622796,-2542.35828098297
"OPTOTRAK _ C14 _ Right _ 2",141.648165050878,-255.363172143793,-2511.85022119567,193.074020748604,-226.005782840576,-2535.82553168987
"OPTOTRAK _ C14 _ Right _ 2",146.392222393033,-252.189399995266,-2511.87908423907,181.101199050562,-229.256624949675,-2529.42889924855
"OPTOTRAK _ C14 _ Right _ 2",150.306224027738,-249.717993580763,-2511.87319015063,170.985632363217,-232.703051350313,-2523.72768755469
"OPTOTRAK _ C14 _ Right _ 2",153.201745943066,-248.042436620767,-2511.88653130673,163.268681223059,-235.928847953056,-2519.25239856758
"OPTOTRAK _ C14 _ Right _ 2",155.042707163298,-247.152816339798,-2511.98462944344,158.191277434183,-238.543355503988,-2516.43511368954
"OPTOTRAK _ C14 _ Right _ 2",155.89148448116,-246.976716731618,-2512.21802239497,155.778001199285,-240.243444349316,-2515.56289295665
"OPTOTRAK _ C14 _ Right _ 2",155.839962223945,-247.426649550939,-2512.60059952026,155.947362616942,-240.85002523294,-2516.75084049632
"OPTOTRAK _ C14 _ Right _ 2",154.957163923967,-248.434853955399,-2513.10051816832,158.595185056948,-240.323490930867,-2519.92635512964
"OPTOTRAK _ C14 _ Right _ 2",153.27466819042,-249.96380901069,-2513.64703196051,163.617391961242,-238.765265441976,-2524.82169033453
"OPTOTRAK _ C14 _ Right _ 2",150.812075440149,-251.991941453878,-2514.15091501484,170.870694753262,-236.40784818764,-2530.98240819547
"OPTOTRAK _ C14 _ Right _ 2",147.625780662977,-254.484097990538,-2514.5310822148,180.10060300357,-233.589237227751,-2537.80595557548
"OPTOTRAK _ C14 _ Right _ 2",143.853372388168,-257.361898534763,-2514.7375664559,190.882726339605,-230.705981537278,-2544.62036930043
"OPTOTRAK _ C14 _ Right _ 2",139.728550726447,-260.488252766339,-2514.76271206474,202.617109192281,-228.145836452041,-2550.7966569019
"OPTOTRAK _ C14 _ Right _ 2",135.556891000331,-263.673458494269,-2514.63786253958,214.587874357031,-226.21293690889,-2555.86699685554
"OPTOTRAK _ C14 _ Right _ 2",131.662848647856,-266.700463839647,-2514.41917605782,226.065573718008,-225.066997919691,-2559.60833707933
"OPTOTRAK _ C14 _ Right _ 2",128.331553836219,-269.358855603037,-2514.16985193016,236.407064808694,-224.696472893139,-2562.05805360336
"OPTOTRAK _ C14 _ Right _ 2",125.768510812212,-271.474732412765,-2513.94531597228,245.110366964063,-224.934730335462,-2563.45329906267
"OPTOTRAK _ C14 _ Right _ 2",124.088853635836,-272.927353095632,-2513.78445433128,251.807594955892,-225.514758444133,-2564.11492254395
"OPTOTRAK _ C14 _ Right _ 2",123.333394013415,-273.650670993862,-2513.70683718598,256.212875774559,-226.147564615269,-2564.31580064965
"OPTOTRAK _ C14 _ Right _ 2",123.49825693495,-273.624691147141,-2513.71437371119,258.066177820142,-226.60428716274,-2564.1760767138
"OPTOTRAK _ C14 _ Right _ 2",124.56134780074,-272.864946678565,-2513.79528913269,257.116541272931,-226.781520846044,-2563.61700022495
"OPTOTRAK _ C14 _ Right _ 2",126.492292956317,-271.417206517631,-2513.92814193077,253.168605388618,-226.732598665815,-2562.38686174325
"OPTOTRAK _ C14 _ Right _ 2",129.241410808748,-269.35980781098,-2514.08438277436,246.183793471376,-226.654300247309,-2560.15204542407
"OPTOTRAK _ C14 _ Right _ 2",132.714609683846,-266.810162458046,-2514.2299982737,236.396219129166,-226.828720540737,-2556.6273728249
"OPTOTRAK _ C14 _ Right _ 2",136.749954454515,-263.927940309008,-2514.32874647786,224.387281274043,-227.533080330985,-2551.7067512361
"OPTOTRAK _ C14 _ Right _ 2",141.112906313558,-260.907600104785,-2514.34931120749,211.071570053798,-228.943062276023,-2545.55232773671
"OPTOTRAK _ C14 _ Right _ 2",145.518845264564,-257.957911196029,-2514.27578527686,197.580439428397,-231.061850753094,-2538.61152232095
"OPTOTRAK _ C14 _ Right _ 2",149.676857506449,-255.273625254889,-2514.11712296282,185.075252111962,-233.700916468524,-2531.55531362166
"OPTOTRAK _ C14 _ Right _ 2",153.336110976638,-253.010044179898,-2513.90961838013,174.556041910737,-236.518928097778,-2525.15885057272
"OPTOTRAK _ C14 _ Right _ 2",156.313755457711,-251.270926877054,-2513.70875132124,166.732390264032,-239.101689304893,-2520.16286644031
"OPTOTRAK _ C14 _ Right _ 2",158.493506358328,-250.113610917483,-2513.57178866818,161.990119702476,-241.053204091389,-2517.15279143134
"OPTOTRAK _ C14 _ Right _ 2",159.800895513764,-249.566216156434,-2513.53733698998,160.440534823818,-242.071926426638,-2516.47620745051
"OPTOTRAK _ C14 _ Right _ 2",160.174329434289,-249.645658454694,-2513.60994000886,162.00576851197,-241.999620577043,-2518.20163165013
"OPTOTRAK _ C14 _ Right _ 2",159.553081373471,-250.365179109896,-2513.75598575781,166.489340531206,-240.841546050804,-2522.11326690828
"OPTOTRAK _ C14 _ Right _ 2",157.893382679656,-251.725903876461,-2513.91265403125,173.602057966231,-238.760622857854,-2527.73834134561
"OPTOTRAK _ C14 _ Right _ 2",155.207157106497,-253.695641553817,-2514.00643789967,182.945552658213,-236.047111472884,-2534.40898762187
"OPTOTRAK _ C14 _ Right _ 2",151.603277077643,-256.185646528003,-2513.97415375768,193.982509753442,-233.064779945844,-2541.36038404899
"OPTOTRAK _ C14 _ Right _ 2",147.307004869961,-259.038560756763,-2513.77890398496,206.030871526541,-230.178999775566,-2547.85639236307
"OPTOTRAK _ C14 _ Right _ 2",142.643126891419,-262.036329834474,-2513.4162544715,218.30459109109,-227.681111891569,-2553.3169107983
"OPTOTRAK _ C14 _ Right _ 2",137.9870237915,-264.927443229191,-2512.91030449256,229.994427354364,-225.730262995424,-2557.40922486582
"OPTOTRAK _ C14 _ Right _ 2",133.703765562296,-267.463759407772,-2512.30297046784,240.357182359242,-224.331783453158,-2560.07055026055
"OPTOTRAK _ C14 _ Right _ 2",130.098674465753,-269.433779836994,-2511.64110830074,248.776855161347,-223.359669961523,-2561.45229869277
"OPTOTRAK _ C14 _ Right _ 2",127.393465736386,-270.682917642373,-2510.96527820283,254.779112385246,-222.616162640581,-2561.80692652032
"OPTOTRAK _ C14 _ Right _ 2",125.727728941683,-271.119012699979,-2510.30242908457,258.009526982551,-221.910447235591,-2561.35963493973
"OPTOTRAK _ C14 _ Right _ 2",125.174470409309,-270.70834995866,-2509.66354479356,258.208445531051,-221.133782772342,-2560.2106313808
"OPTOTRAK _ C14 _ Right _ 2",125.754810756008,-269.470261903251,-2509.04617673921,255.21773133189,-220.30936530138,-2558.30057009488
"OPTOTRAK _ C14 _ Right _ 2",127.440735838843,-267.47611059709,-2508.44044696511,249.034880144902,-219.600961277628,-2555.44940404951
"OPTOTRAK _ C14 _ Right _ 2",130.143784866978,-264.852676662937,-2507.83615587193,239.897886509531,-219.274136212498,-2551.45461983588
"OPTOTRAK _ C14 _ Right _ 2",133.697976451092,-261.784082065711,-2507.229019357,228.356336345324,-219.616974988067,-2546.21473235056
"OPTOTRAK _ C14 _ Right _ 2",137.852127070028,-258.503915301257,-2506.62554527853,215.276705633795,-220.841440412579,-2539.8336951846
"OPTOTRAK _ C14 _ Right _ 2",142.285380212059,-255.272253953932,-2506.04703462173,201.751337980055,-222.997199474791,-2532.66671777264
"OPTOTRAK _ C14 _ Right _ 2",146.64916274389,-252.339911448606,-2505.53239932706,188.924960545531,-225.929781052991,-2525.28914689045
"OPTOTRAK _ C14 _ Right _ 2",150.623766696229,-249.910468143033,-2505.1376490171,177.797064386183,-229.299807737319,-2518.40035198749
"OPTOTRAK _ C14 _ Right _ 2",153.967478631023,-248.11420182433,-2504.92924091175,169.074862233142,-232.655147136113,-2512.69874809837
"OPTOTRAK _ C14 _ Right _ 2",156.538056293736,-247.00390504623,-2504.97044213428,163.127572571526,-235.527971881034,-2508.76872368152
"OPTOTRAK _ C14 _ Right _ 2",158.279992754378,-246.572676444737,-2505.3034901354,160.043306718973,-237.525703038938,-2507.0049902108
"OPTOTRAK _ C14 _ Right _ 2",159.188129933705,-246.783839834663,-2505.93330133268,159.744793910874,-238.396468835015,-2507.57770872249
"OPTOTRAK _ C14 _ Right _ 2",159.268882465943,-247.598611944576,-2506.81906901852,162.101910722835,-238.064084744386,-2510.42736030729
"OPTOTRAK _ C14 _ Right _ 2",158.519579282493,-248.989731484685,-2507.87808462467,166.990981539646,-236.635239114908,-2515.27752090737
"OPTOTRAK _ C14 _ Right _ 2",156.935709626571,-250.936810079945,-2509.00222327063,174.282443382112,-234.381482519747,-2521.66223071096
"OPTOTRAK _ C14 _ Right _ 2",154.540955417406,-253.407671575045,-2510.08295740902,183.774054410187,-231.695635405096,-2528.97338952939
"OPTOTRAK _ C14 _ Right _ 2",151.423106384749,-256.335660586515,-2511.03718601426,195.111390558266,-229.022717392294,-2536.53437787912
"OPTOTRAK _ C14 _ Right _ 2",147.756378780032,-259.603581514784,-2511.82534480444,207.740710233155,-226.77301452695,-2543.6961598674
"OPTOTRAK _ C14 _ Right _ 2",143.798726404787,-263.040726288344,-2512.45596601832,220.920653412234,-225.23645236436,-2549.93650486446
"OPTOTRAK _ C14 _ Right _ 2",139.866222010967,-266.433110892914,-2512.97602110846,233.789423777471,-224.524273729385,-2554.9323423086
"OPTOTRAK _ C14 _ Right _ 2",136.296662712622,-269.542361954934,-2513.45143176422,245.459908641418,-224.558796295112,-2558.57886005055
"OPTOTRAK _ C14 _ Right _ 2",133.415486325992,-272.127866340734,-2513.9446403048,255.109070435939,-225.115995376006,-2560.94735783716
"OPTOTRAK _ C14 _ Right _ 2",131.510202667659,-273.969113816569,-2514.49554237327,262.040740759408,-225.907488229588,-2562.1981071226
"OPTOTRAK _ C14 _ Right _ 2",130.810969790486,-274.888083890875,-2515.10979280453,265.7226801631,-226.676510030164,-2562.48217968154
"OPTOTRAK _ C14 _ Right _ 2",131.470524938876,-274.772584918608,-2515.75615682169,265.815175170211,-227.27946630306,-2561.86940953343
"OPTOTRAK _ C14 _ Right _ 2",133.538803562321,-273.599542228778,-2516.3727702325,262.209114518631,-227.729214010312,-2560.3282830664
"OPTOTRAK _ C14 _ Right _ 2",136.934913466724,-271.453175758961,-2516.88068447836,255.075780409752,-228.18630034644,-2557.76346481485
"OPTOTRAK _ C14 _ Right _ 2",141.427683373472,-268.529456985929,-2517.2018426098,244.908254128465,-228.898537908973,-2554.09547290098
"OPTOTRAK _ C14 _ Right _ 2",146.640473697152,-265.118523386867,-2517.27785887648,232.520465016346,-230.105548787909,-2549.35153474845
"OPTOTRAK _ C14 _ Right _ 2",152.091766575167,-261.562728866344,-2517.08564690094,218.976579540669,-231.938996299588,-2543.73222489459
"OPTOTRAK _ C14 _ Right _ 2",157.269579100803,-258.19813761051,-2516.64597010339,205.451278667362,-234.354260525215,-2537.62775268653
"OPTOTRAK _ C14 _ Right _ 2",161.720602454545,-255.296425101065,-2516.02182857421,193.056572369636,-237.11941046455,-2531.57790080925
"OPTOTRAK _ C14 _ Right _ 2",165.124333961237,-253.026487924732,-2515.3059852652,182.691568218722,-239.864403312105,-2526.19121148997
"OPTOTRAK _ C14 _ Right _ 2",167.326379837299,-251.448132621853,-2514.6005945078,174.963274645582,-242.169713763434,-2522.05068046522
"OPTOTRAK _ C14 _ Right _ 2",168.32272441781,-250.537135872053,-2513.99505803047,170.192560684502,-243.6629255442,-2519.62992969941
"OPTOTRAK _ C14 _ Right _ 2",168.208198320029,-250.228538160624,-2513.54899781465,168.479982554342,-244.09732644398,-2519.23108557548
"OPTOTRAK _ C14 _ Right _ 2",167.115860676692,-250.459248064368,-2513.28518400451,169.783824862771,-243.399454125893,-2520.9444456617
"OPTOTRAK _ C14 _ Right _ 2",165.173640095543,-251.193747168221,-2513.1935010923,173.967352052348,-241.682626752714,-2524.62785784412
"OPTOTRAK _ C14 _ Right _ 2",162.492347385933,-252.425508291487,-2513.24313532152,180.7979782578,-239.227412543019,-2529.90944406542
"OPTOTRAK _ C14 _ Right _ 2",159.181999069814,-254.157248616672,-2513.39742464395,189.912722489409,-236.430828377109,-2536.22341170903
"OPTOTRAK _ C14 _ Right _ 2",155.379498923783,-256.371136974988,-2513.62523885656,200.785655595732,-233.728954602677,-2542.88693775773
"OPTOTRAK _ C14 _ Right _ 2",151.26675475617,-259.002780352954,-2513.90481020488,212.733005424182,-231.505336486722,-2549.21309380478
"OPTOTRAK _ C14 _ Right _ 2",147.066140142979,-261.929497489358,-2514.21983221171,224.970082388586,-230.006894666212,-2554.63566863757
"OPTOTRAK _ C14 _ Right _ 2",143.014866057481,-264.975935219661,-2514.55132602057,236.703893633026,-229.292350447188,-2558.8084456863
"OPTOTRAK _ C14 _ Right _ 2",139.331943381943,-267.93257800673,-2514.87023771366,247.224616350091,-229.230120688026,-2561.64444266554
"OPTOTRAK _ C14 _ Right _ 2",136.19395363375,-270.579092276041,-2515.1346120314,255.959876411817,-229.546343784976,-2563.28046601652
"OPTOTRAK _ C14 _ Right _ 2",133.728911977002,-272.705823674855,-2515.29278573517,262.476470913861,-229.907967046386,-2563.97937409878
"OPTOTRAK _ C14 _ Right _ 2",132.026775907189,-274.130949262278,-2515.29182890951,266.442665899364,-230.01738068235,-2564.00392803618
"OPTOTRAK _ C14 _ Right _ 2",131.156694241769,-274.714511807564,-2515.08893308143,267.585565512744,-229.694709403495,-2563.50415479301
"OPTOTRAK _ C14 _ Right _ 2",131.178167420826,-274.371769020902,-2514.66244615272,265.681617575567,-228.928757675703,-2562.45423020086
"OPTOTRAK _ C14 _ Right _ 2",132.136386592267,-273.086788471973,-2514.01890632807,260.601927755544,-227.88498470974,-2560.65905882198
"OPTOTRAK _ C14 _ Right _ 2",134.039785261784,-270.924182396563,-2513.19328868966,252.404397706353,-226.867405701083,-2557.82990819353
"OPTOTRAK _ C14 _ Right _ 2",136.827473464877,-268.034080310452,-2512.2419665236,241.434412880192,-226.240702206472,-2553.7072158881
"OPTOTRAK _ C14 _ Right _ 2",140.341782236078,-264.644607404954,-2511.23083875566,228.379476645838,-226.329025159779,-2548.19207642294
"OPTOTRAK _ C14 _ Right _ 2",144.322603013607,-261.038406592882,-2510.22324625818,214.232496479042,-227.31757784779,-2541.44197030961
"OPTOTRAK _ C14 _ Right _ 2",148.433419354537,-257.515010480134,-2509.272406405,200.154858884935,-229.187532053767,-2533.89617186089
"OPTOTRAK _ C14 _ Right _ 2",152.315561059029,-254.347256890281,-2508.42069144555,187.278983043148,-231.707772874672,-2526.22141533769
"OPTOTRAK _ C14 _ Right _ 2",155.653153260082,-251.744186171496,-2507.70410389794,176.523102296399,-234.486914964876,-2519.19844466132
"OPTOTRAK _ C14 _ Right _ 2",158.224364734524,-249.831990722625,-2507.15708244168,168.486023734786,-237.065547333384,-2513.58866256692
"OPTOTRAK _ C14 _ Right _ 2",159.920025438251,-248.65803005304,-2506.81265438288,163.448115126363,-239.016710206685,-2510.01741152406
"OPTOTRAK _ C14 _ Right _ 2",160.726451428904,-248.213491189722,-2506.69632644127,161.45315261134,-240.028011999604,-2508.89226263737
"OPTOTRAK _ C14 _ Right _ 2",160.686499595294,-248.462803845097,-2506.81678823684,162.414282802912,-239.953170279453,-2510.35672700845
"OPTOTRAK _ C14 _ Right _ 2",159.861672167699,-249.366189924293,-2507.15923892565,166.188889478859,-238.832034518548,-2514.27328254714
"OPTOTRAK _ C14 _ Right _ 2",158.314189638774,-250.886252494103,-2507.68598003367,172.593827634991,-236.881524883924,-2520.23408007244
"OPTOTRAK _ C14 _ Right _ 2",156.114385646447,-252.977800346246,-2508.3446273205,181.367513629164,-234.458458421921,-2527.60483759752
"OPTOTRAK _ C14 _ Right _ 2",153.363460343273,-255.568290965228,-2509.07988304643,192.112785406086,-231.994978234836,-2535.60829459332
"OPTOTRAK _ C14 _ Right _ 2",150.213114016277,-258.540652876094,-2509.84327164656,204.262974045956,-229.912740380355,-2543.44379572095
"OPTOTRAK _ C14 _ Right _ 2",146.866499935674,-261.728742750296,-2510.59730799857,217.099768237822,-228.532259706372,-2550.42222145758
"OPTOTRAK _ C14 _ Right _ 2",143.556887142686,-264.929190437056,-2511.31434009762,229.822750340019,-228.001809939477,-2556.0806121014
"OPTOTRAK _ C14 _ Right _ 2",140.513340333745,-267.925585028602,-2511.97298970042,241.643114865718,-228.268280088423,-2560.23953269483
"OPTOTRAK _ C14 _ Right _ 2",137.928747365576,-270.516057599081,-2512.55521009419,251.86328102579,-229.099645165051,-2562.98252057177
"OPTOTRAK _ C14 _ Right _ 2",135.94239959694,-272.53535135706,-2513.04520068307,259.914858733833,-230.152284005084,-2564.56420928183
"OPTOTRAK _ C14 _ Right _ 2",134.640623026218,-273.866509927163,-2513.42969257354,265.352681948433,-231.064327528391,-2565.27897354314
"OPTOTRAK _ C14 _ Right _ 2",134.070164539958,-274.442684464125,-2513.69869469136,267.828299747193,-231.551566010979,-2565.33432793042
"OPTOTRAK _ C14 _ Right _ 2",134.25399626225,-274.243560867027,-2513.8462954753,267.078549175651,-231.483570515752,-2564.76963473213
"OPTOTRAK _ C14 _ Right _ 2",135.199201968265,-273.291905354682,-2513.87142329297,262.956571077283,-230.92214833168,-2563.44470898655
"OPTOTRAK _ C14 _ Right _ 2",136.891191754964,-271.653522829589,-2513.77817184407,255.507041161564,-230.111078005852,-2561.10105334768
"OPTOTRAK _ C14 _ Right _ 2",139.276016028509,-269.439743074503,-2513.57507877552,245.056501025905,-229.415562918534,-2557.4765044282
"OPTOTRAK _ C14 _ Right _ 2",142.240120197298,-266.807665993546,-2513.27334392249,232.269408162594,-229.222225325886,-2552.43694855408
"OPTOTRAK _ C14 _ Right _ 2",145.600724082025,-263.952215439466,-2512.88508990961,218.124060127244,-229.824031387234,-2546.08145878731
"OPTOTRAK _ C14 _ Right _ 2",149.117210932185,-261.086820308826,-2512.42327508598,203.792909454512,-231.324163261511,-2538.78415975976
"OPTOTRAK _ C14 _ Right _ 2",152.524664393684,-258.415321097892,-2511.90398933862,190.456568091262,-233.591230666938,-2531.15771894144
"OPTOTRAK _ C14 _ Right _ 2",155.579143572657,-256.103427685735,-2511.34995807395,179.115513822615,-236.281681002575,-2523.9519151364
"OPTOTRAK _ C14 _ Right _ 2",158.096863580766,-254.260102815626,-2510.7924520103,170.466209608008,-238.920171601326,-2517.92219098587
"OPTOTRAK _ C14 _ Right _ 2",159.971174180934,-252.935808994683,-2510.26885252769,164.876221122831,-241.009244643867,-2513.70651582178
"OPTOTRAK _ C14 _ Right _ 2",161.162043819291,-252.137152848353,-2509.81531702005,162.445528961551,-242.136112526675,-2511.73553617425
"OPTOTRAK _ C14 _ Right _ 2",161.66681686014,-251.850097842379,-2509.45723708706,163.106042230817,-242.054096911999,-2512.18285426178
"OPTOTRAK _ C14 _ Right _ 2",161.490220986187,-252.06046313662,-2509.20232493201,166.70470040216,-240.728532983049,-2514.9513166783
"OPTOTRAK _ C14 _ Right _ 2",160.630777335236,-252.762407667421,-2509.04043898814,173.035492605388,-238.34402794678,-2519.69054985074
"OPTOTRAK _ C14 _ Right _ 2",159.090556991739,-253.951807542568,-2508.95077347928,181.818164853968,-235.27202976007,-2525.84512854456
"OPTOTRAK _ C14 _ Right _ 2",156.901522016086,-255.608830656732,-2508.91298117215,192.649968178208,-231.999927909916,-2532.73377760842
"OPTOTRAK _ C14 _ Right _ 2",154.152470804267,-257.678973588809,-2508.91687355133,204.969107915166,-229.030202478252,-2539.65359561527
"OPTOTRAK _ C14 _ Right _ 2",151.001274295754,-260.061801773989,-2508.96657847862,218.059968103425,-226.770048734635,-2545.99158106269
"OPTOTRAK _ C14 _ Right _ 2",147.666489151798,-262.6119280971,-2509.0781679195,231.106371058068,-225.44137246393,-2551.31608392141
"OPTOTRAK _ C14 _ Right _ 2",144.403553556079,-265.150650303334,-2509.27260162767,243.273886487729,-225.039474975473,-2555.42098071102
"OPTOTRAK _ C14 _ Right _ 2",141.476477147333,-267.482954056034,-2509.56697649565,253.789602110979,-225.354105295192,-2558.30805487904
"OPTOTRAK _ C14 _ Right _ 2",139.134130786665,-269.414866016426,-2509.96661811593,261.993953502133,-226.045810522678,-2560.11370980841
"OPTOTRAK _ C14 _ Right _ 2",137.593869495552,-270.769195394414,-2510.45952648636,267.359469767163,-226.753683601418,-2561.00579809003
"OPTOTRAK _ C14 _ Right _ 2",137.028974324365,-271.400868696975,-2511.01396493978,269.493074078611,-227.203423231275,-2561.08680922454
"OPTOTRAK _ C14 _ Right _ 2",137.553882861487,-271.213979135068,-2511.5796484135,268.148463891469,-227.286720018953,-2560.33725575352
"OPTOTRAK _ C14 _ Right _ 2",139.203655754573,-270.180548013973,-2512.09265153416,263.266490832812,-227.091218169239,-2558.61939265407
"OPTOTRAK _ C14 _ Right _ 2",141.910394509733,-268.357004915254,-2512.48366564565,255.038498140203,-226.872181545081,-2555.74129050745
"OPTOTRAK _ C14 _ Right _ 2",145.486253894957,-265.891080465839,-2512.68883629384,243.963000646565,-226.971276251111,-2551.56066485044
"OPTOTRAK _ C14 _ Right _ 2",149.626132874312,-263.011795534784,-2512.66215154845,230.854996142572,-227.703083624102,-2546.09272522339
"OPTOTRAK _ C14 _ Right _ 2",153.93956805888,-259.999735267318,-2512.38770874171,216.779126049517,-229.242489931812,-2539.58250391447
"OPTOTRAK _ C14 _ Right _ 2",158.010435825063,-257.142521494751,-2511.88886186215,202.90997859538,-231.549799276667,-2532.51333803516
"OPTOTRAK _ C14 _ Right _ 2",161.469290537478,-254.687680216472,-2511.23016525773,190.358702533949,-234.359807603019,-2525.54673684549
"OPTOTRAK _ C14 _ Right _ 2",164.054396576096,-252.807701002921,-2510.50885385147,180.023456403636,-237.237890467722,-2519.4140699062
"OPTOTRAK _ C14 _ Right _ 2",165.640184416351,-251.587858749606,-2509.83595950716,172.509907123556,-239.681962738308,-2514.79425306123
"OPTOTRAK _ C14 _ Right _ 2",166.225878439504,-251.038036547871,-2509.31165023265,168.133354756093,-241.237378898945,-2512.2082408056
"OPTOTRAK _ C14 _ Right _ 2",165.894822744652,-251.120199500788,-2509.00255457259,166.977046266763,-241.595779395565,-2511.94682762481
"OPTOTRAK _ C14 _ Right _ 2",164.766438187221,-251.778243368512,-2508.92893224206,168.962489513911,-240.660369434192,-2514.03486739645
"OPTOTRAK _ C14 _ Right _ 2",162.962035073581,-252.958609336007,-2509.06631147357,173.894194917032,-238.569549804134,-2518.22989635459
"OPTOTRAK _ C14 _ Right _ 2",160.594585869757,-254.61651346178,-2509.36079223387,181.465582302778,-235.675517213093,-2524.05479572104
"OPTOTRAK _ C14 _ Right _ 2",157.778105175703,-256.709984605228,-2509.75182932338,191.239972938421,-232.478119219547,-2530.86564294234
"OPTOTRAK _ C14 _ Right _ 2",154.642637526096,-259.188482233754,-2510.19353314965,202.636549710426,-229.521802351062,-2537.95126232275
"OPTOTRAK _ C14 _ Right _ 2",151.340882906613,-261.983016806579,-2510.66690423773,214.948224317726,-227.2756956264,-2544.64984077421
"OPTOTRAK _ C14 _ Right _ 2",148.040821356125,-265.001407574465,-2511.18013356769,227.399066099149,-226.027785130694,-2550.45641860909
"OPTOTRAK _ C14 _ Right _ 2",144.908776466509,-268.128322936364,-2511.75922065621,239.225148401012,-225.824890047667,-2555.09146123767
"OPTOTRAK _ C14 _ Right _ 2",142.092661301361,-271.227498349294,-2512.43378263085,249.748214247293,-226.477119627136,-2558.50937628119
"OPTOTRAK _ C14 _ Right _ 2",139.713691023702,-274.143789581154,-2513.22244740813,258.414228764282,-227.624336485179,-2560.84406072828
"OPTOTRAK _ C14 _ Right _ 2",137.868990025794,-276.70488801766,-2514.120483427,264.787174003479,-228.843263607122,-2562.30889530175
"OPTOTRAK _ C14 _ Right _ 2",136.641038798102,-278.72534391317,-2515.09144002973,268.513141090224,-229.764522557487,-2563.08326685208
"OPTOTRAK _ C14 _ Right _ 2",136.105841747753,-280.017339610563,-2516.06482855553,269.288003008642,-230.169735136263,-2563.22193343106
"OPTOTRAK _ C14 _ Right _ 2",136.331666017095,-280.411816207667,-2516.94183152356,266.863172838204,-230.046247637476,-2562.61678560763
"OPTOTRAK _ C14 _ Right _ 2",137.364261746748,-279.789623629143,-2517.60952397255,261.105820225343,-229.587293243891,-2561.02542905578
"OPTOTRAK _ C14 _ Right _ 2",139.20125420236,-278.116706020356,-2517.96160638577,252.099948623285,-229.136688610161,-2558.16143087034
"OPTOTRAK _ C14 _ Right _ 2",141.765313597644,-275.472626616185,-2517.92161095543,240.246972557397,-229.089209281311,-2553.82140938623
"OPTOTRAK _ C14 _ Right _ 2",144.889424036485,-272.060634496131,-2517.46371164139,226.313535144725,-229.77015223727,-2548.00970793207
"OPTOTRAK _ C14 _ Right _ 2",148.325279962364,-268.191348597857,-2516.62629049366,211.388747056035,-231.327442689552,-2541.01817981264
"OPTOTRAK _ C14 _ Right _ 2",151.777171898289,-264.240298690961,-2515.5138749478,196.748971941222,-233.67104199012,-2533.43059125397
"OPTOTRAK _ C14 _ Right _ 2",154.95197791472,-260.589141055806,-2514.28442605888,183.668514917884,-236.481868874745,-2526.0459239757
"OPTOTRAK _ C14 _ Right _ 2",157.607217571139,-257.567035579267,-2513.12209247537,173.236825360582,-239.287925579084,-2519.74212851879
"OPTOTRAK _ C14 _ Right _ 2",159.579400580656,-255.408659537994,-2512.20031748604,166.234369447167,-241.580989664789,-2515.31870091298
"OPTOTRAK _ C14 _ Right _ 2",160.785181741335,-254.23810227464,-2511.64473701998,163.08667055603,-242.936912029425,-2513.35647071998
"OPTOTRAK _ C14 _ Right _ 2",161.202199671383,-254.07725326675,-2511.5069753309,163.880474933255,-243.109058931713,-2514.12073589629
"OPTOTRAK _ C14 _ Right _ 2",160.845580985712,-254.86911651598,-2511.75765410466,168.407996798811,-242.078368674699,-2517.51956826782
"OPTOTRAK _ C14 _ Right _ 2",159.754349289918,-256.5045020576,-2512.30045840066,176.210945833557,-240.054684802869,-2523.11961017116
"OPTOTRAK _ C14 _ Right _ 2",157.991663583754,-258.844236618581,-2513.00183595867,186.616747307361,-237.4304885239,-2530.21652383647
"OPTOTRAK _ C14 _ Right _ 2",155.65175190352,-261.734774117369,-2513.72621339143,198.779613048171,-234.694275916569,-2537.95170028691
"OPTOTRAK _ C14 _ Right _ 2",152.862108176613,-265.018937468281,-2514.36632296162,211.745973988946,-232.320137268294,-2545.45773475471
"OPTOTRAK _ C14 _ Right _ 2",149.774153262635,-268.543712594579,-2514.8616719441,224.553102985592,-230.660127234701,-2552.00481287731
"OPTOTRAK _ C14 _ Right _ 2",146.544953321035,-272.164784690637,-2515.2030121495,236.348233867105,-229.869423305705,-2557.11503204326
"OPTOTRAK _ C14 _ Right _ 2",143.319898864948,-275.745710122097,-2515.42462788809,246.496408737013,-229.885682605343,-2560.61703723352
"OPTOTRAK _ C14 _ Right _ 2",140.227054939799,-279.150277701957,-2515.58835173311,254.640347995063,-230.465929022236,-2562.62859635781
"OPTOTRAK _ C14 _ Right _ 2",137.38826489619,-282.229686761207,-2515.76367263221,260.688680217094,-231.265771241629,-2563.47415291651
"OPTOTRAK _ C14 _ Right _ 2",134.943183185754,-284.810043899058,-2516.0078802961,264.734565983383,-231.935395406096,-2563.56122734739
"OPTOTRAK _ C14 _ Right _ 2",133.0743227184,-286.688233630237,-2516.34952518353,266.933617529329,-232.207148008104,-2563.24914747146
"OPTOTRAK _ C14 _ Right _ 2",132.017479364069,-287.643732565145,-2516.77785705803,267.386318498527,-231.957032752255,-2562.74418448887
"OPTOTRAK _ C14 _ Right _ 2",132.044488102953,-287.469801629272,-2517.24032900209,266.069476646364,-231.231494416872,-2562.04746412643
"OPTOTRAK _ C14 _ Right _ 2",133.4139381306,-286.020540232073,-2517.64947881513,262.844181056038,-230.237793594107,-2560.96841877592
"OPTOTRAK _ C14 _ Right _ 2",136.2978703811,-283.262674190128,-2517.89921636578,257.540057476601,-229.300498425103,-2559.20006440267
"OPTOTRAK _ C14 _ Right _ 2",140.704612848623,-279.315609226847,-2517.8886219584,250.086253144894,-228.789790085984,-2556.4361318451
"OPTOTRAK _ C14 _ Right _ 2",146.424940187726,-274.463073166612,-2517.54902699205,240.639263698378,-229.031861893968,-2552.49761414576
"OPTOTRAK _ C14 _ Right _ 2",153.026279885132,-269.126256817426,-2516.8680215021,229.656077314679,-230.218747228636,-2547.43173412602
"OPTOTRAK _ C14 _ Right _ 2",159.905965175552,-263.800833536627,-2515.90304049134,217.881221896243,-232.341578479459,-2541.55292518857
"OPTOTRAK _ C14 _ Right _ 2",166.392995861757,-258.97419985483,-2514.77842475178,206.25034594736,-235.170988684538,-2535.41270251736
"OPTOTRAK _ C14 _ Right _ 2",171.867667144231,-255.048018949215,-2513.66405344681,195.744785359849,-238.29620787027,-2529.70742690574
"OPTOTRAK _ C14 _ Right _ 2",175.860894538923,-252.289308291916,-2512.73996428969,187.245831949336,-241.21383325993,-2525.15077943999
"OPTOTRAK _ C14 _ Right _ 2",178.105522306732,-250.820929243171,-2512.15695053052,181.428573402436,-243.439669233913,-2522.34416079114
"OPTOTRAK _ C14 _ Right _ 2",178.534761064495,-250.645708523558,-2512.00485500178,178.710391930604,-244.612242758708,-2521.67261056108
"OPTOTRAK _ C14 _ Right _ 2",177.244570110196,-251.686327692571,-2512.29736724429,179.243935473761,-244.56424290492,-2523.24211869658
"OPTOTRAK _ C14 _ Right _ 2",174.44547930528,-253.821110618967,-2512.9763332002,182.932536036671,-243.35003233565,-2526.86396966707
"OPTOTRAK _ C14 _ Right _ 2",170.422868852326,-256.903240804227,-2513.93241331746,189.451316370573,-241.226786442538,-2532.08637534743
"OPTOTRAK _ C14 _ Right _ 2",165.510431527259,-260.762320038406,-2515.03433298926,198.272003672389,-238.593386567886,-2538.27036080701
"OPTOTRAK _ C14 _ Right _ 2",160.070013493858,-265.196271812539,-2516.15734014658,208.701216841093,-235.898254567177,-2544.70060367987
"OPTOTRAK _ C14 _ Right _ 2",154.469004100081,-269.964650215061,-2517.20341057407,219.941615130359,-233.536175665427,-2550.71132866947
"OPTOTRAK _ C14 _ Right _ 2",149.053051029247,-274.791391836672,-2518.11018456047,231.173028788811,-231.761023234437,-2555.79759259569
"OPTOTRAK _ C14 _ Right _ 2",144.120311078701,-279.378742505656,-2518.84996854532,241.635717849573,-230.639921530845,-2559.68144209205
"OPTOTRAK _ C14 _ Right _ 2",139.906724149945,-283.428339878654,-2519.42213599576,250.691266106236,-230.06236946781,-2562.3142797931
"OPTOTRAK _ C14 _ Right _ 2",136.587740774801,-286.66323167604,-2519.84196733698,257.84360038929,-229.799906896777,-2563.81731777971
"OPTOTRAK _ C14 _ Right _ 2",134.293606135908,-288.846634473995,-2520.12823249111,262.720508435287,-229.596362861421,-2564.38248083138
"OPTOTRAK _ C14 _ Right _ 2",133.12784259034,-289.797502222476,-2520.29193831592,265.036177236007,-229.261362595711,-2564.16855657561
"OPTOTRAK _ C14 _ Right _ 2",133.175917624164,-289.406106698754,-2520.3291095632,264.566826304767,-228.741017669261,-2563.2278475705
"OPTOTRAK _ C14 _ Right _ 2",134.494605752477,-287.652280727412,-2520.21992694501,261.166609659858,-228.146651555972,-2561.48765420536
"OPTOTRAK _ C14 _ Right _ 2",137.081214156626,-284.624639638259,-2519.93465573345,254.829842758515,-227.732262480187,-2558.79252753898
"OPTOTRAK _ C14 _ Right _ 2",140.832717810046,-280.533458227201,-2519.44459302125,245.777539254522,-227.823175505998,-2554.99294435746
"OPTOTRAK _ C14 _ Right _ 2",145.513502865054,-275.706705812232,-2518.73491601461,234.525432841848,-228.711604185716,-2550.04982077282
"OPTOTRAK _ C14 _ Right _ 2",150.75186763268,-270.56107230396,-2517.81592395346,221.889657961781,-230.547536564746,-2544.11756284076
"OPTOTRAK _ C14 _ Right _ 2",156.076665539415,-265.548075944632,-2516.72914995441,208.908872378072,-233.260157508159,-2537.57464963732
"OPTOTRAK _ C14 _ Right _ 2",160.988637937159,-261.086385445426,-2515.54525966286,196.698307351332,-236.539333439442,-2530.98904135704
"OPTOTRAK _ C14 _ Right _ 2",165.044259434067,-257.499525769256,-2514.35251042627,186.282209344094,-239.886969593379,-2525.02885642761
"OPTOTRAK _ C14 _ Right _ 2",167.923504094784,-254.977891223516,-2513.23817645706,178.458266244838,-242.722834121318,-2520.34608135392
"OPTOTRAK _ C14 _ Right _ 2",169.461578672109,-253.574578223366,-2512.26920365607,173.727625750346,-244.512695775904,-2517.46509638011
"OPTOTRAK _ C14 _ Right _ 2",169.642988670876,-253.230826706032,-2511.47978713483,172.291250631425,-244.88558322702,-2516.69958172641
"OPTOTRAK _ C14 _ Right _ 2",168.572405085058,-253.816374515685,-2510.87110336931,174.088197916838,-243.716578397672,-2518.10884480766
"OPTOTRAK _ C14 _ Right _ 2",166.441379947621,-255.167903389617,-2510.42311885655,178.846033892263,-241.161986867251,-2521.49548157251
"OPTOTRAK _ C14 _ Right _ 2",163.502517555456,-257.114747824319,-2510.11297085339,186.125739946025,-237.6405725947,-2526.4423806966
"OPTOTRAK _ C14 _ Right _ 2",160.050452868594,-259.490528546199,-2509.93158278635,195.361336200141,-233.760561976893,-2532.38463684968
"OPTOTRAK _ C14 _ Right _ 2",156.401071472772,-262.136645239127,-2509.89132893768,205.905176333245,-230.201813681682,-2538.70656136409
"OPTOTRAK _ C14 _ Right _ 2",152.861898376191,-264.905097505363,-2510.02210804598,217.086746061321,-227.575986220332,-2544.84573204012
"OPTOTRAK _ C14 _ Right _ 2",149.695382010053,-267.664305820865,-2510.3586642757,228.279198604427,-226.298440899463,-2550.38015883909
"OPTOTRAK _ C14 _ Right _ 2",147.085602514781,-270.306099863328,-2510.92539652271,238.954627169253,-226.505959419607,-2555.07678541835
"OPTOTRAK _ C14 _ Right _ 2",145.121210488654,-272.748884928243,-2511.72466190665,248.706278210894,-228.041626396153,-2558.89011639746
"OPTOTRAK _ C14 _ Right _ 2",143.802113816751,-274.932946264395,-2512.73162433982,257.226264820396,-230.507917997076,-2561.91378811266
"OPTOTRAK _ C14 _ Right _ 2",143.068392472775,-276.807850330534,-2513.89544409041,264.246180916329,-233.370289814742,-2564.29984638633
"OPTOTRAK _ C14 _ Right _ 2",142.841789663203,-278.316529770977,-2515.14490898075,269.466919318469,-236.083060096816,-2566.16788814884
"OPTOTRAK _ C14 _ Right _ 2",143.065658961963,-279.383606998302,-2516.39655417216,272.514138189171,-238.208394075322,-2567.52891503683
"OPTOTRAK _ C14 _ Right _ 2",143.729301505835,-279.915343131956,-2517.56378075675,272.95117253072,-239.504607529753,-2568.24658061485
"OPTOTRAK _ C14 _ Right _ 2",144.867132519277,-279.814978270248,-2518.56564784131,270.361557184092,-239.967801023543,-2568.05086996328
"OPTOTRAK _ C14 _ Right _ 2",146.531370431712,-279.011223318307,-2519.33416809959,264.485009256892,-239.819040413825,-2566.60635476541
"OPTOTRAK _ C14 _ Right _ 2",148.747091472926,-277.491490793814,-2519.81977328448,255.364126253932,-239.438394145825,-2563.62116675381
"OPTOTRAK _ C14 _ Right _ 2",151.46702156464,-275.327744084511,-2519.99592039287,243.445412014946,-239.258165582159,-2558.96783163185
"OPTOTRAK _ C14 _ Right _ 2",154.545909639217,-272.683672440936,-2519.8642176452,229.586206512532,-239.639744152301,-2552.77856115568
"OPTOTRAK _ C14 _ Right _ 2",157.747881729832,-269.797757435897,-2519.45985179042,214.950097891143,-240.767328109607,-2545.48088952945
"OPTOTRAK _ C14 _ Right _ 2",160.786378137983,-266.945846645537,-2518.85431089568,200.817004126991,-242.590787114269,-2537.75674230014
"OPTOTRAK _ C14 _ Right _ 2",163.38165210098,-264.395102211176,-2518.15099307226,188.369620073609,-244.835429509199,-2530.43408494699
"OPTOTRAK _ C14 _ Right _ 2",165.313509265587,-262.364280228189,-2517.4712361718,178.525669821356,-247.07326098711,-2524.34322027562
"OPTOTRAK _ C14 _ Right _ 2",166.451249145458,-261.001332335787,-2516.93280085073,171.860659433019,-248.83069488881,-2520.17782444449
"OPTOTRAK _ C14 _ Right _ 2",166.755668605175,-260.380644761405,-2516.62697905563,168.623028301031,-249.701434936418,-2518.39150420836
"OPTOTRAK _ C14 _ Right _ 2",166.261389838211,-260.514015780652,-2516.60188010864,168.806641113245,-249.439525546506,-2519.14278316911
"OPTOTRAK _ C14 _ Right _ 2",165.05419248235,-261.366011283807,-2516.85761684191,172.232133731391,-248.017633752736,-2522.28709838082
"OPTOTRAK _ C14 _ Right _ 2",163.255117668812,-262.8663475669,-2517.35494416226,178.600887626133,-245.64251950367,-2527.4093656744
"OPTOTRAK _ C14 _ Right _ 2",161.014088147001,-264.91695157205,-2518.03382338053,187.512092686954,-242.723359772646,-2533.89164807985
"OPTOTRAK _ C14 _ Right _ 2",158.506858941739,-267.395924425844,-2518.83440936271,198.458309600258,-239.793782267217,-2541.01010934268
"OPTOTRAK _ C14 _ Right _ 2",155.925988518914,-270.162377475253,-2519.71219528525,210.82552268368,-237.398761637317,-2548.04949410153
"OPTOTRAK _ C14 _ Right _ 2",153.461116280431,-273.064536461623,-2520.64220475909,223.916451334504,-235.970823374389,-2554.41433816351
"OPTOTRAK _ C14 _ Right _ 2",151.272722746049,-275.950136181358,-2521.61250914043,236.997771119494,-235.728633424212,-2559.71106107435
"OPTOTRAK _ C14 _ Right _ 2",149.470222602125,-278.675528454994,-2522.61188161739,249.35521145046,-236.627823479479,-2563.77958127308
"OPTOTRAK _ C14 _ Right _ 2",148.105105729938,-281.109966511077,-2523.617862121,260.335092453704,-238.378524411354,-2566.66667559905
"OPTOTRAK _ C14 _ Right _ 2",147.183340439126,-283.134180772905,-2524.58999980324,269.359161714404,-240.523639317631,-2568.5504726171
"OPTOTRAK _ C14 _ Right _ 2",146.692443061463,-284.636023269754,-2525.47028477058,275.916704238492,-242.555366466463,-2569.63976547376
"OPTOTRAK _ C14 _ Right _ 2",146.631748456174,-285.508580476998,-2526.19028002307,279.554475337424,-244.039918934847,-2570.07882913124
"OPTOTRAK _ C14 _ Right _ 2",147.03204545859,-285.656206348382,-2526.68265830247,279.891233523178,-244.721284831781,-2569.88643500526
"OPTOTRAK _ C14 _ Right _ 2",147.953736598644,-285.010997286513,-2526.89376563053,276.674143474184,-244.580954509614,-2568.94754802238
"OPTOTRAK _ C14 _ Right _ 2",149.460523176818,-283.557205966896,-2526.79375945702,269.871607512518,-243.839432200891,-2567.06055617744
"OPTOTRAK _ C14 _ Right _ 2",151.576177834889,-281.355869487218,-2526.38203307736,259.771012842302,-242.896810620329,-2564.02592034792
"OPTOTRAK _ C14 _ Right _ 2",154.241279559347,-278.55886077162,-2525.68756385064,247.033623891655,-242.223978204588,-2559.74843539456
"OPTOTRAK _ C14 _ Right _ 2",157.290005567586,-275.402703198643,-2524.76537795539,232.66362810787,-242.231211760497,-2554.31923609308
"OPTOTRAK _ C14 _ Right _ 2",160.461091668615,-272.178505895183,-2523.69061144541,217.877256070994,-243.151354846613,-2548.04852262527
"OPTOTRAK _ C14 _ Right _ 2",163.443280380206,-269.183623961371,-2522.55090658022,203.90075054675,-244.973164423587,-2541.43607939461
"OPTOTRAK _ C14 _ Right _ 2",165.940285920031,-266.669057582707,-2521.43728481548,191.761230698855,-247.443674882857,-2535.08912921452
"OPTOTRAK _ C14 _ Right _ 2",167.731638399674,-264.799455076181,-2520.43398794958,182.141467139497,-250.133191448921,-2529.61582884641
"OPTOTRAK _ C14 _ Right _ 2",168.70854204824,-263.637698343884,-2519.60869710186,175.342878183584,-252.536501378431,-2525.5278851922
"OPTOTRAK _ C14 _ Right _ 2",168.876187649761,-263.155878560294,-2519.00512841537,171.355062894125,-254.179177613306,-2523.17538135099
"OPTOTRAK _ C14 _ Right _ 2",168.328529744484,-263.26458195038,-2518.63986977529,169.989203431496,-254.706696949392,-2522.71909495962
"OPTOTRAK _ C14 _ Right _ 2",167.210863498322,-263.84748867468,-2518.50458521141,171.015178867448,-253.946293335777,-2524.13204130514
"OPTOTRAK _ C14 _ Right _ 2",165.686240173918,-264.789486403721,-2518.57347593333,174.25177099458,-251.938456871581,-2527.21888734285
"OPTOTRAK _ C14 _ Right _ 2",163.915271727266,-265.991856652112,-2518.81421562747,179.586681103965,-248.935577112067,-2531.64692572624
"OPTOTRAK _ C14 _ Right _ 2",162.049500403913,-267.374524479657,-2519.19893589684,186.93394055305,-245.364060154938,-2536.98828840397
"OPTOTRAK _ C14 _ Right _ 2",160.231244837276,-268.870187138226,-2519.71122271297,196.157895469753,-241.749255536487,-2542.77375086514
"OPTOTRAK _ C14 _ Right _ 2",158.591340172135,-270.416787978779,-2520.34642163393,206.998325032063,-238.612271543736,-2548.55269766733
"OPTOTRAK _ C14 _ Right _ 2",157.240722322932,-271.953176156797,-2521.10560125104,219.021853887913,-236.360570701401,-2553.94633563053
"OPTOTRAK _ C14 _ Right _ 2",156.258682898793,-273.419202287186,-2521.98646373157,231.609117557743,-235.202102103224,-2558.67892297504
"OPTOTRAK _ C14 _ Right _ 2",155.684773875204,-274.758034585665,-2522.97518736033,243.974857898637,-235.109367629954,-2562.57786406116
"OPTOTRAK _ C14 _ Right _ 2",155.520141072938,-275.917047409943,-2524.04131464064,255.214213695793,-235.845446130688,-2565.54515537681
"OPTOTRAK _ C14 _ Right _ 2",155.738828000823,-276.845057242438,-2525.13533873948,264.371432399,-237.044630422464,-2567.51376330696
"OPTOTRAK _ C14 _ Right _ 2",156.303912032587,-277.48712771207,-2526.18791452876,270.53167103229,-238.323570769234,-2568.4081803756
"OPTOTRAK _ C14 _ Right _ 2",157.180490326218,-277.78140749823,-2527.11105353391,272.936682655587,-239.390163277323,-2568.12695750246
"OPTOTRAK _ C14 _ Right _ 2",158.338945379027,-277.663171707738,-2527.80358870881,271.117388668098,-240.118814881934,-2566.5572720894
"OPTOTRAK _ C14 _ Right _ 2",159.746907710492,-277.078497418568,-2528.1635049386,265.021208872572,-240.570955574556,-2563.61974952701
"OPTOTRAK _ C14 _ Right _ 2",161.354588843235,-276.004963841697,-2528.10755242542,255.095846416575,-240.955802271454,-2559.32908568731
"OPTOTRAK _ C14 _ Right _ 2",163.082582671661,-274.472033294727,-2527.5947432064,242.285351794143,-241.544808514794,-2553.84699702282
"OPTOTRAK _ C14 _ Right _ 2",164.821124631309,-272.572040852485,-2526.64679166066,227.910062192388,-242.569211830009,-2547.50338974939
"OPTOTRAK _ C14 _ Right _ 2",166.444389998675,-270.455400148149,-2525.35730722859,213.441298462318,-244.136762483361,-2540.77178601837
"OPTOTRAK _ C14 _ Right _ 2",167.83502427658,-268.309950924849,-2523.88385597952,200.229380014952,-246.194982345864,-2534.203175158
"OPTOTRAK _ C14 _ Right _ 2",168.907473322142,-266.331366113693,-2522.42253027454,189.272185880746,-248.546204010739,-2528.34018675097
"OPTOTRAK _ C14 _ Right _ 2",169.618135937319,-264.695322983721,-2521.17100535437,181.100144381517,-250.897291693997,-2523.64075988919
"OPTOTRAK _ C14 _ Right _ 2",169.956679678417,-263.540398431044,-2520.29001548791,175.805475195764,-252.918754003713,-2520.43258021327
"OPTOTRAK _ C14 _ Right _ 2",169.922612165278,-262.964484884042,-2519.87311257688,173.185199349989,-254.296109378995,-2518.90163659623
"OPTOTRAK _ C14 _ Right _ 2",169.499084957793,-263.030773935221,-2519.93141566658,172.928529946365,-254.77029852568,-2519.10203037766
"OPTOTRAK _ C14 _ Right _ 2",168.637989868065,-263.775766773412,-2520.39595848629,174.773585801582,-254.172131276238,-2520.96897909478
"OPTOTRAK _ C14 _ Right _ 2",167.265805320315,-265.212729299702,-2521.13659279967,178.581345006233,-252.454353968958,-2524.32387819246
"OPTOTRAK _ C14 _ Right _ 2",165.310316207966,-267.328322892239,-2521.99336660591,184.312626967932,-249.717014486673,-2528.87344587584
"OPTOTRAK _ C14 _ Right _ 2",162.738150374459,-270.075138237418,-2522.81362097285,191.932044849616,-246.21359406966,-2534.21614061743
"OPTOTRAK _ C14 _ Right _ 2",159.586843776735,-273.365676124034,-2523.4860226216,201.288828484881,-242.323587234012,-2539.87142978253
"OPTOTRAK _ C14 _ Right _ 2",155.976738176899,-277.072230473594,-2523.96244606007,212.029411027216,-238.486118958751,-2545.33864872785
"OPTOTRAK _ C14 _ Right _ 2",152.097594752939,-281.032822019385,-2524.26121300227,223.578999431534,-235.106663526823,-2550.17606065052
"OPTOTRAK _ C14 _ Right _ 2",148.177346870484,-285.058964037905,-2524.45064567634,235.197256411944,-232.4654172346,-2554.07655856693
"OPTOTRAK _ C14 _ Right _ 2",144.448374762697,-288.940126250504,-2524.61827631694,246.082190303267,-230.660180300916,-2556.91306307667
"OPTOTRAK _ C14 _ Right _ 2",141.125553035531,-292.443319516124,-2524.83562612701,255.480652979807,-229.604774116473,-2558.73610425401
"OPTOTRAK _ C14 _ Right _ 2",138.401656138935,-295.31202036208,-2525.12949923662,262.768989655066,-229.082545358732,-2559.72294479066
"OPTOTRAK _ C14 _ Right _ 2",136.455041807197,-297.273006240646,-2525.46830221355,267.48845418198,-228.83485532498,-2560.09413868126
"OPTOTRAK _ C14 _ Right _ 2",135.457297384235,-298.059662919064,-2525.76718013876,269.344971761844,-228.654885230213,-2560.0240972035
"OPTOTRAK _ C14 _ Right _ 2",135.567733713389,-297.455008261751,-2525.91023252101,268.198531103159,-228.458765212794,-2559.57451880274
"OPTOTRAK _ C14 _ Right _ 2",136.907555638022,-295.348443263507,-2525.78325728761,264.066329895804,-228.315056713502,-2558.67302068874
"OPTOTRAK _ C14 _ Right _ 2",139.517173463274,-291.790559895992,-2525.30771404542,257.14754573035,-228.425491243996,-2557.1455381728
"OPTOTRAK _ C14 _ Right _ 2",143.311335771011,-287.024758491451,-2524.46659262568,247.85584806435,-229.062020265159,-2554.79360613121
"OPTOTRAK _ C14 _ Right _ 2",148.053228602425,-281.476903150743,-2523.31537912752,236.830950576678,-230.476496043599,-2551.49165392835
"OPTOTRAK _ C14 _ Right _ 2",153.365910207376,-275.695956803431,-2521.97535082015,224.902034376231,-232.808164068629,-2547.27087364564
"OPTOTRAK _ C14 _ Right _ 2",158.786582874941,-270.256206503105,-2520.61080546032,212.994719671272,-236.017531704746,-2542.35989140712
"OPTOTRAK _ C14 _ Right _ 2",163.85078930184,-265.647989491656,-2519.39566480611,202.000294967942,-239.869268800203,-2537.16847216313
"OPTOTRAK _ C14 _ Right _ 2",168.178583057521,-262.190651673173,-2518.47767375213,192.646796624729,-243.970718077052,-2532.22198663331
"OPTOTRAK _ C14 _ Right _ 2",171.53192889372,-259.994511016469,-2517.94941197613,185.415001400477,-247.852273068124,-2528.0708201648
"OPTOTRAK _ C14 _ Right _ 2",173.824805350419,-258.980450123981,-2517.83359540638,180.525861655653,-251.062207803184,-2525.20272641338
"OPTOTRAK _ C14 _ Right _ 2",175.088477244546,-258.944938673022,-2518.08575759137,177.996605377601,-253.248851638548,-2523.977261137
"OPTOTRAK _ C14 _ Right _ 2",175.412812466776,-259.644161284113,-2518.61214732031,177.734745608137,-254.214456252827,-2524.58701854694
"OPTOTRAK _ C14 _ Right _ 2",174.891520037379,-260.868348871701,-2519.29673667547,179.626260221802,-253.937960911046,-2527.03998914006
"OPTOTRAK _ C14 _ Right _ 2",173.593154765289,-262.485226166458,-2520.02962934741,183.581497955567,-252.570547461914,-2531.15643245822
"OPTOTRAK _ C14 _ Right _ 2",171.565176838754,-264.444908509295,-2520.72970881599,189.524820465999,-250.407828161001,-2536.58032141973
"OPTOTRAK _ C14 _ Right _ 2",168.862424182228,-266.752176848657,-2521.35647512733,197.340317685434,-247.840304082695,-2542.81248966027
"OPTOTRAK _ C14 _ Right _ 2",165.581069557848,-269.421427770544,-2521.90914798709,206.804259706578,-245.284689084604,-2549.27256248892
"OPTOTRAK _ C14 _ Right _ 2",161.879007066912,-272.432211205593,-2522.4146706374,217.537489583125,-243.104903776416,-2555.38668775533
"OPTOTRAK _ C14 _ Right _ 2",157.973062027811,-275.699251329825,-2522.90928849259,228.997791838309,-241.539757137033,-2560.68267604638
"OPTOTRAK _ C14 _ Right _ 2",154.116256696486,-279.063060751844,-2523.41970652042,240.511828503418,-240.657952372969,-2564.86353428309
"OPTOTRAK _ C14 _ Right _ 2",150.566720666028,-282.299828564675,-2523.94882032902,251.330335207548,-240.355681640513,-2567.83297480823
"OPTOTRAK _ C14 _ Right _ 2",147.55993637913,-285.145141725944,-2524.46846436684,260.686638007785,-240.399379532102,-2569.66257081931
"OPTOTRAK _ C14 _ Right _ 2",145.290164410598,-287.325653733988,-2524.91938997935,267.846929094574,-240.502213037353,-2570.51196570775
"OPTOTRAK _ C14 _ Right _ 2",143.900182556993,-288.594349880146,-2525.2179703663,272.154506435805,-240.413233762982,-2570.53085105311
"OPTOTRAK _ C14 _ Right _ 2",143.474578761428,-288.766344560423,-2525.26924248223,273.080341126891,-239.99517889546,-2569.77780976345
"OPTOTRAK _ C14 _ Right _ 2",144.031869085963,-287.751781387786,-2524.9852346613,270.291494921872,-239.270121462739,-2568.18540079032
"OPTOTRAK _ C14 _ Right _ 2",145.514112270882,-285.580568853754,-2524.30557242748,263.735188189443,-238.419785117606,-2565.58564343863
"OPTOTRAK _ C14 _ Right _ 2",147.777822559268,-282.412023491115,-2523.21532780596,253.715780468228,-237.737840668207,-2561.78980641009
"OPTOTRAK _ C14 _ Right _ 2",150.594193044232,-278.523114473782,-2521.75474226076,240.927009320163,-237.543913781304,-2556.6967525394
"OPTOTRAK _ C14 _ Right _ 2",153.66697283061,-274.273092366524,-2520.01748367541,226.405133109536,-238.081693097659,-2550.39170943742
"OPTOTRAK _ C14 _ Right _ 2",156.671175787869,-270.049175717468,-2518.13757290657,211.394237433029,-239.432278188239,-2543.19843985982
"OPTOTRAK _ C14 _ Right _ 2",159.306481743836,-266.205168460139,-2516.26838527937,197.152785977144,-241.472602309365,-2535.66424006054
"OPTOTRAK _ C14 _ Right _ 2",161.350144135253,-263.009040718017,-2514.55897881984,184.759885691185,-243.894141330424,-2528.48277678622
"OPTOTRAK _ C14 _ Right _ 2",162.690921089648,-260.614000480738,-2513.1330757012,174.982560050313,-246.274442564181,-2522.38167481237
"OPTOTRAK _ C14 _ Right _ 2",163.331173696794,-259.060140866657,-2512.07467030958,168.238762791609,-248.175735507173,-2518.00873186733
"OPTOTRAK _ C14 _ Right _ 2",163.356991840683,-258.303182672849,-2511.42220432245,164.649527729939,-249.240773419509,-2515.84144460148
"OPTOTRAK _ C14 _ Right _ 2",162.889564894085,-258.25783908093,-2511.17129480038,164.139590696196,-249.264739250837,-2516.12855523954
"OPTOTRAK _ C14 _ Right _ 2",162.03791960252,-258.839735512931,-2511.28443894966,166.53458577607,-248.233930148404,-2518.86132558879
"OPTOTRAK _ C14 _ Right _ 2",160.870407124978,-259.992488616938,-2511.70481780709,171.616059538464,-246.32913785605,-2523.77125862796
"OPTOTRAK _ C14 _ Right _ 2",159.412141487818,-261.693498569905,-2512.37030710367,179.123112066186,-243.89370414292,-2530.35624009249
"OPTOTRAK _ C14 _ Right _ 2",157.663651958796,-263.939991306286,-2513.22368171343,188.717257224642,-241.367993296604,-2537.94051075012
"OPTOTRAK _ C14 _ Right _ 2",155.628183895059,-266.722916528085,-2514.21645287615,199.942860035588,-239.198076200595,-2545.76929071686
"OPTOTRAK _ C14 _ Right _ 2",153.334496583154,-269.998782889779,-2515.30656449705,212.213417862265,-237.736385679794,-2553.12621225649
"OPTOTRAK _ C14 _ Right _ 2",150.847596962528,-273.668354538064,-2516.45284273517,224.837116580842,-237.159961762363,-2559.44771938426
"OPTOTRAK _ C14 _ Right _ 2",148.267425180064,-277.567619043222,-2517.60998352057,237.073848936665,-237.430789370046,-2564.40252889653
"OPTOTRAK _ C14 _ Right _ 2",145.720774930474,-281.472308146105,-2518.72658468035,248.201578014447,-238.311183569178,-2567.91140597684
"OPTOTRAK _ C14 _ Right _ 2",143.352698949164,-285.113996979685,-2519.7465386362,257.56875557483,-239.430469725104,-2570.10081111321
"OPTOTRAK _ C14 _ Right _ 2",141.320815265868,-288.204319514366,-2520.61264309355,264.620550542241,-240.384857028257,-2571.20582512441
"OPTOTRAK _ C14 _ Right _ 2",139.791239150472,-290.464146609593,-2521.27108988202,268.903554250571,-240.845031866007,-2571.45449125538
"OPTOTRAK _ C14 _ Right _ 2",138.930916550329,-291.655674359709,-2521.67593141464,270.067472005158,-240.645777277829,-2570.97140010614
"OPTOTRAK _ C14 _ Right _ 2",138.890430573089,-291.61571745168,-2521.79305895859,267.885214690262,-239.836538479158,-2569.73157410069
"OPTOTRAK _ C14 _ Right _ 2",139.775079084421,-290.287096174572,-2521.60360217485,262.301970751804,-238.679303015477,-2567.57930532717
"OPTOTRAK _ C14 _ Right _ 2",141.609045778913,-287.742236239426,-2521.1070383498,253.503578312208,-237.590057826575,-2564.30595487536
"OPTOTRAK _ C14 _ Right _ 2",144.304500520976,-284.190773964134,-2520.32436239148,241.974875406539,-237.032739082677,-2559.76187691914
"OPTOTRAK _ C14 _ Right _ 2",147.650303921353,-279.963530240549,-2519.30095349541,228.511327087934,-237.388884259795,-2553.96596998772
"OPTOTRAK _ C14 _ Right _ 2",151.330745188064,-275.470327352484,-2518.10736750399,214.159213682523,-238.837894238487,-2547.17582562581
"OPTOTRAK _ C14 _ Right _ 2",154.97392392914,-271.137966168804,-2516.83522735201,200.087646373606,-241.285267494442,-2539.89333373293
"OPTOTRAK _ C14 _ Right _ 2",158.216676862008,-267.343481959167,-2515.58615814735,187.425550042922,-244.364469251705,-2532.80168327902
"OPTOTRAK _ C14 _ Right _ 2",160.765182831484,-264.361489753193,-2514.4547870841,177.111945333648,-247.514441283704,-2526.65192408532
"OPTOTRAK _ C14 _ Right _ 2",162.432351824292,-262.339968254086,-2513.51060243487,169.800258027062,-250.109525947148,-2522.13129774426
"OPTOTRAK _ C14 _ Right _ 2",163.144046163847,-261.307785640316,-2512.78524760295,165.832062572944,-251.603954159908,-2519.74632936154
"OPTOTRAK _ C14 _ Right _ 2",162.919891638887,-261.205304012134,-2512.27020860043,165.26705530635,-251.653907379344,-2519.74355208006
"OPTOTRAK _ C14 _ Right _ 2",161.84333027497,-261.922586977038,-2511.92579271609,167.939116267319,-250.191443901678,-2522.07746958564
"OPTOTRAK _ C14 _ Right _ 2",160.035540251313,-263.330683593432,-2511.6979110919,173.509886754458,-247.437753152266,-2526.42589262094
"OPTOTRAK _ C14 _ Right _ 2",157.640411134982,-265.298308046497,-2511.53628130191,181.506759471152,-243.854226807631,-2532.24806776222
"OPTOTRAK _ C14 _ Right _ 2",154.818521985244,-267.694609148417,-2511.40745023588,191.349745216786,-240.040332243964,-2538.87697368166
"OPTOTRAK _ C14 _ Right _ 2",151.742965648361,-270.384502011354,-2511.29888230804,202.380476076447,-236.599260161605,-2545.63052419519
"OPTOTRAK _ C14 _ Right _ 2",148.591355815026,-273.224179262234,-2511.21504121066,213.902956904758,-234.003250358799,-2551.91907705417
"OPTOTRAK _ C14 _ Right _ 2",145.534018171283,-276.06150463007,-2511.17006178868,225.234090715945,-232.494049122015,-2557.32418157939
"OPTOTRAK _ C14 _ Right _ 2",142.723188999139,-278.741487165033,-2511.18171745165,235.751092562684,-232.045620235295,-2561.62974620924
"OPTOTRAK _ C14 _ Right _ 2",140.288555464627,-281.113781845709,-2511.26819820501,244.919793084191,-232.39786358419,-2564.80025976132
"OPTOTRAK _ C14 _ Right _ 2",138.340903141435,-283.038858753222,-2511.44584206724,252.294897247916,-233.149017322695,-2566.91601535011
"OPTOTRAK _ C14 _ Right _ 2",136.980682769424,-284.391872254396,-2511.72534627599,257.497717715242,-233.878728468753,-2568.08726964239
"OPTOTRAK _ C14 _ Right _ 2",136.304756075353,-285.066383563008,-2512.10608657637,260.191684279489,-234.268014629881,-2568.3749630295
"OPTOTRAK _ C14 _ Right _ 2",136.404098953427,-284.981576154384,-2512.57058307068,260.082211578039,-234.18615568578,-2567.74388253767
"OPTOTRAK _ C14 _ Right _ 2",137.348272182507,-284.095252300068,-2513.08190023907,256.959402270725,-233.724458146673,-2566.06500699805
"OPTOTRAK _ C14 _ Right _ 2",139.158327432619,-282.421295979936,-2513.58591778801,250.780932265598,-233.169288591113,-2563.168827271
"OPTOTRAK _ C14 _ Right _ 2",141.776677138127,-280.046199039792,-2514.01917716468,241.767267558461,-232.920073362297,-2558.9343627826
"OPTOTRAK _ C14 _ Right _ 2",145.047390209889,-277.136715277936,-2514.32198701332,230.464914951368,-233.371528433053,-2553.38477904683
"OPTOTRAK _ C14 _ Right _ 2",148.72000885824,-273.931431234801,-2514.45502513532,217.736547623655,-234.791302734941,-2546.75552893961
"OPTOTRAK _ C14 _ Right _ 2",152.482453352189,-270.71370296953,-2514.41525313757,204.662014253969,-237.229567024474,-2539.50819881589
"OPTOTRAK _ C14 _ Right _ 2",156.015973846622,-267.770759587408,-2514.24480050813,192.371520634071,-240.489924234666,-2532.2813959344
"OPTOTRAK _ C14 _ Right _ 2",159.053820081717,-265.350375978668,-2514.02716543923,181.862816489985,-244.170370792892,-2525.7920816119
"OPTOTRAK _ C14 _ Right _ 2",161.422515388187,-263.628289771487,-2513.86969789411,173.861298975177,-247.757398293065,-2520.71684673037
"OPTOTRAK _ C14 _ Right _ 2",163.052811652928,-262.69481275082,-2513.87752596344,168.761795095541,-250.739690046119,-2517.58549821207
"OPTOTRAK _ C14 _ Right _ 2",163.961882251946,-262.560482632,-2514.12795155166,166.654894882601,-252.708587772059,-2516.70909117475
"OPTOTRAK _ C14 _ Right _ 2",164.220589030846,-263.17332271541,-2514.6539120264,167.408287816875,-253.42632427103,-2518.14884606799
"OPTOTRAK _ C14 _ Right _ 2",163.92344012571,-264.438149501332,-2515.44133063616,170.759762551203,-252.858084815154,-2521.72096017404
"OPTOTRAK _ C14 _ Right _ 2",163.173414954799,-266.231403876743,-2516.44014431986,176.386576516478,-251.171528467888,-2527.02971028744
"OPTOTRAK _ C14 _ Right _ 2",162.083177943337,-268.410260941447,-2517.58419245094,183.937620633949,-248.707213002832,-2533.52422534232
"OPTOTRAK _ C14 _ Right _ 2",160.784245327022,-270.818966728748,-2518.81227881643,193.036965109837,-245.921320933409,-2540.57592332175
"OPTOTRAK _ C14 _ Right _ 2",159.431498507754,-273.296537667752,-2520.08270817099,203.278689176452,-243.304456545685,-2547.56951048179
"OPTOTRAK _ C14 _ Right _ 2",158.193977865179,-275.688117072029,-2521.37672254758,214.229348242588,-241.28836617061,-2553.99238237013
"OPTOTRAK _ C14 _ Right _ 2",157.231612011384,-277.858895554291,-2522.69113995213,225.441049854972,-240.16107803137,-2559.50149304701
"OPTOTRAK _ C14 _ Right _ 2",156.665920820838,-279.706626911336,-2524.02454480631,236.465322467287,-240.012982910106,-2563.94885959426
"OPTOTRAK _ C14 _ Right _ 2",156.556149573148,-281.16796478215,-2525.36265021681,246.854493951066,-240.728942822919,-2567.3574680238
"OPTOTRAK _ C14 _ Right _ 2",156.889879058925,-282.215547240202,-2526.66716582533,256.14511949187,-242.028073370126,-2569.85415046887
"OPTOTRAK _ C14 _ Right _ 2",157.591258953944,-282.846262749222,-2527.8704810748,263.832334824237,-243.539672408898,-2571.57924578511
"OPTOTRAK _ C14 _ Right _ 2",158.543681520938,-283.064946974189,-2528.87714663935,269.356741312388,-244.895498054561,-2572.60041427202
"OPTOTRAK _ C14 _ Right _ 2",159.619045899456,-282.870227044552,-2529.572521375,272.129024288234,-245.816420341866,-2572.85808435258
"OPTOTRAK _ C14 _ Right _ 2",160.703893952026,-282.249184212006,-2529.83832232776,271.608175020233,-246.174105399327,-2572.16250957179
"OPTOTRAK _ C14 _ Right _ 2",161.714248532357,-281.184641944884,-2529.57369971419,267.428584491282,-246.014094511383,-2570.24833327913
"OPTOTRAK _ C14 _ Right _ 2",162.595851291818,-279.67387056734,-2528.71889392272,259.546085040246,-245.534528979882,-2566.87450991718
"OPTOTRAK _ C14 _ Right _ 2",163.313213068032,-277.751986327352,-2527.27688987287,248.352925823608,-245.024729277717,-2561.9401227105
"OPTOTRAK _ C14 _ Right _ 2",163.83654919579,-275.509681924758,-2525.32738803257,234.707089699348,-244.779188261258,-2555.57641598311
"OPTOTRAK _ C14 _ Right _ 2",164.136979525589,-273.095389260016,-2523.02763559034,219.84025236285,-245.012306627971,-2548.17831398676
"OPTOTRAK _ C14 _ Right _ 2",164.195637224391,-270.697318419081,-2520.5968224794,205.150553731115,-245.801690535665,-2540.35738458799
"OPTOTRAK _ C14 _ Right _ 2",164.023392620229,-268.509290359171,-2518.28491840771,191.936142606874,-247.078036488746,-2532.82790144707
"OPTOTRAK _ C14 _ Right _ 2",163.67997627409,-266.69189261183,-2516.3321059534,181.15676810959,-248.659756263939,-2526.26535190492
"OPTOTRAK _ C14 _ Right _ 2",163.279579633836,-265.343114942102,-2514.92915692839,173.302745993848,-250.311973681879,-2521.18715494806
"OPTOTRAK _ C14 _ Right _ 2",162.975626041637,-264.488738027872,-2514.18956445654,168.406063374122,-251.804240391508,-2517.89213683004
"OPTOTRAK _ C14 _ Right _ 2",162.92678458991,-264.094506809877,-2514.14012487025,166.172395700027,-252.95037962521,-2516.46685829455
"OPTOTRAK _ C14 _ Right _ 2",163.25445424669,-264.093807278164,-2514.73012486187,166.173312916095,-253.627920009317,-2516.83972837252
"OPTOTRAK _ C14 _ Right _ 2",164.005690565754,-264.419789629615,-2515.85382658958,168.027639460507,-253.783999562887,-2518.85046295769
"OPTOTRAK _ C14 _ Right _ 2",165.134232436423,-265.030779195386,-2517.37860658252,171.515974778588,-253.436153464985,-2522.30527099385
"OPTOTRAK _ C14 _ Right _ 2",166.506862660064,-265.921302189651,-2519.17159731694,176.601584287734,-252.67193792534,-2527.00190645122
"OPTOTRAK _ C14 _ Right _ 2",167.934512032923,-267.116238129407,-2521.11959147338,183.36306637575,-251.644763694871,-2532.72552397841
"OPTOTRAK _ C14 _ Right _ 2",169.219559419898,-268.650862162177,-2523.13925437133,191.870529425035,-250.558940210757,-2539.22907254478
"OPTOTRAK _ C14 _ Right _ 2",170.20536233423,-270.543587262201,-2525.17702886045,202.051086375432,-249.638244268276,-2546.21622613401
"OPTOTRAK _ C14 _ Right _ 2",170.813412455003,-272.770012078165,-2527.20034850012,213.588092375636,-249.079866207037,-2553.33977539445
"OPTOTRAK _ C14 _ Right _ 2",171.058089137064,-275.245970794039,-2529.18350005284,225.883327842634,-249.005537714212,-2560.21757221826
"OPTOTRAK _ C14 _ Right _ 2",171.036764737277,-277.824270510587,-2531.09230558189,238.089230463765,-249.427524733194,-2566.45812155584
"OPTOTRAK _ C14 _ Right _ 2",170.900541695324,-280.306065857579,-2532.87170024072,249.198838432205,-250.244412707569,-2571.68463878842
"OPTOTRAK _ C14 _ Right _ 2",170.815278315125,-282.464645097134,-2534.43953882869,258.171245098249,-251.271086996817,-2575.55134570156
"OPTOTRAK _ C14 _ Right _ 2",170.922876297497,-284.077385073079,-2535.68884447215,264.070628188107,-252.29437972097,-2577.75516168259
"OPTOTRAK _ C14 _ Right _ 2",171.310224899226,-284.960635251999,-2536.49928010208,266.201959162083,-253.136360899224,-2578.05303842287
"OPTOTRAK _ C14 _ Right _ 2",171.989955431773,-285.001789740447,-2536.75679109871,264.229316423206,-253.704431559988,-2576.29446016856
"OPTOTRAK _ C14 _ Right _ 2",172.8950436392,-284.182525067016,-2536.37822351265,258.259764441086,-254.011569690735,-2572.46911722895
"OPTOTRAK _ C14 _ Right _ 2",173.888544999833,-282.587561628656,-2535.33579958652,248.869853601411,-254.159948954653,-2566.755883449
"OPTOTRAK _ C14 _ Right _ 2",174.789036677746,-280.395228299305,-2533.67541429814,237.051300793645,-254.294233024239,-2559.54895371923
"OPTOTRAK _ C14 _ Right _ 2",175.409839144485,-277.850001210318,-2531.52331754825,224.066331635162,-254.542844755906,-2551.43810486539
"OPTOTRAK _ C14 _ Right _ 2",175.605127228563,-275.222305377093,-2529.07786462027,211.233243910962,-254.970275235365,-2543.13545753343
"OPTOTRAK _ C14 _ Right _ 2",175.310565234923,-272.765297364159,-2526.58631077997,199.696889823028,-255.556772722184,-2535.36504781615
"OPTOTRAK _ C14 _ Right _ 2",174.564275570408,-270.679790916509,-2524.31044429008,190.254643290518,-256.206942463992,-2528.75037679165
"OPTOTRAK _ C14 _ Right _ 2",173.498857629173,-269.095687400532,-2522.48800544577,183.290679539071,-256.776409399499,-2523.73621305813
"OPTOTRAK _ C14 _ Right _ 2",172.305393120945,-268.072234493048,-2521.29796936033,178.827667772366,-257.103625385832,-2520.56337591576
"OPTOTRAK _ C14 _ Right _ 2",171.180672862466,-267.613060405466,-2520.836441283,176.660675105169,-257.039969490996,-2519.29100064311
"OPTOTRAK _ C14 _ Right _ 2",170.274360529611,-267.688057534226,-2521.10700480933,176.514932215615,-256.477574252457,-2519.84410319029
"OPTOTRAK _ C14 _ Right _ 2",169.651797567493,-268.253900022424,-2522.0261421107,178.171883797842,-255.375677937574,-2522.06141518409
"OPTOTRAK _ C14 _ Right _ 2",169.281959154121,-269.267460406406,-2523.44149170796,181.528654964796,-253.782927068496,-2525.72696643133
"OPTOTRAK _ C14 _ Right _ 2",169.051500481549,-270.689933822829,-2525.15838283453,186.583552579275,-251.848156025103,-2530.58219388841
"OPTOTRAK _ C14 _ Right _ 2",168.798055722754,-272.48258090505,-2526.96860311129,193.364942291217,-249.809894678772,-2536.326837378
"OPTOTRAK _ C14 _ Right _ 2",168.351674695685,-274.596917803408,-2528.6754544049,201.835942772965,-247.958522922141,-2542.62191587113
"OPTOTRAK _ C14 _ Right _ 2",167.573727022659,-276.962894161616,-2530.11130132177,211.809606613612,-246.574762998449,-2549.10516790815
"OPTOTRAK _ C14 _ Right _ 2",166.386627982133,-279.478504076635,-2531.14723623956,222.899965403999,-245.859860096423,-2555.42062308422
"OPTOTRAK _ C14 _ Right _ 2",164.792331183535,-282.003849612364,-2531.69725380027,234.518951267016,-245.879857080125,-2561.25434322084
"OPTOTRAK _ C14 _ Right _ 2",162.879951285454,-284.362187290793,-2531.71988252283,245.914737988335,-246.544341416568,-2566.362958336
"OPTOTRAK _ C14 _ Right _ 2",160.822653471002,-286.349832227398,-2531.21870339546,256.238730997258,-247.629275874277,-2570.58304511696
"OPTOTRAK _ C14 _ Right _ 2",158.862784390177,-287.755652134016,-2530.2412145735,264.627757726183,-248.838611978637,-2573.81678965489
"OPTOTRAK _ C14 _ Right _ 2",157.284123767586,-288.389082427831,-2528.8746582672,270.292588900407,-249.886436966533,-2575.99948346965
"OPTOTRAK _ C14 _ Right _ 2",156.371824659238,-288.113277745791,-2527.23795738215,272.609046679166,-250.575170973242,-2577.06328447841
"OPTOTRAK _ C14 _ Right _ 2",156.363655774319,-286.877521168026,-2525.46989056398,271.208795982511,-250.84736055104,-2576.91577433316
"OPTOTRAK _ C14 _ Right _ 2",157.39992669878,-284.740914156645,-2523.71428152737,266.060972737733,-250.797127022168,-2575.4486338311
"OPTOTRAK _ C14 _ Right _ 2",159.483152718648,-281.878776549957,-2522.1034943066,257.525343840292,-250.638832847851,-2572.58078776934
"OPTOTRAK _ C14 _ Right _ 2",162.460336923799,-278.565550801898,-2520.74248416542,246.350396288033,-250.641908374622,-2568.32449292252
"OPTOTRAK _ C14 _ Right _ 2",166.03820943615,-275.133960795059,-2519.69681752608,233.59506603235,-251.050026561613,-2562.84853163005
"OPTOTRAK _ C14 _ Right _ 2",169.833588842111,-271.918228562819,-2518.98824889155,220.474589759613,-252.008079989808,-2556.5081872769
"OPTOTRAK _ C14 _ Right _ 2",173.449178276625,-269.195801886141,-2518.59967362985,208.161852257538,-253.519174793533,-2549.82235333985
"OPTOTRAK _ C14 _ Right _ 2",176.554489446906,-267.143787106015,-2518.48802682887,197.599441111683,-255.444337033338,-2543.40083658214
"OPTOTRAK _ C14 _ Right _ 2",178.947495399569,-265.82190340736,-2518.60068510651,189.379444358445,-257.542157508128,-2537.84734257003
"OPTOTRAK _ C14 _ Right _ 2",180.577897276968,-265.185044789906,-2518.88987253689,183.724327343156,-259.531617364283,-2533.67195352434
"OPTOTRAK _ C14 _ Right _ 2",181.526239453969,-265.119102397671,-2519.32106523011,180.563886457559,-261.156509196624,-2531.23666678573
"OPTOTRAK _ C14 _ Right _ 2",181.94907322077,-265.487238094056,-2519.8745401228,179.669048788698,-262.235350771146,-2530.73726521015
"OPTOTRAK _ C14 _ Right _ 2",182.011902976531,-266.172323914625,-2520.54220377577,180.788210006844,-262.690539199783,-2532.20838838376
"OPTOTRAK _ C14 _ Right _ 2",181.834056464394,-267.10443167336,-2521.32310614375,183.739378445033,-262.55775782821,-2535.53481509313
"OPTOTRAK _ C14 _ Right _ 2",181.462776879104,-268.268100906312,-2522.22024570359,188.434725610154,-261.978637760534,-2540.45990830771
"OPTOTRAK _ C14 _ Right _ 2",180.881299896665,-269.690406544193,-2523.23927511034,194.842170828737,-261.178177449439,-2546.59491660079
"OPTOTRAK _ C14 _ Right _ 2",180.042548417135,-271.415935690618,-2524.38786166293,202.910909762886,-260.427142087372,-2553.44189575086
"OPTOTRAK _ C14 _ Right _ 2",178.911323504105,-273.477594852628,-2525.67375785116,212.496840197929,-259.991576329821,-2560.44222087345
"OPTOTRAK _ C14 _ Right _ 2",177.496836163222,-275.872135541964,-2527.10034943282,223.317197737509,-260.076801159262,-2567.05124275728
"OPTOTRAK _ C14 _ Right _ 2",175.864112013225,-278.546593191207,-2528.66004300461,234.945639592906,-260.778569362388,-2572.82347242682
"OPTOTRAK _ C14 _ Right _ 2",174.12340614418,-281.397563931352,-2530.32729587612,246.839176320717,-262.055090329923,-2577.48129532704
"OPTOTRAK _ C14 _ Right _ 2",172.405803220511,-284.281005023127,-2532.0534357432,258.376907774208,-263.728747787066,-2580.94090653518
"OPTOTRAK _ C14 _ Right _ 2",170.836807409684,-287.027602699527,-2533.76460843516,268.892424899142,-265.517978967538,-2583.28251716169
"OPTOTRAK _ C14 _ Right _ 2",169.517556196401,-289.458690136023,-2535.36322762151,277.69440706681,-267.0921614113,-2584.67198865762
"OPTOTRAK _ C14 _ Right _ 2",168.517660269099,-291.40003632435,-2536.73317545086,284.085532496462,-268.138017234401,-2585.25934750705
"OPTOTRAK _ C14 _ Right _ 2",167.877689516048,-292.694010227712,-2537.74946837183,287.399582141651,-268.424801926097,-2585.08923151966
"OPTOTRAK _ C14 _ Right _ 2",167.615421352663,-293.212528718914,-2538.29291249701,287.074459251207,-267.855880269269,-2584.05621718314
"OPTOTRAK _ C14 _ Right _ 2",167.72944426024,-292.872545004458,-2538.26871467643,282.763515127716,-266.495329964999,-2581.92496398684
"OPTOTRAK _ C14 _ Right _ 2",168.196668234681,-291.653034022838,-2537.62582838573,274.463756475841,-264.560624555741,-2578.41469994155
"OPTOTRAK _ C14 _ Right _ 2",168.965438047119,-289.609184735128,-2536.37246418247,262.617318347441,-262.377911698186,-2573.3251278988
"OPTOTRAK _ C14 _ Right _ 2",169.950589363104,-286.877738058391,-2534.58347961107,248.134764576225,-260.305955923484,-2566.66312093519
"OPTOTRAK _ C14 _ Right _ 2",171.037818048525,-283.668378308732,-2532.39693993931,232.305255963051,-258.646730583771,-2558.72398716844
"OPTOTRAK _ C14 _ Right _ 2",172.100625724725,-280.239942641673,-2529.99928046383,216.598820268893,-257.569302760297,-2550.09308955681
"OPTOTRAK _ C14 _ Right _ 2",173.025600216343,-276.865740312726,-2527.60087730396,202.413461178628,-257.071982583605,-2541.56189787669
"OPTOTRAK _ C14 _ Right _ 2",173.73537113558,-273.797021154574,-2525.4062901804,190.847966994718,-256.993695904936,-2533.98540327554
"OPTOTRAK _ C14 _ Right _ 2",174.197733953738,-271.234875772151,-2523.58527484579,182.57096053824,-257.066669047096,-2528.12765178558
"OPTOTRAK _ C14 _ Right _ 2",174.415562940021,-269.31735220486,-2522.25083806851,177.812956100798,-256.990434115613,-2524.53867975873
"OPTOTRAK _ C14 _ Right _ 2",174.402202428341,-268.121936144574,-2521.44884349165,176.45738716548,-256.506753309527,-2523.48545497666
"OPTOTRAK _ C14 _ Right _ 2",174.155176771029,-267.677445387367,-2521.16073572741,178.175925127371,-255.461293975108,-2524.9375619701
"OPTOTRAK _ C14 _ Right _ 2",173.642398881494,-267.976972213189,-2521.31775037623,182.552725800324,-253.843340725713,-2528.59675988036
"OPTOTRAK _ C14 _ Right _ 2",172.808783416138,-268.985394023101,-2521.82213308936,189.163361474351,-251.796987617085,-2533.95832754587
"OPTOTRAK _ C14 _ Right _ 2",171.600845046117,-270.639500962859,-2522.56919365901,197.601823449038,-249.598733648207,-2540.3944987919
"OPTOTRAK _ C14 _ Right _ 2",169.998172618505,-272.843404003093,-2523.46442205526,207.46997864695,-247.601152652739,-2547.25003683673
"OPTOTRAK _ C14 _ Right _ 2",168.038118330317,-275.464399812692,-2524.43247222635,218.351597695383,-246.151574266965,-2553.93592414602
"OPTOTRAK _ C14 _ Right _ 2",165.824235047683,-278.334001537411,-2525.41820063184,229.788665209753,-245.505052744809,-2560.00318928536
"OPTOTRAK _ C14 _ Right _ 2",163.516604683002,-281.256163968144,-2526.38222687616,241.267954327549,-245.75625762492,-2565.18024633484
"OPTOTRAK _ C14 _ Right _ 2",161.308867562614,-284.021582818678,-2527.29385143865,252.218209630801,-246.811376496822,-2569.36555620223
"OPTOTRAK _ C14 _ Right _ 2",159.400037630444,-286.424957673925,-2528.12350548915,262.016385126022,-248.409600318489,-2572.57989849647
"OPTOTRAK _ C14 _ Right _ 2",157.968900787447,-288.282023086489,-2528.83660971292,270.004542364877,-250.188808741548,-2574.89393117188
"OPTOTRAK _ C14 _ Right _ 2",157.155856590254,-289.444529144414,-2529.39094519704,275.52399420048,-251.777102715372,-2576.35332053524
"OPTOTRAK _ C14 _ Right _ 2",157.052866940356,-289.812874625915,-2529.73923756787,277.975663238405,-252.884989642069,-2576.92446255348
"OPTOTRAK _ C14 _ Right _ 2",157.698592079451,-289.346579842136,-2529.83685771778,276.910977732271,-253.37382878394,-2576.47901394232
"OPTOTRAK _ C14 _ Right _ 2",159.074687473596,-288.072033010767,-2529.65216714158,272.144077919919,-253.283266932371,-2574.82558825257
"OPTOTRAK _ C14 _ Right _ 2",161.101402674483,-286.085633154528,-2529.17574195889,263.857293096537,-252.811110345807,-2571.78301292075
"OPTOTRAK _ C14 _ Right _ 2",163.63498835661,-283.549533603932,-2528.42541036289,252.657356991332,-252.251123532136,-2567.27428518655
"OPTOTRAK _ C14 _ Right _ 2",166.473158464462,-280.677524741514,-2527.44619225586,239.541527469953,-251.905971375858,-2561.40908790473
"OPTOTRAK _ C14 _ Right _ 2",169.374793224687,-277.710703993093,-2526.30637372356,225.75761482027,-252.001226644203,-2554.52197732525
"OPTOTRAK _ C14 _ Right _ 2",172.094875028821,-274.886158936433,-2525.09178919194,212.584202049156,-252.627458715945,-2547.14729898687
"OPTOTRAK _ C14 _ Right _ 2",174.427313366667,-272.405533864775,-2523.89967549257,201.097044225385,-253.727327905729,-2539.93713682601
"OPTOTRAK _ C14 _ Right _ 2",176.241466781348,-270.412071750356,-2522.83207523358,192.000478606702,-255.126158331126,-2533.5524682209
"OPTOTRAK _ C14 _ Right _ 2",177.497443022451,-268.983025743545,-2521.98787075357,185.57768996586,-256.587860878928,-2528.56545877006
"OPTOTRAK _ C14 _ Right _ 2",178.232319038381,-268.139280981579,-2521.45273707268,181.76346486689,-257.873177456732,-2525.39808737847
"OPTOTRAK _ C14 _ Right _ 2",178.521516228999,-267.867629632705,-2521.28753986442,180.295374354203,-258.784535983174,-2524.29936045815
"OPTOTRAK _ C14 _ Right _ 2",178.430736508512,-268.146439753198,-2521.51738566953,180.876745612453,-259.193274652749,-2525.34602251238
"OPTOTRAK _ C14 _ Right _ 2",177.978331587879,-268.964677669485,-2522.12461081261,183.29194750616,-259.052502332739,-2528.44862432258
"OPTOTRAK _ C14 _ Right _ 2",177.123421783035,-270.327548341776,-2523.0484888956,187.44163447439,-258.399811372808,-2533.35413742767
"OPTOTRAK _ C14 _ Right _ 2",175.783673053852,-272.247755954645,-2524.19239932825,193.299075327904,-257.350536261951,-2539.65006319052
"OPTOTRAK _ C14 _ Right _ 2",173.873736066168,-274.727119403075,-2525.43691364473,200.817172919265,-256.07840005665,-2546.78458903138
"OPTOTRAK _ C14 _ Right _ 2",171.3471002321,-277.736631434553,-2526.65609054415,209.830773404527,-254.780510690035,-2554.11677423023
"OPTOTRAK _ C14 _ Right _ 2",168.224654931595,-281.2024986877,-2527.73440102988,219.995593429104,-253.629780242459,-2560.99910842985
"OPTOTRAK _ C14 _ Right _ 2",164.602028397439,-285.001605593072,-2528.58218214882,230.785567751172,-252.72708951934,-2566.87768916408
"OPTOTRAK _ C14 _ Right _ 2",160.639224974279,-288.964808973009,-2529.14754336027,241.544500938178,-252.071067140338,-2571.38230681641
"OPTOTRAK _ C14 _ Right _ 2",156.543283955183,-292.883756558046,-2529.42245626126,251.568217820801,-251.559855709026,-2574.37744148006
"OPTOTRAK _ C14 _ Right _ 2",152.55427339861,-296.51801067833,-2529.44117186619,260.187542152742,-251.027686038429,-2575.95637706045
"OPTOTRAK _ C14 _ Right _ 2",148.938573589822,-299.602977509776,-2529.27056176165,266.829878256976,-250.305732535056,-2576.37894218409
"OPTOTRAK _ C14 _ Right _ 2",145.985405919977,-301.862852177699,-2528.99407049057,271.052136287,-249.288010155821,-2575.97130434391
"OPTOTRAK _ C14 _ Right _ 2",143.997095056775,-303.033988355097,-2528.69281370902,272.552864773663,-247.981827197008,-2575.01780452843
"OPTOTRAK _ C14 _ Right _ 2",143.263352677916,-302.901430199709,-2528.42822163373,271.179837074475,-246.527506855155,-2573.67708406244
"OPTOTRAK _ C14 _ Right _ 2",144.015659195931,-301.345149792718,-2528.23025217985,266.946737008905,-245.180773998152,-2571.94771880503
"OPTOTRAK _ C14 _ Right _ 2",146.36786905877,-298.385075801015,-2528.09380057477,260.060119164754,-244.260498657582,-2569.69424697884
"OPTOTRAK _ C14 _ Right _ 2",150.259494048648,-294.20894991904,-2527.98401270304,250.942574900508,-244.072612642619,-2566.7260907649
"OPTOTRAK _ C14 _ Right _ 2",155.423682522517,-289.167972412046,-2527.84918992974,240.229848497314,-244.827226272626,-2562.90410408699
"OPTOTRAK _ C14 _ Right _ 2",161.398697472779,-283.733493427268,-2527.63804080486,228.72510065223,-246.569706702367,-2558.23868583585
"OPTOTRAK _ C14 _ Right _ 2",167.589037928194,-278.421450117982,-2527.31651613592,217.310883976638,-249.146173179721,-2552.94538758762
"OPTOTRAK _ C14 _ Right _ 2",173.364227855293,-273.704276959588,-2526.87910717981,206.839028573209,-252.217078975739,-2547.43937992924
"OPTOTRAK _ C14 _ Right _ 2",178.167570860815,-269.936133534448,-2526.3509973651,198.029383812142,-255.31883919189,-2542.27224661858
"OPTOTRAK _ C14 _ Right _ 2",181.602271303111,-267.312758917965,-2525.78067666649,191.40464122809,-257.957561526957,-2538.0328183428
"OPTOTRAK _ C14 _ Right _ 2",183.472051237926,-265.873771621105,-2525.22623289717,187.272643826947,-259.709090433554,-2535.24063480712
"OPTOTRAK _ C14 _ Right _ 2",183.77305228802,-265.539346486687,-2524.74073258529,185.747944419541,-260.300727750273,-2534.255904634
"OPTOTRAK _ C14 _ Right _ 2",182.652271288187,-266.162472090814,-2524.36183544919,186.790958077587,-259.659232533804,-2535.2196636891
"OPTOTRAK _ C14 _ Right _ 2",180.355228490948,-267.576577743472,-2524.10834097985,190.242414476124,-257.919739727102,-2538.02958793051
"OPTOTRAK _ C14 _ Right _ 2",177.180233468656,-269.625178310923,-2523.98304019589,195.84200215871,-255.396595970447,-2542.35351590152
"OPTOTRAK _ C14 _ Right _ 2",173.444740912152,-272.17062098,-2523.97863915999,203.23530676623,-252.520911424391,-2547.68117775051
"OPTOTRAK _ C14 _ Right _ 2",169.459666977606,-275.087772556275,-2524.08287927069,211.98269990383,-249.754353081394,-2553.40985149131
"OPTOTRAK _ C14 _ Right _ 2",165.505547499073,-278.252311987396,-2524.28056662147,221.582078217989,-247.495379364341,-2558.95011832847
"OPTOTRAK _ C14 _ Right _ 2",161.809266057293,-281.531934007005,-2524.55295924681,231.506256047352,-245.999435264651,-2563.82791455043
"OPTOTRAK _ C14 _ Right _ 2",158.526407358655,-284.784315323834,-2524.8769016363,241.243611502875,-245.333721033561,-2567.75572909645
"OPTOTRAK _ C14 _ Right _ 2",155.736689360258,-287.861032499277,-2525.22583365852,250.325661344161,-245.378334176158,-2570.65282270342
"OPTOTRAK _ C14 _ Right _ 2",153.456700808229,-290.613942928051,-2525.57271193607,258.330455349628,-245.872219320613,-2572.6093313802
"OPTOTRAK _ C14 _ Right _ 2",151.667616153466,-292.90058232379,-2525.8928305285,264.862883800003,-246.490176410092,-2573.80593544239
"OPTOTRAK _ C14 _ Right _ 2",150.349397467353,-294.587274953918,-2526.16419545435,269.526340200912,-246.930359057681,-2574.41371914621
"OPTOTRAK _ C14 _ Right _ 2",149.509854919005,-295.551488726298,-2526.36463701246,271.908908855576,-246.991139604802,-2574.50464068747
"OPTOTRAK _ C14 _ Right _ 2",149.197715575481,-295.686915543313,-2526.46700854337,271.606780537837,-246.620348375108,-2574.00065869847
"OPTOTRAK _ C14 _ Right _ 2",149.493281113144,-294.914652160572,-2526.43524896172,268.295797653713,-245.926483628886,-2572.67963564914
"OPTOTRAK _ C14 _ Right _ 2",150.477403901429,-293.201390084784,-2526.22423074385,261.840938312053,-245.149055753466,-2570.2406403654
"OPTOTRAK _ C14 _ Right _ 2",152.18770329298,-290.581385618415,-2525.7853999412,252.410276543724,-244.593343622682,-2566.41342320039
"OPTOTRAK _ C14 _ Right _ 2",154.577498970135,-287.17482059115,-2525.07855881897,240.545500163067,-244.543396838398,-2561.08104810916
"OPTOTRAK _ C14 _ Right _ 2",157.494524763979,-283.193300487222,-2524.08783252922,227.146280240802,-245.174993921761,-2554.37640154394
"OPTOTRAK _ C14 _ Right _ 2",160.690784845486,-278.925664313029,-2522.83723941481,213.354362257747,-246.494144070486,-2546.71777528332
"OPTOTRAK _ C14 _ Right _ 2",163.862891987637,-274.704081969723,-2521.39954684136,200.365259753288,-248.321974951541,-2538.76741366682
"OPTOTRAK _ C14 _ Right _ 2",166.708976361239,-270.858809002613,-2519.89287158291,189.228998254143,-250.331979351449,-2531.32379968263
"OPTOTRAK _ C14 _ Right _ 2",168.980884939807,-267.675307126408,-2518.46335164855,180.705940189094,-252.126649346869,-2525.18094016512
"OPTOTRAK _ C14 _ Right _ 2",170.513628945181,-265.366177966815,-2517.25768410113,175.215932678478,-253.328434398496,-2520.99470753812
"OPTOTRAK _ C14 _ Right _ 2",171.226401043822,-264.062964241687,-2516.39363113458,172.875965198284,-253.660872328933,-2519.18619293581
"OPTOTRAK _ C14 _ Right _ 2",171.103597086542,-263.823801372506,-2515.93760271892,173.587751848439,-253.005349704402,-2519.8943277125
"OPTOTRAK _ C14 _ Right _ 2",170.171836110858,-264.647320190981,-2515.89577814716,177.127112416094,-251.427941887245,-2522.97590266029
"OPTOTRAK _ C14 _ Right _ 2",168.486436682602,-266.483520937463,-2516.22026100661,183.2005662869,-249.174233670623,-2528.0450591118
"OPTOTRAK _ C14 _ Right _ 2",166.131262091445,-269.237273318452,-2516.82674682796,191.459383914401,-246.630353857527,-2534.54325539431
"OPTOTRAK _ C14 _ Right _ 2",163.226307185617,-272.766045411057,-2517.61726341635,201.483724969908,-244.251397381048,-2541.82910903462
"OPTOTRAK _ C14 _ Right _ 2",159.933911559974,-276.876852367044,-2518.50150423972,212.759976898994,-242.46704292252,-2549.27310045821
"OPTOTRAK _ C14 _ Right _ 2",156.458025986649,-281.326955875626,-2519.41219371876,224.671342836542,-241.585410586627,-2556.33792948806
"OPTOTRAK _ C14 _ Right _ 2",153.037125807621,-285.830236079666,-2520.31223759833,236.510949185692,-241.72254633092,-2562.62669092353
"OPTOTRAK _ C14 _ Right _ 2",149.934565655362,-290.069236444201,-2521.19324286981,247.516483473996,-242.780562722862,-2567.89010298294
"OPTOTRAK _ C14 _ Right _ 2",147.428434898405,-293.712940231706,-2522.06645793314,256.920461013134,-244.482898028198,-2571.99721120296
"OPTOTRAK _ C14 _ Right _ 2",145.798688786412,-296.441357053095,-2522.94868797414,264.010540409529,-246.456442674594,-2574.88515866443
"OPTOTRAK _ C14 _ Right _ 2",145.306340822354,-297.977978266507,-2523.84710894317,268.196887004975,-248.335162115507,-2576.50880058908
"OPTOTRAK _ C14 _ Right _ 2",146.160402285577,-298.128762931007,-2524.74737798506,269.084641533335,-249.853999930979,-2576.80969260525
"OPTOTRAK _ C14 _ Right _ 2",148.473495276622,-296.821843767802,-2525.60855910956,266.545904302239,-250.906620854854,-2575.71732201487
"OPTOTRAK _ C14 _ Right _ 2",152.214976365412,-294.137613476503,-2526.36654308306,260.776943943504,-251.55296516982,-2573.18433362403
"OPTOTRAK _ C14 _ Right _ 2",157.177568291207,-290.317063412255,-2526.94559214259,252.317355984317,-251.977815235317,-2569.24378663587
"OPTOTRAK _ C14 _ Right _ 2",162.975676778512,-285.73932464921,-2527.27575253819,242.007450900374,-252.415665931837,-2564.06467635803
"OPTOTRAK _ C14 _ Right _ 2",169.087471314031,-280.867539210026,-2527.3121378754,230.874934605585,-253.067151365622,-2557.97859730612
"OPTOTRAK _ C14 _ Right _ 2",174.938417757528,-276.173158317462,-2527.05077267451,219.969127599618,-254.034580244058,-2551.45993153176
"OPTOTRAK _ C14 _ Right _ 2",180.006222881752,-272.058009294188,-2526.53570937088,210.187173282537,-255.295788134889,-2545.06171128856
"OPTOTRAK _ C14 _ Right _ 2",183.914940354839,-268.796121955505,-2525.85425549502,202.146068373194,-256.718624930804,-2539.3291675974
"OPTOTRAK _ C14 _ Right _ 2",186.487289592546,-266.511060246786,-2525.1208718687,196.13949096925,-258.102042238181,-2534.72131277344
"OPTOTRAK _ C14 _ Right _ 2",187.740156189903,-265.191694177849,-2524.45396935311,192.185568579708,-259.223752881932,-2531.56311905166
"OPTOTRAK _ C14 _ Right _ 2",187.830940542377,-264.735985986032,-2523.95187549539,190.137204937593,-259.880426082648,-2530.03293247749
"OPTOTRAK _ C14 _ Right _ 2",186.980137322889,-265.004450344472,-2523.67412865439,189.806572753659,-259.917057797143,-2530.17349992905
"OPTOTRAK _ C14 _ Right _ 2",185.400550211761,-265.865016245345,-2523.63244661519,191.056795211913,-259.249089551697,-2531.90927099795
"OPTOTRAK _ C14 _ Right _ 2",183.255862427357,-267.217545671249,-2523.79307184023,193.832894479413,-257.880782758699,-2535.05847085664
"OPTOTRAK _ C14 _ Right _ 2",180.656248155106,-268.995511697725,-2524.08942572043,198.131178805908,-255.918202942797,-2539.34033298191
"OPTOTRAK _ C14 _ Right _ 2",177.683105492037,-271.150561372519,-2524.44160805025,203.930682866342,-253.56948288979,-2544.38800127388
"OPTOTRAK _ C14 _ Right _ 2",174.424755223324,-273.630393791957,-2524.77781996551,211.122906292607,-251.123758938774,-2549.77953379349
"OPTOTRAK _ C14 _ Right _ 2",171.003774524051,-276.360615186035,-2525.0527724123,219.472041010378,-248.905913938858,-2555.09123309618
"OPTOTRAK _ C14 _ Right _ 2",167.584245671415,-279.237498586248,-2525.25941205801,228.619614497127,-247.214744072838,-2559.96351966698
"OPTOTRAK _ C14 _ Right _ 2",164.358793447792,-282.132723132434,-2525.43192197588,238.124785553458,-246.261072376122,-2564.15838272893
"OPTOTRAK _ C14 _ Right _ 2",161.524218367582,-284.905849048057,-2525.63909561193,247.516195737135,-246.124064164551,-2567.58625272015
"OPTOTRAK _ C14 _ Right _ 2",159.256844218115,-287.417789619479,-2525.96801702118,256.329973535201,-246.737960190803,-2570.28977929678
"OPTOTRAK _ C14 _ Right _ 2",157.695204985452,-289.539663440108,-2526.49947917251,264.119903193969,-247.911568877112,-2572.3873560188
"OPTOTRAK _ C14 _ Right _ 2",156.932002242904,-291.155175521493,-2527.27921138113,270.443360771477,-249.373837154801,-2573.99347230741
"OPTOTRAK _ C14 _ Right _ 2",157.012592759605,-292.158989531714,-2528.29183113713,274.842698478417,-250.833272750591,-2575.14117469128
"OPTOTRAK _ C14 _ Right _ 2",157.935199657994,-292.456247560446,-2529.44571086615,276.849582852811,-252.037282888203,-2575.73219225552
"OPTOTRAK _ C14 _ Right _ 2",159.648895708749,-291.968202533784,-2530.57544534055,276.034688665406,-252.818802177395,-2575.5332086414
"OPTOTRAK _ C14 _ Right _ 2",162.048618592966,-290.645951094989,-2531.46443051992,272.106520957553,-253.120843454751,-2574.22433367616
"OPTOTRAK _ C14 _ Right _ 2",164.970667858781,-288.489753643127,-2531.88444079286,265.036422331112,-252.994121226462,-2571.49066554487
"OPTOTRAK _ C14 _ Right _ 2",168.195332892431,-285.567305671011,-2531.64379949541,255.163222012628,-252.568584275378,-2567.13321685276
"OPTOTRAK _ C14 _ Right _ 2",171.463447702022,-282.022571844862,-2530.63251510916,243.224007851389,-252.006529159014,-2561.165726755
"OPTOTRAK _ C14 _ Right _ 2",174.50948122676,-278.068741955356,-2528.85270249991,230.276351649826,-251.451524583137,-2553.86391133111
"OPTOTRAK _ C14 _ Right _ 2",177.106039449196,-273.964243791119,-2526.42588995042,217.518873316373,-250.989972293913,-2545.74669143451
"OPTOTRAK _ C14 _ Right _ 2",179.106895424425,-269.97733205477,-2523.57472484259,206.062827535767,-250.637043455257,-2537.49256737592
"OPTOTRAK _ C14 _ Right _ 2",180.472639645633,-266.349396019849,-2520.58361786231,196.732242831501,-250.347016836966,-2529.8188454982
"OPTOTRAK _ C14 _ Right _ 2",181.267543270128,-263.267510353104,-2517.74872678407,189.958861052385,-250.03716638977,-2523.36381611184
"OPTOTRAK _ C14 _ Right _ 2",181.626732767248,-260.852820936404,-2515.33004459874,185.796825366004,-249.612156763768,-2518.60521666269
"OPTOTRAK _ C14 _ Right _ 2",181.70421185136,-259.165188290492,-2513.51630863198,184.033743741327,-248.98268986549,-2515.82760835686
"OPTOTRAK _ C14 _ Right _ 2",181.619332731214,-258.219004513687,-2512.40834739534,184.34309656092,-248.080692429144,-2515.13000508026
"OPTOTRAK _ C14 _ Right _ 2",181.4195336811,-258.002305711591,-2512.02094921197,186.418456703873,-246.876526028912,-2516.45425910402
"OPTOTRAK _ C14 _ Right _ 2",181.071230699127,-258.491611680101,-2512.29922172252,190.048280217052,-245.399936999617,-2519.61657601306
"OPTOTRAK _ C14 _ Right _ 2",180.481009265323,-259.657533657222,-2513.1429745856,195.119063640976,-243.758956165915,-2524.33395966288
"OPTOTRAK _ C14 _ Right _ 2",179.538672851284,-261.460011356038,-2514.43164373558,201.56191546506,-242.144894395992,-2530.24691892038
"OPTOTRAK _ C14 _ Right _ 2",178.165936002383,-263.836021481093,-2516.04305756452,209.273839204495,-240.81180232723,-2536.94396949792
"OPTOTRAK _ C14 _ Right _ 2",176.3532182026,-266.685538625735,-2517.86239524235,218.046497258147,-240.027161673161,-2543.99125591523
"OPTOTRAK _ C14 _ Right _ 2",174.173175729963,-269.862316863271,-2519.78222241532,227.52473475071,-240.00385289497,-2550.96518387913
"OPTOTRAK _ C14 _ Right _ 2",171.769968857107,-273.174473576228,-2521.69834476923,237.202535295261,-240.834259821572,-2557.48209361885
"OPTOTRAK _ C14 _ Right _ 2",169.331900688566,-276.39680869708,-2523.50730605083,246.453261166342,-242.449393703834,-2563.21954324142
"OPTOTRAK _ C14 _ Right _ 2",167.058061744305,-279.293581799965,-2525.10928304686,254.587025535589,-244.618287191011,-2567.9278478019
"OPTOTRAK _ C14 _ Right _ 2",165.12754411422,-281.647974884906,-2526.41653263416,260.92839069775,-246.989881997036,-2571.43494945809
"OPTOTRAK _ C14 _ Right _ 2",163.675867206689,-283.29300817797,-2527.36472965247,264.907802457635,-249.166803566971,-2573.64965268729
"OPTOTRAK _ C14 _ Right _ 2",162.780045018358,-284.138200161676,-2527.92360413446,266.1573755959,-250.791692858333,-2574.56684653584
"OPTOTRAK _ C14 _ Right _ 2",162.451993648222,-284.18653326165,-2528.10369223282,264.59581870387,-251.623792755849,-2574.27441149115
"OPTOTRAK _ C14 _ Right _ 2",162.639594834891,-283.53717714649,-2527.95680604467,260.480894909683,-251.586317221513,-2572.95688921324
"OPTOTRAK _ C14 _ Right _ 2",163.235281052192,-282.3712344128,-2527.56886669919,254.405351626726,-250.772901329668,-2570.88794185151
"OPTOTRAK _ C14 _ Right _ 2",164.092498626236,-280.921058023829,-2527.0454984261,247.219504271435,-249.412596469238,-2568.40444916829
"OPTOTRAK _ C14 _ Right _ 2",165.049408347826,-279.428388592988,-2526.49320518388,239.884345206854,-247.804867116023,-2565.86110774423
