"fileName","thumb_y","thumb_x","thumb_z","finger_y","finger_x","finger_z"
"OPTOTRAK _ C06 _ Left _ 3",-91.0586104692144,190.469148079981,-2465.69667903292,-80.2845888966982,191.168702753346,-2473.82162315074
"OPTOTRAK _ C06 _ Left _ 3",-91.051927858405,190.429290785008,-2465.65973462662,-80.2747090222021,191.131366808162,-2473.78365942211
"OPTOTRAK _ C06 _ Left _ 3",-91.0448971723063,190.37298341539,-2465.61973835729,-80.2633672804455,191.078483930556,-2473.7407295072
"OPTOTRAK _ C06 _ Left _ 3",-91.0382904034985,190.301757398984,-2465.58112508317,-80.2511823225539,191.011615319339,-2473.6976400259
"OPTOTRAK _ C06 _ Left _ 3",-91.0328165006512,190.219466605276,-2465.5482094286,-80.2388246060115,190.934523011204,-2473.65963608075
"OPTOTRAK _ C06 _ Left _ 3",-91.0289358496961,190.131906849682,-2465.52419103832,-80.2269177261527,190.852761690079,-2473.63124741271
"OPTOTRAK _ C06 _ Left _ 3",-91.026704984481,190.046042538864,-2465.51044599886,-80.2159278242563,190.772950454732,-2473.61523826582
"OPTOTRAK _ C06 _ Left _ 3",-91.0257029587742,189.968967795606,-2465.50632885991,-80.2060473517422,190.701875203697,-2473.61196874521
"OPTOTRAK _ C06 _ Left _ 3",-91.0250851928175,189.906807183395,-2465.5095383578,-80.197115123378,190.645571604338,-2473.61938331908
"OPTOTRAK _ C06 _ Left _ 3",-91.0237755578424,189.863819865508,-2465.51690135133,-80.1886310193927,190.608534706765,-2473.63366139597
"OPTOTRAK _ C06 _ Left _ 3",-91.0207516558002,189.841951272033,-2465.52528741759,-80.1798952189039,190.593201689054,-2473.65033432487
"OPTOTRAK _ C06 _ Left _ 3",-91.0153333526242,189.840940685988,-2465.53234726608,-80.1702443447144,190.599815928787,-2473.66549646285
"OPTOTRAK _ C06 _ Left _ 3",-91.0073800315104,189.858887725915,-2465.53687855711,-80.1593111452693,190.626675988126,-2473.67672562454
"OPTOTRAK _ C06 _ Left _ 3",-90.9973420529485,189.893014409209,-2465.53880520566,-80.1472268050209,190.67064630172,-2473.68349287178
"OPTOTRAK _ C06 _ Left _ 3",-90.9861716970278,189.940324174282,-2465.53891606197,-80.134706804448,190.727745772281,-2473.68706809988
"OPTOTRAK _ C06 _ Left _ 3",-90.9751415763108,189.997966071707,-2465.53856305751,-80.1229889306324,190.79367631185,-2473.69007527604
"OPTOTRAK _ C06 _ Left _ 3",-90.9656254074108,190.063286952934,-2465.53945189875,-80.1136193295251,190.864250216509,-2473.69587457138
"OPTOTRAK _ C06 _ Left _ 3",-90.9588812262133,190.133691377536,-2465.54353498956,-80.1081189329276,190.935733285363,-2473.70790457296
"OPTOTRAK _ C06 _ Left _ 3",-90.9558648938409,190.206468950729,-2465.55292178648,-80.1076071241951,191.005107577953,-2473.72907273983
"OPTOTRAK _ C06 _ Left _ 3",-90.9570955748317,190.278712188145,-2465.56969293903,-80.1124901909327,191.070215755855,-2473.76125092051
"OPTOTRAK _ C06 _ Left _ 3",-90.9625835698889,190.347387587892,-2465.59553489972,-80.1223139564405,191.129735670316,-2473.80490581035
"OPTOTRAK _ C06 _ Left _ 3",-90.9718162011632,190.409560741634,-2465.63119716836,-80.1358285386239,191.182970469807,-2473.85888101
"OPTOTRAK _ C06 _ Left _ 3",-90.9837948731793,190.462711176058,-2465.67590602968,-80.1512420747817,191.229508688064,-2473.92036083027
"OPTOTRAK _ C06 _ Left _ 3",-90.997130543122,190.505024039066,-2465.72698944844,-80.1665864798639,191.268872888883,-2473.98507314132
"OPTOTRAK _ C06 _ Left _ 3",-91.0102177940709,190.535553825491,-2465.77998430993,-80.1801033395599,191.300297544504,-2474.04779459855
"OPTOTRAK _ C06 _ Left _ 3",-91.0214955570675,190.554229731114,-2465.82935819288,-80.1905719643362,191.322744394116,-2474.10317104812
"OPTOTRAK _ C06 _ Left _ 3",-91.0297618230803,190.561763537097,-2465.86973479136,-80.1975217337045,191.335190708387,-2474.14674996897
"OPTOTRAK _ C06 _ Left _ 3",-91.0344657302661,190.559557610459,-2465.89728843751,-80.2012894547727,191.33713364502,-2474.17598517788
"OPTOTRAK _ C06 _ Left _ 3",-91.035885014978,190.549666767913,-2465.91087337135,-80.2029075217993,191.329161898426,-2474.19090368382
"OPTOTRAK _ C06 _ Left _ 3",-91.0351204073964,190.534785063535,-2465.91250960648,-80.2038450666863,191.313381429817,-2474.19418857569
"OPTOTRAK _ C06 _ Left _ 3",-91.0338873620475,190.518172073594,-2465.90703309651,-80.2056627560023,191.293482640202,-2474.19061885218
"OPTOTRAK _ C06 _ Left _ 3",-91.0341390096478,190.503440581959,-2465.90097192781,-80.209663785943,191.274331257348,-2474.18602331029
"OPTOTRAK _ C06 _ Left _ 3",-91.0375993794274,190.494191420461,-2465.90094810337,-80.2166170607355,191.261140268172,-2474.18604038049
"OPTOTRAK _ C06 _ Left _ 3",-91.0453174956499,190.493556595734,-2465.91204893828,-80.2266018974543,191.258456200102,-2474.19498784283
"OPTOTRAK _ C06 _ Left _ 3",-91.0573624439946,190.503752047842,-2465.93662099428,-80.2389959619595,191.269267889654,-2474.21507868541
"OPTOTRAK _ C06 _ Left _ 3",-91.0727511432349,190.525741415979,-2465.97380426174,-80.2526043968961,191.294484036483,-2474.24612302255
"OPTOTRAK _ C06 _ Left _ 3",-91.0896312882551,190.55909341141,-2466.01987972598,-80.265898531203,191.332884779952,-2474.28573886736
"OPTOTRAK _ C06 _ Left _ 3",-91.105661456799,190.602074582138,-2466.06924830814,-80.2773003166268,191.381508895175,-2474.3299656761
"OPTOTRAK _ C06 _ Left _ 3",-91.118480999711,190.651943282306,-2466.11570862988,-80.2854369626933,191.436327274156,-2474.37408278767
"OPTOTRAK _ C06 _ Left _ 3",-91.1261590467715,190.705334983657,-2466.15369213016,-80.289314055585,191.4929900903,-2474.41342416974
"OPTOTRAK _ C06 _ Left _ 3",-91.1275372833383,190.758618652877,-2466.17919424986,-80.2883994967212,191.54744192562,-2474.44403877496
"OPTOTRAK _ C06 _ Left _ 3",-91.1224127398274,190.808170679912,-2466.19024876296,-80.2826426912169,191.596284342079,-2474.46312096092
"OPTOTRAK _ C06 _ Left _ 3",-91.1115359378099,190.850598601284,-2466.18690859611,-80.272455568943,191.636891919275,-2474.46919357354
"OPTOTRAK _ C06 _ Left _ 3",-91.0964295402233,190.882985808292,-2466.1708163825,-80.258665271647,191.66738476271,-2474.4620734599
"OPTOTRAK _ C06 _ Left _ 3",-91.0790679042437,190.90319535342,-2466.14455168266,-80.2424350968736,191.686577407566,-2474.44269600756
"OPTOTRAK _ C06 _ Left _ 3",-91.0614926090736,190.910188590997,-2466.11099169753,-80.2251483797531,191.693973959091,-2474.41289853985
"OPTOTRAK _ C06 _ Left _ 3",-91.0454548993237,190.904243150867,-2466.07288300291,-80.2082531587118,191.689815692992,-2474.37522960061
"OPTOTRAK _ C06 _ Left _ 3",-91.032160023147,190.886953369113,-2466.03269510808,-80.1930719549678,191.675144542902,-2474.33277399941
"OPTOTRAK _ C06 _ Left _ 3",-91.0221494065902,190.860968678912,-2465.99267153673,-80.180596835205,191.651820270255,-2474.28891991611
"OPTOTRAK _ C06 _ Left _ 3",-91.0153174579804,190.829518783095,-2465.95489662397,-80.1713141091278,191.622411990055,-2474.24699862019
"OPTOTRAK _ C06 _ Left _ 3",-91.0110354828391,190.7958348843,-2465.92121085602,-80.1651183527918,191.589893667021,-2474.20980384007
"OPTOTRAK _ C06 _ Left _ 3",-91.0083442432968,190.762591428824,-2465.89292461149,-80.1613599839843,191.557137729955,-2474.17909621843
"OPTOTRAK _ C06 _ Left _ 3",-91.0061723764152,190.731480930153,-2465.87043326228,-80.15902180189,191.52631448505,-2474.15525237369
"OPTOTRAK _ C06 _ Left _ 3",-91.0035388920185,190.703011248407,-2465.85293822132,-80.1569652255409,191.498403836443,-2474.1371958422
"OPTOTRAK _ C06 _ Left _ 3",-90.9997065231535,190.676577949247,-2465.83846921834,-80.1541630128504,191.473033230799,-2474.12266470071
"OPTOTRAK _ C06 _ Left _ 3",-90.9942668459837,190.650806281227,-2465.82428452751,-80.14985450202,191.448749339112,-2474.10876336673
"OPTOTRAK _ C06 _ Left _ 3",-90.9871506570526,190.624086541255,-2465.80755570558,-80.1436016726523,191.423661797758,-2474.09264745286
"OPTOTRAK _ C06 _ Left _ 3",-90.9785663197139,190.595165810058,-2465.7861096171,-80.1352612878102,191.396246036724,-2474.07214264101
"OPTOTRAK _ C06 _ Left _ 3",-90.9688842144012,190.563626520058,-2465.75898031969,-80.1249101038169,191.366018955149,-2474.04613950534
"OPTOTRAK _ C06 _ Left _ 3",-90.9585101079647,190.530097192264,-2465.72662104183,-80.1127709375759,191.33383459383,-2474.01471643252
"OPTOTRAK _ C06 _ Left _ 3",-90.9478036753602,190.496122730819,-2465.69076260675,-80.0991844622619,191.301684223704,-2473.97904253462
"OPTOTRAK _ C06 _ Left _ 3",-90.9370779340064,190.463747879959,-2465.65400362746,-80.0846446255311,191.272077360095,-2473.94114503297
"OPTOTRAK _ C06 _ Left _ 3",-90.9266690240706,190.434964629103,-2465.61927050973,-80.0698684793485,191.247241748236,-2473.90360660613
"OPTOTRAK _ C06 _ Left _ 3",-90.9170238425221,190.41119657567,-2465.58929834569,-80.0558314673491,191.228440024193,-2473.86922882324
"OPTOTRAK _ C06 _ Left _ 3",-90.9087372250676,190.392962530393,-2465.56624075167,-80.0436979089818,191.215640201886,-2473.84067654448
"OPTOTRAK _ C06 _ Left _ 3",-90.9024875833465,190.379806264885,-2465.55143247567,-80.0346196475211,191.207630815866,-2473.8201104288
"OPTOTRAK _ C06 _ Left _ 3",-90.8988671022549,190.370499103943,-2465.54526709771,-80.0294395229737,191.202505863772,-2473.80882815713
"OPTOTRAK _ C06 _ Left _ 3",-90.8981594941081,190.363435744712,-2465.54714969321,-80.028388772751,191.198325744777,-2473.80696806782
"OPTOTRAK _ C06 _ Left _ 3",-90.9001531625575,190.357093734821,-2465.55551506341,-80.030889322687,191.193721812463,-2473.81335844942
"OPTOTRAK _ C06 _ Left _ 3",-90.9040738733635,190.350422252442,-2465.56793232607,-80.0355555714949,191.188249429012,-2473.82559006828
"OPTOTRAK _ C06 _ Left _ 3",-90.9086860028312,190.343045115063,-2465.58133324068,-80.0404355663231,191.182385285399,-2473.84033929135
"OPTOTRAK _ C06 _ Left _ 3",-90.9125590738948,190.335209576619,-2465.59239061783,-80.0434511324939,191.177186848224,-2473.85389793394
"OPTOTRAK _ C06 _ Left _ 3",-90.9144384789782,190.327500971091,-2465.59802695724,-80.042919163221,191.17375629767,-2473.86280712362
"OPTOTRAK _ C06 _ Left _ 3",-90.9136132926121,190.32044492574,-2465.59597552062,-80.0379961430687,191.172728846562,-2473.86446866123
"OPTOTRAK _ C06 _ Left _ 3",-90.9101616559156,190.314171111679,-2465.58528182405,-80.0289066884692,191.173986701254,-2473.85762521383
"OPTOTRAK _ C06 _ Left _ 3",-90.9049876794976,190.308277287385,-2465.56663539583,-80.0168901034188,191.176685920689,-2473.84264373953
"OPTOTRAK _ C06 _ Left _ 3",-90.8996341322574,190.301927789843,-2465.54244755898,-80.0038962033837,191.179536916431,-2473.82157155137
"OPTOTRAK _ C06 _ Left _ 3",-90.8959315869939,190.294109489726,-2465.51662307369,-79.9921400163506,191.181179671422,-2473.79794375789
"OPTOTRAK _ C06 _ Left _ 3",-90.8955898940719,190.283918568969,-2465.49400408517,-79.9836516233456,191.180487632343,-2473.77632135364
"OPTOTRAK _ C06 _ Left _ 3",-90.8998341027222,190.27078592719,-2465.47950824964,-79.9799280211303,191.176713681069,-2473.76156056435
"OPTOTRAK _ C06 _ Left _ 3",-90.9091506497827,190.254623210402,-2465.4770668877,-79.981733032125,191.169505866797,-2473.75787262752
"OPTOTRAK _ C06 _ Left _ 3",-90.9231742455093,190.235912303681,-2465.48859423119,-79.9890356917849,191.158894777955,-2473.7678288683
"OPTOTRAK _ C06 _ Left _ 3",-90.9407266530159,190.215738307268,-2465.51331862845,-80.0010535374076,191.145335089166,-2473.79157047811
"OPTOTRAK _ C06 _ Left _ 3",-90.9600024195143,190.195720613837,-2465.54777473805,-80.0163749079196,191.129786681858,-2473.82652177062
"OPTOTRAK _ C06 _ Left _ 3",-90.9788707671934,190.177791306879,-2465.5865503129,-80.0331516318609,191.113729576606,-2473.86780057058
"OPTOTRAK _ C06 _ Left _ 3",-90.9952363557569,190.163825129267,-2465.62359014411,-80.0493579952274,191.099004008317,-2473.90927807037
"OPTOTRAK _ C06 _ Left _ 3",-91.0073895939623,190.155208536178,-2465.65364233315,-80.0630972360525,191.087460341625,-2473.94498603622
"OPTOTRAK _ C06 _ Left _ 3",-91.0142806496676,190.152493159738,-2465.67339980529,-80.0729100855045,191.080526125089,-2473.97044405693
"OPTOTRAK _ C06 _ Left _ 3",-91.015663580047,190.155275073115,-2465.68203392309,-80.0780160975732,191.078866472946,-2473.98353305831
"OPTOTRAK _ C06 _ Left _ 3",-91.0120794732156,190.162373764123,-2465.68103625269,-80.0784184993646,191.082285793603,-2473.9847193006
"OPTOTRAK _ C06 _ Left _ 3",-91.0046871110832,190.172272922767,-2465.67348732143,-80.0748394765422,191.089911128219,-2473.97664540605
"OPTOTRAK _ C06 _ Left _ 3",-90.9949982555264,190.183664350565,-2465.66302727709,-80.0685108077612,191.100572839969,-2473.96328206923
"OPTOTRAK _ C06 _ Left _ 3",-90.984602197799,190.195869570108,-2465.65288901457,-80.0608910700214,191.11322119923,-2473.94893808936
"OPTOTRAK _ C06 _ Left _ 3",-90.9749469437496,190.208962756397,-2465.6453121767,-80.0533911376091,191.127218920302,-2473.93743246157
"OPTOTRAK _ C06 _ Left _ 3",-90.9671962184429,190.223573109479,-2465.6414685126,-80.0471654327443,191.142426103109,-2473.93162438333
"OPTOTRAK _ C06 _ Left _ 3",-90.9621430556139,190.24050656402,-2465.64178850522,-80.0429881661354,191.159105891036,-2473.93330925764
"OPTOTRAK _ C06 _ Left _ 3",-90.9601569225228,190.260393025482,-2465.64642339944,-80.0412063358526,191.177757839556,-2473.94332571896
"OPTOTRAK _ C06 _ Left _ 3",-90.9611610487586,190.283512664351,-2465.65557113937,-80.041754628203,191.198982398607,-2473.96167923353
"OPTOTRAK _ C06 _ Left _ 3",-90.9646541173629,190.309835039407,-2465.66951328944,-80.0442209788562,191.22341270019,-2473.98757417069
"OPTOTRAK _ C06 _ Left _ 3",-90.9697907095191,190.33919450016,-2465.68838096153,-80.0479499351321,191.251683241709,-2474.01937817269
"OPTOTRAK _ C06 _ Left _ 3",-90.9755179855657,190.371482540261,-2465.71180655291,-80.0521626978112,191.28438470927,-2474.05463726899
"OPTOTRAK _ C06 _ Left _ 3",-90.9807427983087,190.406770465547,-2465.73866194052,-80.0560687893405,191.321978734918,-2474.0902741621
"OPTOTRAK _ C06 _ Left _ 3",-90.9844893989695,190.445340505289,-2465.76702809261,-80.0589519185716,191.364686641763,-2474.12303281911
"OPTOTRAK _ C06 _ Left _ 3",-90.9860131519277,190.487645492063,-2465.79443635005,-80.0602275142484,191.412391848531,-2474.15011602546
"OPTOTRAK _ C06 _ Left _ 3",-90.9848567004112,190.534215168018,-2465.8183279595,-80.059481595827,191.464592206831,-2474.16985694234
"OPTOTRAK _ C06 _ Left _ 3",-90.9808580913852,190.585505503244,-2465.83662155248,-80.0565027366714,191.520415774042,-2474.18221634319
"OPTOTRAK _ C06 _ Left _ 3",-90.9741320782066,190.641688297827,-2465.84824845971,-80.0513102311955,191.578692937222,-2474.18892090736
"OPTOTRAK _ C06 _ Left _ 3",-90.9650413260382,190.702417786758,-2465.85350289886,-80.044167929145,191.638070076978,-2474.1931489651
"OPTOTRAK _ C06 _ Left _ 3",-90.9541593783333,190.766659754128,-2465.85407232098,-80.0355635293806,191.697150004488,-2474.19880253088
"OPTOTRAK _ C06 _ Left _ 3",-90.9422134447538,190.832680836211,-2465.85268332143,-80.0261360732081,191.7546432235,-2474.20953592322
"OPTOTRAK _ C06 _ Left _ 3",-90.9299902456795,190.898256109141,-2465.8524109832,-80.0165524098444,191.809509049268,-2474.2277969131
"OPTOTRAK _ C06 _ Left _ 3",-90.9181959073767,190.96108249838,-2465.85581498001,-80.0073576631044,191.861064086674,-2474.25414518154
"OPTOTRAK _ C06 _ Left _ 3",-90.9072856315967,191.019306644626,-2465.86415020314,-79.9988402626407,191.909047313849,-2474.2870407962
"OPTOTRAK _ C06 _ Left _ 3",-90.8973159241727,191.072008622707,-2465.87692717825,-79.990951168616,191.953651623225,-2474.32316664229
"OPTOTRAK _ C06 _ Left _ 3",-90.887894983689,191.119463305634,-2465.89202854579,-79.983303658267,191.995537945506,-2474.3582028825
"OPTOTRAK _ C06 _ Left _ 3",-90.8782849498651,191.163058866637,-2465.90640032218,-79.9752614622904,192.035820568966,-2474.38784983104
"OPTOTRAK _ C06 _ Left _ 3",-90.867643174557,191.204871102217,-2465.91708892309,-79.9661008951126,192.075966715186,-2474.40882984707
"OPTOTRAK _ C06 _ Left _ 3",-90.8553151482372,191.247018307494,-2465.92221788205,-79.9552076337255,192.117540398524,-2474.41960220109
"OPTOTRAK _ C06 _ Left _ 3",-90.8410555719969,191.290999574105,-2465.9215031655,-79.9422496558437,192.161778764126,-2474.4205940789
"OPTOTRAK _ C06 _ Left _ 3",-90.8250815514522,191.337221095253,-2465.91610123395,-79.9272691341526,192.209098141582,-2474.41387362717
"OPTOTRAK _ C06 _ Left _ 3",-90.8079415931126,191.384843706428,-2465.90787263328,-79.9106636014561,192.258714953904,-2474.40234672542
"OPTOTRAK _ C06 _ Left _ 3",-90.7902737696436,191.431969372008,-2465.89839064126,-79.8930691933244,192.308564634053,-2474.38871547356
"OPTOTRAK _ C06 _ Left _ 3",-90.7725774048494,191.476069448016,-2465.88812717601,-79.8751966074386,192.355597035569,-2474.37454333159
"OPTOTRAK _ C06 _ Left _ 3",-90.7551081231558,191.514494552542,-2465.8761690927,-79.8576866709591,192.396376553982,-2474.35976899482
"OPTOTRAK _ C06 _ Left _ 3",-90.7379367856168,191.544928280915,-2465.86058994302,-79.841038094945,192.427808950295,-2474.34286637284
"OPTOTRAK _ C06 _ Left _ 3",-90.7211295241456,191.56573396222,-2465.83932610637,-79.8256207899545,192.44780738772,-2474.32160309543
"OPTOTRAK _ C06 _ Left _ 3",-90.7049515666232,191.576222232563,-2465.81120766166,-79.8117452448192,192.455772761291,-2474.29411295779
"OPTOTRAK _ C06 _ Left _ 3",-90.6899906455522,191.576874607217,-2465.7767477324,-79.7997341054891,192.452830621066,-2474.25987809366
"OPTOTRAK _ C06 _ Left _ 3",-90.6771296369511,191.569500723363,-2465.73839067733,-79.7899444397617,192.441800728499,-2474.22025938853
"OPTOTRAK _ C06 _ Left _ 3",-90.6673539720984,191.557251158905,-2465.70010316088,-79.7827122941857,192.42689406873,-2474.17838499779
"OPTOTRAK _ C06 _ Left _ 3",-90.6614386247349,191.54441215732,-2465.66640398752,-79.7782235853868,192.413170156346,-2474.13843063698
"OPTOTRAK _ C06 _ Left _ 3",-90.6596077987824,191.535966774459,-2465.64111901601,-79.77634681087,192.405845099269,-2474.10452311136
"OPTOTRAK _ C06 _ Left _ 3",-90.6612843408087,191.536969266023,-2465.62625996958,-79.7764851067849,192.409585118772,-2474.07960841222
"OPTOTRAK _ C06 _ Left _ 3",-90.6650312974442,191.551818366796,-2465.62140122134,-79.7775095036849,192.427921356754,-2474.06461768953
"OPTOTRAK _ C06 _ Left _ 3",-90.6687314124411,191.583541967941,-2465.62375605605,-79.7778164530801,192.462879672978,-2474.05815315877
"OPTOTRAK _ C06 _ Left _ 3",-90.6699699278126,191.633231956613,-2465.62890634477,-79.7755164930809,192.514856658412,-2474.05675309722
"OPTOTRAK _ C06 _ Left _ 3",-90.6665155228511,191.699776552484,-2465.63192922798,-79.7687245126337,192.582712619732,-2474.05564426265
"OPTOTRAK _ C06 _ Left _ 3",-90.6567637641971,191.779996985206,-2465.62856892692,-79.7558990912653,192.664008764206,-2474.04979311011
"OPTOTRAK _ C06 _ Left _ 3",-90.6400277140932,191.869194725389,-2465.616134787,-79.7361671747971,192.7553055399,-2474.03502244517
"OPTOTRAK _ C06 _ Left _ 3",-90.6166183399935,191.961986127636,-2465.59393070485,-79.7095646015546,192.852470051243,-2474.00894665085
"OPTOTRAK _ C06 _ Left _ 3",-90.5877252368419,192.053204620168,-2465.56317559084,-79.677127581726,192.950990288753,-2473.97150104235
"OPTOTRAK _ C06 _ Left _ 3",-90.5551592849203,192.138635792527,-2465.52650958223,-79.6407963524709,193.046319073742,-2473.92492861535
"OPTOTRAK _ C06 _ Left _ 3",-90.5210398256736,192.215420821214,-2465.48727427531,-79.6031390762593,193.134248895877,-2473.87324256281
"OPTOTRAK _ C06 _ Left _ 3",-90.4875011627751,192.282078628413,-2465.44879545727,-79.5669529607711,193.211273273976,-2473.82134607086
"OPTOTRAK _ C06 _ Left _ 3",-90.4564661154462,192.338208073401,-2465.41386382339,-79.5348286997083,193.274863564876,-2473.77407584475
"OPTOTRAK _ C06 _ Left _ 3",-90.4294981039106,192.384010860481,-2465.38449651032,-79.5087660746324,193.323602625976,-2473.73540260972
"OPTOTRAK _ C06 _ Left _ 3",-90.4077098307236,192.41981568736,-2465.36191579032,-79.4899100098384,193.357157582985,-2473.70790919859
"OPTOTRAK _ C06 _ Left _ 3",-90.3916940085504,192.445773989669,-2465.34659155018,-79.4784468993171,193.37612194161,-2473.69255214379
"OPTOTRAK _ C06 _ Left _ 3",-90.3814625304387,192.461825125169,-2465.33822514873,-79.4736666560943,193.381793144583,-2473.68865164332
"OPTOTRAK _ C06 _ Left _ 3",-90.3764210252447,192.467909793701,-2465.33567636773,-79.474163121218,193.375957550749,-2473.69405675539
"OPTOTRAK _ C06 _ Left _ 3",-90.375428171128,192.464300886228,-2465.33695338282,-79.4781213470557,193.360724728837,-2473.70546887144
"OPTOTRAK _ C06 _ Left _ 3",-90.3769674856981,192.451881990812,-2465.33940881699,-79.4836287596164,193.338408309462,-2473.71892879621
"OPTOTRAK _ C06 _ Left _ 3",-90.3794066683162,192.43225224036,-2465.34019455043,-79.4889499081235,193.311426391329,-2473.73044461897
"OPTOTRAK _ C06 _ Left _ 3",-90.3812763587352,192.407627765017,-2465.33688530348,-79.4927224906118,193.282201090495,-2473.73666835854
"OPTOTRAK _ C06 _ Left _ 3",-90.3814970493142,192.380580374945,-2465.32808322362,-79.4940605290058,193.25305277443,-2473.73547159556
"OPTOTRAK _ C06 _ Left _ 3",-90.379513101143,192.353685479666,-2465.31381420763,-79.4925754758519,193.226091727749,-2473.7262732341
"OPTOTRAK _ C06 _ Left _ 3",-90.3753235260069,192.329174648875,-2465.29559238279,-79.4883368342926,193.203115202245,-2473.71004164868
"OPTOTRAK _ C06 _ Left _ 3",-90.3694112982087,192.308711189606,-2465.27611220345,-79.4817913948455,193.185532064395,-2473.6889895343
"OPTOTRAK _ C06 _ Left _ 3",-90.3625785243928,192.293384623051,-2465.25861580142,-79.4736528577061,193.174347044137,-2473.66605332219
"OPTOTRAK _ C06 _ Left _ 3",-90.3557130676566,192.283919483211,-2465.24607906787,-79.4647699853599,193.170213143725,-2473.64427887809
"OPTOTRAK _ C06 _ Left _ 3",-90.3495420116416,192.280959471716,-2465.24043644608,-79.4559852067152,193.173507645538,-2473.6262306172
"OPTOTRAK _ C06 _ Left _ 3",-90.3444466567436,192.285219063191,-2465.24207331049,-79.448004256518,193.184352675292,-2473.61352054234
"OPTOTRAK _ C06 _ Left _ 3",-90.34040061811,192.297359586952,-2465.24973375854,-79.4413052119394,193.202523716591,-2473.60653415134
"OPTOTRAK _ C06 _ Left _ 3",-90.3370474438431,192.31761274146,-2465.26085599942,-79.4361137244445,193.227258200362,-2473.60441397499
"OPTOTRAK _ C06 _ Left _ 3",-90.3338820355183,192.345327938774,-2465.27222652267,-79.4324516482766,193.257052205432,-2473.60532566264
"OPTOTRAK _ C06 _ Left _ 3",-90.33046777404,192.378666234343,-2465.28077858832,-79.4302323302919,193.289574432789,-2473.60695766151
"OPTOTRAK _ C06 _ Left _ 3",-90.326615813944,192.414597529945,-2465.28433819351,-79.4293494082433,193.321801109651,-2473.6071192976
"OPTOTRAK _ C06 _ Left _ 3",-90.3224675720497,192.449237252365,-2465.28212354447,-79.4297099227522,193.350384286449,-2473.60426020512
"OPTOTRAK _ C06 _ Left _ 3",-90.3184514235037,192.478441620428,-2465.27485082349,-79.4311977168985,193.372156561388,-2473.59776953176
"OPTOTRAK _ C06 _ Left _ 3",-90.3151271193467,192.49850172273,-2465.264410486,-79.4335955185043,193.384614758866,-2473.58800244149
"OPTOTRAK _ C06 _ Left _ 3",-90.3129736855487,192.506756166108,-2465.25322021195,-79.4365159573807,193.386246742744,-2473.57606979174
"OPTOTRAK _ C06 _ Left _ 3",-90.3121988951532,192.50198188917,-2465.24346162164,-79.4393842277771,193.376644277165,-2473.56347843326
"OPTOTRAK _ C06 _ Left _ 3",-90.3126399238273,192.48449975411,-2465.23642853912,-79.4414903067908,193.356428717494,-2473.55172245411
"OPTOTRAK _ C06 _ Left _ 3",-90.313789312356,192.456013997611,-2465.23216669464,-79.4421039111118,193.327067214633,-2473.54191692529
"OPTOTRAK _ C06 _ Left _ 3",-90.3149306931499,192.419271194502,-2465.22949374534,-79.4406282115951,193.290662543203,-2473.53455007786
"OPTOTRAK _ C06 _ Left _ 3",-90.3153239188423,192.377659895915,-2465.22637494294,-79.4367544098713,193.249772814197,-2473.52940230007
"OPTOTRAK _ C06 _ Left _ 3",-90.3143622295495,192.334860464025,-2465.22052587063,-79.4305669940188,193.207283616796,-2473.52562964879
"OPTOTRAK _ C06 _ Left _ 3",-90.3116480613003,192.294596428563,-2465.21005967807,-79.4225528735181,193.166323373701,-2473.52195561948
"OPTOTRAK _ C06 _ Left _ 3",-90.3069856568313,192.260469021225,-2465.19400631865,-79.413499451775,193.130181618022,-2473.51689702137
"OPTOTRAK _ C06 _ Left _ 3",-90.3003324879558,192.235820590461,-2465.172584115,-79.4043118313104,193.102177961234,-2473.50897497766
"OPTOTRAK _ C06 _ Left _ 3",-90.2917600073921,192.223580977106,-2465.14717398701,-79.3958062659224,193.085453249998,-2473.49690505422
"OPTOTRAK _ C06 _ Left _ 3",-90.2814508851169,192.226076043208,-2465.12002393252,-79.3885325729237,193.082694860669,-2473.47979648779
"OPTOTRAK _ C06 _ Left _ 3",-90.2697286415763,192.244794772464,-2465.09378231167,-79.3826543420989,193.095840079373,-2473.45739270695
"OPTOTRAK _ C06 _ Left _ 3",-90.2570936652301,192.280128163338,-2465.07098982698,-79.3778919428404,193.125823032704,-2473.43033346827
"OPTOTRAK _ C06 _ Left _ 3",-90.2442302297217,192.331127796945,-2465.05363057281,-79.373524663789,193.172437268255,-2473.40034143518
"OPTOTRAK _ C06 _ Left _ 3",-90.2319540640798,192.395373726205,-2465.04278492692,-79.3684578235119,193.234360882894,-2473.37020000294
"OPTOTRAK _ C06 _ Left _ 3",-90.2210915012787,192.469053763925,-2465.0384016643,-79.3613750329674,193.309337256246,-2473.34342758639
"OPTOTRAK _ C06 _ Left _ 3",-90.2123109090644,192.547319916927,-2465.0392270567,-79.3509954940281,193.394449935614,-2473.32363798831
"OPTOTRAK _ C06 _ Left _ 3",-90.2059477344978,192.624917553807,-2465.04294704032,-79.3364323244334,193.486393303076,-2473.31366588224
"OPTOTRAK _ C06 _ Left _ 3",-90.2018655795473,192.697004988387,-2465.04657016843,-79.3176053860444,193.581624687852,-2473.31461503089
"OPTOTRAK _ C06 _ Left _ 3",-90.1993807663958,192.76001483566,-2465.04701188184,-79.2956097166472,193.676308983806,-2473.3250449815
"OPTOTRAK _ C06 _ Left _ 3",-90.19725842663,192.81236926549,-2465.04177514597,-79.2728885077086,193.766067257856,-2473.34052874978
"OPTOTRAK _ C06 _ Left _ 3",-90.1937764023956,192.854859860728,-2465.02958636141,-79.2530325144731,193.845700858414,-2473.35378560889
"OPTOTRAK _ C06 _ Left _ 3",-90.1868563252303,192.890536783424,-2465.01083564972,-79.240066804149,193.909186673762,-2473.3555481743
"OPTOTRAK _ C06 _ Left _ 3",-90.1742772434274,192.924010459923,-2464.98767295461,-79.2372170660281,193.950224714366,-2473.33626691609
"OPTOTRAK _ C06 _ Left _ 3",-90.1540046157467,192.960150557988,-2464.96363157168,-79.2453518114746,193.963453694719,-2473.2886229275
"OPTOTRAK _ C06 _ Left _ 3",-90.1246678507325,193.002288980037,-2464.94271786148,-79.2615137274971,193.946208226128,-2473.21054346546
"OPTOTRAK _ C06 _ Left _ 3",-90.0861835593294,193.05021739191,-2464.92804034733,-79.2781106557691,193.900449094984,-2473.10803789776
"OPTOTRAK _ C06 _ Left _ 3",-90.0404414870264,193.098503039991,-2464.92023868323,-79.2833663153776,193.834294162711,-2472.99685253449
"OPTOTRAK _ C06 _ Left _ 3",-89.9918612689174,193.135847723494,-2464.9161690333,-79.263474278351,193.7624510552,-2472.90185023917
"OPTOTRAK _ C06 _ Left _ 3",-89.9475299122484,193.146248354334,-2464.90844014099,-79.2065209783572,193.704876471776,-2472.85326033559
"OPTOTRAK _ C06 _ Left _ 3",-89.9165943206061,193.112464866505,-2464.88638456631,-79.10766707407,193.683236486929,-2472.87956182211
"OPTOTRAK _ C06 _ Left _ 3",-89.908661425572,193.021726590701,-2464.83880999945,-78.9744074987969,193.71525026736,-2472.99773583264
"OPTOTRAK _ C06 _ Left _ 3",-89.9311816182689,192.872783852045,-2464.75837962782,-78.8301517042409,193.807730979501,-2473.20280358664
"OPTOTRAK _ C06 _ Left _ 3",-89.9861461135856,192.682516487195,-2464.64678088562,-78.7141018079244,193.949964811745,-2473.45966204265
"OPTOTRAK _ C06 _ Left _ 3",-90.0668491096117,192.489607157199,-2464.51912991623,-78.6756801699315,194.109752343161,-2473.70087512514
"OPTOTRAK _ C06 _ Left _ 3",-90.1558418482776,192.352570223349,-2464.40559269964,-78.7627285702474,194.234663393165,-2473.83391277635
"OPTOTRAK _ C06 _ Left _ 3",-90.225398005313,192.339968928439,-2464.34826100439,-79.0043773852555,194.260546870268,-2473.76004564142
"OPTOTRAK _ C06 _ Left _ 3",-90.241662917926,192.5121324821,-2464.39206844071,-79.391632564898,194.127957672309,-2473.4045398726
"OPTOTRAK _ C06 _ Left _ 3",-90.1730468119996,192.896066118552,-2464.56995841962,-79.8608353743321,193.805005920657,-2472.75412934602
"OPTOTRAK _ C06 _ Left _ 3",-90.0023213105807,193.458156281516,-2464.88442469848,-80.2864727497595,193.312555230239,-2471.89367027921
"OPTOTRAK _ C06 _ Left _ 3",-89.7404387246928,194.081950795946,-2465.28954032985,-80.489548990524,192.745317578156,-2471.03065110644
"OPTOTRAK _ C06 _ Left _ 3",-89.4386650574394,194.559704697389,-2465.67907558342,-80.2652435573902,192.281058993836,-2470.4953880904
"OPTOTRAK _ C06 _ Left _ 3",-89.1947082049328,194.605475828643,-2465.88656481113,-79.4287146921026,192.170770422123,-2470.70767316421
"OPTOTRAK _ C06 _ Left _ 3",-89.1486767628779,193.893643941658,-2465.70160281227,-77.8712834947996,192.705970746544,-2472.10800031715
"OPTOTRAK _ C06 _ Left _ 3",-89.4663136768815,192.119942384692,-2464.9030412644,-75.6124902358281,194.165317884216,-2475.06255176557
"OPTOTRAK _ C06 _ Left _ 3",-90.3100145763906,189.073817638756,-2463.30462549169,-72.8293342172164,196.750294368275,-2479.76319214046
"OPTOTRAK _ C06 _ Left _ 3",-91.8020616452351,184.703954420306,-2460.80329244646,-69.8455989991215,200.52638818064,-2486.15201643014
"OPTOTRAK _ C06 _ Left _ 3",-93.9880540752442,179.15667893592,-2457.41688021901,-67.0737780005361,205.388381215791,-2493.89883351043
"OPTOTRAK _ C06 _ Left _ 3",-96.8101827071524,172.77235493783,-2453.29860008077,-64.9186273176862,211.063170142745,-2502.44602058371
"OPTOTRAK _ C06 _ Left _ 3",-100.098645865386,166.037479788572,-2448.72153296802,-63.6686882041487,217.151242313345,-2511.11153044504
"OPTOTRAK _ C06 _ Left _ 3",-103.585102049223,159.505464810511,-2444.03633634078,-63.4112141706917,223.193476749524,-2519.21769499729
"OPTOTRAK _ C06 _ Left _ 3",-106.936055956034,153.70980389289,-2439.61491497507,-64.0006537147729,228.740974932461,-2526.20300153465
"OPTOTRAK _ C06 _ Left _ 3",-109.798995565738,149.093703709734,-2435.79672595875,-65.0928847105909,233.407271228082,-2531.68233336089
"OPTOTRAK _ C06 _ Left _ 3",-111.85208514178,145.97019366322,-2432.85048970444,-66.2354573924751,236.893148349178,-2535.4442431228
"OPTOTRAK _ C06 _ Left _ 3",-112.849472716137,144.512312742795,-2430.95540873918,-66.9876687091015,238.98773013773,-2537.40034237013
"OPTOTRAK _ C06 _ Left _ 3",-112.656936620471,144.762127631772,-2430.19824449105,-67.0379744190968,239.558684588368,-2537.51991218764
"OPTOTRAK _ C06 _ Left _ 3",-111.274430041746,146.644796141899,-2430.57947031379,-66.2891144356214,238.546016231808,-2535.78545443963
"OPTOTRAK _ C06 _ Left _ 3",-108.842324965825,149.979210359621,-2432.02297126104,-64.8901298835149,235.968544329536,-2532.19222187315
"OPTOTRAK _ C06 _ Left _ 3",-105.628015553676,154.485735599572,-2434.38696732399,-63.206608751398,231.942415519013,-2526.79270395565
"OPTOTRAK _ C06 _ Left _ 3",-101.991091272867,159.798878375729,-2437.47681386761,-61.7345821096766,226.700900599505,-2519.76457487729
"OPTOTRAK _ C06 _ Left _ 3",-98.3296620983314,165.494327344891,-2441.0619056896,-60.9778671658264,220.598982438744,-2511.46674845504
"OPTOTRAK _ C06 _ Left _ 3",-95.0165530509763,171.134656004171,-2444.89849014218,-61.320097913299,214.088517209255,-2502.44910629915
"OPTOTRAK _ C06 _ Left _ 3",-92.3390897448511,176.328434200985,-2448.75769180149,-62.9265706878673,207.660420894047,-2493.39801504172
"OPTOTRAK _ C06 _ Left _ 3",-90.4571610411688,180.788244272026,-2452.45434415819,-65.7036243337012,201.765511704653,-2485.02631408507
"OPTOTRAK _ C06 _ Left _ 3",-89.3901108117479,184.368901721514,-2455.86918022405,-69.3250644981492,196.738443900088,-2477.94230266351
"OPTOTRAK _ C06 _ Left _ 3",-89.0351273778876,187.070724722986,-2458.95651507957,-73.3126529016062,192.752748773734,-2472.54540027828
"OPTOTRAK _ C06 _ Left _ 3",-89.2110834417825,189.003287234024,-2461.73263160972,-77.1412640615982,189.826076642453,-2468.98873709089
"OPTOTRAK _ C06 _ Left _ 3",-89.7152725344644,190.318725279233,-2464.24580933112,-80.3369095381105,187.876006181073,-2467.22221706824
"OPTOTRAK _ C06 _ Left _ 3",-90.3780685362384,191.134830374802,-2466.53512880174,-82.5470293257357,186.806250898174,-2467.09524398215
"OPTOTRAK _ C06 _ Left _ 3",-91.1023464841476,191.472637289761,-2468.58956276388,-83.5787148824121,186.589873304634,-2468.47279705017
"OPTOTRAK _ C06 _ Left _ 3",-91.8793480182489,191.229828496631,-2470.32017813794,-83.4119851405543,187.315649884508,-2471.31355269703
"OPTOTRAK _ C06 _ Left _ 3",-92.77892096925,190.201441983842,-2471.55630475558,-82.1972860319901,189.175896373425,-2475.67535804063
"OPTOTRAK _ C06 _ Left _ 3",-93.9182598545735,188.145608673936,-2472.07139745921,-80.2407929435463,192.394585819441,-2481.6438844179
"OPTOTRAK _ C06 _ Left _ 3",-95.4182366709161,184.877381577132,-2471.63629699573,-77.9732147739101,197.117194146927,-2489.21324380796
"OPTOTRAK _ C06 _ Left _ 3",-97.3591446083614,180.361980377869,-2470.08785329061,-75.8937701673217,203.301329161045,-2498.17083196814
"OPTOTRAK _ C06 _ Left _ 3",-99.7474917264327,174.77464767378,-2467.39243084901,-74.485614925679,210.652670472742,-2508.04238960548
"OPTOTRAK _ C06 _ Left _ 3",-102.50226641066,168.501867153495,-2463.68133661424,-74.112693560829,218.638666772414,-2518.13215891579
"OPTOTRAK _ C06 _ Left _ 3",-105.463492361397,162.078143819029,-2459.24252347454,-74.9240566708354,226.583526241093,-2527.6526762505
"OPTOTRAK _ C06 _ Left _ 3",-108.419271149598,156.077361267008,-2454.46902094465,-76.7985019430398,233.813280901718,-2535.89742732135
"OPTOTRAK _ C06 _ Left _ 3",-111.141951116624,150.996073323195,-2449.78190987658,-79.3525991308695,239.797324848039,-2542.38948220867
"OPTOTRAK _ C06 _ Left _ 3",-113.421973663205,147.167905020671,-2445.55446221088,-82.0133636273857,244.23602389756,-2546.95097044353
"OPTOTRAK _ C06 _ Left _ 3",-115.090665466892,144.732857441395,-2442.05982359409,-84.1359875562525,247.06999329814,-2549.67350060865
"OPTOTRAK _ C06 _ Left _ 3",-116.02946605423,143.661981949566,-2439.4516413823,-85.1370683613513,248.419382248232,-2550.80892617707
"OPTOTRAK _ C06 _ Left _ 3",-116.169329212725,143.818534086143,-2437.77394251613,-84.6152961744462,248.484985244916,-2550.62640374021
"OPTOTRAK _ C06 _ Left _ 3",-115.487101894611,145.028314443779,-2436.98911523038,-82.4388550252592,247.450631987397,-2549.28848219124
"OPTOTRAK _ C06 _ Left _ 3",-114.004535921029,147.13469944055,-2437.01151377417,-78.786143735742,245.419794227434,-2546.78773631992
"OPTOTRAK _ C06 _ Left _ 3",-111.79145274101,150.024073564712,-2437.73670484334,-74.131827447355,242.403650609531,-2542.96269095409
"OPTOTRAK _ C06 _ Left _ 3",-108.969950651957,153.620070797579,-2439.060595903,-69.1754405496579,238.358784691962,-2537.58546088089
"OPTOTRAK _ C06 _ Left _ 3",-105.713945271643,157.855751442018,-2440.8873530827,-64.7178819545344,233.256308274634,-2530.49121802232
"OPTOTRAK _ C06 _ Left _ 3",-102.239135222191,162.638585195809,-2443.12902529375,-61.50344114734,227.155383137411,-2521.7071871959
"OPTOTRAK _ C06 _ Left _ 3",-98.7822007436575,167.822991443621,-2445.70189378392,-60.0587619830678,220.254919414849,-2511.53957459832
"OPTOTRAK _ C06 _ Left _ 3",-95.5727166331905,173.200271559935,-2448.52393946207,-60.5691012897629,212.906517767187,-2500.59035157243
"OPTOTRAK _ C06 _ Left _ 3",-92.8047052514055,178.508245898568,-2451.51482907816,-62.8295295055433,205.585969434955,-2489.69806612317
"OPTOTRAK _ C06 _ Left _ 3",-90.615623802117,183.455350356589,-2454.5961327634,-66.2912514183589,198.834913218773,-2479.82058843428
"OPTOTRAK _ C06 _ Left _ 3",-89.0786013051783,187.749067182238,-2457.68741301093,-70.1950062269057,193.193129698516,-2471.89427574662
"OPTOTRAK _ C06 _ Left _ 3",-88.2095180140786,191.118744255128,-2460.69518728015,-73.7555529752497,189.141133555796,-2466.70645709942
"OPTOTRAK _ C06 _ Left _ 3",-87.9854496767121,193.328599596481,-2463.4965712262,-76.3461885326491,187.062074137079,-2464.80507451464
"OPTOTRAK _ C06 _ Left _ 3",-88.3670326316926,194.185071487409,-2465.92522294073,-77.6359142983464,187.217624112717,-2466.44819260259
"OPTOTRAK _ C06 _ Left _ 3",-89.3161488153936,193.54813728649,-2467.77026732516,-77.649324337773,189.724314474497,-2471.58050104107
"OPTOTRAK _ C06 _ Left _ 3",-90.8025405209371,191.354312499957,-2468.79648416679,-76.7401431971948,194.521122919666,-2479.8243266692
"OPTOTRAK _ C06 _ Left _ 3",-92.7976495919739,187.649809045498,-2468.7862613155,-75.4868503328591,201.334016212187,-2490.48763885071
"OPTOTRAK _ C06 _ Left _ 3",-95.2591410948002,182.620943608765,-2467.59352936356,-74.5331300808178,209.659015534921,-2502.60805125735
"OPTOTRAK _ C06 _ Left _ 3",-98.1130003329257,176.602999033601,-2465.19190035991,-74.4092974545739,218.790352792789,-2515.05392870806
"OPTOTRAK _ C06 _ Left _ 3",-101.240504832028,170.053792265764,-2461.69851334208,-75.3809605064331,227.907126185252,-2526.68383253755
"OPTOTRAK _ C06 _ Left _ 3",-104.475034119515,163.493038353753,-2457.36369173861,-77.3694995124324,236.204392258279,-2536.5323019497
"OPTOTRAK _ C06 _ Left _ 3",-107.609954275503,157.425065628675,-2452.53072115388,-79.9689461807728,243.028711647765,-2543.96495679803
"OPTOTRAK _ C06 _ Left _ 3",-110.415385048237,152.270486367988,-2447.58166302555,-82.551260262423,247.971554610355,-2548.74809146364
"OPTOTRAK _ C06 _ Left _ 3",-112.659958326336,148.327273585478,-2442.88739534401,-84.4236947910883,250.891709483199,-2551.00855735714
"OPTOTRAK _ C06 _ Left _ 3",-114.134190894801,145.767004383732,-2438.77302848433,-84.9921241168348,251.868244067208,-2551.10226567225
"OPTOTRAK _ C06 _ Left _ 3",-114.67382021191,144.656646120284,-2435.49956565113,-83.893170401004,251.111121485072,-2549.44292283622
"OPTOTRAK _ C06 _ Left _ 3",-114.182501096737,144.987924704762,-2433.25581543342,-81.0747542542316,248.86695690172,-2546.35346649853
"OPTOTRAK _ C06 _ Left _ 3",-112.652337931036,146.697724054282,-2432.15372594535,-76.8181870301839,245.352524608255,-2541.98969798623
"OPTOTRAK _ C06 _ Left _ 3",-110.178175155734,149.671883938288,-2432.22380637389,-71.7014357918747,240.733587591868,-2536.3561737156
"OPTOTRAK _ C06 _ Left _ 3",-106.959289471126,153.736179254453,-2433.4118365914,-66.5063269684947,235.147503896571,-2529.39994172732
"OPTOTRAK _ C06 _ Left _ 3",-103.282499795773,158.646716295574,-2435.58115929296,-62.078264737628,228.751203916647,-2521.13993725245
"OPTOTRAK _ C06 _ Left _ 3",-99.4849872160383,164.093632551677,-2438.52541452752,-59.1586420327853,221.767492330526,-2511.77816792547
"OPTOTRAK _ C06 _ Left _ 3",-95.902207768182,169.726158402965,-2441.99433631378,-58.2243316155515,214.50549146007,-2501.74763162878
"OPTOTRAK _ C06 _ Left _ 3",-92.8130032266452,175.196543250196,-2445.73048291337,-59.3766797758625,207.344068721519,-2491.67825146145
"OPTOTRAK _ C06 _ Left _ 3",-90.3969010571041,180.20992842636,-2449.50891079625,-62.3153891271105,200.684687636154,-2482.29549099753
"OPTOTRAK _ C06 _ Left _ 3",-88.7159744145196,184.561751630098,-2453.16754821388,-66.4089384197972,194.89467664537,-2474.29250655029
"OPTOTRAK _ C06 _ Left _ 3",-87.726436964374,188.146566722907,-2456.61637176199,-70.841914620067,190.26649698246,-2468.22416406616
"OPTOTRAK _ C06 _ Left _ 3",-87.3160984051923,190.932250639872,-2459.81970656164,-74.7962535293651,187.009952321825,-2464.45670554509
"OPTOTRAK _ C06 _ Left _ 3",-87.3559922348162,192.908147207499,-2462.75615589928,-77.6188720168847,185.275759170179,-2463.17742193289
"OPTOTRAK _ C06 _ Left _ 3",-87.7503042550367,194.028702952031,-2465.37040647933,-78.940999581402,185.190301144685,-2464.43936059975
"OPTOTRAK _ C06 _ Left _ 3",-88.4693610645024,194.179180476431,-2467.53612343124,-78.7333992079616,186.873453552452,-2468.20210160472
"OPTOTRAK _ C06 _ Left _ 3",-89.5556522552034,193.183771359715,-2469.04731626541,-77.2959911040035,190.418743933943,-2474.33773213498
"OPTOTRAK _ C06 _ Left _ 3",-91.1011207740319,190.860454870154,-2469.64729841543,-75.1873163677417,195.834394843362,-2482.59636043178
"OPTOTRAK _ C06 _ Left _ 3",-93.2028451130803,187.106964281274,-2469.09156157178,-73.1028567291484,202.966495468717,-2492.55472792948
"OPTOTRAK _ C06 _ Left _ 3",-95.9110793034679,181.986055019815,-2467.22691492139,-71.7175866582321,211.441393206735,-2503.58940312012
"OPTOTRAK _ C06 _ Left _ 3",-99.1861771292164,175.773718600636,-2464.05952451354,-71.5202166000274,220.663848840773,-2514.9110979571
"OPTOTRAK _ C06 _ Left _ 3",-102.878109210134,168.945694874193,-2459.78526281029,-72.6796441441924,229.886592565092,-2525.66778238218
"OPTOTRAK _ C06 _ Left _ 3",-106.734702217532,162.10273266145,-2454.76956150098,-74.9863240445463,238.333496226797,-2535.08556827515
"OPTOTRAK _ C06 _ Left _ 3",-110.435033231419,155.861510133553,-2449.48493170782,-77.8934250017084,245.331715142305,-2542.59143087362
"OPTOTRAK _ C06 _ Left _ 3",-113.636809295936,150.750872521759,-2444.43016748194,-80.6497750075104,250.405328514963,-2547.86759226246
"OPTOTRAK _ C06 _ Left _ 3",-116.024696825313,147.145153880833,-2440.05674441948,-82.4864486052209,253.305059720177,-2550.82076437329
"OPTOTRAK _ C06 _ Left _ 3",-117.350592717243,145.244618356078,-2436.71701556225,-82.8065725259965,253.979604851553,-2551.49058503503
"OPTOTRAK _ C06 _ Left _ 3",-117.46295535656,145.091806510864,-2434.63581445477,-81.3341727172946,252.516132414718,-2549.94851331369
"OPTOTRAK _ C06 _ Left _ 3",-116.326001427851,146.602569258106,-2433.90043328897,-78.1924956673388,249.083188867014,-2546.23936516638
"OPTOTRAK _ C06 _ Left _ 3",-114.029105535112,149.593618802628,-2434.46432341699,-73.8962953097184,243.900399448909,-2540.39418493366
"OPTOTRAK _ C06 _ Left _ 3",-110.783874714864,153.799514629596,-2436.16292857903,-69.2552022627492,237.241333570118,-2532.50704051344
"OPTOTRAK _ C06 _ Left _ 3",-106.904510725132,158.883886486881,-2438.74181322569,-65.2008772640265,229.456086668471,-2522.83578418343
"OPTOTRAK _ C06 _ Left _ 3",-102.768905866006,164.456245665021,-2441.89632883332,-62.5713298852079,220.987697122562,-2511.87246527848
"OPTOTRAK _ C06 _ Left _ 3",-98.763730347892,170.103926809254,-2445.31901481481,-61.9057444787718,212.358560991421,-2500.34038849658
"OPTOTRAK _ C06 _ Left _ 3",-95.2240718787322,175.439619953862,-2448.74699199954,-63.3097719565236,204.119514151417,-2489.10772450606
"OPTOTRAK _ C06 _ Left _ 3",-92.3829847233479,180.153414442773,-2451.99846392646,-66.4342149768186,196.776770429402,-2479.04656449371
"OPTOTRAK _ C06 _ Left _ 3",-90.345448593304,184.050776324143,-2454.98733454518,-70.5723820965027,190.72736877541,-2470.89145882443
"OPTOTRAK _ C06 _ Left _ 3",-89.0943644759151,187.059409218684,-2457.70961979367,-74.8411089501216,186.231979414244,-2465.14956504691
"OPTOTRAK _ C06 _ Left _ 3",-88.5259510471366,189.199067455005,-2460.20407646943,-78.388221405883,183.434683692834,-2462.08682452904
"OPTOTRAK _ C06 _ Left _ 3",-88.5023771261954,190.524347028237,-2462.49875963863,-80.5726656513761,182.413752580955,-2461.77642908017
"OPTOTRAK _ C06 _ Left _ 3",-88.9042800322958,191.063499261151,-2464.56098912656,-81.0835408474677,183.230594821918,-2464.16790388674
"OPTOTRAK _ C06 _ Left _ 3",-89.6666715818467,190.779874622877,-2466.268443208,-79.9855856957852,185.944957599203,-2469.13140221599
"OPTOTRAK _ C06 _ Left _ 3",-90.7880338537918,189.57468628446,-2467.4139630119,-77.6921334757133,190.581801330826,-2476.45240765423
"OPTOTRAK _ C06 _ Left _ 3",-92.3117407843236,187.333301585342,-2467.74715052049,-74.8725949215501,197.060461951935,-2485.78514306005
"OPTOTRAK _ C06 _ Left _ 3",-94.288041432873,183.998547444439,-2467.0436034489,-72.3062891146863,205.118912750949,-2496.60177389387
"OPTOTRAK _ C06 _ Left _ 3",-96.7307378254755,179.641203244159,-2465.18095876531,-70.7038998427596,214.274895344417,-2508.18383598
"OPTOTRAK _ C06 _ Left _ 3",-99.5836260008284,174.496550115391,-2462.19515365653,-70.5321789406633,223.85455550617,-2519.68497903833
"OPTOTRAK _ C06 _ Left _ 3",-102.707595658817,168.948906076649,-2458.29548958142,-71.8881855705331,233.089773075547,-2530.25678141657
"OPTOTRAK _ C06 _ Left _ 3",-105.891485549984,163.468615551236,-2453.83317486666,-74.4639534855322,241.251640044432,-2539.19266371884
"OPTOTRAK _ C06 _ Left _ 3",-108.881346915441,158.526525372507,-2449.2371589029,-77.6169194402903,247.769677101992,-2546.03153985848
"OPTOTRAK _ C06 _ Left _ 3",-111.41741440727,154.518102705264,-2444.94183145267,-80.5268284988465,252.29561301018,-2550.5810661377
"OPTOTRAK _ C06 _ Left _ 3",-113.268312728876,151.719891406077,-2441.3278920206,-82.3942870236853,254.699545284773,-2552.85848049829
"OPTOTRAK _ C06 _ Left _ 3",-114.256936405938,150.282344606443,-2438.68531512614,-82.6298869092224,255.016186896867,-2552.98361731174
"OPTOTRAK _ C06 _ Left _ 3",-114.278105472845,150.246832414923,-2437.19595046551,-80.9926039948702,253.374904130116,-2551.07677592301
"OPTOTRAK _ C06 _ Left _ 3",-113.3106805918,151.568418698468,-2436.9290227778,-77.6520757674548,249.946257362275,-2547.20803566337
"OPTOTRAK _ C06 _ Left _ 3",-111.425305450232,154.130361304345,-2437.8446480717,-73.1642910237652,244.924327779964,-2541.41906401949
"OPTOTRAK _ C06 _ Left _ 3",-108.785293415297,157.746809448467,-2439.80416212365,-68.3635009184828,238.544700805345,-2533.80472004223
"OPTOTRAK _ C06 _ Left _ 3",-105.63560179847,162.160845468666,-2442.5883946856,-64.1877310225708,231.119605208543,-2524.61337912605
"OPTOTRAK _ C06 _ Left _ 3",-102.275800517458,167.05068325384,-2445.92511852887,-61.4722155834777,223.061776955842,-2514.31361568939
"OPTOTRAK _ C06 _ Left _ 3",-99.0177844968449,172.05482730739,-2449.52500766722,-60.7596929218322,214.872270997602,-2503.58648256651
"OPTOTRAK _ C06 _ Left _ 3",-96.1357079745456,176.818034892773,-2453.12207617021,-62.1793343582907,207.084236125888,-2493.23373522542
"OPTOTRAK _ C06 _ Left _ 3",-93.8209149821184,181.047926381402,-2456.5108299789,-65.4295534373959,200.177601909873,-2484.03014760657
"OPTOTRAK _ C06 _ Left _ 3",-92.1555376912829,184.562873333264,-2459.5703067043,-69.8665939677336,194.49751056074,-2476.5750907328
"OPTOTRAK _ C06 _ Left _ 3",-91.1138338920529,187.310757407444,-2462.26690322207,-74.6653483336638,190.211962523564,-2471.20110437738
"OPTOTRAK _ C06 _ Left _ 3",-90.5916722792775,189.34733246397,-2464.63367661518,-78.999612259026,187.328543942972,-2467.97297205355
"OPTOTRAK _ C06 _ Left _ 3",-90.455224874359,190.778866660351,-2466.73136033359,-82.1942204762826,185.763579664558,-2466.77110953767
"OPTOTRAK _ C06 _ Left _ 3",-90.5935223040066,191.689106620018,-2468.60235694222,-83.8236580271415,185.433306278462,-2467.41722199544
"OPTOTRAK _ C06 _ Left _ 3",-90.9582635009767,192.078325460067,-2470.23141393718,-83.7549926325472,186.326981455027,-2469.78457280585
"OPTOTRAK _ C06 _ Left _ 3",-91.5782719194938,191.839248225549,-2471.52538305634,-82.1456529900924,188.529166247968,-2473.84491763971
"OPTOTRAK _ C06 _ Left _ 3",-92.5437555696684,190.782445547984,-2472.32000103363,-79.4067744572376,192.178344414233,-2479.63296252434
"OPTOTRAK _ C06 _ Left _ 3",-93.964763356342,188.706538626777,-2472.41459289158,-76.1360523973803,197.374162283335,-2487.14506490592
"OPTOTRAK _ C06 _ Left _ 3",-95.9164917548213,185.491505012463,-2471.62694513507,-73.0186615828242,204.067899515867,-2496.21860106914
"OPTOTRAK _ C06 _ Left _ 3",-98.3890586575324,181.18213048625,-2469.85248707756,-70.6982611705556,211.982075895486,-2506.44994448083
"OPTOTRAK _ C06 _ Left _ 3",-101.259064377159,176.028608450523,-2467.10800791206,-69.6346676080558,220.598187269021,-2517.19481732724
"OPTOTRAK _ C06 _ Left _ 3",-104.293884512087,170.465229542644,-2463.54418652744,-69.9832937579311,229.225143220768,-2527.65796539077
"OPTOTRAK _ C06 _ Left _ 3",-107.188623559127,165.03228306251,-2459.42357250841,-71.5390755484061,237.125290513144,-2537.03693622808
"OPTOTRAK _ C06 _ Left _ 3",-109.624062815835,160.269445676486,-2455.07542966233,-73.7733631982079,243.649652816028,-2544.66100289016
"OPTOTRAK _ C06 _ Left _ 3",-111.327028577188,156.618374732573,-2450.84660507402,-75.9608117160906,248.334638897586,-2550.07428933957
"OPTOTRAK _ C06 _ Left _ 3",-112.115781297516,154.363328348706,-2447.06338555662,-77.3621095949046,250.936654466124,-2553.04465179053
"OPTOTRAK _ C06 _ Left _ 3",-111.921152192101,153.618363898969,-2444.00774493223,-77.4124838527707,251.41129372032,-2553.51621915747
"OPTOTRAK _ C06 _ Left _ 3",-110.784182667756,154.35044120699,-2441.90208069849,-75.8680095259211,249.863153220365,-2551.54514715362
"OPTOTRAK _ C06 _ Left _ 3",-108.837763256675,156.418345940555,-2440.89517955604,-72.8754939904592,246.495363158773,-2547.25775684078
"OPTOTRAK _ C06 _ Left _ 3",-106.281158384395,159.609061332001,-2441.04710952595,-68.9501108388587,241.578546758975,-2540.85142538718
"OPTOTRAK _ C06 _ Left _ 3",-103.353586256659,163.662134453078,-2442.31681062987,-64.8645746412925,235.443511204589,-2532.6316343371
"OPTOTRAK _ C06 _ Left _ 3",-100.308978736843,168.283219799324,-2444.55935944354,-61.4733372896389,228.486752091243,-2523.05580598934
"OPTOTRAK _ C06 _ Left _ 3",-97.3912748553395,173.155512093322,-2447.53906243389,-59.5128595541462,221.168841325753,-2512.74621972471
"OPTOTRAK _ C06 _ Left _ 3",-94.8094672141688,177.959181978772,-2450.96048352192,-59.4292324538404,213.987445139721,-2502.44487641548
"OPTOTRAK _ C06 _ Left _ 3",-92.7138312387215,182.403743099343,-2454.51374635208,-61.2805491634707,207.419415706712,-2492.90905889396
"OPTOTRAK _ C06 _ Left _ 3",-91.1776732090036,186.268891662848,-2457.92477403876,-64.7401698547306,201.84496646315,-2484.77632100834
"OPTOTRAK _ C06 _ Left _ 3",-90.1904279712625,189.440442201222,-2460.99765211161,-69.1937736804368,197.482111650684,-2478.44731884278
"OPTOTRAK _ C06 _ Left _ 3",-89.6666256967608,191.924671126565,-2463.6369410516,-73.8921895780971,194.362094711096,-2474.03360458879
"OPTOTRAK _ C06 _ Left _ 3",-89.471296088853,193.8294399094,-2465.84300485596,-78.1089465562889,192.362916140568,-2471.39421018861
"OPTOTRAK _ C06 _ Left _ 3",-89.4573808091479,195.31226704479,-2467.68147368144,-81.2616767355145,191.293985662426,-2470.24951634583
"OPTOTRAK _ C06 _ Left _ 3",-89.5066526980072,196.508789941012,-2469.23565830399,-82.9809404601392,191.002498477254,-2470.32968721918
"OPTOTRAK _ C06 _ Left _ 3",-89.5638645987975,197.464080264189,-2470.55559542102,-83.1329940950878,191.46196920239,-2471.50136648754
"OPTOTRAK _ C06 _ Left _ 3",-89.6548557635484,198.090706725832,-2471.61864542018,-81.8136370002241,192.808557842765,-2473.82459294401
"OPTOTRAK _ C06 _ Left _ 3",-89.8828640184278,198.170993018817,-2472.31438882416,-79.327312150537,195.307844463089,-2477.51715160921
"OPTOTRAK _ C06 _ Left _ 3",-90.4025223197675,197.408465890561,-2472.46119946409,-76.1546119014617,199.257622152971,-2482.83660341776
"OPTOTRAK _ C06 _ Left _ 3",-91.3768477864995,195.518044155668,-2471.85358965536,-72.9002311507934,204.855096800276,-2489.92109076949
"OPTOTRAK _ C06 _ Left _ 3",-92.9276736424336,192.329920419674,-2470.32930342826,-70.209945507185,212.073272435562,-2498.64904167698
"OPTOTRAK _ C06 _ Left _ 3",-95.0929541124712,187.873206814354,-2467.83590877322,-68.6544094996459,220.594190743933,-2508.57641068876
"OPTOTRAK _ C06 _ Left _ 3",-97.8036828969887,182.407661384297,-2464.47291272424,-68.5979845069149,229.830465825416,-2518.98382144907
"OPTOTRAK _ C06 _ Left _ 3",-100.887935349575,176.388127448976,-2460.49173208996,-70.0913725784503,239.032863138448,-2529.0213812635
"OPTOTRAK _ C06 _ Left _ 3",-104.100613948822,170.372434974408,-2456.25214027141,-72.8313619620306,247.44443971606,-2537.89584784483
"OPTOTRAK _ C06 _ Left _ 3",-107.168175488172,164.90686839393,-2452.15232781247,-76.2115436342518,254.44218796332,-2545.0268716506
"OPTOTRAK _ C06 _ Left _ 3",-109.83282712926,160.430301084635,-2448.55904713921,-79.4542601160863,259.617716023775,-2550.1163892104
"OPTOTRAK _ C06 _ Left _ 3",-111.883532410511,157.2249123041,-2445.75894846996,-81.7862925617351,262.781458281112,-2553.11688999231
"OPTOTRAK _ C06 _ Left _ 3",-113.169917671847,155.417217152439,-2443.93761817142,-82.6118542834228,263.909092393194,-2554.12759651992
"OPTOTRAK _ C06 _ Left _ 3",-113.604061002237,155.012282448195,-2443.17989497449,-81.6444841629854,263.067479708189,-2553.27358918941
"OPTOTRAK _ C06 _ Left _ 3",-113.158956322729,155.935693242742,-2443.48048044879,-78.9742381521762,260.357165024789,-2550.62381146683
"OPTOTRAK _ C06 _ Left _ 3",-111.869974881473,158.062620039861,-2444.75677814434,-75.0599041624601,255.894533789148,-2546.18250810321
"OPTOTRAK _ C06 _ Left _ 3",-109.839474464509,161.226013353565,-2446.86150068669,-70.6462288719849,249.835960673014,-2539.95477374228
"OPTOTRAK _ C06 _ Left _ 3",-107.238852861009,165.209709791239,-2449.59684587482,-66.6166883244419,242.425634931635,-2532.05357190328
"OPTOTRAK _ C06 _ Left _ 3",-104.300117505008,169.741244061398,-2452.73335949116,-63.806364423356,234.035876726806,-2522.79557856882
"OPTOTRAK _ C06 _ Left _ 3",-101.291752938615,174.500008433389,-2456.03516542297,-62.8151619216393,225.169839222825,-2512.7352690165
"OPTOTRAK _ C06 _ Left _ 3",-98.4802019538729,179.148905655559,-2459.28997647271,-63.8705999705193,216.412379299115,-2502.61155564478
"OPTOTRAK _ C06 _ Left _ 3",-96.0856350846674,183.384963436425,-2462.33842608855,-66.781602949832,208.339395797253,-2493.21946042032
"OPTOTRAK _ C06 _ Left _ 3",-94.2452649198153,186.992203617655,-2465.09441368679,-70.9972649662437,201.417859676395,-2485.25371091543
"OPTOTRAK _ C06 _ Left _ 3",-92.9967251660628,189.874655571525,-2467.54820193094,-75.7480491496823,195.936756531967,-2479.18508746971
"OPTOTRAK _ C06 _ Left _ 3",-92.2878760626354,192.052591067907,-2469.74804828553,-80.2206243301063,191.997774927501,-2475.21619144982
"OPTOTRAK _ C06 _ Left _ 3",-92.0103540337521,193.61940009307,-2471.76324124998,-83.7154178253472,189.568406575562,-2473.3273236299
"OPTOTRAK _ C06 _ Left _ 3",-92.0460817225689,194.673376041596,-2473.63851589629,-85.755288748047,188.57229650969,-2473.38323605184
"OPTOTRAK _ C06 _ Left _ 3",-92.311869425406,195.250067329228,-2475.3538149163,-86.1388321457877,188.975871135028,-2475.2471845044
"OPTOTRAK _ C06 _ Left _ 3",-92.7882234726156,195.282082615696,-2476.80297870023,-84.9479483462688,190.832558760414,-2478.8498064387
"OPTOTRAK _ C06 _ Left _ 3",-93.5236822571407,194.604321617108,-2477.80062370737,-82.5218620168415,194.263451264809,-2484.18354846054
"OPTOTRAK _ C06 _ Left _ 3",-94.6135489779739,193.006835251669,-2478.11909052066,-79.4032084275618,199.378588087187,-2491.22733289695
"OPTOTRAK _ C06 _ Left _ 3",-96.1596411197155,190.319842284431,-2477.54807617865,-76.2544248866291,206.167864720624,-2499.83783468425
"OPTOTRAK _ C06 _ Left _ 3",-98.2235893088678,186.501627485682,-2475.96061307874,-73.7425878207402,214.406530766559,-2509.66124029668
"OPTOTRAK _ C06 _ Left _ 3",-100.788521561117,181.69590521361,-2473.36398396171,-72.4021677890818,223.619526555701,-2520.11385352409
"OPTOTRAK _ C06 _ Left _ 3",-103.74151782984,176.234511458879,-2469.91681687432,-72.5038213634483,233.127703518811,-2530.45027752669
"OPTOTRAK _ C06 _ Left _ 3",-106.88220216208,170.582376155955,-2465.90529049857,-73.9703273377736,242.163451993546,-2539.89603761888
"OPTOTRAK _ C06 _ Left _ 3",-109.953504677621,165.245694684457,-2461.68785721303,-76.3748873271184,250.011247084072,-2547.78990043677
"OPTOTRAK _ C06 _ Left _ 3",-112.683110773198,160.678332419918,-2457.63012344109,-79.0315406555511,256.119668211055,-2553.6786994668
"OPTOTRAK _ C06 _ Left _ 3",-114.822395775694,157.217839732853,-2454.05197894528,-81.1562877857585,260.150759749955,-2557.33471248319
"OPTOTRAK _ C06 _ Left _ 3",-116.174397331808,155.064316796823,-2451.19840762828,-82.0567182415195,261.966059651624,-2558.7048147113
"OPTOTRAK _ C06 _ Left _ 3",-116.609939785762,154.294573028749,-2449.23201745124,-81.3034139307036,261.57551777027,-2557.83015044125
"OPTOTRAK _ C06 _ Left _ 3",-116.076226133371,154.891741224798,-2448.23766522107,-78.8440309627106,259.084352146542,-2554.78273906765
"OPTOTRAK _ C06 _ Left _ 3",-114.602343304613,156.770590282543,-2448.22984858598,-75.0342845235824,254.664620277197,-2549.65126019042
"OPTOTRAK _ C06 _ Left _ 3",-112.302237774167,159.788111419412,-2449.15840005048,-70.5757031165201,248.559847162131,-2542.5805567992
"OPTOTRAK _ C06 _ Left _ 3",-109.371126592724,163.741356626629,-2450.91302783789,-66.3680389924279,241.11046075168,-2533.84042090229
"OPTOTRAK _ C06 _ Left _ 3",-106.069418404151,168.363972403166,-2453.33003010326,-63.3049275196181,232.773416364177,-2523.88149193467
"OPTOTRAK _ C06 _ Left _ 3",-102.690845680427,173.335300256975,-2456.20475845029,-62.061143926722,224.108502274594,-2513.33816568794
"OPTOTRAK _ C06 _ Left _ 3",-99.5179390297752,178.31024610325,-2459.31163122628,-62.9296140040645,215.718576702337,-2502.96065831482
"OPTOTRAK _ C06 _ Left _ 3",-96.7751520260412,182.966839092899,-2462.43033511914,-65.7565076970528,208.15554415909,-2493.49142602971
"OPTOTRAK _ C06 _ Left _ 3",-94.593978559312,187.056858429798,-2465.37332770901,-69.9918683084327,201.825892499064,-2485.52952870411
"OPTOTRAK _ C06 _ Left _ 3",-93.0026586192929,190.439223530578,-2468.00746421445,-74.8334694890148,196.936298318828,-2479.43611823696
"OPTOTRAK _ C06 _ Left _ 3",-91.9456074961206,193.079928069244,-2470.26301755628,-79.4130308944034,193.505624659818,-2475.31916016081
"OPTOTRAK _ C06 _ Left _ 3",-91.3273141832592,195.015304585251,-2472.12681187424,-82.9703452950604,191.440720261547,-2473.10160983482
"OPTOTRAK _ C06 _ Left _ 3",-91.0663074395134,196.291530585584,-2473.62131201735,-84.9794695433327,190.644562111358,-2472.6404741315
"OPTOTRAK _ C06 _ Left _ 3",-91.1404707253487,196.904859550714,-2474.77626246519,-85.2163932537435,191.110562836327,-2473.8423773022
"OPTOTRAK _ C06 _ Left _ 3",-91.6070334418626,196.768827850879,-2475.6022357732,-83.7746557541741,192.961758761298,-2476.7239308877
"OPTOTRAK _ C06 _ Left _ 3",-92.5882281985362,195.725932160205,-2476.07534606611,-81.0391540995236,196.414449961611,-2481.38953031773
"OPTOTRAK _ C06 _ Left _ 3",-94.2245832233039,193.605072903228,-2476.13912685019,-77.6230319628009,201.674511000625,-2487.93421279696
"OPTOTRAK _ C06 _ Left _ 3",-96.6090688404323,190.307662354119,-2475.72368916106,-74.2665767062036,208.801940583253,-2496.31179878792
"OPTOTRAK _ C06 _ Left _ 3",-99.7234545890559,185.891076311302,-2474.77541268284,-71.6990135831405,217.596045890776,-2506.22637066327
"OPTOTRAK _ C06 _ Left _ 3",-103.399940019997,180.61472454627,-2473.28541639211,-70.4782203141126,227.551386743665,-2517.0989017894
"OPTOTRAK _ C06 _ Left _ 3",-107.32433590014,174.925782733738,-2471.30524857436,-70.8446081916706,237.909471281138,-2528.12957636027
"OPTOTRAK _ C06 _ Left _ 3",-111.082978648168,169.385995862604,-2468.9450353023,-72.6385093313909,247.791037066723,-2538.43315779841
"OPTOTRAK _ C06 _ Left _ 3",-114.239637509847,164.56621224938,-2466.35914083468,-75.3201829315323,256.35902568489,-2547.19323072779
"OPTOTRAK _ C06 _ Left _ 3",-116.418557228164,160.946711029319,-2463.72974015553,-78.0980260246883,262.953665546323,-2553.77923174736
"OPTOTRAK _ C06 _ Left _ 3",-117.370301428042,158.852845891338,-2461.25517380742,-80.1314273372176,267.162029892583,-2557.79620893634
"OPTOTRAK _ C06 _ Left _ 3",-117.006596345143,158.434721963064,-2459.14144944229,-80.7503096354077,268.819106329893,-2559.07288502901
"OPTOTRAK _ C06 _ Left _ 3",-115.402408356071,159.680657280987,-2457.5899417923,-79.6316366996438,267.965059261389,-2557.61893085904
"OPTOTRAK _ C06 _ Left _ 3",-112.771941493065,162.446267294223,-2456.77626304905,-76.8886453999429,264.792809577141,-2553.58713184094
"OPTOTRAK _ C06 _ Left _ 3",-109.428156329928,166.484285248061,-2456.82183612331,-73.0519273613028,259.611705933459,-2547.26163196186
"OPTOTRAK _ C06 _ Left _ 3",-105.734444282739,171.469288502438,-2457.76585298066,-68.9466429404452,252.83402008859,-2539.06925435678
"OPTOTRAK _ C06 _ Left _ 3",-102.054932608086,177.020274108853,-2459.54772405103,-65.4945712468212,244.971213866618,-2529.59004999653
"OPTOTRAK _ C06 _ Left _ 3",-98.7084138873104,182.728308496586,-2462.00816488644,-63.4903484558722,236.61638440469,-2519.53669210726
"OPTOTRAK _ C06 _ Left _ 3",-95.9306066660667,188.19463359581,-2464.9118255312,-63.4117289641257,228.394073990273,-2509.68422481217
"OPTOTRAK _ C06 _ Left _ 3",-93.8497137512062,193.077721832843,-2467.98771292396,-65.3164751679144,220.877251836628,-2500.75692533257
"OPTOTRAK _ C06 _ Left _ 3",-92.4797863377507,197.139325156682,-2470.97767287878,-68.8514257265229,214.494339407149,-2493.30521749713
"OPTOTRAK _ C06 _ Left _ 3",-91.7341967155504,200.274276221079,-2473.67994195364,-73.361224236907,209.463410163961,-2487.61871309478
"OPTOTRAK _ C06 _ Left _ 3",-91.4575717350103,202.510396537454,-2475.97571599592,-78.0526557430167,205.786233601852,-2483.71317415754
"OPTOTRAK _ C06 _ Left _ 3",-91.4700094752164,203.973721578236,-2477.83169751555,-82.1608187591548,203.311807862754,-2481.4015246221
"OPTOTRAK _ C06 _ Left _ 3",-91.6139574338202,204.826750709313,-2479.27871844838,-85.0772184749906,201.848797821863,-2480.42434491696
"OPTOTRAK _ C06 _ Left _ 3",-91.7930266074199,205.198056301051,-2480.37328138856,-86.4251319263264,201.284407954221,-2480.58999675781
"OPTOTRAK _ C06 _ Left _ 3",-91.9936165042643,205.126094917653,-2481.15364801355,-86.0886938125013,201.663386409002,-2481.86989675239
"OPTOTRAK _ C06 _ Left _ 3",-92.2840968730543,204.537020825833,-2481.6042301335,-84.2103729832335,203.194830861482,-2484.41124283847
"OPTOTRAK _ C06 _ Left _ 3",-92.7915282130554,203.266643163224,-2481.64085199571,-81.1672573719074,206.179535429412,-2488.46002585627
"OPTOTRAK _ C06 _ Left _ 3",-93.6614091897106,201.122838375509,-2481.12439513143,-77.5261214464977,210.878608810801,-2494.2206217627
"OPTOTRAK _ C06 _ Left _ 3",-95.0105572641519,197.9703164756,-2479.90179087917,-73.9691070356356,217.367263167263,-2501.70403793203
"OPTOTRAK _ C06 _ Left _ 3",-96.8857311931694,193.809264950519,-2477.86327455682,-71.1837004679208,225.42841077988,-2510.62558442427
"OPTOTRAK _ C06 _ Left _ 3",-99.2398006269745,188.818076481855,-2474.99691777287,-69.7255589409178,234.5322059389,-2520.39807983105
"OPTOTRAK _ C06 _ Left _ 3",-101.932555713122,183.341279835884,-2471.42007159225,-69.8844638448574,243.918017152918,-2530.23032636156
"OPTOTRAK _ C06 _ Left _ 3",-104.755451349547,177.824737573093,-2467.37497432557,-71.5972338381816,252.753535277431,-2539.29635303681
"OPTOTRAK _ C06 _ Left _ 3",-107.471379432969,172.722097158094,-2463.1900101028,-74.443376461688,260.312032622131,-2546.91079171473
"OPTOTRAK _ C06 _ Left _ 3",-109.855748076353,168.407648302315,-2459.2215596616,-77.731029992116,266.102807461036,-2552.6459059939
"OPTOTRAK _ C06 _ Left _ 3",-111.726456067705,165.124877607405,-2455.79644303444,-80.6489907499367,269.914818618079,-2556.35477232293
"OPTOTRAK _ C06 _ Left _ 3",-112.957160535113,162.981261503188,-2453.16988206113,-82.4426344968565,271.773360756086,-2558.10601233133
"OPTOTRAK _ C06 _ Left _ 3",-113.476515175016,161.979419791996,-2451.50390753339,-82.5721961411115,271.842535166574,-2558.0687670558
"OPTOTRAK _ C06 _ Left _ 3",-113.261212431817,162.062679949687,-2450.8631110522,-80.8240582504086,270.319794304676,-2556.40050856497
"OPTOTRAK _ C06 _ Left _ 3",-112.33061278252,163.152736120271,-2451.22174086627,-77.3594381445509,267.363102448321,-2553.18288988512
"OPTOTRAK _ C06 _ Left _ 3",-110.746547390922,165.165737277369,-2452.47715645792,-72.6948057532834,263.072843037351,-2548.42755791051
"OPTOTRAK _ C06 _ Left _ 3",-108.616342623478,168.005547328746,-2454.46690843433,-67.615402038329,257.527179669407,-2542.14422295802
"OPTOTRAK _ C06 _ Left _ 3",-106.093169194561,171.543897326962,-2456.98841338463,-63.0314759689545,250.848626166772,-2534.43788056515
"OPTOTRAK _ C06 _ Left _ 3",-103.367401576716,175.602837606549,-2459.82087957496,-59.7989677643982,243.26787489461,-2525.5897911311
"OPTOTRAK _ C06 _ Left _ 3",-100.64604075828,179.953516529463,-2462.74899001193,-58.5401026437241,235.152521784551,-2516.08240911532
"OPTOTRAK _ C06 _ Left _ 3",-98.1228753301519,184.33761509743,-2465.58701165395,-59.5075935154378,226.98266547727,-2506.55053957639
"OPTOTRAK _ C06 _ Left _ 3",-95.9472828038376,188.506866274558,-2468.20049348278,-62.5308629034489,219.277361855151,-2497.67137884589
"OPTOTRAK _ C06 _ Left _ 3",-94.2018902139254,192.266464897794,-2470.52095104534,-67.0611341379698,212.497523495235,-2490.03220137892
"OPTOTRAK _ C06 _ Left _ 3",-92.8975396009088,195.504071565704,-2472.54811778809,-72.3011101415668,206.963190807575,-2484.02489868928
"OPTOTRAK _ C06 _ Left _ 3",-91.9887365035211,198.189882972441,-2474.33592786464,-77.378514838448,202.819574849697,-2479.80657634955
"OPTOTRAK _ C06 _ Left _ 3",-91.4059293313395,200.344142894937,-2475.96276477825,-81.5143267340166,200.066584477037,-2477.33889801765
"OPTOTRAK _ C06 _ Left _ 3",-91.0949643026866,201.982438115461,-2477.49221534396,-84.1487734199868,198.638803450709,-2476.486821289
"OPTOTRAK _ C06 _ Left _ 3",-91.0508845400932,203.060215757029,-2478.93507624912,-85.0110498404351,198.500143120137,-2477.13334720017
"OPTOTRAK _ C06 _ Left _ 3",-91.3339481550644,203.441197139457,-2480.22467541867,-84.1377580795888,199.710058088096,-2479.26085798872
"OPTOTRAK _ C06 _ Left _ 3",-92.0603014301003,202.908020807442,-2481.21516582006,-81.8517996190208,202.428674042832,-2482.96338161045
"OPTOTRAK _ C06 _ Left _ 3",-93.3671760758716,201.219284530647,-2481.70692300145,-78.7091150240287,206.851641944761,-2488.38173238019
"OPTOTRAK _ C06 _ Left _ 3",-95.3609671048959,198.199411515931,-2481.49554123928,-75.4127820049999,213.093806954599,-2495.58488100574
"OPTOTRAK _ C06 _ Left _ 3",-98.0635639184311,193.83223983076,-2480.43255987804,-72.691526328074,221.064587819171,-2504.44504421768
"OPTOTRAK _ C06 _ Left _ 3",-101.37504395006,188.322481192783,-2478.47941077036,-71.149105537776,230.387613089416,-2514.56059050376
"OPTOTRAK _ C06 _ Left _ 3",-105.06722927881,182.096609570342,-2475.73502865611,-71.1115741846979,240.404875967862,-2525.26396678969
"OPTOTRAK _ C06 _ Left _ 3",-108.812771865654,175.736607225986,-2472.42549608472,-72.5194607363268,250.271927653731,-2535.7158896957
"OPTOTRAK _ C06 _ Left _ 3",-112.241676655131,169.867827937015,-2468.8595791137,-74.9132474147545,259.110117179846,-2545.04933646454
"OPTOTRAK _ C06 _ Left _ 3",-115.007309182869,165.041090180003,-2465.36869118235,-77.5340237483432,266.158292619016,-2552.5086763272
"OPTOTRAK _ C06 _ Left _ 3",-116.842224334534,161.64770410891,-2462.25382300035,-79.5182675744048,270.874274954799,-2557.53997247984
"OPTOTRAK _ C06 _ Left _ 3",-117.591265028879,159.88641408335,-2459.75324116018,-80.1305039488449,272.967904585906,-2559.81879329684
"OPTOTRAK _ C06 _ Left _ 3",-117.220324469312,159.776790772257,-2458.0311877711,-78.9666380679096,272.380074335037,-2559.23255982966
"OPTOTRAK _ C06 _ Left _ 3",-115.807218070966,161.198251620519,-2457.17909178119,-76.0732088461348,269.238474625676,-2555.8496777117
"OPTOTRAK _ C06 _ Left _ 3",-113.522952727357,163.932529550248,-2457.22019636721,-71.9527433128948,263.817908942813,-2549.90227347128
"OPTOTRAK _ C06 _ Left _ 3",-110.608717463717,167.69625361387,-2458.11304683733,-67.4534392414899,256.517834800349,-2541.78907598568
"OPTOTRAK _ C06 _ Left _ 3",-107.349824389287,172.16224486879,-2459.75466526494,-63.5686101529864,247.851582721027,-2532.08253248574
"OPTOTRAK _ C06 _ Left _ 3",-104.045698106638,176.976989895049,-2461.98768828578,-61.1951297858856,238.429262977576,-2521.51259297067
"OPTOTRAK _ C06 _ Left _ 3",-100.975974715737,181.784055035507,-2464.61602586249,-60.9147259759152,228.915948476252,-2510.90565351806
"OPTOTRAK _ C06 _ Left _ 3",-98.3659400638452,186.258624585782,-2467.43057279023,-62.8591723977265,219.959315844192,-2501.07843772113
"OPTOTRAK _ C06 _ Left _ 3",-96.3578157317336,190.14941754516,-2470.24130997151,-66.6958634165232,212.100762891824,-2492.7123321675
"OPTOTRAK _ C06 _ Left _ 3",-94.9956418922931,193.315450685082,-2472.90725652252,-71.7301891833763,205.700270300316,-2486.25013805133
"OPTOTRAK _ C06 _ Left _ 3",-94.2294908789228,195.741438820458,-2475.35401020764,-77.0827026979195,200.907208022997,-2481.85470920333
"OPTOTRAK _ C06 _ Left _ 3",-93.9397771733199,197.520176350909,-2477.5714497674,-81.8810003942951,197.693226924896,-2479.44700924095
"OPTOTRAK _ C06 _ Left _ 3",-93.9763214361684,198.801964633869,-2479.59054522888,-85.4155416386208,195.936625224239,-2478.80917269333
"OPTOTRAK _ C06 _ Left _ 3",-94.2020409199753,199.72478596453,-2481.44544755846,-87.235506038831,195.524402741384,-2479.71131225204
"OPTOTRAK _ C06 _ Left _ 3",-94.5295117371985,200.348131505111,-2483.13249069989,-87.1871949772908,196.430167887098,-2482.01167917226
"OPTOTRAK _ C06 _ Left _ 3",-94.9406431720906,200.614256333166,-2484.57988933952,-85.4106199682683,198.735501699507,-2485.69161751107
"OPTOTRAK _ C06 _ Left _ 3",-95.4845155222236,200.352890480471,-2485.64010805364,-82.308198515253,202.583936340616,-2490.81337345414
"OPTOTRAK _ C06 _ Left _ 3",-96.2545383036185,199.331593122934,-2486.11108485211,-78.4895548465102,208.082332856582,-2497.41958026233
"OPTOTRAK _ C06 _ Left _ 3",-97.3518235995669,197.338082588511,-2485.78361736988,-74.6877795726163,215.186245931747,-2505.41731835179
"OPTOTRAK _ C06 _ Left _ 3",-98.8455815154309,194.267992458877,-2484.50254956722,-71.6432405179621,223.616286058286,-2514.4980082396
"OPTOTRAK _ C06 _ Left _ 3",-100.742278464183,190.186872960637,-2482.22249016124,-69.9639657569874,232.845308323044,-2524.13204229589
"OPTOTRAK _ C06 _ Left _ 3",-102.972624442313,185.342590641065,-2479.03839062031,-69.9908289541822,242.170486101414,-2533.64678508539
"OPTOTRAK _ C06 _ Left _ 3",-105.3995655795,180.122578568136,-2475.17923026723,-71.7079566360781,250.848625383,-2542.3606715577
"OPTOTRAK _ C06 _ Left _ 3",-107.843157020534,174.972328712391,-2470.96703862944,-74.7322810826767,258.244548767136,-2549.72168490307
"OPTOTRAK _ C06 _ Left _ 3",-110.112428701636,170.306367868178,-2466.75703498037,-78.391412047567,263.936986465981,-2555.39744458327
"OPTOTRAK _ C06 _ Left _ 3",-112.033017714628,166.443061167951,-2462.88040809612,-81.8692930279878,267.747447145786,-2559.28605458231
"OPTOTRAK _ C06 _ Left _ 3",-113.463345149928,163.58054019918,-2459.60620790392,-84.3800194369283,269.692779485144,-2561.45035305477
"OPTOTRAK _ C06 _ Left _ 3",-114.299215206306,161.811238994243,-2457.12694093915,-85.3283276896967,269.892717729918,-2562.00848167738
"OPTOTRAK _ C06 _ Left _ 3",-114.472662339322,161.157282065679,-2455.56153453639,-84.4261508989661,268.476706472938,-2561.0295881561
"OPTOTRAK _ C06 _ Left _ 3",-113.95239694425,161.604333029813,-2454.9648970867,-81.7489785587054,265.528325822134,-2558.48035158722
"OPTOTRAK _ C06 _ Left _ 3",-112.750026120758,163.117199664597,-2455.33547722235,-77.7267457945392,261.087011579936,-2554.24768210568
"OPTOTRAK _ C06 _ Left _ 3",-110.930629582504,165.632152195018,-2456.61753056563,-73.0706433264332,255.203189823381,-2548.23240148846
"OPTOTRAK _ C06 _ Left _ 3",-108.621356563873,169.033208593356,-2458.69980425062,-68.6433164089521,248.021202744953,-2540.47831428827
"OPTOTRAK _ C06 _ Left _ 3",-106.009946730147,173.128049022778,-2461.41549505111,-65.2898760303567,239.85107545595,-2531.28204896529
"OPTOTRAK _ C06 _ Left _ 3",-103.327430362625,177.640890483618,-2464.5493333869,-63.6614127713481,231.190914704975,-2521.23026897932
"OPTOTRAK _ C06 _ Left _ 3",-100.814890716344,182.233959554138,-2467.85620279497,-64.0748458972286,222.678247414618,-2511.13489134312
"OPTOTRAK _ C06 _ Left _ 3",-98.6808424051043,186.557924315886,-2471.0915589581,-66.451957997718,214.976284813871,-2501.87668645755
"OPTOTRAK _ C06 _ Left _ 3",-97.0607935444887,190.318685411285,-2474.04808341574,-70.3590657599175,208.629609066012,-2494.20688670549
"OPTOTRAK _ C06 _ Left _ 3",-95.9917240701964,193.338526847699,-2476.58832258771,-75.1324642836102,203.940577443567,-2488.57677032458
"OPTOTRAK _ C06 _ Left _ 3",-95.4106967920815,195.588551655044,-2478.66252236744,-80.0422724900072,200.913580666774,-2485.05611872141
"OPTOTRAK _ C06 _ Left _ 3",-95.1797059820497,197.178000469543,-2480.30510106365,-84.4379061199845,199.289375629066,-2483.36716149788
"OPTOTRAK _ C06 _ Left _ 3",-95.1308320154339,198.300979876963,-2481.60989549057,-87.8362642859338,198.657694354809,-2483.017830247
"OPTOTRAK _ C06 _ Left _ 3",-95.1197011063185,199.15590873333,-2482.69040295264,-89.9453544409632,198.609473347406,-2483.48578051361
"OPTOTRAK _ C06 _ Left _ 3",-95.072861369263,199.862251818092,-2483.6351442827,-90.6430009483984,198.880193508728,-2484.39321071906
"OPTOTRAK _ C06 _ Left _ 3",-95.0161457525499,200.400617107595,-2484.46978425856,-89.9416645651909,199.44221753821,-2485.62111364939
"OPTOTRAK _ C06 _ Left _ 3",-95.0755657662552,200.596434095471,-2485.13671173174,-87.9654637178662,200.520312716199,-2487.33288006789
"OPTOTRAK _ C06 _ Left _ 3",-95.4486534323155,200.155989298171,-2485.4992612461,-84.9494720459151,202.52500784204,-2489.90344676621
"OPTOTRAK _ C06 _ Left _ 3",-96.3514058008805,198.749016881769,-2485.37196262269,-81.2518599645618,205.919596479658,-2493.77586663921
"OPTOTRAK _ C06 _ Left _ 3",-97.9529942308732,196.117245748663,-2484.57110349801,-77.3544951347702,211.055714208696,-2499.28789368044
"OPTOTRAK _ C06 _ Left _ 3",-100.315601132896,192.176985845971,-2482.97298232217,-73.8244187096323,218.025461033408,-2506.52202679282
"OPTOTRAK _ C06 _ Left _ 3",-103.357874712255,187.080806243948,-2480.56264092205,-71.2216217342588,226.578933625061,-2515.22788080296
"OPTOTRAK _ C06 _ Left _ 3",-106.855350666549,181.213248436368,-2477.45635611198,-69.9658243969075,236.138812711974,-2524.84267553797
"OPTOTRAK _ C06 _ Left _ 3",-110.479604953772,175.118505576823,-2473.88880535705,-70.2045053445932,245.908957173419,-2534.5992729685
"OPTOTRAK _ C06 _ Left _ 3",-113.863625809297,169.385468215435,-2470.16906649604,-71.7374461199377,255.03545937019,-2543.67743544557
"OPTOTRAK _ C06 _ Left _ 3",-116.670986734567,164.5325197427,-2466.62187803035,-74.0377000267148,262.758626027938,-2551.34131203832
"OPTOTRAK _ C06 _ Left _ 3",-118.646931948145,160.930343528602,-2463.53415885206,-76.3723108470241,268.506369759344,-2557.0214486381
"OPTOTRAK _ C06 _ Left _ 3",-119.64038770098,158.778892142322,-2461.11996318528,-77.9891371929985,271.914962584979,-2560.33246473791
"OPTOTRAK _ C06 _ Left _ 3",-119.600317465052,158.128959969892,-2459.50608395461,-78.315851622246,272.798839458352,-2561.04899069403
"OPTOTRAK _ C06 _ Left _ 3",-118.559275186757,158.923491106739,-2458.7332062544,-77.1168308232283,271.108603470472,-2559.07750775332
"OPTOTRAK _ C06 _ Left _ 3",-116.61739035517,161.033723483546,-2458.76629462509,-74.5669663817747,266.911483337415,-2554.45533368806
"OPTOTRAK _ C06 _ Left _ 3",-113.933152692947,164.276636970172,-2459.51004298327,-71.2216274312447,260.407590318808,-2547.38489983803
"OPTOTRAK _ C06 _ Left _ 3",-110.718433555403,168.415327597208,-2460.82737419547,-67.8859515952099,251.968781514362,-2538.28334283327
"OPTOTRAK _ C06 _ Left _ 3",-107.229454284368,173.155575784172,-2462.55985354019,-65.4127780411008,242.166534225201,-2527.80837164854
"OPTOTRAK _ C06 _ Left _ 3",-103.745881911956,178.155143257877,-2464.54875339288,-64.4823503638422,231.751749535973,-2516.82235178126
"OPTOTRAK _ C06 _ Left _ 3",-100.536458623649,183.05599788028,-2466.65487838053,-65.4286494272649,221.567412747272,-2506.27997007707
"OPTOTRAK _ C06 _ Left _ 3",-97.8180427968817,187.536615248662,-2468.77439491954,-68.1660555882722,212.408098796098,-2497.06127241882
"OPTOTRAK _ C06 _ Left _ 3",-95.7209382797309,191.367988213854,-2470.84726796707,-72.2344385920991,204.871790840199,-2489.80299169082
"OPTOTRAK _ C06 _ Left _ 3",-94.2735015551277,194.450238616203,-2472.85535793085,-76.9357719731705,199.260990202919,-2484.7896207582
"OPTOTRAK _ C06 _ Left _ 3",-93.4129735761021,196.811286141291,-2474.80930781807,-81.5055760653126,195.57334820944,-2481.94591166539
"OPTOTRAK _ C06 _ Left _ 3",-93.0201586029864,198.56353107605,-2476.72646638801,-85.263239188235,193.585336585124,-2480.93369597915
"OPTOTRAK _ C06 _ Left _ 3",-92.9671127902776,199.832088597703,-2478.60494356584,-87.7105031521548,192.995240229584,-2481.31669225496
"OPTOTRAK _ C06 _ Left _ 3",-93.1625811558799,200.680598857852,-2480.40060350725,-88.5771770314707,193.571143222304,-2482.73418049886
"OPTOTRAK _ C06 _ Left _ 3",-93.5806709549699,201.0630430357,-2482.01420464169,-87.8307797437325,195.251021172486,-2485.02480654598
"OPTOTRAK _ C06 _ Left _ 3",-94.2635111045576,200.821987047597,-2483.29484012854,-85.6677752263684,198.160738696024,-2488.26156459563
"OPTOTRAK _ C06 _ Left _ 3",-95.2966764231645,199.738303051723,-2484.06283757,-82.493243993035,202.543501273708,-2492.68939998498
"OPTOTRAK _ C06 _ Left _ 3",-96.7647635791589,197.619321141097,-2484.15007496954,-78.8819192228045,208.623664061235,-2498.58868307949
"OPTOTRAK _ C06 _ Left _ 3",-98.7014200414879,194.396745759125,-2483.4489452064,-75.5056803012711,216.451821687547,-2506.11260321087
"OPTOTRAK _ C06 _ Left _ 3",-101.051130018725,190.198067353865,-2481.9551296203,-73.0181903193464,225.789101760944,-2515.15643013893
"OPTOTRAK _ C06 _ Left _ 3",-103.657357693528,185.360732230627,-2479.78760740569,-71.9081174463177,236.078995289584,-2525.30566640337
"OPTOTRAK _ C06 _ Left _ 3",-106.282933720104,180.378530112279,-2477.17543324926,-72.3596392126593,246.522842827061,-2535.87927724557
"OPTOTRAK _ C06 _ Left _ 3",-108.656416540227,175.79781130823,-2474.41417324992,-74.1743218174978,256.231333637347,-2546.04593715035
"OPTOTRAK _ C06 _ Left _ 3",-110.528058217957,172.10256164928,-2471.80834327485,-76.7962974796207,264.392414175863,-2554.96549362168
"OPTOTRAK _ C06 _ Left _ 3",-111.716493864792,169.628974610097,-2469.62045459012,-79.4454706407166,270.395459391212,-2561.90783258642
"OPTOTRAK _ C06 _ Left _ 3",-112.133566891707,168.531912229592,-2468.03987998823,-81.3219928801927,273.880976186931,-2566.32339082288
"OPTOTRAK _ C06 _ Left _ 3",-111.785349416155,168.800550492541,-2467.17270098034,-81.8209482647566,274.723704351985,-2567.86794215483
"OPTOTRAK _ C06 _ Left _ 3",-110.756026290301,170.303034996709,-2467.04581373401,-80.6963035906513,272.982752295158,-2566.40343972672
"OPTOTRAK _ C06 _ Left _ 3",-109.184334890647,172.836098785141,-2467.61765823537,-78.1313149291838,268.855842819613,-2561.99895694063
"OPTOTRAK _ C06 _ Left _ 3",-107.240240281152,176.16263865828,-2468.7911492102,-74.6985258787194,262.659209964835,-2554.94245571464
"OPTOTRAK _ C06 _ Left _ 3",-105.105219856395,180.032003079229,-2470.42803664594,-71.2193446451253,254.830703637854,-2545.75365667815
"OPTOTRAK _ C06 _ Left _ 3",-102.955717738822,184.188321833254,-2472.3659142931,-68.5577746036269,245.933705867226,-2535.172694309
"OPTOTRAK _ C06 _ Left _ 3",-100.947728743552,188.377555113623,-2474.4387273087,-67.4019245652368,236.633555171466,-2524.09894218466
"OPTOTRAK _ C06 _ Left _ 3",-99.2014626112476,192.362427854902,-2476.49928765892,-68.0940255254277,227.629875117672,-2513.47262791082
"OPTOTRAK _ C06 _ Left _ 3",-97.7877810426622,195.947091768533,-2478.43941634682,-70.5575060539127,219.552565501668,-2504.12127011346
"OPTOTRAK _ C06 _ Left _ 3",-96.7208394128135,199.003894268389,-2480.2017792083,-74.337553424534,212.854091551086,-2496.61787940776
"OPTOTRAK _ C06 _ Left _ 3",-95.9620951177639,201.488345389402,-2481.77852735409,-78.7315725067588,207.741767766773,-2491.20280513019
"OPTOTRAK _ C06 _ Left _ 3",-95.4384541925405,203.42962549722,-2483.19535632058,-82.9584365347714,204.182397121204,-2487.80076357868
"OPTOTRAK _ C06 _ Left _ 3",-95.0724758393341,204.893149298846,-2484.48412902892,-86.3142365829342,201.98193684523,-2486.12784808404
"OPTOTRAK _ C06 _ Left _ 3",-94.8173123131381,205.924560571542,-2485.65101435541,-88.2832012258299,200.910397924721,-2485.84806643408
"OPTOTRAK _ C06 _ Left _ 3",-94.6856766477516,206.494910396387,-2486.64916106878,-88.59830059522,200.823491158053,-2486.72113329561
"OPTOTRAK _ C06 _ Left _ 3",-94.762047569384,206.470029863397,-2487.36507379567,-87.261619638132,201.734550440204,-2488.68864450385
"OPTOTRAK _ C06 _ Left _ 3",-95.190869429085,205.621731963978,-2487.62598376655,-84.5358019305214,203.809323200452,-2491.86976139655
"OPTOTRAK _ C06 _ Left _ 3",-96.1399961300629,203.685790709828,-2487.23123494787,-80.9096632575209,207.283983498023,-2496.47035335823
"OPTOTRAK _ C06 _ Left _ 3",-97.746595282066,200.454927818999,-2486.0039113004,-77.0319882716418,212.33466827981,-2502.64070932628
"OPTOTRAK _ C06 _ Left _ 3",-100.060069390657,195.879035619853,-2483.85062902391,-73.6060144456849,218.946757190513,-2510.33669276773
"OPTOTRAK _ C06 _ Left _ 3",-103.00056966745,190.135862912226,-2480.81052473104,-71.248442489702,226.835890258156,-2519.2393707407
"OPTOTRAK _ C06 _ Left _ 3",-106.349607685994,183.640139458785,-2477.0736224358,-70.3388333784409,235.45490031772,-2528.76541411703
"OPTOTRAK _ C06 _ Left _ 3",-109.779876161544,176.980210216963,-2472.95764363078,-70.9056000163757,244.084966632704,-2538.16213618575
"OPTOTRAK _ C06 _ Left _ 3",-112.917124926368,170.801247581828,-2468.84899585833,-72.5963760527877,251.972120368663,-2546.64545878602
"OPTOTRAK _ C06 _ Left _ 3",-115.414363389496,165.676650146676,-2465.12899676042,-74.7559365775461,258.453942117067,-2553.52604069751
"OPTOTRAK _ C06 _ Left _ 3",-117.014929858162,162.01065413733,-2462.11027405229,-76.5956216703582,263.035576768613,-2558.28426707068
"OPTOTRAK _ C06 _ Left _ 3",-117.588121550319,159.996193032666,-2459.99911812476,-77.4059667531549,265.406985968442,-2560.58696027381
"OPTOTRAK _ C06 _ Left _ 3",-117.133969965085,159.626411967639,-2458.88561903706,-76.752725434406,265.422239461203,-2560.26796164432
"OPTOTRAK _ C06 _ Left _ 3",-115.764454274671,160.740469098431,-2458.75409806472,-74.6045368010662,263.072275475821,-2557.30654920811
"OPTOTRAK _ C06 _ Left _ 3",-113.672455589932,163.079956836747,-2459.5043686324,-71.3594540832374,258.474713386348,-2551.82839562784
"OPTOTRAK _ C06 _ Left _ 3",-111.097816918482,166.338469248343,-2460.9767915023,-67.7608278269999,251.885712011563,-2544.13045878549
"OPTOTRAK _ C06 _ Left _ 3",-108.295494840934,170.197263336028,-2462.97743465299,-64.7185588885887,243.719135247945,-2534.70737576874
"OPTOTRAK _ C06 _ Left _ 3",-105.507202424836,174.349050455879,-2465.30214483167,-63.0777247461905,234.546804199124,-2524.2462452267
"OPTOTRAK _ C06 _ Left _ 3",-102.936714294877,178.516310441486,-2467.75932800258,-63.3966277910989,225.057049295576,-2513.5661316543
"OPTOTRAK _ C06 _ Left _ 3",-100.729991707868,182.469243971751,-2470.19057456825,-65.7996723569036,215.967082978696,-2503.50434266411
"OPTOTRAK _ C06 _ Left _ 3",-98.9631654543334,186.043113191236,-2472.48653057552,-69.9493977901328,207.909673850937,-2494.78015578592
"OPTOTRAK _ C06 _ Left _ 3",-97.6424113978911,189.14872751434,-2474.59400139431,-75.1409961490303,201.333157302372,-2487.8827859705
"OPTOTRAK _ C06 _ Left _ 3",-96.7184735436035,191.767299633668,-2476.51068739834,-80.4802024394963,196.454594645927,-2483.02518642524
"OPTOTRAK _ C06 _ Left _ 3",-96.1148115072628,193.924447782683,-2478.26669824227,-85.0832467234209,193.286053900695,-2480.1805436801
"OPTOTRAK _ C06 _ Left _ 3",-95.7633383810785,195.646939376825,-2479.89608208326,-88.2445631540967,191.722453527262,-2479.18489502132
"OPTOTRAK _ C06 _ Left _ 3",-95.6376734403509,196.915585542685,-2481.4052828081,-89.544133043428,191.65239751271,-2479.86218613916
"OPTOTRAK _ C06 _ Left _ 3",-95.7727815465753,197.633238986985,-2482.74744016513,-88.8925197050166,193.044105554519,-2482.11953419143
"OPTOTRAK _ C06 _ Left _ 3",-96.2627302650832,197.624802223525,-2483.81138747539,-86.5247513214238,195.969699216434,-2485.97382288661
"OPTOTRAK _ C06 _ Left _ 3",-97.2345676596782,196.67645276319,-2484.4318844428,-82.9534756628861,200.556400723438,-2491.49975591813
"OPTOTRAK _ C06 _ Left _ 3",-98.804237789184,194.606782122615,-2484.42263401559,-78.884850104702,206.882767034894,-2498.72241626479
"OPTOTRAK _ C06 _ Left _ 3",-101.027421360535,191.348106926343,-2483.62608750442,-75.097160872287,214.861936490213,-2507.50157550672
"OPTOTRAK _ C06 _ Left _ 3",-103.861462745622,187.007888592129,-2481.96592429451,-72.2893145503973,224.162614915947,-2517.45998025232
"OPTOTRAK _ C06 _ Left _ 3",-107.152093821319,181.883599582983,-2479.48368638965,-70.9240450978902,234.205562461647,-2527.98923365378
"OPTOTRAK _ C06 _ Left _ 3",-110.650420907708,176.421076988688,-2476.34481115926,-71.1085808018877,244.240743513734,-2538.33146104215
"OPTOTRAK _ C06 _ Left _ 3",-114.054458265243,171.130118238795,-2472.8114613685,-72.5577120177895,253.473269931382,-2547.70083185333
"OPTOTRAK _ C06 _ Left _ 3",-117.060539568037,166.489025355341,-2469.19365576418,-74.662595757086,261.18671147139,-2555.39557988582
"OPTOTRAK _ C06 _ Left _ 3",-119.407963905139,162.871316578869,-2465.79722626932,-76.6522128271555,266.822246204708,-2560.86481279469
"OPTOTRAK _ C06 _ Left _ 3",-120.906190650155,160.512925510584,-2462.88344067092,-77.8023678070788,270.002756947442,-2563.72427923509
"OPTOTRAK _ C06 _ Left _ 3",-121.443878887541,159.517291967564,-2460.64551618344,-77.6333729246427,270.520793814384,-2563.74273845246
"OPTOTRAK _ C06 _ Left _ 3",-120.986973888303,159.88093309266,-2459.19938647611,-76.0433278979049,268.321665070859,-2560.83166110674
"OPTOTRAK _ C06 _ Left _ 3",-119.574805738676,161.519276638517,-2458.58358444497,-73.342554189472,263.505219229128,-2555.0619617345
"OPTOTRAK _ C06 _ Left _ 3",-117.318902606722,164.280169251936,-2458.76452881743,-70.1793779841171,256.34978197248,-2546.7080923895
"OPTOTRAK _ C06 _ Left _ 3",-114.402348541254,167.944807665528,-2459.64589484188,-67.3740722928478,247.339935619724,-2536.29405630014
"OPTOTRAK _ C06 _ Left _ 3",-111.072430842801,172.226468839621,-2461.08230067163,-65.7032625513061,237.16669518217,-2524.60133035708
"OPTOTRAK _ C06 _ Left _ 3",-107.61921703889,176.781423798148,-2462.8977759498,-65.6955195335443,226.6719825685,-2512.6050541062
"OPTOTRAK _ C06 _ Left _ 3",-104.338087840775,181.24183365079,-2464.90848530782,-67.5006086118557,216.730790416735,-2501.33267538167
"OPTOTRAK _ C06 _ Left _ 3",-101.482602139855,185.269097599353,-2466.94730356638,-70.8723540639159,208.09611312596,-2491.67726780789
"OPTOTRAK _ C06 _ Left _ 3",-99.2209439746611,188.61346360785,-2468.88593248836,-75.2625391428256,201.257321820428,-2484.22648875612
"OPTOTRAK _ C06 _ Left _ 3",-97.6106409104551,191.158485479303,-2470.64950479142,-79.9805128226919,196.365928194203,-2479.17042409455
"OPTOTRAK _ C06 _ Left _ 3",-96.6011632015905,192.931456104859,-2472.21964457726,-84.3542792199699,193.259081245798,-2476.32391676043
"OPTOTRAK _ C06 _ Left _ 3",-96.0647902002194,194.072415966126,-2473.62432588703,-87.8427964120615,191.572718211283,-2475.25493801066
"OPTOTRAK _ C06 _ Left _ 3",-95.8468483783904,194.769462368914,-2474.91590909124,-90.082988021493,190.903241226417,-2475.47182937861
"OPTOTRAK _ C06 _ Left _ 3",-95.8204524093923,195.180575532692,-2476.14200759614,-90.8864870348903,190.962793479967,-2476.60475861749
"OPTOTRAK _ C06 _ Left _ 3",-95.9296990459488,195.367633025069,-2477.31663938765,-90.216086379418,191.679696970999,-2478.52334742069
"OPTOTRAK _ C06 _ Left _ 3",-96.2086628728118,195.265265201331,-2478.40025380987,-88.1685611886259,193.215347103673,-2481.35616227058
"OPTOTRAK _ C06 _ Left _ 3",-96.770290730065,194.696924518461,-2479.29577643941,-84.9749140518257,195.894057007673,-2485.40906051578
"OPTOTRAK _ C06 _ Left _ 3",-97.7677220772727,193.43587854324,-2479.86377211571,-81.0096471747762,200.067325272322,-2491.0101211969
"OPTOTRAK _ C06 _ Left _ 3",-99.3388374804674,191.293486148588,-2479.95400925421,-76.7860641640749,205.954246316531,-2498.33233913397
"OPTOTRAK _ C06 _ Left _ 3",-101.550863774801,188.205471488286,-2479.44467048905,-72.9123929526609,213.510387920982,-2507.25506011405
"OPTOTRAK _ C06 _ Left _ 3",-104.363297559039,184.284004346649,-2478.27655737464,-69.9976125221145,222.37293370041,-2517.31581073106
"OPTOTRAK _ C06 _ Left _ 3",-107.622392628882,179.813198564027,-2476.47043747392,-68.5223459466631,231.906937709614,-2527.77466270767
"OPTOTRAK _ C06 _ Left _ 3",-111.089305874538,175.187148058666,-2474.12209966151,-68.7152131031808,241.34067669362,-2537.77180445511
"OPTOTRAK _ C06 _ Left _ 3",-114.49067704463,170.814064694796,-2471.37923148099,-70.4815562649659,249.942431728847,-2546.52303683804
"OPTOTRAK _ C06 _ Left _ 3",-117.57159514459,167.02440716014,-2468.41167259624,-73.4130547255162,257.175199309517,-2553.4847781459
"OPTOTRAK _ C06 _ Left _ 3",-120.131789124229,164.016896793192,-2465.38754600623,-76.8745865741758,262.778112837162,-2558.43514293069
"OPTOTRAK _ C06 _ Left _ 3",-122.035942154664,161.857116675153,-2462.46223974663,-80.1382004477517,266.75521776968,-2561.45147378921
"OPTOTRAK _ C06 _ Left _ 3",-123.202062792919,160.520468516376,-2459.77935486546,-82.5253945389808,269.286388077017,-2562.80155792388
"OPTOTRAK _ C06 _ Left _ 3",-123.580736199208,159.955591821298,-2457.47709031336,-83.5267465661697,270.598445385058,-2562.79254801427
"OPTOTRAK _ C06 _ Left _ 3",-123.139498735877,160.140372654245,-2455.69201139923,-82.8828069394511,270.842826585116,-2561.63180052843
"OPTOTRAK _ C06 _ Left _ 3",-121.861662927856,161.108798123085,-2454.55416458865,-80.6227038603132,270.020778327977,-2559.34702045638
"OPTOTRAK _ C06 _ Left _ 3",-119.760928938543,162.939090120347,-2454.17161864706,-77.0624827877845,267.980850683532,-2555.79282243931
"OPTOTRAK _ C06 _ Left _ 3",-116.905325927109,165.707627644334,-2454.60732224437,-72.7644394202223,264.490297302228,-2550.74260652291
"OPTOTRAK _ C06 _ Left _ 3",-113.438951136056,169.425438547815,-2455.85531907871,-68.4562919137401,259.357546235307,-2544.03531486118
"OPTOTRAK _ C06 _ Left _ 3",-109.589182022687,173.981306599205,-2457.82554062751,-64.9114498674516,252.564054860896,-2535.72453251463
"OPTOTRAK _ C06 _ Left _ 3",-105.650908178276,179.115440383507,-2460.34555535498,-62.8030162586262,244.357045888168,-2526.17137170456
"OPTOTRAK _ C06 _ Left _ 3",-101.946866507644,184.439329784346,-2463.18337372372,-62.5615153304446,235.263968723562,-2516.03829416926
"OPTOTRAK _ C06 _ Left _ 3",-98.7720216243344,189.502331271383,-2466.08840848601,-64.2783885436886,226.014620676492,-2506.17598489704
"OPTOTRAK _ C06 _ Left _ 3",-96.3369073775773,193.887974250724,-2468.84024859094,-67.6909148614318,217.390732003009,-2497.43684577911
"OPTOTRAK _ C06 _ Left _ 3",-94.7269712453488,197.309539702117,-2471.2904075074,-72.2561910603666,210.05236429386,-2490.47837234311
"OPTOTRAK _ C06 _ Left _ 3",-93.8909827180859,199.671635879885,-2473.38333952021,-77.2855887021789,204.401446612646,-2485.62386532356
"OPTOTRAK _ C06 _ Left _ 3",-93.6628424325405,201.07502891787,-2475.14971805768,-82.0889200894755,200.528382564716,-2482.8252655504
"OPTOTRAK _ C06 _ Left _ 3",-93.8110870584828,201.76216066862,-2476.67412497799,-86.0825817653795,198.254513838373,-2481.73453893179
"OPTOTRAK _ C06 _ Left _ 3",-94.1026821759118,202.021740605226,-2478.04687415637,-88.8419577757478,197.247801741488,-2481.85291475373
"OPTOTRAK _ C06 _ Left _ 3",-94.3645023393323,202.083799694818,-2479.31346426579,-90.1071278294394,197.166558438927,-2482.70525101984
"OPTOTRAK _ C06 _ Left _ 3",-94.5273833469388,202.037909925212,-2480.43539390877,-89.7674601914308,197.78201603771,-2483.98479986579
"OPTOTRAK _ C06 _ Left _ 3",-94.6425131670627,201.798714819839,-2481.27389215624,-87.8505181760497,199.041975282121,-2485.62807081408
"OPTOTRAK _ C06 _ Left _ 3",-94.8664540069767,201.128843547808,-2481.60389436793,-84.5274485977817,201.058661690304,-2487.80292148158
"OPTOTRAK _ C06 _ Left _ 3",-95.4178925802332,199.713644631125,-2481.15907876153,-80.1279783965417,204.028256005509,-2490.818384579
"OPTOTRAK _ C06 _ Left _ 3",-96.5155162482439,197.26773657611,-2479.70019048326,-75.1421056437451,208.111647656636,-2494.98656755979
"OPTOTRAK _ C06 _ Left _ 3",-98.3114940437273,193.642731257646,-2477.08985802839,-70.180993668984,213.319958050982,-2500.48055184132
"OPTOTRAK _ C06 _ Left _ 3",-100.837651160247,188.902205705942,-2473.351165882,-65.8818292709282,219.448568254726,-2507.2331868517
"OPTOTRAK _ C06 _ Left _ 3",-103.979823921365,183.337812667123,-2468.68887182157,-62.7686956188461,226.086145080789,-2514.90758979582
"OPTOTRAK _ C06 _ Left _ 3",-107.488880760274,177.419698368136,-2463.46363461178,-61.1116882042551,232.693877966964,-2522.94424203464
"OPTOTRAK _ C06 _ Left _ 3",-111.02556611705,171.698623061679,-2458.12737571386,-60.8407491039591,238.718909514287,-2530.66229168603
"OPTOTRAK _ C06 _ Left _ 3",-114.224988442808,166.694585417416,-2453.14276863524,-61.5565404013709,243.693469094625,-2537.37682891275
"OPTOTRAK _ C06 _ Left _ 3",-116.761048119924,162.808037049228,-2448.91310264166,-62.6437385037184,247.285566710422,-2542.49603924297
"OPTOTRAK _ C06 _ Left _ 3",-118.394379280648,160.275357672116,-2445.73922868319,-63.4526925436813,249.297333906801,-2545.57879430995
"OPTOTRAK _ C06 _ Left _ 3",-118.99676114618,159.16967820912,-2443.8053200074,-63.4925576918194,249.632994278549,-2546.35455353363
"OPTOTRAK _ C06 _ Left _ 3",-118.55424360081,159.43238276009,-2443.18424868767,-62.5788363144582,248.2671029913,-2544.72290964867
"OPTOTRAK _ C06 _ Left _ 3",-117.155831463354,160.915182295311,-2443.85096516799,-60.8948930079089,245.235417053745,-2540.75276150381
"OPTOTRAK _ C06 _ Left _ 3",-114.974150340941,163.416519883579,-2445.69643198867,-58.9513703329417,240.653330955234,-2534.69051343926
"OPTOTRAK _ C06 _ Left _ 3",-112.24163286881,166.704891252858,-2448.54067844773,-57.4534065429253,234.748855279583,-2526.96964579643
"OPTOTRAK _ C06 _ Left _ 3",-109.223207433119,170.530815159343,-2452.14770452615,-57.1097078101223,227.885752575137,-2518.20114776926
"OPTOTRAK _ C06 _ Left _ 3",-106.185818000871,174.635084645435,-2456.24585702267,-58.4354847226288,220.552619905518,-2509.12438899504
"OPTOTRAK _ C06 _ Left _ 3",-103.366579560681,178.761527496665,-2460.55517704249,-61.6062283186902,213.306535848962,-2500.51272458727
"OPTOTRAK _ C06 _ Left _ 3",-100.944115444169,182.677771725465,-2464.81917140428,-66.4053904320623,206.680978824633,-2493.05069975828
"OPTOTRAK _ C06 _ Left _ 3",-99.0199452794921,186.199781729936,-2468.83425607082,-72.2775676064839,201.087672000052,-2487.21844461227
"OPTOTRAK _ C06 _ Left _ 3",-97.6167474292672,189.209462847132,-2472.46804773074,-78.4618180669717,196.750117248356,-2483.22351783928
"OPTOTRAK _ C06 _ Left _ 3",-96.6967329950346,191.653835577461,-2475.65955636785,-84.1552857508602,193.696810593224,-2481.00735472119
"OPTOTRAK _ C06 _ Left _ 3",-96.196853960544,193.520936664585,-2478.40003024827,-88.6573559182921,191.817904952012,-2480.3270067687
"OPTOTRAK _ C06 _ Left _ 3",-96.0706055652696,194.799045819076,-2480.70030542222,-91.4657163797034,190.962354823343,-2480.88407357867
"OPTOTRAK _ C06 _ Left _ 3",-96.3219190101946,195.436169508926,-2482.55581463072,-92.3221953425212,191.036395656076,-2482.45438377022
"OPTOTRAK _ C06 _ Left _ 3",-97.017291349854,195.320324416696,-2483.92186054347,-91.2226543402155,192.064722497108,-2484.97176307894
"OPTOTRAK _ C06 _ Left _ 3",-98.2682807551903,194.295569415982,-2484.7089971258,-88.4060022656245,194.190456325224,-2488.53623453701
"OPTOTRAK _ C06 _ Left _ 3",-100.186378037728,192.215313122089,-2484.80213459538,-84.3269665228773,197.612085959066,-2493.34401890688
"OPTOTRAK _ C06 _ Left _ 3",-102.823095209776,189.017762481353,-2484.09870344427,-79.6049572148268,202.47813353913,-2499.56450702175
"OPTOTRAK _ C06 _ Left _ 3",-106.115985940166,184.795115449074,-2482.5531524886,-74.9370275897836,208.777074576876,-2507.20896309208
"OPTOTRAK _ C06 _ Left _ 3",-109.8623781489,179.825250570874,-2480.21063325687,-70.9731323337885,216.264625833936,-2516.03936020648
"OPTOTRAK _ C06 _ Left _ 3",-113.734704618168,174.546497776292,-2477.21564187408,-68.1750559203638,224.457966055779,-2525.5499679079
"OPTOTRAK _ C06 _ Left _ 3",-117.336114638626,169.479636787181,-2473.79246423534,-66.7034803462248,232.69911924611,-2535.0246548142
"OPTOTRAK _ C06 _ Left _ 3",-120.278905809326,165.124837961626,-2470.20809494963,-66.3818659747857,240.261092897375,-2543.64421697225
"OPTOTRAK _ C06 _ Left _ 3",-122.259684242319,161.870831701835,-2466.73535364972,-66.7621404643966,246.457719337394,-2550.60555765142
"OPTOTRAK _ C06 _ Left _ 3",-123.108775294381,159.943975322457,-2463.6289756469,-67.2768336735124,250.727617165017,-2555.22231583995
"OPTOTRAK _ C06 _ Left _ 3",-122.804284300478,159.403941035043,-2461.11531626931,-67.4280556700169,252.683977128252,-2556.99589378415
"OPTOTRAK _ C06 _ Left _ 3",-121.455169860195,160.173871204483,-2459.38707040535,-66.951588457785,252.139222055005,-2555.66332476715
"OPTOTRAK _ C06 _ Left _ 3",-119.265929236712,162.084473068059,-2458.59382595502,-65.9050962621614,249.118453868582,-2551.23412052784
"OPTOTRAK _ C06 _ Left _ 3",-116.496340307705,164.913895987164,-2458.82539212016,-64.6543869260191,243.868803537051,-2544.01988266127
"OPTOTRAK _ C06 _ Left _ 3",-113.425447912788,168.41397356152,-2460.0921778891,-63.7617976410819,236.859341992619,-2534.64430910759
"OPTOTRAK _ C06 _ Left _ 3",-110.323086169386,172.323482982782,-2462.31120383426,-63.8098842675369,228.756051487583,-2524.00921286826
"OPTOTRAK _ C06 _ Left _ 3",-107.427649645923,176.376357596951,-2465.30612952026,-65.2155350001302,220.355884542312,-2513.19544203173
"OPTOTRAK _ C06 _ Left _ 3",-104.927315265059,180.314618225699,-2468.82563652643,-68.0961742848815,212.476230084788,-2503.29925381143
"OPTOTRAK _ C06 _ Left _ 3",-102.943611537024,183.911592637186,-2472.57850357235,-72.2336557761888,205.817027928353,-2495.2360125103
"OPTOTRAK _ C06 _ Left _ 3",-101.519615884192,187.002806667837,-2476.27807657693,-77.1442881768738,200.831966630583,-2489.56691510038
"OPTOTRAK _ C06 _ Left _ 3",-100.617654655766,189.513991884922,-2479.68563606466,-82.2204703177268,197.651223303461,-2486.40569630063
"OPTOTRAK _ C06 _ Left _ 3",-100.131139069383,191.472531058979,-2482.64239453256,-86.8834288111898,196.085317839296,-2485.43814642825
"OPTOTRAK _ C06 _ Left _ 3",-99.9117855141763,192.992492303836,-2485.08298005093,-90.69160986717,195.712407210471,-2486.04909427514
"OPTOTRAK _ C06 _ Left _ 3",-99.808481143089,194.232424277634,-2487.02776992469,-93.3792324590292,196.022767976928,-2487.5169289811
"OPTOTRAK _ C06 _ Left _ 3",-99.7096539662708,195.335130788433,-2488.55607553991,-94.8342264678265,196.577286777723,-2489.21815181193
"OPTOTRAK _ C06 _ Left _ 3",-99.5787228096357,196.365977715061,-2489.7663994265,-95.0467644343715,197.136193111523,-2490.78701516109
"OPTOTRAK _ C06 _ Left _ 3",-99.472572418296,197.268899445525,-2490.73330028805,-94.063258549464,197.726021554752,-2492.1925376541
"OPTOTRAK _ C06 _ Left _ 3",-99.5359335693749,197.856508547184,-2491.47194553862,-91.9695838418249,198.630046381723,-2493.7188202942
"OPTOTRAK _ C06 _ Left _ 3",-99.9696617941241,197.842852236274,-2491.92040587674,-88.9081889078384,200.305373544747,-2495.85818983409
"OPTOTRAK _ C06 _ Left _ 3",-100.977537738834,196.915640927175,-2491.94597702451,-85.1138270194473,203.246294092382,-2499.14659974145
"OPTOTRAK _ C06 _ Left _ 3",-102.703181583173,194.831559359942,-2491.37579669835,-80.938827477426,207.827067544588,-2503.98459606913
"OPTOTRAK _ C06 _ Left _ 3",-105.174003076832,191.507326338594,-2490.04484624761,-76.8373562261794,214.165704311079,-2510.49224371717
"OPTOTRAK _ C06 _ Left _ 3",-108.270156371004,187.075552202137,-2487.84802759284,-73.2926465858248,222.049296890267,-2518.43913766781
"OPTOTRAK _ C06 _ Left _ 3",-111.731075927282,181.882625335648,-2484.78032719506,-70.699003931037,230.946359501229,-2527.26903344485
"OPTOTRAK _ C06 _ Left _ 3",-115.200610222138,176.425710657706,-2480.95278199186,-69.2393108023248,240.102894419874,-2536.2071211275
"OPTOTRAK _ C06 _ Left _ 3",-118.297998593809,171.249738225409,-2476.58157881357,-68.8111620423351,248.68744705094,-2544.40946089388
"OPTOTRAK _ C06 _ Left _ 3",-120.692351565789,166.840554841716,-2471.95797666172,-69.0403081486836,255.934017906286,-2551.10370479281
"OPTOTRAK _ C06 _ Left _ 3",-122.158023635392,163.548600031238,-2467.41114551875,-69.3856347601799,261.240858957396,-2555.68350742007
"OPTOTRAK _ C06 _ Left _ 3",-122.597509903194,161.560538349036,-2463.27245789127,-69.3043604376816,264.210809213937,-2557.74695878649
"OPTOTRAK _ C06 _ Left _ 3",-122.032157884905,160.91488815736,-2459.84311551196,-68.425541973456,264.646590798647,-2557.0955307937
"OPTOTRAK _ C06 _ Left _ 3",-120.572172241854,161.542746847873,-2457.36385490354,-66.678774697088,262.528135386499,-2553.72166931146
"OPTOTRAK _ C06 _ Left _ 3",-118.381625840504,163.310977962314,-2455.98772314951,-64.3388944127517,257.995894173698,-2547.80688778618
"OPTOTRAK _ C06 _ Left _ 3",-115.6510411094,166.051254226423,-2455.76104049897,-61.9704743307317,251.349612025688,-2539.73350640943
"OPTOTRAK _ C06 _ Left _ 3",-112.58228505428,169.569723123454,-2456.61920613508,-60.2832494244251,243.054162951213,-2530.09286739162
"OPTOTRAK _ C06 _ Left _ 3",-109.382247143395,173.643667934335,-2458.40130737441,-59.9364865963722,233.731069179754,-2519.66237910629
"OPTOTRAK _ C06 _ Left _ 3",-106.25708287808,178.018603486617,-2460.88199758794,-61.3495693660988,224.113508520568,-2509.33030450675
"OPTOTRAK _ C06 _ Left _ 3",-103.399883187018,182.418575099726,-2463.81347352277,-64.5785675430596,214.956767417491,-2499.96981499749
"OPTOTRAK _ C06 _ Left _ 3",-100.970605917279,186.574049248813,-2466.96679465204,-69.2981168085798,206.920143275339,-2492.29194672201
"OPTOTRAK _ C06 _ Left _ 3",-99.0742821461187,190.259802294674,-2470.16142683386,-74.8887487031268,200.457611778104,-2486.72500263056
"OPTOTRAK _ C06 _ Left _ 3",-97.7473669747744,193.326444273112,-2473.27503607418,-80.5895668940963,195.759284436978,-2483.36427644958
"OPTOTRAK _ C06 _ Left _ 3",-96.9601776501333,195.709392500234,-2476.23152489093,-85.6570446854281,192.76834494529,-2482.01136417484
"OPTOTRAK _ C06 _ Left _ 3",-96.6367995257958,197.408908280567,-2478.97238207217,-89.4823597895437,191.267095190189,-2482.28870269108
"OPTOTRAK _ C06 _ Left _ 3",-96.6863301350839,198.449047629365,-2481.42231791566,-91.6508680175815,190.997807423671,-2483.78790736965
"OPTOTRAK _ C06 _ Left _ 3",-97.0345718407924,198.834345883831,-2483.46286628023,-91.9563831927086,191.772554126302,-2486.20067855082
"OPTOTRAK _ C06 _ Left _ 3",-97.6451262759414,198.5251797124,-2484.92603021148,-90.3951299578715,193.533334734594,-2489.39018395496
"OPTOTRAK _ C06 _ Left _ 3",-98.5229257109933,197.445185168361,-2485.61415031257,-87.1584979496726,196.343554462295,-2493.38333198843
"OPTOTRAK _ C06 _ Left _ 3",-99.6996682761569,195.520361145583,-2485.34329024643,-82.6277432184375,200.316451077598,-2498.29200343184
"OPTOTRAK _ C06 _ Left _ 3",-101.207058847999,192.735226221353,-2483.99810834637,-77.3576975247445,205.50880145465,-2504.19602064036
"OPTOTRAK _ C06 _ Left _ 3",-103.048175803491,189.182229400301,-2481.57976127895,-72.0297537065328,211.822735462185,-2511.03480080849
"OPTOTRAK _ C06 _ Left _ 3",-105.178214663452,185.080661837761,-2478.22813139305,-67.3626564309888,218.958187499615,-2518.55197684881
"OPTOTRAK _ C06 _ Left _ 3",-107.502516484642,180.751926873554,-2474.20728539595,-63.9907110974791,226.440091519512,-2526.31633944186
"OPTOTRAK _ C06 _ Left _ 3",-109.89273090185,176.556046951136,-2469.85678092098,-62.3408672631049,233.713138446947,-2533.81073834953
"OPTOTRAK _ C06 _ Left _ 3",-112.213885983349,172.811690789984,-2465.52529751369,-62.547544186022,240.267666905981,-2540.5530240596
"OPTOTRAK _ C06 _ Left _ 3",-114.350272329218,169.729529292647,-2461.50964239064,-64.4312100460942,245.748982813113,-2546.20291233484
"OPTOTRAK _ C06 _ Left _ 3",-116.219431480331,167.382280101529,-2458.01785657119,-67.5424373665311,250.013613916309,-2550.61825286396
"OPTOTRAK _ C06 _ Left _ 3",-117.770272482401,165.718736347727,-2455.16327931304,-71.2525954888712,253.120015843014,-2553.84572145642
"OPTOTRAK _ C06 _ Left _ 3",-118.969134908371,164.612522213934,-2452.98436499903,-74.8646956064127,255.264136910164,-2556.05395006649
"OPTOTRAK _ C06 _ Left _ 3",-119.782326733317,163.926308858222,-2451.47805973107,-77.7221438155968,256.684319246582,-2557.4341911413
"OPTOTRAK _ C06 _ Left _ 3",-120.163963456885,163.570403821945,-2450.63326220451,-79.3023707771516,257.564792609291,-2558.10143063517
"OPTOTRAK _ C06 _ Left _ 3",-120.054946107502,163.538950318701,-2450.45342350455,-79.2898820807559,257.964545279661,-2558.0272136157
"OPTOTRAK _ C06 _ Left _ 3",-119.394477099948,163.914630713438,-2450.96188935013,-77.6260981215005,257.790389586836,-2557.02616384629
"OPTOTRAK _ C06 _ Left _ 3",-118.141125717986,164.841529818368,-2452.18906234559,-74.5317225244143,256.821329491388,-2554.80372008039
"OPTOTRAK _ C06 _ Left _ 3",-116.297111724069,166.47404195595,-2454.14600364108,-70.4938501925591,254.778204821327,-2551.05539118497
"OPTOTRAK _ C06 _ Left _ 3",-113.927793681249,168.916071339859,-2456.79367820068,-66.208650138979,251.420665542083,-2545.59099448659
"OPTOTRAK _ C06 _ Left _ 3",-111.168735786806,172.168058127125,-2460.01940207603,-62.4755652689957,246.645323130082,-2538.44561698268
"OPTOTRAK _ C06 _ Left _ 3",-108.215392593095,176.098477775018,-2463.6310126778,-60.0524536612373,240.556549823777,-2529.93793352969
"OPTOTRAK _ C06 _ Left _ 3",-105.29515458343,180.45080858291,-2467.37445345895,-59.4993962351484,233.486303804782,-2520.64953141976
"OPTOTRAK _ C06 _ Left _ 3",-102.62722183146,184.887052895483,-2470.97272422339,-61.0527287446524,225.951811527328,-2511.32409838356
"OPTOTRAK _ C06 _ Left _ 3",-100.380688996104,189.0569751412,-2474.17585846478,-64.5696799422611,218.558135216473,-2502.71399357805
"OPTOTRAK _ C06 _ Left _ 3",-98.6432500828333,192.672264797766,-2476.80620668989,-69.5635620307538,211.871863471694,-2495.42158832735
"OPTOTRAK _ C06 _ Left _ 3",-97.4107880789881,195.561313988267,-2478.78390437426,-75.3170144358869,206.305063706571,-2489.7850677106
"OPTOTRAK _ C06 _ Left _ 3",-96.6022021481355,197.685833407824,-2480.12449052716,-81.0326932408741,202.048137009363,-2485.84288800233
"OPTOTRAK _ C06 _ Left _ 3",-96.0961425946516,199.113827793399,-2480.91112986315,-85.9724390817928,199.074110932954,-2483.38481194795
"OPTOTRAK _ C06 _ Left _ 3",-95.7794714064765,199.959338753548,-2481.25268311757,-89.5509311440397,197.210798146128,-2482.0697636095
"OPTOTRAK _ C06 _ Left _ 3",-95.5933224231461,200.311343699486,-2481.24212288678,-91.3772794795009,196.252239841378,-2481.57008198684
"OPTOTRAK _ C06 _ Left _ 3",-95.5625922973827,200.17788725131,-2480.92725394001,-91.2610700308459,196.067143269033,-2481.69428900749
"OPTOTRAK _ C06 _ Left _ 3",-95.79849274734,199.466373459453,-2480.3002170593,-89.206875957837,196.663942319789,-2482.44855847601
"OPTOTRAK _ C06 _ Left _ 3",-96.4706239395381,198.009393215892,-2479.30701266555,-85.412577028467,198.187932260307,-2484.01799166963
"OPTOTRAK _ C06 _ Left _ 3",-97.7535832528616,195.630884974012,-2477.87432525775,-80.269237121587,200.850266453352,-2486.6758516544
"OPTOTRAK _ C06 _ Left _ 3",-99.7616605071104,192.233051002424,-2475.94718139557,-74.3442166050614,204.814078134049,-2490.65355068697
"OPTOTRAK _ C06 _ Left _ 3",-102.491314267553,187.873933645111,-2473.52653559355,-68.3245786139753,210.081076414758,-2496.01800708915
"OPTOTRAK _ C06 _ Left _ 3",-105.7918720244,182.803963385981,-2470.69260552243,-62.9103404789721,216.424572928804,-2502.59984860492
"OPTOTRAK _ C06 _ Left _ 3",-109.377847404652,177.441662937763,-2467.60207578577,-58.6735765288292,223.397906047353,-2509.99543027537
"OPTOTRAK _ C06 _ Left _ 3",-112.882172279966,172.292342650866,-2464.45765474874,-55.925903610674,230.415507796662,-2517.63597145193
"OPTOTRAK _ C06 _ Left _ 3",-115.933997792242,167.838011883477,-2461.46256465667,-54.645390850815,236.872645168382,-2524.89260023291
"OPTOTRAK _ C06 _ Left _ 3",-118.235479084135,164.437853751171,-2458.78068155583,-54.496045803081,242.256432991132,-2531.17814454008
"OPTOTRAK _ C06 _ Left _ 3",-119.614011886092,162.270836419635,-2456.51868402302,-54.9380189090322,246.211180001535,-2536.01613159882
"OPTOTRAK _ C06 _ Left _ 3",-120.037801396506,161.332053230598,-2454.73298124986,-55.3937533006562,248.546565719387,-2539.06679214045
"OPTOTRAK _ C06 _ Left _ 3",-119.596609985404,161.47419687411,-2453.45131569575,-55.4189099988453,249.202565131425,-2540.11924075012
"OPTOTRAK _ C06 _ Left _ 3",-118.459744414612,162.473394233728,-2452.69428261999,-54.8296743994547,248.199739703578,-2539.0713014671
"OPTOTRAK _ C06 _ Left _ 3",-116.827275278467,164.096061117286,-2452.48573046272,-53.7541879810738,245.604038848604,-2535.91980082916
"OPTOTRAK _ C06 _ Left _ 3",-114.888777084458,166.148144874154,-2452.84857137582,-52.5975117503339,241.523549236418,-2530.774360018
"OPTOTRAK _ C06 _ Left _ 3",-112.798458043693,168.496922331422,-2453.78960503017,-51.9308598320238,236.136112249834,-2523.89074630784
"OPTOTRAK _ C06 _ Left _ 3",-110.668602786593,171.065504225768,-2455.28135988422,-52.333636772821,229.728844958467,-2515.7029879587
"OPTOTRAK _ C06 _ Left _ 3",-108.576972765168,173.808737104367,-2457.24996237678,-54.2291108707593,222.720840204173,-2506.82506397279
"OPTOTRAK _ C06 _ Left _ 3",-106.580083782137,176.684024050144,-2459.57562818886,-57.7587810572002,215.643670054242,-2497.99903833482
"OPTOTRAK _ C06 _ Left _ 3",-104.724153130492,179.630320848271,-2462.10735343433,-62.7330025533402,209.070758125175,-2489.98684385976
"OPTOTRAK _ C06 _ Left _ 3",-103.048731297346,182.56337234179,-2464.68768432661,-68.6741000574129,203.510112527136,-2483.42948737607
"OPTOTRAK _ C06 _ Left _ 3",-101.583032780285,185.387157942483,-2467.1795135899,-74.9370020309824,199.294909259327,-2478.71739332205
"OPTOTRAK _ C06 _ Left _ 3",-100.339433084851,188.013865100378,-2469.48641149955,-80.8635154418853,196.512936811883,-2475.91826131345
"OPTOTRAK _ C06 _ Left _ 3",-99.3104552850362,190.380807887322,-2471.5609156774,-85.9150111600131,195.004671340308,-2474.79180993263
"OPTOTRAK _ C06 _ Left _ 3",-98.4740546231826,192.454203269703,-2473.39952750847,-89.7421908541692,194.435185230536,-2474.89108466735
"OPTOTRAK _ C06 _ Left _ 3",-97.8079633395636,194.215810013755,-2475.02666569938,-92.1824210859774,194.418350254026,-2475.72002791582
"OPTOTRAK _ C06 _ Left _ 3",-97.3091518761769,195.63650646817,-2476.4717542568,-93.2070699694419,194.654219272627,-2476.89844416371
"OPTOTRAK _ C06 _ Left _ 3",-97.0110247290399,196.647848313923,-2477.74474635137,-92.8580370207717,195.037355862386,-2478.28410953132
"OPTOTRAK _ C06 _ Left _ 3",-96.9901392463247,197.125916825097,-2478.81642347286,-91.2097429716322,195.703554778316,-2480.01595771056
"OPTOTRAK _ C06 _ Left _ 3",-97.3565211206777,196.899758342919,-2479.61025170099,-88.3750249009937,196.9998755522,-2482.46580415521
"OPTOTRAK _ C06 _ Left _ 3",-98.2266540450605,195.789270416234,-2480.01110989647,-84.549145003231,199.383421109871,-2486.1119865816
"OPTOTRAK _ C06 _ Left _ 3",-99.6847113681412,193.666043452101,-2479.89194616708,-80.0642673117316,203.274095913277,-2491.37071648713
"OPTOTRAK _ C06 _ Left _ 3",-101.743629944637,190.518741300602,-2479.15289371621,-75.4153943617196,208.90205571771,-2498.43480501923
"OPTOTRAK _ C06 _ Left _ 3",-104.320664934695,186.497145681244,-2477.76085844455,-71.2242406945379,216.197156002264,-2507.17015393115
"OPTOTRAK _ C06 _ Left _ 3",-107.239585972704,181.911555884461,-2475.77457947468,-68.1314379308795,224.760172046244,-2517.10503162074
"OPTOTRAK _ C06 _ Left _ 3",-110.262816209339,177.179296537081,-2473.34363940714,-66.6421588528618,233.9312336532,-2527.51752369867
"OPTOTRAK _ C06 _ Left _ 3",-113.144311666317,172.732729453305,-2470.67980433446,-66.9782669320936,242.935364686837,-2537.59204784664
"OPTOTRAK _ C06 _ Left _ 3",-115.684045955542,168.921508314844,-2468.0110066712,-68.993731944533,251.053867199542,-2546.59112679557
"OPTOTRAK _ C06 _ Left _ 3",-117.763681165048,165.944745193043,-2465.53552987134,-72.1859228257049,257.760861899125,-2553.98535202659
"OPTOTRAK _ C06 _ Left _ 3",-119.351556866917,163.834757902821,-2463.39224471157,-75.7984516916196,262.782175199142,-2559.5035370742
"OPTOTRAK _ C06 _ Left _ 3",-120.478611709399,162.492046216889,-2461.65371339296,-78.9822901692179,266.06820145252,-2563.0968496341
"OPTOTRAK _ C06 _ Left _ 3",-121.198072891175,161.752830787008,-2460.33861589741,-80.9718855328065,267.705307773758,-2564.84183126281
"OPTOTRAK _ C06 _ Left _ 3",-121.546149671818,161.462612350577,-2459.43369768572,-81.2390096616739,267.808734062698,-2564.82680890325
"OPTOTRAK _ C06 _ Left _ 3",-121.518302461563,161.531778655949,-2458.91491641211,-79.5993240657203,266.44046471878,-2563.06887663619
"OPTOTRAK _ C06 _ Left _ 3",-121.068432653139,161.958568938425,-2458.76101135963,-76.2573711145406,263.581783965128,-2559.49490265325
"OPTOTRAK _ C06 _ Left _ 3",-120.129725450744,162.816419764958,-2458.95754438397,-71.7829049858883,259.168331665325,-2553.99516607031
"OPTOTRAK _ C06 _ Left _ 3",-118.648614712656,164.21344417508,-2459.49333497303,-67.0177254452711,253.172144006607,-2546.53017283132
"OPTOTRAK _ C06 _ Left _ 3",-116.619324561938,166.239190313927,-2460.35318704748,-62.9214497124374,245.69713660048,-2537.24873579572
"OPTOTRAK _ C06 _ Left _ 3",-114.106584586391,168.916492000201,-2461.5110572725,-60.3790072507975,237.047689160401,-2526.56678154848
"OPTOTRAK _ C06 _ Left _ 3",-111.248269681884,172.173669578734,-2462.92690808131,-60.0092261963196,227.737649327605,-2515.16686446874
"OPTOTRAK _ C06 _ Left _ 3",-108.236687947437,175.845120286733,-2464.54878205655,-62.0240792700219,218.427816775508,-2503.90674859225
"OPTOTRAK _ C06 _ Left _ 3",-105.284880644172,179.69833916241,-2466.31934532549,-66.1815211271928,209.807306943093,-2493.66164547213
"OPTOTRAK _ C06 _ Left _ 3",-102.58988300542,183.475888054583,-2468.18384300847,-71.8475286011401,202.457999345587,-2485.15302329302
"OPTOTRAK _ C06 _ Left _ 3",-100.305994844208,186.935672053744,-2470.09518050125,-78.1445655788235,196.750959421646,-2478.82384880985
"OPTOTRAK _ C06 _ Left _ 3",-98.5367953019689,189.87491201687,-2472.01268573385,-84.1344650930021,192.812879703315,-2474.80203419198
"OPTOTRAK _ C06 _ Left _ 3",-97.3463637815185,192.132129710409,-2473.89395182,-88.9805489517231,190.571996880972,-2472.95874978441
"OPTOTRAK _ C06 _ Left _ 3",-96.7814821828776,193.573207611303,-2475.68267254473,-92.0562733267989,189.859531049489,-2473.03158639844
"OPTOTRAK _ C06 _ Left _ 3",-96.8914332180454,194.076240812083,-2477.29790407184,-92.9985769966211,190.520651954086,-2474.75972345425
"OPTOTRAK _ C06 _ Left _ 3",-97.7327626065533,193.531061516464,-2478.63073693651,-91.7241140624633,192.487632093803,-2477.97760295312
"OPTOTRAK _ C06 _ Left _ 3",-99.3529529463374,191.862160635279,-2479.55274201543,-88.4275579422346,195.785637567324,-2482.63357643889
"OPTOTRAK _ C06 _ Left _ 3",-101.757005505938,189.070993233792,-2479.93698417647,-83.5676904146149,200.469993619761,-2488.7316742835
"OPTOTRAK _ C06 _ Left _ 3",-104.870536751122,185.280583168768,-2479.68753264333,-77.8303401263683,206.522530386462,-2496.22622975075
"OPTOTRAK _ C06 _ Left _ 3",-108.517744602281,180.758326830663,-2478.76867449128,-72.0497338615901,213.753993420622,-2504.91903665602
"OPTOTRAK _ C06 _ Left _ 3",-112.429144340691,175.897242844376,-2477.22278274316,-67.0798097127634,221.760867673924,-2514.40836425144
"OPTOTRAK _ C06 _ Left _ 3",-116.282305621481,171.152187776744,-2475.16833492248,-63.6326853160835,229.964202249264,-2524.11686127834
"OPTOTRAK _ C06 _ Left _ 3",-119.763809757593,166.948707626842,-2472.77712974823,-62.1276381523902,237.721594830078,-2533.39040669984
"OPTOTRAK _ C06 _ Left _ 3",-122.630382137903,163.596169890778,-2470.23873299041,-62.6007728117279,244.469519817507,-2541.62968889873
"OPTOTRAK _ C06 _ Left _ 3",-124.747713610371,161.235103355508,-2467.72502222021,-64.7057110804452,249.84062447922,-2548.40525328451
"OPTOTRAK _ C06 _ Left _ 3",-126.096174426513,159.833147293808,-2465.36567270876,-67.8016823760648,253.714559994412,-2553.51713103066
"OPTOTRAK _ C06 _ Left _ 3",-126.746600674396,159.224796476406,-2463.2391764248,-71.0977509416989,256.190276376378,-2556.98331705378
"OPTOTRAK _ C06 _ Left _ 3",-126.819141758366,159.177004491066,-2461.37828953719,-73.8123827152379,257.496624190223,-2558.96639542093
"OPTOTRAK _ C06 _ Left _ 3",-126.440617661442,159.459137000188,-2459.78586971083,-75.3145060360806,257.87641153216,-2559.66675666477
"OPTOTRAK _ C06 _ Left _ 3",-125.712368201721,159.899567516558,-2458.45594241174,-75.2265636599266,257.483727418839,-2559.21983646019
"OPTOTRAK _ C06 _ Left _ 3",-124.694495319211,160.41841065614,-2457.39413115383,-73.4827265136512,256.326695587991,-2557.63217692609
"OPTOTRAK _ C06 _ Left _ 3",-123.406537664536,161.033371185075,-2456.63134312234,-70.3417460242405,254.27173090617,-2554.77821741797
"OPTOTRAK _ C06 _ Left _ 3",-121.840539457433,161.841737069815,-2456.225885159,-66.3544217872902,251.106007441968,-2550.46031434815
"OPTOTRAK _ C06 _ Left _ 3",-119.980608311372,162.985507967077,-2456.25261491425,-62.2846486293526,246.637360021024,-2544.51379308646
"OPTOTRAK _ C06 _ Left _ 3",-117.823041198849,164.608547778341,-2456.78244528794,-58.9857532208139,240.799517484631,-2536.92266287024
"OPTOTRAK _ C06 _ Left _ 3",-115.392203349582,166.814868851341,-2457.85936807631,-57.2434285113454,233.728413073645,-2527.90546452642
"OPTOTRAK _ C06 _ Left _ 3",-112.74890730974,169.636130456885,-2459.48302170993,-57.6112719266633,225.783431364769,-2517.93809423769
"OPTOTRAK _ C06 _ Left _ 3",-109.989776087826,173.014353684332,-2461.60208924136,-60.2775947444843,217.504277531041,-2507.70065503927
"OPTOTRAK _ C06 _ Left _ 3",-107.238068079006,176.802633351453,-2464.11891970116,-65.0033920605036,209.515242236589,-2497.96219806055
"OPTOTRAK _ C06 _ Left _ 3",-104.628717820765,180.782348815841,-2466.90132766934,-71.1555092424555,202.407289895457,-2489.44034892665
"OPTOTRAK _ C06 _ Left _ 3",-102.292335634201,184.690972068041,-2469.7956584578,-77.8296316040813,196.637342262895,-2482.68231409024
"OPTOTRAK _ C06 _ Left _ 3",-100.343410670762,188.25197863753,-2472.63640406089,-84.0278604792997,192.478162659983,-2478.00487193001
"OPTOTRAK _ C06 _ Left _ 3",-98.8759782492521,191.199497205527,-2475.25089978652,-88.8411629839933,190.031585204356,-2475.50662855672
"OPTOTRAK _ C06 _ Left _ 3",-97.9659092771932,193.295291750225,-2477.46125203418,-91.5951147504286,189.290315355966,-2475.13594912554
"OPTOTRAK _ C06 _ Left _ 3",-97.6747788001642,194.341878025056,-2479.08811460857,-91.940124982292,190.212311536626,-2476.77578461439
"OPTOTRAK _ C06 _ Left _ 3",-98.0485480372068,194.19904127756,-2479.96128427634,-89.8879510188,192.76788800368,-2480.30266104911
"OPTOTRAK _ C06 _ Left _ 3",-99.106564143414,192.808837789964,-2479.93998877158,-85.8032038956222,196.935068137886,-2485.59340232123
"OPTOTRAK _ C06 _ Left _ 3",-100.82213042774,190.226420894843,-2478.94140225247,-80.3530200936984,202.645707261845,-2492.48187506454
"OPTOTRAK _ C06 _ Left _ 3",-103.102566981275,186.644381354809,-2476.97040172498,-74.4107392944053,209.711291323471,-2500.69553206165
"OPTOTRAK _ C06 _ Left _ 3",-105.780519860894,182.392937001993,-2474.13927777432,-68.9119358329671,217.771203112377,-2509.81423376747
"OPTOTRAK _ C06 _ Left _ 3",-108.626139538153,177.902902824139,-2470.66629555869,-64.6781400895653,226.299433121273,-2519.28401712064
"OPTOTRAK _ C06 _ Left _ 3",-111.38137694317,173.633364467565,-2466.84852339642,-62.2468667825192,234.678529622249,-2528.48973858667
"OPTOTRAK _ C06 _ Left _ 3",-113.806886137126,169.984004204858,-2463.01501980165,-61.7582330978786,242.314957771733,-2536.85863589275
"OPTOTRAK _ C06 _ Left _ 3",-115.725123630661,167.221786318368,-2459.47526732847,-62.9358273181954,248.748351229659,-2543.95075942582
"OPTOTRAK _ C06 _ Left _ 3",-117.04452317777,165.446683213597,-2456.47906186545,-65.1679713487486,253.711392301387,-2549.50025044849
"OPTOTRAK _ C06 _ Left _ 3",-117.758155933626,164.604761208314,-2454.19738299279,-67.6634897428618,257.122634966776,-2553.39644820416
"OPTOTRAK _ C06 _ Left _ 3",-117.920831281547,164.539006995552,-2452.72379501329,-69.6385209050722,259.024846703384,-2555.62099217888
"OPTOTRAK _ C06 _ Left _ 3",-117.615839750008,165.057041076116,-2452.08844266524,-70.4903491298448,259.501463283787,-2556.17437053232
"OPTOTRAK _ C06 _ Left _ 3",-116.924226633937,165.992951137044,-2452.2746464164,-69.9243760903306,258.607907488803,-2555.02756784554
"OPTOTRAK _ C06 _ Left _ 3",-115.906381905839,167.245989678884,-2453.23086526315,-68.0135666470543,256.344926709514,-2552.12239721926
"OPTOTRAK _ C06 _ Left _ 3",-114.599965376544,168.78833973822,-2454.87584379993,-65.1818618717787,252.683140945396,-2547.42283532919
"OPTOTRAK _ C06 _ Left _ 3",-113.031960607409,170.644325640269,-2457.09943538118,-62.1142547303552,247.627766104286,-2540.99705839284
"OPTOTRAK _ C06 _ Left _ 3",-111.237793276438,172.851789623199,-2459.76413203731,-59.6085425547189,241.296168012721,-2533.09449033228
"OPTOTRAK _ C06 _ Left _ 3",-109.278289479703,175.420950976377,-2462.71210101904,-58.3976751831598,233.974084013259,-2524.18059374576
"OPTOTRAK _ C06 _ Left _ 3",-107.246440299343,178.305724926302,-2465.77984642687,-58.9834288190129,226.122177462404,-2514.90603503714
"OPTOTRAK _ C06 _ Left _ 3",-105.260141712996,181.397218985124,-2468.81858607526,-61.5248082302583,218.321825291576,-2506.01132727193
"OPTOTRAK _ C06 _ Left _ 3",-103.442801685236,184.540582901789,-2471.71479298204,-65.8123357684073,211.171793108041,-2498.1929880639
"OPTOTRAK _ C06 _ Left _ 3",-101.898731024743,187.567551516057,-2474.40390332333,-71.3332230039741,205.167254660903,-2491.97225789119
"OPTOTRAK _ C06 _ Left _ 3",-100.69258249038,190.331157891226,-2476.87180800795,-77.4018071562385,200.601605014197,-2487.60725342904
"OPTOTRAK _ C06 _ Left _ 3",-99.8408913118443,192.728510879959,-2479.14269951476,-83.3084525176869,197.525465426223,-2485.07552505336
"OPTOTRAK _ C06 _ Left _ 3",-99.3194669379739,194.702647083769,-2481.25626993867,-88.4390876421495,195.777686722684,-2484.13180525688
"OPTOTRAK _ C06 _ Left _ 3",-99.0845471398664,196.223414443825,-2483.24032525797,-92.3373143748755,195.077447190449,-2484.42189571966
"OPTOTRAK _ C06 _ Left _ 3",-99.1003465349897,197.256499853447,-2485.08576722143,-94.7106840273446,195.14506524914,-2485.61524801744
"OPTOTRAK _ C06 _ Left _ 3",-99.3628190113986,197.735329210302,-2486.72999784855,-95.4064214066109,195.809987262092,-2487.5123682076
"OPTOTRAK _ C06 _ Left _ 3",-99.9101766512434,197.550475818865,-2488.05318761504,-94.388789802995,197.069682217414,-2490.09162388004
"OPTOTRAK _ C06 _ Left _ 3",-100.814869818432,196.56542020629,-2488.89014137852,-91.7396853958714,199.07961463069,-2493.48070068091
"OPTOTRAK _ C06 _ Left _ 3",-102.158091823732,194.657784077572,-2489.05820315656,-87.6829814261062,202.07662471832,-2497.86399490599
"OPTOTRAK _ C06 _ Left _ 3",-103.994385681654,191.774410425718,-2488.39780591782,-82.6118772395346,206.260314850561,-2503.36027210922
"OPTOTRAK _ C06 _ Left _ 3",-106.318337665709,187.980522767793,-2486.81704511765,-77.0872626573423,211.673430780985,-2509.91701039491
"OPTOTRAK _ C06 _ Left _ 3",-109.045781200256,183.481622243684,-2484.32729433011,-71.7812064007165,218.12611432331,-2517.26318131297
"OPTOTRAK _ C06 _ Left _ 3",-112.017609849972,178.604450951865,-2481.05688239774,-67.3632342610791,225.195490589287,-2524.94012945674
"OPTOTRAK _ C06 _ Left _ 3",-115.026207607818,173.73887571371,-2477.23624461591,-64.3573464411808,232.303451955519,-2532.39838281653
"OPTOTRAK _ C06 _ Left _ 3",-117.855715653752,169.259172635793,-2473.15873703716,-63.0169924729173,238.843681281454,-2539.12150285401
"OPTOTRAK _ C06 _ Left _ 3",-120.321998624252,165.451979793997,-2469.13068293487,-63.2615032025014,244.310381181227,-2544.72992815351
"OPTOTRAK _ C06 _ Left _ 3",-122.299105458784,162.474287745315,-2465.42660970468,-64.6943971347034,248.385025885761,-2549.03065350886
"OPTOTRAK _ C06 _ Left _ 3",-123.72568092729,160.35118508071,-2462.26025907461,-66.6962280818632,250.958925325534,-2552.00321774182
"OPTOTRAK _ C06 _ Left _ 3",-124.593390698047,159.00772902573,-2459.77340403434,-68.5651693593271,252.095239469975,-2553.73606877038
"OPTOTRAK _ C06 _ Left _ 3",-124.925646321082,158.319331576327,-2458.03836929652,-69.671414116487,251.953225128237,-2554.34174315808
"OPTOTRAK _ C06 _ Left _ 3",-124.756579731754,158.162754631358,-2457.06852062293,-69.593845032801,250.705686085958,-2553.88243403919
"OPTOTRAK _ C06 _ Left _ 3",-124.117821482503,158.453498834799,-2456.83221193629,-68.2144005611208,248.478211639499,-2552.33102745668
"OPTOTRAK _ C06 _ Left _ 3",-123.036129873559,159.162015545723,-2457.26725766391,-65.7536134852585,245.32807501849,-2549.57959291375
"OPTOTRAK _ C06 _ Left _ 3",-121.54033947609,160.30818536317,-2458.29385133441,-62.7389802493135,241.265282721937,-2545.49147527816
"OPTOTRAK _ C06 _ Left _ 3",-119.672894505541,161.939193191443,-2459.82437549244,-59.907253471593,236.303236104892,-2539.97901441185
"OPTOTRAK _ C06 _ Left _ 3",-117.500106543046,164.099335817176,-2461.76944263366,-58.0537515149698,230.516827302782,-2533.08079172012
"OPTOTRAK _ C06 _ Left _ 3",-115.116252220439,166.801080808411,-2464.04082215634,-57.8555746172002,224.084575724756,-2525.01279905602
"OPTOTRAK _ C06 _ Left _ 3",-112.639163942468,170.0050890608,-2466.55295971127,-59.7072202366788,217.298410955011,-2516.17669561172
"OPTOTRAK _ C06 _ Left _ 3",-110.19812973811,173.613596825709,-2469.22477730549,-63.610602329379,210.536936288725,-2507.12207729708
"OPTOTRAK _ C06 _ Left _ 3",-107.917687407528,177.477372214378,-2471.98214471877,-69.1522428083994,204.211336258543,-2498.47387325742
"OPTOTRAK _ C06 _ Left _ 3",-105.902482661116,181.412295375763,-2474.75950524882,-75.5781667172055,198.703494227762,-2490.84657498191
"OPTOTRAK _ C06 _ Left _ 3",-104.22827477447,185.21858788356,-2477.49789778395,-81.9479211697947,194.319547138925,-2484.77083515084
"OPTOTRAK _ C06 _ Left _ 3",-102.942198155196,188.695321025888,-2480.13725315683,-87.3250712949322,191.275913978668,-2480.65245418309
"OPTOTRAK _ C06 _ Left _ 3",-102.071807185138,191.646155843931,-2482.60365228059,-90.9544713780435,189.719076835086,-2478.76862951031
"OPTOTRAK _ C06 _ Left _ 3",-101.638389733131,193.878594515404,-2484.7961031784,-92.3892038176158,189.761611099082,-2479.28706951164
"OPTOTRAK _ C06 _ Left _ 3",-101.667350042434,195.205275617013,-2486.58026693595,-91.5521519830974,191.505944677127,-2482.28108051395
"OPTOTRAK _ C06 _ Left _ 3",-102.18876345292,195.457921575677,-2487.79655484447,-88.7343637740565,195.03181966396,-2487.71724629342
"OPTOTRAK _ C06 _ Left _ 3",-103.225019358721,194.519753825919,-2488.28623515607,-84.5382290333519,200.342413319484,-2495.41167731386
"OPTOTRAK _ C06 _ Left _ 3",-104.768707193845,192.371294712356,-2487.93209894515,-79.7726501855845,207.288707369549,-2504.975851985
"OPTOTRAK _ C06 _ Left _ 3",-106.759935403704,189.132368449332,-2486.70208156283,-75.3092193857659,215.510049855131,-2515.78956722639
"OPTOTRAK _ C06 _ Left _ 3",-109.074850781103,185.077308235945,-2484.67901559607,-71.9186461117115,224.430359140853,-2527.03554805696
"OPTOTRAK _ C06 _ Left _ 3",-111.534065501566,180.606767902126,-2482.06152248435,-70.1215273517469,233.329741129829,-2537.8065209742
"OPTOTRAK _ C06 _ Left _ 3",-113.931587994268,176.177208794097,-2479.13104117483,-70.0944837800965,241.477569333836,-2547.26205568405
"OPTOTRAK _ C06 _ Left _ 3",-116.075438951113,172.208971619886,-2476.19406150247,-71.6605483113006,248.283164331217,-2554.7874480709
"OPTOTRAK _ C06 _ Left _ 3",-117.825548280908,169.004075854612,-2473.51910524815,-74.363768034915,253.411463183154,-2560.10366859155
"OPTOTRAK _ C06 _ Left _ 3",-119.115978917525,166.699798923883,-2471.28888355043,-77.5980238904859,256.82698757023,-2563.29543277068
"OPTOTRAK _ C06 _ Left _ 3",-119.95584911839,165.267997841412,-2469.57974335598,-80.7453217653461,258.758025070162,-2564.75218644549
"OPTOTRAK _ C06 _ Left _ 3",-120.411860224574,164.553151090324,-2468.36911527399,-83.2843197102832,259.598309438209,-2565.04158604895
"OPTOTRAK _ C06 _ Left _ 3",-120.580595315777,164.332183912432,-2467.56350996429,-84.849176290992,259.77733012669,-2564.75000031543
"OPTOTRAK _ C06 _ Left _ 3",-120.559428248586,164.3778487789,-2467.03668502197,-85.2409389212071,259.633356516991,-2564.32870787157
"OPTOTRAK _ C06 _ Left _ 3",-120.422606078051,164.511599140185,-2466.66811677034,-84.4094499082489,259.319084459715,-2563.98003459275
"OPTOTRAK _ C06 _ Left _ 3",-120.206129719016,164.637677337149,-2466.37361286249,-82.4285666011974,258.76104648617,-2563.60770475608
"OPTOTRAK _ C06 _ Left _ 3",-119.902742197955,164.755327617614,-2466.12214333213,-79.481541753971,257.681905562853,-2562.84264412412
"OPTOTRAK _ C06 _ Left _ 3",-119.466807195787,164.950014626033,-2465.93620725011,-75.8604157234788,255.681013035766,-2561.14079881923
"OPTOTRAK _ C06 _ Left _ 3",-118.827785058853,165.367367904183,-2465.87731714323,-71.9690024496991,252.355275002071,-2557.93416288894
"OPTOTRAK _ C06 _ Left _ 3",-117.910035098622,166.175531235062,-2466.02230300999,-68.309834603994,247.431793550467,-2552.80185759964
"OPTOTRAK _ C06 _ Left _ 3",-116.655596266165,167.522907030611,-2466.43838866549,-65.4364852280969,240.878389290975,-2545.61832155649
"OPTOTRAK _ C06 _ Left _ 3",-115.045452387865,169.499102943659,-2467.16437786686,-63.8658750301375,232.960396906223,-2536.63553506633
"OPTOTRAK _ C06 _ Left _ 3",-113.113947344123,172.107102452945,-2468.20221991029,-63.9665880327367,224.223467655737,-2526.46982043602
"OPTOTRAK _ C06 _ Left _ 3",-110.95124911275,175.253736170806,-2469.51918882703,-65.858618087613,215.401242477707,-2515.99021684768
"OPTOTRAK _ C06 _ Left _ 3",-108.690933316845,178.762545337957,-2471.0575573497,-69.3649808943579,207.268930730827,-2506.13657562571
"OPTOTRAK _ C06 _ Left _ 3",-106.484096498191,182.407581050605,-2472.74698766064,-74.0398397298283,200.481988368653,-2497.7190374431
"OPTOTRAK _ C06 _ Left _ 3",-104.466762931349,185.959461913763,-2474.51498790613,-79.2668737583269,195.44631785305,-2491.25688834313
"OPTOTRAK _ C06 _ Left _ 3",-102.731220858156,189.228999613893,-2476.29216973441,-84.3916371673107,192.258553638239,-2486.90205523821
"OPTOTRAK _ C06 _ Left _ 3",-101.311794048849,192.092719389441,-2478.01104815927,-88.8396122745203,190.733104080102,-2484.46578525645
"OPTOTRAK _ C06 _ Left _ 3",-100.190741094948,194.490693117307,-2479.59922383708,-92.1841027388796,190.504083284251,-2483.53507986784
"OPTOTRAK _ C06 _ Left _ 3",-99.322398089862,196.398315695837,-2480.9695621354,-94.1564661789349,191.166279691755,-2483.6382336657
"OPTOTRAK _ C06 _ Left _ 3",-98.6666960230692,197.784860104455,-2482.01125779794,-94.6183707709164,192.408892981801,-2484.40530724569
"OPTOTRAK _ C06 _ Left _ 3",-98.2195802975004,198.577795444779,-2482.58650140328,-93.5283180613846,194.101109927863,-2485.67375030853
"OPTOTRAK _ C06 _ Left _ 3",-98.0287058944295,198.650598187201,-2482.53762194919,-90.9294130900616,196.305693388669,-2487.50916916825
"OPTOTRAK _ C06 _ Left _ 3",-98.1875515852257,197.843769052217,-2481.70826759432,-86.967472283893,199.219447270236,-2490.13925897509
"OPTOTRAK _ C06 _ Left _ 3",-98.8083054082595,196.016506889148,-2479.97856694196,-81.92687743211,203.06196144373,-2493.82690980265
"OPTOTRAK _ C06 _ Left _ 3",-99.9814926122511,193.113515517596,-2477.30835005618,-76.2554939943988,207.951196491331,-2498.72867877816
"OPTOTRAK _ C06 _ Left _ 3",-101.735911348819,189.222168281902,-2473.77610066666,-70.5474507553783,213.810951090282,-2504.79036989976
"OPTOTRAK _ C06 _ Left _ 3",-104.013564288306,184.594616848768,-2469.59778176448,-65.4673194625297,220.34656948314,-2511.71826322488
"OPTOTRAK _ C06 _ Left _ 3",-106.669557346354,179.620289087474,-2465.1127072642,-61.6265678539198,227.100891441259,-2519.03511667702
"OPTOTRAK _ C06 _ Left _ 3",-109.497487199721,174.753767906632,-2460.73411964554,-59.4490814785053,233.57002544974,-2526.19618241835
"OPTOTRAK _ C06 _ Left _ 3",-112.270693523491,170.422015705016,-2456.87603304536,-59.0714227171368,239.333258439658,-2532.71858747986
"OPTOTRAK _ C06 _ Left _ 3",-114.784134717943,166.942833699218,-2453.87787087185,-60.3103461819211,244.147166645712,-2538.27765509398
"OPTOTRAK _ C06 _ Left _ 3",-116.883480277803,164.479433658565,-2451.94886863501,-62.704383779298,247.972347828093,-2542.74266763208
"OPTOTRAK _ C06 _ Left _ 3",-118.475549572322,163.039509622093,-2451.1454735289,-65.6129414324708,250.930410355965,-2546.14965613176
"OPTOTRAK _ C06 _ Left _ 3",-119.522475986756,162.511011326088,-2451.38269118212,-68.3445627988096,253.213817978931,-2548.62879436634
"OPTOTRAK _ C06 _ Left _ 3",-120.026741511942,162.717710660287,-2452.47073929974,-70.2861584037851,254.983295248938,-2550.31429113202
"OPTOTRAK _ C06 _ Left _ 3",-120.014661762965,163.476479700417,-2454.16429824189,-71.011903179359,256.286372359366,-2551.26563983751
"OPTOTRAK _ C06 _ Left _ 3",-119.523660618854,164.642170767647,-2456.21226462905,-70.3582577124568,257.020345321779,-2551.42276724741
"OPTOTRAK _ C06 _ Left _ 3",-118.595692244751,166.132000480508,-2458.39890269283,-68.4568234391348,256.948324745572,-2550.60670146424
"OPTOTRAK _ C06 _ Left _ 3",-117.276560168016,167.927405442681,-2460.5707981567,-65.7197006630886,255.762284318992,-2548.56490565756
"OPTOTRAK _ C06 _ Left _ 3",-115.619133740592,170.056396222901,-2462.64723526288,-62.7752191737903,253.175176822461,-2545.04922293032
"OPTOTRAK _ C06 _ Left _ 3",-113.687763003341,172.562958006912,-2464.61445232501,-60.3579845468924,249.017323406572,-2539.90649453707
"OPTOTRAK _ C06 _ Left _ 3",-111.561424343021,175.471934588179,-2466.50685017124,-59.1668708085287,243.31142359448,-2533.15854526535
"OPTOTRAK _ C06 _ Left _ 3",-109.333874358288,178.75827714743,-2468.3805925761,-59.7158304253526,236.305589661072,-2525.04987544905
"OPTOTRAK _ C06 _ Left _ 3",-107.109975450114,182.328593010667,-2470.28657569697,-62.2107610306866,228.45382168466,-2516.04803444731
"OPTOTRAK _ C06 _ Left _ 3",-104.998396383572,186.020208225792,-2472.2495382636,-66.4859551922259,220.346891234749,-2506.79284557662
"OPTOTRAK _ C06 _ Left _ 3",-103.102277321397,189.618119253076,-2474.2576426271,-72.022156630696,212.611462143979,-2498.00507147894
"OPTOTRAK _ C06 _ Left _ 3",-101.510884548112,192.884143696701,-2476.26283363551,-78.0456617402569,205.807136360203,-2490.37906525368
"OPTOTRAK _ C06 _ Left _ 3",-100.295697268493,195.588043247032,-2478.18853313372,-83.6819772731673,200.353553283345,-2484.49079905399
"OPTOTRAK _ C06 _ Left _ 3",-99.5127094150885,197.53063025505,-2479.93986071148,-88.1213459653441,196.507968604417,-2480.74608126792
"OPTOTRAK _ C06 _ Left _ 3",-99.2092321660472,198.554675579776,-2481.4132579997,-90.7563230927247,194.390805585061,-2479.3743156256
"OPTOTRAK _ C06 _ Left _ 3",-99.4300318836656,198.547561246614,-2482.50552437885,-91.2697414455375,194.034291049397,-2480.45115306586
"OPTOTRAK _ C06 _ Left _ 3",-100.216588443251,197.444764028732,-2483.12430060953,-89.6705350343367,195.420650751646,-2483.92263721117
"OPTOTRAK _ C06 _ Left _ 3",-101.595834920821,195.241819364889,-2483.20158125706,-86.2834829859635,198.486222672598,-2489.61056541887
"OPTOTRAK _ C06 _ Left _ 3",-103.56024587965,192.014722834611,-2482.7092632787,-81.6970971568772,203.090107518558,-2497.19860534797
"OPTOTRAK _ C06 _ Left _ 3",-106.047099910948,187.938951877914,-2481.67252189438,-76.6704293601802,208.968713621611,-2506.21842369268
"OPTOTRAK _ C06 _ Left _ 3",-108.927776248957,183.291779069696,-2480.17497294625,-72.0036431000529,215.709254125609,-2516.06212785855
"OPTOTRAK _ C06 _ Left _ 3",-112.015512014528,178.426356451946,-2478.3509581272,-68.3908444193309,222.769249188287,-2526.03664522763
"OPTOTRAK _ C06 _ Left _ 3",-115.092463346049,173.718671483479,-2476.36504576676,-66.2888491043534,229.547554327064,-2535.45365103165
"OPTOTRAK _ C06 _ Left _ 3",-117.948004723313,169.502648081851,-2474.38456123253,-65.8393184300247,235.487162514048,-2543.72954601955
"OPTOTRAK _ C06 _ Left _ 3",-120.415188102842,166.015161674811,-2472.55392295957,-66.8675894507744,240.175470841535,-2550.4652620635
"OPTOTRAK _ C06 _ Left _ 3",-122.393991559417,163.367726271544,-2470.97776513168,-68.9558991123132,243.410410437078,-2555.48561923026
"OPTOTRAK _ C06 _ Left _ 3",-123.856698026644,161.549379607639,-2469.71491225718,-71.564898898488,245.215924206913,-2558.83373296258
"OPTOTRAK _ C06 _ Left _ 3",-124.837881578536,160.45382583621,-2468.78095613365,-74.165501451819,245.807935532615,-2560.72865765085
"OPTOTRAK _ C06 _ Left _ 3",-125.415396160563,159.918448351174,-2468.15580609144,-76.3455678814828,245.525295444478,-2561.50083167414
"OPTOTRAK _ C06 _ Left _ 3",-125.688925349968,159.763473879497,-2467.7935324879,-77.8690768832388,244.746927681089,-2561.52117886017
