"fileName","thumb_y","thumb_x","thumb_z","finger_y","finger_x","finger_z"
"OPTOTRAK _ P82 _ Right _ 3",249.836345931593,-186.929896827512,-2367.86547501192,260.027729695888,-177.294402581464,-2379.87364741241
"OPTOTRAK _ P82 _ Right _ 3",249.850167305488,-186.935884853083,-2367.87227366074,260.041416268604,-177.298327263308,-2379.8784394757
"OPTOTRAK _ P82 _ Right _ 3",249.866864558333,-186.941232051091,-2367.87776252987,260.057511190953,-177.30243915567,-2379.88285025562
"OPTOTRAK _ P82 _ Right _ 3",249.883939394398,-186.945707809666,-2367.88153725284,260.073697051978,-177.30657589084,-2379.88643163487
"OPTOTRAK _ P82 _ Right _ 3",249.898059191501,-186.949468191181,-2367.88369962779,260.086959988915,-177.310714870879,-2379.88894186617
"OPTOTRAK _ P82 _ Right _ 3",249.905658019789,-186.952980534803,-2367.88476822796,260.094100143877,-177.314964484093,-2379.89036992678
"OPTOTRAK _ P82 _ Right _ 3",249.90373343004,-186.956825999396,-2367.88545383577,260.09240113139,-177.319501856912,-2379.89091269856
"OPTOTRAK _ P82 _ Right _ 3",249.890651188777,-186.961482124326,-2367.88645019099,260.080323904668,-177.324499951509,-2379.89096715851
"OPTOTRAK _ P82 _ Right _ 3",249.866736184289,-186.967177956734,-2367.88834966914,260.05805932466,-177.330073083136,-2379.891147919
"OPTOTRAK _ P82 _ Right _ 3",249.834462321686,-186.973844161289,-2367.89165928487,260.02777625175,-177.336229417024,-2379.89225491507
"OPTOTRAK _ P82 _ Right _ 3",249.798146413239,-186.981114781912,-2367.89678243882,259.993441621395,-177.342799043678,-2379.89509141793
"OPTOTRAK _ P82 _ Right _ 3",249.763171656593,-186.988326049005,-2367.90383712216,259.960170800193,-177.34932969928,-2379.9001036825
"OPTOTRAK _ P82 _ Right _ 3",249.73488788611,-186.994501434723,-2367.91230594692,259.933192084972,-177.354989499651,-2379.90693540203
"OPTOTRAK _ P82 _ Right _ 3",249.717433756496,-186.998372853374,-2367.92068329903,259.916652579292,-177.358549725555,-2379.91408954605
"OPTOTRAK _ P82 _ Right _ 3",249.712768464407,-186.998512928238,-2367.92637986956,259.912587269367,-177.358512970522,-2379.91890418136
"OPTOTRAK _ P82 _ Right _ 3",249.720159669654,-186.993611051614,-2367.92607303378,259.920351621777,-177.353399147448,-2379.91795038264
"OPTOTRAK _ P82 _ Right _ 3",249.736255081706,-186.982839622153,-2367.91648085861,259.936677864281,-177.342128671934,-2379.90778896164
"OPTOTRAK _ P82 _ Right _ 3",249.755712954776,-186.966189372125,-2367.89532474483,259.95632793153,-177.324388900259,-2379.88587159431
"OPTOTRAK _ P82 _ Right _ 3",249.772239213887,-186.944648313825,-2367.86215343795,259.973166943306,-177.300864425337,-2379.85131529562
"OPTOTRAK _ P82 _ Right _ 3",249.779811049754,-186.920150561341,-2367.81875022283,259.981409696207,-177.273252095282,-2379.80532351227
"OPTOTRAK _ P82 _ Right _ 3",249.773856537488,-186.895294093723,-2367.76898365231,259.976788796978,-177.244044631994,-2379.75113407256
"OPTOTRAK _ P82 _ Right _ 3",249.752183709,-186.872891241451,-2367.71812911507,259.957428736271,-177.216128370799,-2379.69350296723
"OPTOTRAK _ P82 _ Right _ 3",249.715494071552,-186.855457783218,-2367.6718354882,259.924267872559,-177.1922861627,-2379.63785215181
"OPTOTRAK _ P82 _ Right _ 3",249.667375941333,-186.844759916074,-2367.63500210532,259.88094734582,-177.174719053996,-2379.58929285519
"OPTOTRAK _ P82 _ Right _ 3",249.613756593634,-186.841521256736,-2367.61084667176,259.833180371584,-177.164695920891,-2379.55176091255
"OPTOTRAK _ P82 _ Right _ 3",249.561892129495,-186.845348795884,-2367.60038305846,259.787713734468,-177.162407501208,-2379.52745806458
"OPTOTRAK _ P82 _ Right _ 3",249.519071291004,-186.854881293753,-2367.60240919979,259.751074438233,-177.167047841215,-2379.51669976902
"OPTOTRAK _ P82 _ Right _ 3",249.491279915239,-186.868115432318,-2367.61397233146,259.728342737865,-177.177088675991,-2379.51816135254
"OPTOTRAK _ P82 _ Right _ 3",249.482095889008,-186.882835006697,-2367.63117361728,259.722202831257,-177.190665808464,-2379.52941704249
"OPTOTRAK _ P82 _ Right _ 3",249.492052007275,-186.897051317004,-2367.65010710082,259.732487114588,-177.205969212076,-2379.54759325938
"OPTOTRAK _ P82 _ Right _ 3",249.518616058554,-186.909351320291,-2367.66768747871,259.756333524144,-177.221527207436,-2379.56992650382
"OPTOTRAK _ P82 _ Right _ 3",249.556797000604,-186.919055264999,-2367.68212150617,259.788917327641,-177.236307645423,-2379.59405131836
"OPTOTRAK _ P82 _ Right _ 3",249.600215362737,-186.926132640965,-2367.69286791702,259.824542673555,-177.24962536257,-2379.61795295378
"OPTOTRAK _ P82 _ Right _ 3",249.642335024473,-186.930917637395,-2367.70012774348,259.857765562354,-177.260925841782,-2379.63967504824
"OPTOTRAK _ P82 _ Right _ 3",249.677515905208,-186.933759830969,-2367.70413124114,259.884232992616,-177.269572930905,-2379.65700789799
"OPTOTRAK _ P82 _ Right _ 3",249.701639889052,-186.934779223792,-2367.70459773529,259.901058643078,-177.274768484928,-2379.66741542694
"OPTOTRAK _ P82 _ Right _ 3",249.712240258832,-186.933836961747,-2367.70064982855,259.906740705155,-177.275666942869,-2379.6683483755
"OPTOTRAK _ P82 _ Right _ 3",249.708245832274,-186.930714809417,-2367.69120666725,259.900775570459,-177.271649801349,-2379.65788567137
"OPTOTRAK _ P82 _ Right _ 3",249.689563015044,-186.925389595491,-2367.67562003495,259.883186104461,-177.262645692945,-2379.63546043168
"OPTOTRAK _ P82 _ Right _ 3",249.656726037023,-186.918254892068,-2367.65421046964,259.854168535414,-177.249358835836,-2379.60236148484
"OPTOTRAK _ P82 _ Right _ 3",249.610758048434,-186.91018860999,-2367.62845137467,259.813992039393,-177.233304374705,-2379.56177666878
"OPTOTRAK _ P82 _ Right _ 3",249.553255027529,-186.902448038347,-2367.60074986376,259.763182540979,-177.216619866573,-2379.51831219636
"OPTOTRAK _ P82 _ Right _ 3",249.486594822289,-186.896439482668,-2367.57395140293,259.702910624898,-177.20169690831,-2379.4771097844
"OPTOTRAK _ P82 _ Right _ 3",249.414124064702,-186.893432704073,-2367.5507676906,259.63541606118,-177.190727118296,-2379.4428163926
"OPTOTRAK _ P82 _ Right _ 3",249.340184524782,-186.894280969246,-2367.53329296817,259.564269868838,-177.185267079802,-2379.41868884601
"OPTOTRAK _ P82 _ Right _ 3",249.269887991726,-186.899190208325,-2367.5226849703,259.494310510726,-177.185905747253,-2379.40603818575
"OPTOTRAK _ P82 _ Right _ 3",249.208623222577,-186.90756885605,-2367.51900022549,259.431186283421,-177.192085189486,-2379.40408427694
"OPTOTRAK _ P82 _ Right _ 3",249.161369250156,-186.91798064126,-2367.52112916343,259.380569409147,-177.202093085521,-2379.41016034517
"OPTOTRAK _ P82 _ Right _ 3",249.131970187398,-186.928210296661,-2367.52678797995,259.347234143427,-177.213218180187,-2379.42013218674
"OPTOTRAK _ P82 _ Right _ 3",249.122564101261,-186.9354390479,-2367.5325739107,259.334255782505,-177.222043193499,-2379.42890400194
"OPTOTRAK _ P82 _ Right _ 3",249.133332990162,-186.936518956398,-2367.53414165811,259.342560949552,-177.224841908694,-2379.43094788008
"OPTOTRAK _ P82 _ Right _ 3",249.162656401736,-186.928329600324,-2367.5265714583,259.37095488942,-177.218038496205,-2379.42085416056
"OPTOTRAK _ P82 _ Right _ 3",249.207630861316,-186.908183433126,-2367.50494618149,259.416604151205,-177.198671168631,-2379.39390382714
"OPTOTRAK _ P82 _ Right _ 3",249.264794318019,-186.87421505408,-2367.46505043062,259.475803807514,-177.164785521119,-2379.34661290587
"OPTOTRAK _ P82 _ Right _ 3",249.330808044226,-186.825669856841,-2367.4040183301,259.544752279926,-177.115683696617,-2379.27714646596
"OPTOTRAK _ P82 _ Right _ 3",249.402838336111,-186.763030416392,-2367.32076284593,259.62004027719,-177.051990025343,-2379.18550839087
"OPTOTRAK _ P82 _ Right _ 3",249.478474571934,-186.687981694607,-2367.21612185259,259.698661737403,-176.975555250248,-2379.07349454373
"OPTOTRAK _ P82 _ Right _ 3",249.555205618142,-186.603275990682,-2367.09277917236,259.77755562652,-176.889274504901,-2378.94449534192
"OPTOTRAK _ P82 _ Right _ 3",249.629682810416,-186.51257265941,-2366.95507746784,259.852911658213,-176.796899177607,-2378.80326906934
"OPTOTRAK _ P82 _ Right _ 3",249.697127900055,-186.420286709056,-2366.80880109727,259.919616199406,-176.702870063442,-2378.65574185119
"OPTOTRAK _ P82 _ Right _ 3",249.75123612161,-186.331407284871,-2366.6608968573,259.971202102275,-176.612121032903,-2378.50876340852
"OPTOTRAK _ P82 _ Right _ 3",249.784776830414,-186.251188283012,-2366.5189994543,260.000494902995,-176.52975532311,-2378.36965911266
"OPTOTRAK _ P82 _ Right _ 3",249.790853125011,-186.184626366707,-2366.3906453701,260.000887196019,-176.460526742484,-2378.24546507081
"OPTOTRAK _ P82 _ Right _ 3",249.764530756166,-186.135747507679,-2366.28223165184,259.96793138866,-176.408164005674,-2378.14191918589
"OPTOTRAK _ P82 _ Right _ 3",249.7043896506,-186.106863383074,-2366.19799060556,259.900815326856,-176.374696441686,-2378.06248469133
"OPTOTRAK _ P82 _ Right _ 3",249.613559524189,-186.098031431104,-2366.13932307767,259.803314952948,-176.359991922973,-2378.00774264186
"OPTOTRAK _ P82 _ Right _ 3",249.499961394213,-186.106901283343,-2366.10468962078,259.683971061973,-176.361666135231,-2377.97535347865
"OPTOTRAK _ P82 _ Right _ 3",249.375702551009,-186.128991840738,-2366.0900095461,259.55543620383,-176.375399395313,-2377.96055467048
"OPTOTRAK _ P82 _ Right _ 3",249.255760331409,-186.158309891317,-2366.08934964184,259.433105921359,-176.395575488196,-2377.95699074774
"OPTOTRAK _ P82 _ Right _ 3",249.156183150851,-186.188164753621,-2366.09570198095,259.333247542851,-176.41609602119,-2377.95765821916
"OPTOTRAK _ P82 _ Right _ 3",249.092057583608,-186.212051097874,-2366.10179272298,259.27088473365,-176.431232480085,-2377.95585464312
"OPTOTRAK _ P82 _ Right _ 3",249.075499444333,-186.224504088465,-2366.10096609328,259.257727355638,-176.436413920769,-2377.94611306866
"OPTOTRAK _ P82 _ Right _ 3",249.113946981145,-186.221831425306,-2366.08813880942,259.300463950217,-176.428860329115,-2377.92506910244
"OPTOTRAK _ P82 _ Right _ 3",249.209026211545,-186.202606957399,-2366.06066354802,259.399718469444,-176.40795437849,-2377.89207603574
"OPTOTRAK _ P82 _ Right _ 3",249.356179425645,-186.167814699741,-2366.01882276346,259.549869247151,-176.375243708454,-2377.84930246901
"OPTOTRAK _ P82 _ Right _ 3",249.545108136663,-186.120586962776,-2365.96571137515,259.739746667991,-176.334028583252,-2377.80114232348
"OPTOTRAK _ P82 _ Right _ 3",249.760937300842,-186.065571767832,-2365.90645369535,259.954039406821,-176.288607527283,-2377.75301666954
"OPTOTRAK _ P82 _ Right _ 3",249.985911125807,-186.008055844242,-2365.84693548084,260.175130025627,-176.243365277951,-2377.7099013205
"OPTOTRAK _ P82 _ Right _ 3",250.201395952955,-185.953030469881,-2365.79240570043,260.385078162343,-176.201934962704,-2377.67503271224
"OPTOTRAK _ P82 _ Right _ 3",250.389972184238,-185.904405143104,-2365.74635548817,260.567537196838,-176.166637976697,-2377.64919187241
"OPTOTRAK _ P82 _ Right _ 3",250.53741706251,-185.86454277902,-2365.71000612449,260.709466294183,-176.138324745835,-2377.63079146446
"OPTOTRAK _ P82 _ Right _ 3",250.634393482517,-185.834207787468,-2365.68255221049,260.802538522526,-176.116631346348,-2377.61675277779
"OPTOTRAK _ P82 _ Right _ 3",250.677658124049,-185.812899013616,-2365.66205388627,260.844135838565,-176.10054629545,-2377.6039024797
"OPTOTRAK _ P82 _ Right _ 3",250.670596609456,-185.799421873091,-2365.64663615774,260.837787424076,-176.089079727929,-2377.59041371682
"OPTOTRAK _ P82 _ Right _ 3",250.622921610073,-185.792486744966,-2365.63553655179,260.792897999618,-176.081793156694,-2377.57676742869
"OPTOTRAK _ P82 _ Right _ 3",250.549468488117,-185.791132273117,-2365.6296041613,260.723673112223,-176.079007708181,-2377.56587135967
"OPTOTRAK _ P82 _ Right _ 3",250.468186359449,-185.79485330021,-2365.63106556234,260.647287113608,-176.08163285026,-2377.562277315
"OPTOTRAK _ P82 _ Right _ 3",250.397598303608,-185.803426448363,-2365.64263954411,260.581514984906,-176.090688644724,-2377.57074035622
"OPTOTRAK _ P82 _ Right _ 3",250.354134215635,-185.81653104092,-2365.66630190955,260.54219781026,-176.106689603738,-2377.59455940016
"OPTOTRAK _ P82 _ Right _ 3",250.349791764509,-185.833329503139,-2365.70211388022,260.540984910978,-176.129098893883,-2377.63419504864
"OPTOTRAK _ P82 _ Right _ 3",250.390544561234,-185.852182848325,-2365.74751512526,260.583769003897,-176.156043086745,-2377.68658972933
"OPTOTRAK _ P82 _ Right _ 3",250.475784373441,-185.870632101012,-2365.79735507655,260.670099812976,-176.184404769486,-2377.74543638915
"OPTOTRAK _ P82 _ Right _ 3",250.598864213564,-185.88569257905,-2365.84472704559,260.793649910549,-176.21030126285,-2377.80238156907
"OPTOTRAK _ P82 _ Right _ 3",250.748558240205,-185.894410697777,-2365.88243088243,260.943574353549,-176.229843361809,-2377.84886777313
"OPTOTRAK _ P82 _ Right _ 3",250.911069523093,-185.894544248442,-2365.90468312616,261.106431580779,-176.239982009334,-2377.87811461158
"OPTOTRAK _ P82 _ Right _ 3",251.072167087364,-185.885167777385,-2365.90858160154,261.268270428942,-176.239216978153,-2377.88668940409
"OPTOTRAK _ P82 _ Right _ 3",251.219106001499,-185.867001069949,-2365.89486568294,261.416532810605,-176.227968964275,-2377.87524002889
"OPTOTRAK _ P82 _ Right _ 3",251.34210498055,-185.842328249095,-2365.86770763384,261.541524493659,-176.208499473078,-2377.84820368779
"OPTOTRAK _ P82 _ Right _ 3",251.435259305746,-185.814502764572,-2365.83357521758,261.637315623586,-176.184382843314,-2377.81258840981
"OPTOTRAK _ P82 _ Right _ 3",251.496837202944,-185.787172072023,-2365.79951464473,261.702023066209,-176.159662581746,-2377.77617903426
"OPTOTRAK _ P82 _ Right _ 3",251.528970405163,-185.763450003951,-2365.77139507424,261.737503259746,-176.137922421416,-2377.74568028208
"OPTOTRAK _ P82 _ Right _ 3",251.536830538519,-185.745277636659,-2365.75265026029,261.748562972117,-176.121531817746,-2377.72531605217
"OPTOTRAK _ P82 _ Right _ 3",251.527473345905,-185.733138945547,-2365.74384592091,261.741870576133,-176.111265063579,-2377.71623487594
"OPTOTRAK _ P82 _ Right _ 3",251.508589497356,-185.726166788965,-2365.74307936147,261.724787015259,-176.106362948238,-2377.71678334842
"OPTOTRAK _ P82 _ Right _ 3",251.487385814936,-185.722548718374,-2365.74693115587,261.704308478652,-176.10496359514,-2377.7234267656
"OPTOTRAK _ P82 _ Right _ 3",251.469740286834,-185.720077345678,-2365.75156961887,261.686242407367,-176.104734494329,-2377.73193882944
"OPTOTRAK _ P82 _ Right _ 3",251.459675934914,-185.716697696821,-2365.75367939643,261.674667641643,-176.103516213143,-2377.73849157138
"OPTOTRAK _ P82 _ Right _ 3",251.459129990168,-185.710949559503,-2365.75105342999,261.671679150806,-176.099826603513,-2377.74040689685
"OPTOTRAK _ P82 _ Right _ 3",251.467970252945,-185.702246839435,-2365.74283866714,261.677386081396,-176.093140672449,-2377.73649578944
"OPTOTRAK _ P82 _ Right _ 3",251.48421847818,-185.69096429943,-2365.72950283116,261.690120575982,-176.083924374413,-2377.72703346155
"OPTOTRAK _ P82 _ Right _ 3",251.504463511749,-185.6783217046,-2365.71259598777,261.706827197384,-176.073443732312,-2377.71346605137
"OPTOTRAK _ P82 _ Right _ 3",251.524461017431,-185.666079735772,-2365.6943568576,261.723622024469,-176.063398478971,-2377.69793898722
"OPTOTRAK _ P82 _ Right _ 3",251.539894422033,-185.656100535364,-2365.67720847523,261.73650327389,-176.055456413603,-2377.6827278592
"OPTOTRAK _ P82 _ Right _ 3",251.547207335736,-185.649871341193,-2365.66321649945,261.742142748915,-176.050793783515,-2377.66966655349
"OPTOTRAK _ P82 _ Right _ 3",251.544345896195,-185.648115796512,-2365.65361512263,261.738611347718,-176.049761475746,-2377.65968839315
"OPTOTRAK _ P82 _ Right _ 3",251.531226341897,-185.650600040395,-2365.6485048361,261.725849997315,-176.05177534338,-2377.65259164369
"OPTOTRAK _ P82 _ Right _ 3",251.509800913492,-185.656182651689,-2365.64679466663,261.70574077165,-176.055467563886,-2377.64709949744
"OPTOTRAK _ P82 _ Right _ 3",251.483709601468,-185.663086293059,-2365.64642098124,261.681753775761,-176.059054836162,-2377.64121881925
"OPTOTRAK _ P82 _ Right _ 3",251.457611745604,-185.669312271573,-2365.64482706996,261.658271995259,-176.060811995361,-2377.63282568916
"OPTOTRAK _ P82 _ Right _ 3",251.43634331059,-185.673090259645,-2365.63961573202,261.639758481314,-176.059513951298,-2377.62033061444
"OPTOTRAK _ P82 _ Right _ 3",251.424050193028,-185.673255885429,-2365.62920449042,261.629926063957,-176.054730758577,-2377.60322667404
"OPTOTRAK _ P82 _ Right _ 3",251.423440273765,-185.669474661114,-2365.61327579792,261.631047986446,-176.046912637476,-2377.58233479826
"OPTOTRAK _ P82 _ Right _ 3",251.435289570237,-185.662270821334,-2365.59286436049,261.64353353849,-176.037258226245,-2377.55964548698
"OPTOTRAK _ P82 _ Right _ 3",251.4583076709,-185.652862660428,-2365.57004609007,261.665862151461,-176.027405765795,-2377.53778840671
"OPTOTRAK _ P82 _ Right _ 3",251.489393072477,-185.642848719237,-2365.54733817225,261.694896986595,-176.01902392243,-2377.5192917771
"OPTOTRAK _ P82 _ Right _ 3",251.524209883586,-185.633828133708,-2365.52702898781,261.726501174174,-176.013406865173,-2377.50587566755
"OPTOTRAK _ P82 _ Right _ 3",251.55794309434,-185.627058639421,-2365.51067709704,261.756302313291,-176.011184244203,-2377.49801992649
"OPTOTRAK _ P82 _ Right _ 3",251.586070055567,-185.623241901096,-2365.49893189006,261.780426728259,-176.012225879972,-2377.49494690396
"OPTOTRAK _ P82 _ Right _ 3",251.60501042213,-185.622480176482,-2365.49167681325,261.796054262061,-176.015757483194,-2377.49499858164
"OPTOTRAK _ P82 _ Right _ 3",251.612561337759,-185.624390516285,-2365.48836236917,261.801707437175,-176.020634541793,-2377.49624340717
"OPTOTRAK _ P82 _ Right _ 3",251.608076545107,-185.628316860838,-2365.48834939105,261.797265146887,-176.025678048373,-2377.49708831467
"OPTOTRAK _ P82 _ Right _ 3",251.592400799035,-185.633561898155,-2365.4911311054,261.783760591939,-176.029972725843,-2377.49671001956
"OPTOTRAK _ P82 _ Right _ 3",251.567612021404,-185.63957021912,-2365.49639439633,261.763063008851,-176.033057849453,-2377.49521349853
"OPTOTRAK _ P82 _ Right _ 3",251.536641887326,-185.646022304198,-2365.50395746983,261.737539410265,-176.034982398517,-2377.49351858704
"OPTOTRAK _ P82 _ Right _ 3",251.502844058075,-185.652831310163,-2365.51365433677,261.709758342055,-176.036231102427,-2377.49303773787
"OPTOTRAK _ P82 _ Right _ 3",251.469571692707,-185.660057898976,-2365.52522382827,261.682260801834,-176.037546590443,-2377.49523380645
"OPTOTRAK _ P82 _ Right _ 3",251.439818612216,-185.667767218492,-2365.53821735921,261.657399109366,-176.039679642222,-2377.50114474493
"OPTOTRAK _ P82 _ Right _ 3",251.415964328506,-185.675856837507,-2365.55190269975,261.63722792471,-176.043108287668,-2377.51095370316
"OPTOTRAK _ P82 _ Right _ 3",251.39963655339,-185.683898933622,-2365.56515028904,261.623419054443,-176.047786042443,-2377.52368938906
"OPTOTRAK _ P82 _ Right _ 3",251.391674837114,-185.691059782893,-2365.5763452083,261.617169839426,-176.053001109753,-2377.53715871894
"OPTOTRAK _ P82 _ Right _ 3",251.39215926023,-185.696161182218,-2365.58342531698,261.619087952069,-176.057427742932,-2377.54820738525
"OPTOTRAK _ P82 _ Right _ 3",251.400462156506,-185.697913003483,-2365.58414447706,261.629056433474,-176.059406567003,-2377.55333575966
"OPTOTRAK _ P82 _ Right _ 3",251.415285813722,-185.695278453958,-2365.57657343819,261.646100484773,-176.057406623223,-2377.54956773176
"OPTOTRAK _ P82 _ Right _ 3",251.434667639737,-185.687863320176,-2365.5597180924,261.668289381429,-176.050534991866,-2377.53533670167
"OPTOTRAK _ P82 _ Right _ 3",251.45597276369,-185.676186508341,-2365.53403857106,261.692722856602,-176.038917812313,-2377.51109713498
"OPTOTRAK _ P82 _ Right _ 3",251.475944847183,-185.661715095777,-2365.50165530842,261.715673356276,-176.02380599936,-2377.47943382851
"OPTOTRAK _ P82 _ Right _ 3",251.490915766776,-185.646624630416,-2365.46612493738,261.732956277136,-176.007350653512,-2377.44459930625
"OPTOTRAK _ P82 _ Right _ 3",251.497243554939,-185.633341704565,-2365.43180942622,261.74054456887,-175.992109400007,-2377.41159510216
"OPTOTRAK _ P82 _ Right _ 3",251.491949254949,-185.624002262803,-2365.40299515708,261.735337715235,-175.980437713682,-2377.38505518298
"OPTOTRAK _ P82 _ Right _ 3",251.473404996423,-185.619984343339,-2365.38300133028,261.715894432454,-175.973950263804,-2377.36824101806
"OPTOTRAK _ P82 _ Right _ 3",251.441859353858,-185.621637182644,-2365.37351456304,261.682906183628,-175.973196268902,-2377.36240430967
"OPTOTRAK _ P82 _ Right _ 3",251.399613726393,-185.628252153897,-2365.37430181684,261.639248218831,-175.977605882093,-2377.36664413303
"OPTOTRAK _ P82 _ Right _ 3",251.350772627089,-185.638246181905,-2365.38333331137,261.589571855516,-175.985677504777,-2377.37823765526
"OPTOTRAK _ P82 _ Right _ 3",251.300630410401,-185.64948201705,-2365.3972404522,261.539541842127,-175.995323243372,-2377.39331194679
"OPTOTRAK _ P82 _ Right _ 3",251.254863662955,-185.659636674557,-2365.41196947368,261.494917302086,-176.004278450118,-2377.40767488078
"OPTOTRAK _ P82 _ Right _ 3",251.218723566108,-185.666547344818,-2365.42348452515,261.460690599384,-176.010496576232,-2377.4176265971
"OPTOTRAK _ P82 _ Right _ 3",251.196365432444,-185.668503333797,-2365.42841688321,261.440445982782,-176.012472282201,-2377.42060143391
"OPTOTRAK _ P82 _ Right _ 3",251.190367106698,-185.664485367956,-2365.42460596855,261.436015731153,-176.009454373694,-2377.41553063771
"OPTOTRAK _ P82 _ Right _ 3",251.201434505305,-185.65435138275,-2365.4114854332,261.447424788792,-176.001528219754,-2377.40287775556
"OPTOTRAK _ P82 _ Right _ 3",251.228287945855,-185.638933766278,-2365.39023647718,261.473045418414,-175.989566388348,-2377.38437747897
"OPTOTRAK _ P82 _ Right _ 3",251.267744289072,-185.619984423908,-2365.36361556668,261.509858124346,-175.975062272704,-2377.3625731243
"OPTOTRAK _ P82 _ Right _ 3",251.315026949977,-185.59991953909,-2365.33541737633,261.553750492994,-175.959873990813,-2377.34027374829
"OPTOTRAK _ P82 _ Right _ 3",251.364324198956,-185.581381831192,-2365.30965648111,261.599856594279,-175.945918375667,-2377.32004507836
"OPTOTRAK _ P82 _ Right _ 3",251.409564327176,-185.566722637129,-2365.28968643897,261.642990034587,-175.934867038291,-2377.30382638676
"OPTOTRAK _ P82 _ Right _ 3",251.445300190236,-185.557559027307,-2365.27754111869,261.678209988485,-175.927904449085,-2377.29273997597
"OPTOTRAK _ P82 _ Right _ 3",251.467535927899,-185.554545258915,-2365.27372317439,261.701484056609,-175.925605198748,-2377.28713024231
"OPTOTRAK _ P82 _ Right _ 3",251.474320298231,-185.557414985879,-2365.27748799744,261.710324283686,-175.927961376618,-2377.28681706885
"OPTOTRAK _ P82 _ Right _ 3",251.465980727768,-185.565242111314,-2365.28745973607,261.704233951993,-175.934536612863,-2377.29146513607
"OPTOTRAK _ P82 _ Right _ 3",251.444963174258,-185.576788762677,-2365.3022784394,261.68483885101,-175.944666655076,-2377.30089815405
"OPTOTRAK _ P82 _ Right _ 3",251.415346422673,-185.590796918706,-2365.32099009462,261.655666666789,-175.957612324862,-2377.31519615264
"OPTOTRAK _ P82 _ Right _ 3",251.382178240128,-185.606139853072,-2365.34305320962,261.621637295291,-175.972618260447,-2377.33452935162
"OPTOTRAK _ P82 _ Right _ 3",251.350800886271,-185.62184489413,-2365.36805800747,261.588392834324,-175.988907073799,-2377.35883913097
"OPTOTRAK _ P82 _ Right _ 3",251.326286436062,-185.637069042233,-2365.39540350549,261.561603875142,-176.005683912231,-2377.38756573829
"OPTOTRAK _ P82 _ Right _ 3",251.313016631332,-185.651109697937,-2365.42416555751,261.546343369301,-176.022206352518,-2377.41958103529
"OPTOTRAK _ P82 _ Right _ 3",251.314369379308,-185.663474072861,-2365.4532405703,261.546557941533,-176.037909390024,-2377.45335119043
"OPTOTRAK _ P82 _ Right _ 3",251.332458244469,-185.673965945429,-2365.48167718459,261.564634472793,-176.052522418242,-2377.48723408423
"OPTOTRAK _ P82 _ Right _ 3",251.367915000585,-185.682725843328,-2365.50901701067,261.601074533083,-176.066117225956,-2377.51978859208
"OPTOTRAK _ P82 _ Right _ 3",251.419763806841,-185.690190709273,-2365.5354874649,261.654330645899,-176.079072848563,-2377.55002603908
"OPTOTRAK _ P82 _ Right _ 3",251.485455017026,-185.696995352938,-2365.56198586591,261.72089023998,-176.091988015272,-2377.57759404464
"OPTOTRAK _ P82 _ Right _ 3",251.561093872335,-185.703879627319,-2365.58989539368,261.795686140594,-176.105584080879,-2377.60290077184
"OPTOTRAK _ P82 _ Right _ 3",251.641844899424,-185.711663716678,-2365.62082778028,261.872854355663,-176.120628236089,-2377.62717840743
"OPTOTRAK _ P82 _ Right _ 3",251.722451354737,-185.721309048873,-2365.65638308685,261.946760117798,-176.13788849997,-2377.65248112325
"OPTOTRAK _ P82 _ Right _ 3",251.797795195096,-185.734017202279,-2365.69797086618,262.013104005813,-176.158114055275,-2377.68161009853
"OPTOTRAK _ P82 _ Right _ 3",251.863438311598,-185.751266848656,-2365.74667580302,262.069848030565,-176.182014734812,-2377.71792944702
"OPTOTRAK _ P82 _ Right _ 3",251.916122721905,-185.774681108322,-2365.80310820947,262.117702741805,-176.210201681396,-2377.76499105066
"OPTOTRAK _ P82 _ Right _ 3",251.954242426212,-185.805669161597,-2365.8671885213,262.159992466559,-176.24306525723,-2377.82587891314
"OPTOTRAK _ P82 _ Right _ 3",251.978298703678,-185.844880943343,-2365.93788126135,262.201840999637,-176.280606793397,-2377.90225952487
"OPTOTRAK _ P82 _ Right _ 3",251.99129826732,-185.891612795432,-2366.01298083299,262.248769036783,-176.322282154081,-2377.99327191347
"OPTOTRAK _ P82 _ Right _ 3",251.998975089058,-185.943361213633,-2366.08909520424,262.304954130422,-176.366926811181,-2378.09455254741
"OPTOTRAK _ P82 _ Right _ 3",252.009658919734,-185.995713857239,-2366.16192853196,262.371559059505,-176.412801371362,-2378.19779387141
"OPTOTRAK _ P82 _ Right _ 3",252.033604847778,-186.042695734279,-2366.22684518078,262.445649215176,-176.457734374247,-2378.29121823669
"OPTOTRAK _ P82 _ Right _ 3",252.081640456553,-186.077585069179,-2366.27957385392,262.520232548152,-176.499277299903,-2378.36118736897
"OPTOTRAK _ P82 _ Right _ 3",252.163084148525,-186.094112248215,-2366.31684830782,262.585800942249,-176.534765373154,-2378.3948899268
"OPTOTRAK _ P82 _ Right _ 3",252.283059897273,-186.087873824559,-2366.33680264525,262.633398285284,-176.561225745105,-2378.38372028225
"OPTOTRAK _ P82 _ Right _ 3",252.439594137222,-186.057729758901,-2366.33902581284,262.658728110702,-176.575189780937,-2378.32665560102
"OPTOTRAK _ P82 _ Right _ 3",252.62120226059,-186.006895248249,-2366.32429598377,262.666262843521,-176.572605983008,-2378.23272625117
"OPTOTRAK _ P82 _ Right _ 3",252.805958155797,-185.9433891243,-2366.29412348909,262.671897725166,-176.549140605764,-2378.12161212874
"OPTOTRAK _ P82 _ Right _ 3",252.963127365275,-185.879488141234,-2366.25029805811,262.702578235156,-176.501119914914,-2378.02152895097
"OPTOTRAK _ P82 _ Right _ 3",253.058161549707,-185.829914778076,-2366.19464260248,262.791659625673,-176.427178790746,-2377.96394760172
"OPTOTRAK _ P82 _ Right _ 3",253.061110157882,-185.808704861652,-2366.12912115393,262.969611085205,-176.330368558258,-2377.9753726334
"OPTOTRAK _ P82 _ Right _ 3",252.957367648752,-185.825068083618,-2366.05634243084,263.251036945712,-176.220130012916,-2378.06738273123
"OPTOTRAK _ P82 _ Right _ 3",252.758372470613,-185.879014313615,-2365.98034948178,263.62067730414,-176.113266981171,-2378.22724541887
"OPTOTRAK _ P82 _ Right _ 3",252.508773514141,-185.957957520395,-2365.90740559482,264.022689399541,-176.032974369012,-2378.41233133011
"OPTOTRAK _ P82 _ Right _ 3",252.286118834416,-186.03577701359,-2365.84633089789,264.358531523374,-176.005182496863,-2378.55184946481
"OPTOTRAK _ P82 _ Right _ 3",252.189720785643,-186.075757216933,-2365.8079071678,264.498532347174,-176.052040830305,-2378.55872876945
"OPTOTRAK _ P82 _ Right _ 3",252.317288328687,-186.038315088114,-2365.80304072336,264.310210819528,-176.183263417326,-2378.35258584117
"OPTOTRAK _ P82 _ Right _ 3",252.731165495696,-185.893400496129,-2365.83977399447,263.702449303307,-176.387147515016,-2377.89172525114
"OPTOTRAK _ P82 _ Right _ 3",253.420102967024,-185.63598577214,-2365.91977342886,262.67912144486,-176.624055942977,-2377.20846590518
"OPTOTRAK _ P82 _ Right _ 3",254.266440175432,-185.301397837509,-2366.03541573884,261.389853738686,-176.825615041565,-2376.4386420191
"OPTOTRAK _ P82 _ Right _ 3",255.030996998714,-184.975851945791,-2366.16884510616,260.161048424045,-176.902414262123,-2375.83411512874
"OPTOTRAK _ P82 _ Right _ 3",255.367356645841,-184.797034596232,-2366.29421534177,259.489286775634,-176.761335016883,-2375.74788190754
"OPTOTRAK _ P82 _ Right _ 3",254.872439436113,-184.940562480554,-2366.38368632076,259.983742484434,-176.330833685649,-2376.58586216209
"OPTOTRAK _ P82 _ Right _ 3",253.171220052006,-185.590968190505,-2366.41669278262,262.255230071825,-175.589075307605,-2378.72778727049
"OPTOTRAK _ P82 _ Right _ 3",250.021675148002,-186.900324141499,-2366.39080525932,266.765977641566,-174.586823993855,-2382.43035263378
"OPTOTRAK _ P82 _ Right _ 3",245.415073266402,-188.94268461644,-2366.33151151503,273.672275035684,-173.455970564506,-2387.7356153557
"OPTOTRAK _ P82 _ Right _ 3",239.641430635612,-191.676382931795,-2366.2977751778,282.704962366817,-172.397089078673,-2394.41178809865
"OPTOTRAK _ P82 _ Right _ 3",233.29450153974,-194.926839315067,-2366.38048438541,293.13233182394,-171.645959264836,-2401.94821635195
"OPTOTRAK _ P82 _ Right _ 3",227.205274580991,-198.398745935052,-2366.69200123324,303.83195638377,-171.427454784302,-2409.61176274635
"OPTOTRAK _ P82 _ Right _ 3",222.312400153242,-201.718931084223,-2367.3469243719,313.466413310484,-171.910828774012,-2416.55414174385
"OPTOTRAK _ P82 _ Right _ 3",219.494391261271,-204.502334585876,-2368.4365781204,320.725727978055,-173.179094048456,-2421.94742405433
"OPTOTRAK _ P82 _ Right _ 3",219.39664850201,-206.426536277832,-2370.00214769867,324.580381684262,-175.217531897146,-2425.12229092733
"OPTOTRAK _ P82 _ Right _ 3",222.286739932624,-207.297460605184,-2372.01326880783,324.488187201328,-177.917780703205,-2425.68757909469
"OPTOTRAK _ P82 _ Right _ 3",227.967282320346,-207.090749891381,-2374.35950800927,320.511806978727,-181.089952841367,-2423.61364186297
"OPTOTRAK _ P82 _ Right _ 3",235.768788002728,-205.959021054607,-2376.86040073702,313.323857420615,-184.477328690908,-2419.26324984756
"OPTOTRAK _ P82 _ Right _ 3",244.633192116573,-204.203428833148,-2379.29482652553,304.099071023269,-187.773922903671,-2413.35622753511
"OPTOTRAK _ P82 _ Right _ 3",253.28075614946,-202.21675857362,-2381.44363344685,294.315937395706,-190.650236490719,-2406.86428131007
"OPTOTRAK _ P82 _ Right _ 3",260.431789036981,-200.411912183714,-2383.13384237782,285.509777290818,-192.792639076534,-2400.85121818699
"OPTOTRAK _ P82 _ Right _ 3",265.038627774107,-199.151505185785,-2384.2719108649,279.027780039065,-193.955834904624,-2396.29210780402
"OPTOTRAK _ P82 _ Right _ 3",266.4804467021,-198.69097629902,-2384.85807993996,275.828329606167,-194.019151484065,-2393.91103596432
"OPTOTRAK _ P82 _ Right _ 3",264.683860762702,-199.141735546977,-2384.9806853987,276.34671465232,-193.031335858927,-2394.06763018625
"OPTOTRAK _ P82 _ Right _ 3",260.148561543467,-200.4561180119,-2384.79433096254,280.431995620275,-191.227764765832,-2396.70598260521
"OPTOTRAK _ P82 _ Right _ 3",253.872076736597,-202.434229200772,-2384.48739614474,287.356759616801,-189.00772933905,-2401.36701651519
"OPTOTRAK _ P82 _ Right _ 3",247.180181149578,-204.753198691591,-2384.2440614108,295.90836028484,-186.867182685919,-2407.2601923697
"OPTOTRAK _ P82 _ Right _ 3",241.483552829525,-207.018897302617,-2384.20622889131,304.570873375432,-185.294830844728,-2413.38820285231
"OPTOTRAK _ P82 _ Right _ 3",237.999484199247,-208.836139320078,-2384.44221238339,311.789289428912,-184.655089446924,-2418.71332381041
"OPTOTRAK _ P82 _ Right _ 3",237.495279724038,-209.886079784034,-2384.9305791472,316.275380527778,-185.09299752964,-2422.34481634875
"OPTOTRAK _ P82 _ Right _ 3",240.116896179468,-209.992978960371,-2385.56657840301,317.286071097278,-186.494568183264,-2423.71580761385
"OPTOTRAK _ P82 _ Right _ 3",245.353702839028,-209.161936314909,-2386.19347787707,314.7979864032,-188.518776526875,-2422.7101588416
"OPTOTRAK _ P82 _ Right _ 3",252.158092669938,-207.576635618446,-2386.65276894623,309.522127565079,-190.692336710651,-2419.70084593979
"OPTOTRAK _ P82 _ Right _ 3",259.196230857627,-205.558447341677,-2386.83913481704,302.743624031731,-192.538076602284,-2415.47666384044
"OPTOTRAK _ P82 _ Right _ 3",265.167362073249,-203.499248397369,-2386.74242673867,296.020151669505,-193.69989531564,-2411.06366353153
"OPTOTRAK _ P82 _ Right _ 3",269.107870579547,-201.785264353642,-2386.46196042645,290.813693386554,-194.03159950354,-2407.48218215795
"OPTOTRAK _ P82 _ Right _ 3",270.601431733414,-200.727671059376,-2386.18728914262,288.149796703811,-193.62858744471,-2405.5039560377
"OPTOTRAK _ P82 _ Right _ 3",269.845641071854,-200.510873463199,-2386.15043172799,288.390095218143,-192.796117998197,-2405.47539784079
"OPTOTRAK _ P82 _ Right _ 3",267.565312685985,-201.164989904494,-2386.56302982566,291.173460582891,-191.962931943143,-2407.25362140755
"OPTOTRAK _ P82 _ Right _ 3",264.798850038201,-202.566329128715,-2387.55571996926,295.540436188549,-191.561822814117,-2410.27079857883
"OPTOTRAK _ P82 _ Right _ 3",262.61035666569,-204.467074356467,-2389.13608038549,300.212356293019,-191.907355837297,-2413.70923739187
"OPTOTRAK _ P82 _ Right _ 3",261.797126781913,-206.550862095564,-2391.1769048577,303.955050506603,-193.103686947943,-2416.74015446026
"OPTOTRAK _ P82 _ Right _ 3",262.66888219233,-208.504186726737,-2393.43942365855,305.926470900942,-195.010231030331,-2418.75937496764
"OPTOTRAK _ P82 _ Right _ 3",264.964650006902,-210.087152952315,-2395.62742886223,305.903420643584,-197.278312689449,-2419.55038696662
"OPTOTRAK _ P82 _ Right _ 3",267.939202835193,-211.184939460512,-2397.45940109507,304.315153067452,-199.450536214453,-2419.32414917017
"OPTOTRAK _ P82 _ Right _ 3",270.598862739288,-211.825543691671,-2398.73915446469,302.073627920337,-201.093927814074,-2418.62301450456
"OPTOTRAK _ P82 _ Right _ 3",272.015506742417,-212.158532170806,-2399.40433500571,300.257297066752,-201.926141721476,-2418.12083672839
"OPTOTRAK _ P82 _ Right _ 3",271.620181215193,-212.40016088087,-2399.53783295403,299.750608599148,-201.895495449688,-2418.38553533147
"OPTOTRAK _ P82 _ Right _ 3",269.384749269315,-212.759525572984,-2399.33809273486,300.951238445203,-201.189586724039,-2419.68118500447
"OPTOTRAK _ P82 _ Right _ 3",265.83594296167,-213.366712628699,-2399.05651867758,303.634206569178,-200.169218261795,-2421.87213880769
"OPTOTRAK _ P82 _ Right _ 3",261.896608477868,-214.225442010008,-2398.91988777973,307.016686461254,-199.247762205787,-2424.45886969926
"OPTOTRAK _ P82 _ Right _ 3",258.600276905378,-215.2072126279,-2399.06050609266,310.008490944482,-198.75417338109,-2426.73419852399
"OPTOTRAK _ P82 _ Right _ 3",256.7664239806,-216.091029192748,-2399.47566295334,311.572085791317,-198.824783467076,-2428.01028930794
"OPTOTRAK _ P82 _ Right _ 3",256.742245031526,-216.636226400582,-2400.03044824664,311.072800372947,-199.361077867511,-2427.84305204495
"OPTOTRAK _ P82 _ Right _ 3",258.300357196789,-216.663220785961,-2400.50507438002,308.497527747139,-200.068977983706,-2426.18050132282
"OPTOTRAK _ P82 _ Right _ 3",260.729946154399,-216.114700260517,-2400.67271289271,304.46569420108,-200.567180848624,-2423.3863117857
"OPTOTRAK _ P82 _ Right _ 3",263.08947802628,-215.078229424123,-2400.3822026351,300.031440764864,-200.528380493657,-2420.13122019176
"OPTOTRAK _ P82 _ Right _ 3",264.53132465204,-213.764987224807,-2399.61723229319,296.348176293404,-199.805763130267,-2417.18871608396
"OPTOTRAK _ P82 _ Right _ 3",264.586131773061,-212.452184571452,-2398.51128413568,294.308493334198,-198.501121081906,-2415.20208226206
"OPTOTRAK _ P82 _ Right _ 3",263.313327381698,-211.405972026916,-2397.31258130104,294.273906553617,-196.948983034999,-2414.49712546309
"OPTOTRAK _ P82 _ Right _ 3",261.271977952947,-210.807110878853,-2396.30989178951,295.976738130978,-195.618222966624,-2414.99855720607
"OPTOTRAK _ P82 _ Right _ 3",259.324037595668,-210.702308944293,-2395.74288970378,298.624088374156,-194.9605350313,-2416.27506540216
"OPTOTRAK _ P82 _ Right _ 3",258.333686796425,-210.997746463095,-2395.72604560674,301.172744735461,-195.254892610661,-2417.69784318305
"OPTOTRAK _ P82 _ Right _ 3",258.86045105602,-211.497686114101,-2396.21107198962,302.686716193093,-196.50123763441,-2418.66000563168
"OPTOTRAK _ P82 _ Right _ 3",260.949751651913,-211.974579248068,-2397.00067599503,302.655667262958,-198.401983892464,-2418.78239249446
"OPTOTRAK _ P82 _ Right _ 3",264.095280547453,-212.245453437738,-2397.80935638616,301.162742858052,-200.440352336395,-2418.03518655852
"OPTOTRAK _ P82 _ Right _ 3",267.388574005326,-212.228256678263,-2398.35104817624,298.845726887271,-202.031092954727,-2416.73527873581
"OPTOTRAK _ P82 _ Right _ 3",269.804741710107,-211.960657196612,-2398.42475464283,296.671775481372,-202.694782765431,-2415.42434408389
"OPTOTRAK _ P82 _ Right _ 3",270.527972034496,-211.577260418186,-2397.97128126082,295.607832379,-202.200176359877,-2414.67317661066
"OPTOTRAK _ P82 _ Right _ 3",269.212746173613,-211.254184772517,-2397.08522217736,296.294351306248,-200.631118515527,-2414.87892294947
"OPTOTRAK _ P82 _ Right _ 3",266.102962317963,-211.139748402275,-2395.9811920525,298.820368031335,-198.359583154559,-2416.11972654119
"OPTOTRAK _ P82 _ Right _ 3",261.97551724682,-211.294927586576,-2394.92646818176,302.666276692133,-195.935148294057,-2418.11132320532
"OPTOTRAK _ P82 _ Right _ 3",257.923141778004,-211.665189505555,-2394.16047784349,306.835877797358,-193.925074706789,-2420.27962585666
"OPTOTRAK _ P82 _ Right _ 3",255.03571400357,-212.095228776297,-2393.82414921309,310.145456115267,-192.752605211219,-2421.92896918323
"OPTOTRAK _ P82 _ Right _ 3",254.072426681219,-212.382408840715,-2393.91945432428,311.585069630089,-192.581074095951,-2422.45578336497
"OPTOTRAK _ P82 _ Right _ 3",255.227024064783,-212.349571406407,-2394.31181415394,310.636424938398,-193.277291647879,-2421.54171958326
"OPTOTRAK _ P82 _ Right _ 3",258.064431059874,-211.910558859421,-2394.77586951482,307.441423534742,-194.463220417709,-2419.26509488038
"OPTOTRAK _ P82 _ Right _ 3",261.652413268943,-211.105725293866,-2395.07101015195,302.76620603275,-195.638378984101,-2416.094415236
"OPTOTRAK _ P82 _ Right _ 3",264.846267779293,-210.096976712662,-2395.02235379981,297.776171291354,-196.335357114985,-2412.76496418169
"OPTOTRAK _ P82 _ Right _ 3",266.634822362248,-209.125764623087,-2394.58082282972,293.697945616518,-196.262531568036,-2410.07626422532
"OPTOTRAK _ P82 _ Right _ 3",266.44077958496,-208.447625686002,-2393.8436761757,291.473080744705,-195.392844326317,-2408.67151495735
"OPTOTRAK _ P82 _ Right _ 3",264.288821527206,-208.261889204395,-2393.03042297666,291.501928761207,-193.97357093397,-2408.8630046673
"OPTOTRAK _ P82 _ Right _ 3",260.797627488719,-208.655836802281,-2392.42255224482,293.545485691208,-192.454684759029,-2410.55212802936
"OPTOTRAK _ P82 _ Right _ 3",257.000744519807,-209.57925513114,-2392.28467354604,296.81046178963,-191.356357296302,-2413.26585915368
"OPTOTRAK _ P82 _ Right _ 3",254.045590627382,-210.857636545611,-2392.78832707555,300.194895197543,-191.113670380648,-2416.29970620384
"OPTOTRAK _ P82 _ Right _ 3",252.853912962307,-212.24097105425,-2393.95878155959,302.624256453609,-191.944451891675,-2418.92653516809
"OPTOTRAK _ P82 _ Right _ 3",253.842983136215,-213.47337930519,-2395.66029617929,303.375134666407,-193.780834694159,-2420.60938530485
"OPTOTRAK _ P82 _ Right _ 3",256.794596983322,-214.361794683913,-2397.62621323765,302.283089323411,-196.286122325919,-2421.1527913678
"OPTOTRAK _ P82 _ Right _ 3",260.915516255002,-214.823151896216,-2399.52738174005,299.769613031857,-198.951335583629,-2420.74493145141
"OPTOTRAK _ P82 _ Right _ 3",265.07093460738,-214.898172972257,-2401.05954147409,296.686162439151,-201.240633189846,-2419.87801143832
"OPTOTRAK _ P82 _ Right _ 3",268.116369196125,-214.730900081449,-2402.02323339223,294.033274729029,-202.740704364275,-2419.17450221385
"OPTOTRAK _ P82 _ Right _ 3",269.225312742779,-214.521786080188,-2402.37213421857,292.646398259795,-203.269900890047,-2419.17654020084
"OPTOTRAK _ P82 _ Right _ 3",268.117533074345,-214.467097937567,-2402.21622800966,292.940631280828,-202.916720415896,-2420.16451895988
"OPTOTRAK _ P82 _ Right _ 3",265.127546942438,-214.699896707226,-2401.78041079997,294.783141260985,-201.999162616913,-2422.05878003044
"OPTOTRAK _ P82 _ Right _ 3",261.099140339091,-215.248529971922,-2401.33217881144,297.526968365169,-200.959680654705,-2424.43268289476
"OPTOTRAK _ P82 _ Right _ 3",257.137731265114,-216.025862588701,-2401.10052944962,300.199108227845,-200.228632000873,-2426.63384654779
"OPTOTRAK _ P82 _ Right _ 3",254.290637231262,-216.854610291137,-2401.21026239694,301.792329901225,-200.097699217252,-2427.97934546446
"OPTOTRAK _ P82 _ Right _ 3",253.248056338634,-217.522281646799,-2401.65112061997,301.57439864729,-200.641004974939,-2427.96759220835
"OPTOTRAK _ P82 _ Right _ 3",254.154500559873,-217.848270607682,-2402.29056362422,299.317610307634,-201.705926019363,-2426.4427266636
"OPTOTRAK _ P82 _ Right _ 3",256.586570671966,-217.741197887398,-2402.92487868996,295.376651157325,-202.972879794965,-2423.66089282894
"OPTOTRAK _ P82 _ Right _ 3",259.697872448392,-217.228712393091,-2403.35033475622,290.595488765481,-204.061854903249,-2420.23834871801
"OPTOTRAK _ P82 _ Right _ 3",262.477993544609,-216.451787502946,-2403.42963972111,286.079782695302,-204.650555012797,-2416.99780522387
"OPTOTRAK _ P82 _ Right _ 3",264.042012399798,-215.626238955144,-2403.13215547519,282.906147830885,-204.568225460217,-2414.75786861881
"OPTOTRAK _ P82 _ Right _ 3",263.868468346465,-214.982524743504,-2402.53734909274,281.845452414897,-203.839666562282,-2414.12210833937
"OPTOTRAK _ P82 _ Right _ 3",261.928996652692,-214.699991462502,-2401.80432929574,283.163310842302,-202.670957896698,-2415.31975224273
"OPTOTRAK _ P82 _ Right _ 3",258.686209770744,-214.853467797598,-2401.12044168263,286.540553290675,-201.385428457586,-2418.13576209933
"OPTOTRAK _ P82 _ Right _ 3",254.966475765548,-215.387912798844,-2400.64585942565,291.134720805682,-200.330265830523,-2421.9488332295
"OPTOTRAK _ P82 _ Right _ 3",251.738770703921,-216.130213505386,-2400.46939931125,295.776892367888,-199.779451292218,-2425.87284497643
"OPTOTRAK _ P82 _ Right _ 3",249.851764999638,-216.836973681977,-2400.58611167168,299.264445022344,-199.85845766372,-2428.97210884413
"OPTOTRAK _ P82 _ Right _ 3",249.796536262001,-217.265908935802,-2400.90191492465,300.677586397661,-200.510879746112,-2430.49877627778
"OPTOTRAK _ P82 _ Right _ 3",251.563106210941,-217.25016277769,-2401.26486113367,299.631111118073,-201.516552634226,-2430.08972376186
"OPTOTRAK _ P82 _ Right _ 3",254.637507855332,-216.752874838794,-2401.51556897362,296.385212526839,-202.556206381579,-2427.86643240686
"OPTOTRAK _ P82 _ Right _ 3",258.144701303304,-215.884767837274,-2401.54191843158,291.779830736484,-203.303895904591,-2424.40608639026
"OPTOTRAK _ P82 _ Right _ 3",261.095952977932,-214.878538843649,-2401.31924274546,287.011053583907,-203.520540295123,-2420.5893382174
"OPTOTRAK _ P82 _ Right _ 3",262.666541728845,-214.026565756869,-2400.92087498527,283.314097104761,-203.122374598423,-2417.36722437966
"OPTOTRAK _ P82 _ Right _ 3",262.423570302114,-213.598835634597,-2400.49470558194,281.639554523402,-202.206006882727,-2415.51255562925
"OPTOTRAK _ P82 _ Right _ 3",260.44330295531,-213.763525500379,-2400.2143207401,282.405690800015,-201.024028195432,-2415.42270134086
"OPTOTRAK _ P82 _ Right _ 3",257.290898143907,-214.532584013505,-2400.22207083395,285.388037298531,-199.917967706202,-2417.0241674678
"OPTOTRAK _ P82 _ Right _ 3",253.869877468674,-215.749181568904,-2400.58272227584,289.77684695558,-199.225679696088,-2419.80260898738
"OPTOTRAK _ P82 _ Right _ 3",251.178130998647,-217.123567794376,-2401.2610987099,294.395441985821,-199.186520636868,-2422.95099852477
"OPTOTRAK _ P82 _ Right _ 3",250.030586348756,-218.310235528656,-2402.12894017501,298.029663129323,-199.869470326253,-2425.59801371016
"OPTOTRAK _ P82 _ Right _ 3",250.822545961265,-219.005834240405,-2402.99854704489,299.780010056201,-201.145615905626,-2427.05480584569
"OPTOTRAK _ P82 _ Right _ 3",253.404203889009,-219.038965046225,-2403.67476772926,299.33100468341,-202.715921604195,-2427.00965255396
"OPTOTRAK _ P82 _ Right _ 3",257.109913848432,-218.423870720623,-2404.01198956547,297.050775832497,-204.189338366153,-2425.61234010452
"OPTOTRAK _ P82 _ Right _ 3",260.939815783997,-217.360596997594,-2403.95953996037,293.885894574788,-205.190241926906,-2423.42203777772
"OPTOTRAK _ P82 _ Right _ 3",263.842583067989,-216.180668262304,-2403.57996372339,291.082333803453,-205.464185525504,-2421.23435933595
"OPTOTRAK _ P82 _ Right _ 3",265.015880129826,-215.253641452356,-2403.03207591149,289.81672102718,-204.950786044667,-2419.84057437585
"OPTOTRAK _ P82 _ Right _ 3",264.137253788179,-214.880945632693,-2402.52269197934,290.845099051933,-203.802169108552,-2419.79114955242
"OPTOTRAK _ P82 _ Right _ 3",261.460837231122,-215.206806970495,-2402.24216504697,294.267414917391,-202.341389402625,-2421.23158930468
"OPTOTRAK _ P82 _ Right _ 3",257.753552433072,-216.171712044073,-2402.3041531524,299.473524572866,-200.972454088062,-2423.85500927949
"OPTOTRAK _ P82 _ Right _ 3",254.087269776722,-217.52277571701,-2402.70784112272,305.289479185435,-200.067268489996,-2426.98204204416
"OPTOTRAK _ P82 _ Right _ 3",251.542578118161,-218.879585697681,-2403.33342267637,310.288371572412,-199.861722095154,-2429.74391332851
"OPTOTRAK _ P82 _ Right _ 3",250.907104318288,-219.837487541785,-2403.97249212218,313.179890704442,-200.391020223732,-2431.3173920554
"OPTOTRAK _ P82 _ Right _ 3",252.456553309071,-220.078377580926,-2404.38621798141,313.165047577191,-201.482810600844,-2431.14769497351
"OPTOTRAK _ P82 _ Right _ 3",255.883725665146,-219.456737447942,-2404.37647302767,310.151688436517,-202.80896375445,-2429.10018680886
"OPTOTRAK _ P82 _ Right _ 3",260.394736591745,-218.037101214335,-2403.84971794868,304.771553249376,-203.979468798609,-2425.50178992551
"OPTOTRAK _ P82 _ Right _ 3",264.938614036232,-216.074933473351,-2402.85312158942,298.203380225282,-204.650585572028,-2421.06289246645
"OPTOTRAK _ P82 _ Right _ 3",268.496477645555,-213.949630164484,-2401.56945943501,291.863744853534,-204.616758427401,-2416.70240752488
"OPTOTRAK _ P82 _ Right _ 3",270.344306639829,-212.070115353485,-2400.27054097338,287.057290702243,-203.861820729181,-2413.32312931772
"OPTOTRAK _ P82 _ Right _ 3",270.22073411771,-210.777674958617,-2399.24299166654,284.67497401752,-202.557728296161,-2411.59431428482
"OPTOTRAK _ P82 _ Right _ 3",268.366527683807,-210.268358062551,-2398.70908067876,285.003781726297,-201.014231128216,-2411.7928031032
"OPTOTRAK _ P82 _ Right _ 3",265.438419946096,-210.551286358834,-2398.76588150695,287.680804359591,-199.595307696218,-2413.73830272712
"OPTOTRAK _ P82 _ Right _ 3",262.32599334862,-211.451522607923,-2399.35924482629,291.797094616247,-198.624655802267,-2416.83806765507
"OPTOTRAK _ P82 _ Right _ 3",259.916046967206,-212.657235051091,-2400.29821120728,296.130256281216,-198.303265246827,-2420.23327903644
"OPTOTRAK _ P82 _ Right _ 3",258.858551339887,-213.801023944585,-2401.30464786917,299.455945861545,-198.658854080374,-2423.01536160835
"OPTOTRAK _ P82 _ Right _ 3",259.392229905048,-214.556034325558,-2402.08500013048,300.862646320497,-199.540446550827,-2424.45978857733
"OPTOTRAK _ P82 _ Right _ 3",261.279874847445,-214.721902185161,-2402.40675657815,299.984498249776,-200.661095077826,-2424.21509261357
"OPTOTRAK _ P82 _ Right _ 3",263.877771654219,-214.27669177258,-2402.16082951621,297.085007754302,-201.678507660361,-2422.39259503426
"OPTOTRAK _ P82 _ Right _ 3",266.323607421499,-213.379699217718,-2401.39279522608,292.968321493854,-202.291143684342,-2419.52901407842
"OPTOTRAK _ P82 _ Right _ 3",267.788009561552,-212.323948759658,-2400.29242512181,288.747478417047,-202.321653790919,-2416.43217752783
"OPTOTRAK _ P82 _ Right _ 3",267.714262331875,-211.451614049776,-2399.14240687083,285.538580239747,-201.76347631782,-2413.9552299036
"OPTOTRAK _ P82 _ Right _ 3",265.977198307065,-211.055783887749,-2398.24014097603,284.163674249571,-200.778468624774,-2412.76364158678
"OPTOTRAK _ P82 _ Right _ 3",262.919900885335,-211.295462956117,-2397.81541111204,284.93608363289,-199.648414868812,-2413.15766821146
"OPTOTRAK _ P82 _ Right _ 3",259.262019518888,-212.14725959658,-2397.96769834186,287.579773625619,-198.695387534799,-2414.99539479391
"OPTOTRAK _ P82 _ Right _ 3",255.905248356933,-213.407877579222,-2398.64001620649,291.30461610641,-198.19236021737,-2417.73518969527
"OPTOTRAK _ P82 _ Right _ 3",253.685828938146,-214.748011063228,-2399.63484542632,295.022595235388,-198.286687594841,-2420.58649999811
"OPTOTRAK _ P82 _ Right _ 3",253.139330436607,-215.80348327099,-2400.66659949748,297.650175821187,-198.956421208304,-2422.72941585446
"OPTOTRAK _ P82 _ Right _ 3",254.344955895879,-216.277847434123,-2401.43702699425,298.41188997096,-200.012737931749,-2423.54313845833
"OPTOTRAK _ P82 _ Right _ 3",256.899086957892,-216.026618905065,-2401.715357236,297.054990166887,-201.150401277941,-2422.77862102083
"OPTOTRAK _ P82 _ Right _ 3",260.03055629463,-215.098871595197,-2401.40319737374,293.91138727987,-202.03402139696,-2420.62515955162
"OPTOTRAK _ P82 _ Right _ 3",262.824374473127,-213.725182833799,-2400.56604014745,289.792412368209,-202.395835287487,-2417.65200672687
"OPTOTRAK _ P82 _ Right _ 3",264.48501750872,-212.256766835834,-2399.42059610159,285.75398548736,-202.115997164955,-2414.64416383019
"OPTOTRAK _ P82 _ Right _ 3",264.56012471566,-211.07363933464,-2398.27970372694,282.804419827684,-201.26131582579,-2412.38248755311
"OPTOTRAK _ P82 _ Right _ 3",263.062703968783,-210.486588427937,-2397.4700979607,281.635781854584,-200.071219479813,-2411.43173638194
"OPTOTRAK _ P82 _ Right _ 3",260.463592242748,-210.658152566304,-2397.24698554096,282.447201227256,-198.895379091364,-2411.99446259494
"OPTOTRAK _ P82 _ Right _ 3",257.561011326272,-211.562703727903,-2397.72952797723,284.903854621407,-198.100276750856,-2413.86867791748
"OPTOTRAK _ P82 _ Right _ 3",255.261796308117,-212.996215228213,-2398.87354126792,288.243292369688,-197.969073223897,-2416.51915566441
"OPTOTRAK _ P82 _ Right _ 3",254.328264315177,-214.633752224222,-2400.48607784526,291.50308394497,-198.620586820545,-2419.24161425989
"OPTOTRAK _ P82 _ Right _ 3",255.155979709213,-216.119677832559,-2402.27588612765,293.806691493334,-199.969908318316,-2421.37240477235
"OPTOTRAK _ P82 _ Right _ 3",257.646383038661,-217.165729940733,-2403.92652544861,294.621572497306,-201.744569198074,-2422.48156340698
"OPTOTRAK _ P82 _ Right _ 3",261.21765081819,-217.629147604943,-2405.17473259206,293.908563514723,-203.555676059181,-2422.49065101847
"OPTOTRAK _ P82 _ Right _ 3",264.957377314018,-217.548546654774,-2405.8747783864,292.117160194485,-205.005840466386,-2421.67990644277
"OPTOTRAK _ P82 _ Right _ 3",267.874512061339,-217.127581804125,-2406.0313110998,290.033304757972,-205.801924723625,-2420.58516557426
"OPTOTRAK _ P82 _ Right _ 3",269.175476387691,-216.671330361744,-2405.79056821538,288.531712853865,-205.83762157852,-2419.82023684571
"OPTOTRAK _ P82 _ Right _ 3",268.484313539221,-216.493306471187,-2405.39214145748,288.307432822097,-205.220797731371,-2419.88147102468
"OPTOTRAK _ P82 _ Right _ 3",265.947541484043,-216.819080064404,-2405.0960998292,289.660647935533,-204.238793743499,-2420.99258211198
"OPTOTRAK _ P82 _ Right _ 3",262.198278925685,-217.71409534472,-2405.10757316686,292.39297569823,-203.273523600063,-2423.03291753965
"OPTOTRAK _ P82 _ Right _ 3",258.189187370897,-219.057756142017,-2405.52016865776,295.847723019674,-202.691188834825,-2425.56817380665
"OPTOTRAK _ P82 _ Right _ 3",254.935020429591,-220.573534386688,-2406.2924045171,299.090735021583,-202.736898406545,-2427.97470735206
"OPTOTRAK _ P82 _ Right _ 3",253.231044612088,-221.90815762916,-2407.26163293263,301.186171803496,-203.462993166871,-2429.62246829809
"OPTOTRAK _ P82 _ Right _ 3",253.426814888062,-222.736725211846,-2408.19089407852,301.485759571371,-204.711751146179,-2430.06374172274
"OPTOTRAK _ P82 _ Right _ 3",255.325848076322,-222.861019223943,-2408.83671526533,299.83829153304,-206.15889763874,-2429.17141716392
"OPTOTRAK _ P82 _ Right _ 3",258.246725939351,-222.269757215301,-2409.02007027298,296.648430604866,-207.406759721916,-2427.18393337489
"OPTOTRAK _ P82 _ Right _ 3",261.22959644823,-221.142007682928,-2408.68005566825,292.7640180427,-208.100383529677,-2424.6415633494
"OPTOTRAK _ P82 _ Right _ 3",263.324031752829,-219.793528294286,-2407.89310026612,289.228598048429,-208.032126467319,-2422.23225309901
"OPTOTRAK _ P82 _ Right _ 3",263.869362880611,-218.583342910814,-2406.85069485333,286.977352373669,-207.203395299312,-2420.59336921536
"OPTOTRAK _ P82 _ Right _ 3",262.68497579014,-217.808961364989,-2405.8026095741,286.567033037154,-205.825567265839,-2420.12842375499
"OPTOTRAK _ P82 _ Right _ 3",260.118841042052,-217.621082690162,-2404.98428835163,288.015844692648,-204.260721915027,-2420.89190035532
"OPTOTRAK _ P82 _ Right _ 3",256.943427983565,-217.98275037459,-2404.55134974034,290.797644849114,-202.919801223562,-2422.57478892482
"OPTOTRAK _ P82 _ Right _ 3",254.127808769469,-218.685332133318,-2404.53989446761,293.994501697073,-202.146558807682,-2424.59535143845
"OPTOTRAK _ P82 _ Right _ 3",252.54767926733,-219.417098484437,-2404.86199287056,296.568061490317,-202.119074326709,-2426.27062232346
"OPTOTRAK _ P82 _ Right _ 3",252.715826300467,-219.863889795543,-2405.33581614373,297.672469390624,-202.7968346263,-2427.02068136636
"OPTOTRAK _ P82 _ Right _ 3",254.615566688316,-219.810722529197,-2405.74169540506,296.913990755206,-203.930144119643,-2426.54639956555
"OPTOTRAK _ P82 _ Right _ 3",257.69258272274,-219.212444809265,-2405.88899323387,294.476111329037,-205.131070059567,-2424.9268894036
"OPTOTRAK _ P82 _ Right _ 3",261.011311559912,-218.211437559686,-2405.67461822242,291.071755232281,-205.985981562084,-2422.6055409224
"OPTOTRAK _ P82 _ Right _ 3",263.528284101246,-217.097229470443,-2405.11479293639,287.739624223958,-206.176098042093,-2420.26731212968
"OPTOTRAK _ P82 _ Right _ 3",264.398241138915,-216.220519536685,-2404.33930641971,285.547329958129,-205.569971769853,-2418.64336794543
"OPTOTRAK _ P82 _ Right _ 3",263.222559246863,-215.886891846076,-2403.5501173488,285.28551629469,-204.261416217149,-2418.30006632643
"OPTOTRAK _ P82 _ Right _ 3",260.171310163998,-216.260683303102,-2402.95826550618,287.234138093023,-202.543679085227,-2419.47159009262
"OPTOTRAK _ P82 _ Right _ 3",255.947561774064,-217.306779290982,-2402.7191261389,291.062217904817,-200.82876475343,-2421.98140998099
"OPTOTRAK _ P82 _ Right _ 3",251.603236280974,-218.788431231245,-2402.88449025211,295.891474097666,-199.5345840298,-2425.27361066851
"OPTOTRAK _ P82 _ Right _ 3",248.253497017532,-220.324110427805,-2403.38341434818,300.514226576579,-198.970223628762,-2428.54714075963
"OPTOTRAK _ P82 _ Right _ 3",246.765933363895,-221.489134172505,-2404.03617943051,303.712491160118,-199.2505203874,-2430.95992849609
"OPTOTRAK _ P82 _ Right _ 3",247.512926603588,-221.933475926907,-2404.59888354429,304.591439544489,-200.264263634295,-2431.85123914045
"OPTOTRAK _ P82 _ Right _ 3",250.26191678679,-221.481292935666,-2404.82955417042,302.831338030115,-201.705839655857,-2430.92415198691
"OPTOTRAK _ P82 _ Right _ 3",254.238979072008,-220.183115012565,-2404.55991148795,298.783977008618,-203.161634120465,-2428.33771130899
"OPTOTRAK _ P82 _ Right _ 3",258.348147847958,-218.30650638429,-2403.75241989861,293.385699437651,-204.226427827755,-2424.67990754289
"OPTOTRAK _ P82 _ Right _ 3",261.4810160388,-216.269581951253,-2402.52385986578,287.913233429731,-204.616877959685,-2420.82465694642
"OPTOTRAK _ P82 _ Right _ 3",262.825305758705,-214.537343830196,-2401.12592294729,283.652188787956,-204.250964864231,-2417.70967481533
"OPTOTRAK _ P82 _ Right _ 3",262.085328219968,-213.508973919889,-2399.8873036263,281.568143621833,-203.272564637934,-2416.09560041311
"OPTOTRAK _ P82 _ Right _ 3",259.556917933184,-213.424240380332,-2399.13425024446,282.064447996505,-202.015422705164,-2416.37158731883
"OPTOTRAK _ P82 _ Right _ 3",256.041033107613,-214.310950444221,-2399.11210313468,284.886368038792,-200.916154221204,-2418.45888429059
"OPTOTRAK _ P82 _ Right _ 3",252.620661096869,-215.985185432108,-2399.92761715188,289.196240708516,-200.397825643931,-2421.83761862073
"OPTOTRAK _ P82 _ Right _ 3",250.358337016981,-218.103504061836,-2401.5238444432,293.803193874221,-200.752823023379,-2425.6899166456
"OPTOTRAK _ P82 _ Right _ 3",249.993534490092,-220.253270643886,-2403.69078344614,297.488648543091,-202.055773040739,-2429.12137818151
"OPTOTRAK _ P82 _ Right _ 3",251.725050849043,-222.056967202342,-2406.10870399662,299.337021093836,-204.132692984493,-2431.40039297933
"OPTOTRAK _ P82 _ Right _ 3",255.145853258929,-223.262575942335,-2408.41626597103,298.975122222788,-206.599360168931,-2432.14824746704
"OPTOTRAK _ P82 _ Right _ 3",259.355321138856,-223.796797110853,-2410.29019965942,296.651151028844,-208.96169918455,-2431.42635976562
"OPTOTRAK _ P82 _ Right _ 3",263.217994523801,-223.769241306688,-2411.51804723427,293.136125296768,-210.75058208102,-2429.69779218479
"OPTOTRAK _ P82 _ Right _ 3",265.690293925903,-223.429316325424,-2412.04423270683,289.485574961441,-211.651346818995,-2427.67851426238
"OPTOTRAK _ P82 _ Right _ 3",266.116763508091,-223.089098251107,-2411.97585919656,286.736178001951,-211.589674297198,-2426.1257031239
"OPTOTRAK _ P82 _ Right _ 3",264.411267903316,-223.033032773595,-2411.54685417318,285.621909449536,-210.749395433937,-2425.62503350199
"OPTOTRAK _ P82 _ Right _ 3",261.076548845373,-223.438312356313,-2411.0518853478,286.382140975675,-209.518385598777,-2426.43476282506
"OPTOTRAK _ P82 _ Right _ 3",257.060866544207,-224.327556949598,-2410.76912653574,288.709331155026,-208.378339517643,-2428.42655214383
"OPTOTRAK _ P82 _ Right _ 3",253.490739008734,-225.567321674998,-2410.89137442564,291.851093877807,-207.767906693368,-2431.13706064185
"OPTOTRAK _ P82 _ Right _ 3",251.34938416813,-226.912877967339,-2411.48040778229,294.841780091591,-207.955288375616,-2433.91477124108
"OPTOTRAK _ P82 _ Right _ 3",251.188345428684,-228.085192410664,-2412.45350420519,296.798655553885,-208.955789335196,-2436.11895227363
"OPTOTRAK _ P82 _ Right _ 3",252.958063361174,-228.85539534942,-2413.60524385629,297.191937204663,-210.520379307936,-2437.31028496253
"OPTOTRAK _ P82 _ Right _ 3",256.014894705077,-229.109931481181,-2414.66105222053,296.001389284436,-212.20244117419,-2437.37310969723
"OPTOTRAK _ P82 _ Right _ 3",259.309980063417,-228.877080022514,-2415.3506850466,293.708328228017,-213.486010794368,-2436.53014700219
"OPTOTRAK _ P82 _ Right _ 3",261.706100956114,-228.309137167975,-2415.48251760915,291.127690652644,-213.938780931685,-2435.24665186012
"OPTOTRAK _ P82 _ Right _ 3",262.325700140085,-227.628523872387,-2414.99747428782,289.13766473079,-213.344742121953,-2434.05928456708
"OPTOTRAK _ P82 _ Right _ 3",260.823443551894,-227.05601850003,-2413.98703577969,288.395085030745,-211.777107943636,-2433.39018594105
"OPTOTRAK _ P82 _ Right _ 3",257.501602400985,-226.74359863638,-2412.67092225914,289.12612875344,-209.589540244358,-2433.40948951942
"OPTOTRAK _ P82 _ Right _ 3",253.234342030048,-226.732797072584,-2411.34191948097,291.05735121888,-207.327122619826,-2433.99071190894
"OPTOTRAK _ P82 _ Right _ 3",249.221843065357,-226.95189520097,-2410.29364250337,293.5095014733,-205.581473500337,-2434.7712162463
"OPTOTRAK _ P82 _ Right _ 3",246.643731776579,-227.252567372589,-2409.75026794199,295.625187211817,-204.830680452095,-2435.29465762429
"OPTOTRAK _ P82 _ Right _ 3",246.312402613469,-227.472374927035,-2409.81600135869,296.655290157538,-205.309634740826,-2435.18487524759
"OPTOTRAK _ P82 _ Right _ 3",248.430121060145,-227.499668083768,-2410.45693760633,296.206441791033,-206.9477578047,-2434.2905833251
"OPTOTRAK _ P82 _ Right _ 3",252.52410853478,-227.316901979337,-2411.51914135524,294.365864211666,-209.391059357752,-2432.751395821
"OPTOTRAK _ P82 _ Right _ 3",257.577992403423,-227.007607277333,-2412.77577495745,291.666559006453,-212.100146917137,-2430.96394374649
"OPTOTRAK _ P82 _ Right _ 3",262.315797840118,-226.726581911541,-2413.98714975228,288.91365892188,-214.493549424116,-2429.46127550251
"OPTOTRAK _ P82 _ Right _ 3",265.550105307264,-226.645341691574,-2414.95509066318,286.935562136994,-216.094050174961,-2428.74645938028
"OPTOTRAK _ P82 _ Right _ 3",266.494317013091,-226.890905279971,-2415.55778034253,286.337159382768,-216.638246221318,-2429.13290849501
"OPTOTRAK _ P82 _ Right _ 3",264.95860032361,-227.495648743221,-2415.75981590978,287.32129608319,-216.123773290769,-2430.63796112469
"OPTOTRAK _ P82 _ Right _ 3",261.385907191626,-228.371997691081,-2415.59992598835,289.621885936369,-214.787528640547,-2432.9585079236
"OPTOTRAK _ P82 _ Right _ 3",256.72436910685,-229.320163498889,-2415.16326734532,292.566244233097,-213.025268081772,-2435.53533901943
"OPTOTRAK _ P82 _ Right _ 3",252.169181790512,-230.070097405357,-2414.54704643582,295.255293289857,-211.275571941015,-2437.69098398339
"OPTOTRAK _ P82 _ Right _ 3",248.839116189893,-230.350034802396,-2413.82903083291,296.818209440659,-209.899145485888,-2438.80693742321
"OPTOTRAK _ P82 _ Right _ 3",247.474370813552,-229.964789796424,-2413.04853587651,296.670700791803,-209.086376782067,-2438.49392141095
"OPTOTRAK _ P82 _ Right _ 3",248.242767242819,-228.86093267412,-2412.20691792233,294.697307740966,-208.819381191613,-2436.70743821882
"OPTOTRAK _ P82 _ Right _ 3",250.713035689529,-227.157148939506,-2411.28799132497,291.297292246741,-208.899066121164,-2433.77268903458
"OPTOTRAK _ P82 _ Right _ 3",254.002849411074,-225.127672736605,-2410.28986560402,287.276782478072,-209.027476986307,-2430.30681301033
"OPTOTRAK _ P82 _ Right _ 3",257.053824468528,-223.141415950691,-2409.25341215436,283.620099466292,-208.918245733022,-2427.05688047763
"OPTOTRAK _ P82 _ Right _ 3",258.947460615509,-221.573140680757,-2408.27323909131,281.210450266829,-208.399669642415,-2424.69928560054
"OPTOTRAK _ P82 _ Right _ 3",259.167989729283,-220.710688297586,-2407.48460172691,280.581882186332,-207.478154920678,-2423.65912336925
"OPTOTRAK _ P82 _ Right _ 3",257.73912207026,-220.682571613612,-2407.02979125267,281.771123290814,-206.342495207618,-2424.00158535871
"OPTOTRAK _ P82 _ Right _ 3",255.200211468423,-221.424850553697,-2407.01524620117,284.309189339815,-205.307149317046,-2425.42537114749
"OPTOTRAK _ P82 _ Right _ 3",252.430957629744,-222.697138528949,-2407.47342893253,287.357164892151,-204.710640904359,-2427.35927194262
"OPTOTRAK _ P82 _ Right _ 3",250.374354658257,-224.1457817726,-2408.34176928191,289.952465993538,-204.799599779308,-2429.1347852866
"OPTOTRAK _ P82 _ Right _ 3",249.738429707304,-225.399036204702,-2409.46635523191,291.296658928486,-205.635889745882,-2430.18546496161
"OPTOTRAK _ P82 _ Right _ 3",250.768589860763,-226.16806586048,-2410.63183543617,290.996175220571,-207.059740240865,-2430.21381996407
"OPTOTRAK _ P82 _ Right _ 3",253.164637190402,-226.323966942029,-2411.61170900292,289.177193257389,-208.724747462978,-2429.27434630229
"OPTOTRAK _ P82 _ Right _ 3",256.170447436151,-225.927739695739,-2412.22586158245,286.437698913532,-210.195878051551,-2427.74691484762
"OPTOTRAK _ P82 _ Right _ 3",258.806135216182,-225.204939601099,-2412.38775790747,283.656525327375,-211.078903597339,-2426.2103961678
"OPTOTRAK _ P82 _ Right _ 3",260.166700734387,-224.473436835262,-2412.12553014535,281.724681271158,-211.138709613177,-2425.258346199
"OPTOTRAK _ P82 _ Right _ 3",259.695205580466,-224.045498193006,-2411.56985819202,281.281291937516,-210.368988941082,-2425.31448342882
"OPTOTRAK _ P82 _ Right _ 3",257.353084739957,-224.131762548915,-2410.91326014931,282.52667955601,-208.993528307234,-2426.50198354482
"OPTOTRAK _ P82 _ Right _ 3",253.643037414672,-224.774458321736,-2410.35458304613,285.160731060206,-207.401156108459,-2428.60250910345
"OPTOTRAK _ P82 _ Right _ 3",249.478545641008,-225.830445595102,-2410.04554181833,288.464055950721,-206.034780387327,-2431.11573435816
"OPTOTRAK _ P82 _ Right _ 3",245.932559977276,-227.011516561162,-2410.05344596187,291.503973118611,-205.266334775229,-2433.40309763714
"OPTOTRAK _ P82 _ Right _ 3",243.932389846431,-227.972001187028,-2410.34869114207,293.410331730639,-205.292978725578,-2434.87537184749
"OPTOTRAK _ P82 _ Right _ 3",243.989345366352,-228.417342556451,-2410.81961629749,293.639008286873,-206.084701254332,-2435.16890528436
"OPTOTRAK _ P82 _ Right _ 3",246.047922144615,-228.198742832062,-2411.31119204708,292.138535143966,-207.399411985804,-2434.25633046855
"OPTOTRAK _ P82 _ Right _ 3",249.505158298102,-227.362859614707,-2411.67729802248,289.364421633441,-208.861658278413,-2432.45609716772
"OPTOTRAK _ P82 _ Right _ 3",253.395829024048,-226.140929407479,-2411.83070643793,286.137169030551,-210.081396332816,-2430.33666828982
"OPTOTRAK _ P82 _ Right _ 3",256.684401299743,-224.882168484498,-2411.77395872162,283.392302926356,-210.776344437851,-2428.54521267936
"OPTOTRAK _ P82 _ Right _ 3",258.571422918805,-223.953599500966,-2411.60033429304,281.902697421551,-210.85987114395,-2427.61470177746
"OPTOTRAK _ P82 _ Right _ 3",258.721081569992,-223.636988873339,-2411.46500608319,282.055964804556,-210.467005856564,-2427.80875319512
"OPTOTRAK _ P82 _ Right _ 3",257.34456181984,-224.052336665083,-2411.53687766849,283.748209569516,-209.910424626986,-2429.04988744588
"OPTOTRAK _ P82 _ Right _ 3",255.117834528613,-225.128501927514,-2411.94674588636,286.421629008587,-209.579509162895,-2430.95074531066
"OPTOTRAK _ P82 _ Right _ 3",252.959550430581,-226.628071356723,-2412.74642773395,289.235473529521,-209.81254850115,-2432.93771787917
"OPTOTRAK _ P82 _ Right _ 3",251.735080668034,-228.21845651678,-2413.88894751774,291.322441168437,-210.780902263524,-2434.42950693595
"OPTOTRAK _ P82 _ Right _ 3",251.977198235039,-229.567915994973,-2415.23463370355,292.053879691531,-212.422010106665,-2435.0160770557
"OPTOTRAK _ P82 _ Right _ 3",253.712284279911,-230.437836072828,-2416.58251156787,291.230356121839,-214.444459883324,-2434.5825835357
"OPTOTRAK _ P82 _ Right _ 3",256.448549847787,-230.744265074053,-2417.71991720636,289.137735051312,-216.405530065505,-2433.34044374968
"OPTOTRAK _ P82 _ Right _ 3",259.328496244841,-230.572062081004,-2418.47682957328,286.45570422037,-217.837276733561,-2431.75843499269
"OPTOTRAK _ P82 _ Right _ 3",261.393389039828,-230.139819880032,-2418.76850126318,284.054077613223,-218.381147895882,-2430.41866028403
"OPTOTRAK _ P82 _ Right _ 3",261.875055603142,-229.727444783856,-2418.61338559568,282.741357503889,-217.889844285208,-2429.84317385038
"OPTOTRAK _ P82 _ Right _ 3",260.428930970855,-229.587475266001,-2418.12205543321,283.034439784691,-216.468040812816,-2430.3413640565
"OPTOTRAK _ P82 _ Right _ 3",257.245449282209,-229.864981859062,-2417.46236035047,285.006607923147,-214.443647039695,-2431.91848280616
"OPTOTRAK _ P82 _ Right _ 3",253.011750367156,-230.549061998718,-2416.81220540577,288.25235371547,-212.280400466823,-2434.26811694215
"OPTOTRAK _ P82 _ Right _ 3",248.733250019059,-231.471231690286,-2416.31281410138,291.983390178349,-210.456259606274,-2436.85046408058
"OPTOTRAK _ P82 _ Right _ 3",245.460829089613,-232.352999812781,-2416.03377237175,295.238329306491,-209.339568498674,-2439.03678456763
"OPTOTRAK _ P82 _ Right _ 3",243.998552944426,-232.88952075908,-2415.95850198588,297.15298334436,-209.096037748007,-2440.28206836029
"OPTOTRAK _ P82 _ Right _ 3",244.678187716213,-232.843773453935,-2415.99513963067,297.212405169928,-209.652731386946,-2440.27810490565
"OPTOTRAK _ P82 _ Right _ 3",247.270734076285,-232.121606015568,-2416.01171245112,295.404609765412,-210.730032229934,-2439.04220702664
"OPTOTRAK _ P82 _ Right _ 3",251.063239890713,-230.804310438747,-2415.8860917164,292.224736856662,-211.932493996831,-2436.91355070307
"OPTOTRAK _ P82 _ Right _ 3",255.076027323579,-229.129453447073,-2415.55391415383,288.527559430389,-212.871304311542,-2434.45573703609
"OPTOTRAK _ P82 _ Right _ 3",258.351281317559,-227.426810299818,-2415.03632505454,285.275929494346,-213.281175604245,-2432.29319513297
"OPTOTRAK _ P82 _ Right _ 3",260.22411106843,-226.028980153228,-2414.43621466146,283.263847297795,-213.096184621671,-2430.9305174125
"OPTOTRAK _ P82 _ Right _ 3",260.496577575773,-225.18245230934,-2413.90395419971,282.896251081083,-212.461871094996,-2430.60943848445
"OPTOTRAK _ P82 _ Right _ 3",259.467488588909,-224.983913524295,-2413.58550353567,284.086761166858,-211.680597153804,-2431.24605040892
"OPTOTRAK _ P82 _ Right _ 3",257.81344249067,-225.359377130511,-2413.57165720857,286.299658284319,-211.107378328628,-2432.46613236356
"OPTOTRAK _ P82 _ Right _ 3",256.358055914622,-226.091891871533,-2413.86535004105,288.72248868568,-211.02825444748,-2433.72719291316
"OPTOTRAK _ P82 _ Right _ 3",255.798451062702,-226.88959317783,-2414.37661926339,290.517907803748,-211.559073232036,-2434.48967813387
"OPTOTRAK _ P82 _ Right _ 3",256.473312154639,-227.473497384633,-2414.94583891333,291.07729050403,-212.597465578767,-2434.38413062923
"OPTOTRAK _ P82 _ Right _ 3",258.247236617744,-227.658194498294,-2415.38791266702,290.196357900606,-213.844954291126,-2433.32204440441
"OPTOTRAK _ P82 _ Right _ 3",260.549730102289,-227.40130811688,-2415.54438311194,288.12014894245,-214.893369742663,-2431.51707328244
"OPTOTRAK _ P82 _ Right _ 3",262.555020352226,-226.808233313403,-2415.32789838267,285.451200627349,-215.347982947223,-2429.4137201008
"OPTOTRAK _ P82 _ Right _ 3",263.442373856271,-226.092685110342,-2414.74558452119,282.95894655508,-214.947938929417,-2427.55033423628
"OPTOTRAK _ P82 _ Right _ 3",262.654725026498,-225.505980764439,-2413.89482760181,281.351981218857,-213.647333889139,-2426.40062076021
"OPTOTRAK _ P82 _ Right _ 3",260.080552223075,-225.25593803003,-2412.93430912271,281.075844538026,-211.634997284855,-2426.23906662356
"OPTOTRAK _ P82 _ Right _ 3",256.110546736685,-225.439010492658,-2412.04074626822,282.186809836415,-209.290152822975,-2427.0650046426
"OPTOTRAK _ P82 _ Right _ 3",251.554348827088,-226.006373710822,-2411.36465227767,284.334122733312,-207.087718213558,-2428.60367819845
"OPTOTRAK _ P82 _ Right _ 3",247.43674439456,-226.775788480986,-2410.99648721825,286.85906636892,-205.47819369341,-2430.38395065084
"OPTOTRAK _ P82 _ Right _ 3",244.724400974715,-227.487395021585,-2410.95022873585,288.988311478111,-204.772855039947,-2431.87296102452
"OPTOTRAK _ P82 _ Right _ 3",244.057612724603,-227.886981498835,-2411.16716635424,290.067753127199,-205.064880322923,-2432.63153516737
"OPTOTRAK _ P82 _ Right _ 3",245.566313578353,-227.810245717619,-2411.53899226902,289.764753835381,-206.209334323312,-2432.44582441557
"OPTOTRAK _ P82 _ Right _ 3",248.828598526319,-227.240501836895,-2411.94479371756,288.172974204029,-207.869152638326,-2431.39477346416
"OPTOTRAK _ P82 _ Right _ 3",252.987176943192,-226.320877723906,-2412.29140570415,285.785488739523,-209.614176757181,-2429.83034755844
"OPTOTRAK _ P82 _ Right _ 3",256.989527127957,-225.316962289233,-2412.54351542852,283.346340965219,-211.043246266468,-2428.27400620709
"OPTOTRAK _ P82 _ Right _ 3",259.879504637888,-224.541406204422,-2412.73212530243,281.629300733457,-211.892347680196,-2427.26007077681
"OPTOTRAK _ P82 _ Right _ 3",261.055088720201,-224.262858276489,-2412.93776890205,281.211046385076,-212.097503297137,-2427.1738387927
"OPTOTRAK _ P82 _ Right _ 3",260.420967594391,-224.625260660047,-2413.25475251053,282.302060518871,-211.79649373682,-2428.13301999264
"OPTOTRAK _ P82 _ Right _ 3",258.397202977224,-225.600286615779,-2413.74977438128,284.679759553638,-211.27219131283,-2429.94676798103
"OPTOTRAK _ P82 _ Right _ 3",255.784325946061,-226.987160612861,-2414.42957464926,287.742651507784,-210.856209616695,-2432.16387981036
"OPTOTRAK _ P82 _ Right _ 3",253.522366280528,-228.461809538341,-2415.22824714737,290.674407156884,-210.821582937762,-2434.19707554735
"OPTOTRAK _ P82 _ Right _ 3",252.410902340777,-229.663340875998,-2416.01825728439,292.67497232684,-211.296141393028,-2435.48872146901
"OPTOTRAK _ P82 _ Right _ 3",252.871951317196,-230.293853314691,-2416.64263622519,293.191066984337,-212.223099698194,-2435.67030363741
"OPTOTRAK _ P82 _ Right _ 3",254.828611795668,-230.202187309308,-2416.96015960326,292.074046121974,-213.381636532515,-2434.66847478275
"OPTOTRAK _ P82 _ Right _ 3",257.737176199522,-229.426521756992,-2416.89072416753,289.616340499253,-214.460635821607,-2432.72616654351
"OPTOTRAK _ P82 _ Right _ 3",260.759609206544,-228.183639992803,-2416.44601066768,286.460385102343,-215.160268394172,-2430.33375591529
"OPTOTRAK _ P82 _ Right _ 3",263.017881209631,-226.808989278827,-2415.7333653587,283.415574190922,-215.286884029576,-2428.09301368177
"OPTOTRAK _ P82 _ Right _ 3",263.850349579422,-225.665219335023,-2414.92937360486,281.241079992501,-214.810936379205,-2426.55498835964
"OPTOTRAK _ P82 _ Right _ 3",262.997891058495,-225.044196841317,-2414.23072223928,280.452024166619,-213.872600975212,-2426.07664195446
"OPTOTRAK _ P82 _ Right _ 3",260.674280463845,-225.088212686031,-2413.79832760481,281.193137866458,-212.737665789879,-2426.73212448982
"OPTOTRAK _ P82 _ Right _ 3",257.507713838478,-225.751199023151,-2413.71251177514,283.207379171566,-211.719867385936,-2428.29900591766
"OPTOTRAK _ P82 _ Right _ 3",254.370252116752,-226.811173499965,-2413.95215857336,285.908629107209,-211.092209311645,-2430.32201822487
"OPTOTRAK _ P82 _ Right _ 3",252.137673067576,-227.932066479881,-2414.40242842595,288.544819384382,-211.010239826915,-2432.23885979791
"OPTOTRAK _ P82 _ Right _ 3",251.442318714979,-228.759107724085,-2414.88769681557,290.411820517231,-211.467028954839,-2433.53639627462
"OPTOTRAK _ P82 _ Right _ 3",252.489589356514,-229.021071319176,-2415.22097195185,291.057772416536,-212.293049964917,-2433.89502311633
"OPTOTRAK _ P82 _ Right _ 3",254.996194734385,-228.609173925462,-2415.2576991033,290.414171653931,-213.203426552559,-2433.27880734482
"OPTOTRAK _ P82 _ Right _ 3",258.27329294601,-227.608581360602,-2414.93975322805,288.810274429549,-213.881040972645,-2431.94219569877
"OPTOTRAK _ P82 _ Right _ 3",261.43078858243,-226.272783869176,-2414.31571419227,286.865507646625,-214.071419134533,-2430.34873175202
"OPTOTRAK _ P82 _ Right _ 3",263.639150944486,-224.948538950261,-2413.52862871154,285.294700631136,-213.660064041224,-2429.02561279025
"OPTOTRAK _ P82 _ Right _ 3",264.368210697254,-223.973716325154,-2412.77274080145,284.686765050448,-212.708057441254,-2428.3989541447
"OPTOTRAK _ P82 _ Right _ 3",263.532860797772,-223.578049317886,-2412.2323897622,285.32207333699,-211.435229883438,-2428.66021279804
"OPTOTRAK _ P82 _ Right _ 3",261.505971640401,-223.815936693836,-2412.02355926825,287.080759678828,-210.156334948834,-2429.70386555852
"OPTOTRAK _ P82 _ Right _ 3",258.997128703522,-224.551474146675,-2412.15756119577,289.470036963697,-209.188856915426,-2431.15535212019
"OPTOTRAK _ P82 _ Right _ 3",256.832353012469,-225.50085340641,-2412.53783696293,291.767202523623,-208.758449370171,-2432.48255925882
"OPTOTRAK _ P82 _ Right _ 3",255.698175226066,-226.319965217116,-2412.98939677974,293.240216941773,-208.928990485797,-2433.15935854728
"OPTOTRAK _ P82 _ Right _ 3",255.926628690359,-226.710730330409,-2413.31092175814,293.379188808497,-209.578728339255,-2432.83243234081
"OPTOTRAK _ P82 _ Right _ 3",257.389067172837,-226.513399043665,-2413.33434611879,292.063438222195,-210.43199021781,-2431.43936038078
"OPTOTRAK _ P82 _ Right _ 3",259.534548555859,-225.756358549796,-2412.97547682102,289.608184844745,-211.139371879947,-2429.23969537899
"OPTOTRAK _ P82 _ Right _ 3",261.561718948456,-224.648487495653,-2412.2612737049,286.676416078946,-211.383243164575,-2426.74820191663
"OPTOTRAK _ P82 _ Right _ 3",262.669396803352,-223.51694787644,-2411.32522506921,284.086680513809,-210.976316449459,-2424.59098760579
"OPTOTRAK _ P82 _ Right _ 3",262.307596020552,-222.70949188709,-2410.3716532627,282.577297992488,-209.923133842214,-2423.32884214649
"OPTOTRAK _ P82 _ Right _ 3",260.35423979995,-222.490287692555,-2409.6199675345,282.594319197251,-208.426570677944,-2423.29967283023
"OPTOTRAK _ P82 _ Right _ 3",257.167557543903,-222.959809998124,-2409.24623523816,284.159683130102,-206.838149816077,-2424.52359750605
"OPTOTRAK _ P82 _ Right _ 3",253.499017935732,-224.022480595864,-2409.33892815442,286.855367036642,-205.565935697214,-2426.69569116906
"OPTOTRAK _ P82 _ Right _ 3",250.288027094527,-225.412175938977,-2409.87933066802,289.932036211238,-204.963966606448,-2429.26834806251
"OPTOTRAK _ P82 _ Right _ 3",248.392252701397,-226.768813475203,-2410.74899480728,292.51798329725,-205.232217632093,-2431.60189639028
"OPTOTRAK _ P82 _ Right _ 3",248.329866873733,-227.743679394918,-2411.76050093829,293.872223708882,-206.355323293426,-2433.1428845847
"OPTOTRAK _ P82 _ Right _ 3",250.112995791541,-228.101946690322,-2412.7042295295,293.606587347494,-208.100009810623,-2433.5797191065
"OPTOTRAK _ P82 _ Right _ 3",253.22880998985,-227.791503143649,-2413.40119454328,291.806662029842,-210.075330322611,-2432.92953254648
"OPTOTRAK _ P82 _ Right _ 3",256.779847951046,-226.957970802143,-2413.74950606816,289.01223627802,-211.840462374247,-2431.5291108779
"OPTOTRAK _ P82 _ Right _ 3",259.743622729901,-225.902795882267,-2413.75160702907,286.063508980204,-213.029109767151,-2429.93183051029
"OPTOTRAK _ P82 _ Right _ 3",261.273025110576,-224.998251924456,-2413.5135866819,283.861241001632,-213.453736376101,-2428.74218769198
"OPTOTRAK _ P82 _ Right _ 3",260.947438782922,-224.584626449663,-2413.21637945723,283.111869604275,-213.159138601922,-2428.43851160449
"OPTOTRAK _ P82 _ Right _ 3",258.901443264771,-224.878266223365,-2413.06769815556,284.128389423105,-212.410374174392,-2429.23622788834
"OPTOTRAK _ P82 _ Right _ 3",255.794345395624,-225.914941829347,-2413.2486053302,286.740207330711,-211.618721638348,-2431.02981875849
"OPTOTRAK _ P82 _ Right _ 3",252.62732848565,-227.542975768579,-2413.86810559459,290.33707739417,-211.225503695608,-2433.42784559651
"OPTOTRAK _ P82 _ Right _ 3",250.456435896175,-229.467050496443,-2414.93513261555,294.037357971505,-211.574444033395,-2435.86907617416
"OPTOTRAK _ P82 _ Right _ 3",250.081383695881,-231.329502438919,-2416.35298924401,296.934271199248,-212.807542129913,-2437.78506792364
"OPTOTRAK _ P82 _ Right _ 3",251.802796751972,-232.805117848747,-2417.93784951915,298.346947543787,-214.815436876973,-2438.7614106101
"OPTOTRAK _ P82 _ Right _ 3",255.324680884598,-233.681998669114,-2419.45899630346,297.999550395486,-217.259386604177,-2438.65072507655
"OPTOTRAK _ P82 _ Right _ 3",259.834672308408,-233.906766089838,-2420.69280176393,296.07703368159,-219.660570800439,-2437.60600719485
"OPTOTRAK _ P82 _ Right _ 3",264.236389874833,-233.584861268593,-2421.47676700037,293.150024054475,-221.530691302343,-2436.02829248373
"OPTOTRAK _ P82 _ Right _ 3",267.459676704509,-232.940452786822,-2421.74821717698,290.003181063156,-222.504794997714,-2434.4488392029
"OPTOTRAK _ P82 _ Right _ 3",268.754707751891,-232.250374453277,-2421.55680081918,287.423622334636,-222.43811040496,-2433.38325445613
"OPTOTRAK _ P82 _ Right _ 3",267.888577755515,-231.770744645714,-2421.04869188813,286.005579722142,-221.441898916435,-2433.19814815285
"OPTOTRAK _ P82 _ Right _ 3",265.197086906912,-231.674424916745,-2420.42870376801,286.014126855338,-219.852053712473,-2434.02248438323
"OPTOTRAK _ P82 _ Right _ 3",261.484639083654,-232.013776940007,-2419.91112699198,287.33504412952,-218.14128021026,-2435.72219181418
"OPTOTRAK _ P82 _ Right _ 3",257.8015520496,-232.716983047414,-2419.67087720646,289.521860488044,-216.797657701087,-2437.94210847454
"OPTOTRAK _ P82 _ Right _ 3",255.157161761921,-233.617856418074,-2419.80523057547,291.931102816921,-216.199299681331,-2440.20472865303
"OPTOTRAK _ P82 _ Right _ 3",254.245437861885,-234.509889533521,-2420.31432458527,293.912069789313,-216.517021426095,-2442.04088054993
"OPTOTRAK _ P82 _ Right _ 3",255.26020741649,-235.20811615163,-2421.10536833891,294.995906539191,-217.672445908856,-2443.11645717711
"OPTOTRAK _ P82 _ Right _ 3",257.854069317581,-235.600232011355,-2422.02019353056,295.023331421483,-219.365516338029,-2443.31701024252
"OPTOTRAK _ P82 _ Right _ 3",261.25318702184,-235.672351499649,-2422.87902940752,294.16877257746,-221.164788968412,-2442.76266485889
"OPTOTRAK _ P82 _ Right _ 3",264.493253180171,-235.503142850411,-2423.52793983862,292.855529428394,-222.633511454042,-2441.74854804758
"OPTOTRAK _ P82 _ Right _ 3",266.70550751723,-235.22987586559,-2423.8760670599,291.595549707665,-223.452940496255,-2440.63281374897
"OPTOTRAK _ P82 _ Right _ 3",267.367216379198,-234.998134461194,-2423.91250537636,290.8116089506,-223.506031108408,-2439.71335147174
"OPTOTRAK _ P82 _ Right _ 3",266.443023843367,-234.911425526968,-2423.69963931999,290.701490615562,-222.898071177049,-2439.13668711821
"OPTOTRAK _ P82 _ Right _ 3",264.377395238972,-234.996750901696,-2423.34712795154,291.186645486081,-221.910571603981,-2438.86870619272
"OPTOTRAK _ P82 _ Right _ 3",261.942438677488,-235.197520564612,-2422.97579631713,291.95993772998,-220.904374776858,-2438.73396807022
"OPTOTRAK _ P82 _ Right _ 3",259.987583887321,-235.396738856969,-2422.68250376571,292.615232231345,-220.202556196977,-2438.5067805766
"OPTOTRAK _ P82 _ Right _ 3",259.167941968922,-235.463039016793,-2422.51594595873,292.812382580768,-219.989902634659,-2438.01925004023
"OPTOTRAK _ P82 _ Right _ 3",259.737314025681,-235.303351764508,-2422.46987538799,292.415173025464,-220.261019981599,-2437.24464950567
"OPTOTRAK _ P82 _ Right _ 3",261.473006675555,-234.902825777961,-2422.49475153578,291.54786986949,-220.833111031867,-2436.32259736222
"OPTOTRAK _ P82 _ Right _ 3",263.755831001854,-234.337019168749,-2422.52242499048,290.548793558507,-221.416801845705,-2435.51465990884
"OPTOTRAK _ P82 _ Right _ 3",265.775934409223,-233.751383304747,-2422.4936099192,289.841513670642,-221.718278471336,-2435.10671860736
"OPTOTRAK _ P82 _ Right _ 3",266.794864086955,-233.314150010629,-2422.37725468285,289.774291382142,-221.536988553685,-2435.29529686528
"OPTOTRAK _ P82 _ Right _ 3",266.380414085068,-233.157121382232,-2422.1750554785,290.484775101685,-220.827750080665,-2436.10018113824
"OPTOTRAK _ P82 _ Right _ 3",264.54375248696,-233.323054415923,-2421.91118555933,291.834214259824,-219.710199378254,-2437.33516228407
"OPTOTRAK _ P82 _ Right _ 3",261.739527816987,-233.737922038762,-2421.61355734635,293.434009777334,-218.425653805588,-2438.64902343433
"OPTOTRAK _ P82 _ Right _ 3",258.729444331772,-234.22063576843,-2421.29598931836,294.762133434734,-217.256863303073,-2439.62669281197
"OPTOTRAK _ P82 _ Right _ 3",256.34996346336,-234.531699527618,-2420.94967027837,295.338409408952,-216.436959155707,-2439.9205372185
"OPTOTRAK _ P82 _ Right _ 3",255.255967800274,-234.448167806625,-2420.54819983323,294.901611343535,-216.077588143466,-2439.36907116949
"OPTOTRAK _ P82 _ Right _ 3",255.722942977215,-233.840663185411,-2420.06487879911,293.521474777655,-216.140362359801,-2438.06057708796
"OPTOTRAK _ P82 _ Right _ 3",257.572538628882,-232.72502473378,-2419.49540676916,291.596869810134,-216.460728452509,-2436.31519061514
"OPTOTRAK _ P82 _ Right _ 3",260.243962583814,-231.268882955252,-2418.87547473812,289.734450335069,-216.814188350459,-2434.58721950177
"OPTOTRAK _ P82 _ Right _ 3",262.98317272923,-229.749022094717,-2418.28301506408,288.550104705654,-216.999441011022,-2433.31934010515
"OPTOTRAK _ P82 _ Right _ 3",265.083918470792,-228.472137249345,-2417.82023656778,288.464455904969,-216.907958865061,-2432.79889258781
"OPTOTRAK _ P82 _ Right _ 3",266.102213692006,-227.683418034118,-2417.57947985407,289.562213808142,-216.556173921225,-2433.06551825756
"OPTOTRAK _ P82 _ Right _ 3",265.978964354181,-227.491280878099,-2417.60521104366,291.559877452242,-216.070908094713,-2433.9003840244
"OPTOTRAK _ P82 _ Right _ 3",265.036052460917,-227.832234569281,-2417.86776936031,293.891323364248,-215.634834556189,-2434.8994495437
"OPTOTRAK _ P82 _ Right _ 3",263.849715474004,-228.48846602705,-2418.26100795622,295.886127100096,-215.411752053845,-2435.60661947553
"OPTOTRAK _ P82 _ Right _ 3",263.043008872986,-229.154691832135,-2418.62734278516,296.986135842264,-215.478328188969,-2435.66394687946
"OPTOTRAK _ P82 _ Right _ 3",263.066562163734,-229.53435673946,-2418.80360009196,296.92909036778,-215.787544495175,-2434.92987950319
"OPTOTRAK _ P82 _ Right _ 3",264.042589298533,-229.434162940804,-2418.6730884495,295.834282582944,-216.178497627777,-2433.52585513623
"OPTOTRAK _ P82 _ Right _ 3",265.725417828067,-228.825335963287,-2418.20609151478,294.158333848476,-216.430106509463,-2431.79523352612
"OPTOTRAK _ P82 _ Right _ 3",267.589476610455,-227.851145320043,-2417.47380669301,292.537796644508,-216.339288307676,-2430.18904775365
"OPTOTRAK _ P82 _ Right _ 3",269.010761225902,-226.778692186379,-2416.62937084101,291.576324848597,-215.794979896216,-2429.11830006183
"OPTOTRAK _ P82 _ Right _ 3",269.47862089443,-225.911422734863,-2415.8613879024,291.648975262774,-214.82196206911,-2428.82224418122
"OPTOTRAK _ P82 _ Right _ 3",268.769308497146,-225.490898374451,-2415.33563523344,292.783583346719,-213.580466892372,-2429.29397210598
"OPTOTRAK _ P82 _ Right _ 3",267.02789506166,-225.619131287082,-2415.14493734904,294.651499171647,-212.322717134381,-2430.28450490953
"OPTOTRAK _ P82 _ Right _ 3",264.733324835676,-226.226248534729,-2415.28389277261,296.669075029574,-211.32043151208,-2431.38277792124
"OPTOTRAK _ P82 _ Right _ 3",262.555899134262,-227.09418590052,-2415.65601571547,298.181573568973,-210.785518732292,-2432.14731826723
"OPTOTRAK _ P82 _ Right _ 3",261.150367199441,-227.929109071913,-2416.10984583195,298.675331291597,-210.80863786591,-2432.24989865886
"OPTOTRAK _ P82 _ Right _ 3",260.951015601619,-228.458766758769,-2416.49161807964,297.949981854786,-211.335768326007,-2431.58606562443
"OPTOTRAK _ P82 _ Right _ 3",262.036879729601,-228.522108018119,-2416.69747577678,296.190844470248,-212.19114031799,-2430.31575613534
"OPTOTRAK _ P82 _ Right _ 3",264.111544005846,-228.121235787083,-2416.70852617753,293.914954725049,-213.138782164714,-2428.81894467249
"OPTOTRAK _ P82 _ Right _ 3",266.601481031555,-227.419299959275,-2416.59704150808,291.810414688795,-213.960763822392,-2427.57985379065
"OPTOTRAK _ P82 _ Right _ 3",268.836988563591,-226.686545705788,-2416.50100048771,290.525819863759,-214.524467131961,-2427.0375203225
"OPTOTRAK _ P82 _ Right _ 3",270.25619774473,-226.213114207011,-2416.57480579855,290.478070507592,-214.81661711859,-2427.45042209758
"OPTOTRAK _ P82 _ Right _ 3",270.570555845475,-226.216383447275,-2416.93274739786,291.733172450343,-214.935242331979,-2428.81577389755
"OPTOTRAK _ P82 _ Right _ 3",269.845033282822,-226.771245184817,-2417.60489682947,293.988494828505,-215.04546138654,-2430.86540433626
"OPTOTRAK _ P82 _ Right _ 3",268.470849865047,-227.784558234636,-2418.52095023604,296.65812665313,-215.315465830103,-2433.13792957647
"OPTOTRAK _ P82 _ Right _ 3",267.037792227603,-229.021967022132,-2419.52763518899,299.038881783066,-215.853492515079,-2435.10684673222
"OPTOTRAK _ P82 _ Right _ 3",266.142892854471,-230.179367835178,-2420.43373465306,300.512982211965,-216.665490726372,-2436.32908812547
"OPTOTRAK _ P82 _ Right _ 3",266.194788775073,-230.976933701511,-2421.06794789348,300.728689350742,-217.647134912095,-2436.57136097145
"OPTOTRAK _ P82 _ Right _ 3",267.278144426832,-231.245664012381,-2421.33123105802,299.701392925794,-218.613329585198,-2435.87577047534
"OPTOTRAK _ P82 _ Right _ 3",269.12386965962,-230.978348771012,-2421.22712935054,297.801044346297,-219.355625394729,-2434.54330613381
"OPTOTRAK _ P82 _ Right _ 3",271.193707188435,-230.328479369711,-2420.85990608139,295.631154443212,-219.707613187342,-2433.03977759732
"OPTOTRAK _ P82 _ Right _ 3",272.848183261668,-229.557738751981,-2420.39969542208,293.841797883505,-219.595367756731,-2431.85401532242
"OPTOTRAK _ P82 _ Right _ 3",273.541868958345,-228.949005475256,-2420.02448143586,292.936803728285,-219.056292326196,-2431.35216474785
"OPTOTRAK _ P82 _ Right _ 3",272.9865790989,-228.712163019936,-2419.85717288838,293.129932274825,-218.222194366139,-2431.67031043867
"OPTOTRAK _ P82 _ Right _ 3",271.237379771239,-228.911958142795,-2419.9187948126,294.285799185712,-217.274916402282,-2432.67402458129
"OPTOTRAK _ P82 _ Right _ 3",268.679575584811,-229.440675797824,-2420.1141302223,295.958975048498,-216.390380206392,-2433.9945530456
"OPTOTRAK _ P82 _ Right _ 3",265.921028106133,-230.045323422643,-2420.25561952085,297.522281610392,-215.688358262165,-2435.1321146002
"OPTOTRAK _ P82 _ Right _ 3",263.619664552759,-230.402750897031,-2420.11913174347,298.352414974103,-215.202323796525,-2435.59972210704
"OPTOTRAK _ P82 _ Right _ 3",262.296107737507,-230.221179434812,-2419.51569274185,298.021157894408,-214.878067118554,-2435.06872618934
"OPTOTRAK _ P82 _ Right _ 3",262.188498295602,-229.337562085823,-2418.35872671189,296.432781579057,-214.601950493459,-2433.47390445175
"OPTOTRAK _ P82 _ Right _ 3",263.194735890209,-227.780318878632,-2416.70697538324,293.861369976706,-214.250342707838,-2431.04487634987
"OPTOTRAK _ P82 _ Right _ 3",264.918291900616,-225.776821348363,-2414.76843720586,290.874768772832,-213.743428796756,-2428.25166435564
"OPTOTRAK _ P82 _ Right _ 3",266.798671202077,-223.70164670591,-2412.86012998096,288.17114108356,-213.083289487391,-2425.6791330474
"OPTOTRAK _ P82 _ Right _ 3",268.281395392418,-221.979570265679,-2411.33120403734,286.381340055492,-212.360835746139,-2423.8673623892
"OPTOTRAK _ P82 _ Right _ 3",268.974535785515,-220.970707274795,-2410.46960818565,285.89535417473,-211.727905768363,-2423.16407380698
"OPTOTRAK _ P82 _ Right _ 3",268.748690191046,-220.870380786914,-2410.42002918058,286.757763427681,-211.344465842094,-2423.62953418449
"OPTOTRAK _ P82 _ Right _ 3",267.757111275902,-221.652302558859,-2411.13911269864,288.656089343199,-211.320138825938,-2425.01868449554
"OPTOTRAK _ P82 _ Right _ 3",266.374637002425,-223.071977234351,-2412.40284005879,291.004053674019,-211.67069460375,-2426.845275798
"OPTOTRAK _ P82 _ Right _ 3",265.074336487757,-224.730863593102,-2413.86459510614,293.100146273131,-212.304362289095,-2428.51229604345
"OPTOTRAK _ P82 _ Right _ 3",264.277647280862,-226.18477595766,-2415.14726160472,294.321408782257,-213.043132965167,-2429.47512971992
"OPTOTRAK _ P82 _ Right _ 3",264.223436694426,-227.066871952358,-2415.94366948169,294.298499062914,-213.673868753277,-2429.39311634984
"OPTOTRAK _ P82 _ Right _ 3",264.897839174909,-227.19043036386,-2416.09841053729,293.01952802658,-214.015010565276,-2428.22625393276
"OPTOTRAK _ P82 _ Right _ 3",266.047169511595,-226.601493762868,-2415.64916834907,290.831166211781,-213.978457069598,-2426.24871187991
"OPTOTRAK _ P82 _ Right _ 3",267.266784695318,-225.565225246706,-2414.81539850005,288.339284020557,-213.605009144137,-2423.97563714266
"OPTOTRAK _ P82 _ Right _ 3",268.132795330443,-224.488567141637,-2413.93525387413,286.242172633857,-213.058147379139,-2422.02514868829
"OPTOTRAK _ P82 _ Right _ 3",268.332674535923,-223.800178687452,-2413.36631191047,285.144314141252,-212.57481836637,-2420.95412510112
"OPTOTRAK _ P82 _ Right _ 3",267.757042078951,-223.821540193264,-2413.37793949108,285.397083087819,-212.388508174686,-2421.11068825551
"OPTOTRAK _ P82 _ Right _ 3",266.531047720993,-224.666663930063,-2414.06765009062,287.002530535873,-212.651264128767,-2422.54007484884
"OPTOTRAK _ P82 _ Right _ 3",264.981060124236,-226.200434397537,-2415.32728552257,289.603264660151,-213.38168716347,-2424.96729018421
"OPTOTRAK _ P82 _ Right _ 3",263.546619091706,-228.068925455211,-2416.86916356534,292.565123215814,-214.455522823263,-2427.86219629614
"OPTOTRAK _ P82 _ Right _ 3",262.659207843091,-229.794101972041,-2418.30390838028,295.138358008214,-215.640056081775,-2430.57310337043
"OPTOTRAK _ P82 _ Right _ 3",262.618788199337,-230.906533033621,-2419.24742559648,296.660078209315,-216.660013833358,-2432.49695375487
"OPTOTRAK _ P82 _ Right _ 3",263.503196011989,-231.078536529218,-2419.42788872195,296.743266933914,-217.275044400985,-2433.24201967418
"OPTOTRAK _ P82 _ Right _ 3",265.139410297709,-230.219541021941,-2418.76438244679,295.394913902469,-217.347142477181,-2432.73711266113
"OPTOTRAK _ P82 _ Right _ 3",267.147767289279,-228.505699938053,-2417.39545633756,293.022982021519,-216.879293380325,-2431.25283809919
"OPTOTRAK _ P82 _ Right _ 3",269.046004164715,-226.334488640741,-2415.64750339763,290.325621133394,-216.013734366856,-2429.32474901998
"OPTOTRAK _ P82 _ Right _ 3",270.380372025837,-224.217015819799,-2413.94881712912,288.093791828223,-214.989479397038,-2427.59862878438
"OPTOTRAK _ P82 _ Right _ 3",270.844826580669,-222.639282015913,-2412.71217525599,286.985197227939,-214.07191996075,-2426.64330579383
"OPTOTRAK _ P82 _ Right _ 3",270.357197566263,-221.932532677347,-2412.22057631034,287.334436636935,-213.477366988327,-2426.78652372808
"OPTOTRAK _ P82 _ Right _ 3",269.076326287799,-222.189376710674,-2412.55119531525,289.052596226333,-213.317096886436,-2428.02161627573
"OPTOTRAK _ P82 _ Right _ 3",267.358725958677,-223.248081769082,-2413.56035145481,291.645377016569,-213.577333853903,-2430.01138648872
"OPTOTRAK _ P82 _ Right _ 3",265.664870458834,-224.747464362394,-2414.93224536429,294.348366246923,-214.137559435224,-2432.18804821148
"OPTOTRAK _ P82 _ Right _ 3",264.435692390535,-226.235199473405,-2416.27465347937,296.346123900286,-214.816440178323,-2433.92135283602
"OPTOTRAK _ P82 _ Right _ 3",263.969796010412,-227.298216549931,-2417.23226193765,297.014761528395,-215.427816047333,-2434.70700257633
"OPTOTRAK _ P82 _ Right _ 3",264.336754941054,-227.678215541685,-2417.5852066455,296.114754978061,-215.829620036543,-2434.31941981763
"OPTOTRAK _ P82 _ Right _ 3",265.355299470161,-227.339531072778,-2417.30564416129,293.870691043461,-215.953802993695,-2432.88099242999
"OPTOTRAK _ P82 _ Right _ 3",266.645855125471,-226.470054447915,-2416.55681855609,290.909077748939,-215.812099348505,-2430.82439180818
"OPTOTRAK _ P82 _ Right _ 3",267.741911047729,-225.415609893182,-2415.63506610637,288.073070739293,-215.478969578991,-2428.7590501328
"OPTOTRAK _ P82 _ Right _ 3",268.22578935133,-224.568302919635,-2414.8723315415,286.173615182898,-215.058859348351,-2427.28460736499
"OPTOTRAK _ P82 _ Right _ 3",267.849402578142,-224.243204266182,-2414.52983413036,285.753393229251,-214.649365990496,-2426.81016774268
"OPTOTRAK _ P82 _ Right _ 3",266.608355482214,-224.580646880893,-2414.7168784767,286.930782802286,-214.313032587979,-2427.43348399609
"OPTOTRAK _ P82 _ Right _ 3",264.751421471661,-225.502862509875,-2415.36010351654,289.365316893637,-214.066509358458,-2428.91351655735
"OPTOTRAK _ P82 _ Right _ 3",262.722005593939,-226.737074732768,-2416.23105768881,292.354224752723,-213.887941674155,-2430.74237218827
"OPTOTRAK _ P82 _ Right _ 3",261.043365594103,-227.897871931995,-2417.02120827666,295.036640569985,-213.736069789782,-2432.29596191963
"OPTOTRAK _ P82 _ Right _ 3",260.175240625835,-228.604862972581,-2417.44009718153,296.651264892722,-213.571761507831,-2433.02155516403
"OPTOTRAK _ P82 _ Right _ 3",260.381823619347,-228.601208407261,-2417.3073224496,296.771952566862,-213.374858599938,-2432.60865355787
"OPTOTRAK _ P82 _ Right _ 3",261.652025357467,-227.837363278637,-2416.61181198909,295.445170976703,-213.153108883457,-2431.09143573627
"OPTOTRAK _ P82 _ Right _ 3",263.69836448505,-226.493465288373,-2415.52065608029,293.180701978663,-212.942395579775,-2428.84886279761
"OPTOTRAK _ P82 _ Right _ 3",266.035020633548,-224.931716275743,-2414.33308711617,290.79582591702,-212.798135198286,-2426.49935742084
"OPTOTRAK _ P82 _ Right _ 3",268.11011608459,-223.591806325215,-2413.39122640497,289.163320718632,-212.778635592459,-2424.72087809577
"OPTOTRAK _ P82 _ Right _ 3",269.452896524998,-222.860647119034,-2412.97400044894,288.943395703231,-212.923990517231,-2424.05121071709
"OPTOTRAK _ P82 _ Right _ 3",269.796244639891,-222.955973445163,-2413.20814470236,290.380011428718,-213.237616922118,-2424.72842021087
"OPTOTRAK _ P82 _ Right _ 3",269.144404614353,-223.859032843665,-2414.02581317227,293.218664981001,-213.678497901396,-2426.61741807803
"OPTOTRAK _ P82 _ Right _ 3",267.769142370991,-225.316531241031,-2415.18269193816,296.767622054087,-214.168406060441,-2429.24253268629
"OPTOTRAK _ P82 _ Right _ 3",266.133047932315,-226.911458376818,-2416.33014418356,300.087038497889,-214.61169320673,-2431.91670231371
"OPTOTRAK _ P82 _ Right _ 3",264.757172969933,-228.182540373287,-2417.11818852331,302.25592211467,-214.920252971475,-2433.9322723498
"OPTOTRAK _ P82 _ Right _ 3",264.069205695757,-228.758054199822,-2417.29847890026,302.641595798567,-215.035954948554,-2434.76104099114
"OPTOTRAK _ P82 _ Right _ 3",264.279373612075,-228.465119975633,-2416.79840312779,301.089617578333,-214.945865559326,-2434.20631529009
"OPTOTRAK _ P82 _ Right _ 3",265.325023375848,-227.382018394374,-2415.74619830499,297.972250791937,-214.688273807463,-2432.4608339282
"OPTOTRAK _ P82 _ Right _ 3",266.900594338213,-225.817557288589,-2414.43960783806,294.078607238439,-214.348132906492,-2430.05129324143
"OPTOTRAK _ P82 _ Right _ 3",268.558472597538,-224.223486302262,-2413.2651328566,290.382970187445,-214.040599826476,-2427.6856353382
"OPTOTRAK _ P82 _ Right _ 3",269.843710862753,-223.066201444779,-2412.58921652789,287.766374552931,-213.883588919158,-2426.05005538294
"OPTOTRAK _ P82 _ Right _ 3",270.420736405307,-222.695639577634,-2412.65276643908,286.775570892865,-213.965086071951,-2425.61670666365
"OPTOTRAK _ P82 _ Right _ 3",270.159806463458,-223.248973243446,-2413.50134717996,287.484869419972,-214.315444819126,-2426.51652180401
"OPTOTRAK _ P82 _ Right _ 3",269.165525182059,-224.615508518719,-2414.97287553986,289.492823891987,-214.895049171662,-2428.50981950037
"OPTOTRAK _ P82 _ Right _ 3",267.742862717964,-226.471248920649,-2416.74596401841,292.049685399502,-215.602501202652,-2431.05960377888
"OPTOTRAK _ P82 _ Right _ 3",266.30834810856,-228.372293200123,-2418.43278909941,294.279668148226,-216.30092157202,-2433.48619243195
"OPTOTRAK _ P82 _ Right _ 3",265.267980466668,-229.880478785107,-2419.68788297797,295.437721508916,-216.85435859387,-2435.1614079541
"OPTOTRAK _ P82 _ Right _ 3",264.896523574781,-230.686013631082,-2420.30173251672,295.128401872537,-217.164541494816,-2435.68901546817
"OPTOTRAK _ P82 _ Right _ 3",265.257016177643,-230.692343615781,-2420.25415668959,293.421251548653,-217.198974882103,-2435.01896245512
"OPTOTRAK _ P82 _ Right _ 3",266.187697546494,-230.038597938708,-2419.71377386614,290.826135415549,-217.002808005854,-2433.45939485576
"OPTOTRAK _ P82 _ Right _ 3",267.358970263559,-229.052614302817,-2418.98361529622,288.136167637576,-216.689210247658,-2431.58067703619
"OPTOTRAK _ P82 _ Right _ 3",268.378058750334,-228.147967134735,-2418.40712980031,286.187941654102,-216.407792923273,-2430.04016589823
"OPTOTRAK _ P82 _ Right _ 3",268.906214328449,-227.695332291892,-2418.26092758143,285.61188760169,-216.298166081915,-2429.38165791824
"OPTOTRAK _ P82 _ Right _ 3",268.755444504543,-227.906538086181,-2418.6665447613,286.644098874302,-216.443025742974,-2429.86994280218
"OPTOTRAK _ P82 _ Right _ 3",267.942064640004,-228.766161913381,-2419.54931582638,289.050667897091,-216.837540882351,-2431.40850008048
"OPTOTRAK _ P82 _ Right _ 3",266.685335682134,-230.031505560596,-2420.65785168668,292.18535628508,-217.386657387482,-2433.56339214901
"OPTOTRAK _ P82 _ Right _ 3",265.349591274876,-231.301566979103,-2421.63785643353,295.167553777127,-217.931399537254,-2435.686811479
"OPTOTRAK _ P82 _ Right _ 3",264.340608290423,-232.135444498678,-2422.1372000486,297.13474047139,-218.294862385739,-2437.10649991351
"OPTOTRAK _ P82 _ Right _ 3",263.982047358917,-232.186212821792,-2421.91122641026,297.498982877359,-218.333044640272,-2437.32807777668
"OPTOTRAK _ P82 _ Right _ 3",264.409350243027,-231.311346513655,-2420.8990154176,296.129918597593,-217.975847821264,-2436.19109837422
"OPTOTRAK _ P82 _ Right _ 3",265.517429591511,-229.626557589395,-2419.24990251186,293.40469000325,-217.247416902852,-2433.93003274963
"OPTOTRAK _ P82 _ Right _ 3",266.981559381893,-227.485502193709,-2417.2919997041,290.106338773348,-216.260498566828,-2431.11825160393
"OPTOTRAK _ P82 _ Right _ 3",268.345231463698,-225.389428434506,-2415.44910489212,287.201590233554,-215.186027263608,-2428.50939248997
"OPTOTRAK _ P82 _ Right _ 3",269.147217551463,-223.851980617144,-2414.12729314301,285.566221557545,-214.20634024878,-2426.82315040311
"OPTOTRAK _ P82 _ Right _ 3",269.051300714274,-223.257932197143,-2413.6033962501,285.737812695194,-213.466420005444,-2426.53882763493
"OPTOTRAK _ P82 _ Right _ 3",267.945251322832,-223.756115424265,-2413.94898074258,287.762364144892,-213.039086659506,-2427.75527363903
"OPTOTRAK _ P82 _ Right _ 3",265.984429480995,-225.216325714559,-2415.01279068432,291.173274431624,-212.914930570201,-2430.15488856155
"OPTOTRAK _ P82 _ Right _ 3",263.566389999322,-227.261542399185,-2416.46555675644,295.108271614802,-213.017756690287,-2433.08094697987
"OPTOTRAK _ P82 _ Right _ 3",261.237506855939,-229.366221126195,-2417.89173208769,298.536955502691,-213.236789527153,-2435.70891223488
"OPTOTRAK _ P82 _ Right _ 3",259.55188115468,-230.994040478781,-2418.9005421343,300.541843669137,-213.462856479443,-2437.26841501529
"OPTOTRAK _ P82 _ Right _ 3",258.921247962273,-231.738199775333,-2419.22640941564,300.575813087218,-213.617979146169,-2437.25739702832
"OPTOTRAK _ P82 _ Right _ 3",259.501991318826,-231.426531507082,-2418.79430732078,298.618850972748,-213.672880924099,-2435.58847032579
"OPTOTRAK _ P82 _ Right _ 3",261.154794749141,-230.163062399218,-2417.73530926414,295.184037044305,-213.651025461827,-2432.62349006623
"OPTOTRAK _ P82 _ Right _ 3",263.487150122029,-228.295444872731,-2416.34920086674,291.171049855681,-213.619722460997,-2429.08397777496
"OPTOTRAK _ P82 _ Right _ 3",265.961136225973,-226.318837840686,-2415.02350578144,287.615669738227,-213.669878063022,-2425.86268061822
"OPTOTRAK _ P82 _ Right _ 3",268.031418746752,-224.7443603512,-2414.12989504908,285.41336573167,-213.887942434323,-2423.79071096869
"OPTOTRAK _ P82 _ Right _ 3",269.276314912982,-223.96850642535,-2413.92611954066,285.093987362956,-214.32686116422,-2423.42447202101
"OPTOTRAK _ P82 _ Right _ 3",269.49339432668,-224.177162258473,-2414.49059932491,286.700181732692,-214.98528717233,-2424.90623736871
"OPTOTRAK _ P82 _ Right _ 3",268.742191954879,-225.306411467217,-2415.70684122964,289.790260500051,-215.802912484614,-2427.92966414028
"OPTOTRAK _ P82 _ Right _ 3",267.325892939692,-227.06666373386,-2417.29951411395,293.558236835989,-216.673841306615,-2431.81568426888
"OPTOTRAK _ P82 _ Right _ 3",265.71317801408,-229.021329294126,-2418.90939124612,297.04188555809,-217.472598137091,-2435.68021245853
"OPTOTRAK _ P82 _ Right _ 3",264.414393385549,-230.699359038938,-2420.18544561376,299.371694612274,-218.083273420042,-2438.65472432155
"OPTOTRAK _ P82 _ Right _ 3",263.841881080256,-231.71389919119,-2420.87059737641,299.999894483704,-218.423535640539,-2440.10599910648
"OPTOTRAK _ P82 _ Right _ 3",264.195113651367,-231.857778864068,-2420.86133514506,298.845998412411,-218.459554512012,-2439.79674206205
"OPTOTRAK _ P82 _ Right _ 3",265.407931580625,-231.151366743233,-2420.22819186735,296.312287852067,-218.21122176171,-2437.94007161734
"OPTOTRAK _ P82 _ Right _ 3",267.17515570836,-229.829785479375,-2419.1923597091,293.160505869352,-217.747699321811,-2435.12950162553
"OPTOTRAK _ P82 _ Right _ 3",269.047665276344,-228.272692947981,-2418.06327659064,290.286773925058,-217.173044439546,-2432.16449307306
"OPTOTRAK _ P82 _ Right _ 3",270.563079960128,-226.896236906716,-2417.15226266218,288.464763662642,-216.603083099611,-2429.82468269215
"OPTOTRAK _ P82 _ Right _ 3",271.372783491908,-226.037782652297,-2416.68567046103,288.133455599148,-216.138245841717,-2428.65970150429
"OPTOTRAK _ P82 _ Right _ 3",271.333241501169,-225.8658445032,-2416.74329827353,289.286841192673,-215.840286616808,-2428.852611736
"OPTOTRAK _ P82 _ Right _ 3",270.541811396277,-226.340009438308,-2417.24117062711,291.490798175531,-215.720492617268,-2430.19043556729
"OPTOTRAK _ P82 _ Right _ 3",269.308859718274,-227.231283629531,-2417.96377636677,294.01882793115,-215.742484822104,-2432.14514358304
"OPTOTRAK _ P82 _ Right _ 3",268.070102540826,-228.196516399335,-2418.63503530805,296.069263288259,-215.836916050523,-2434.04014161507
"OPTOTRAK _ P82 _ Right _ 3",267.258565276214,-228.88562489003,-2419.00571378976,297.004711132419,-215.922205848109,-2435.25523722696
"OPTOTRAK _ P82 _ Right _ 3",267.171733218529,-229.050712673605,-2418.93105335955,296.544521267511,-215.926014787128,-2435.41146437186
"OPTOTRAK _ P82 _ Right _ 3",267.876811668578,-228.624533978828,-2418.41597082131,294.850032222046,-215.803919257554,-2434.48063514619
"OPTOTRAK _ P82 _ Right _ 3",269.186919459788,-227.743622731353,-2417.61439327993,292.47342818294,-215.55190342826,-2432.78554718904
"OPTOTRAK _ P82 _ Right _ 3",270.71560247148,-226.707622584851,-2416.78187105444,290.185824663108,-215.208401733241,-2430.89119471244
"OPTOTRAK _ P82 _ Right _ 3",271.989581102149,-225.886187651717,-2416.19432462951,288.739979888378,-214.842857236276,-2429.42284555249
"OPTOTRAK _ P82 _ Right _ 3",272.583737958248,-225.601575738044,-2416.05742625178,288.641152326317,-214.532665067416,-2428.86907049405
"OPTOTRAK _ P82 _ Right _ 3",272.241249771995,-226.02310535564,-2416.43616834864,289.992498623151,-214.336446060839,-2429.42937052537
"OPTOTRAK _ P82 _ Right _ 3",270.949268186552,-227.106494391932,-2417.22892180268,292.456998025568,-214.274297692124,-2430.94972136535
"OPTOTRAK _ P82 _ Right _ 3",268.950494114767,-228.597794398192,-2418.19529613443,295.346215544845,-214.322630584877,-2432.96324490977
"OPTOTRAK _ P82 _ Right _ 3",266.683346785505,-230.102266009655,-2419.02829219922,297.813689256439,-214.42439393451,-2434.8249003249
"OPTOTRAK _ P82 _ Right _ 3",264.661082566282,-231.19893627353,-2419.44674330635,299.101783499311,-214.509383459892,-2435.90390756964
"OPTOTRAK _ P82 _ Right _ 3",263.321360526983,-231.567464444857,-2419.2793078131,298.771628074692,-214.517014842695,-2435.78000454091
"OPTOTRAK _ P82 _ Right _ 3",262.893109573566,-231.089373831405,-2418.51628342504,296.844593725041,-214.415130225383,-2434.38450475304
"OPTOTRAK _ P82 _ Right _ 3",263.326408470962,-229.892225728395,-2417.31620470558,293.806545759386,-214.210774322397,-2432.03902246008
"OPTOTRAK _ P82 _ Right _ 3",264.310660843832,-228.321532405379,-2415.96624133329,290.469260584194,-213.950831719796,-2429.37402454457
"OPTOTRAK _ P82 _ Right _ 3",265.375273552928,-226.846739001206,-2414.80667691356,287.731361747114,-213.712104402931,-2427.14825927657
"OPTOTRAK _ P82 _ Right _ 3",266.039586640215,-225.927931541478,-2414.13933755488,286.313784212403,-213.582733940648,-2426.02389358324
"OPTOTRAK _ P82 _ Right _ 3",265.965176504548,-225.882511710642,-2414.14575760907,286.549769943217,-213.63988169835,-2426.3670272308
"OPTOTRAK _ P82 _ Right _ 3",265.065169469976,-226.791756017462,-2414.83968003192,288.288923146928,-213.930527217326,-2428.13442005634
"OPTOTRAK _ P82 _ Right _ 3",263.537540307577,-228.475626862024,-2416.06832421517,290.940728561414,-214.460889850385,-2430.88033498249
"OPTOTRAK _ P82 _ Right _ 3",261.808860367771,-230.543987929118,-2417.56067529708,293.646218120746,-215.195612423072,-2433.88249954528
"OPTOTRAK _ P82 _ Right _ 3",260.400107389479,-232.509618724618,-2419.00590104109,295.532810875114,-216.06399518591,-2436.35242020411
"OPTOTRAK _ P82 _ Right _ 3",259.75311369279,-233.929748123679,-2420.13726011049,295.98116021293,-216.970375669539,-2437.66984466866
"OPTOTRAK _ P82 _ Right _ 3",260.07505659802,-234.53367935899,-2420.79809586514,294.822593061909,-217.80823490132,-2437.57098235491
"OPTOTRAK _ P82 _ Right _ 3",261.257105866645,-234.297680938769,-2420.97377896673,292.40134102276,-218.478772173142,-2436.23096767607
"OPTOTRAK _ P82 _ Right _ 3",262.898207890095,-233.444449691005,-2420.78304395101,289.47805776462,-218.912209998332,-2434.21292467565
"OPTOTRAK _ P82 _ Right _ 3",264.426484384925,-232.368330888467,-2420.43231094224,287.004767607961,-219.086011842283,-2432.29899897764
"OPTOTRAK _ P82 _ Right _ 3",265.277323152162,-231.510748810609,-2420.14657992049,285.842522955398,-219.032769906296,-2431.25626356519
"OPTOTRAK _ P82 _ Right _ 3",265.072102601915,-231.224773821182,-2420.09803204683,286.506052306112,-218.833775730129,-2431.60851269532
"OPTOTRAK _ P82 _ Right _ 3",263.745255527729,-231.669287438958,-2420.35470950687,289.005911644782,-218.599889940639,-2433.47974140859
"OPTOTRAK _ P82 _ Right _ 3",261.582966448151,-232.762772895261,-2420.86457202716,292.829629194867,-218.445119463734,-2436.55209463709
"OPTOTRAK _ P82 _ Right _ 3",259.158697073315,-234.208731807161,-2421.47752969461,297.068763474525,-218.458883331927,-2440.1491517946
"OPTOTRAK _ P82 _ Right _ 3",257.177630802787,-235.584454285913,-2421.99574068741,300.662572294056,-218.682625617681,-2443.42225698451
"OPTOTRAK _ P82 _ Right _ 3",256.271244516001,-236.467171382637,-2422.23554969476,302.694778652162,-219.097196663596,-2445.58943399217
"OPTOTRAK _ P82 _ Right _ 3",256.804962444845,-236.560665415625,-2422.08389820335,302.657446414639,-219.627376862627,-2446.159622122
"OPTOTRAK _ P82 _ Right _ 3",258.763262977974,-235.784750979188,-2421.5354765547,300.598725123716,-220.165610162499,-2445.07578975884
"OPTOTRAK _ P82 _ Right _ 3",261.75204453914,-234.301101741066,-2420.70166194962,297.105386805131,-220.608787497502,-2442.73195096954
"OPTOTRAK _ P82 _ Right _ 3",265.116371080108,-232.468805297101,-2419.78784666238,293.126453618984,-220.894845190421,-2439.85724030015
"OPTOTRAK _ P82 _ Right _ 3",268.131963191192,-230.744695644918,-2419.04302659162,289.697363225874,-221.024982856375,-2437.30273042407
"OPTOTRAK _ P82 _ Right _ 3",270.207889576541,-229.55908457543,-2418.69401370265,287.652364877633,-221.062998822828,-2435.79714030129
"OPTOTRAK _ P82 _ Right _ 3",271.040883067909,-229.202417754361,-2418.88301434,287.407962805621,-221.112187848144,-2435.74431689689
"OPTOTRAK _ P82 _ Right _ 3",270.681668821342,-229.752858792998,-2419.62762453073,288.87115501587,-221.278096606174,-2437.11856382229
"OPTOTRAK _ P82 _ Right _ 3",269.49977746989,-231.062372350435,-2420.81551135301,291.489082554158,-221.629332792891,-2439.48329479026
"OPTOTRAK _ P82 _ Right _ 3",268.058630450982,-232.80359473167,-2422.23500764854,294.422304202873,-222.168365448315,-2442.12489115095
"OPTOTRAK _ P82 _ Right _ 3",266.935373833524,-234.564626995247,-2423.63209664562,296.794898537565,-222.821482935353,-2444.26384273103
"OPTOTRAK _ P82 _ Right _ 3",266.53780029214,-235.966159191224,-2424.77735294356,297.952753713646,-223.452897870712,-2445.283849519
"OPTOTRAK _ P82 _ Right _ 3",266.976788033826,-236.767922753293,-2425.52456652087,297.654026573569,-223.901896424912,-2444.9120828027
"OPTOTRAK _ P82 _ Right _ 3",268.0388135843,-236.932765696853,-2425.84537912237,296.13204515567,-224.033882660859,-2443.2956499919
"OPTOTRAK _ P82 _ Right _ 3",269.269341134953,-236.628185685758,-2425.83023314954,294.011016441642,-223.789007217937,-2440.95049871191
"OPTOTRAK _ P82 _ Right _ 3",270.137420308748,-236.164149508116,-2425.65452360045,292.103889451337,-223.210300027635,-2438.59997538754
"OPTOTRAK _ P82 _ Right _ 3",270.223533807462,-235.885977555127,-2425.51883964496,291.157964865365,-222.439111950661,-2436.95486597335
"OPTOTRAK _ P82 _ Right _ 3",269.367958723256,-236.05521477304,-2425.58081483541,291.624541339253,-221.677072729422,-2436.50193966659
"OPTOTRAK _ P82 _ Right _ 3",267.733485468356,-236.755559930688,-2425.89973248411,293.516612338297,-221.125608098445,-2437.36136417998
"OPTOTRAK _ P82 _ Right _ 3",265.764323718979,-237.854008548383,-2426.4114879636,296.393229478661,-220.921588497096,-2439.25121705879
"OPTOTRAK _ P82 _ Right _ 3",264.053390315054,-239.031057260081,-2426.94189726503,299.4772467268,-221.089045979058,-2441.56774431407
"OPTOTRAK _ P82 _ Right _ 3",263.157239357985,-239.872506284514,-2427.25459227981,301.877783926215,-221.522974740069,-2443.55932661618
"OPTOTRAK _ P82 _ Right _ 3",263.415947772406,-239.995669310157,-2427.1201727711,302.856211269033,-222.013340982092,-2444.54626242883
"OPTOTRAK _ P82 _ Right _ 3",264.837040225371,-239.171425977311,-2426.38812375341,302.056577170214,-222.306196669991,-2444.12414606015
"OPTOTRAK _ P82 _ Right _ 3",267.083634574942,-237.404589644136,-2425.04212656166,299.628748518815,-222.185944885267,-2442.29132942304
"OPTOTRAK _ P82 _ Right _ 3",269.57185258931,-234.947975050392,-2423.22220818826,296.20546011331,-221.552879797783,-2439.46194921404
"OPTOTRAK _ P82 _ Right _ 3",271.644827770342,-232.245611447906,-2421.20408584664,292.740569284745,-220.468659530944,-2436.35998628556
"OPTOTRAK _ P82 _ Right _ 3",272.766317100412,-229.821157802748,-2419.33738435693,290.2564916282,-219.15178081976,-2433.82539120044
"OPTOTRAK _ P82 _ Right _ 3",272.674854795732,-228.142891890185,-2417.95799664449,289.570506271744,-217.922350904354,-2432.58776750121
"OPTOTRAK _ P82 _ Right _ 3",271.456695787743,-227.502987772426,-2417.30047974546,291.070501042002,-217.113327665073,-2433.06948594561
"OPTOTRAK _ P82 _ Right _ 3",269.521768914929,-227.944769791336,-2417.43820804906,294.596770167855,-216.9764684706,-2435.26965636244
"OPTOTRAK _ P82 _ Right _ 3",267.491563643091,-229.258112451076,-2418.26983882593,299.462802006135,-217.611592221566,-2438.75858647942
"OPTOTRAK _ P82 _ Right _ 3",266.027351262769,-231.04363697304,-2419.55427180796,304.616182700145,-218.938695880455,-2442.78464009357
"OPTOTRAK _ P82 _ Right _ 3",265.64139899699,-232.826573062183,-2420.98046075991,308.903888701506,-220.718774805442,-2446.46695319536
"OPTOTRAK _ P82 _ Right _ 3",266.541572838852,-234.187243187576,-2422.24971165386,311.373378519286,-222.615751318012,-2449.02432768037
"OPTOTRAK _ P82 _ Right _ 3",268.556336368049,-234.871231834272,-2423.14797226742,311.524757009802,-224.281623554956,-2449.97897348887
"OPTOTRAK _ P82 _ Right _ 3",271.168500183603,-234.84917692622,-2423.59118775959,309.439340833038,-225.441431842314,-2449.27805010311
"OPTOTRAK _ P82 _ Right _ 3",273.65434986196,-234.311267910548,-2423.63457975888,305.745864740072,-225.955448109499,-2447.29719027543
"OPTOTRAK _ P82 _ Right _ 3",275.290310864962,-233.600362015709,-2423.44526995426,301.435464413645,-225.843629692762,-2444.72419830688
"OPTOTRAK _ P82 _ Right _ 3",275.565875407613,-233.104851576437,-2423.24676882165,297.582100463279,-225.26934367337,-2442.35760669355
"OPTOTRAK _ P82 _ Right _ 3",274.338644391272,-233.143320837046,-2423.25195222694,295.05054802042,-224.490790044018,-2440.8804032167
"OPTOTRAK _ P82 _ Right _ 3",271.885373784875,-233.874560770221,-2423.60485833772,294.273395544879,-223.795429807018,-2440.67472533948
"OPTOTRAK _ P82 _ Right _ 3",268.834058007322,-235.258103360221,-2424.34810608267,295.155659133399,-223.43401638796,-2441.72856102694
"OPTOTRAK _ P82 _ Right _ 3",265.995842152657,-237.074473967117,-2425.42274492774,297.129432331924,-223.567972488231,-2443.65758993688
"OPTOTRAK _ P82 _ Right _ 3",264.143468805254,-238.99587093731,-2426.69573766704,299.339968222224,-224.239312915472,-2445.83276288277
"OPTOTRAK _ P82 _ Right _ 3",263.798927307063,-240.683187891155,-2428.0026856107,300.907155413916,-225.367841273062,-2447.57444108668
"OPTOTRAK _ P82 _ Right _ 3",265.09174084778,-241.879144390879,-2429.19205993782,301.183630529166,-226.77570480539,-2448.35450864761
"OPTOTRAK _ P82 _ Right _ 3",267.728296645137,-242.471255413122,-2430.16003093276,299.933862034184,-228.233474862842,-2447.94636882047
"OPTOTRAK _ P82 _ Right _ 3",271.07663214353,-242.509967299414,-2430.86877707828,297.38902288103,-229.515569843071,-2446.48184847152
"OPTOTRAK _ P82 _ Right _ 3",274.333981491981,-242.181572236606,-2431.3449056927,294.176394778295,-230.449393560334,-2444.40671306956
"OPTOTRAK _ P82 _ Right _ 3",276.722546184779,-241.747528662772,-2431.65923729104,291.157557095881,-230.94497655005,-2442.35779855913
"OPTOTRAK _ P82 _ Right _ 3",277.660385798256,-241.468612979352,-2431.89465881933,289.223453871735,-230.999737479775,-2441.00166042782
"OPTOTRAK _ P82 _ Right _ 3",276.873263727704,-241.533523702347,-2432.11281297323,289.090357072449,-230.68227849181,-2440.87489931883
"OPTOTRAK _ P82 _ Right _ 3",274.435924589925,-242.008439963507,-2432.33056013898,291.131424832922,-230.105076332448,-2442.25727220915
"OPTOTRAK _ P82 _ Right _ 3",270.746908170378,-242.818242781169,-2432.51307677313,295.271975061595,-229.39616341616,-2445.09846725145
"OPTOTRAK _ P82 _ Right _ 3",266.448124628628,-243.762916170235,-2432.58426543907,300.971306886596,-228.675980159446,-2449.01088533439
"OPTOTRAK _ P82 _ Right _ 3",262.304034201406,-244.565053137923,-2432.44982959653,307.303872409034,-228.041393121582,-2453.33219458691
"OPTOTRAK _ P82 _ Right _ 3",259.059865466271,-244.937519216714,-2432.02584049596,313.134097384766,-227.557102099706,-2457.25035352036
"OPTOTRAK _ P82 _ Right _ 3",257.303355631654,-244.655549109217,-2431.26585053209,317.354789635953,-227.254631188753,-2459.97039091142
"OPTOTRAK _ P82 _ Right _ 3",257.355989916971,-243.616137529526,-2430.18108832106,319.137267658025,-227.138212923925,-2460.88992894927
"OPTOTRAK _ P82 _ Right _ 3",259.214904467189,-241.870156887864,-2428.84958259433,318.131480625028,-227.194204202514,-2459.74385529223
"OPTOTRAK _ P82 _ Right _ 3",262.556502904118,-239.618911809946,-2427.41114363002,314.561697997428,-227.398492866381,-2456.68098505164
"OPTOTRAK _ P82 _ Right _ 3",266.800473927466,-237.175632619912,-2426.04708535077,309.18727165455,-227.717694817835,-2452.24824795434
"OPTOTRAK _ P82 _ Right _ 3",271.220858484653,-234.901589436875,-2424.9471420602,303.133189133545,-228.104955513485,-2447.27989100681
"OPTOTRAK _ P82 _ Right _ 3",275.081230718056,-233.133170023034,-2424.27039162426,297.631976608178,-228.496333405465,-2442.71560321958
"OPTOTRAK _ P82 _ Right _ 3",277.766772643132,-232.117741614425,-2424.11007407828,293.743937950956,-228.814874185161,-2439.39291960181
"OPTOTRAK _ P82 _ Right _ 3",278.889099625284,-231.971767052684,-2424.47209491612,292.126070593768,-228.985484071084,-2437.86593077423
"OPTOTRAK _ P82 _ Right _ 3",278.348229313347,-232.666776846597,-2425.27328219635,292.90126869244,-228.957143498071,-2438.29171546523
"OPTOTRAK _ P82 _ Right _ 3",276.344777439219,-234.041340147841,-2426.35953169993,295.650037631665,-228.72358645463,-2440.40532444811
"OPTOTRAK _ P82 _ Right _ 3",273.340752189752,-235.833045359964,-2427.53831291061,299.519875372383,-228.331981681645,-2443.58387833137
"OPTOTRAK _ P82 _ Right _ 3",269.971067620772,-237.723939959753,-2428.61674567968,303.427471937634,-227.872593995873,-2446.98528950783
"OPTOTRAK _ P82 _ Right _ 3",266.915090033226,-239.39384241908,-2429.43637548673,306.313101300654,-227.450285156008,-2449.73562110142
"OPTOTRAK _ P82 _ Right _ 3",264.750142886374,-240.575896812865,-2429.89827490701,307.392917668508,-227.147803811759,-2451.12844395718
"OPTOTRAK _ P82 _ Right _ 3",263.821741690731,-241.106697469845,-2429.97566305901,306.348050221357,-226.995962538233,-2450.79143026639
"OPTOTRAK _ P82 _ Right _ 3",264.168522317198,-240.960760197216,-2429.71413914729,303.398474073461,-226.963447637344,-2448.77625756955
"OPTOTRAK _ P82 _ Right _ 3",265.526873389324,-240.259015488255,-2429.22088088651,299.238685090713,-226.97044295909,-2445.54359927932
"OPTOTRAK _ P82 _ Right _ 3",267.414759922976,-239.245286211113,-2428.64417663258,294.853198811811,-226.920463122558,-2441.84408393549
"OPTOTRAK _ P82 _ Right _ 3",269.268271876056,-238.232532516424,-2428.14485548954,291.265581539068,-226.738228032889,-2438.5277301711
"OPTOTRAK _ P82 _ Right _ 3",270.590039419992,-237.52901133623,-2427.8625806295,289.289738915115,-226.399756768909,-2436.33437517919
"OPTOTRAK _ P82 _ Right _ 3",271.069701674621,-237.360529026966,-2427.88223623873,289.343217335932,-225.943878064272,-2435.71862244687
"OPTOTRAK _ P82 _ Right _ 3",270.64846736599,-237.807345338556,-2428.20752394424,291.358811042336,-225.460729839272,-2436.74848908855
"OPTOTRAK _ P82 _ Right _ 3",269.515480243225,-238.772862703228,-2428.74933952613,294.805953095584,-225.060403128257,-2439.09649600439
"OPTOTRAK _ P82 _ Right _ 3",268.039499270382,-239.995865872738,-2429.33499888298,298.813744594882,-224.831589727634,-2442.12201989904
"OPTOTRAK _ P82 _ Right _ 3",266.654796573182,-241.108456810423,-2429.74063001037,302.371296129681,-224.804467071688,-2445.02595634752
"OPTOTRAK _ P82 _ Right _ 3",265.73351654248,-241.728933173823,-2429.74317746724,304.565170773417,-224.932578038623,-2447.0434979666
"OPTOTRAK _ P82 _ Right _ 3",265.482884746449,-241.566394131019,-2429.18167222573,304.800521172706,-225.103460023067,-2447.63055240818
"OPTOTRAK _ P82 _ Right _ 3",265.899256415525,-240.507193780657,-2428.0119381352,302.949662852689,-225.177392074999,-2446.59791941164
"OPTOTRAK _ P82 _ Right _ 3",266.792069425346,-238.656228441789,-2426.33715808959,299.385709381466,-225.04156715759,-2444.15750146901
"OPTOTRAK _ P82 _ Right _ 3",267.866187144626,-236.3182526572,-2424.40045048159,294.8886145019,-224.659070454089,-2440.86608589611
"OPTOTRAK _ P82 _ Right _ 3",268.830946123466,-233.922238066055,-2422.53519400981,290.447377900662,-224.092530273173,-2437.4800827628
"OPTOTRAK _ P82 _ Right _ 3",269.496780335288,-231.909552008924,-2421.08252565546,287.011782041542,-223.491511984377,-2434.76040972938
"OPTOTRAK _ P82 _ Right _ 3",269.82824738062,-230.618526515533,-2420.29882071312,285.259110523746,-223.046945246643,-2433.28078351085
"OPTOTRAK _ P82 _ Right _ 3",269.940832588699,-230.199550024404,-2420.28290485992,285.434015549351,-222.928901833767,-2433.29002117712
"OPTOTRAK _ P82 _ Right _ 3",270.048411208583,-230.585302860718,-2420.94841681553,287.299132779293,-223.22996170414,-2434.66216320685
"OPTOTRAK _ P82 _ Right _ 3",270.380791050094,-231.523391747884,-2422.0514539298,290.207394588082,-223.932961987611,-2436.94431017522
"OPTOTRAK _ P82 _ Right _ 3",271.094998871084,-232.659515198248,-2423.26389478258,293.278690166216,-224.911845025396,-2439.48768687525
"OPTOTRAK _ P82 _ Right _ 3",272.203625554442,-233.644777147253,-2424.26757312236,295.637227735617,-225.963067795863,-2441.62716694256
"OPTOTRAK _ P82 _ Right _ 3",273.541367110866,-234.235004514691,-2424.83963184226,296.647458545376,-226.85693183548,-2442.86161295374
"OPTOTRAK _ P82 _ Right _ 3",274.784918776064,-234.353840906881,-2424.90496728491,296.083208200867,-227.394416246211,-2442.98540146611
"OPTOTRAK _ P82 _ Right _ 3",275.528018577687,-234.103087480119,-2424.54357248116,294.181674806867,-227.454852954479,-2442.1336301841
"OPTOTRAK _ P82 _ Right _ 3",275.394322456908,-233.719468019361,-2423.95401158819,291.567837379073,-227.022550313081,-2440.72886886765
"OPTOTRAK _ P82 _ Right _ 3",274.154708042244,-233.492215965538,-2423.38593466542,289.072882404612,-226.186303099547,-2439.34765090582
"OPTOTRAK _ P82 _ Right _ 3",271.811933783176,-233.666633814678,-2423.06249722018,287.49828513261,-225.11361347402,-2438.5480209421
"OPTOTRAK _ P82 _ Right _ 3",268.626087954717,-234.362388183806,-2423.11590054288,287.388784566197,-224.008507773875,-2438.70758004828
"OPTOTRAK _ P82 _ Right _ 3",265.07244754124,-235.530735055877,-2423.55448958528,288.874214625346,-223.065014701842,-2439.91516085729
"OPTOTRAK _ P82 _ Right _ 3",261.741264728961,-236.963106308297,-2424.26878758973,291.624576768526,-222.42699460341,-2441.94361799682
"OPTOTRAK _ P82 _ Right _ 3",259.202833470951,-238.34791425214,-2425.07082459992,294.935622954141,-222.161291481047,-2444.31072704582
"OPTOTRAK _ P82 _ Right _ 3",257.870499921055,-239.358098904861,-2425.7517846843,297.926330050701,-222.247986282396,-2446.41283232437
"OPTOTRAK _ P82 _ Right _ 3",257.897882153885,-239.743455373809,-2426.14047130891,299.793555007045,-222.589626738312,-2447.69534573665
"OPTOTRAK _ P82 _ Right _ 3",259.141381851291,-239.401280459527,-2426.14816058506,300.046137800759,-223.038997369575,-2447.81117296261
"OPTOTRAK _ P82 _ Right _ 3",261.203130569354,-238.405761910193,-2425.79061656473,298.642919660065,-223.440672553923,-2446.71870588238
"OPTOTRAK _ P82 _ Right _ 3",263.545524876718,-236.98847818209,-2425.18314137832,295.989813062536,-223.676352076485,-2444.68797122251
"OPTOTRAK _ P82 _ Right _ 3",265.644380082103,-235.47623346345,-2424.50971669664,292.799902297999,-223.700969282626,-2442.21317497881
"OPTOTRAK _ P82 _ Right _ 3",267.133342371409,-234.204584720433,-2423.97340205604,289.867368946859,-223.558023031154,-2439.86169562078
"OPTOTRAK _ P82 _ Right _ 3",267.89425952767,-233.432211372463,-2423.7412478507,287.83177701383,-223.368208085594,-2438.11039778889
"OPTOTRAK _ P82 _ Right _ 3",268.066295189528,-233.280375035784,-2423.90000365843,287.006409561798,-223.293158848529,-2437.22157917718
"OPTOTRAK _ P82 _ Right _ 3",267.973193710544,-233.713350017977,-2424.43608536401,287.318621171515,-223.483448106559,-2437.19413531041
"OPTOTRAK _ P82 _ Right _ 3",267.993429330681,-234.562839688011,-2425.24494304531,288.373458586281,-224.024844346041,-2437.7991283745
"OPTOTRAK _ P82 _ Right _ 3",268.415024388164,-235.58637568616,-2426.16490200111,289.614676967222,-224.898427725212,-2438.68233319895
"OPTOTRAK _ P82 _ Right _ 3",269.322184426476,-236.540539520841,-2427.0233184311,290.527913349338,-225.96838775873,-2439.49643989058
"OPTOTRAK _ P82 _ Right _ 3",270.552484197103,-237.247058076635,-2427.68088740732,290.817602758911,-227.005444907867,-2440.01754501773
"OPTOTRAK _ P82 _ Right _ 3",271.741122749407,-237.633749450796,-2428.06250908115,290.499136045281,-227.74338434721,-2440.20772735207
"OPTOTRAK _ P82 _ Right _ 3",272.438773569105,-237.741003554486,-2428.16811984515,289.878964383443,-227.953809153141,-2440.20627585187
"OPTOTRAK _ P82 _ Right _ 3",272.263943834213,-237.694710090424,-2428.06258742539,289.434552199748,-227.515866569172,-2440.25800873842
"OPTOTRAK _ P82 _ Right _ 3",271.040424719452,-237.655400551823,-2427.84917791796,289.636935390817,-226.458254799517,-2440.60713452597
"OPTOTRAK _ P82 _ Right _ 3",268.877324785589,-237.759248473033,-2427.63522320645,290.772940820692,-224.959854331037,-2441.39316743064
"OPTOTRAK _ P82 _ Right _ 3",266.16710963649,-238.068612133235,-2427.5001401038,292.822612340693,-223.308023892323,-2442.58218310264
"OPTOTRAK _ P82 _ Right _ 3",263.498870622876,-238.547283263936,-2427.47423029737,295.432625544537,-221.825188102711,-2443.95546312889
"OPTOTRAK _ P82 _ Right _ 3",261.506150871108,-239.068499201936,-2427.53271451565,297.999833297505,-220.782756114538,-2445.16103540223
"OPTOTRAK _ P82 _ Right _ 3",260.688798453726,-239.453650918524,-2427.60526267257,299.844654440619,-220.326012292193,-2445.81476186386
"OPTOTRAK _ P82 _ Right _ 3",261.261223661936,-239.529615991323,-2427.59819671699,300.421902630439,-220.432895021351,-2445.62120365632
"OPTOTRAK _ P82 _ Right _ 3",263.077331116933,-239.186416736052,-2427.42433997775,299.500208628976,-220.921561957618,-2444.47617241615
"OPTOTRAK _ P82 _ Right _ 3",265.661139637635,-238.416943900101,-2427.03343432006,297.249584557926,-221.506919772631,-2442.51672549295
"OPTOTRAK _ P82 _ Right _ 3",268.337077039953,-237.326650078333,-2426.4344489754,294.208091476536,-221.889684463717,-2440.10041806641
"OPTOTRAK _ P82 _ Right _ 3",270.419351746601,-236.110590736713,-2425.70150762149,291.139539437324,-221.849925685691,-2437.71864644896
"OPTOTRAK _ P82 _ Right _ 3",271.400930962636,-235.004317555241,-2424.95892649565,288.827093822546,-221.315376212441,-2435.86980002193
"OPTOTRAK _ P82 _ Right _ 3",271.086483225539,-234.221581484108,-2424.34756381343,287.861825625254,-220.3834776753,-2434.92867249791
"OPTOTRAK _ P82 _ Right _ 3",269.635195584665,-233.895101120975,-2423.98189684736,288.481507577225,-219.29131053613,-2435.04724953986
"OPTOTRAK _ P82 _ Right _ 3",267.506906554629,-234.036831118713,-2423.91174709908,290.500353528984,-218.3434016859,-2436.11225131326
"OPTOTRAK _ P82 _ Right _ 3",265.329085831944,-234.530556535392,-2424.10203569555,293.349699426752,-217.819090549689,-2437.77087505971
"OPTOTRAK _ P82 _ Right _ 3",263.719872807918,-235.161584911683,-2424.43825902914,296.223791613264,-217.886387152703,-2439.5201149444
"OPTOTRAK _ P82 _ Right _ 3",263.113528253072,-235.677110174682,-2424.75691039918,298.296185017911,-218.547679750386,-2440.83866544836
"OPTOTRAK _ P82 _ Right _ 3",263.636823390648,-235.860350966261,-2424.89231725684,298.948412213888,-219.63440594631,-2441.32747243519
"OPTOTRAK _ P82 _ Right _ 3",265.073770084971,-235.596277263982,-2424.72668804065,297.944259828373,-220.8538130127,-2440.82019861211
"OPTOTRAK _ P82 _ Right _ 3",266.931057867589,-234.908836076234,-2424.22900071106,295.496961175912,-221.87439918916,-2439.43131553405
"OPTOTRAK _ P82 _ Right _ 3",268.584764974565,-233.957949637997,-2423.47039467671,292.209724361501,-222.423281209999,-2437.526636212
"OPTOTRAK _ P82 _ Right _ 3",269.462981719033,-232.996031614943,-2422.60907177931,288.909258144051,-222.364386748731,-2435.6238036187
"OPTOTRAK _ P82 _ Right _ 3",269.209688047603,-232.295135351867,-2421.8463609997,286.421792650425,-221.733378427946,-2434.25049949726
"OPTOTRAK _ P82 _ Right _ 3",267.78482273588,-232.064682308281,-2421.36579703724,285.352840142646,-220.720704360214,-2433.79913990763
"OPTOTRAK _ P82 _ Right _ 3",265.477164878135,-232.383907844107,-2421.27477130258,285.92691920952,-219.611430238807,-2434.41669934376
"OPTOTRAK _ P82 _ Right _ 3",262.830479206663,-233.170690766857,-2421.56905913687,287.927482038538,-218.702748824802,-2435.9591249581
"OPTOTRAK _ P82 _ Right _ 3",260.50308529504,-234.198620692687,-2422.13277134743,290.754116438373,-218.223984174561,-2438.02417076698
"OPTOTRAK _ P82 _ Right _ 3",259.09538050665,-235.159333139047,-2422.77342579369,293.585556502907,-218.280445468354,-2440.0567635651
"OPTOTRAK _ P82 _ Right _ 3",258.988629430916,-235.752490308435,-2423.28020093873,295.607447167099,-218.834539332612,-2441.5009612435
"OPTOTRAK _ P82 _ Right _ 3",260.238673471776,-235.776808367783,-2423.48757004493,296.241908482139,-219.727423660781,-2441.95763479557
"OPTOTRAK _ P82 _ Right _ 3",262.556270550436,-235.195197018214,-2423.32663874472,295.311676094076,-220.733628718461,-2441.30264816921
"OPTOTRAK _ P82 _ Right _ 3",265.381766224683,-234.1548319444,-2422.85030520056,293.089919070502,-221.631587053673,-2439.72973263787
"OPTOTRAK _ P82 _ Right _ 3",268.032910086138,-232.955766039504,-2422.22429249109,290.222655767333,-222.268125709759,-2437.70408833526
"OPTOTRAK _ P82 _ Right _ 3",269.882350305052,-231.975633255765,-2421.68423743973,287.549644659055,-222.597225167765,-2435.83977868586
"OPTOTRAK _ P82 _ Right _ 3",270.514760538917,-231.569678864143,-2421.46895667208,285.876392284905,-222.682494204874,-2434.73582246643
"OPTOTRAK _ P82 _ Right _ 3",269.823753770812,-231.972211622496,-2421.7488754833,285.757754017407,-222.66547458372,-2434.81523116043
"OPTOTRAK _ P82 _ Right _ 3",268.028811380452,-233.225958779789,-2422.57188392335,287.345991957727,-222.712963819941,-2436.20775029741
"OPTOTRAK _ P82 _ Right _ 3",265.613224618271,-235.15920234071,-2423.84374458032,290.339823941418,-222.961637086751,-2438.70496258329
"OPTOTRAK _ P82 _ Right _ 3",263.200297190504,-237.418255489447,-2425.34831551361,294.049330018013,-223.476226349265,-2441.79975921002
"OPTOTRAK _ P82 _ Right _ 3",261.396699353898,-239.54808768771,-2426.79996690388,297.565255097517,-224.23096445439,-2444.80330704906
"OPTOTRAK _ P82 _ Right _ 3",260.639751682703,-241.101051754447,-2427.91240091571,299.993190079188,-225.116733755675,-2447.01368073
"OPTOTRAK _ P82 _ Right _ 3",261.087335387052,-241.746313289061,-2428.46647170183,300.691143044704,-225.970456469032,-2447.89502484212
"OPTOTRAK _ P82 _ Right _ 3",262.580882062391,-241.352415908714,-2428.36226417244,299.443248014599,-226.618708007808,-2447.21978430703
"OPTOTRAK _ P82 _ Right _ 3",264.692402836753,-240.022142330793,-2427.64455623816,296.518855262067,-226.924127314132,-2445.13370284937
"OPTOTRAK _ P82 _ Right _ 3",266.841312362532,-238.070655911079,-2426.49509930798,292.601113154475,-226.821934565992,-2442.12397883354
"OPTOTRAK _ P82 _ Right _ 3",268.446076722531,-235.95195327389,-2425.19123602616,288.608717335289,-226.336153583303,-2438.89887173512
"OPTOTRAK _ P82 _ Right _ 3",269.068133819175,-234.151494882492,-2424.0388811539,285.463080201096,-225.571194442715,-2436.2119658364
"OPTOTRAK _ P82 _ Right _ 3",268.512757911687,-233.071326872644,-2423.29665284237,283.86244286073,-224.682583980185,-2434.67774109719
"OPTOTRAK _ P82 _ Right _ 3",266.867688542187,-232.935954488504,-2423.11262279317,284.116480478084,-223.837505253464,-2434.62452601266
"OPTOTRAK _ P82 _ Right _ 3",264.476836956419,-233.742154242031,-2423.49224730108,286.077296203231,-223.177912368511,-2436.01926547588
"OPTOTRAK _ P82 _ Right _ 3",261.858201457006,-235.265021589752,-2424.30585616296,289.181458774373,-222.795276238259,-2438.48074898466
"OPTOTRAK _ P82 _ Right _ 3",259.583157530347,-237.118500111382,-2425.3311207197,292.594958987784,-222.719425941163,-2441.37800974969
"OPTOTRAK _ P82 _ Right _ 3",258.141780528284,-238.854874953395,-2426.31601655448,295.429226111548,-222.919287304803,-2443.99112365089
"OPTOTRAK _ P82 _ Right _ 3",257.82567085334,-240.077661410789,-2427.0442590745,296.974969182729,-223.312920733518,-2445.69518175614
"OPTOTRAK _ P82 _ Right _ 3",258.660675586617,-240.53866920601,-2427.38733877918,296.889408517453,-223.78596536477,-2446.11895510392
"OPTOTRAK _ P82 _ Right _ 3",260.411301219177,-240.194072213422,-2427.33217305114,295.280436318708,-224.217492118298,-2445.23308996993
"OPTOTRAK _ P82 _ Right _ 3",262.65700582012,-239.205312505431,-2426.97876366892,292.66094767036,-224.509128942625,-2443.34143338456
"OPTOTRAK _ P82 _ Right _ 3",264.91641955094,-237.885637711627,-2426.50791870307,289.788666913123,-224.609675925531,-2440.97911660614
"OPTOTRAK _ P82 _ Right _ 3",266.780191704277,-236.607688072646,-2426.12579071018,287.443559072793,-224.526691731821,-2438.75088783931
"OPTOTRAK _ P82 _ Right _ 3",268.013120704297,-235.697804673887,-2425.99914135726,286.211296398934,-224.320096201677,-2437.16041577216
"OPTOTRAK _ P82 _ Right _ 3",268.599503436797,-235.346172829055,-2426.20021193888,286.33370166557,-224.079365215341,-2436.48022497745
"OPTOTRAK _ P82 _ Right _ 3",268.724548883689,-235.557821550095,-2426.6795827089,287.663035995722,-223.892186249988,-2436.6959382543
"OPTOTRAK _ P82 _ Right _ 3",268.701875097203,-236.158606122752,-2427.27799146483,289.72700484628,-223.815344700837,-2437.53539054135
"OPTOTRAK _ P82 _ Right _ 3",268.869258210283,-236.854874500172,-2427.77559352536,291.882611359354,-223.857227595479,-2438.56976231043
"OPTOTRAK _ P82 _ Right _ 3",269.481643859337,-237.329506804268,-2427.96415145095,293.513619093777,-223.977195028079,-2439.35474127249
"OPTOTRAK _ P82 _ Right _ 3",270.631312024637,-237.345395498111,-2427.71920484731,294.213471499082,-224.101969459936,-2439.56886438628
"OPTOTRAK _ P82 _ Right _ 3",272.217990580998,-236.824474445838,-2427.04848920191,293.899418804621,-224.153810377342,-2439.10751931781
"OPTOTRAK _ P82 _ Right _ 3",273.976379637192,-235.877623192092,-2426.0998206569,292.826184101191,-224.08044235192,-2438.10592725511
"OPTOTRAK _ P82 _ Right _ 3",275.549907912348,-234.775912850093,-2425.12400917331,291.500631409119,-223.87490253933,-2436.88830762027
"OPTOTRAK _ P82 _ Right _ 3",276.586075337508,-233.871621181101,-2424.40253851661,290.527968729471,-223.577029035791,-2435.86359264201
"OPTOTRAK _ P82 _ Right _ 3",276.826081316062,-233.492527351972,-2424.16164531246,290.434788933422,-223.256449363009,-2435.40142723224
"OPTOTRAK _ P82 _ Right _ 3",276.168044194362,-233.84084491835,-2424.49992468285,291.514790779307,-222.985296471232,-2435.72317175226
"OPTOTRAK _ P82 _ Right _ 3",274.692703335037,-234.926634885345,-2425.35291656846,293.734774837617,-222.812662975175,-2436.83471029718
"OPTOTRAK _ P82 _ Right _ 3",272.648218055098,-236.555161378216,-2426.50586511233,296.724957101377,-222.750279747753,-2438.51586692674
"OPTOTRAK _ P82 _ Right _ 3",270.396622077405,-238.371662914813,-2427.64971147694,299.859322729356,-222.772424253094,-2440.36825012467
"OPTOTRAK _ P82 _ Right _ 3",268.331622021537,-239.95049771409,-2428.46211247065,302.409669274558,-222.827012527158,-2441.91078114241
"OPTOTRAK _ P82 _ Right _ 3",266.786456127158,-240.903530168455,-2428.68968228796,303.735131096918,-222.852280433093,-2442.70082512492
"OPTOTRAK _ P82 _ Right _ 3",265.957196911388,-240.978032597157,-2428.21013410022,303.454346567356,-222.794221676879,-2442.45038784934
"OPTOTRAK _ P82 _ Right _ 3",265.865038007662,-240.117979740494,-2427.06046206577,301.547869966745,-222.621577289472,-2441.10459919879
"OPTOTRAK _ P82 _ Right _ 3",266.368719001731,-238.473128993088,-2425.42618281098,298.357952606111,-222.335745034759,-2438.85737870853
"OPTOTRAK _ P82 _ Right _ 3",267.220206825075,-236.354918754131,-2423.59513018342,294.486805464155,-221.972787475254,-2436.097468336
"OPTOTRAK _ P82 _ Right _ 3",268.141920188719,-234.153101487362,-2421.8871067817,290.629431335963,-221.595469360052,-2433.30164374134
"OPTOTRAK _ P82 _ Right _ 3",268.899084020651,-232.237902173675,-2420.57727206527,287.397364002332,-221.276101561313,-2430.91055634974
"OPTOTRAK _ P82 _ Right _ 3",269.347053518893,-230.875854966292,-2419.83424821233,285.186836874516,-221.075158603085,-2429.22699848526
"OPTOTRAK _ P82 _ Right _ 3",269.445668531649,-230.181857243072,-2419.69054894974,284.122918437019,-221.023552002292,-2428.3647498165
"OPTOTRAK _ P82 _ Right _ 3",269.244325508305,-230.116991285112,-2420.052328854,284.08211677057,-221.115449396117,-2428.25533852888
