"fileName","thumb_y","thumb_x","thumb_z","finger_y","finger_x","finger_z"
"OPTOTRAK _ P78 _ Right _ 1",152.919348805024,-202.719382298996,-2388.6438512363,209.478375152048,-180.090574099649,-2443.03418193395
"OPTOTRAK _ P78 _ Right _ 1",153.047453601568,-202.641387076888,-2388.59738517231,209.224580509967,-179.994784523243,-2442.67128212671
"OPTOTRAK _ P78 _ Right _ 1",153.21127048308,-202.536689355235,-2388.52960251202,208.936746646869,-179.874099536952,-2442.23381921184
"OPTOTRAK _ P78 _ Right _ 1",153.401490723066,-202.409012158956,-2388.43897998622,208.638282455636,-179.733686249684,-2441.74854817088
"OPTOTRAK _ P78 _ Right _ 1",153.604064987311,-202.265478658828,-2388.32651103606,208.352180907265,-179.580774249078,-2441.24697063355
"OPTOTRAK _ P78 _ Right _ 1",153.802150437888,-202.115802911521,-2388.19647830742,208.095567524696,-179.423486111596,-2440.75925051894
"OPTOTRAK _ P78 _ Right _ 1",153.978594173822,-201.971042344619,-2388.05683147656,207.875996801177,-179.269647514039,-2440.30902920784
"OPTOTRAK _ P78 _ Right _ 1",154.118441227405,-201.842130701576,-2387.91876805559,207.69031769898,-179.125775968642,-2439.91013963144
"OPTOTRAK _ P78 _ Right _ 1",154.210996633483,-201.738402301848,-2387.79525053324,207.525942352068,-178.99637611093,-2439.56543450648
"OPTOTRAK _ P78 _ Right _ 1",154.251155023147,-201.666279168676,-2387.69858565625,207.36375714615,-178.883635530523,-2439.26746615626
"OPTOTRAK _ P78 _ Right _ 1",154.23993511906,-201.62827297062,-2387.63768178659,207.181844799767,-178.787559107902,-2439.00061981855
"OPTOTRAK _ P78 _ Right _ 1",154.184275158462,-201.622472693183,-2387.61589683458,206.959375044358,-178.706454744499,-2438.74427118385
"OPTOTRAK _ P78 _ Right _ 1",154.096124490831,-201.642695927311,-2387.63026661657,206.680157627622,-178.637552778176,-2438.47646159575
"OPTOTRAK _ P78 _ Right _ 1",153.990825169702,-201.679398886807,-2387.67237583963,206.335371283984,-178.577534653862,-2438.17754741779
"OPTOTRAK _ P78 _ Right _ 1",153.884850692129,-201.721253639088,-2387.73046994098,205.925048703193,-178.52290276624,-2437.83340504967
"OPTOTRAK _ P78 _ Right _ 1",153.793165006758,-201.757096778113,-2387.79197870382,205.458140348682,-178.470316969294,-2437.43798495348
"OPTOTRAK _ P78 _ Right _ 1",153.726663039405,-201.777853515668,-2387.84567009998,204.951306239474,-178.417072249854,-2436.99508526265
"OPTOTRAK _ P78 _ Right _ 1",153.690221878277,-201.778090856496,-2387.88309015766,204.426766036198,-178.361734627584,-2436.5190387834
"OPTOTRAK _ P78 _ Right _ 1",153.681798485292,-201.756976833126,-2387.89940577113,203.909476787236,-178.304709959516,-2436.03373009109
"OPTOTRAK _ P78 _ Right _ 1",153.692825805851,-201.718504432663,-2387.89390198202,203.423780023698,-178.248399345259,-2435.5693528033
"OPTOTRAK _ P78 _ Right _ 1",153.709949836153,-201.670857670334,-2387.87015459691,202.989752637431,-178.19672152011,-2435.15690335168
"OPTOTRAK _ P78 _ Right _ 1",153.717911501746,-201.624851656831,-2387.83559285094,202.619890995188,-178.154102606955,-2434.82152081297
"OPTOTRAK _ P78 _ Right _ 1",153.70309620464,-201.591572912304,-2387.80014323305,202.31717345006,-178.124341667945,-2434.57681865661
"OPTOTRAK _ P78 _ Right _ 1",153.657009645182,-201.579664945798,-2387.77401877308,202.075514668424,-178.109839972892,-2434.4224771587
"OPTOTRAK _ P78 _ Right _ 1",153.578813190525,-201.592990207381,-2387.76524708865,201.882893462826,-178.111466705968,-2434.34619033887
"OPTOTRAK _ P78 _ Right _ 1",153.476177546355,-201.629448010259,-2387.77781410946,201.726272405873,-178.128968691339,-2434.32913066271
"OPTOTRAK _ P78 _ Right _ 1",153.364118280831,-201.68142927873,-2387.81110867064,201.596520043063,-178.161560808054,-2434.35256189418
"OPTOTRAK _ P78 _ Right _ 1",153.26205973923,-201.737828819984,-2387.86079782718,201.491499292654,-178.208309064488,-2434.40296573569
"OPTOTRAK _ P78 _ Right _ 1",153.189917434929,-201.786970929247,-2387.92068508137,201.416342045975,-178.268106415557,-2434.47403113404
"OPTOTRAK _ P78 _ Right _ 1",153.16426485708,-201.819504664966,-2387.98480539667,201.381170106094,-178.339292402019,-2434.56536695052
"OPTOTRAK _ P78 _ Right _ 1",153.195561833122,-201.830399676304,-2388.04906062923,201.397487525078,-178.419144380142,-2434.67905184446
"OPTOTRAK _ P78 _ Right _ 1",153.287046436166,-201.819532750388,-2388.11196321076,201.474768298003,-178.503514196884,-2434.81569918239
"OPTOTRAK _ P78 _ Right _ 1",153.435394060115,-201.790824300321,-2388.17437275402,201.618387794149,-178.586812994652,-2434.97154823532
"OPTOTRAK _ P78 _ Right _ 1",153.632772362336,-201.750313074712,-2388.23839900855,201.829275708244,-178.662410898313,-2435.13743146004
"OPTOTRAK _ P78 _ Right _ 1",153.869582278003,-201.703840651419,-2388.30587486747,202.10491105287,-178.723389068846,-2435.29970528582
"OPTOTRAK _ P78 _ Right _ 1",154.137061384291,-201.655082554646,-2388.37693220976,202.4408781559,-178.763510420713,-2435.44271108094
"OPTOTRAK _ P78 _ Right _ 1",154.429066631881,-201.604494689311,-2388.44918993646,202.832254988041,-178.778248415999,-2435.55211898466
"OPTOTRAK _ P78 _ Right _ 1",154.742685683434,-201.549408409311,-2388.51787465005,203.274440679096,-178.765675865942,-2435.61841228666
"OPTOTRAK _ P78 _ Right _ 1",155.077713070767,-201.485134058793,-2388.57688864246,203.763373328321,-178.726964579851,-2435.6396470381
"OPTOTRAK _ P78 _ Right _ 1",155.435323412561,-201.4066561512,-2388.62051144834,204.295263514999,-178.666266770821,-2435.62258403523
"OPTOTRAK _ P78 _ Right _ 1",155.816393798209,-201.310401552093,-2388.64518411219,204.865966443833,-178.589914615167,-2435.58158348755
"OPTOTRAK _ P78 _ Right _ 1",156.219888973849,-201.195623939046,-2388.65077770732,205.470056790533,-178.505133114293,-2435.53533220097
"OPTOTRAK _ P78 _ Right _ 1",156.641631890208,-201.065094780803,-2388.64091432459,206.099703020167,-178.418660623037,-2435.50226886441
"OPTOTRAK _ P78 _ Right _ 1",157.073736964076,-200.924947249414,-2388.62221486392,206.743606821272,-178.335692567893,-2435.49606960416
"OPTOTRAK _ P78 _ Right _ 1",157.504958985842,-200.783674062841,-2388.60267272122,207.386437297519,-178.259408215677,-2435.52249567288
"OPTOTRAK _ P78 _ Right _ 1",157.922073275941,-200.650467053071,-2388.58960377914,208.009137437329,-178.191105739533,-2435.57835956741
"OPTOTRAK _ P78 _ Right _ 1",158.312091386498,-200.533296007664,-2388.5877573012,208.590185337134,-178.13078032937,-2435.65265444856
"OPTOTRAK _ P78 _ Right _ 1",158.664770751673,-200.437263259454,-2388.59816267554,209.10758167579,-178.077914926257,-2435.72933901335
"OPTOTRAK _ P78 _ Right _ 1",158.974720177286,-200.363725470882,-2388.61810024551,209.541237686136,-178.032301660185,-2435.79101711109
"OPTOTRAK _ P78 _ Right _ 1",159.242520251172,-200.310421416277,-2388.64222421182,209.875522806228,-177.994768574288,-2435.82273267102
"OPTOTRAK _ P78 _ Right _ 1",159.474557992907,-200.272494571214,-2388.66444519386,210.101766455481,-177.967647527338,-2435.81515692531
"OPTOTRAK _ P78 _ Right _ 1",159.68157269411,-200.244021517528,-2388.67989827575,210.220365860166,-177.954720023304,-2435.76650249221
"OPTOTRAK _ P78 _ Right _ 1",159.876191142782,-200.219553239387,-2388.68632284923,210.241971891043,-177.960396871111,-2435.68266447455
"OPTOTRAK _ P78 _ Right _ 1",160.070019893883,-200.195233698583,-2388.68444494277,210.187244411277,-177.988162484427,-2435.575508934
"OPTOTRAK _ P78 _ Right _ 1",160.271089858018,-200.169217285488,-2388.67733322985,210.084943125773,-178.038745637896,-2435.45982140124
"OPTOTRAK _ P78 _ Right _ 1",160.482429483854,-200.141326737243,-2388.66903279215,209.968486501904,-178.10876073049,-2435.34984942628
"OPTOTRAK _ P78 _ Right _ 1",160.702155388004,-200.112150241398,-2388.66296740039,209.871409337419,-178.190450713049,-2435.25635027538
"OPTOTRAK _ P78 _ Right _ 1",160.924853090703,-200.081991989523,-2388.66061487136,209.82238237507,-178.272701758122,-2435.18468072702
"OPTOTRAK _ P78 _ Right _ 1",161.143540069618,-200.050138557696,-2388.66081913828,209.840680148036,-178.342989397724,-2435.13406921738
"OPTOTRAK _ P78 _ Right _ 1",161.351443299524,-200.014725207244,-2388.659858454,209.933104902013,-178.389637473624,-2435.09799315496
"OPTOTRAK _ P78 _ Right _ 1",161.543136020935,-199.97317788378,-2388.65213224676,210.093196907434,-178.403784645898,-2435.0654995065
"OPTOTRAK _ P78 _ Right _ 1",161.714976290424,-199.922957446188,-2388.63117614773,210.303028760533,-178.38064518278,-2435.02324128171
"OPTOTRAK _ P78 _ Right _ 1",161.865041472082,-199.862272996039,-2388.59073961108,210.537200527151,-178.319902093874,-2434.95793333947
"OPTOTRAK _ P78 _ Right _ 1",161.992825682323,-199.790546628042,-2388.52581096306,210.768125530405,-178.225317424913,-2434.8588878135
"OPTOTRAK _ P78 _ Right _ 1",162.098930970473,-199.708584832128,-2388.43359159205,210.971470072105,-178.103828542934,-2434.72026721219
"OPTOTRAK _ P78 _ Right _ 1",162.184881108144,-199.618529478862,-2388.31438726328,211.130627776648,-177.964455130268,-2434.54266742446
"OPTOTRAK _ P78 _ Right _ 1",162.253039015401,-199.52368648468,-2388.17224357641,211.239281454881,-177.817257318968,-2434.33364213177
"OPTOTRAK _ P78 _ Right _ 1",162.3064813786,-199.428288980403,-2388.01505416689,211.301457088233,-177.672434252056,-2434.10688955661
"OPTOTRAK _ P78 _ Right _ 1",162.348676672481,-199.337187245078,-2387.85391814608,211.329066515177,-177.539536506159,-2433.88009727278
"OPTOTRAK _ P78 _ Right _ 1",162.382948961013,-199.255411002459,-2387.70170245345,211.337666700081,-177.426734256035,-2433.67182019117
"OPTOTRAK _ P78 _ Right _ 1",162.41188162952,-199.187560257017,-2387.5709951414,211.341732118932,-177.340114153523,-2433.49808192372
"OPTOTRAK _ P78 _ Right _ 1",162.43688489222,-199.137063423036,-2387.47184366439,211.350849072628,-177.283030606203,-2433.36947741359
"OPTOTRAK _ P78 _ Right _ 1",162.458091306998,-199.105453766561,-2387.40979350041,211.367846612077,-177.255593456605,-2433.28938048335
"OPTOTRAK _ P78 _ Right _ 1",162.474632540277,-199.091875430654,-2387.38470843928,211.389182716401,-177.254422013752,-2433.25352601949
"OPTOTRAK _ P78 _ Right _ 1",162.485246453512,-199.092991087649,-2387.39064932564,211.407188297046,-177.272802384688,-2433.25088385811
"OPTOTRAK _ P78 _ Right _ 1",162.489061879117,-199.103353792512,-2387.41680617041,211.413259640118,-177.301325534028,-2433.26547813354
"OPTOTRAK _ P78 _ Right _ 1",162.486327181733,-199.116185603291,-2387.44925194769,211.400925115495,-177.328980456043,-2433.27870327967
"OPTOTRAK _ P78 _ Right _ 1",162.478855914993,-199.124407363013,-2387.47317092653,211.367925885103,-177.344580087645,-2433.2717587328
"OPTOTRAK _ P78 _ Right _ 1",162.470079542083,-199.121702711229,-2387.47518272411,211.316916521402,-177.338330426702,-2433.22798465345
"OPTOTRAK _ P78 _ Right _ 1",162.464747710506,-199.103397717923,-2387.44540015187,211.254885473322,-177.303310830826,-2433.13499497989
"OPTOTRAK _ P78 _ Right _ 1",162.468406617073,-199.067005273324,-2387.37891526719,211.191734682647,-177.236616538399,-2432.98649293218
"OPTOTRAK _ P78 _ Right _ 1",162.486780880573,-199.012389321075,-2387.27649458476,211.13856486153,-177.139933732911,-2432.78354756284
"OPTOTRAK _ P78 _ Right _ 1",162.525113162693,-198.94159146377,-2387.14435740349,211.106089681469,-177.019378085575,-2432.53500848556
"OPTOTRAK _ P78 _ Right _ 1",162.58744153469,-198.858397182423,-2386.99300889382,211.103322200525,-176.884533249425,-2432.25673725351
"OPTOTRAK _ P78 _ Right _ 1",162.675778573952,-198.76771623966,-2386.83523884694,211.136395374397,-176.746779932606,-2431.96948233653
"OPTOTRAK _ P78 _ Right _ 1",162.78922548182,-198.674847341392,-2386.6835903003,211.207274336502,-176.617186238179,-2431.69550373258
"OPTOTRAK _ P78 _ Right _ 1",162.923183497917,-198.584704049043,-2386.54778571007,211.312278678706,-176.504370627494,-2431.45439540716
"OPTOTRAK _ P78 _ Right _ 1",163.068937590101,-198.501090437148,-2386.43267809232,211.440677673791,-176.41278055641,-2431.25885232645
"OPTOTRAK _ P78 _ Right _ 1",163.213897264813,-198.426126650296,-2386.33722129329,211.573938985564,-176.341738940577,-2431.11127621529
"OPTOTRAK _ P78 _ Right _ 1",163.342652147292,-198.359932812479,-2386.25474437292,211.686290014419,-176.28544830296,-2431.00205198202
"OPTOTRAK _ P78 _ Right _ 1",163.438776499673,-198.30067251112,-2386.17453352766,211.746996016457,-176.233972616272,-2430.91006092644
"OPTOTRAK _ P78 _ Right _ 1",163.487079602996,-198.245017460506,-2386.08443899484,211.724235080937,-176.17507015696,-2430.80558521274
"OPTOTRAK _ P78 _ Right _ 1",163.475840069177,-198.189009485002,-2385.97397199541,211.589869645038,-176.096627472061,-2430.65529102196
"OPTOTRAK _ P78 _ Right _ 1",163.398558509414,-198.129169724762,-2385.83717279574,211.32405755512,-175.98933577647,-2430.42853603076
"OPTOTRAK _ P78 _ Right _ 1",163.254916357193,-198.06358578469,-2385.6744999025,210.918683055101,-175.849148598572,-2430.10387407181
"OPTOTRAK _ P78 _ Right _ 1",163.050836419195,-197.992672015224,-2385.49320366476,210.378952118553,-175.678973574213,-2429.67437907121
"OPTOTRAK _ P78 _ Right _ 1",162.797695409469,-197.919378571006,-2385.30607337589,209.722972296745,-175.489040872537,-2429.15040100255
"OPTOTRAK _ P78 _ Right _ 1",162.510846930421,-197.848769174422,-2385.12890125821,208.979556294166,-175.295558967819,-2428.55874508566
"OPTOTRAK _ P78 _ Right _ 1",162.207742197616,-197.787023380266,-2384.97729884956,208.184791887778,-175.117679175295,-2427.93807960209
"OPTOTRAK _ P78 _ Right _ 1",161.906056176529,-197.740034601602,-2384.8635774271,207.378086975897,-174.97335866035,-2427.33146380021
"OPTOTRAK _ P78 _ Right _ 1",161.622205680557,-197.711898255424,-2384.79433359463,206.598391297721,-174.875200643748,-2426.77786970868
"OPTOTRAK _ P78 _ Right _ 1",161.370430632105,-197.703692803,-2384.76923922188,205.881098739411,-174.82750513592,-2426.30501006834
"OPTOTRAK _ P78 _ Right _ 1",161.162347796995,-197.712949240513,-2384.78131761445,205.2558157786,-174.825457182394,-2425.92540156861
"OPTOTRAK _ P78 _ Right _ 1",161.00677804264,-197.734004845326,-2384.81865167712,204.744905364237,-174.856682724114,-2425.63646095137
"OPTOTRAK _ P78 _ Right _ 1",160.909711784068,-197.759117215503,-2384.86706238303,204.362629833137,-174.904580469055,-2425.42401517545
"OPTOTRAK _ P78 _ Right _ 1",160.874361364789,-197.779964126404,-2384.91299857685,204.114818215572,-174.952260702997,-2425.26756663801
"OPTOTRAK _ P78 _ Right _ 1",160.90125406916,-197.789103711092,-2384.94586618055,203.999114621485,-174.985859112514,-2425.14545481152
"OPTOTRAK _ P78 _ Right _ 1",160.98829471316,-197.781087899724,-2384.95930210527,204.005868021554,-174.996432173998,-2425.03865161743
"OPTOTRAK _ P78 _ Right _ 1",161.130755933939,-197.753093734369,-2384.95131162169,204.119586464292,-174.980299156386,-2424.93283565919
"OPTOTRAK _ P78 _ Right _ 1",161.321244488189,-197.705075806061,-2384.92354979442,204.320718309403,-174.938234325969,-2424.81907569894
"OPTOTRAK _ P78 _ Right _ 1",161.549788614715,-197.639521735838,-2384.88020844836,204.587463914901,-174.874136692581,-2424.69366875417
"OPTOTRAK _ P78 _ Right _ 1",161.80423634764,-197.560914670753,-2384.82692575486,204.897394785624,-174.793717481709,-2424.5575146689
"OPTOTRAK _ P78 _ Right _ 1",162.071110078708,-197.474989895604,-2384.76991685508,205.228795453434,-174.703484656058,-2424.41513788881
"OPTOTRAK _ P78 _ Right _ 1",162.336922362699,-197.387851413849,-2384.71527185662,205.561749574322,-174.610042617943,-2424.27333771996
"OPTOTRAK _ P78 _ Right _ 1",162.589760748346,-197.305028459585,-2384.66824939031,205.879021531154,-174.519586610881,-2424.1395474133
"OPTOTRAK _ P78 _ Right _ 1",162.820774666668,-197.230614925295,-2384.63249374469,206.166764675738,-174.43747919849,-2424.02020557966
"OPTOTRAK _ P78 _ Right _ 1",163.025132256103,-197.166709494265,-2384.60935073918,206.415065743133,-174.367889680949,-2423.91959742022
"OPTOTRAK _ P78 _ Right _ 1",163.20211710645,-197.113382911293,-2384.59765998125,206.618340347385,-174.313567487411,-2423.83957878959
"OPTOTRAK _ P78 _ Right _ 1",163.354303203146,-197.069274443528,-2384.59436990639,206.77563402015,-174.27584190575,-2423.78036175949
"OPTOTRAK _ P78 _ Right _ 1",163.486093870898,-197.032673852061,-2384.59600407148,206.890933293023,-174.254879049003,-2423.74222404176
"OPTOTRAK _ P78 _ Right _ 1",163.602171621388,-197.002691096276,-2384.6005375722,206.973580763639,-174.25012450657,-2423.72772736803
"OPTOTRAK _ P78 _ Right _ 1",163.706424186423,-196.980006971777,-2384.60888449575,207.038748442062,-174.260782639427,-2423.74385929797
"OPTOTRAK _ P78 _ Right _ 1",163.801656746772,-196.966826766742,-2384.62520447067,207.10767486909,-174.28617167078,-2423.80345259862
"OPTOTRAK _ P78 _ Right _ 1",163.889995116122,-196.965996081105,-2384.65568902978,207.207129366622,-174.325845066126,-2423.92526719173
"OPTOTRAK _ P78 _ Right _ 1",163.97353331018,-196.979635560686,-2384.70619546555,207.367480493553,-174.379456368744,-2424.13224963655
"OPTOTRAK _ P78 _ Right _ 1",164.054662415362,-197.007906355509,-2384.77967563547,207.618946708807,-174.446431664304,-2424.44776758957
"OPTOTRAK _ P78 _ Right _ 1",164.135709487129,-197.048480113542,-2384.87447308115,207.986154845332,-174.525572585122,-2424.89011844823
"OPTOTRAK _ P78 _ Right _ 1",164.21793335835,-197.096958793219,-2384.98417182485,208.48193402766,-174.614735162585,-2425.46632383717
"OPTOTRAK _ P78 _ Right _ 1",164.30034898924,-197.148041305225,-2385.09899571183,209.102046921347,-174.710721224373,-2426.16694819897
"OPTOTRAK _ P78 _ Right _ 1",164.379035054346,-197.196911090357,-2385.20814131111,209.822893154022,-174.809475143455,-2426.96400365911
"OPTOTRAK _ P78 _ Right _ 1",164.447405806125,-197.24028931736,-2385.30217938281,210.60373835466,-174.906590227432,-2427.81347320252
"OPTOTRAK _ P78 _ Right _ 1",164.49750305447,-197.276845475885,-2385.37483884967,211.393670770279,-174.998015248575,-2428.66252056603
"OPTOTRAK _ P78 _ Right _ 1",164.521931815129,-197.306999410417,-2385.42388842601,212.141737515053,-175.080769172175,-2429.45964249683
"OPTOTRAK _ P78 _ Right _ 1",164.515833615345,-197.332377618482,-2385.45116642441,212.807412090495,-175.153468718424,-2430.16482574339
"OPTOTRAK _ P78 _ Right _ 1",164.4783268242,-197.35520950771,-2385.46193996337,213.368378001966,-175.216537112817,-2430.75680407186
"OPTOTRAK _ P78 _ Right _ 1",164.413067029647,-197.377829109326,-2385.46377222098,213.823605882297,-175.272041210724,-2431.23558028258
"OPTOTRAK _ P78 _ Right _ 1",164.327858339397,-197.402318136707,-2385.46508038745,214.191259862111,-175.323175840162,-2431.61983764358
"OPTOTRAK _ P78 _ Right _ 1",164.233471324526,-197.430269913324,-2385.47362341579,214.502402186615,-175.373498850522,-2431.94020744927
"OPTOTRAK _ P78 _ Right _ 1",164.141957514581,-197.462653815161,-2385.49519877425,214.79241818401,-175.426111966783,-2432.23036790813
"OPTOTRAK _ P78 _ Right _ 1",164.064809678632,-197.49975782392,-2385.53277818215,215.092494991954,-175.483015413557,-2432.51845853408
"OPTOTRAK _ P78 _ Right _ 1",164.011321950751,-197.54116577052,-2385.58619043864,215.423328376112,-175.544785541161,-2432.82109765966
"OPTOTRAK _ P78 _ Right _ 1",163.987455498001,-197.585718977994,-2385.65233512153,215.792474892568,-175.610574706957,-2433.14135582707
"OPTOTRAK _ P78 _ Right _ 1",163.995409863639,-197.631444284132,-2385.72581686416,216.195573649415,-175.678315146414,-2433.47068185523
"OPTOTRAK _ P78 _ Right _ 1",164.033940737013,-197.67548861545,-2385.79982135649,216.620445184576,-175.744991422943,-2433.79354712243
"OPTOTRAK _ P78 _ Right _ 1",164.099273526376,-197.714154737147,-2385.86703368712,217.052300374463,-175.806916230904,-2434.09294054129
"OPTOTRAK _ P78 _ Right _ 1",164.186300014219,-197.743156161008,-2385.9204685799,217.478229851617,-175.860041459428,-2434.35498134952
"OPTOTRAK _ P78 _ Right _ 1",164.289695295549,-197.75817576338,-2385.95421554566,217.889751006671,-175.90039748908,-2434.57163754425
"OPTOTRAK _ P78 _ Right _ 1",164.404687156539,-197.755707754844,-2385.96418398253,218.283142096483,-175.92473452039,-2434.7414341359
"OPTOTRAK _ P78 _ Right _ 1",164.527395223547,-197.734008054912,-2385.9488620915,218.658144410577,-175.931334436887,-2434.86869228948
"OPTOTRAK _ P78 _ Right _ 1",164.654830556415,-197.693848834842,-2385.9099214497,219.016021373352,-175.920820285123,-2434.96205066797
"OPTOTRAK _ P78 _ Right _ 1",164.784723031818,-197.638769160844,-2385.8523825519,219.357859798321,-175.896696230836,-2435.03285165094
"OPTOTRAK _ P78 _ Right _ 1",164.915301519726,-197.574678268045,-2385.78414460547,219.683576499963,-175.865358595475,-2435.09365172709
"OPTOTRAK _ P78 _ Right _ 1",165.045046151413,-197.508921585693,-2385.71492565501,219.99163495681,-175.835421542679,-2435.15684027088
"OPTOTRAK _ P78 _ Right _ 1",165.172358901581,-197.449108415102,-2385.65487175561,220.279182051183,-175.816365700646,-2435.23323366921
"OPTOTRAK _ P78 _ Right _ 1",165.295119767669,-197.402026061496,-2385.61315025664,220.54225432329,-175.81672308913,-2435.33059367312
"OPTOTRAK _ P78 _ Right _ 1",165.410193315871,-197.372855551064,-2385.59676993448,220.775847959749,-175.842219293256,-2435.45225991587
"OPTOTRAK _ P78 _ Right _ 1",165.513046301859,-197.364759275863,-2385.60976648434,220.973891088946,-175.894406989027,-2435.59632236543
"OPTOTRAK _ P78 _ Right _ 1",165.597657141741,-197.378808359803,-2385.65280893172,221.129346533014,-175.9702369668,-2435.75578041437
"OPTOTRAK _ P78 _ Right _ 1",165.65683470516,-197.414166595226,-2385.72321727527,221.23469253916,-176.062720726912,-2435.91987054081
"OPTOTRAK _ P78 _ Right _ 1",165.682972695853,-197.468422591653,-2385.8153317442,221.282887223552,-176.162477439291,-2436.07633240364
"OPTOTRAK _ P78 _ Right _ 1",165.669188705637,-197.537960208359,-2385.92116851299,221.26872864337,-176.259701086262,-2436.21404409396
"OPTOTRAK _ P78 _ Right _ 1",165.61071763964,-197.618302549609,-2386.03134521315,221.190374100198,-176.34602014703,-2436.32533268739
"OPTOTRAK _ P78 _ Right _ 1",165.506325757419,-197.704445638347,-2386.13629480859,221.050701274713,-176.415828048606,-2436.4073724633
"OPTOTRAK _ P78 _ Right _ 1",165.359419411999,-197.791248255447,-2386.22771451092,220.858166899051,-176.466857031123,-2436.46235099605
"OPTOTRAK _ P78 _ Right _ 1",165.178511832737,-197.873911211941,-2386.30001702581,220.626858662671,-176.499978231704,-2436.49641636863
"OPTOTRAK _ P78 _ Right _ 1",164.976816210359,-197.948491811524,-2386.35139726248,220.375573256351,-176.518394961927,-2436.51773699574
"OPTOTRAK _ P78 _ Right _ 1",164.770921413871,-198.012343476941,-2386.38416178651,220.125974606824,-176.526526052176,-2436.5342457243
"OPTOTRAK _ P78 _ Right _ 1",164.578709812363,-198.064394762539,-2386.40421880733,219.900107960775,-176.528917428188,-2436.55173134775
"OPTOTRAK _ P78 _ Right _ 1",164.41684184659,-198.105245928036,-2386.41992639559,219.717672099328,-176.529451745637,-2436.57282371825
"OPTOTRAK _ P78 _ Right _ 1",164.29823991447,-198.137088911873,-2386.44063388032,219.593457253424,-176.53097732772,-2436.59710668116
"OPTOTRAK _ P78 _ Right _ 1",164.230046665621,-198.163427787416,-2386.47517936055,219.535290261487,-176.53531969204,-2436.6221981025
"OPTOTRAK _ P78 _ Right _ 1",164.212489110121,-198.188549863646,-2386.53046767462,219.542761428711,-176.543529181326,-2436.64531499543
"OPTOTRAK _ P78 _ Right _ 1",164.238929303633,-198.216741796355,-2386.61021290668,219.606979566104,-176.556173070389,-2436.6647114235
"OPTOTRAK _ P78 _ Right _ 1",164.297141295734,-198.251360164082,-2386.71401510726,219.71158497716,-176.57349918798,-2436.68047030779
"OPTOTRAK _ P78 _ Right _ 1",164.371585953677,-198.293975971394,-2386.83703266874,219.835135031283,-176.595381225213,-2436.69440339628
"OPTOTRAK _ P78 _ Right _ 1",164.446233259352,-198.343839358717,-2386.97047125884,219.95465754601,-176.621086419234,-2436.7091692078
"OPTOTRAK _ P78 _ Right _ 1",164.507356605696,-198.397839087205,-2387.10291296247,220.049705356543,-176.649030816619,-2436.72702494722
"OPTOTRAK _ P78 _ Right _ 1",164.545731829485,-198.45099990617,-2387.222256315,220.105911425869,-176.676736468205,-2436.74875480667
"OPTOTRAK _ P78 _ Right _ 1",164.557832681957,-198.497419795794,-2387.31786162358,220.117107777844,-176.701139644854,-2436.77320416187
"OPTOTRAK _ P78 _ Right _ 1",164.545881502611,-198.531439792605,-2387.38246630682,220.085543629885,-176.719245285153,-2436.79756632223
"OPTOTRAK _ P78 _ Right _ 1",164.516882802196,-198.54879032212,-2387.41353097088,220.020358755272,-176.728962640476,-2436.8182829052
"OPTOTRAK _ P78 _ Right _ 1",164.480942205181,-198.547476131942,-2387.41382056274,219.93493763061,-176.729872945766,-2436.83226681974
"OPTOTRAK _ P78 _ Right _ 1",164.449232118009,-198.528230593571,-2387.39114436416,219.843942759881,-176.723695395252,-2436.83813772327
"OPTOTRAK _ P78 _ Right _ 1",164.431942832554,-198.494467067139,-2387.35726229648,219.760724438573,-176.714297657267,-2436.83718205159
"OPTOTRAK _ P78 _ Right _ 1",164.436497579902,-198.451760849847,-2387.3260606872,219.69554014899,-176.707201654683,-2436.83376856519
"OPTOTRAK _ P78 _ Right _ 1",164.466255657479,-198.406983174786,-2387.31124654652,219.654717320039,-176.708652477835,-2436.83501400091
"OPTOTRAK _ P78 _ Right _ 1",164.519910542703,-198.367248947741,-2387.32397311613,219.640653033825,-176.724441945247,-2436.84965496666
"OPTOTRAK _ P78 _ Right _ 1",164.591791871959,-198.338828214489,-2387.37090726917,219.652392599565,-176.758773142639,-2436.88630749739
"OPTOTRAK _ P78 _ Right _ 1",164.673226072988,-198.326137836853,-2387.45320842142,219.686441773711,-176.813458680284,-2436.95147205585
"OPTOTRAK _ P78 _ Right _ 1",164.754921311307,-198.330910090773,-2387.56668703656,219.737433954974,-176.887632884325,-2437.0476798163
"OPTOTRAK _ P78 _ Right _ 1",164.830011631887,-198.351642805721,-2387.70309595583,219.798341127462,-176.977976093641,-2437.17210146155
"OPTOTRAK _ P78 _ Right _ 1",164.897032365143,-198.383458334203,-2387.85219164604,219.860139292021,-177.079303236932,-2437.31585851662
"OPTOTRAK _ P78 _ Right _ 1",164.961893281142,-198.418499916242,-2388.00400729443,219.91118004187,-177.185330402754,-2437.46424653832
"OPTOTRAK _ P78 _ Right _ 1",165.038017776682,-198.446935526437,-2388.15076920539,219.936833917348,-177.289483552921,-2437.59804634097
"OPTOTRAK _ P78 _ Right _ 1",165.144231187023,-198.458519509224,-2388.2880488528,219.920085281426,-177.385680188002,-2437.69597251585
"OPTOTRAK _ P78 _ Right _ 1",165.300582736746,-198.444521935106,-2388.41500551166,219.843579487346,-177.469046097159,-2437.73806441387
"OPTOTRAK _ P78 _ Right _ 1",165.522915720081,-198.399711883785,-2388.53383737481,219.693177752336,-177.536527590141,-2437.70953639055
"OPTOTRAK _ P78 _ Right _ 1",165.817528946847,-198.323981559269,-2388.64873085116,219.462472915507,-177.58735071257,-2437.60437040365
"OPTOTRAK _ P78 _ Right _ 1",166.177554642373,-198.223142965646,-2388.76464382734,219.15710465635,-177.623273324521,-2437.42780522362
"OPTOTRAK _ P78 _ Right _ 1",166.582505727668,-198.108494452267,-2388.88620822346,218.797273332768,-177.648577630898,-2437.19688545263
"OPTOTRAK _ P78 _ Right _ 1",167.00165587107,-197.995026342801,-2389.01694709033,218.41685335575,-177.669780434933,-2436.93847180937
"OPTOTRAK _ P78 _ Right _ 1",167.400645144967,-197.898581374615,-2389.15891650191,218.058214434892,-177.695099827785,-2436.68467200671
"OPTOTRAK _ P78 _ Right _ 1",167.749478758712,-197.832706568641,-2389.31281460371,217.763268443145,-177.733756333068,-2436.4664415105
"OPTOTRAK _ P78 _ Right _ 1",168.029520580474,-197.806087321451,-2389.47853141728,217.562880004932,-177.795149222454,-2436.30681819133
"OPTOTRAK _ P78 _ Right _ 1",168.237434362022,-197.821250317962,-2389.65601509667,217.467819253484,-177.887874344767,-2436.21556719508
"OPTOTRAK _ P78 _ Right _ 1",168.385052266117,-197.874773488449,-2389.84619391497,217.464342958795,-178.018540165579,-2436.18680043305
"OPTOTRAK _ P78 _ Right _ 1",168.495357109207,-197.95876266018,-2390.05156037029,217.516292653056,-178.190421094155,-2436.20048311457
"OPTOTRAK _ P78 _ Right _ 1",168.595733412929,-198.063024156642,-2390.27599419189,217.573715817394,-178.402075043581,-2436.22777269608
"OPTOTRAK _ P78 _ Right _ 1",168.710191318496,-198.177258583872,-2390.52357132746,217.58591863414,-178.646074529872,-2436.23897180607
"OPTOTRAK _ P78 _ Right _ 1",168.852431234712,-198.292700050864,-2390.7964687812,217.515051669114,-178.908021809664,-2436.21177205638
"OPTOTRAK _ P78 _ Right _ 1",169.021513732473,-198.402840823887,-2391.09248945267,217.34550054429,-179.166164029563,-2436.13687030285
"OPTOTRAK _ P78 _ Right _ 1",169.201545418988,-198.503139481776,-2391.40301914711,217.085172054221,-179.392177057283,-2436.01836924489
"OPTOTRAK _ P78 _ Right _ 1",169.366046020268,-198.589897453565,-2391.7122905666,216.757335152953,-179.553810455282,-2435.86771285903
"OPTOTRAK _ P78 _ Right _ 1",169.486450996744,-198.658796026468,-2391.99864984911,216.38517791148,-179.619812609528,-2435.69192807205
"OPTOTRAK _ P78 _ Right _ 1",169.542806166283,-198.703811775956,-2392.23809449266,215.974225962065,-179.566853105404,-2435.47905970371
"OPTOTRAK _ P78 _ Right _ 1",169.533697188165,-198.717197320978,-2392.40967537552,215.498967335075,-179.387289465754,-2435.18525469935
"OPTOTRAK _ P78 _ Right _ 1",169.482316608696,-198.690835002341,-2392.50153924203,214.89905427603,-179.095941558303,-2434.72846882254
"OPTOTRAK _ P78 _ Right _ 1",169.436432412536,-198.618666555103,-2392.51575923787,214.087788401328,-178.733783920142,-2433.99297068973
"OPTOTRAK _ P78 _ Right _ 1",169.461645002055,-198.499371624463,-2392.47011726908,212.972054839936,-178.366745150087,-2432.84665383728
"OPTOTRAK _ P78 _ Right _ 1",169.629222397203,-198.338296708733,-2392.39589750697,211.479235838267,-178.078628278264,-2431.16978100589
"OPTOTRAK _ P78 _ Right _ 1",170.001408369865,-198.147889306218,-2392.33219321963,209.583767556862,-177.958466061781,-2428.88968599429
"OPTOTRAK _ P78 _ Right _ 1",170.617865427005,-197.94639154955,-2392.31843165837,207.324983871841,-178.084176915912,-2426.01227148076
"OPTOTRAK _ P78 _ Right _ 1",171.486493361904,-197.755059489624,-2392.38714213906,204.809651845931,-178.505771822708,-2422.63957705208
"OPTOTRAK _ P78 _ Right _ 1",172.580365401384,-197.594563692712,-2392.55844385312,202.197127650144,-179.232070132961,-2418.96492840167
"OPTOTRAK _ P78 _ Right _ 1",173.840698604764,-197.481410988557,-2392.83685090063,199.670814539544,-180.224553014652,-2415.24362217571
"OPTOTRAK _ P78 _ Right _ 1",175.184578258645,-197.425125693119,-2393.2102942184,197.404047704211,-181.400588381733,-2411.74575136814
"OPTOTRAK _ P78 _ Right _ 1",176.515896024943,-197.426592302525,-2393.65094436493,195.529693961094,-182.646085328827,-2408.7046080761
"OPTOTRAK _ P78 _ Right _ 1",177.738089810107,-197.477640130571,-2394.11750955914,194.120566916601,-183.835186226453,-2406.27549033888
"OPTOTRAK _ P78 _ Right _ 1",178.767159524143,-197.561851519887,-2394.55905750491,193.18383296571,-184.85256314416,-2404.5151540943
"OPTOTRAK _ P78 _ Right _ 1",179.543104004223,-197.656604048712,-2394.92065510654,192.668743033896,-185.613000442089,-2403.38443282953
"OPTOTRAK _ P78 _ Right _ 1",180.037882035706,-197.736259680784,-2395.15079454982,192.484163606349,-186.073727030664,-2402.76952555971
"OPTOTRAK _ P78 _ Right _ 1",180.25855294008,-197.776134464631,-2395.20975922066,192.520629676726,-186.237272870712,-2402.51345802204
"OPTOTRAK _ P78 _ Right _ 1",180.245243396098,-197.756604233708,-2395.07736708739,192.67115405043,-186.145523198569,-2402.44861031072
"OPTOTRAK _ P78 _ Right _ 1",180.064619386228,-197.666584023442,-2394.75837052748,192.846123347445,-185.867838170487,-2402.42326562564
"OPTOTRAK _ P78 _ Right _ 1",179.80024324573,-197.505677407149,-2394.28416253859,192.980178087719,-185.486793611846,-2402.31875590058
"OPTOTRAK _ P78 _ Right _ 1",179.541363603634,-197.284506374516,-2393.71008872091,193.032117951344,-185.084418780592,-2402.0576186572
"OPTOTRAK _ P78 _ Right _ 1",179.371389183673,-197.023099674817,-2393.10843532112,192.981356003023,-184.730530938461,-2401.60593846278
"OPTOTRAK _ P78 _ Right _ 1",179.356851891824,-196.747675016876,-2392.55797432149,192.825340144126,-184.473692494912,-2400.97390843418
"OPTOTRAK _ P78 _ Right _ 1",179.537420973056,-196.486543553598,-2392.13165635345,192.581342925931,-184.334885332179,-2400.21751546062
"OPTOTRAK _ P78 _ Right _ 1",179.917654562719,-196.266035445054,-2391.88448182009,192.293397841892,-184.304200174584,-2399.44168181564
"OPTOTRAK _ P78 _ Right _ 1",180.461595318362,-196.107241342718,-2391.84368134036,192.041807619614,-184.341316308264,-2398.80217474934
"OPTOTRAK _ P78 _ Right _ 1",181.091785196594,-196.024066068462,-2392.00314125717,191.949793562415,-184.380807605337,-2398.50133229321
"OPTOTRAK _ P78 _ Right _ 1",181.694444307478,-196.022733954497,-2392.32353307579,192.180696708003,-184.342963995482,-2398.77230844834
"OPTOTRAK _ P78 _ Right _ 1",182.132063522914,-196.102566163034,-2392.73874458899,192.920518023028,-184.149702427336,-2399.84882647782
"OPTOTRAK _ P78 _ Right _ 1",182.263248017826,-196.257599643569,-2393.16788532242,194.34470362506,-183.743386748209,-2401.92221379495
"OPTOTRAK _ P78 _ Right _ 1",181.967401604281,-196.478459350884,-2393.53056339029,196.574243459929,-183.104473776639,-2405.09360088712
"OPTOTRAK _ P78 _ Right _ 1",181.169390347357,-196.753896875363,-2393.76190140342,199.632509278552,-182.26273598089,-2409.33439577887
"OPTOTRAK _ P78 _ Right _ 1",179.85781245132,-197.071639421217,-2393.82357944078,203.417949388586,-181.297421341965,-2414.4696714652
"OPTOTRAK _ P78 _ Right _ 1",178.091075714712,-197.418623243466,-2393.70837739653,207.705946777781,-180.324635538367,-2420.19472958339
"OPTOTRAK _ P78 _ Right _ 1",175.988475320868,-197.781117473456,-2393.43781023328,212.184922005783,-179.474683118488,-2426.12509743974
"OPTOTRAK _ P78 _ Right _ 1",173.707929492719,-198.145382389266,-2393.05450898821,216.519588919972,-178.865913387048,-2431.86819926436
"OPTOTRAK _ P78 _ Right _ 1",171.416147636643,-198.499195461295,-2392.61212772481,220.423332822176,-178.582581967576,-2437.09641042646
"OPTOTRAK _ P78 _ Right _ 1",169.259080987287,-198.833993906515,-2392.1655733118,223.717148283563,-178.661916856629,-2441.60034337156
"OPTOTRAK _ P78 _ Right _ 1",167.339860897851,-199.146889051032,-2391.76357399383,226.356771142994,-179.091628281745,-2445.30841015585
"OPTOTRAK _ P78 _ Right _ 1",165.708611937211,-199.441642456073,-2391.44434941243,228.420918170225,-179.815827309405,-2448.27052542447
"OPTOTRAK _ P78 _ Right _ 1",164.364824321978,-199.727876139665,-2391.23379415991,230.067193057208,-180.746025920249,-2450.61523230124
"OPTOTRAK _ P78 _ Right _ 1",163.269715508248,-200.018251993306,-2391.14476691129,231.472686084788,-181.774430268774,-2452.49652101256
"OPTOTRAK _ P78 _ Right _ 1",162.364082487428,-200.324007230825,-2391.17630542683,232.779717744717,-182.788009976036,-2454.04740022443
"OPTOTRAK _ P78 _ Right _ 1",161.58674900409,-200.649924206444,-2391.3127011025,234.062899747947,-183.682609525403,-2455.35237957201
"OPTOTRAK _ P78 _ Right _ 1",160.889492341691,-200.990317863726,-2391.52355011318,235.32418298406,-184.376120050019,-2456.44279700024
"OPTOTRAK _ P78 _ Right _ 1",160.245784300768,-201.327663906248,-2391.76629983293,236.512066962019,-184.818908872079,-2457.31079627493
"OPTOTRAK _ P78 _ Right _ 1",159.65243606844,-201.63486119438,-2391.99212194887,237.553778796288,-184.999291193245,-2457.93272043018
"OPTOTRAK _ P78 _ Right _ 1",159.12501141922,-201.880912953193,-2392.15453705724,238.387266572173,-184.942475516108,-2458.29192984119
"OPTOTRAK _ P78 _ Right _ 1",158.689296531794,-202.038492413535,-2392.21883567383,238.982923837903,-184.702997445335,-2458.39379582833
"OPTOTRAK _ P78 _ Right _ 1",158.371807615605,-202.091045942522,-2392.16966360363,239.35070186912,-184.352465588715,-2458.27000895938
"OPTOTRAK _ P78 _ Right _ 1",158.192127555738,-202.037164046984,-2392.01447353603,239.533863905548,-183.965661585048,-2457.97348268332
"OPTOTRAK _ P78 _ Right _ 1",158.158958800237,-201.890865844119,-2391.78175875911,239.594176049498,-183.60816209177,-2457.56772266665
"OPTOTRAK _ P78 _ Right _ 1",158.270512439979,-201.677793271371,-2391.51459709479,239.594299620626,-183.327723057328,-2457.11512306317
"OPTOTRAK _ P78 _ Right _ 1",158.518571464863,-201.428580890357,-2391.26141907008,239.582189203599,-183.150200302374,-2456.66759233623
"OPTOTRAK _ P78 _ Right _ 1",158.894542565235,-201.171446808953,-2391.06658140381,239.58051565181,-183.079441472577,-2456.26100134173
"OPTOTRAK _ P78 _ Right _ 1",159.39525371254,-200.926159786688,-2390.96311326126,239.582383668467,-183.099858667255,-2455.91304885723
"OPTOTRAK _ P78 _ Right _ 1",160.026325368522,-200.701018568865,-2390.96909337489,239.553191136481,-183.180427301975,-2455.62292235987
"OPTOTRAK _ P78 _ Right _ 1",160.801723528119,-200.493512832459,-2391.08791182045,239.437284838172,-183.279456313455,-2455.37089749227
"OPTOTRAK _ P78 _ Right _ 1",161.739468555651,-200.294189062146,-2391.31161450423,239.167038520452,-183.350190105777,-2455.11667048517
"OPTOTRAK _ P78 _ Right _ 1",162.854967817597,-200.092264460453,-2391.62593693063,238.671396473525,-183.347646583645,-2454.79639947207
"OPTOTRAK _ P78 _ Right _ 1",164.154377730382,-199.881064738382,-2392.01555407573,237.881369858843,-183.236787661517,-2454.31973643091
"OPTOTRAK _ P78 _ Right _ 1",165.630264530763,-199.661586262739,-2392.46830057016,236.731801932494,-183.001250477421,-2453.56922566098
"OPTOTRAK _ P78 _ Right _ 1",167.26067480504,-199.443279067798,-2392.97742990859,235.161383411515,-182.650883735386,-2452.40505787277
"OPTOTRAK _ P78 _ Right _ 1",169.011207138947,-199.242142194457,-2393.5413724398,233.114875849877,-182.22577786327,-2450.67798143199
"OPTOTRAK _ P78 _ Right _ 1",170.838643135989,-199.077002510476,-2394.16102628543,230.551263957079,-181.794663585507,-2448.25176633464
"OPTOTRAK _ P78 _ Right _ 1",172.694606042365,-198.965174633509,-2394.8353037402,227.458821625243,-181.446468767799,-2445.03376614761
"OPTOTRAK _ P78 _ Right _ 1",174.528365449237,-198.91859854427,-2395.55618150008,223.87404374542,-181.275302783541,-2441.0082812153
"OPTOTRAK _ P78 _ Right _ 1",176.288692928833,-198.941238855774,-2396.30469702568,219.897904737214,-181.360980986757,-2436.26385473776
"OPTOTRAK _ P78 _ Right _ 1",177.925149605993,-199.028209193752,-2397.0492675299,215.701487977242,-181.749082639329,-2431.00401153792
"OPTOTRAK _ P78 _ Right _ 1",179.389400531576,-199.166764015959,-2397.74740036394,211.514533500165,-182.43589683599,-2425.53279775871
"OPTOTRAK _ P78 _ Right _ 1",180.637359739951,-199.338869025148,-2398.35111845445,207.594940732964,-183.363688278804,-2420.2124591307
"OPTOTRAK _ P78 _ Right _ 1",181.633053493773,-199.524583061636,-2398.81521632086,204.183829542379,-184.42974973838,-2415.39965955323
"OPTOTRAK _ P78 _ Right _ 1",182.354535059209,-199.705257990567,-2399.10629626731,201.45729700575,-185.508549316874,-2411.37569157509
"OPTOTRAK _ P78 _ Right _ 1",182.800827654052,-199.865808492063,-2399.210137173,199.489467206462,-186.481184477429,-2408.29094919513
"OPTOTRAK _ P78 _ Right _ 1",182.997400772748,-199.995878890966,-2399.13558713337,198.239258999452,-187.262908797633,-2406.14134857931
"OPTOTRAK _ P78 _ Right _ 1",182.99714298197,-200.090241623586,-2398.91438923774,197.565648860105,-187.81990129085,-2404.78460122222
"OPTOTRAK _ P78 _ Right _ 1",182.874671221929,-200.148890495234,-2398.59738062821,197.266736996805,-188.170541501275,-2403.99142162086
"OPTOTRAK _ P78 _ Right _ 1",182.713751190804,-200.177032910237,-2398.24790372295,197.131318137971,-188.371864670032,-2403.51650422786
"OPTOTRAK _ P78 _ Right _ 1",182.589797760345,-200.184782027921,-2397.93316826571,196.990065840535,-188.496138991034,-2403.1698500559
"OPTOTRAK _ P78 _ Right _ 1",182.551150748964,-200.186101241136,-2397.71417686677,196.755669259128,-188.604618548443,-2402.870658271
"OPTOTRAK _ P78 _ Right _ 1",182.603656583071,-200.196644369607,-2397.63507634826,196.444877752708,-188.725682706527,-2402.67146588357
"OPTOTRAK _ P78 _ Right _ 1",182.702908879021,-200.230561390194,-2397.71346980117,196.178820864815,-188.843300211721,-2402.74746501828
"OPTOTRAK _ P78 _ Right _ 1",182.757346042244,-200.296912134125,-2397.93395044433,196.160934865366,-188.899415586146,-2403.35356978234
"OPTOTRAK _ P78 _ Right _ 1",182.6433193858,-200.396750499712,-2398.24728555589,196.634905690487,-188.810620112363,-2404.75887043027
"OPTOTRAK _ P78 _ Right _ 1",182.230343334976,-200.521949913507,-2398.57680354894,197.828834079391,-188.49556161421,-2407.17361087871
"OPTOTRAK _ P78 _ Right _ 1",181.411467512274,-200.656379317748,-2398.83164988631,199.896271567637,-187.905626267114,-2410.68651550354
"OPTOTRAK _ P78 _ Right _ 1",180.131087789235,-200.779303680387,-2398.92433538827,202.868525162951,-187.048909536975,-2415.22884226404
"OPTOTRAK _ P78 _ Right _ 1",178.401970041243,-200.870186968895,-2398.78837968074,206.633025318445,-185.998259323356,-2420.57526241475
"OPTOTRAK _ P78 _ Right _ 1",176.305848121744,-200.913649782285,-2398.39160690559,210.947070123817,-184.879186254277,-2426.38159069157
"OPTOTRAK _ P78 _ Right _ 1",173.977238845027,-200.90327310789,-2397.74191669882,215.485263659018,-183.8411285146,-2432.24868630373
"OPTOTRAK _ P78 _ Right _ 1",171.575834109021,-200.843254690604,-2396.88459197087,219.907013536601,-183.02205875258,-2437.79462866332
"OPTOTRAK _ P78 _ Right _ 1",169.256181817875,-200.747533096467,-2395.89249083663,223.923664276228,-182.518232289378,-2442.71630751543
"OPTOTRAK _ P78 _ Right _ 1",167.142967412262,-200.636705763494,-2394.85201696172,227.346406035142,-182.367540956244,-2446.82674115181
"OPTOTRAK _ P78 _ Right _ 1",165.316873688063,-200.533656332197,-2393.84828746116,230.104408527103,-182.548980696489,-2450.06312126019
"OPTOTRAK _ P78 _ Right _ 1",163.811817619781,-200.459088761542,-2392.95254515937,232.233262428996,-182.995377920001,-2452.46929256394
"OPTOTRAK _ P78 _ Right _ 1",162.621192510756,-200.428035115908,-2392.21386462693,233.842516342866,-183.613616628195,-2454.16237533006
"OPTOTRAK _ P78 _ Right _ 1",161.709347745211,-200.447912254425,-2391.65590856611,235.075383679205,-184.306264751647,-2455.29530036724
"OPTOTRAK _ P78 _ Right _ 1",161.024664951158,-200.518106353201,-2391.27826697791,236.072992134111,-184.989766006565,-2456.02533005697
"OPTOTRAK _ P78 _ Right _ 1",160.511530967441,-200.630690010246,-2391.06108250182,236.950910443549,-185.606152674118,-2456.49429746734
"OPTOTRAK _ P78 _ Right _ 1",160.119655768799,-200.77186885206,-2390.97143116095,237.789348413959,-186.126880958012,-2456.82091014907
"OPTOTRAK _ P78 _ Right _ 1",159.810254443757,-200.923950029835,-2390.97022913129,238.633038812633,-186.548792266181,-2457.10080401108
"OPTOTRAK _ P78 _ Right _ 1",159.559499984008,-201.067716692181,-2391.01890629066,239.494356865474,-186.88360155926,-2457.40767002973
"OPTOTRAK _ P78 _ Right _ 1",159.360191930994,-201.184946958143,-2391.08532674422,240.354198997624,-187.143858085542,-2457.78956352473
"OPTOTRAK _ P78 _ Right _ 1",159.222565780218,-201.260607177783,-2391.14839592186,241.158527231648,-187.329701640807,-2458.25806918479
"OPTOTRAK _ P78 _ Right _ 1",159.174561975731,-201.284258582187,-2391.20075986965,241.812547863659,-187.421206246531,-2458.77276690025
"OPTOTRAK _ P78 _ Right _ 1",159.260956722015,-201.250533471227,-2391.24920392018,242.177567246419,-187.37999459023,-2459.22740927262
"OPTOTRAK _ P78 _ Right _ 1",159.540027082434,-201.158971134293,-2391.31272920919,242.076525110201,-187.161096723922,-2459.44585172844
"OPTOTRAK _ P78 _ Right _ 1",160.076424009367,-201.013745055748,-2391.41864333346,241.312589890281,-186.732474590141,-2459.19446540253
"OPTOTRAK _ P78 _ Right _ 1",160.929973568943,-200.823675316928,-2391.59729708015,239.701272598026,-186.096428076544,-2458.21375022248
"OPTOTRAK _ P78 _ Right _ 1",162.141951866736,-200.602487144799,-2391.8763726552,237.111367427028,-185.305380506397,-2456.26609042113
"OPTOTRAK _ P78 _ Right _ 1",163.722072418705,-200.368853390026,-2392.27580646372,233.505520540775,-184.465120708119,-2453.19068221199
"OPTOTRAK _ P78 _ Right _ 1",165.639969178517,-200.145640242844,-2392.80431655178,228.969323777156,-183.721724624664,-2448.95268451328
"OPTOTRAK _ P78 _ Right _ 1",167.823973075391,-199.958011864076,-2393.45799640995,223.719509496541,-183.23348918147,-2443.67330014582
"OPTOTRAK _ P78 _ Right _ 1",170.167928709133,-199.830450754282,-2394.220710559,218.086527760951,-183.134635882691,-2437.63112423426
"OPTOTRAK _ P78 _ Right _ 1",172.544584268879,-199.783115331812,-2395.06551655789,212.472846682621,-183.501122021667,-2431.23145143553
"OPTOTRAK _ P78 _ Right _ 1",174.822545093156,-199.828224570248,-2395.95643304068,207.293921919582,-184.329072774756,-2424.94737132489
"OPTOTRAK _ P78 _ Right _ 1",176.883344206874,-199.967324810923,-2396.85054416403,202.912752214731,-185.532944087383,-2419.24290321071
"OPTOTRAK _ P78 _ Right _ 1",178.635747272081,-200.190263692528,-2397.70112357377,199.580817241388,-186.964660790506,-2414.49332841793
"OPTOTRAK _ P78 _ Right _ 1",180.025448594117,-200.476354323211,-2398.46247644802,197.397792528956,-188.448453293504,-2410.92041336774
"OPTOTRAK _ P78 _ Right _ 1",181.039264677684,-200.797618515254,-2399.09634436111,196.29942920211,-189.821019277065,-2408.55885872256
"OPTOTRAK _ P78 _ Right _ 1",181.703588051103,-201.123416555083,-2399.57857963596,196.077186939565,-190.96497954143,-2407.26373788897
"OPTOTRAK _ P78 _ Right _ 1",182.077410147554,-201.425453996352,-2399.90420693509,196.425605174888,-191.826354280713,-2406.75783670571
"OPTOTRAK _ P78 _ Right _ 1",182.240840108247,-201.682151664924,-2400.08926775363,197.006651441366,-192.412779658956,-2406.70665004619
"OPTOTRAK _ P78 _ Right _ 1",182.280642064048,-201.881565004738,-2400.16866070426,197.517180571986,-192.775554522181,-2406.80199283237
"OPTOTRAK _ P78 _ Right _ 1",182.274708653398,-202.022333567191,-2400.19007223099,197.746777686023,-192.982835134176,-2406.83469548115
"OPTOTRAK _ P78 _ Right _ 1",182.27758232703,-202.112496677871,-2400.20484056936,197.616873932715,-193.092579090834,-2406.74124588845
"OPTOTRAK _ P78 _ Right _ 1",182.309232496441,-202.166429476255,-2400.25724901375,197.195906069251,-193.132739072382,-2406.61584957875
"OPTOTRAK _ P78 _ Right _ 1",182.349300442621,-202.200589948483,-2400.37430196215,196.688412255254,-193.093653565118,-2406.68632428223
"OPTOTRAK _ P78 _ Right _ 1",182.338774924614,-202.229099594569,-2400.5583299322,196.398639693424,-192.934317551529,-2407.25879581661
"OPTOTRAK _ P78 _ Right _ 1",182.190278675718,-202.260268303931,-2400.78456083651,196.672423209259,-192.600738965459,-2408.6421543358
"OPTOTRAK _ P78 _ Right _ 1",181.806549377965,-202.294942198793,-2401.00491874559,197.825407044086,-192.051315232315,-2411.06828410235
"OPTOTRAK _ P78 _ Right _ 1",181.104278750617,-202.327024690694,-2401.15777157598,200.070677245222,-191.281667319347,-2414.62697284052
"OPTOTRAK _ P78 _ Right _ 1",180.037846515256,-202.345838461019,-2401.18147183117,203.462615303893,-190.340539769939,-2419.23306899117
"OPTOTRAK _ P78 _ Right _ 1",178.616002139561,-202.339426492321,-2401.02807295285,207.873273436193,-189.330236071575,-2424.63616526031
"OPTOTRAK _ P78 _ Right _ 1",176.90566286604,-202.297716548501,-2400.67342991524,213.010600760987,-188.389875034593,-2430.47063832547
"OPTOTRAK _ P78 _ Right _ 1",175.020968810762,-202.21478117793,-2400.12128908366,218.475568940034,-187.666022120825,-2436.33077111482
"OPTOTRAK _ P78 _ Right _ 1",173.100877707886,-202.089988073031,-2399.40121967592,223.842704409428,-187.28000608391,-2441.84812054875
"OPTOTRAK _ P78 _ Right _ 1",171.282259552739,-201.928273499829,-2398.56209298251,228.741609429637,-187.302058647378,-2446.74987616181
"OPTOTRAK _ P78 _ Right _ 1",169.676020294265,-201.739865342078,-2397.66348336303,232.918390751029,-187.739259786529,-2450.88619398119
"OPTOTRAK _ P78 _ Right _ 1",168.351538275847,-201.539619519704,-2396.76698521474,236.263839938897,-188.539160679586,-2454.2262586656
"OPTOTRAK _ P78 _ Right _ 1",167.331247340383,-201.345959160335,-2395.92869355929,238.805888322041,-189.606232068357,-2456.83188525536
"OPTOTRAK _ P78 _ Right _ 1",166.594214404479,-201.179391549467,-2395.19353875644,240.673698962645,-190.825337355404,-2458.82113885695
"OPTOTRAK _ P78 _ Right _ 1",166.085898316922,-201.06071470797,-2394.59190001457,242.04721607915,-192.085622075251,-2460.33315561522
"OPTOTRAK _ P78 _ Right _ 1",165.73091599133,-201.009157387722,-2394.1386953046,243.107596355661,-193.299278330728,-2461.50138965228
"OPTOTRAK _ P78 _ Right _ 1",165.446121415582,-201.040664740965,-2393.83471347851,244.000674318208,-194.411934947296,-2462.43823610102
"OPTOTRAK _ P78 _ Right _ 1",165.152168125504,-201.166349608261,-2393.66940507395,244.819257886099,-195.404043981877,-2463.23063364225
"OPTOTRAK _ P78 _ Right _ 1",164.782667814878,-201.390954693782,-2393.62404884854,245.603453577263,-196.284694652751,-2463.94394972247
"OPTOTRAK _ P78 _ Right _ 1",164.290854396613,-201.711211198105,-2393.67444149252,246.353566293806,-197.08028445428,-2464.62990564842
"OPTOTRAK _ P78 _ Right _ 1",163.654117307645,-202.114282005881,-2393.79292559382,247.047955219154,-197.82050353923,-2465.33346346161
"OPTOTRAK _ P78 _ Right _ 1",162.876767764635,-202.576887009928,-2393.95026145073,247.658148173266,-198.52369733786,-2466.09379986549
"OPTOTRAK _ P78 _ Right _ 1",161.991039056736,-203.065947417475,-2394.11812502587,248.155275410217,-199.183534686597,-2466.93613285823
"OPTOTRAK _ P78 _ Right _ 1",161.055892997864,-203.541418870987,-2394.27269866085,248.50543772591,-199.759370927287,-2467.85430042039
"OPTOTRAK _ P78 _ Right _ 1",160.153025574989,-203.961368974608,-2394.39906272024,248.656337414278,-200.173436459425,-2468.78803540982
"OPTOTRAK _ P78 _ Right _ 1",159.379679524033,-204.288498046116,-2394.49525936024,248.521823816368,-200.318092992188,-2469.60262407729
"OPTOTRAK _ P78 _ Right _ 1",158.838424995913,-204.496569688615,-2394.57439873216,247.97315185912,-200.074978040262,-2470.08060660049
"OPTOTRAK _ P78 _ Right _ 1",158.624799074054,-204.574972504548,-2394.66333414659,246.84467606736,-199.344688875626,-2469.93420117216
"OPTOTRAK _ P78 _ Right _ 1",158.814405789842,-204.530056971657,-2394.79734585072,244.957538097017,-198.0814724076,-2468.84278326423
"OPTOTRAK _ P78 _ Right _ 1",159.451559688231,-204.38286938665,-2395.01170852363,242.158835622062,-196.323621650063,-2466.51260624607
"OPTOTRAK _ P78 _ Right _ 1",160.541581196057,-204.164063141553,-2395.33239811985,238.367698975259,-194.208656293248,-2462.74773176713
"OPTOTRAK _ P78 _ Right _ 1",162.048260458296,-203.907646335461,-2395.76882602038,233.615803707179,-191.964421348998,-2457.51464067689
"OPTOTRAK _ P78 _ Right _ 1",163.896904682452,-203.645472431114,-2396.31096505267,228.069691183287,-189.873508428188,-2450.98127753395
"OPTOTRAK _ P78 _ Right _ 1",165.982237965831,-203.403878552928,-2396.93172135417,222.026091247088,-188.21744055264,-2443.51603407698
"OPTOTRAK _ P78 _ Right _ 1",168.179764867534,-203.202825787242,-2397.5935949608,215.878025600251,-187.215361156805,-2435.64234510534
"OPTOTRAK _ P78 _ Right _ 1",170.359177231694,-203.056805235943,-2398.25736857007,210.056781913716,-186.975564870278,-2427.95664044993
"OPTOTRAK _ P78 _ Right _ 1",172.398609291709,-202.97618605548,-2398.89021706073,204.96093624779,-187.474982687527,-2421.02729486643
"OPTOTRAK _ P78 _ Right _ 1",174.198491662421,-202.967813831298,-2399.47114902346,200.887269780317,-188.572627800199,-2415.29727833664
"OPTOTRAK _ P78 _ Right _ 1",175.693184519068,-203.034333773816,-2399.99268563257,197.979233626334,-190.051475807919,-2411.01276707074
"OPTOTRAK _ P78 _ Right _ 1",176.857875930338,-203.172536580791,-2400.4587745268,196.20617705523,-191.673806523,-2408.19450508404
"OPTOTRAK _ P78 _ Right _ 1",177.708286770795,-203.371639186566,-2400.87986044053,195.380287966031,-193.231583322078,-2406.65896606679
"OPTOTRAK _ P78 _ Right _ 1",178.292117971763,-203.612579411561,-2401.26662476098,195.208659347352,-194.577406901833,-2406.08396329065
"OPTOTRAK _ P78 _ Right _ 1",178.673536834578,-203.869089891658,-2401.62407951694,195.368118969388,-195.630684633861,-2406.10168675078
"OPTOTRAK _ P78 _ Right _ 1",178.914253572013,-204.110685034868,-2401.94743864206,195.584477728771,-196.363234189554,-2406.39528865934
"OPTOTRAK _ P78 _ Right _ 1",179.055956415416,-204.307008044127,-2402.22059039244,195.697570837649,-196.774653973531,-2406.77521654928
"OPTOTRAK _ P78 _ Right _ 1",179.108723648756,-204.432494865551,-2402.41730095707,195.697745887229,-196.869143280812,-2407.21764170338
"OPTOTRAK _ P78 _ Right _ 1",179.048661224765,-204.47016946448,-2402.50473110683,195.726020049665,-196.642831026816,-2407.85706599779
"OPTOTRAK _ P78 _ Right _ 1",178.825787388449,-204.413611983565,-2402.44852936503,196.037458619564,-196.085624327007,-2408.93608646037
"OPTOTRAK _ P78 _ Right _ 1",178.380550319485,-204.266657500763,-2402.2186110668,196.934838993274,-195.195745085947,-2410.72548196138
"OPTOTRAK _ P78 _ Right _ 1",177.664847521106,-204.041042858024,-2401.79465742952,198.686872426688,-194.000062258028,-2413.43554842511
"OPTOTRAK _ P78 _ Right _ 1",176.661656409984,-203.75283948393,-2401.17038595768,201.450809736154,-192.570573846479,-2417.14291856082
"OPTOTRAK _ P78 _ Right _ 1",175.397131381451,-203.418882749997,-2400.35584153146,205.220611148599,-191.028226480163,-2421.75387409721
"OPTOTRAK _ P78 _ Right _ 1",173.940861475538,-203.054345767646,-2399.37735986857,209.816457435993,-189.530005628432,-2427.01477216161
"OPTOTRAK _ P78 _ Right _ 1",172.393735686475,-202.672081529957,-2398.27535708332,214.919275575451,-188.242276508515,-2432.56534949989
"OPTOTRAK _ P78 _ Right _ 1",170.867182536037,-202.283605369053,-2397.10053797956,220.139442836022,-187.309286055726,-2438.01712694189
"OPTOTRAK _ P78 _ Right _ 1",169.460468814299,-201.900964931679,-2395.90935437161,225.098405803908,-186.827399351485,-2443.03263297352
"OPTOTRAK _ P78 _ Right _ 1",168.242947947179,-201.538469143154,-2394.75950935508,229.499881192824,-186.832516164194,-2447.38376519939
"OPTOTRAK _ P78 _ Right _ 1",167.245816097021,-201.213337530261,-2393.70600680745,233.173250314209,-187.302436769386,-2450.97691683474
"OPTOTRAK _ P78 _ Right _ 1",166.464386883536,-200.944717978265,-2392.79781609739,236.082107129558,-188.170733956919,-2453.84381583737
"OPTOTRAK _ P78 _ Right _ 1",165.868628480901,-200.751109171806,-2392.07488898273,238.301536940218,-189.34587973307,-2456.10622157388
"OPTOTRAK _ P78 _ Right _ 1",165.417698438393,-200.646836273402,-2391.56523852935,239.975536313531,-190.729407800677,-2457.92769647967
"OPTOTRAK _ P78 _ Right _ 1",165.073790899811,-200.638626339921,-2391.28210490484,241.269383181343,-192.229067994313,-2459.46652912925
"OPTOTRAK _ P78 _ Right _ 1",164.811595642564,-200.723347901048,-2391.22169894436,242.330453617405,-193.765852389292,-2460.84126299129
"OPTOTRAK _ P78 _ Right _ 1",164.621535362635,-200.8876183818,-2391.36231546721,243.265964783727,-195.275977216304,-2462.11517750629
"OPTOTRAK _ P78 _ Right _ 1",164.507006296176,-201.109406745624,-2391.66552590264,244.139333639883,-196.709657617605,-2463.29993736339
"OPTOTRAK _ P78 _ Right _ 1",164.477470430422,-201.361209901331,-2392.07973709509,244.980582240173,-198.028139433807,-2464.37331645285
"OPTOTRAK _ P78 _ Right _ 1",164.540100478127,-201.614043986701,-2392.54586056301,245.802503231204,-199.199802651562,-2465.30283211796
"OPTOTRAK _ P78 _ Right _ 1",164.692758334752,-201.841397705119,-2393.00435157695,246.614056984566,-200.195813627209,-2466.06663843104
"OPTOTRAK _ P78 _ Right _ 1",164.920550265445,-202.022381191687,-2393.40252976926,247.425123665179,-200.985830673559,-2466.66462106255
"OPTOTRAK _ P78 _ Right _ 1",165.197201776744,-202.14353200322,-2393.70097543991,248.240689681613,-201.534444931242,-2467.11560986294
"OPTOTRAK _ P78 _ Right _ 1",165.491190461675,-202.199107467073,-2393.87801256761,249.046312092551,-201.799231147998,-2467.44043481088
"OPTOTRAK _ P78 _ Right _ 1",165.775223295984,-202.190128988765,-2393.93178661177,249.789549128386,-201.731502771344,-2467.63473043361
"OPTOTRAK _ P78 _ Right _ 1",166.036601767354,-202.122765234597,-2393.87994955024,250.363862721578,-201.281058320915,-2467.63930947331
"OPTOTRAK _ P78 _ Right _ 1",166.285592167235,-202.006677016537,-2393.75720263968,250.602241398846,-200.406059016351,-2467.3186354753
"OPTOTRAK _ P78 _ Right _ 1",166.559231979035,-201.853708716496,-2393.610927683,250.287010996621,-199.088210033192,-2466.45827339007
"OPTOTRAK _ P78 _ Right _ 1",166.918983649791,-201.676994638513,-2393.49515229777,249.179258533999,-197.351335857693,-2464.78917413579
"OPTOTRAK _ P78 _ Right _ 1",167.442057818004,-201.490355545387,-2393.463387579,247.065826262202,-195.278563024418,-2462.03994082496
"OPTOTRAK _ P78 _ Right _ 1",168.207680930621,-201.307834329863,-2393.56132576644,243.815232581186,-193.020830477761,-2458.00887359339
"OPTOTRAK _ P78 _ Right _ 1",169.280663333626,-201.143255165409,-2393.82058394683,239.428682941556,-190.789154680495,-2452.63833835287
"OPTOTRAK _ P78 _ Right _ 1",170.695176239103,-201.009683006009,-2394.25437693755,234.070943612232,-188.826524304525,-2446.06870904409
"OPTOTRAK _ P78 _ Right _ 1",172.44187567235,-200.918627489202,-2394.85542957196,228.069160184766,-187.362411387013,-2438.65107085357
"OPTOTRAK _ P78 _ Right _ 1",174.461607650282,-200.878883163799,-2395.59609114816,221.874915532464,-186.561152825572,-2430.90779615092
"OPTOTRAK _ P78 _ Right _ 1",176.648559455038,-200.89508039269,-2396.43068168524,215.994216313145,-186.480697430263,-2423.44541739584
"OPTOTRAK _ P78 _ Right _ 1",178.864196256393,-200.966266961016,-2397.30023350881,210.899495137246,-187.056901471914,-2416.83980995984
"OPTOTRAK _ P78 _ Right _ 1",180.96045603356,-201.085014932457,-2398.13953778368,206.944311489105,-188.120262838422,-2411.5238381638
"OPTOTRAK _ P78 _ Right _ 1",182.807342348981,-201.237548786623,-2398.88575616142,204.302262518897,-189.440121178251,-2407.70816051733
"OPTOTRAK _ P78 _ Right _ 1",184.317757550848,-201.405195308968,-2399.48725346986,202.945328189379,-190.781456976027,-2405.35615852097
"OPTOTRAK _ P78 _ Right _ 1",185.46241413956,-201.567114985093,-2399.91113754404,202.665328107716,-191.956007282233,-2404.21747297148
"OPTOTRAK _ P78 _ Right _ 1",186.270288035502,-201.703889800972,-2400.14824334862,203.130010392633,-192.853408437829,-2403.90778143245
"OPTOTRAK _ P78 _ Right _ 1",186.814444582551,-201.801229316336,-2400.21470680352,203.957481518691,-193.446628161987,-2404.01131885861
"OPTOTRAK _ P78 _ Right _ 1",187.187385353643,-201.852908645406,-2400.14965197456,204.791488748271,-193.774702220165,-2404.18002132519
"OPTOTRAK _ P78 _ Right _ 1",187.472695228009,-201.862109983094,-2400.00886766926,205.363997341162,-193.911614147458,-2404.20783025812
"OPTOTRAK _ P78 _ Right _ 1",187.720164332391,-201.840607357507,-2399.85481771178,205.537129257662,-193.932186959362,-2404.06717294467
"OPTOTRAK _ P78 _ Right _ 1",187.930204990371,-201.805708201513,-2399.74408433589,205.32113096698,-193.884778017642,-2403.90370506186
"OPTOTRAK _ P78 _ Right _ 1",188.051082140283,-201.775504214497,-2399.71439151775,204.867779354817,-193.777537660784,-2403.99334612933
"OPTOTRAK _ P78 _ Right _ 1",187.989799063685,-201.76363490964,-2399.77434039607,204.440205451986,-193.581023196926,-2404.67204069371
"OPTOTRAK _ P78 _ Right _ 1",187.634702436466,-201.77514851113,-2399.89922908815,204.361923727225,-193.245737350465,-2406.25343399153
"OPTOTRAK _ P78 _ Right _ 1",186.885146093278,-201.804876861576,-2400.03519699546,204.951153371636,-192.729146123696,-2408.95214584579
"OPTOTRAK _ P78 _ Right _ 1",185.681178420783,-201.838985473132,-2400.1114628526,206.451408327075,-192.023529084646,-2412.82946659553
"OPTOTRAK _ P78 _ Right _ 1",184.02495522342,-201.859331627354,-2400.05760422654,208.973929511467,-191.174750556364,-2417.7734501603
"OPTOTRAK _ P78 _ Right _ 1",181.986670542679,-201.849414312651,-2399.82105289314,212.468244000684,-190.284117634502,-2423.51729653313
"OPTOTRAK _ P78 _ Right _ 1",179.692062695115,-201.800284044166,-2399.38005131211,216.731018350536,-189.491265888305,-2429.69062834168
"OPTOTRAK _ P78 _ Right _ 1",177.294973713204,-201.714794380776,-2398.74897890612,221.451420990525,-188.943376926852,-2435.8901621376
"OPTOTRAK _ P78 _ Right _ 1",174.944017843107,-201.60894750434,-2397.97533608117,226.278923883971,-188.761089488899,-2441.75148653804
"OPTOTRAK _ P78 _ Right _ 1",172.754152314203,-201.509769022409,-2397.1298532307,230.893019487679,-189.011554481912,-2447.0038620301
"OPTOTRAK _ P78 _ Right _ 1",170.791121079585,-201.450048468777,-2396.2925429347,235.056018718274,-189.695017607601,-2451.49574503645
"OPTOTRAK _ P78 _ Right _ 1",169.071176862254,-201.461193437375,-2395.53788870636,238.637837727681,-190.746272035557,-2455.18864515581
"OPTOTRAK _ P78 _ Right _ 1",167.572949321562,-201.566082737311,-2394.92205719214,241.611699567372,-192.048876916627,-2458.12733592437
"OPTOTRAK _ P78 _ Right _ 1",166.254938912476,-201.773916727258,-2394.4743874578,244.0286112467,-193.458513675801,-2460.40108651631
"OPTOTRAK _ P78 _ Right _ 1",165.071716766481,-202.0785550608,-2394.19456270861,245.983659927128,-194.83109849895,-2462.1108207378
"OPTOTRAK _ P78 _ Right _ 1",163.984132141887,-202.460813289033,-2394.05578278282,247.586881619091,-196.050372952668,-2463.35143132945
"OPTOTRAK _ P78 _ Right _ 1",162.962421630925,-202.893943259114,-2394.01301905985,248.94600098616,-197.048902086507,-2464.21010819019
"OPTOTRAK _ P78 _ Right _ 1",161.984430453315,-203.350453758172,-2394.01431280459,250.160551327178,-197.816733634936,-2464.77442506752
"OPTOTRAK _ P78 _ Right _ 1",161.032826441384,-203.8079676088,-2394.01241942379,251.320740299887,-198.394212331452,-2465.14066634526
"OPTOTRAK _ P78 _ Right _ 1",160.094757453805,-204.252204747601,-2393.9741741843,252.502746003139,-198.849513080926,-2465.41391639239
"OPTOTRAK _ P78 _ Right _ 1",159.165450939422,-204.676299158164,-2393.88577454208,253.755211603039,-199.246302873518,-2465.69559172942
"OPTOTRAK _ P78 _ Right _ 1",158.254890858965,-205.077036243981,-2393.75342446324,255.077657943492,-199.61090220704,-2466.05949946364
"OPTOTRAK _ P78 _ Right _ 1",157.394928811975,-205.449689293537,-2393.59997691248,256.397477000636,-199.909743234138,-2466.52235082784
"OPTOTRAK _ P78 _ Right _ 1",156.64352837067,-205.783575188647,-2393.45896983547,257.555493275327,-200.045903356884,-2467.01766017264
"OPTOTRAK _ P78 _ Right _ 1",156.083376704149,-206.060164856415,-2393.36768465573,258.309393227411,-199.87836814721,-2467.38253954689
"OPTOTRAK _ P78 _ Right _ 1",155.813596464094,-206.254718928615,-2393.36067601196,258.359915106803,-199.260958461072,-2467.36507238983
"OPTOTRAK _ P78 _ Right _ 1",155.935346574025,-206.341230400504,-2393.46479904322,257.398226067431,-198.0915556439,-2466.65600042492
"OPTOTRAK _ P78 _ Right _ 1",156.534133457466,-206.299276044994,-2393.69625170459,255.166522758957,-196.358118510788,-2464.94277851722
"OPTOTRAK _ P78 _ Right _ 1",157.662933606897,-206.120607865516,-2394.05966053504,251.519359232269,-194.167155563468,-2461.97742863617
"OPTOTRAK _ P78 _ Right _ 1",159.330124225022,-205.81330484374,-2394.54881383437,246.471647243083,-191.74340235395,-2457.64365905655
"OPTOTRAK _ P78 _ Right _ 1",161.494660152367,-205.402122595764,-2395.14831775405,240.221105224639,-189.39639728588,-2452.00571386268
"OPTOTRAK _ P78 _ Right _ 1",164.068673158014,-204.924985077664,-2395.83532667943,233.137825413969,-187.459247101416,-2445.32344064037
"OPTOTRAK _ P78 _ Right _ 1",166.925925322199,-204.426765762771,-2396.58075887013,225.720505655365,-186.214475621221,-2438.02560182057
"OPTOTRAK _ P78 _ Right _ 1",169.914167844464,-203.952107430871,-2397.35007330036,218.526110703869,-185.827861934228,-2430.64458739283
"OPTOTRAK _ P78 _ Right _ 1",172.870221015556,-203.538899815654,-2398.10438304891,212.085517183875,-186.310496864353,-2423.72650638536
"OPTOTRAK _ P78 _ Right _ 1",175.637323887397,-203.213434952134,-2398.80284441869,206.82083614407,-187.521100536285,-2417.73715734614
"OPTOTRAK _ P78 _ Right _ 1",178.083853175229,-202.987625822785,-2399.40665809096,202.980344583163,-189.207432941597,-2412.9848496954
"OPTOTRAK _ P78 _ Right _ 1",180.12085050477,-202.858300362679,-2399.88401492745,200.604487297361,-191.072499570261,-2409.57652186239
"OPTOTRAK _ P78 _ Right _ 1",181.714152594785,-202.808468287989,-2400.21459055515,199.531075454266,-192.843665126234,-2407.41614865804
"OPTOTRAK _ P78 _ Right _ 1",182.886781485378,-202.81042177731,-2400.39222075545,199.439631257974,-194.323821437199,-2406.24539292475
"OPTOTRAK _ P78 _ Right _ 1",183.709215454382,-202.830419835527,-2400.42511809157,199.925550658872,-195.412402059768,-2405.71701052482
"OPTOTRAK _ P78 _ Right _ 1",184.27855467535,-202.834468620154,-2400.33387853088,200.587778612578,-196.095793477311,-2405.48391761476
"OPTOTRAK _ P78 _ Right _ 1",184.691020773419,-202.794380865264,-2400.1479985387,201.111597993472,-196.416396392598,-2405.28357625751
"OPTOTRAK _ P78 _ Right _ 1",185.014430408603,-202.692996756601,-2399.9015246429,201.330684813556,-196.434269678242,-2404.99919710344
"OPTOTRAK _ P78 _ Right _ 1",185.267671601288,-202.527351943692,-2399.62810751963,201.257569276758,-196.194830076128,-2404.68489377968
"OPTOTRAK _ P78 _ Right _ 1",185.412839795983,-202.308830664237,-2399.35559866415,201.077153896763,-195.712011186873,-2404.5495035331
"OPTOTRAK _ P78 _ Right _ 1",185.362964724615,-202.059973549993,-2399.10066213925,201.103491288052,-194.970449166245,-2404.90207622522
"OPTOTRAK _ P78 _ Right _ 1",185.00469042645,-201.808494263995,-2398.86452019562,201.706073050364,-193.94421140546,-2406.0702505507
"OPTOTRAK _ P78 _ Right _ 1",184.231368470562,-201.579926816136,-2398.63139152966,203.218683762835,-192.624508778094,-2408.30979520727
"OPTOTRAK _ P78 _ Right _ 1",182.978421422663,-201.390866890185,-2398.37088322925,205.850447978541,-191.045753370172,-2411.72764886613
"OPTOTRAK _ P78 _ Right _ 1",181.250624302276,-201.244781432655,-2398.04449095031,209.622321288942,-189.299291584794,-2416.23959566947
"OPTOTRAK _ P78 _ Right _ 1",179.131734499904,-201.131781247205,-2397.61495409264,214.349184138852,-187.527970831341,-2421.57581759118
"OPTOTRAK _ P78 _ Right _ 1",176.771779173544,-201.032631806881,-2397.05618568015,219.675740539268,-185.901903837747,-2427.33397964023
"OPTOTRAK _ P78 _ Right _ 1",174.355214658024,-200.92585330606,-2396.36123536034,225.15653514812,-184.583591216963,-2433.06456472821
"OPTOTRAK _ P78 _ Right _ 1",172.060499548883,-200.795547820439,-2395.54622723095,230.354820928244,-183.694815129433,-2438.36309540431
"OPTOTRAK _ P78 _ Right _ 1",170.02442117496,-200.637215468764,-2394.64921754907,234.929995426292,-183.296008546443,-2442.94314403787
"OPTOTRAK _ P78 _ Right _ 1",168.321448207057,-200.459606028774,-2393.7242233525,238.690745521492,-183.382562846251,-2446.67248752945
"OPTOTRAK _ P78 _ Right _ 1",166.961575842241,-200.282300176483,-2392.83201636004,241.605494534361,-183.895725059129,-2449.56803742088
"OPTOTRAK _ P78 _ Right _ 1",165.903352175254,-200.130387377968,-2392.0301667314,243.775578225113,-184.741696998017,-2451.75771273161
"OPTOTRAK _ P78 _ Right _ 1",165.074889431243,-200.028443903383,-2391.36475818715,245.385088161236,-185.812169698946,-2453.42525844328
"OPTOTRAK _ P78 _ Right _ 1",164.395373978182,-199.995722909029,-2390.86521533537,246.643881605921,-187.00163980644,-2454.75572668577
"OPTOTRAK _ P78 _ Right _ 1",163.791839881261,-200.043463636082,-2390.54244350282,247.738313110267,-188.219612539107,-2455.89565022809
"OPTOTRAK _ P78 _ Right _ 1",163.209082607358,-200.174207186972,-2390.38966863396,248.799439072488,-189.397772569591,-2456.93493365421
"OPTOTRAK _ P78 _ Right _ 1",162.613187842614,-200.382440458521,-2390.38517482588,249.892239550618,-190.49287002499,-2457.90981070784
"OPTOTRAK _ P78 _ Right _ 1",161.990596925707,-200.655841862313,-2390.49633102123,251.023304725589,-191.485772094728,-2458.82024261458
"OPTOTRAK _ P78 _ Right _ 1",161.344984680149,-200.976670305761,-2390.6845382202,252.159925182576,-192.376692694207,-2459.65228867188
"OPTOTRAK _ P78 _ Right _ 1",160.693881873477,-201.323151881219,-2390.91078184149,253.251658538781,-193.1767118196,-2460.39645468007
"OPTOTRAK _ P78 _ Right _ 1",160.066289709945,-201.670877563666,-2391.14127830414,254.246511891885,-193.896443100446,-2461.05594170204
"OPTOTRAK _ P78 _ Right _ 1",159.501704670351,-201.994195776542,-2391.35239022498,255.097258068235,-194.533727915704,-2461.64270835256
"OPTOTRAK _ P78 _ Right _ 1",159.050107884429,-202.26751112883,-2391.53380966783,255.757725091234,-195.063085830266,-2462.16314254818
"OPTOTRAK _ P78 _ Right _ 1",158.771695389042,-202.466471784848,-2391.689184034,256.172645525284,-195.430076917521,-2462.59823018748
"OPTOTRAK _ P78 _ Right _ 1",158.73466218681,-202.569255732706,-2391.83389309116,256.266825281319,-195.553554494064,-2462.88502061657
"OPTOTRAK _ P78 _ Right _ 1",159.009553311573,-202.558329435168,-2391.99040831645,255.939670017237,-195.337753799979,-2462.90654529328
"OPTOTRAK _ P78 _ Right _ 1",159.659805956516,-202.42289408754,-2392.18235851791,255.069549663623,-194.694017427367,-2462.49580594763
"OPTOTRAK _ P78 _ Right _ 1",160.729903851783,-202.161732495284,-2392.42888396892,253.529363067455,-193.568753554494,-2461.45599343342
"OPTOTRAK _ P78 _ Right _ 1",162.234228175908,-201.785611307229,-2392.74088834161,251.210743146663,-191.970736345157,-2459.59438280388
"OPTOTRAK _ P78 _ Right _ 1",164.150190488558,-201.31817476341,-2393.12024928916,248.051065537502,-189.988715927268,-2456.7628394739
"OPTOTRAK _ P78 _ Right _ 1",166.418072688509,-200.794569965243,-2393.56196747595,244.056343609387,-187.791260158185,-2452.89537432888
"OPTOTRAK _ P78 _ Right _ 1",168.947687556233,-200.257695683938,-2394.05798292512,239.31467575161,-185.605322313883,-2448.03381747785
"OPTOTRAK _ P78 _ Right _ 1",171.629703571891,-199.752627824526,-2394.60058556177,233.998034768279,-183.676758351516,-2442.33607723086
"OPTOTRAK _ P78 _ Right _ 1",174.348287526941,-199.320252242843,-2395.18354203389,228.352950545857,-182.222204447586,-2436.0659356571
"OPTOTRAK _ P78 _ Right _ 1",176.992031219895,-198.991426906216,-2395.80036077533,222.681577390334,-181.384979512727,-2429.56682199646
"OPTOTRAK _ P78 _ Right _ 1",179.461750706735,-198.783048522956,-2396.44096593317,217.3137543865,-181.206958138266,-2423.22323706714
"OPTOTRAK _ P78 _ Right _ 1",181.675807021271,-198.697019195702,-2397.08930588079,212.569903076244,-181.624047005674,-2417.41319145504
"OPTOTRAK _ P78 _ Right _ 1",183.574723369938,-198.722239959597,-2397.72405542903,208.716587269307,-182.48631622358,-2412.45571296568
"OPTOTRAK _ P78 _ Right _ 1",185.126135550074,-198.838753622843,-2398.3226880497,205.921666153345,-183.596804497022,-2408.56103567329
"OPTOTRAK _ P78 _ Right _ 1",186.329022808309,-199.022578679939,-2398.86713338157,204.220866176062,-184.757655246637,-2405.79567851709
"OPTOTRAK _ P78 _ Right _ 1",187.214474213219,-199.249888142096,-2399.34837926328,203.507662231728,-185.810598320755,-2404.07528789208
"OPTOTRAK _ P78 _ Right _ 1",187.84047116641,-199.499784773223,-2399.76805426208,203.552145886447,-186.66171762541,-2403.19164677908
"OPTOTRAK _ P78 _ Right _ 1",188.280289661948,-199.755610292972,-2400.13658839945,204.045519166196,-187.286547643662,-2402.86919092556
"OPTOTRAK _ P78 _ Right _ 1",188.606739511141,-200.005226067141,-2400.4690906295,204.660131506477,-187.717882430398,-2402.83688706243
"OPTOTRAK _ P78 _ Right _ 1",188.876067756175,-200.240882960511,-2400.78089440524,205.112884919722,-188.022809373515,-2402.89752051977
"OPTOTRAK _ P78 _ Right _ 1",189.115388514055,-200.459103719035,-2401.084473012,205.221009894626,-188.276652089825,-2402.97802200335
"OPTOTRAK _ P78 _ Right _ 1",189.316336897934,-200.660553279181,-2401.38833328202,204.941277886906,-188.540370332546,-2403.14916821696
"OPTOTRAK _ P78 _ Right _ 1",189.436070955203,-200.849508235357,-2401.69730432443,204.385556118235,-188.845716146613,-2403.60929209867
"OPTOTRAK _ P78 _ Right _ 1",189.405402949923,-201.032557721424,-2402.01310245492,203.807631754454,-189.190114938509,-2404.63400123994
"OPTOTRAK _ P78 _ Right _ 1",189.142879028212,-201.216549500187,-2402.33435310992,203.559502951287,-189.541257701074,-2406.50171375457
"OPTOTRAK _ P78 _ Right _ 1",188.57278187885,-201.406233749619,-2402.65596304736,204.020717894986,-189.849622919569,-2409.41170112765
"OPTOTRAK _ P78 _ Right _ 1",187.644039335101,-201.602273963638,-2402.96832184396,205.511789517729,-190.065352254617,-2413.41518061338
"OPTOTRAK _ P78 _ Right _ 1",186.345990592575,-201.800231898143,-2403.25701972069,208.210513187696,-190.154309141638,-2418.3786779913
"OPTOTRAK _ P78 _ Right _ 1",184.716518911495,-201.990889161592,-2403.50363966153,212.094440108353,-190.107778016468,-2423.99150571929
"OPTOTRAK _ P78 _ Right _ 1",182.839153376042,-202.161930809251,-2403.68783420836,216.929426525814,-189.94237404901,-2429.81737231625
"OPTOTRAK _ P78 _ Right _ 1",180.828852472946,-202.300637571964,-2403.79044339408,222.311587020689,-189.691189780183,-2435.37760818075
"OPTOTRAK _ P78 _ Right _ 1",178.810350125426,-202.396917068517,-2403.79702403013,227.752381730538,-189.391501096587,-2440.24435736311
"OPTOTRAK _ P78 _ Right _ 1",176.895907911337,-202.44590875298,-2403.70104667375,232.78215586871,-189.07539446572,-2444.11927362113
"OPTOTRAK _ P78 _ Right _ 1",175.169171422323,-202.449603884808,-2403.50622573732,237.042708540303,-188.766858195746,-2446.87795638635
"OPTOTRAK _ P78 _ Right _ 1",173.678657763554,-202.417323509489,-2403.22776558345,240.345311030117,-188.484662135853,-2448.57139610486
"OPTOTRAK _ P78 _ Right _ 1",172.440190013074,-202.365233878145,-2402.89241659591,242.683248610483,-188.247659686682,-2449.38915641387
"OPTOTRAK _ P78 _ Right _ 1",171.444653288853,-202.315139092102,-2402.53708650868,244.202063459532,-188.078948743828,-2449.5996128888
"OPTOTRAK _ P78 _ Right _ 1",170.666880865329,-202.292629738148,-2402.20568369772,245.141603611291,-188.006712298241,-2449.48648504043
"OPTOTRAK _ P78 _ Right _ 1",170.072834463768,-202.324552818455,-2401.94423888022,245.769001372248,-188.061256520786,-2449.29780382209
"OPTOTRAK _ P78 _ Right _ 1",169.624276502638,-202.435866410759,-2401.79504566606,246.320404536871,-188.269087681773,-2449.21603732601
"OPTOTRAK _ P78 _ Right _ 1",169.281765985061,-202.646130875528,-2401.79102408339,246.963215966149,-188.64562533384,-2449.34997303921
"OPTOTRAK _ P78 _ Right _ 1",169.007514001731,-202.965968439158,-2401.95132342924,247.782324348678,-189.188315403165,-2449.7428392432
"OPTOTRAK _ P78 _ Right _ 1",168.769338801819,-203.39381471372,-2402.27853442585,248.786044152962,-189.87159860499,-2450.38823380233
"OPTOTRAK _ P78 _ Right _ 1",168.54594680814,-203.913397348322,-2402.75741756556,249.922548523207,-190.644704067626,-2451.24565334025
"OPTOTRAK _ P78 _ Right _ 1",168.332588768344,-204.492690425639,-2403.35519907739,251.096848529874,-191.432887493968,-2452.24992252197
"OPTOTRAK _ P78 _ Right _ 1",168.145379022909,-205.085366728199,-2404.02398347996,252.181700106965,-192.142610335589,-2453.31243109725
"OPTOTRAK _ P78 _ Right _ 1",168.022516514995,-205.635600319853,-2404.70598798312,253.021495287395,-192.671111603637,-2454.31579469942
"OPTOTRAK _ P78 _ Right _ 1",168.02122832232,-206.08625219002,-2405.34165643148,253.433643916249,-192.920583768415,-2455.10674408863
"OPTOTRAK _ P78 _ Right _ 1",168.210186823212,-206.389206182553,-2405.87944567412,253.21481708215,-192.816382545709,-2455.49412421495
"OPTOTRAK _ P78 _ Right _ 1",168.658156261575,-206.515444408753,-2406.28488078371,252.158489004726,-192.327085366017,-2455.25893226615
"OPTOTRAK _ P78 _ Right _ 1",169.420518551032,-206.461952815012,-2406.54607814315,250.085799413486,-191.481946371199,-2454.18050737674
"OPTOTRAK _ P78 _ Right _ 1",170.525993459471,-206.253090820349,-2406.67371553961,246.885512719611,-190.379417785786,-2452.07749592182
"OPTOTRAK _ P78 _ Right _ 1",171.966177950561,-205.93558767803,-2406.6952106511,242.55329490337,-189.180554756543,-2448.85575676719
"OPTOTRAK _ P78 _ Right _ 1",173.690313272226,-205.568347743178,-2406.64497361126,237.218294587614,-188.084481718945,-2444.55055861821
"OPTOTRAK _ P78 _ Right _ 1",175.606917497432,-205.209973724651,-2406.55412529124,231.147330669199,-187.28920617049,-2439.349397412
"OPTOTRAK _ P78 _ Right _ 1",177.592864414917,-204.907582307572,-2406.44326412304,224.722494295365,-186.947454574096,-2433.5849854162
"OPTOTRAK _ P78 _ Right _ 1",179.509359064554,-204.68975699086,-2406.32046733853,218.393910268594,-187.130621691246,-2427.69439325724
"OPTOTRAK _ P78 _ Right _ 1",181.222837382463,-204.564743719495,-2406.18428457675,212.614316598715,-187.81239414339,-2422.14875256084
"OPTOTRAK _ P78 _ Right _ 1",182.626985553254,-204.523154167408,-2406.02930653697,207.766458078891,-188.877549605564,-2417.36724307174
"OPTOTRAK _ P78 _ Right _ 1",183.660633347253,-204.543343180751,-2405.85121591473,204.09806047258,-190.153145212891,-2413.63670573219
"OPTOTRAK _ P78 _ Right _ 1",184.316550684298,-204.597550686711,-2405.64931249201,201.680180313765,-191.451931348066,-2411.05976974444
"OPTOTRAK _ P78 _ Right _ 1",184.638623880907,-204.657502181417,-2405.42642221148,200.400451081123,-192.614324351515,-2409.5470659678
"OPTOTRAK _ P78 _ Right _ 1",184.708424780257,-204.698854598969,-2405.18753102862,199.993664053839,-193.537022669181,-2408.8553380343
"OPTOTRAK _ P78 _ Right _ 1",184.62503986109,-204.704283921388,-2404.93871025394,200.102288091989,-194.182129426267,-2408.65955651065
"OPTOTRAK _ P78 _ Right _ 1",184.483071624017,-204.665144585935,-2404.68710920996,200.353190355246,-194.567472396492,-2408.63910567542
"OPTOTRAK _ P78 _ Right _ 1",184.353029383404,-204.581683774782,-2404.44166725007,200.43522531055,-194.744045926128,-2408.55715978015
"OPTOTRAK _ P78 _ Right _ 1",184.266798056908,-204.461907715492,-2404.21341087869,200.164038661415,-194.769034721015,-2408.31653189711
"OPTOTRAK _ P78 _ Right _ 1",184.209572709722,-204.319380215155,-2404.01415921944,199.523444561632,-194.68285886029,-2407.98181319121
"OPTOTRAK _ P78 _ Right _ 1",184.119152269102,-204.170413888594,-2403.85321852752,198.676110162469,-194.496729311125,-2407.76462807311
"OPTOTRAK _ P78 _ Right _ 1",183.893550974397,-204.031216299575,-2403.73287363969,197.940035112685,-194.193989134993,-2407.97549554659
"OPTOTRAK _ P78 _ Right _ 1",183.40762956635,-203.915523571686,-2403.64453856367,197.731911071285,-193.744620972364,-2408.95182641087
"OPTOTRAK _ P78 _ Right _ 1",182.538003449261,-203.833073391438,-2403.56764650861,198.484281297095,-193.128299205953,-2410.97656107809
"OPTOTRAK _ P78 _ Right _ 1",181.192691131812,-203.789007668011,-2403.47250077006,200.550247237969,-192.35803626778,-2414.20489481055
"OPTOTRAK _ P78 _ Right _ 1",179.338745762842,-203.784113750141,-2403.32677783754,204.115736868929,-191.495004886706,-2418.61612847007
"OPTOTRAK _ P78 _ Right _ 1",177.019332739489,-203.815794897823,-2403.10392764104,209.141947024349,-190.646896685389,-2424.00298166733
"OPTOTRAK _ P78 _ Right _ 1",174.353269149447,-203.879670754707,-2402.79094056694,215.356087048433,-189.947770233855,-2430.00204976877
"OPTOTRAK _ P78 _ Right _ 1",171.515291790035,-203.971556246852,-2402.39306561312,222.296182742752,-189.525111429928,-2436.15850653221
"OPTOTRAK _ P78 _ Right _ 1",168.702202639382,-204.089278283073,-2401.93399403099,229.399331398946,-189.465901735061,-2442.00889000297
"OPTOTRAK _ P78 _ Right _ 1",166.095108395087,-204.233603004398,-2401.45142832134,236.109351323148,-189.794194637304,-2447.16114852875
"OPTOTRAK _ P78 _ Right _ 1",163.828752277025,-204.407678410196,-2400.98929253771,241.974869293709,-190.467565258398,-2451.35297025494
"OPTOTRAK _ P78 _ Right _ 1",161.975438657796,-204.614880153775,-2400.58862648412,246.713887993039,-191.391926262101,-2454.4771393558
"OPTOTRAK _ P78 _ Right _ 1",160.545347344355,-204.855624269686,-2400.27930699192,250.233033997674,-192.447762128735,-2456.57311739465
"OPTOTRAK _ P78 _ Right _ 1",159.499769652076,-205.124283148162,-2400.07433881759,252.604058266959,-193.518313614856,-2457.79316649171
"OPTOTRAK _ P78 _ Right _ 1",158.770867255791,-205.407493634647,-2399.96779927928,254.011646234144,-194.511603400299,-2458.35615824415
"OPTOTRAK _ P78 _ Right _ 1",158.281484534919,-205.68473879952,-2399.93674375834,254.69175769622,-195.371776795249,-2458.50202378754
"OPTOTRAK _ P78 _ Right _ 1",157.960600303386,-205.931264380316,-2399.94657285753,254.877887907941,-196.079143891855,-2458.45583259514
"OPTOTRAK _ P78 _ Right _ 1",157.752797527627,-206.122510882406,-2399.95865405232,254.765760465824,-196.641239794025,-2458.40486510642
"OPTOTRAK _ P78 _ Right _ 1",157.622353284971,-206.23869669938,-2399.93854265108,254.49832604811,-197.078647810791,-2458.48681762253
"OPTOTRAK _ P78 _ Right _ 1",157.553528274652,-206.268225232746,-2399.863076923,254.165695860715,-197.409479920507,-2458.78402318235
"OPTOTRAK _ P78 _ Right _ 1",157.548505658216,-206.209151974223,-2399.72493101742,253.810856602465,-197.635955104998,-2459.31820482371
"OPTOTRAK _ P78 _ Right _ 1",157.623882068118,-206.068681689086,-2399.53378656707,253.432492948743,-197.736029156597,-2460.04273695297
"OPTOTRAK _ P78 _ Right _ 1",157.806325921697,-205.86116053552,-2399.31397451046,252.980537165354,-197.662563236425,-2460.83354926429
"OPTOTRAK _ P78 _ Right _ 1",158.128179053798,-205.605111851118,-2399.09909125971,252.346502111186,-197.35171678304,-2461.48396295384
"OPTOTRAK _ P78 _ Right _ 1",158.623958702244,-205.319724250258,-2398.92460468134,251.356724176002,-196.740700037613,-2461.71127958984
"OPTOTRAK _ P78 _ Right _ 1",159.328202019142,-205.021209014028,-2398.81982968204,249.779782792365,-195.792486759242,-2461.18261553906
"OPTOTRAK _ P78 _ Right _ 1",160.273675477411,-204.719774722314,-2398.80090236693,247.357589868888,-194.52179243873,-2459.56359731666
"OPTOTRAK _ P78 _ Right _ 1",161.487616663876,-204.418316686066,-2398.86641867675,243.862163971975,-193.013651542096,-2456.58632124624
"OPTOTRAK _ P78 _ Right _ 1",162.984003782288,-204.113711732703,-2398.99699752372,239.168459657772,-191.425170876987,-2452.12400763068
"OPTOTRAK _ P78 _ Right _ 1",164.752425599886,-203.800627114928,-2399.15908968549,233.322377683665,-189.964270497536,-2446.2521489749
"OPTOTRAK _ P78 _ Right _ 1",166.747474517644,-203.47649545489,-2399.31215133967,226.578269009926,-188.846720392758,-2439.27370746505
"OPTOTRAK _ P78 _ Right _ 1",168.88429245061,-203.145598620677,-2399.41731659152,219.385887106905,-188.242308509283,-2431.69222857947
"OPTOTRAK _ P78 _ Right _ 1",171.044611025815,-202.820485636391,-2399.44529837531,212.322007641982,-188.22806922455,-2424.13144312218
"OPTOTRAK _ P78 _ Right _ 1",173.093856141103,-202.520035838758,-2399.38152163164,205.98104247781,-188.76653887791,-2417.21828222374
"OPTOTRAK _ P78 _ Right _ 1",174.905378211586,-202.264823733716,-2399.22737327814,200.853980802485,-189.71838267912,-2411.4604366741
"OPTOTRAK _ P78 _ Right _ 1",176.384695518421,-202.07147259891,-2398.99772180326,197.229659748466,-190.88490865893,-2407.15283647189
"OPTOTRAK _ P78 _ Right _ 1",177.486366984761,-201.947977017836,-2398.71604659162,195.144941298157,-192.064051150223,-2404.33793186028
"OPTOTRAK _ P78 _ Right _ 1",178.218865785825,-201.891432225395,-2398.40903721942,194.394261605536,-193.099497221415,-2402.8268625191
"OPTOTRAK _ P78 _ Right _ 1",178.637029762227,-201.88856372724,-2398.10214653607,194.591266703593,-193.90773448468,-2402.27045922176
"OPTOTRAK _ P78 _ Right _ 1",178.825192603366,-201.918472774078,-2397.81667563662,195.26288992538,-194.477859072046,-2402.25734543349
"OPTOTRAK _ P78 _ Right _ 1",178.875750306548,-201.956523687866,-2397.5681488289,195.952434334049,-194.84868106298,-2402.41363591967
"OPTOTRAK _ P78 _ Right _ 1",178.867777457262,-201.978365543203,-2397.36537915112,196.311352609051,-195.073786502857,-2402.48305449466
"OPTOTRAK _ P78 _ Right _ 1",178.84918105278,-201.963487511538,-2397.20974795533,196.165488251733,-195.187134810133,-2402.37408970522
"OPTOTRAK _ P78 _ Right _ 1",178.824667157257,-201.898147850273,-2397.09465448574,195.547390834699,-195.180238619242,-2402.16898782436
"OPTOTRAK _ P78 _ Right _ 1",178.751074421679,-201.777753181702,-2397.00559890265,194.690931937833,-194.998066105094,-2402.09634976053
"OPTOTRAK _ P78 _ Right _ 1",178.541375736392,-201.60869100408,-2396.92164043398,193.988484197091,-194.555507189925,-2402.47452389157
"OPTOTRAK _ P78 _ Right _ 1",178.078252759184,-201.409283413325,-2396.81872394236,193.91556842858,-193.770426455934,-2403.637120321
"OPTOTRAK _ P78 _ Right _ 1",177.236801654061,-201.209174129927,-2396.67457652814,194.933807651374,-192.603951699113,-2405.85494872512
"OPTOTRAK _ P78 _ Right _ 1",175.913296335607,-201.046448416528,-2396.47397261554,197.389652376277,-191.095023270698,-2409.27003808848
"OPTOTRAK _ P78 _ Right _ 1",174.053764776543,-200.962336494532,-2396.21275609616,201.431293944326,-189.376005392379,-2413.85605054405
"OPTOTRAK _ P78 _ Right _ 1",171.674252563886,-200.994280922256,-2395.89935856041,206.965820699576,-187.660695627308,-2419.41435874344
"OPTOTRAK _ P78 _ Right _ 1",168.865870884681,-201.168947987103,-2395.55341447673,213.670325106124,-186.20502394856,-2425.60659557615
"OPTOTRAK _ P78 _ Right _ 1",165.782232640962,-201.496986153691,-2395.20198557961,221.055569751503,-185.250969057467,-2432.01488597041
"OPTOTRAK _ P78 _ Right _ 1",162.612704416493,-201.97088298458,-2394.87453258889,228.564630784621,-184.970881767621,-2438.2138220479
"OPTOTRAK _ P78 _ Right _ 1",159.549269009585,-202.566367007359,-2394.59796277959,235.678586004764,-185.429120063938,-2443.83644971311
"OPTOTRAK _ P78 _ Right _ 1",156.75595459558,-203.246814485139,-2394.39282249682,242.000910379476,-186.57115165749,-2448.62048708142
"OPTOTRAK _ P78 _ Right _ 1",154.347759012398,-203.969415703633,-2394.27113098134,247.301415919192,-188.240714292939,-2452.42843177273
"OPTOTRAK _ P78 _ Right _ 1",152.382125571933,-204.691625585655,-2394.23573742295,251.515330473736,-190.217416457936,-2455.24281805735
"OPTOTRAK _ P78 _ Right _ 1",150.862093553753,-205.376616446092,-2394.28071125168,254.707577464535,-192.262906065198,-2457.14323621951
"OPTOTRAK _ P78 _ Right _ 1",149.747629869756,-205.996874123608,-2394.39229156056,257.020957150812,-194.163854841984,-2458.27412433906
"OPTOTRAK _ P78 _ Right _ 1",148.970827733693,-206.535572568814,-2394.55023851967,258.627115501733,-195.763226064304,-2458.81215352243
"OPTOTRAK _ P78 _ Right _ 1",148.451281036802,-206.985832538031,-2394.72975570565,259.692504663877,-196.975612038738,-2458.93973683305
"OPTOTRAK _ P78 _ Right _ 1",148.109299416601,-207.348330941794,-2394.90419629282,260.362257562248,-197.786213576808,-2458.82740259618
"OPTOTRAK _ P78 _ Right _ 1",147.876076880182,-207.627928062805,-2395.04850424659,260.7570170696,-198.235691589445,-2458.62369646228
"OPTOTRAK _ P78 _ Right _ 1",147.701008144961,-207.830064107278,-2395.14301072558,260.9735233949,-198.394941204817,-2458.44848376946
"OPTOTRAK _ P78 _ Right _ 1",147.556774587359,-207.957691240215,-2395.17698192049,261.080098411129,-198.335332508857,-2458.38504347146
"OPTOTRAK _ P78 _ Right _ 1",147.442572486538,-208.009379668475,-2395.15114545808,261.102946919484,-198.101265557914,-2458.46820011127
"OPTOTRAK _ P78 _ Right _ 1",147.385249012185,-207.978877932497,-2395.07827220507,261.006492048827,-197.692476556397,-2458.6691865554
"OPTOTRAK _ P78 _ Right _ 1",147.437626113403,-207.855934641665,-2394.98097627868,260.677082886321,-197.062377513498,-2458.8817685286
"OPTOTRAK _ P78 _ Right _ 1",147.673239842156,-207.627905251984,-2394.886506572,259.921008028111,-196.135048954533,-2458.91689678023
"OPTOTRAK _ P78 _ Right _ 1",148.177135792493,-207.281773949002,-2394.8194263685,258.484134761278,-194.837807382875,-2458.5133906044
"OPTOTRAK _ P78 _ Right _ 1",149.033130354408,-206.806589849172,-2394.79426925193,256.093754097578,-193.140427440808,-2457.36925338257
"OPTOTRAK _ P78 _ Right _ 1",150.308881151125,-206.196568217692,-2394.81081032089,252.516358054778,-191.088488658372,-2455.19265393468
"OPTOTRAK _ P78 _ Right _ 1",152.040929479986,-205.454892393455,-2394.85391898886,247.620186404665,-188.818588268407,-2451.76487673577
"OPTOTRAK _ P78 _ Right _ 1",154.222359871457,-204.597542524293,-2394.89813145137,241.428958316856,-186.547599761311,-2447.0017558903
"OPTOTRAK _ P78 _ Right _ 1",156.795797856289,-203.655687967507,-2394.91502935144,234.152988865974,-184.535672064704,-2440.99732958732
"OPTOTRAK _ P78 _ Right _ 1",159.65404198259,-202.674971714421,-2394.88046946179,226.186202047547,-183.031152923548,-2434.03509554123
"OPTOTRAK _ P78 _ Right _ 1",162.649503856454,-201.710795579721,-2394.7792481032,218.063313395653,-182.212477662536,-2426.55868317707
"OPTOTRAK _ P78 _ Right _ 1",165.611851104923,-200.820217779288,-2394.6063986184,210.38057429016,-182.144722141513,-2419.10391962367
"OPTOTRAK _ P78 _ Right _ 1",168.371307002296,-200.052484317349,-2394.36591528001,203.693818804106,-182.765205019226,-2412.20546437132
"OPTOTRAK _ P78 _ Right _ 1",170.783546395868,-199.440796304995,-2394.0684338165,198.41592386464,-183.903396750829,-2406.29987267381
"OPTOTRAK _ P78 _ Right _ 1",172.751358670624,-198.997497212128,-2393.72917488139,194.739228240557,-185.328356188158,-2401.65005623207
"OPTOTRAK _ P78 _ Right _ 1",174.238400961644,-198.713766212251,-2393.36673276589,192.604705188098,-186.807009278431,-2398.31189062579
"OPTOTRAK _ P78 _ Right _ 1",175.271588429279,-198.563601799123,-2393.00259486458,191.728216458029,-188.153543095683,-2396.15240695088
"OPTOTRAK _ P78 _ Right _ 1",175.930844767833,-198.510799807967,-2392.6608742086,191.678106723041,-189.255381194766,-2394.91379204374
"OPTOTRAK _ P78 _ Right _ 1",176.327584687426,-198.517030896467,-2392.36759640758,191.98411481306,-190.071539040872,-2394.30392577714
"OPTOTRAK _ P78 _ Right _ 1",176.575828149066,-198.549043713399,-2392.1488484313,192.250609018145,-190.609370763654,-2394.0873775947
"OPTOTRAK _ P78 _ Right _ 1",176.761744178128,-198.583391583874,-2392.02717846099,192.248468184682,-190.891934876017,-2394.15219735185
"OPTOTRAK _ P78 _ Right _ 1",176.918311100491,-198.607843206572,-2392.01609821444,191.966680874751,-190.929426653343,-2394.5357863476
"OPTOTRAK _ P78 _ Right _ 1",177.01145919187,-198.619664047923,-2392.11355749492,191.613636456224,-190.705267925619,-2395.40472107975
"OPTOTRAK _ P78 _ Right _ 1",176.942476141066,-198.621918484273,-2392.2964841089,191.567488286583,-190.181946907496,-2396.99572329498
"OPTOTRAK _ P78 _ Right _ 1",176.568544868597,-198.619416602645,-2392.51909124521,192.284606625426,-189.324934162507,-2399.53523525054
"OPTOTRAK _ P78 _ Right _ 1",175.738973147952,-198.615703824006,-2392.71697923487,194.184732273452,-188.13636758172,-2403.16061193459
"OPTOTRAK _ P78 _ Right _ 1",174.339370269063,-198.611779585122,-2392.8171977088,197.539416574559,-186.685404277497,-2407.86488191994
"OPTOTRAK _ P78 _ Right _ 1",172.331441219782,-198.606488492654,-2392.75225483547,202.393353240889,-185.121243647215,-2413.47936396196
"OPTOTRAK _ P78 _ Right _ 1",169.775139589813,-198.598058996196,-2392.47456884026,208.542380367261,-183.659506471285,-2419.69671655678
"OPTOTRAK _ P78 _ Right _ 1",166.824723560303,-198.586084498022,-2391.96759819592,215.576048143432,-182.542382842042,-2426.12535293395
"OPTOTRAK _ P78 _ Right _ 1",163.699489919204,-198.573244493334,-2391.25083776708,222.971336241348,-181.983751462478,-2432.35826926961
"OPTOTRAK _ P78 _ Right _ 1",160.639104400949,-198.566172417752,-2390.37759180082,230.206807563125,-182.116747296888,-2438.03732565296
"OPTOTRAK _ P78 _ Right _ 1",157.857959852287,-198.575066430389,-2389.42626305447,236.861600193989,-182.960031249551,-2442.89815730615
"OPTOTRAK _ P78 _ Right _ 1",155.511326551535,-198.611933699005,-2388.48723541163,242.672906255752,-184.411901573268,-2446.78925685848
"OPTOTRAK _ P78 _ Right _ 1",153.680020615223,-198.687774353616,-2387.64804959672,247.543473354402,-186.272424919876,-2449.66753350757
"OPTOTRAK _ P78 _ Right _ 1",152.373284338783,-198.809459465311,-2386.97961599417,251.508541156979,-188.286316141962,-2451.57817052713
"OPTOTRAK _ P78 _ Right _ 1",151.544421482532,-198.977343692303,-2386.52589566933,254.682517455938,-190.195018629376,-2452.62779184524
"OPTOTRAK _ P78 _ Right _ 1",151.111751888773,-199.184574086045,-2386.2988624902,257.206988339012,-191.785701783745,-2452.95834896416
"OPTOTRAK _ P78 _ Right _ 1",150.978391026209,-199.418523717825,-2386.27954057785,259.215034601774,-192.927050955396,-2452.72666840488
"OPTOTRAK _ P78 _ Right _ 1",151.047038612256,-199.663940787221,-2386.42453090386,260.816553020551,-193.585450848548,-2452.09193373039
"OPTOTRAK _ P78 _ Right _ 1",151.228942720172,-199.906656454054,-2386.67610789696,262.10001933111,-193.819340768714,-2451.21051789715
"OPTOTRAK _ P78 _ Right _ 1",151.448373020716,-200.136461944794,-2386.97329457951,263.141088238876,-193.753772677273,-2450.23500764806
"OPTOTRAK _ P78 _ Right _ 1",151.644824840197,-200.348178388448,-2387.26161693098,264.008388957734,-193.54131083004,-2449.3128403202
"OPTOTRAK _ P78 _ Right _ 1",151.774940612392,-200.540730400294,-2387.50018297689,264.760477194805,-193.318565121653,-2448.58016742115
"OPTOTRAK _ P78 _ Right _ 1",151.81523117604,-200.714753331608,-2387.66568676724,265.432846394203,-193.168726478699,-2448.14821577839
"OPTOTRAK _ P78 _ Right _ 1",151.765553547429,-200.869633132266,-2387.75347936667,266.018230011671,-193.098976160026,-2448.08214801558
"OPTOTRAK _ P78 _ Right _ 1",151.652290161289,-201.000902016773,-2387.77600843777,266.4461606124,-193.03810264357,-2448.37578679069
"OPTOTRAK _ P78 _ Right _ 1",151.529536481057,-201.098747825043,-2387.75899325041,266.568775763195,-192.855152957081,-2448.92885177031
"OPTOTRAK _ P78 _ Right _ 1",151.476539085663,-201.148157456031,-2387.73590444805,266.159476987575,-192.395429982358,-2449.53547747467
"OPTOTRAK _ P78 _ Right _ 1",151.590196694003,-201.130917341185,-2387.74163962702,264.929548414582,-191.526278259209,-2449.89260272234
"OPTOTRAK _ P78 _ Right _ 1",151.972483547748,-201.029299155655,-2387.80648609918,262.565297613645,-190.182403344081,-2449.63370868683
"OPTOTRAK _ P78 _ Right _ 1",152.713880878851,-200.830776880001,-2387.95132154736,258.784526656267,-188.399486474736,-2448.38752111043
"OPTOTRAK _ P78 _ Right _ 1",153.875105265187,-200.532659571547,-2388.1845646649,253.405879347259,-186.326087007677,-2445.85375091756
"OPTOTRAK _ P78 _ Right _ 1",155.470538250824,-200.145263074707,-2388.50092764747,246.418013495205,-184.207553052339,-2441.88054509905
"OPTOTRAK _ P78 _ Right _ 1",157.457506888119,-199.692381831026,-2388.88178826406,238.029552658823,-182.341816212456,-2436.52341717879
"OPTOTRAK _ P78 _ Right _ 1",159.735233512922,-199.208476268399,-2389.29700763078,228.679468078966,-181.014882723562,-2430.06561088699
"OPTOTRAK _ P78 _ Right _ 1",162.15534176383,-198.733026127088,-2389.708092447,218.9946399813,-180.431772461459,-2422.98707381748
"OPTOTRAK _ P78 _ Right _ 1",164.542770123955,-198.303469949998,-2390.07255813802,209.696320150397,-180.663355918948,-2415.88310415091
"OPTOTRAK _ P78 _ Right _ 1",166.723134510825,-197.948576323395,-2390.34917021259,201.474427127266,-181.627438130621,-2409.35023570139
"OPTOTRAK _ P78 _ Right _ 1",168.551046277516,-197.683846652355,-2390.50354515113,194.860672712688,-183.112322875505,-2403.86932467681
"OPTOTRAK _ P78 _ Right _ 1",169.933749804825,-197.509888906986,-2390.51347805128,190.133524856565,-184.836112274897,-2399.71818464739
"OPTOTRAK _ P78 _ Right _ 1",170.845317410847,-197.413942977177,-2390.37330281529,187.279296166524,-186.521797037311,-2396.93692335392
"OPTOTRAK _ P78 _ Right _ 1",171.328292027991,-197.374040779988,-2390.09651831964,186.017406346832,-187.963163275291,-2395.35219222933
"OPTOTRAK _ P78 _ Right _ 1",171.481991312363,-197.364731585768,-2389.71589832466,185.88000196486,-189.061739578715,-2394.64901247366
"OPTOTRAK _ P78 _ Right _ 1",171.43933747772,-197.363009258351,-2389.2805260492,186.323167071519,-189.826979252372,-2394.46727920387
"OPTOTRAK _ P78 _ Right _ 1",171.336465081752,-197.35312174419,-2388.84971882231,186.842878568752,-190.344494803279,-2394.49722000451
"OPTOTRAK _ P78 _ Right _ 1",171.28097021449,-197.329268113409,-2388.48443639406,187.072882366867,-190.725766515458,-2394.55242802662
"OPTOTRAK _ P78 _ Right _ 1",171.325227809381,-197.295658320656,-2388.23724019103,186.849585343272,-191.055890556801,-2394.60697871912
"OPTOTRAK _ P78 _ Right _ 1",171.450618499158,-197.263945012963,-2388.14215851314,186.236658410456,-191.354438847443,-2394.79156579944
"OPTOTRAK _ P78 _ Right _ 1",171.566809466893,-197.248627181852,-2388.20609339579,185.50750152444,-191.559908739284,-2395.35127005395
"OPTOTRAK _ P78 _ Right _ 1",171.527627711624,-197.261611548621,-2388.40375608257,185.0877456967,-191.541949077663,-2396.57443666609
"OPTOTRAK _ P78 _ Right _ 1",171.161836421226,-197.307497226828,-2388.67823340788,185.464503052864,-191.138616374794,-2398.7081656467
"OPTOTRAK _ P78 _ Right _ 1",170.313544522162,-197.381076304697,-2388.94858404821,187.075564771828,-190.209194500601,-2401.8801986744
"OPTOTRAK _ P78 _ Right _ 1",168.883473870304,-197.467948574038,-2389.12406359114,190.199637590736,-188.687709845111,-2406.04761677958
"OPTOTRAK _ P78 _ Right _ 1",166.859965361474,-197.548240544461,-2389.12223526147,194.874693894585,-186.620069088275,-2410.98786172791
"OPTOTRAK _ P78 _ Right _ 1",164.329328122681,-197.602520010364,-2388.88649979707,200.870318996703,-184.171065238184,-2416.33686808327
"OPTOTRAK _ P78 _ Right _ 1",161.460454429308,-197.618331821101,-2388.39840514814,207.727670101378,-181.597076787239,-2421.66502113113
"OPTOTRAK _ P78 _ Right _ 1",158.467535746805,-197.595474441881,-2387.6816006345,214.859329631529,-179.192892674922,-2426.56923120632
"OPTOTRAK _ P78 _ Right _ 1",155.563076878291,-197.548321037126,-2386.7968536722,221.679987413945,-177.230332180988,-2430.75404609592
"OPTOTRAK _ P78 _ Right _ 1",152.916540989195,-197.504238002497,-2385.83011332758,227.728320582698,-175.907340416911,-2434.0791963091
"OPTOTRAK _ P78 _ Right _ 1",150.630322884191,-197.498323291798,-2384.87719049807,232.74562829737,-175.319635755114,-2436.56349843199
"OPTOTRAK _ P78 _ Right _ 1",148.736902482864,-197.565879120429,-2384.02879673936,236.694066023619,-175.457641234641,-2438.3500361465
"OPTOTRAK _ P78 _ Right _ 1",147.213306147458,-197.734763209673,-2383.35874681434,239.718052801155,-176.224107461629,-2439.64873185926
"OPTOTRAK _ P78 _ Right _ 1",146.00452465354,-198.019718985007,-2382.91674444959,242.06854321786,-177.464394678103,-2440.67615163438
"OPTOTRAK _ P78 _ Right _ 1",145.047019782971,-198.420016453005,-2382.72586943525,244.017141336043,-179.001140869643,-2441.60881215014
"OPTOTRAK _ P78 _ Right _ 1",144.285838154631,-198.920612635282,-2382.78393455756,245.785189128987,-180.666442649932,-2442.55833948356
"OPTOTRAK _ P78 _ Right _ 1",143.68247812916,-199.496038908755,-2383.06740390378,247.50426799081,-182.326555049443,-2443.56843276141
"OPTOTRAK _ P78 _ Right _ 1",143.214076605029,-200.115675256331,-2383.53659375885,249.212613490587,-183.896084806866,-2444.62781625134
"OPTOTRAK _ P78 _ Right _ 1",142.8668300872,-200.749024986079,-2384.14127186706,250.880690928406,-185.340729045287,-2445.69146368638
"OPTOTRAK _ P78 _ Right _ 1",142.627564001205,-201.369880634147,-2384.82620869617,252.451761741689,-186.669644670817,-2446.7035301831
"OPTOTRAK _ P78 _ Right _ 1",142.477125981885,-201.958686356474,-2385.5364504763,253.881158483051,-187.920070178401,-2447.61767338168
"OPTOTRAK _ P78 _ Right _ 1",142.38810527253,-202.502875584214,-2386.22207319981,255.160854139018,-189.137551631044,-2448.41213329244
"OPTOTRAK _ P78 _ Right _ 1",142.327705268983,-202.995432551303,-2386.84209036076,256.322175286109,-190.355207042375,-2449.09756206811
"OPTOTRAK _ P78 _ Right _ 1",142.264922588813,-203.432273083949,-2387.36714106232,257.416969179207,-191.575265757649,-2449.71562608562
"OPTOTRAK _ P78 _ Right _ 1",142.179926923285,-203.809197114276,-2387.78066083429,258.483987413381,-192.755846408193,-2450.32672012893
"OPTOTRAK _ P78 _ Right _ 1",142.072888383364,-204.119207881722,-2388.07850795372,259.511134771213,-193.805632115734,-2450.9865442423
"OPTOTRAK _ P78 _ Right _ 1",141.96949274999,-204.35100407668,-2388.26742007978,260.405054801588,-194.588749832343,-2451.7141572742
"OPTOTRAK _ P78 _ Right _ 1",141.921018619744,-204.489344489987,-2388.36295213057,260.977664972013,-194.941529003922,-2452.45799618491
"OPTOTRAK _ P78 _ Right _ 1",141.998101369341,-204.517570067785,-2388.38745136154,260.95543760181,-194.701324381076,-2453.06989106417
"OPTOTRAK _ P78 _ Right _ 1",142.2789784025,-204.421823026897,-2388.36818125793,260.012241600208,-193.744729746282,-2453.298485242
"OPTOTRAK _ P78 _ Right _ 1",142.834621959522,-204.195715223832,-2388.33520144671,257.821403829297,-192.028595818049,-2452.81120261049
"OPTOTRAK _ P78 _ Right _ 1",143.714124538261,-203.843793981001,-2388.31836684419,254.118504077453,-189.623685138317,-2451.24757820951
"OPTOTRAK _ P78 _ Right _ 1",144.93364086317,-203.382388975705,-2388.34296978721,248.764095331128,-186.729417826376,-2448.29742119356
"OPTOTRAK _ P78 _ Right _ 1",146.47122176909,-202.837237535398,-2388.42408742025,241.794860580206,-183.660409078217,-2443.7874207361
"OPTOTRAK _ P78 _ Right _ 1",148.268493711425,-202.238374427876,-2388.56051586983,233.451987291169,-180.801720433771,-2437.75292182801
"OPTOTRAK _ P78 _ Right _ 1",150.238815281739,-201.613754512401,-2388.73006534869,224.176984516688,-178.53892939007,-2430.47105397151
"OPTOTRAK _ P78 _ Right _ 1",152.280435479308,-200.983621226257,-2388.88852733078,214.569285222258,-177.178734656859,-2422.43904190147
"OPTOTRAK _ P78 _ Right _ 1",154.292267592086,-200.357523306726,-2388.97427651701,205.307752962595,-176.882051173318,-2414.29644553215
"OPTOTRAK _ P78 _ Right _ 1",156.189280952261,-199.735073784791,-2388.91901237963,197.048119932135,-177.630676389235,-2406.70794653251
"OPTOTRAK _ P78 _ Right _ 1",157.914432418063,-199.110262856946,-2388.66300534272,190.316693656022,-179.239269457689,-2400.23725304441
"OPTOTRAK _ P78 _ Right _ 1",159.444637701645,-198.477863038405,-2388.17133746755,185.423814729214,-181.40926450055,-2395.24632329083
"OPTOTRAK _ P78 _ Right _ 1",160.78943980854,-197.839717082817,-2387.44686511776,182.417144979656,-183.806557246813,-2391.84544952791
"OPTOTRAK _ P78 _ Right _ 1",161.982560564169,-197.208738518788,-2386.53619905679,181.085921559166,-186.136993240807,-2389.90299599604
"OPTOTRAK _ P78 _ Right _ 1",163.068116749383,-196.609213063002,-2385.52654219392,181.015356556542,-188.196384504516,-2389.10642860456
"OPTOTRAK _ P78 _ Right _ 1",164.084507986506,-196.073189822677,-2384.53325609407,181.678766914758,-189.883332761764,-2389.05493515388
"OPTOTRAK _ P78 _ Right _ 1",165.049411995825,-195.634022059481,-2383.68015463883,182.547232090209,-191.177705846097,-2389.3603163517
"OPTOTRAK _ P78 _ Right _ 1",165.948845563768,-195.319057441733,-2383.07636903017,183.194546519493,-192.098872630527,-2389.73523152325
"OPTOTRAK _ P78 _ Right _ 1",166.732188463191,-195.143772145421,-2382.79474829105,183.378274972942,-192.662331868191,-2390.05335354005
"OPTOTRAK _ P78 _ Right _ 1",167.313928360982,-195.109196923628,-2382.85678404905,183.08342707262,-192.851250133686,-2390.37218332386
"OPTOTRAK _ P78 _ Right _ 1",167.58203075173,-195.203449872804,-2383.2278608068,182.521597789598,-192.612691734643,-2390.91526018973
"OPTOTRAK _ P78 _ Right _ 1",167.412334932131,-195.406888964955,-2383.82439977587,182.084815517717,-191.879468024325,-2392.01654415446
"OPTOTRAK _ P78 _ Right _ 1",166.687971267999,-195.699221848372,-2384.5316273487,182.260336176506,-190.609844050984,-2394.03636936132
"OPTOTRAK _ P78 _ Right _ 1",165.3220181927,-196.066247671013,-2385.22797580493,183.520664436444,-188.830802947934,-2397.2652892168
"OPTOTRAK _ P78 _ Right _ 1",163.280156545923,-196.504000070803,-2385.81032769725,186.21117496796,-186.667956158293,-2401.83764200354
"OPTOTRAK _ P78 _ Right _ 1",160.598320033134,-197.018892901259,-2386.2140229967,190.462616864514,-184.347940179445,-2407.67781904054
"OPTOTRAK _ P78 _ Right _ 1",157.389543567501,-197.623769450546,-2386.42291139966,196.153048662251,-182.167556730505,-2414.49615677679
"OPTOTRAK _ P78 _ Right _ 1",153.835766474535,-198.331108745853,-2386.46747098814,202.931017164488,-180.435876467827,-2421.8377953467
"OPTOTRAK _ P78 _ Right _ 1",150.16445844305,-199.145597788187,-2386.41238689718,210.292317506693,-179.4062580894,-2429.17100928187
"OPTOTRAK _ P78 _ Right _ 1",146.615019378295,-200.058462584876,-2386.33785149782,217.685014247851,-179.219508447334,-2435.98889522855
"OPTOTRAK _ P78 _ Right _ 1",143.403468064037,-201.045263206827,-2386.32012505045,224.610270875402,-179.875094446868,-2441.89578907177
"OPTOTRAK _ P78 _ Right _ 1",140.694185055815,-202.067623290181,-2386.41619552375,230.69284792903,-181.236951795508,-2446.65776908032
"OPTOTRAK _ P78 _ Right _ 1",138.584396285149,-203.078187220245,-2386.65526516168,235.710352551289,-183.06925238569,-2450.2104662272
"OPTOTRAK _ P78 _ Right _ 1",137.10238055336,-204.027437979584,-2387.0373810495,239.586017592602,-185.08993743038,-2452.6310408906
"OPTOTRAK _ P78 _ Right _ 1",136.216396515383,-204.870878805218,-2387.53775359655,242.359113921127,-187.027490726103,-2454.09002559267
"OPTOTRAK _ P78 _ Right _ 1",135.849589376412,-205.575213066441,-2388.11450872058,244.148173257455,-188.668300893086,-2454.80084080716
"OPTOTRAK _ P78 _ Right _ 1",135.896611368668,-206.122395564008,-2388.71763575466,245.117628782483,-189.886002871259,-2454.98072055102
"OPTOTRAK _ P78 _ Right _ 1",136.239200539248,-206.51084036093,-2389.29737409172,245.452452781932,-190.648856911478,-2454.82901362114
"OPTOTRAK _ P78 _ Right _ 1",136.759356564047,-206.753686870714,-2389.81090788003,245.340876223759,-191.00593518162,-2454.52079090653
"OPTOTRAK _ P78 _ Right _ 1",137.349635721338,-206.874680559996,-2390.22682864234,244.962992584103,-191.05731315559,-2454.20832969497
"OPTOTRAK _ P78 _ Right _ 1",137.92065930131,-206.90267744759,-2390.52732656249,244.481972609635,-190.916725299933,-2454.02157126677
"OPTOTRAK _ P78 _ Right _ 1",138.406414644283,-206.86589343693,-2390.70843319626,244.033741374088,-190.676121094174,-2454.06052787666
"OPTOTRAK _ P78 _ Right _ 1",138.768272950074,-206.786805225434,-2390.77877027577,243.710709167876,-190.380057482514,-2454.37666674623
"OPTOTRAK _ P78 _ Right _ 1",138.998606472431,-206.678221802812,-2390.7571427674,243.53718930215,-190.015021497031,-2454.94554504692
"OPTOTRAK _ P78 _ Right _ 1",139.124222462266,-206.540716874463,-2390.66908625805,243.439645274482,-189.515896686559,-2455.63845745193
"OPTOTRAK _ P78 _ Right _ 1",139.208521831774,-206.361542050094,-2390.54235205556,243.22255289841,-188.789046108977,-2456.205120842
"OPTOTRAK _ P78 _ Right _ 1",139.349792156594,-206.115352714167,-2390.40145022793,242.566287555775,-187.748173040267,-2456.2805989633
"OPTOTRAK _ P78 _ Right _ 1",139.672355360081,-205.767337132468,-2390.26180256937,241.062288846379,-186.355059151163,-2455.42626271182
"OPTOTRAK _ P78 _ Right _ 1",140.308443161215,-205.279259229703,-2390.12465829178,238.290817307586,-184.653693425512,-2453.20624784287
"OPTOTRAK _ P78 _ Right _ 1",141.371890680977,-204.618268438749,-2389.97445257506,233.930371402503,-182.785302171588,-2449.28896713877
"OPTOTRAK _ P78 _ Right _ 1",142.928975517399,-203.767219053887,-2389.78042879838,227.871216973701,-180.975073972967,-2443.55093382086
"OPTOTRAK _ P78 _ Right _ 1",144.974955915123,-202.734117465744,-2389.50372116229,220.295802837518,-179.489185425803,-2436.15202247753
"OPTOTRAK _ P78 _ Right _ 1",147.425007593229,-201.557735942276,-2389.10942994165,211.692310391242,-178.571378238196,-2427.55221215409
"OPTOTRAK _ P78 _ Right _ 1",150.124521464528,-200.306833845361,-2388.58081976403,202.785872764191,-178.378089772668,-2418.4528931349
"OPTOTRAK _ P78 _ Right _ 1",152.87738358076,-199.071910855247,-2387.93081885627,194.399465105275,-178.934955564257,-2409.66917114132
"OPTOTRAK _ P78 _ Right _ 1",155.484693386782,-197.950622182174,-2387.2059668928,187.281762979342,-180.131569687481,-2401.96496833964
"OPTOTRAK _ P78 _ Right _ 1",157.78300711328,-197.030150957941,-2386.48035800002,181.951332422642,-181.756700658958,-2395.89830419022
"OPTOTRAK _ P78 _ Right _ 1",159.671728022289,-196.371069661194,-2385.84088829106,178.600583720634,-183.559581496109,-2391.72169056044
"OPTOTRAK _ P78 _ Right _ 1",161.123093327192,-195.996946547125,-2385.36832974259,177.082452111682,-185.313266177119,-2389.36310612527
"OPTOTRAK _ P78 _ Right _ 1",162.173632706054,-195.892229504926,-2385.11993799139,176.976932060447,-186.858002875284,-2388.48618388681
"OPTOTRAK _ P78 _ Right _ 1",162.901047744227,-196.008475585471,-2385.11819735007,177.713354728474,-188.113636592358,-2388.60585301204
"OPTOTRAK _ P78 _ Right _ 1",163.393702464751,-196.276756016495,-2385.34777736913,178.713809107517,-189.063399962371,-2389.22473912629
"OPTOTRAK _ P78 _ Right _ 1",163.720766886261,-196.622779698177,-2385.76013375267,179.52378529712,-189.72107964558,-2389.95624323381
"OPTOTRAK _ P78 _ Right _ 1",163.90991145736,-196.98113774776,-2386.28342055131,179.904245682306,-190.09706038173,-2390.60834231366
"OPTOTRAK _ P78 _ Right _ 1",163.937190000131,-197.305801390211,-2386.83477672688,179.870350663982,-190.176721646343,-2391.21341399191
"OPTOTRAK _ P78 _ Right _ 1",163.731128180056,-197.575165352416,-2387.3323592536,179.672941826611,-189.918896393852,-2392.00105446312
"OPTOTRAK _ P78 _ Right _ 1",163.190385356872,-197.791206842474,-2387.70533559125,179.728556062989,-189.274629753593,-2393.32187839258
"OPTOTRAK _ P78 _ Right _ 1",162.211728517604,-197.973573825809,-2387.90107491522,180.512363550042,-188.219245283315,-2395.54025758849
"OPTOTRAK _ P78 _ Right _ 1",160.722553782963,-198.15046145582,-2387.88959221778,182.436120567353,-186.785484786594,-2398.92179912543
"OPTOTRAK _ P78 _ Right _ 1",158.710254470059,-198.348749087691,-2387.66556755058,185.738831988856,-185.083803707953,-2403.54467553915
"OPTOTRAK _ P78 _ Right _ 1",156.240213468392,-198.585896162812,-2387.24806131793,190.418279082128,-183.299085438117,-2409.2597540895
"OPTOTRAK _ P78 _ Right _ 1",153.456045005672,-198.865541179822,-2386.67784624125,196.22334682064,-181.661221465844,-2415.71159028499
"OPTOTRAK _ P78 _ Right _ 1",150.560228227604,-199.177708497551,-2386.01242554363,202.709767602929,-180.397636866069,-2422.41363220723
"OPTOTRAK _ P78 _ Right _ 1",147.779347354667,-199.503169454301,-2385.31919934492,209.341163910576,-179.683773696965,-2428.85356926542
"OPTOTRAK _ P78 _ Right _ 1",145.32332909076,-199.82019390602,-2384.66756279744,215.602945457043,-179.608259512563,-2434.59646837987
"OPTOTRAK _ P78 _ Right _ 1",143.349849413888,-200.111217742234,-2384.12084426104,221.095993677894,-180.162812590802,-2439.35760418721
"OPTOTRAK _ P78 _ Right _ 1",141.942613747327,-200.367230663787,-2383.72902349941,225.589473867309,-181.257091766851,-2443.03067340356
"OPTOTRAK _ P78 _ Right _ 1",141.106920303795,-200.588809168303,-2383.52317608593,229.029768588639,-182.750704277274,-2445.67332689962
"OPTOTRAK _ P78 _ Right _ 1",140.78046638491,-200.784061326455,-2383.51246864593,231.51635794856,-184.490984295527,-2447.46390312585
"OPTOTRAK _ P78 _ Right _ 1",140.853932168521,-200.964687740061,-2383.68419225942,233.260583053412,-186.345685162773,-2448.64748825575
"OPTOTRAK _ P78 _ Right _ 1",141.195154921471,-201.141646304387,-2384.00685685563,234.540334650538,-188.222858938334,-2449.48642956343
"OPTOTRAK _ P78 _ Right _ 1",141.672009847805,-201.321648718441,-2384.43590986945,235.656981790994,-190.074405690905,-2450.22318582407
"OPTOTRAK _ P78 _ Right _ 1",142.171169568411,-201.505170056507,-2384.92120675151,236.894746525715,-191.883944394844,-2451.05557975196
"OPTOTRAK _ P78 _ Right _ 1",142.611624908049,-201.686069636634,-2385.41495653246,238.479916746025,-193.643119158745,-2452.11914200672
"OPTOTRAK _ P78 _ Right _ 1",142.952735644643,-201.852494502439,-2385.87862859467,240.538326458097,-195.322981733866,-2453.47001008972
"OPTOTRAK _ P78 _ Right _ 1",143.196789239007,-201.98854972215,-2386.28740338406,243.05357298825,-196.848719311402,-2455.06492601762
"OPTOTRAK _ P78 _ Right _ 1",143.386035230731,-202.07622425672,-2386.63119769301,245.833950103855,-198.086630276285,-2456.74094474094
"OPTOTRAK _ P78 _ Right _ 1",143.594319988556,-202.097166012931,-2386.91198282855,248.500951977912,-198.85129066269,-2458.20402941418
"OPTOTRAK _ P78 _ Right _ 1",143.913896072593,-202.034079965736,-2387.13794699332,250.513688262434,-198.937251212381,-2459.03968990735
"OPTOTRAK _ P78 _ Right _ 1",144.438637892705,-201.87179523092,-2387.31596412988,251.238946912778,-198.172670212827,-2458.75749668909
"OPTOTRAK _ P78 _ Right _ 1",145.24563576241,-201.59835123883,-2387.44462660831,250.065067248364,-196.483028184686,-2456.87344807609
"OPTOTRAK _ P78 _ Right _ 1",146.37791200318,-201.206602491471,-2387.51038671835,246.541700119744,-193.94488246737,-2453.02092355404
"OPTOTRAK _ P78 _ Right _ 1",147.831716132784,-200.696613687949,-2387.48873985254,240.512538687283,-190.807167198567,-2447.06604537159
"OPTOTRAK _ P78 _ Right _ 1",149.552067978138,-200.078477844023,-2387.35082157035,232.20106558018,-187.464234857625,-2439.19250405764
"OPTOTRAK _ P78 _ Right _ 1",151.439116087387,-199.374469541061,-2387.07375531146,222.215682924476,-184.380410591938,-2429.92074206798
"OPTOTRAK _ P78 _ Right _ 1",153.365057363286,-198.619187017353,-2386.65142187682,211.46116384744,-181.985187197005,-2420.04108660261
"OPTOTRAK _ P78 _ Right _ 1",155.197729964528,-197.856838783658,-2386.1018293003,200.972479131269,-180.572445679747,-2410.46814306745
"OPTOTRAK _ P78 _ Right _ 1",156.824478469144,-197.135856813631,-2385.46826258207,191.713531143894,-180.237892643967,-2402.05435382451
"OPTOTRAK _ P78 _ Right _ 1",158.169945815579,-196.502014007605,-2384.81352657719,184.395507896138,-180.874392000399,-2395.41883893117
"OPTOTRAK _ P78 _ Right _ 1",159.203901825179,-195.991740131135,-2384.20896865003,179.361809870632,-182.222139963529,-2390.8424238226
"OPTOTRAK _ P78 _ Right _ 1",159.938643010477,-195.627214699767,-2383.72154403656,176.562960016998,-183.951298985755,-2388.25340194302
"OPTOTRAK _ P78 _ Right _ 1",160.418368438107,-195.414175097977,-2383.40232571765,175.617050376807,-185.746981166036,-2387.29601119784
"OPTOTRAK _ P78 _ Right _ 1",160.704395810281,-195.342531827747,-2383.27876340731,175.930354298871,-187.371092935956,-2387.45089368903
"OPTOTRAK _ P78 _ Right _ 1",160.860020434725,-195.389237114732,-2383.35155981435,176.843702381603,-188.687818038982,-2388.17027645846
"OPTOTRAK _ P78 _ Right _ 1",160.93768272208,-195.522638561921,-2383.59605274841,177.771736736299,-189.653412437118,-2388.99652814608
"OPTOTRAK _ P78 _ Right _ 1",160.969668723042,-195.707639830261,-2383.96751504133,178.310170900392,-190.281786904703,-2389.64406176734
"OPTOTRAK _ P78 _ Right _ 1",160.962582326575,-195.911057632461,-2384.40933780556,178.296660043551,-190.602563552588,-2390.03588197279
"OPTOTRAK _ P78 _ Right _ 1",160.895644611441,-196.106447431855,-2384.86244674619,177.820815509892,-190.62768020709,-2390.29485246673
"OPTOTRAK _ P78 _ Right _ 1",160.723245808804,-196.277544972502,-2385.27394036583,177.186739398371,-190.337556413418,-2390.69583835889
"OPTOTRAK _ P78 _ Right _ 1",160.382451653389,-196.419622924617,-2385.60334858583,176.8372030234,-189.690345441837,-2391.58945173612
"OPTOTRAK _ P78 _ Right _ 1",159.805715115857,-196.538553152223,-2385.82597699796,177.253142917765,-188.64985701022,-2393.31219551799
"OPTOTRAK _ P78 _ Right _ 1",158.937598597567,-196.647981399054,-2385.93380915263,178.846220283487,-187.221140100775,-2396.10107732323
"OPTOTRAK _ P78 _ Right _ 1",157.752199819566,-196.765487046969,-2385.93478088072,181.865283920214,-185.479242264561,-2400.03158387244
"OPTOTRAK _ P78 _ Right _ 1",156.266216617734,-196.908755511487,-2385.85093300743,186.337532241884,-183.577963744096,-2404.99406465192
"OPTOTRAK _ P78 _ Right _ 1",154.542579583918,-197.092603193684,-2385.71546227197,192.059257728095,-181.732107535502,-2410.71414518055
"OPTOTRAK _ P78 _ Right _ 1",152.682148498116,-197.32724605067,-2385.56848103523,198.638769638975,-180.176961971655,-2416.81008024117
"OPTOTRAK _ P78 _ Right _ 1",150.805325186054,-197.617701404721,-2385.45154429307,205.579248461409,-179.118102929855,-2422.86927948977
"OPTOTRAK _ P78 _ Right _ 1",149.029318617871,-197.963917146254,-2385.40159095394,212.37829062333,-178.688365230703,-2428.52249931022
"OPTOTRAK _ P78 _ Right _ 1",147.448044448865,-198.361256045365,-2385.44552062146,218.618165505202,-178.92532500977,-2433.49828605138
"OPTOTRAK _ P78 _ Right _ 1",146.119813158361,-198.8012111469,-2385.59675977612,224.02625098963,-179.774223026695,-2437.64899825054
"OPTOTRAK _ P78 _ Right _ 1",145.064472292203,-199.272444831811,-2385.85467051084,228.49568960975,-181.11234150791,-2440.9488647672
"OPTOTRAK _ P78 _ Right _ 1",144.268492472716,-199.762253435885,-2386.20676188485,232.068339364429,-182.784993723832,-2443.47116025939
"OPTOTRAK _ P78 _ Right _ 1",143.694821403133,-200.258361725746,-2386.63285713324,234.891918198065,-184.641704159965,-2445.3545349718
"OPTOTRAK _ P78 _ Right _ 1",143.294243537832,-200.750671465458,-2387.10995999032,237.16754301191,-186.562997389508,-2446.76794410525
"OPTOTRAK _ P78 _ Right _ 1",143.015874684139,-201.232380312143,-2387.61655095388,239.101374179919,-188.471920562009,-2447.88065337256
"OPTOTRAK _ P78 _ Right _ 1",142.815558356057,-201.699899631197,-2388.13532206676,240.867159445496,-190.328830988429,-2448.84014037779
"OPTOTRAK _ P78 _ Right _ 1",142.661745285489,-202.151335254816,-2388.65387149361,242.579965908089,-192.112412601515,-2449.75768821352
"OPTOTRAK _ P78 _ Right _ 1",142.538721381229,-202.583897598684,-2389.16354160198,244.278958193822,-193.793705986402,-2450.69967401843
"OPTOTRAK _ P78 _ Right _ 1",142.447045286209,-202.991191949364,-2389.65718322797,245.918537904025,-195.312286128284,-2451.6821558048
"OPTOTRAK _ P78 _ Right _ 1",142.401212817321,-203.361542625695,-2390.12691988807,247.36942937574,-196.563714416529,-2452.66725772752
"OPTOTRAK _ P78 _ Right _ 1",142.425088570262,-203.678168831285,-2390.56286927263,248.431652987084,-197.404626291221,-2453.56155283516
"OPTOTRAK _ P78 _ Right _ 1",142.54631496849,-203.921320111824,-2390.95333674089,248.859415959129,-197.676830466374,-2454.218334418
"OPTOTRAK _ P78 _ Right _ 1",142.79130013558,-204.071731046329,-2391.28639591161,248.395201468433,-197.246002972161,-2454.44659033341
"OPTOTRAK _ P78 _ Right _ 1",143.182196546447,-204.114269672695,-2391.55221565193,246.808264869953,-196.045627914608,-2454.02916039487
"OPTOTRAK _ P78 _ Right _ 1",143.736486083918,-204.040613921237,-2391.74519173627,243.931993653405,-194.114054056988,-2452.75077791788
"OPTOTRAK _ P78 _ Right _ 1",144.468582484513,-203.850231235747,-2391.86500894443,239.695075477043,-191.612658394301,-2450.43372724133
"OPTOTRAK _ P78 _ Right _ 1",145.391643638142,-203.549685876113,-2391.91611471446,234.14278267142,-188.816522444384,-2446.97561889526
"OPTOTRAK _ P78 _ Right _ 1",146.5172097889,-203.150969442458,-2391.90556442845,227.446310335333,-186.075582879744,-2442.38166822478
"OPTOTRAK _ P78 _ Right _ 1",147.851028527342,-202.669764827542,-2391.83973321158,219.899144081153,-183.752625532849,-2436.783785031
"OPTOTRAK _ P78 _ Right _ 1",149.38550473874,-202.124254621976,-2391.72094327848,211.899377243796,-182.152185450782,-2430.44055543746
"OPTOTRAK _ P78 _ Right _ 1",151.091601069342,-201.53455961971,-2391.54541944845,203.916308328862,-181.458549863791,-2423.71502306232
"OPTOTRAK _ P78 _ Right _ 1",152.914273044486,-200.922475852028,-2391.30382389637,196.440135574368,-181.699906477036,-2417.03068926357
"OPTOTRAK _ P78 _ Right _ 1",154.774815276958,-200.311015867866,-2390.98479207255,189.916904838296,-182.749228075617,-2410.81066517934
"OPTOTRAK _ P78 _ Right _ 1",156.581041449906,-199.723346487715,-2390.58066627754,184.677531368498,-184.362189616638,-2405.4104609508
"OPTOTRAK _ P78 _ Right _ 1",158.243054176794,-199.181005046809,-2390.09358434756,180.877364033049,-186.24094931052,-2401.05997630574
"OPTOTRAK _ P78 _ Right _ 1",159.689808224236,-198.701679163129,-2389.53976317278,178.466340244682,-188.103902896799,-2397.83166544227
"OPTOTRAK _ P78 _ Right _ 1",160.880839750249,-198.297172378783,-2388.95035064812,177.204667834891,-189.739736078627,-2395.64670026069
"OPTOTRAK _ P78 _ Right _ 1",161.808881302053,-197.972243445625,-2388.36827766886,176.725426054009,-191.030961406261,-2394.31965322864
"OPTOTRAK _ P78 _ Right _ 1",162.492159776096,-197.724724580405,-2387.84162494772,176.629683187262,-191.944603656258,-2393.62930547306
"OPTOTRAK _ P78 _ Right _ 1",162.958766831655,-197.546844081057,-2387.41480269489,176.589269440369,-192.499663573718,-2393.39445858057
"OPTOTRAK _ P78 _ Right _ 1",163.228208137653,-197.427293606292,-2387.11931004491,176.430702621078,-192.727551447376,-2393.53228515599
"OPTOTRAK _ P78 _ Right _ 1",163.296211610736,-197.353506485255,-2386.96613316408,176.179511094612,-192.641598808125,-2394.08230710996
"OPTOTRAK _ P78 _ Right _ 1",163.128027766705,-197.313822592724,-2386.9419321924,176.054130454343,-192.226512409142,-2395.18906316783
"OPTOTRAK _ P78 _ Right _ 1",162.663209603759,-197.299472600209,-2387.01075724716,176.410186064051,-191.450615122117,-2397.04816877184
"OPTOTRAK _ P78 _ Right _ 1",161.831693193619,-197.306387049425,-2387.12182033865,177.64769402445,-190.295280047106,-2399.83115938193
"OPTOTRAK _ P78 _ Right _ 1",160.577348833871,-197.336685149902,-2387.22194824091,180.103810594594,-188.789271643827,-2403.6115154809
"OPTOTRAK _ P78 _ Right _ 1",158.881831387465,-197.399491579058,-2387.26945391291,183.959611239973,-187.032830033079,-2408.31499241702
"OPTOTRAK _ P78 _ Right _ 1",156.780084708997,-197.510669820937,-2387.2452822495,189.187612510389,-185.199007656781,-2413.71048390131
"OPTOTRAK _ P78 _ Right _ 1",154.360943237354,-197.691211503474,-2387.15803035477,195.555307633132,-183.508164158002,-2419.44458508176
"OPTOTRAK _ P78 _ Right _ 1",151.75197104871,-197.964298756782,-2387.04154842589,202.68130880731,-182.18271076587,-2425.10849000349
"OPTOTRAK _ P78 _ Right _ 1",149.094334944146,-198.351347331132,-2386.94627837645,210.122485016353,-181.397672226499,-2430.31595344131
"OPTOTRAK _ P78 _ Right _ 1",146.517300468982,-198.867584797464,-2386.92719551974,217.461616250224,-181.243894340312,-2434.76977025646
"OPTOTRAK _ P78 _ Right _ 1",144.120823838341,-199.517908810903,-2387.03165168682,224.369477653665,-181.714670115976,-2438.30108294364
"OPTOTRAK _ P78 _ Right _ 1",141.969846363658,-200.293880078974,-2387.2897610202,230.62945588809,-182.71715677817,-2440.87656808964
"OPTOTRAK _ P78 _ Right _ 1",140.098414753705,-201.17266589553,-2387.70884159831,236.128845260867,-184.101905028768,-2442.57821921632
"OPTOTRAK _ P78 _ Right _ 1",138.518425274628,-202.118495761848,-2388.27239801015,240.831590917863,-185.699832111314,-2443.56614844923
"OPTOTRAK _ P78 _ Right _ 1",137.227591922217,-203.086720021444,-2388.94338341621,244.749362488221,-187.356326769318,-2444.03637696092
"OPTOTRAK _ P78 _ Right _ 1",136.213409960601,-204.029955484639,-2389.67087241928,247.922892283504,-188.955490875964,-2444.18413157455
"OPTOTRAK _ P78 _ Right _ 1",135.452886982752,-204.905195725025,-2390.39870865412,250.417245621016,-190.431651956599,-2444.17972486921
"OPTOTRAK _ P78 _ Right _ 1",134.910244762355,-205.680341493817,-2391.07433413509,252.326672818344,-191.768365573983,-2444.15933848717
"OPTOTRAK _ P78 _ Right _ 1",134.535858070519,-206.3385649959,-2391.65612197157,253.779338875138,-192.986562761518,-2444.22791538624
"OPTOTRAK _ P78 _ Right _ 1",134.269240755985,-206.879357813206,-2392.11812276426,254.931050365991,-194.124063402812,-2444.46731474674
"OPTOTRAK _ P78 _ Right _ 1",134.047271822346,-207.315913458446,-2392.4518761996,255.940696863218,-195.209620900784,-2444.94123719805
"OPTOTRAK _ P78 _ Right _ 1",133.816741156877,-207.669385624325,-2392.66548588577,256.927571847474,-196.236518623244,-2445.68989709859
"OPTOTRAK _ P78 _ Right _ 1",133.548412451974,-207.961284652877,-2392.78041620436,257.919423645934,-197.142791589532,-2446.71183161084
"OPTOTRAK _ P78 _ Right _ 1",133.248700760609,-208.205707313686,-2392.82656333001,258.806699770701,-197.805874631355,-2447.93647878738
"OPTOTRAK _ P78 _ Right _ 1",132.96502319537,-208.40321568542,-2392.8362022984,259.320505821118,-198.057550128176,-2449.19728400103
"OPTOTRAK _ P78 _ Right _ 1",132.781954972813,-208.537976763892,-2392.83749069396,259.048478464492,-197.720211490103,-2450.21881633894
"OPTOTRAK _ P78 _ Right _ 1",132.807372394494,-208.579225545768,-2392.84837536601,257.494647714453,-196.658665485304,-2450.63081922848
"OPTOTRAK _ P78 _ Right _ 1",133.150414509312,-208.487235197058,-2392.87197013991,254.177924044849,-194.834886452464,-2450.01646866957
"OPTOTRAK _ P78 _ Right _ 1",133.895697889682,-208.222857975228,-2392.89454482128,248.751497245755,-192.348729631939,-2447.99201513078
"OPTOTRAK _ P78 _ Right _ 1",135.079966177354,-207.758555767445,-2392.8869563157,241.115541152431,-189.44801037177,-2444.30278657327
"OPTOTRAK _ P78 _ Right _ 1",136.677526755202,-207.088057954869,-2392.80966210731,231.491814795432,-186.497980539731,-2438.91017581174
"OPTOTRAK _ P78 _ Right _ 1",138.599082670781,-206.231818426948,-2392.62063347835,220.433688054284,-183.912365362775,-2432.04044121009
"OPTOTRAK _ P78 _ Right _ 1",140.705225893051,-205.23649011777,-2392.28478735954,208.759256039026,-182.062313185173,-2424.17261506891
"OPTOTRAK _ P78 _ Right _ 1",142.831931921164,-204.1683831224,-2391.78312198717,197.415841550084,-181.190217930669,-2415.95983334724
"OPTOTRAK _ P78 _ Right _ 1",144.822151073367,-203.102632043938,-2391.11967887161,187.305296797137,-181.356619773944,-2408.1011493157
"OPTOTRAK _ P78 _ Right _ 1",146.555870137408,-202.110931842764,-2390.32482322747,179.113536866,-182.437715324242,-2401.20024690411
"OPTOTRAK _ P78 _ Right _ 1",147.971067080626,-201.250908891342,-2389.45401056662,173.189000207263,-184.17189699203,-2395.65413155395
"OPTOTRAK _ P78 _ Right _ 1",149.069852497372,-200.559471654976,-2388.58190666354,169.502125741564,-186.235123409419,-2391.60485722434
"OPTOTRAK _ P78 _ Right _ 1",149.907704506979,-200.051070262561,-2387.79228442153,167.695219844271,-188.316255289342,-2388.96483299561
"OPTOTRAK _ P78 _ Right _ 1",150.568327789414,-199.720235136014,-2387.16467433881,167.206666456733,-190.168521808678,-2387.50132621059
"OPTOTRAK _ P78 _ Right _ 1",151.130820938908,-199.546760864597,-2386.75956035377,167.43393804947,-191.627698920053,-2386.94851219382
"OPTOTRAK _ P78 _ Right _ 1",151.6380859068,-199.501813707318,-2386.60493899769,167.892223243903,-192.602785231424,-2387.11075192867
"OPTOTRAK _ P78 _ Right _ 1",152.075174630717,-199.553818127649,-2386.6877480575,168.330073153465,-193.054138040183,-2387.92756439434
"OPTOTRAK _ P78 _ Right _ 1",152.363850017168,-199.673624634815,-2386.95332573474,168.776384099485,-192.975030847463,-2389.48446492585
"OPTOTRAK _ P78 _ Right _ 1",152.375799017446,-199.83871992145,-2387.31437124022,169.509817298318,-192.386902301179,-2391.96974009113
"OPTOTRAK _ P78 _ Right _ 1",151.962473833919,-200.036071260239,-2387.66819076152,170.959434957851,-191.349341223877,-2395.59183838682
"OPTOTRAK _ P78 _ Right _ 1",150.995157422233,-200.262950656797,-2387.91826601569,173.561854842448,-189.976736482357,-2400.48280364211
"OPTOTRAK _ P78 _ Right _ 1",149.40533485012,-200.525208950038,-2387.99452464082,177.612895772306,-188.448001391264,-2406.61763250505
"OPTOTRAK _ P78 _ Right _ 1",147.213940788246,-200.833130239308,-2387.86689956866,183.156172632711,-186.996548626806,-2413.77545342897
"OPTOTRAK _ P78 _ Right _ 1",144.539862188407,-201.195905510101,-2387.54881068151,189.942677708332,-185.875501732154,-2421.55570564294
"OPTOTRAK _ P78 _ Right _ 1",141.583694143546,-201.616395259825,-2387.09030329434,197.473327435048,-185.305265076531,-2429.4444620625
"OPTOTRAK _ P78 _ Right _ 1",138.590691778746,-202.087818883596,-2386.5635911401,205.108156402824,-185.420823117476,-2436.90965558419
"OPTOTRAK _ P78 _ Right _ 1",135.803825919988,-202.593296780346,-2386.0456039674,212.204475516544,-186.238297538212,-2443.49626044055
"OPTOTRAK _ P78 _ Right _ 1",133.420561843122,-203.108138827181,-2385.60226560552,218.241766696864,-187.652953722007,-2448.89604269771
"OPTOTRAK _ P78 _ Right _ 1",131.564350072146,-203.603955480744,-2385.27787259585,222.902816763442,-189.468458109622,-2452.97817278287
"OPTOTRAK _ P78 _ Right _ 1",130.275602135078,-204.053398375697,-2385.09094373138,226.099591543797,-191.446288359103,-2455.78069082401
"OPTOTRAK _ P78 _ Right _ 1",129.520385406666,-204.434508187695,-2385.03607499996,227.949155912076,-193.359067206361,-2457.47323424992
"OPTOTRAK _ P78 _ Right _ 1",129.210829121708,-204.733917942218,-2385.09006470899,228.71517959946,-195.032801939669,-2458.30597961088
"OPTOTRAK _ P78 _ Right _ 1",129.230067428729,-204.948350054582,-2385.21996672255,228.734330699962,-196.368589378625,-2458.5585831767
"OPTOTRAK _ P78 _ Right _ 1",129.455728561325,-205.084050422804,-2385.39079558884,228.345453878532,-197.341506273088,-2458.49809430177
"OPTOTRAK _ P78 _ Right _ 1",129.778260147511,-205.154190274917,-2385.57129152495,227.834040402576,-197.980726316203,-2458.34902048224
"OPTOTRAK _ P78 _ Right _ 1",130.112696607353,-205.174822542459,-2385.7371965888,227.397005953705,-198.338912844578,-2458.27404381912
"OPTOTRAK _ P78 _ Right _ 1",130.404225556439,-205.160440872354,-2385.87240170904,227.126066581992,-198.460301592598,-2458.36149821824
"OPTOTRAK _ P78 _ Right _ 1",130.628910047197,-205.120255636302,-2385.9686573071,227.004609275604,-198.35618441564,-2458.61602951594
"OPTOTRAK _ P78 _ Right _ 1",130.791220660477,-205.05593207186,-2386.02429574791,226.913643287853,-197.994507452016,-2458.95152551604
"OPTOTRAK _ P78 _ Right _ 1",130.919810752817,-204.96098428627,-2386.04203512054,226.645704210459,-197.307296077861,-2459.18911509144
"OPTOTRAK _ P78 _ Right _ 1",131.06248459115,-204.821594229347,-2386.02588411449,225.928684460758,-196.215456890907,-2459.06581707289
"OPTOTRAK _ P78 _ Right _ 1",131.280734564641,-204.618483944671,-2385.9775256342,224.462146076762,-194.665386939415,-2458.25955302741
"OPTOTRAK _ P78 _ Right _ 1",131.643596406614,-204.329583840206,-2385.89301162013,221.966135530962,-192.667001132418,-2456.43317486705
"OPTOTRAK _ P78 _ Right _ 1",132.219999772721,-203.933450231865,-2385.76078691777,218.237936189865,-190.320311097468,-2453.29468474525
"OPTOTRAK _ P78 _ Right _ 1",133.068676028832,-203.413472043793,-2385.5618690153,213.207318306731,-187.819257080107,-2448.6645324739
"OPTOTRAK _ P78 _ Right _ 1",134.225543677074,-202.762680424791,-2385.27258309539,206.977385282324,-185.427388959003,-2442.5355695069
"OPTOTRAK _ P78 _ Right _ 1",135.690405167109,-201.988412488309,-2384.86970822952,199.837597015174,-183.428752469713,-2435.10872471679
"OPTOTRAK _ P78 _ Right _ 1",137.41698949461,-201.115431706841,-2384.33721197089,192.239171451315,-182.066224826751,-2426.78945412555
"OPTOTRAK _ P78 _ Right _ 1",139.311476625265,-200.185826973287,-2383.67297776446,184.731074908864,-181.485327738878,-2418.13753814645
"OPTOTRAK _ P78 _ Right _ 1",141.243411488876,-199.254489560712,-2382.8933704815,177.865834086549,-181.701442116222,-2409.77521173162
"OPTOTRAK _ P78 _ Right _ 1",143.069108565079,-198.380256381437,-2382.03361849069,172.095318665011,-182.601281803389,-2402.27288301598
"OPTOTRAK _ P78 _ Right _ 1",144.662450281417,-197.614522642297,-2381.14310398631,167.683351375686,-183.977313580807,-2396.04262181322
"OPTOTRAK _ P78 _ Right _ 1",145.94374915428,-196.990531845119,-2380.27649253496,164.660894121805,-185.581494530358,-2391.27145665024
"OPTOTRAK _ P78 _ Right _ 1",146.89645567731,-196.516869862827,-2379.48336752773,162.839347140017,-187.178330022801,-2387.91626504826
"OPTOTRAK _ P78 _ Right _ 1",147.564865268609,-196.177566610694,-2378.79969158478,161.880747834579,-188.58026643693,-2385.76234966348
"OPTOTRAK _ P78 _ Right _ 1",148.032341819101,-195.939019316513,-2378.24355065104,161.406471341477,-189.65878309396,-2384.52664257035
"OPTOTRAK _ P78 _ Right _ 1",148.386246913031,-195.761636560805,-2377.81570665769,161.114887684749,-190.336119902195,-2383.97249511656
"OPTOTRAK _ P78 _ Right _ 1",148.680243677157,-195.612611382813,-2377.50356760571,160.876416674938,-190.569690889962,-2384.00054674077
"OPTOTRAK _ P78 _ Right _ 1",148.905724027847,-195.476042329657,-2377.28626193838,160.780601357941,-190.34173839418,-2384.68838140066
"OPTOTRAK _ P78 _ Right _ 1",148.981867857843,-195.357634842972,-2377.13889003142,161.121518560929,-189.661743684201,-2386.26691507205
"OPTOTRAK _ P78 _ Right _ 1",148.769035385428,-195.282937175841,-2377.03526008955,162.322610828378,-188.581127194999,-2389.03951731624
"OPTOTRAK _ P78 _ Right _ 1",148.103784825002,-195.28987719241,-2376.94961667137,164.817645137991,-187.211907465064,-2393.26672314967
"OPTOTRAK _ P78 _ Right _ 1",146.84704112815,-195.417772251808,-2376.85830398918,168.91805161214,-185.736310142944,-2399.05099168411
"OPTOTRAK _ P78 _ Right _ 1",144.931683581644,-195.695728758583,-2376.74184610168,174.704104573786,-184.395382734325,-2406.25834991041
"OPTOTRAK _ P78 _ Right _ 1",142.394408325372,-196.133380759937,-2376.58709643449,181.973570701193,-183.452386213317,-2414.50433806792
"OPTOTRAK _ P78 _ Right _ 1",139.380766805562,-196.716285793808,-2376.38864626534,190.264755786367,-183.138685026979,-2423.21166316089
"OPTOTRAK _ P78 _ Right _ 1",136.12104454374,-197.407106046583,-2376.14893789041,198.946276671378,-183.599959682139,-2431.72287887919
"OPTOTRAK _ P78 _ Right _ 1",132.884637906989,-198.152188170008,-2375.8772369457,207.344329454854,-184.862385393743,-2439.43298558443
"OPTOTRAK _ P78 _ Right _ 1",129.927316080529,-198.891729127895,-2375.58817750153,214.86963096965,-186.830416832419,-2445.90187429279
"OPTOTRAK _ P78 _ Right _ 1",127.446491855334,-199.570836437954,-2375.30054632319,221.112326137304,-189.314972674431,-2450.91650187653
"OPTOTRAK _ P78 _ Right _ 1",125.554917182191,-200.148726870027,-2375.03635291906,225.887763956644,-192.080439329346,-2454.49232225988
"OPTOTRAK _ P78 _ Right _ 1",124.276008625614,-200.604033784949,-2374.81956772504,229.231336979967,-194.895190412105,-2456.82396097015
"OPTOTRAK _ P78 _ Right _ 1",123.557465766544,-200.935452768379,-2374.67380908993,231.352217347551,-197.572691193956,-2458.20849247579
"OPTOTRAK _ P78 _ Right _ 1",123.295887444009,-201.158326371438,-2374.61886681091,232.562863843506,-199.995663534577,-2458.96747161387
"OPTOTRAK _ P78 _ Right _ 1",123.364193996168,-201.298754816923,-2374.66681131897,233.203626429367,-202.121337807987,-2459.38762672062
"OPTOTRAK _ P78 _ Right _ 1",123.63528935211,-201.387071283406,-2374.8189085609,233.579550188205,-203.969908832076,-2459.68931113509
"OPTOTRAK _ P78 _ Right _ 1",123.998415009668,-201.452073066539,-2375.06435389272,233.920082052049,-205.600552053175,-2460.02107893146
"OPTOTRAK _ P78 _ Right _ 1",124.367755346064,-201.516660487514,-2375.38119727204,234.363674594998,-207.080192164836,-2460.47126860794
"OPTOTRAK _ P78 _ Right _ 1",124.685022077632,-201.594981970227,-2375.73923321866,234.961280333304,-208.450481220207,-2461.08452669965
"OPTOTRAK _ P78 _ Right _ 1",124.918545947794,-201.691028045205,-2376.1043539504,235.68840092068,-209.698807221359,-2461.87251269176
"OPTOTRAK _ P78 _ Right _ 1",125.061039365239,-201.798704151188,-2376.44382020982,236.4560788117,-210.739659251138,-2462.81244423046
"OPTOTRAK _ P78 _ Right _ 1",125.127231380479,-201.903417598322,-2376.73179450725,237.116041004084,-211.412625143637,-2463.83320922257
"OPTOTRAK _ P78 _ Right _ 1",125.151567697223,-201.984960193369,-2376.95414984477,237.461534274908,-211.501675390293,-2464.79493633466
"OPTOTRAK _ P78 _ Right _ 1",125.185442326685,-202.021082077741,-2377.11122705841,237.230516413316,-210.776587697653,-2465.47255115173
"OPTOTRAK _ P78 _ Right _ 1",125.293128116819,-201.990933917047,-2377.21732093767,236.119947411762,-209.051657570343,-2465.55541683392
"OPTOTRAK _ P78 _ Right _ 1",125.545739568873,-201.87769791062,-2377.29649629529,233.81808032114,-206.250324950905,-2464.67262808776
"OPTOTRAK _ P78 _ Right _ 1",126.013098328081,-201.670162173491,-2377.37562044207,230.055978965055,-202.458866105249,-2462.44689173884
"OPTOTRAK _ P78 _ Right _ 1",126.754031202907,-201.363453645872,-2377.47659895211,224.671419593133,-197.950374300107,-2458.5706145135
"OPTOTRAK _ P78 _ Right _ 1",127.806148323151,-200.959380350636,-2377.61013001655,217.670658670689,-193.164383877561,-2452.88857914396
"OPTOTRAK _ P78 _ Right _ 1",129.176459594308,-200.46676066818,-2377.7727333194,209.269496950221,-188.638509966847,-2445.46569904823
"OPTOTRAK _ P78 _ Right _ 1",130.834457825138,-199.901814948906,-2377.94774803871,199.896896808269,-184.903966027886,-2436.61838182143
"OPTOTRAK _ P78 _ Right _ 1",132.709639780042,-199.288311460391,-2378.10994051985,190.152416038173,-182.371224770798,-2426.89484801763
"OPTOTRAK _ P78 _ Right _ 1",134.695556161726,-198.656860241152,-2378.23253423685,180.721002454366,-181.238967387837,-2417.00206925916
"OPTOTRAK _ P78 _ Right _ 1",136.661733530001,-198.042713140442,-2378.29482346289,172.261590946445,-181.454724965595,-2407.69169525026
"OPTOTRAK _ P78 _ Right _ 1",138.472794749892,-197.481791879113,-2378.28814412897,165.295198020714,-182.739808251544,-2399.6301703497
"OPTOTRAK _ P78 _ Right _ 1",140.01127663543,-197.005401854809,-2378.21823856198,160.120393294449,-184.669744787676,-2393.28480289729
"OPTOTRAK _ P78 _ Right _ 1",141.198342297635,-196.634908543345,-2378.10322533652,156.77761299102,-186.783101142623,-2388.85468985171
