"fileName","thumb_y","thumb_x","thumb_z","finger_y","finger_x","finger_z"
"OPTOTRAK _ C09 _ Right _ 3",117.43776747713,-278.512660948873,-2382.26667480761,201.176504333298,-237.287109372842,-2459.61272674881
"OPTOTRAK _ C09 _ Right _ 3",117.446006171184,-278.534380409872,-2382.33088924948,201.164047381765,-237.322111500509,-2459.67577190435
"OPTOTRAK _ C09 _ Right _ 3",117.463470641496,-278.554423477349,-2382.40214872895,201.160244693242,-237.367200043628,-2459.76001173307
"OPTOTRAK _ C09 _ Right _ 3",117.491377843893,-278.571493708934,-2382.47547141092,201.169544829554,-237.419177000065,-2459.86032465456
"OPTOTRAK _ C09 _ Right _ 3",117.52953255494,-278.585583406247,-2382.54631930183,201.194633579369,-237.473483967486,-2459.9684048344
"OPTOTRAK _ C09 _ Right _ 3",117.576238145,-278.597906985207,-2382.61131705632,201.235362357743,-237.525097262247,-2460.07418228421
"OPTOTRAK _ C09 _ Right _ 3",117.628554947921,-278.610318013266,-2382.66842637085,201.288240409676,-237.569583601089,-2460.16776436519
"OPTOTRAK _ C09 _ Right _ 3",117.682748505579,-278.624514361287,-2382.71673169481,201.34667515336,-237.604029925286,-2460.24141178465
"OPTOTRAK _ C09 _ Right _ 3",117.734691732957,-278.641454709786,-2382.75616100942,201.401908459341,-237.627604381428,-2460.29104762185
"OPTOTRAK _ C09 _ Right _ 3",117.780083284154,-278.66126343337,-2382.7873577068,201.444407647096,-237.641618894282,-2460.31693065673
"OPTOTRAK _ C09 _ Right _ 3",117.814540905078,-278.683603485584,-2382.81168379212,201.465398843893,-237.649105697759,-2460.32336139008
"OPTOTRAK _ C09 _ Right _ 3",117.833763537167,-278.708252570055,-2382.8311996849,201.45826700273,-237.654053511803,-2460.31756703623
"OPTOTRAK _ C09 _ Right _ 3",117.833937495127,-278.735551016893,-2382.84851255849,201.419630141993,-237.660536023348,-2460.30813676355
"OPTOTRAK _ C09 _ Right _ 3",117.812424491378,-278.76648579609,-2382.86650506969,201.349963294121,-237.671970222406,-2460.30345300117
"OPTOTRAK _ C09 _ Right _ 3",117.768603683079,-278.802352574914,-2382.88801494482,201.253681331337,-237.690657497523,-2460.31045936873
"OPTOTRAK _ C09 _ Right _ 3",117.704612983325,-278.844125111124,-2382.91551693243,201.138629128314,-237.717627786701,-2460.33389830793
"OPTOTRAK _ C09 _ Right _ 3",117.62568678153,-278.891796862748,-2382.95082576287,201.015033014019,-237.752699336638,-2460.37597323032
"OPTOTRAK _ C09 _ Right _ 3",117.539855629485,-278.943980831425,-2382.99482138695,200.894144909241,-237.794637839708,-2460.4363241602
"OPTOTRAK _ C09 _ Right _ 3",117.45696020454,-278.997944721503,-2383.04718838382,200.786965698345,-237.841347766861,-2460.51224019246
"OPTOTRAK _ C09 _ Right _ 3",117.387159055153,-279.050089157543,-2383.10618496689,200.703424046498,-237.89010755487,-2460.59910126622
"OPTOTRAK _ C09 _ Right _ 3",117.339266543968,-279.096741213386,-2383.16853914377,200.652149603568,-237.937908690397,-2460.69108367534
"OPTOTRAK _ C09 _ Right _ 3",117.31929810375,-279.13506026008,-2383.22964013178,200.64062676904,-237.981936863739,-2460.7821359083
"OPTOTRAK _ C09 _ Right _ 3",117.329555273076,-279.163807320324,-2383.28413084841,200.675275778208,-238.020144756805,-2460.86712291483
"OPTOTRAK _ C09 _ Right _ 3",117.368481422591,-279.183716648525,-2383.32680870452,200.761056172742,-238.051762657237,-2460.94289482453
"OPTOTRAK _ C09 _ Right _ 3",117.431350138199,-279.197287986779,-2383.3535574112,200.900502243512,-238.077548304259,-2461.00895578908
"OPTOTRAK _ C09 _ Right _ 3",117.511618018745,-279.208015158315,-2383.36200609891,201.092480808706,-238.099634782592,-2461.06746638347
"OPTOTRAK _ C09 _ Right _ 3",117.602552117051,-279.219307334558,-2383.35175165316,201.331187036114,-238.120975753855,-2461.12250858356
"OPTOTRAK _ C09 _ Right _ 3",117.698632400042,-279.233511661452,-2383.32418759771,201.60586739823,-238.144543344917,-2461.17880217407
"OPTOTRAK _ C09 _ Right _ 3",117.796305066044,-279.251409620293,-2383.28213451216,201.901532373474,-238.172531290619,-2461.24027383835
"OPTOTRAK _ C09 _ Right _ 3",117.893921246522,-279.272332108291,-2383.22947058568,202.200620013672,-238.205811077761,-2461.30894034976
"OPTOTRAK _ C09 _ Right _ 3",117.991033481198,-279.294738868534,-2383.17082380458,202.485307941258,-238.243791179071,-2461.38444151682
"OPTOTRAK _ C09 _ Right _ 3",118.087462662749,-279.316921901484,-2383.11124051172,202.740005973766,-238.284692523936,-2461.46431831252
"OPTOTRAK _ C09 _ Right _ 3",118.182556983533,-279.337531893447,-2383.05572952326,202.953503805877,-238.326133453489,-2461.54489486745
"OPTOTRAK _ C09 _ Right _ 3",118.274866129895,-279.355826574567,-2383.00870054346,203.12029042208,-238.365839885534,-2461.62246116421
"OPTOTRAK _ C09 _ Right _ 3",118.36221152454,-279.371719035123,-2382.97344648763,203.240721441503,-238.402267606242,-2461.69438243522
"OPTOTRAK _ C09 _ Right _ 3",118.441999546055,-279.38573831735,-2382.95185095756,203.320009046231,-238.434956596984,-2461.7597970772
"OPTOTRAK _ C09 _ Right _ 3",118.511623066801,-279.398938178276,-2382.94442624528,203.366377418232,-238.464535003373,-2461.81971540177
"OPTOTRAK _ C09 _ Right _ 3",118.568850638397,-279.412724442843,-2382.95065958524,203.388982719064,-238.492411375046,-2461.87653911761
"OPTOTRAK _ C09 _ Right _ 3",118.612148188621,-279.428582155517,-2382.96951519465,203.396190257388,-238.520274656503,-2461.93318622276
"OPTOTRAK _ C09 _ Right _ 3",118.640914210392,-279.447732886442,-2382.99984754945,203.394560480326,-238.549539631058,-2461.99207993864
"OPTOTRAK _ C09 _ Right _ 3",118.655649619405,-279.470778426158,-2383.04048761754,203.388589131736,-238.580863102629,-2462.0542682377
"OPTOTRAK _ C09 _ Right _ 3",118.658104870671,-279.497384630355,-2383.08991370261,203.381028378976,-238.613845401454,-2462.11891012016
"OPTOTRAK _ C09 _ Right _ 3",118.651411152188,-279.526067454536,-2383.14566590268,203.373522823008,-238.647012486092,-2462.18328514912
"OPTOTRAK _ C09 _ Right _ 3",118.640113758861,-279.554176942163,-2383.20386232,203.367283034836,-238.678113074946,-2462.24333960107
"OPTOTRAK _ C09 _ Right _ 3",118.629950962941,-279.57818834012,-2383.25918388499,203.363559637083,-238.704658468285,-2462.2946059509
"OPTOTRAK _ C09 _ Right _ 3",118.627244150346,-279.594338202992,-2383.30549650743,203.363788811704,-238.7245281691,-2462.33319885002
"OPTOTRAK _ C09 _ Right _ 3",118.637910826178,-279.599486951745,-2383.33699429527,203.369446359742,-238.736432170622,-2462.35657780034
"OPTOTRAK _ C09 _ Right _ 3",118.666312772718,-279.591942810656,-2383.34952678612,203.381784060801,-238.740090317935,-2462.36389041746
"OPTOTRAK _ C09 _ Right _ 3",118.714282523901,-279.571962130045,-2383.34170191766,203.401631486331,-238.736118996523,-2462.35590135655
"OPTOTRAK _ C09 _ Right _ 3",118.780646422431,-279.541772142727,-2383.3154374734,203.429332320779,-238.72572904952,-2462.33466161201
"OPTOTRAK _ C09 _ Right _ 3",118.861400201605,-279.505149205293,-2383.27580894206,203.464753623423,-238.710382419036,-2462.3031055642
"OPTOTRAK _ C09 _ Right _ 3",118.950486103143,-279.466710470945,-2383.23022813794,203.507262561892,-238.691522457016,-2462.26468261067
"OPTOTRAK _ C09 _ Right _ 3",119.040954306041,-279.431105112233,-2383.18713201943,203.555622783582,-238.67041762072,-2462.22301471138
"OPTOTRAK _ C09 _ Right _ 3",119.126202942044,-279.402270273519,-2383.15446756673,203.60786167717,-238.648090067149,-2462.18151499963
"OPTOTRAK _ C09 _ Right _ 3",119.20098825822,-279.382891180687,-2383.13832886054,203.661229962665,-238.625276138401,-2462.14294187689
"OPTOTRAK _ C09 _ Right _ 3",119.261981610387,-279.374164295201,-2383.14208327375,203.712377802878,-238.602388480981,-2462.10895622873
"OPTOTRAK _ C09 _ Right _ 3",119.307807977679,-279.375881536931,-2383.1661597337,203.757800013387,-238.579492479188,-2462.07982257999
"OPTOTRAK _ C09 _ Right _ 3",119.338677850886,-279.386751506585,-2383.20841220807,203.79446993315,-238.55633512797,-2462.05439309451
"OPTOTRAK _ C09 _ Right _ 3",119.355840095324,-279.404810076563,-2383.2647737633,203.820435746036,-238.532450406275,-2462.03042779103
"OPTOTRAK _ C09 _ Right _ 3",119.36108401792,-279.427787665,-2383.32992093131,203.835095652408,-238.507322943917,-2462.00517921675
"OPTOTRAK _ C09 _ Right _ 3",119.356424920491,-279.453372048234,-2383.39785806484,203.838987952631,-238.480557024734,-2461.97607425871
"OPTOTRAK _ C09 _ Right _ 3",119.343995424031,-279.47937335718,-2383.46252758185,203.833186278301,-238.45199728746,-2461.94130311114
"OPTOTRAK _ C09 _ Right _ 3",119.32609368386,-279.503824742205,-2383.51857011649,203.818602997276,-238.421772892353,-2461.90016691029
"OPTOTRAK _ C09 _ Right _ 3",119.305305597981,-279.525052457421,-2383.56218357882,203.795528621692,-238.390258327003,-2461.85310321813
"OPTOTRAK _ C09 _ Right _ 3",119.284588669891,-279.541752296152,-2383.59182672927,203.763589835227,-238.357946400876,-2461.80137722606
"OPTOTRAK _ C09 _ Right _ 3",119.267180537259,-279.553110296271,-2383.60846136404,203.722126491761,-238.325229952741,-2461.74649772844
"OPTOTRAK _ C09 _ Right _ 3",119.256220071603,-279.558970645477,-2383.61515942595,203.670867960854,-238.29211416884,-2461.68949281826
"OPTOTRAK _ C09 _ Right _ 3",119.254081004977,-279.559977143626,-2383.616107716,203.610724729198,-238.257928137552,-2461.63023858036
"OPTOTRAK _ C09 _ Right _ 3",119.261586541348,-279.557553833888,-2383.61521926321,203.544447779447,-238.221138027184,-2461.56704197972
"OPTOTRAK _ C09 _ Right _ 3",119.277398574365,-279.553623186493,-2383.61469729826,203.476848884259,-238.17935518944,-2461.49662740467
"OPTOTRAK _ C09 _ Right _ 3",119.297865987943,-279.550095976482,-2383.61400425102,203.414307739758,-238.129583208076,-2461.41458410123
"OPTOTRAK _ C09 _ Right _ 3",119.31747401469,-279.54831315395,-2383.6096854612,203.363501822694,-238.068684674553,-2461.31622410087
"OPTOTRAK _ C09 _ Right _ 3",119.329847670685,-279.548658833489,-2383.59627302868,203.329649071969,-237.993997631747,-2461.19770227296
"OPTOTRAK _ C09 _ Right _ 3",119.329113332401,-279.55046610326,-2383.56807481523,203.314879714456,-237.904005077664,-2461.05718858914
"OPTOTRAK _ C09 _ Right _ 3",119.311336574894,-279.552189132005,-2383.52124950028,203.317442670001,-237.798949425657,-2460.89586263895
"OPTOTRAK _ C09 _ Right _ 3",119.275713239375,-279.551729043812,-2383.45541795892,203.332205829634,-237.681267911178,-2460.71849941405
"OPTOTRAK _ C09 _ Right _ 3",119.225194909385,-279.546814876027,-2383.37423802902,203.352413830378,-237.555706465749,-2460.53342990074
"OPTOTRAK _ C09 _ Right _ 3",119.166314703316,-279.535397253243,-2383.28476169481,203.372140773022,-237.42898401739,-2460.35173144831
"OPTOTRAK _ C09 _ Right _ 3",119.108167223452,-279.516030765292,-2383.19581116427,203.388557187112,-237.308960773887,-2460.18566433403
"OPTOTRAK _ C09 _ Right _ 3",119.060746104948,-279.488181911053,-2383.115890314,203.403170621656,-237.2034039001,-2460.04658881251
"OPTOTRAK _ C09 _ Right _ 3",119.03305462568,-279.452356461768,-2383.05120814786,203.421585084084,-237.118590062332,-2459.94278882659
"OPTOTRAK _ C09 _ Right _ 3",119.031479605744,-279.409962105992,-2383.00425946302,203.451882041445,-237.058071877154,-2459.87771487498
"OPTOTRAK _ C09 _ Right _ 3",119.058812647275,-279.362929840001,-2382.97321238202,203.502214970302,-237.02191885353,-2459.84909174985
"OPTOTRAK _ C09 _ Right _ 3",119.114060929633,-279.313253198272,-2382.95221497359,203.578444829548,-237.006624371402,-2459.84912876432
"OPTOTRAK _ C09 _ Right _ 3",119.192940886722,-279.262656029646,-2382.93263337874,203.682557998782,-237.005700689545,-2459.86579938707
"OPTOTRAK _ C09 _ Right _ 3",119.288822607864,-279.212495234723,-2382.90503907985,203.812258536199,-237.010828397699,-2459.88491687761
"OPTOTRAK _ C09 _ Right _ 3",119.393906393444,-279.16381290488,-2382.86145897208,203.961668036221,-237.013318859338,-2459.89257402323
"OPTOTRAK _ C09 _ Right _ 3",119.500457197048,-279.11734760097,-2382.79720448771,204.122691666784,-237.005590444871,-2459.87745290604
"OPTOTRAK _ C09 _ Right _ 3",119.601902918439,-279.073403692061,-2382.71172668831,204.286466933016,-236.982353471833,-2459.83255017638
"OPTOTRAK _ C09 _ Right _ 3",119.693554515239,-279.031676876648,-2382.60835532052,204.444440861872,-236.941258688045,-2459.75599950228
"OPTOTRAK _ C09 _ Right _ 3",119.772746903592,-278.991249409451,-2382.49319275792,204.58892912773,-236.882895132931,-2459.65087750935
"OPTOTRAK _ C09 _ Right _ 3",119.838385719253,-278.950884837064,-2382.37361264484,204.713313381072,-236.810200540152,-2459.52411233313
"OPTOTRAK _ C09 _ Right _ 3",119.890139242706,-278.90953334051,-2382.25674955567,204.812159040995,-236.727516866405,-2459.38483081513
"OPTOTRAK _ C09 _ Right _ 3",119.927681854236,-278.866786498982,-2382.14822810649,204.88144244944,-236.639615296059,-2459.24261358346
"OPTOTRAK _ C09 _ Right _ 3",119.950357543288,-278.823038546118,-2382.05132021206,204.918879085129,-236.550974889181,-2459.10609686318
"OPTOTRAK _ C09 _ Right _ 3",119.957395666274,-278.779307586816,-2381.96672683897,204.924211680626,-236.465435557209,-2458.98215413459
"OPTOTRAK _ C09 _ Right _ 3",119.948511189484,-278.736886051523,-2381.89311027229,204.899321123258,-236.386147695827,-2458.87561749214
"OPTOTRAK _ C09 _ Right _ 3",119.924536306552,-278.697053798304,-2381.82825589652,204.848104743998,-236.315622263143,-2458.78931455488
"OPTOTRAK _ C09 _ Right _ 3",119.887756591273,-278.660963315666,-2381.77041872539,204.7761380292,-236.255704113609,-2458.72418578753
"OPTOTRAK _ C09 _ Right _ 3",119.841812159249,-278.629621787742,-2381.71925458996,204.690173071262,-236.207414127413,-2458.67937408273
"OPTOTRAK _ C09 _ Right _ 3",119.791227445157,-278.603820655129,-2381.67591387162,204.597546207675,-236.170741611004,-2458.65233622557
"OPTOTRAK _ C09 _ Right _ 3",119.740736330118,-278.583954620027,-2381.64230089192,204.505565876828,-236.144534125807,-2458.6391091122
"OPTOTRAK _ C09 _ Right _ 3",119.694568065267,-278.569820029157,-2381.61989867876,204.420921780015,-236.126601066506,-2458.63482888911
"OPTOTRAK _ C09 _ Right _ 3",119.655829467993,-278.56053133625,-2381.6086940672,204.34912346767,-236.114060042985,-2458.63448981723
"OPTOTRAK _ C09 _ Right _ 3",119.626109768527,-278.554606551931,-2381.60660199955,204.293979568705,-236.103872134239,-2458.63382254875
"OPTOTRAK _ C09 _ Right _ 3",119.605410873053,-278.550163547119,-2381.60955459494,204.257172352328,-236.093455828847,-2458.63010725055
"OPTOTRAK _ C09 _ Right _ 3",119.592411595486,-278.545161914315,-2381.61224525026,204.238028566616,-236.081227744507,-2458.62270312448
"OPTOTRAK _ C09 _ Right _ 3",119.584936925141,-278.537698562543,-2381.60939490068,204.233588406104,-236.066901301723,-2458.6130867966
"OPTOTRAK _ C09 _ Right _ 3",119.580431653415,-278.526387553182,-2381.59724492991,204.239013012289,-236.051426762995,-2458.60430817041
"OPTOTRAK _ C09 _ Right _ 3",119.576305386065,-278.510758810554,-2381.57478903223,204.248285103529,-236.036589948751,-2458.59999827824
"OPTOTRAK _ C09 _ Right _ 3",119.570167688964,-278.491488146778,-2381.54420090787,204.255101561942,-236.024434401434,-2458.60327874289
"OPTOTRAK _ C09 _ Right _ 3",119.560065267479,-278.470275800668,-2381.51015677636,204.253833157621,-236.016732550656,-2458.61597079924
"OPTOTRAK _ C09 _ Right _ 3",119.544780064272,-278.449363734883,-2381.47824128986,204.240397347221,-236.014667712807,-2458.63834165904
"OPTOTRAK _ C09 _ Right _ 3",119.524109562907,-278.430895902488,-2381.45308379972,204.212862265061,-236.01875908366,-2458.66936729965
"OPTOTRAK _ C09 _ Right _ 3",119.498976654789,-278.416406196723,-2381.43700244503,204.171635822757,-236.028964044165,-2458.70729895984
"OPTOTRAK _ C09 _ Right _ 3",119.471283335644,-278.406613890712,-2381.42966511765,204.119220047962,-236.044874741147,-2458.75028543795
"OPTOTRAK _ C09 _ Right _ 3",119.443559867448,-278.401524161104,-2381.42880090569,204.059662834792,-236.065954174618,-2458.79688198468
"OPTOTRAK _ C09 _ Right _ 3",119.418541285429,-278.400714284778,-2381.43157720448,203.997910597277,-236.091765751003,-2458.84636110109
"OPTOTRAK _ C09 _ Right _ 3",119.398783537379,-278.403671321873,-2381.43604250645,203.939207546527,-236.122121356859,-2458.89877149617
"OPTOTRAK _ C09 _ Right _ 3",119.386373872585,-278.410069302341,-2381.44204808545,203.888567371788,-236.157052864714,-2458.95470020123
"OPTOTRAK _ C09 _ Right _ 3",119.382755682882,-278.419884778565,-2381.45128983741,203.850280555963,-236.196562316678,-2459.01475449348
"OPTOTRAK _ C09 _ Right _ 3",119.388670369976,-278.433280092829,-2381.46648980119,203.827457104434,-236.240233613401,-2459.0789214661
"OPTOTRAK _ C09 _ Right _ 3",119.404190103745,-278.45027634851,-2381.4901001154,203.821669182786,-236.286910781229,-2459.14609295074
"OPTOTRAK _ C09 _ Right _ 3",119.428785129967,-278.470363997588,-2381.5230744434,203.832767717864,-236.334651391,-2459.21401662431
"OPTOTRAK _ C09 _ Right _ 3",119.461366771486,-278.492274697881,-2381.56416814668,203.858901430055,-236.38102393962,-2459.27972286865
"OPTOTRAK _ C09 _ Right _ 3",119.500276367315,-278.514104384995,-2381.61001764227,203.8967278591,-236.423637909275,-2459.34023253245
"OPTOTRAK _ C09 _ Right _ 3",119.543233859231,-278.533838660193,-2381.65602891835,203.941803148586,-236.460700216997,-2459.39325027545
"OPTOTRAK _ C09 _ Right _ 3",119.587308473518,-278.550138512676,-2381.69787173316,203.989133354988,-236.491413299507,-2459.43762322508
"OPTOTRAK _ C09 _ Right _ 3",119.629018344743,-278.563074504025,-2381.73311223931,204.033830604536,-236.516114006625,-2459.47349198219
"OPTOTRAK _ C09 _ Right _ 3",119.664669575865,-278.574442069935,-2381.76234428331,204.071772064163,-236.536144736445,-2459.5021770348
"OPTOTRAK _ C09 _ Right _ 3",119.690967805511,-278.58741263653,-2381.7892855498,204.100157184533,-236.553529514976,-2459.52590136471
"OPTOTRAK _ C09 _ Right _ 3",119.705789707302,-278.605550459765,-2381.81971433822,204.117893281361,-236.57057922092,-2459.54745908673
"OPTOTRAK _ C09 _ Right _ 3",119.708866189103,-278.63152983246,-2381.85962230889,204.125764683645,-236.589538333517,-2459.56989414248
"OPTOTRAK _ C09 _ Right _ 3",119.702093965392,-278.666060098657,-2381.91326414956,204.126339977007,-236.612308725703,-2459.59616384518
"OPTOTRAK _ C09 _ Right _ 3",119.689296032048,-278.707461848078,-2381.98176268752,204.12357850241,-236.64020944514,-2459.62870870327
"OPTOTRAK _ C09 _ Right _ 3",119.675452641119,-278.752058824125,-2382.06265774239,204.12214751927,-236.673733356946,-2459.66891780416
"OPTOTRAK _ C09 _ Right _ 3",119.665622770798,-278.795203750255,-2382.15045229698,204.126552741568,-236.712343237303,-2459.71664075413
"OPTOTRAK _ C09 _ Right _ 3",119.663875506219,-278.832523929129,-2382.2379412866,204.140275100374,-236.754426877746,-2459.77001023541
"OPTOTRAK _ C09 _ Right _ 3",119.672516649178,-278.860952304494,-2382.31793231562,204.165137212726,-236.797514166242,-2459.82577362237
"OPTOTRAK _ C09 _ Right _ 3",119.69176291067,-278.879270740366,-2382.38487544741,204.201052907945,-236.838736786214,-2459.88008641228
"OPTOTRAK _ C09 _ Right _ 3",119.719854029427,-278.888119909296,-2382.43593992554,204.246157123974,-236.875364771285,-2459.92944088304
"OPTOTRAK _ C09 _ Right _ 3",119.753471110375,-278.889607179662,-2382.47124977091,204.297159021859,-236.905202770108,-2459.97129835379
"OPTOTRAK _ C09 _ Right _ 3",119.78828976173,-278.886713437678,-2382.4932920975,204.349722072085,-236.926727816437,-2460.00417023419
"OPTOTRAK _ C09 _ Right _ 3",119.819540992026,-278.882677847015,-2382.50582199415,204.398793750848,-236.939030186707,-2460.02724593586
"OPTOTRAK _ C09 _ Right _ 3",119.842546147874,-278.880476828766,-2382.51274658129,204.438993169603,-236.941737169709,-2460.03994202042
"OPTOTRAK _ C09 _ Right _ 3",119.853278255914,-278.882448752403,-2382.51738241737,204.465250906668,-236.935064896972,-2460.04174943305
"OPTOTRAK _ C09 _ Right _ 3",119.849026336128,-278.890060604939,-2382.52219911821,204.473789189942,-236.919994472387,-2460.03250244429
"OPTOTRAK _ C09 _ Right _ 3",119.829174348586,-278.903771174869,-2382.52888120228,204.463300600183,-236.898434000905,-2460.01289357354
"OPTOTRAK _ C09 _ Right _ 3",119.795969592577,-278.922936909703,-2382.53845114257,204.435985124713,-236.873206012583,-2459.98492212619
"OPTOTRAK _ C09 _ Right _ 3",119.755009182975,-278.945754984284,-2382.55132573865,204.398046854018,-236.847781996863,-2459.95202820313
"OPTOTRAK _ C09 _ Right _ 3",119.715109923912,-278.969323860559,-2382.56737057704,204.359347223408,-236.825795714848,-2459.91882053348
"OPTOTRAK _ C09 _ Right _ 3",119.687327216546,-278.989947550944,-2382.58609027545,204.33212841635,-236.810444346171,-2459.89044577797
"OPTOTRAK _ C09 _ Right _ 3",119.68316082954,-279.003742977057,-2382.60699573583,204.32901023986,-236.803920352087,-2459.87173855324
"OPTOTRAK _ C09 _ Right _ 3",119.712326923102,-279.007446613387,-2382.63003160699,204.360735744653,-236.807020315832,-2459.8663532356
"OPTOTRAK _ C09 _ Right _ 3",119.780709280884,-278.999170270426,-2382.6558755447,204.434256923842,-236.819053584436,-2459.8761146062
"OPTOTRAK _ C09 _ Right _ 3",119.889086725713,-278.978842604484,-2382.68598164527,204.551617417353,-236.838109059635,-2459.90079846142
"OPTOTRAK _ C09 _ Right _ 3",120.032966316952,-278.948206826279,-2382.72234942778,204.709761887757,-236.861624691817,-2459.93842466136
"OPTOTRAK _ C09 _ Right _ 3",120.203473142901,-278.910428314834,-2382.76705534785,204.901078268527,-236.88707412145,-2459.98593599468
"OPTOTRAK _ C09 _ Right _ 3",120.388940231582,-278.869479401276,-2382.82158612629,205.114349569782,-236.912515281765,-2460.03995654042
"OPTOTRAK _ C09 _ Right _ 3",120.576721198207,-278.829469697969,-2382.88604598071,205.335891088143,-236.936802615098,-2460.09730437298
"OPTOTRAK _ C09 _ Right _ 3",120.754814979137,-278.794028303938,-2382.95841461243,205.55083371014,-236.959433880752,-2460.15511306737
"OPTOTRAK _ C09 _ Right _ 3",120.913063011248,-278.765795862173,-2383.03413652505,205.744590664797,-236.980184738277,-2460.21068105686
"OPTOTRAK _ C09 _ Right _ 3",121.043853075488,-278.74608281647,-2383.1063078031,205.904441428134,-236.998769771764,-2460.26133026244
"OPTOTRAK _ C09 _ Right _ 3",121.142381381297,-278.734765787183,-2383.16655583162,206.020993329899,-237.01472222945,-2460.30451381401
"OPTOTRAK _ C09 _ Right _ 3",121.206584948513,-278.730472621999,-2383.20646146338,206.089215543266,-237.02755933222,-2460.33823606707
"OPTOTRAK _ C09 _ Right _ 3",121.236881760868,-278.731029842584,-2383.21918842965,206.108848213294,-237.037175818241,-2460.36168913129
"OPTOTRAK _ C09 _ Right _ 3",121.235845898771,-278.7340577978,-2383.20095803368,206.084183524225,-237.044326659471,-2460.37594026592
"OPTOTRAK _ C09 _ Right _ 3",121.207884167988,-278.737562922417,-2383.15212496344,206.023362721584,-237.051015316556,-2460.38447041205
"OPTOTRAK _ C09 _ Right _ 3",121.158889683772,-278.740405828738,-2383.07774738616,205.937366569939,-237.060589032314,-2460.39331056259
"OPTOTRAK _ C09 _ Right _ 3",121.095793369469,-278.742567068158,-2382.98756505945,205.838813644801,-237.077379560927,-2460.41050301952
"OPTOTRAK _ C09 _ Right _ 3",121.025970033783,-278.745144502226,-2382.89520258681,205.740592034064,-237.10584659467,-2460.44473885041
"OPTOTRAK _ C09 _ Right _ 3",120.95655304134,-278.750027003111,-2382.81637945913,205.654323692311,-237.149370437707,-2460.50331718493
"OPTOTRAK _ C09 _ Right _ 3",120.89377565232,-278.759268802013,-2382.76613647866,205.588753074037,-237.20902431241,-2460.58991727423
"OPTOTRAK _ C09 _ Right _ 3",120.842430531399,-278.774338363531,-2382.75556652299,205.548336893695,-237.282732692731,-2460.7028777724
"OPTOTRAK _ C09 _ Right _ 3",120.805474151399,-278.795524354087,-2382.78897309205,205.532476459049,-237.365134490539,-2460.83460467229
"OPTOTRAK _ C09 _ Right _ 3",120.783796900869,-278.821730311218,-2382.8624297588,205.535833224866,-237.448252914369,-2460.97239541832
"OPTOTRAK _ C09 _ Right _ 3",120.776243631041,-278.850692319259,-2382.96429301281,205.549914144955,-237.522827309058,-2461.10052986657
"OPTOTRAK _ C09 _ Right _ 3",120.780003828636,-278.87945676681,-2383.07756189018,205.56565032703,-237.579984401986,-2461.20312913628
"OPTOTRAK _ C09 _ Right _ 3",120.791400037625,-278.904896167992,-2383.1834101371,205.576212970023,-237.612858624,-2461.26711721331
"OPTOTRAK _ C09 _ Right _ 3",120.806908489893,-278.924129170665,-2383.2649419605,205.579079303664,-237.617799624247,-2461.28461943053
"OPTOTRAK _ C09 _ Right _ 3",120.824079061456,-278.934839428124,-2383.31026345614,205.576561621314,-237.594905767034,-2461.25425761832
"OPTOTRAK _ C09 _ Right _ 3",120.842015075955,-278.935544756538,-2383.31423729244,205.574600357231,-237.54778651298,-2461.18105769443
"OPTOTRAK _ C09 _ Right _ 3",120.861245497572,-278.925833115031,-2383.27869089748,205.580315730249,-237.482662709378,-2461.07506058786
"OPTOTRAK _ C09 _ Right _ 3",120.883065995229,-278.906523989831,-2383.21126580696,205.599266595692,-237.407096657519,-2460.94911150181
"OPTOTRAK _ C09 _ Right _ 3",120.908609565829,-278.879697284873,-2383.12340249889,205.633391688544,-237.32871830991,-2460.81651364499
"OPTOTRAK _ C09 _ Right _ 3",120.937971279571,-278.848552806956,-2383.02805097602,205.68025521129,-237.254240018902,-2460.6891504006
"OPTOTRAK _ C09 _ Right _ 3",120.969667353755,-278.817084557303,-2382.93758565532,205.73368794877,-237.188876324643,-2460.57635847252
"OPTOTRAK _ C09 _ Right _ 3",121.000589920611,-278.789570808701,-2382.86219820906,205.785435386388,-237.136113124017,-2460.48447714516
"OPTOTRAK _ C09 _ Right _ 3",121.026459366898,-278.769921812356,-2382.8088689018,205.827155379604,-237.097689976628,-2460.4168064431
"OPTOTRAK _ C09 _ Right _ 3",121.042622494471,-278.760997796713,-2382.7809139546,205.852100398942,-237.073683362359,-2460.37373952911
"OPTOTRAK _ C09 _ Right _ 3",121.044952433231,-278.764067341077,-2382.77804216745,205.856032857759,-237.062656834005,-2460.35299995491
"OPTOTRAK _ C09 _ Right _ 3",121.030607323753,-278.778566531569,-2382.79681045974,205.837265936036,-237.061912424568,-2460.35006387514
"OPTOTRAK _ C09 _ Right _ 3",120.998486662002,-278.802233943877,-2382.83136336294,205.796075634909,-237.067895128779,-2460.35887870332
"OPTOTRAK _ C09 _ Right _ 3",120.949339919494,-278.831583721322,-2382.87437853741,205.733954487057,-237.076758173276,-2460.37288875649
"OPTOTRAK _ C09 _ Right _ 3",120.88557672328,-278.862602018873,-2382.91817433529,205.653166134078,-237.085011337298,-2460.38620645286
"OPTOTRAK _ C09 _ Right _ 3",120.810869101572,-278.891531858359,-2382.95590962914,205.55680761584,-237.090097073983,-2460.39462818772
"OPTOTRAK _ C09 _ Right _ 3",120.72963437117,-278.91561374821,-2382.98271164974,205.449222154578,-237.090728044113,-2460.39618681987
"OPTOTRAK _ C09 _ Right _ 3",120.6464802789,-278.93363579551,-2382.99646737296,205.336341078249,-237.086899815698,-2460.39109070688
"OPTOTRAK _ C09 _ Right _ 3",120.565704225866,-278.946131998076,-2382.99800751121,205.225539108077,-237.079622420805,-2460.38114462445
"OPTOTRAK _ C09 _ Right _ 3",120.490945734244,-278.955111237608,-2382.99055934378,205.124863089431,-237.070508221356,-2460.36892869593
"OPTOTRAK _ C09 _ Right _ 3",120.425056703173,-278.963339627555,-2382.97860153168,205.041846415501,-237.061353290811,-2460.35702106579
"OPTOTRAK _ C09 _ Right _ 3",120.370169412647,-278.973389048965,-2382.96648112265,204.982306449386,-237.053778748326,-2460.34742177264
"OPTOTRAK _ C09 _ Right _ 3",120.327853414658,-278.986787519454,-2382.9572118787,204.949456909905,-237.048935222634,-2460.34120075251
"OPTOTRAK _ C09 _ Right _ 3",120.299225292465,-279.003565192746,-2382.95174025439,204.943479896154,-237.047272545764,-2460.33834912542
"OPTOTRAK _ C09 _ Right _ 3",120.284932461687,-279.022301738309,-2382.94875599703,204.961570743878,-237.048422124816,-2460.33784562136
"OPTOTRAK _ C09 _ Right _ 3",120.285026641345,-279.040575692367,-2382.94499156719,204.998440927971,-237.051266122227,-2460.33797120506
"OPTOTRAK _ C09 _ Right _ 3",120.298803969542,-279.055616219089,-2382.93594193328,205.047249711442,-237.05422314294,-2460.33684368133
"OPTOTRAK _ C09 _ Right _ 3",120.324691199078,-279.06497401783,-2382.91693775962,205.100839191595,-237.055677997044,-2460.33301757796
"OPTOTRAK _ C09 _ Right _ 3",120.360228751321,-279.067085262498,-2382.88440435257,205.152987159478,-237.054398250982,-2460.32590534359
"OPTOTRAK _ C09 _ Right _ 3",120.402174460578,-279.061640060552,-2382.83697358705,205.199298339538,-237.049780698982,-2460.31581944271
"OPTOTRAK _ C09 _ Right _ 3",120.44673240134,-279.049689182374,-2382.77605299529,205.237456703062,-237.041855793143,-2460.30360568818
"OPTOTRAK _ C09 _ Right _ 3",120.48989450648,-279.033459692025,-2382.70560785003,205.266851085474,-237.031090212964,-2460.29003749557
"OPTOTRAK _ C09 _ Right _ 3",120.527873034778,-279.015908483783,-2382.63122302543,205.287892187635,-237.018109036341,-2460.27526324867
"OPTOTRAK _ C09 _ Right _ 3",120.5575996178,-279.00010716193,-2382.55881639608,205.301457547273,-237.003480614703,-2460.25859248831
"OPTOTRAK _ C09 _ Right _ 3",120.577253357871,-278.98860491713,-2382.49351759884,205.308759448256,-236.987666017324,-2460.23877295247
"OPTOTRAK _ C09 _ Right _ 3",120.586741328974,-278.982936319024,-2382.43912190951,205.311633429619,-236.971146850676,-2460.21469365837
"OPTOTRAK _ C09 _ Right _ 3",120.588008594084,-278.983401286984,-2382.39820658293,205.312980805204,-236.954646858823,-2460.18623695591
"OPTOTRAK _ C09 _ Right _ 3",120.585039862048,-278.989146525924,-2382.37262541192,205.31700897882,-236.939302310657,-2460.15490241518
"OPTOTRAK _ C09 _ Right _ 3",120.583449434234,-278.998473283284,-2382.36391196807,205.32902059692,-236.926646119569,-2460.12389387888
"OPTOTRAK _ C09 _ Right _ 3",120.589634155924,-279.009244213685,-2382.37323140237,205.354717130975,-236.918343832949,-2460.09755614507
"OPTOTRAK _ C09 _ Right _ 3",120.609577773026,-279.019271361213,-2382.4008124041,205.399173375138,-236.9157197239,-2460.08027687278
"OPTOTRAK _ C09 _ Right _ 3",120.647528976968,-279.026605590131,-2382.44507404302,205.465732274725,-236.919201097727,-2460.07516133646
"OPTOTRAK _ C09 _ Right _ 3",120.704882917087,-279.029691503287,-2382.50183811668,205.555081829258,-236.927862078091,-2460.08289442082
"OPTOTRAK _ C09 _ Right _ 3",120.779611073494,-279.02739833604,-2382.56406094428,205.664744266087,-236.939246084548,-2460.10117896409
"OPTOTRAK _ C09 _ Right _ 3",120.866470341994,-279.018977955302,-2382.62239477573,205.789127152773,-236.94958457262,-2460.12496949896
"OPTOTRAK _ C09 _ Right _ 3",120.958006424678,-279.004013680626,-2382.66660187797,205.92015711722,-236.954426946923,-2460.14746659105
"OPTOTRAK _ C09 _ Right _ 3",121.046128546227,-278.982399625769,-2382.68751220876,206.048392712373,-236.949584958424,-2460.16160516406
"OPTOTRAK _ C09 _ Right _ 3",121.123856978664,-278.954353849851,-2382.67900304224,206.164442443849,-236.932198507932,-2460.1616388899
"OPTOTRAK _ C09 _ Right _ 3",121.186781687717,-278.920455165361,-2382.63946415589,206.260478360463,-236.901663474167,-2460.14441328626
"OPTOTRAK _ C09 _ Right _ 3",121.233829643028,-278.881709384726,-2382.57235965322,206.331591591885,-236.860150307815,-2460.11002669726
"OPTOTRAK _ C09 _ Right _ 3",121.26710927095,-278.839661857773,-2382.48572704505,206.376699448438,-236.812514189673,-2460.06178341306
"OPTOTRAK _ C09 _ Right _ 3",121.290857379088,-278.796539576923,-2382.39069997536,206.398759176688,-236.765552341909,-2460.00558900745
"OPTOTRAK _ C09 _ Right _ 3",121.309795609087,-278.755335439169,-2382.29936659427,206.404213906918,-236.726749512329,-2459.94911484996
"OPTOTRAK _ C09 _ Right _ 3",121.327406378674,-278.719704803063,-2382.22245664933,206.401826626642,-236.70279155979,-2459.90105685962
"OPTOTRAK _ C09 _ Right _ 3",121.344667834935,-278.693588756112,-2382.16743416846,206.401209538271,-236.698169208963,-2459.87060949892
"OPTOTRAK _ C09 _ Right _ 3",121.359638187595,-278.680585579821,-2382.13747529457,206.411335074026,-236.714149610328,-2459.86697817791
"OPTOTRAK _ C09 _ Right _ 3",121.368043701352,-278.683174957004,-2382.13150926402,206.439161616539,-236.748314861852,-2459.89854651158
"OPTOTRAK _ C09 _ Right _ 3",121.364798999052,-278.701912787983,-2382.14513012936,206.488366532702,-236.794795688098,-2459.97134209077
"OPTOTRAK _ C09 _ Right _ 3",121.346192235858,-278.734707239696,-2382.17197136115,206.558174102536,-236.845260681449,-2460.08672539613
"OPTOTRAK _ C09 _ Right _ 3",121.312266470978,-278.776334309483,-2382.20516716919,206.6424000818,-236.890620792629,-2460.23866664045
"OPTOTRAK _ C09 _ Right _ 3",121.268724726716,-278.818452788555,-2382.23866631035,206.729017578423,-236.923252713463,-2460.41143577619
"OPTOTRAK _ C09 _ Right _ 3",121.227562938835,-278.850439915412,-2382.26822208911,206.800688153023,-236.939355576754,-2460.5788798667
"OPTOTRAK _ C09 _ Right _ 3",121.205714544887,-278.861278258855,-2382.29182183389,206.836741378513,-236.940887960594,-2460.70656033906
"OPTOTRAK _ C09 _ Right _ 3",121.221356571076,-278.842438596917,-2382.30927340985,206.816968927556,-236.936441996675,-2460.75770250887
"OPTOTRAK _ C09 _ Right _ 3",121.288165155566,-278.791284347519,-2382.32079053593,206.727250032342,-236.940443557821,-2460.70303731682
"OPTOTRAK _ C09 _ Right _ 3",121.408590418087,-278.714110693326,-2382.32477389199,206.56639668366,-236.970272118237,-2460.5332273237
"OPTOTRAK _ C09 _ Right _ 3",121.567941412228,-278.627680594731,-2382.31549735349,206.352751701663,-237.041323900955,-2460.27096070126
"OPTOTRAK _ C09 _ Right _ 3",121.731516878801,-278.558137779026,-2382.28187267969,206.128203651565,-237.160701565843,-2459.97846608762
"OPTOTRAK _ C09 _ Right _ 3",121.84700814844,-278.536509210214,-2382.20860628046,205.95678166657,-237.320994439554,-2459.75570789449
"OPTOTRAK _ C09 _ Right _ 3",121.853792918116,-278.590669982732,-2382.08067406914,205.915305139314,-237.496281700301,-2459.7253566564
"OPTOTRAK _ C09 _ Right _ 3",121.699433045768,-278.734614995043,-2381.89113878541,206.074990155936,-237.642743660375,-2460.0030808622
"OPTOTRAK _ C09 _ Right _ 3",121.361719173996,-278.95704612774,-2381.65116347407,206.475422662158,-237.705820361162,-2460.65568937983
"OPTOTRAK _ C09 _ Right _ 3",120.872263880788,-279.21234633371,-2381.39996094377,207.095437836724,-237.634546708977,-2461.6545413742
"OPTOTRAK _ C09 _ Right _ 3",120.335538893163,-279.417526550466,-2381.21163180834,207.82836367445,-237.401579387169,-2462.8362371268
"OPTOTRAK _ C09 _ Right _ 3",119.936201141596,-279.45825031283,-2381.19563030676,208.470774627375,-237.024896981706,-2463.88532109562
"OPTOTRAK _ C09 _ Right _ 3",119.928363473451,-279.205323754684,-2381.48825986423,208.733388557265,-236.584902965793,-2464.35290823259
"OPTOTRAK _ C09 _ Right _ 3",120.603625841988,-278.540223045443,-2382.23437681452,208.279340232423,-236.229549902069,-2463.71947377684
"OPTOTRAK _ C09 _ Right _ 3",122.240026273965,-277.384920447915,-2383.56125099511,206.788693934292,-236.160946859096,-2461.49924027856
"OPTOTRAK _ C09 _ Right _ 3",125.040493170817,-275.728517314141,-2385.54962812047,204.039712143145,-236.600341572677,-2457.36935198113
"OPTOTRAK _ C09 _ Right _ 3",129.074806004631,-273.642303598647,-2388.20932176053,199.989457289147,-237.734596428194,-2451.29368313911
"OPTOTRAK _ C09 _ Right _ 3",134.241006132764,-271.276877068447,-2391.46684351443,194.832066777612,-239.655456036803,-2443.60490290003
"OPTOTRAK _ C09 _ Right _ 3",140.258955589883,-268.839854935935,-2395.16983428318,189.015242367708,-242.310244931848,-2435.01442912725
"OPTOTRAK _ C09 _ Right _ 3",146.700737809397,-266.558923666709,-2399.10789583818,183.204427725796,-245.484557193952,-2426.53796730717
"OPTOTRAK _ C09 _ Right _ 3",153.052625832361,-264.639876228791,-2403.04405617585,178.196775114697,-248.830241270647,-2419.34723980613
"OPTOTRAK _ C09 _ Right _ 3",158.795259577998,-263.230677356002,-2406.74833181591,174.798318920843,-251.93645940507,-2414.57605909786
"OPTOTRAK _ C09 _ Right _ 3",163.485304580618,-262.400017140198,-2410.02593536993,173.684006086602,-254.424506457361,-2413.11536036253
"OPTOTRAK _ C09 _ Right _ 3",166.823693382273,-262.133661749625,-2412.7363702562,175.261379110684,-256.037023667572,-2415.42957612552
"OPTOTRAK _ C09 _ Right _ 3",168.700680262862,-262.346493782355,-2414.80339831549,179.558128239984,-256.694013756374,-2421.42258248561
"OPTOTRAK _ C09 _ Right _ 3",169.213133625277,-262.90450278625,-2416.21767534728,186.154882918702,-256.499986545829,-2430.3798280202
"OPTOTRAK _ C09 _ Right _ 3",168.652218074802,-263.65010772935,-2417.03328447352,194.187077690013,-255.702810818626,-2441.01238530221
"OPTOTRAK _ C09 _ Right _ 3",167.460203641121,-264.425695766419,-2417.35762343375,202.437738478096,-254.619569322186,-2451.62130197935
"OPTOTRAK _ C09 _ Right _ 3",166.156816976825,-265.092829505999,-2417.33327190063,209.529059743689,-253.55385738323,-2460.37943923085
"OPTOTRAK _ C09 _ Right _ 3",165.241573459803,-265.546720936778,-2417.11223674296,214.192525407678,-252.729650256085,-2465.69302927563
"OPTOTRAK _ C09 _ Right _ 3",165.088570913422,-265.726330771008,-2416.82690858071,215.563109894044,-252.258071868789,-2466.56766959803
"OPTOTRAK _ C09 _ Right _ 3",165.859244863202,-265.619838762833,-2416.56547649992,213.418708081445,-252.138827172124,-2462.8814995331
"OPTOTRAK _ C09 _ Right _ 3",167.459611350618,-265.264265732113,-2416.3593839455,208.286699980869,-252.286082250016,-2455.47699311754
"OPTOTRAK _ C09 _ Right _ 3",169.558058104468,-264.738003035063,-2416.18594659254,201.370814547337,-252.565823413135,-2446.0252361531
"OPTOTRAK _ C09 _ Right _ 3",171.661562820933,-264.146317869683,-2415.98324806029,194.304038294215,-252.836246598249,-2436.68053407277
"OPTOTRAK _ C09 _ Right _ 3",173.231185934975,-263.601733994738,-2415.67097629835,188.786792581813,-252.986221208204,-2429.60554783842
"OPTOTRAK _ C09 _ Right _ 3",173.808922513,-263.202459726715,-2415.17160932795,186.202599623126,-252.964806445413,-2426.48446261873
"OPTOTRAK _ C09 _ Right _ 3",173.128183495504,-263.012448045486,-2414.42916003137,187.305491470391,-252.791645430509,-2428.1423871685
"OPTOTRAK _ C09 _ Right _ 3",171.18520312837,-263.046670774823,-2413.42419341892,192.04965097077,-252.541107457613,-2434.35837679831
"OPTOTRAK _ C09 _ Right _ 3",168.254976061062,-263.265120967356,-2412.18294106449,199.595855651548,-252.303721795655,-2443.91181360662
"OPTOTRAK _ C09 _ Right _ 3",164.843379475131,-263.578540715053,-2410.77700513836,208.491613213582,-252.140997098518,-2454.85006045022
"OPTOTRAK _ C09 _ Right _ 3",161.579793466086,-263.867006539494,-2409.3111712343,216.986209497758,-252.055657829188,-2464.91706589725
"OPTOTRAK _ C09 _ Right _ 3",159.071896346724,-264.00885244412,-2407.90107595941,223.411710294887,-251.992826929895,-2472.04605944705
"OPTOTRAK _ C09 _ Right _ 3",157.760408521401,-263.912931860862,-2406.64770244836,226.543806633374,-251.870558635516,-2474.80472936836
"OPTOTRAK _ C09 _ Right _ 3",157.816958127835,-263.544264366226,-2405.61818670284,225.859587743298,-251.620856486895,-2472.69381404461
"OPTOTRAK _ C09 _ Right _ 3",159.116960511506,-262.9340765869,-2404.83998492718,221.633473595403,-251.217106947553,-2466.23535632897
"OPTOTRAK _ C09 _ Right _ 3",161.294244013807,-262.170581388462,-2404.30923354104,214.850975742608,-250.674556198581,-2456.83388222403
"OPTOTRAK _ C09 _ Right _ 3",163.855951499113,-261.374172371448,-2404.00776685054,206.963000332933,-250.029291921248,-2446.44241245188
"OPTOTRAK _ C09 _ Right _ 3",166.31761255274,-260.666249841146,-2403.92022169626,199.541455204449,-249.315006836807,-2437.10884241318
"OPTOTRAK _ C09 _ Right _ 3",168.316452111586,-260.142031305825,-2404.04407137279,193.920937381461,-248.556447203048,-2430.50931148049
"OPTOTRAK _ C09 _ Right _ 3",169.674436327455,-259.854528886643,-2404.38963594571,190.913946027173,-247.784697964761,-2427.58278876493
"OPTOTRAK _ C09 _ Right _ 3",170.403028447039,-259.811663032628,-2404.97131512389,190.666145876079,-247.062534669317,-2428.35680892129
"OPTOTRAK _ C09 _ Right _ 3",170.65992717562,-259.983922114034,-2405.79386755598,192.679240262908,-246.500110681646,-2432.00166014871
"OPTOTRAK _ C09 _ Right _ 3",170.678845946686,-260.317669246568,-2406.83871467208,195.984046119185,-246.246876449913,-2437.08676989646
"OPTOTRAK _ C09 _ Right _ 3",170.695832611209,-260.74922579139,-2408.05548742272,199.409078223956,-246.459156106729,-2441.96099935099
"OPTOTRAK _ C09 _ Right _ 3",170.891172564231,-261.216369656314,-2409.36289408411,201.870651196654,-247.254524196708,-2445.15400783803
"OPTOTRAK _ C09 _ Right _ 3",171.356903196278,-261.665848652792,-2410.65980052411,202.613282746294,-248.668472305277,-2445.7025847451
"OPTOTRAK _ C09 _ Right _ 3",172.08983271596,-262.0571473979,-2411.8429973785,201.35111110106,-250.626672441111,-2443.33678736927
"OPTOTRAK _ C09 _ Right _ 3",173.002774004374,-262.363646431798,-2412.82491248123,198.29306280605,-252.941090885016,-2438.50249444455
"OPTOTRAK _ C09 _ Right _ 3",173.945111413056,-262.572417983837,-2413.544655316,194.064600918092,-255.332749714796,-2432.23532335651
"OPTOTRAK _ C09 _ Right _ 3",174.727163419217,-262.683435661969,-2413.96922765918,189.557513701689,-257.478431181112,-2425.92607796435
"OPTOTRAK _ C09 _ Right _ 3",175.147564661691,-262.708293036715,-2414.08644375888,185.743997342605,-259.072850506417,-2421.02832191755
"OPTOTRAK _ C09 _ Right _ 3",175.025345906918,-262.667987916464,-2413.89478953046,183.486818455316,-259.89272397969,-2418.75913333132
"OPTOTRAK _ C09 _ Right _ 3",174.237163556973,-262.589204686078,-2413.39691634515,183.370510653524,-259.846978055625,-2419.84062577076
"OPTOTRAK _ C09 _ Right _ 3",172.756183935986,-262.498922489576,-2412.60219236257,185.574385064062,-258.99974265206,-2424.32561176717
"OPTOTRAK _ C09 _ Right _ 3",170.683984248781,-262.417982265661,-2411.539228896,189.808046051452,-257.559067525293,-2431.54513391149
"OPTOTRAK _ C09 _ Right _ 3",168.262100862036,-262.355158221168,-2410.27226049922,195.330952045009,-255.832386585268,-2440.20397527018
"OPTOTRAK _ C09 _ Right _ 3",165.848674159122,-262.303886317769,-2408.90942531738,201.071860060255,-254.158104168844,-2448.62643858782
"OPTOTRAK _ C09 _ Right _ 3",163.85259527153,-262.243632620006,-2407.59189629592,205.844253139881,-252.829915279586,-2455.11673307496
"OPTOTRAK _ C09 _ Right _ 3",162.634263280406,-262.1465418391,-2406.46253537134,208.620376991518,-252.033599947393,-2458.35509607832
"OPTOTRAK _ C09 _ Right _ 3",162.401978583439,-261.987637965346,-2405.62589606617,208.792344809659,-251.812067182593,-2457.72165890978
"OPTOTRAK _ C09 _ Right _ 3",163.14328029245,-261.754628076487,-2405.11831330602,206.334938090488,-252.065036453132,-2453.44524733087
"OPTOTRAK _ C09 _ Right _ 3",164.621752735097,-261.453022885136,-2404.90206378302,201.806682436605,-252.581180337476,-2446.52142310904
"OPTOTRAK _ C09 _ Right _ 3",166.444381749592,-261.104569079952,-2404.88491956229,196.180635768361,-253.096220105529,-2438.42009233671
"OPTOTRAK _ C09 _ Right _ 3",168.175633461002,-260.740533646501,-2404.9549748662,190.560952981563,-253.366684895047,-2430.67741236839
"OPTOTRAK _ C09 _ Right _ 3",169.457087986285,-260.393677968619,-2405.01682639151,185.884106617072,-253.242035538766,-2424.50604827208
"OPTOTRAK _ C09 _ Right _ 3",170.093013897664,-260.092381247883,-2405.01850051928,182.704097595934,-252.711784640541,-2420.54461435406
"OPTOTRAK _ C09 _ Right _ 3",170.078899247206,-259.8581395914,-2404.96389083749,181.122246405768,-251.907388971063,-2418.81006751528
"OPTOTRAK _ C09 _ Right _ 3",169.571463542269,-259.705582671056,-2404.90900315171,180.865574677629,-251.053610199107,-2418.84276619047
"OPTOTRAK _ C09 _ Right _ 3",168.816536654099,-259.643464471659,-2404.94253604836,181.466367607753,-250.384928136226,-2419.97029960137
"OPTOTRAK _ C09 _ Right _ 3",168.061938361079,-259.675550425821,-2405.15500715747,182.464414492579,-250.059602239562,-2421.58135220205
"OPTOTRAK _ C09 _ Right _ 3",167.484928440396,-259.801010160569,-2405.60583202879,183.551645839374,-250.107833003052,-2423.30538617479
"OPTOTRAK _ C09 _ Right _ 3",167.156648339924,-260.014304665823,-2406.30050250419,184.609340821088,-250.436788937817,-2425.03955226121
"OPTOTRAK _ C09 _ Right _ 3",167.050405056826,-260.304737548745,-2407.18673301103,185.640613422802,-250.888838429085,-2426.83560953879
"OPTOTRAK _ C09 _ Right _ 3",167.082926202986,-260.656074969796,-2408.17055095416,186.650619150034,-251.323654611277,-2428.72394115049
"OPTOTRAK _ C09 _ Right _ 3",167.16611338034,-261.04688612453,-2409.14558817698,187.548232521469,-251.684088313115,-2430.57686216643
"OPTOTRAK _ C09 _ Right _ 3",167.245736716966,-261.452219967079,-2410.02445460652,188.127161529974,-252.015005246548,-2432.08895603917
"OPTOTRAK _ C09 _ Right _ 3",167.311957138298,-261.846704973363,-2410.76048974035,188.14241386897,-252.427646604333,-2432.89245288563
"OPTOTRAK _ C09 _ Right _ 3",167.380757433474,-262.20830004153,-2411.35162600846,187.449239489301,-253.027812630155,-2432.75740055971
"OPTOTRAK _ C09 _ Right _ 3",167.459990973268,-262.521266956439,-2411.8255605009,186.135983580715,-253.842993933565,-2431.77812377107
"OPTOTRAK _ C09 _ Right _ 3",167.521898311125,-262.77703558994,-2412.21409636932,184.5765590143,-254.78415455564,-2430.44285063033
"OPTOTRAK _ C09 _ Right _ 3",167.500257911183,-262.972608568494,-2412.52939628478,183.359217816134,-255.661734209838,-2429.529798962
"OPTOTRAK _ C09 _ Right _ 3",167.316355426862,-263.107466457758,-2412.75333411699,183.1036183359,-256.250181256724,-2429.85103055243
"OPTOTRAK _ C09 _ Right _ 3",166.922250497609,-263.180720211203,-2412.84494712619,184.229976670166,-256.373361658813,-2431.93600058781
"OPTOTRAK _ C09 _ Right _ 3",166.341056235588,-263.189999312681,-2412.76347067506,186.767512526676,-255.974843448771,-2435.77665480306
"OPTOTRAK _ C09 _ Right _ 3",165.684600168932,-263.132509313489,-2412.49744344952,190.277927672416,-255.144845086684,-2440.73696366878
"OPTOTRAK _ C09 _ Right _ 3",165.136408020197,-263.007578783202,-2412.08567145438,193.932522426134,-254.094288307045,-2445.67527576283
"OPTOTRAK _ C09 _ Right _ 3",164.899723519021,-262.819460453627,-2411.6168095744,196.732297398866,-253.08732260058,-2449.25782963705
"OPTOTRAK _ C09 _ Right _ 3",165.124034082415,-262.579294821999,-2411.20312438098,197.812085107722,-252.358666303497,-2450.3756797787
"OPTOTRAK _ C09 _ Right _ 3",165.83496673256,-262.305703647067,-2410.93722226598,196.73634946696,-252.045562118733,-2448.53464593076
"OPTOTRAK _ C09 _ Right _ 3",166.895279410616,-262.024034066652,-2410.85004434185,193.688654948135,-252.155896202982,-2444.08555748926
"OPTOTRAK _ C09 _ Right _ 3",168.015548888219,-261.764555267649,-2410.88803689871,189.484608895115,-252.579507587471,-2438.20637691703
"OPTOTRAK _ C09 _ Right _ 3",168.815136153939,-261.559902004568,-2410.91821378691,185.392759402412,-253.135236948542,-2432.62725129828
"OPTOTRAK _ C09 _ Right _ 3",168.915691661292,-261.441867773514,-2410.75869949098,182.810400518932,-253.635123073357,-2429.17495966152
"OPTOTRAK _ C09 _ Right _ 3",168.039437002676,-261.437416835887,-2410.22523692132,182.886958101162,-253.941513979139,-2429.27025351475
"OPTOTRAK _ C09 _ Right _ 3",166.085497778686,-261.563753408125,-2409.18158334987,186.200086043104,-253.996051532668,-2433.52053835896
"OPTOTRAK _ C09 _ Right _ 3",163.165957817023,-261.822732527988,-2407.58098877269,192.569435172666,-253.812726731731,-2441.51563855686
"OPTOTRAK _ C09 _ Right _ 3",159.593910996235,-262.195805764076,-2405.4864436843,201.053270408466,-253.445372338093,-2451.87506221514
"OPTOTRAK _ C09 _ Right _ 3",155.82632716112,-262.641574627608,-2403.06164298822,210.127547253437,-252.953078814582,-2462.53040726287
"OPTOTRAK _ C09 _ Right _ 3",152.374561525847,-263.098138736368,-2400.53386799996,218.00535384059,-252.386193195691,-2471.17099837169
"OPTOTRAK _ C09 _ Right _ 3",149.703204091369,-263.491312153645,-2398.14065658874,223.023719018805,-251.799356619134,-2475.74591563873
"OPTOTRAK _ C09 _ Right _ 3",148.140926385258,-263.74769602843,-2396.07817373725,224.009848577373,-251.275699506274,-2474.90773531725
"OPTOTRAK _ C09 _ Right _ 3",147.823451421571,-263.809502598178,-2394.46728697687,220.542796203582,-250.933701425433,-2468.30168784168
"OPTOTRAK _ C09 _ Right _ 3",148.679661407632,-263.647040027103,-2393.34509254556,213.05003998854,-250.896775128403,-2456.64218603433
"OPTOTRAK _ C09 _ Right _ 3",150.460096417817,-263.265436813496,-2392.67959336633,202.718717616085,-251.232165527764,-2441.56860048482
"OPTOTRAK _ C09 _ Right _ 3",152.796505792488,-262.704140640932,-2392.3977778842,191.249566038342,-251.892234154194,-2425.32393391679
"OPTOTRAK _ C09 _ Right _ 3",155.275141295674,-262.029957249706,-2392.41485913941,180.522143334768,-252.697204946803,-2410.33974093983
"OPTOTRAK _ C09 _ Right _ 3",157.506753966236,-261.325914771759,-2392.65495574786,172.255687158417,-253.378045915823,-2398.82305320259
"OPTOTRAK _ C09 _ Right _ 3",159.181690929504,-260.678615055873,-2393.05922643352,167.734469662365,-253.665493674783,-2392.42107478137
"OPTOTRAK _ C09 _ Right _ 3",160.105921967212,-260.166133204197,-2393.58370309927,167.631361178464,-253.387789252451,-2392.00040678727
"OPTOTRAK _ C09 _ Right _ 3",160.219696623443,-259.847514380293,-2394.19329153767,171.931163134194,-252.536784793729,-2397.5437911989
"OPTOTRAK _ C09 _ Right _ 3",159.602342936254,-259.754249080844,-2394.85891273263,179.942296793197,-251.276572463381,-2408.15519523249
"OPTOTRAK _ C09 _ Right _ 3",158.464086462715,-259.88434288176,-2395.56109886494,190.390166315085,-249.891634348889,-2422.17044469639
"OPTOTRAK _ C09 _ Right _ 3",157.121234526323,-260.200527755924,-2396.29731418661,201.592991681674,-248.694745927639,-2437.37820125701
"OPTOTRAK _ C09 _ Right _ 3",155.949424969175,-260.63471981252,-2397.0858846435,211.716170769391,-247.931043586819,-2451.34821557267
"OPTOTRAK _ C09 _ Right _ 3",155.314682453598,-261.099873089761,-2397.96033380199,219.080799527085,-247.715839917301,-2461.83676159998
"OPTOTRAK _ C09 _ Right _ 3",155.492854943855,-261.507773594566,-2398.95390082476,222.475593321332,-248.026442976612,-2467.20379806727
"OPTOTRAK _ C09 _ Right _ 3",156.598594625926,-261.788288097477,-2400.08075882716,221.404174981614,-248.740068464411,-2466.75064921867
"OPTOTRAK _ C09 _ Right _ 3",158.548017180157,-261.904039522333,-2401.32314998094,216.202275652126,-249.688299911469,-2460.88664879115
"OPTOTRAK _ C09 _ Right _ 3",161.070845135966,-261.855721706085,-2402.63063113161,207.984181017901,-250.698200008812,-2451.06523834909
"OPTOTRAK _ C09 _ Right _ 3",163.77113631395,-261.676893042239,-2403.93118677048,198.419284247832,-251.609816449009,-2439.48833626646
"OPTOTRAK _ C09 _ Right _ 3",166.218789209615,-261.421106952525,-2405.14843101519,189.385681773003,-252.281827945015,-2428.6428221289
"OPTOTRAK _ C09 _ Right _ 3",168.045142189014,-261.146492865828,-2406.21764054362,182.581854318324,-252.603223486432,-2420.77928403274
"OPTOTRAK _ C09 _ Right _ 3",169.018134900879,-260.902610257111,-2407.09592735276,179.186092607191,-252.51697141417,-2417.45344861723
"OPTOTRAK _ C09 _ Right _ 3",169.082325227401,-260.722374825652,-2407.76593945046,179.635085346883,-252.045083826738,-2419.22598869852
"OPTOTRAK _ C09 _ Right _ 3",168.360292362885,-260.619535959988,-2408.23524287168,183.559843112575,-251.297592526609,-2425.57308367976
"OPTOTRAK _ C09 _ Right _ 3",167.119871532539,-260.590604681699,-2408.53365405646,189.883647250611,-250.454377592965,-2435.01620570211
"OPTOTRAK _ C09 _ Right _ 3",165.715311087089,-260.619567436957,-2408.70892983948,197.059719072958,-249.722584692643,-2445.44308451834
"OPTOTRAK _ C09 _ Right _ 3",164.51200930571,-260.683877305016,-2408.81944753769,203.404283752849,-249.2845698541,-2454.56098019471
"OPTOTRAK _ C09 _ Right _ 3",163.806720524063,-260.760596297214,-2408.92277386613,207.461761424205,-249.254915793195,-2460.39624647107
"OPTOTRAK _ C09 _ Right _ 3",163.758623897715,-260.83178789447,-2409.0615724909,208.326214114313,-249.658445673101,-2461.73548340233
"OPTOTRAK _ C09 _ Right _ 3",164.348929378039,-260.888241636127,-2409.25128049663,205.844019672013,-250.429679085837,-2458.40363880358
"OPTOTRAK _ C09 _ Right _ 3",165.383728644926,-260.930610446905,-2409.47479633598,200.64300912283,-251.426803579093,-2451.30207901261
"OPTOTRAK _ C09 _ Right _ 3",166.544378935759,-260.967452566896,-2409.68687263636,193.973095599767,-252.454732576573,-2442.18522153155
"OPTOTRAK _ C09 _ Right _ 3",167.474409838026,-261.010596170671,-2409.82650416387,187.39398504716,-253.29766998583,-2433.22523817422
"OPTOTRAK _ C09 _ Right _ 3",167.878816022917,-261.069280703241,-2409.83268212191,182.38993891287,-253.762598389026,-2426.47649474205
"OPTOTRAK _ C09 _ Right _ 3",167.60748746028,-261.145089361786,-2409.65959354359,180.01191171573,-253.727902663154,-2423.37980586929
"OPTOTRAK _ C09 _ Right _ 3",166.700603295203,-261.229507170675,-2409.29010221676,180.636414372526,-253.182323286352,-2424.43121764566
"OPTOTRAK _ C09 _ Right _ 3",165.385243830949,-261.305155350562,-2408.74726898413,183.896147776888,-252.237341952523,-2429.09187997725
"OPTOTRAK _ C09 _ Right _ 3",164.023811003328,-261.350624497288,-2408.10106499375,188.794703772618,-251.103726536586,-2435.95508445997
"OPTOTRAK _ C09 _ Right _ 3",163.024567258831,-261.347607036068,-2407.46423908809,193.976494088072,-250.036588072023,-2443.12813927088
"OPTOTRAK _ C09 _ Right _ 3",162.733737554875,-261.288054093055,-2406.97233122288,198.087350819289,-249.266220075089,-2448.73688593204
"OPTOTRAK _ C09 _ Right _ 3",163.336363425741,-261.178763363802,-2406.7495823269,200.135667255404,-248.937605974069,-2451.42637716102
"OPTOTRAK _ C09 _ Right _ 3",164.795395349106,-261.04140082756,-2406.87104792083,199.757212358211,-249.077018791036,-2450.72363994081
"OPTOTRAK _ C09 _ Right _ 3",166.851121565016,-260.907406949244,-2407.33540678854,197.306177222145,-249.593202065861,-2447.15661055031
"OPTOTRAK _ C09 _ Right _ 3",169.085671846723,-260.809118539488,-2408.05955658358,193.740023724028,-250.310046097665,-2442.0865692321
"OPTOTRAK _ C09 _ Right _ 3",171.03539839186,-260.770016369124,-2408.89723192428,190.325920342469,-251.020880021309,-2437.29552814905
"OPTOTRAK _ C09 _ Right _ 3",172.316669876195,-260.797505849141,-2409.67506890443,188.253498927479,-251.5498631281,-2434.44830946674
"OPTOTRAK _ C09 _ Right _ 3",172.726107976125,-260.880762486375,-2410.23524252219,188.271086963073,-251.802422347708,-2434.59127708042
"OPTOTRAK _ C09 _ Right _ 3",172.286077444652,-260.99438021286,-2410.47416574839,190.456629608288,-251.787679384919,-2437.83855947456
"OPTOTRAK _ C09 _ Right _ 3",171.224575439743,-261.106646037571,-2410.36867289892,194.192470318189,-251.604824813715,-2443.33800824489
"OPTOTRAK _ C09 _ Right _ 3",169.897764647711,-261.189843407818,-2409.98276098907,198.350947456388,-251.39975829497,-2449.52551261221
"OPTOTRAK _ C09 _ Right _ 3",168.678468136134,-261.229405115093,-2409.45091669004,201.635048671536,-251.310046241305,-2454.59268692524
"OPTOTRAK _ C09 _ Right _ 3",167.842939026891,-261.2291403749,-2408.94033801102,202.972320511341,-251.41850677137,-2457.03054639275
"OPTOTRAK _ C09 _ Right _ 3",167.489253081168,-261.210997718516,-2408.60248058051,201.843816908092,-251.728310815177,-2456.08729205477
"OPTOTRAK _ C09 _ Right _ 3",167.512194946927,-261.209431289937,-2408.52966120849,198.448604506094,-252.162071532279,-2452.00084411733
"OPTOTRAK _ C09 _ Right _ 3",167.642589734555,-261.26188831525,-2408.73109646309,193.653186090416,-252.58150856189,-2445.93284648009
"OPTOTRAK _ C09 _ Right _ 3",167.538461861085,-261.397898318685,-2409.13501358191,188.739953099759,-252.823783426429,-2439.62250355566
"OPTOTRAK _ C09 _ Right _ 3",166.898479424778,-261.629588546964,-2409.61364037057,185.030106056312,-252.749572988053,-2434.8663249172
"OPTOTRAK _ C09 _ Right _ 3",165.561555993365,-261.946136243472,-2410.02106069035,183.494616483074,-252.292234688471,-2432.98278985254
"OPTOTRAK _ C09 _ Right _ 3",163.562542490636,-262.313761302724,-2410.23226941438,184.468782529959,-251.491192306091,-2434.42154393704
"OPTOTRAK _ C09 _ Right _ 3",161.129148573568,-262.681580390082,-2410.17371425283,187.552549907029,-250.493920699805,-2438.62901503877
"OPTOTRAK _ C09 _ Right _ 3",158.623083359216,-262.992266068302,-2409.83873270409,191.7234236022,-249.521979359378,-2444.20606184415
"OPTOTRAK _ C09 _ Right _ 3",156.443571904423,-263.195210085825,-2409.28494690074,195.62886061285,-248.811394242979,-2449.31152707152
"OPTOTRAK _ C09 _ Right _ 3",154.921054950037,-263.25900993883,-2408.6153460428,197.975430845825,-248.547361063084,-2452.19785445569
"OPTOTRAK _ C09 _ Right _ 3",154.231391512841,-263.179903950875,-2407.94975913093,197.904440566155,-248.812994329209,-2451.72681240979
"OPTOTRAK _ C09 _ Right _ 3",154.355219078692,-262.98355542061,-2407.39641308184,195.246085280057,-249.564336674247,-2447.71592616392
"OPTOTRAK _ C09 _ Right _ 3",155.093892849311,-262.719305905385,-2407.03225237956,190.577914011623,-250.635944119508,-2441.01238399249
"OPTOTRAK _ C09 _ Right _ 3",156.135971665161,-262.448237122282,-2406.89586965116,185.070621430392,-251.776761447841,-2433.27103842345
"OPTOTRAK _ C09 _ Right _ 3",157.152348218507,-262.22836271574,-2406.99108652517,180.167814853681,-252.711685917643,-2426.50235872927
"OPTOTRAK _ C09 _ Right _ 3",157.889983882097,-262.10123780926,-2407.29600721628,177.194391658093,-253.216193225673,-2422.5232848805
"OPTOTRAK _ C09 _ Right _ 3",158.236900020766,-262.083765436071,-2407.7730948254,177.003698545744,-253.182467026124,-2422.46592336907
"OPTOTRAK _ C09 _ Right _ 3",158.242451706869,-262.167181067263,-2408.37851148471,179.75504533807,-252.6536872005,-2426.47387841885
"OPTOTRAK _ C09 _ Right _ 3",158.091162063075,-262.322895561771,-2409.07055005473,184.87291905315,-251.812812596613,-2433.65958091512
"OPTOTRAK _ C09 _ Right _ 3",158.040249204032,-262.512971267475,-2409.81644477991,191.192663990583,-250.929348493158,-2442.32809121276
"OPTOTRAK _ C09 _ Right _ 3",158.338384990022,-262.702009415748,-2410.59576075257,197.254013760681,-250.28335272552,-2450.4081403343
"OPTOTRAK _ C09 _ Right _ 3",159.146571990408,-262.86716777571,-2411.39890775401,201.669331032868,-250.092351784454,-2455.98051300599
"OPTOTRAK _ C09 _ Right _ 3",160.481792657486,-263.003697838377,-2412.22134434989,203.473997980022,-250.46142179601,-2457.76782089761
"OPTOTRAK _ C09 _ Right _ 3",162.199777116108,-263.124590596469,-2413.05621197064,202.368179491224,-251.364332844555,-2455.45655255595
"OPTOTRAK _ C09 _ Right _ 3",164.024198623588,-263.25447490577,-2413.8887025411,198.784388380997,-252.653197044917,-2449.76370385478
"OPTOTRAK _ C09 _ Right _ 3",165.616659592588,-263.419553616298,-2414.6939195414,193.760512811467,-254.090685653124,-2442.22894353905
"OPTOTRAK _ C09 _ Right _ 3",166.668580295362,-263.636641609036,-2415.43770274386,188.652977862137,-255.399747211666,-2434.79156658363
"OPTOTRAK _ C09 _ Right _ 3",166.988313770192,-263.90474923761,-2416.07911706223,184.771904902835,-256.324386350851,-2429.27357055368
"OPTOTRAK _ C09 _ Right _ 3",166.558665684638,-264.201859017516,-2416.57482175445,183.040900039909,-256.689727550624,-2426.91278474181
"OPTOTRAK _ C09 _ Right _ 3",165.550116768348,-264.487890788945,-2416.88717744329,183.771453800989,-256.445202299826,-2428.06746801406
"OPTOTRAK _ C09 _ Right _ 3",164.287530251487,-264.7130696685,-2416.99669004501,186.605488287033,-255.67656935019,-2432.16099979931
"OPTOTRAK _ C09 _ Right _ 3",163.178107697679,-264.829560861244,-2416.91504570238,190.6355240305,-254.581200031312,-2437.87331767053
"OPTOTRAK _ C09 _ Right _ 3",162.61535763204,-264.803449492793,-2416.69111167947,194.670520350766,-253.413298072576,-2443.52778329389
"OPTOTRAK _ C09 _ Right _ 3",162.879535362436,-264.623931290363,-2416.40309481823,197.580306140777,-252.416481369691,-2447.57415460547
"OPTOTRAK _ C09 _ Right _ 3",164.059065620433,-264.30710504149,-2416.1364658827,198.627313856533,-251.765362595333,-2449.03827241094
"OPTOTRAK _ C09 _ Right _ 3",166.016494324284,-263.893142613845,-2415.95550278895,197.690234476408,-251.533216334679,-2447.80945893679
"OPTOTRAK _ C09 _ Right _ 3",168.41316358425,-263.437557787711,-2415.88058056712,195.308466582765,-251.69238167205,-2444.6762224475
"OPTOTRAK _ C09 _ Right _ 3",170.789849900052,-262.999061347169,-2415.88055973296,192.527213351997,-252.143082958051,-2441.09369520593
"OPTOTRAK _ C09 _ Right _ 3",172.682263489232,-262.627325839438,-2415.88206942471,190.585430502809,-252.758143956299,-2438.74897033158
"OPTOTRAK _ C09 _ Right _ 3",173.738870102635,-262.353622389841,-2415.79054265018,190.539162360973,-253.426673532204,-2439.05254817841
"OPTOTRAK _ C09 _ Right _ 3",173.808677350139,-262.186099609678,-2415.51516304153,192.932004681003,-254.080953501575,-2442.70378069627
"OPTOTRAK _ C09 _ Right _ 3",172.976688217547,-262.110132645628,-2414.99090748826,197.607596352183,-254.699063970811,-2449.45238495915
"OPTOTRAK _ C09 _ Right _ 3",171.53916222076,-262.093169959918,-2414.19304511401,203.715609720005,-255.288470658554,-2458.11953969498
"OPTOTRAK _ C09 _ Right _ 3",169.925242991435,-262.092897551708,-2413.14135452924,209.908571456229,-255.865252588631,-2466.87044580346
"OPTOTRAK _ C09 _ Right _ 3",168.584120286222,-262.067109073063,-2411.8932933332,214.676918013939,-256.442903186768,-2473.66500261799
"OPTOTRAK _ C09 _ Right _ 3",167.866166755011,-261.983289349339,-2410.52793526762,216.73530249095,-257.033674760418,-2476.77002170889
"OPTOTRAK _ C09 _ Right _ 3",167.92951795744,-261.825748325759,-2409.12520134072,215.361444072871,-257.652473971655,-2475.20407643372
"OPTOTRAK _ C09 _ Right _ 3",168.697805132274,-261.598491219168,-2407.74647204804,210.601552174319,-258.309273634289,-2469.00507118844
"OPTOTRAK _ C09 _ Right _ 3",169.880889103611,-261.323001641983,-2406.42209511309,203.289638273528,-258.985617102411,-2459.25408017619
"OPTOTRAK _ C09 _ Right _ 3",171.052928095505,-261.031509211719,-2405.14894648361,194.873512306853,-259.607656762509,-2447.84652277571
"OPTOTRAK _ C09 _ Right _ 3",171.766805530793,-260.757639297695,-2403.89857935923,187.087421865053,-260.038714642222,-2437.06190080915
"OPTOTRAK _ C09 _ Right _ 3",171.675156210686,-260.527124784083,-2402.6347249961,181.549242009164,-260.108257130301,-2429.033717062
"OPTOTRAK _ C09 _ Right _ 3",170.62737231844,-260.351210450581,-2401.33749340049,179.379252249468,-259.673249190327,-2425.24856572587
"OPTOTRAK _ C09 _ Right _ 3",168.718130306475,-260.224552330581,-2400.02925788943,180.932618031866,-258.685786893766,-2426.19810662471
"OPTOTRAK _ C09 _ Right _ 3",166.274247323411,-260.12816349775,-2398.79386856546,185.710995629709,-257.233043287052,-2431.27042851249
"OPTOTRAK _ C09 _ Right _ 3",163.780962976201,-260.036655597674,-2397.77884551762,192.478214117637,-255.527342311345,-2438.90956746074
"OPTOTRAK _ C09 _ Right _ 3",161.763630634886,-259.927875375734,-2397.17284745785,199.558790479848,-253.848221421661,-2447.00798015643
"OPTOTRAK _ C09 _ Right _ 3",160.653222865817,-259.792198316133,-2397.1592358302,205.252580818344,-252.460482664844,-2453.43842051568
"OPTOTRAK _ C09 _ Right _ 3",160.67069412182,-259.638462939147,-2397.85799132999,208.26329023531,-251.540340219069,-2456.59088023413
"OPTOTRAK _ C09 _ Right _ 3",161.763309711327,-259.494100667563,-2399.27642259546,208.025723445963,-251.133240227051,-2455.77071357567
"OPTOTRAK _ C09 _ Right _ 3",163.614070873275,-259.39863458753,-2401.28860232447,204.836558837226,-251.150444787669,-2451.34517259223
"OPTOTRAK _ C09 _ Right _ 3",165.724772535497,-259.392127969074,-2403.65347351181,199.74564925511,-251.399209811438,-2444.59454973912
"OPTOTRAK _ C09 _ Right _ 3",167.55000595765,-259.502330231009,-2406.06674455393,194.236264717016,-251.637429961756,-2437.31278409165
"OPTOTRAK _ C09 _ Right _ 3",168.642778368091,-259.734899830211,-2408.22941655616,189.789828855361,-251.642044407157,-2431.28041583676
"OPTOTRAK _ C09 _ Right _ 3",168.769644932885,-260.069778450115,-2409.91170432634,187.467397770091,-251.275805142742,-2427.76964148472
"OPTOTRAK _ C09 _ Right _ 3",167.964688394762,-260.464451656881,-2410.99568467382,187.631437113082,-250.532472116488,-2427.2236601821
"OPTOTRAK _ C09 _ Right _ 3",166.510985867164,-260.8627638939,-2411.48881811753,189.88370340427,-249.543272367441,-2429.19254895457
"OPTOTRAK _ C09 _ Right _ 3",164.85764624274,-261.206805361097,-2411.50853705937,193.22940373184,-248.53928822532,-2432.53138244043
"OPTOTRAK _ C09 _ Right _ 3",163.495684403546,-261.449034397208,-2411.24369443475,196.414404520917,-247.780256048871,-2435.79486488152
"OPTOTRAK _ C09 _ Right _ 3",162.825566266458,-261.561923998333,-2410.90282362318,198.333763780374,-247.472812508506,-2437.70947003324
"OPTOTRAK _ C09 _ Right _ 3",163.051962562258,-261.542914586596,-2410.66218834756,198.386734084677,-247.705128328182,-2437.58051539998
"OPTOTRAK _ C09 _ Right _ 3",164.135018586417,-261.413412714066,-2410.6268754974,196.665891914436,-248.418955711384,-2435.5084507094
"OPTOTRAK _ C09 _ Right _ 3",165.811640123685,-261.212060983949,-2410.81416930109,193.918611546967,-249.42751311678,-2432.34657602678
"OPTOTRAK _ C09 _ Right _ 3",167.67870423197,-260.984223708704,-2411.16116695499,191.2940458467,-250.472917151351,-2429.41508580975
"OPTOTRAK _ C09 _ Right _ 3",169.31103041718,-260.770845673166,-2411.55156455932,189.960300130366,-251.303985153436,-2428.06463070192
"OPTOTRAK _ C09 _ Right _ 3",170.378453288277,-260.599842234434,-2411.85283690302,190.716437004256,-251.748200364946,-2429.22798870563
"OPTOTRAK _ C09 _ Right _ 3",170.730282237115,-260.481970317293,-2411.95461351269,193.719936200359,-251.754088607283,-2433.09740273624
"OPTOTRAK _ C09 _ Right _ 3",170.427047701639,-260.411470911874,-2411.79969750785,198.409968557439,-251.392147292958,-2439.02361637668
"OPTOTRAK _ C09 _ Right _ 3",169.713090784394,-260.370505910238,-2411.39994310452,203.647902659956,-250.818719342508,-2445.66766530812
"OPTOTRAK _ C09 _ Right _ 3",168.937352058849,-260.335837190017,-2410.83172142867,208.035096007147,-250.220479279338,-2451.36585574021
"OPTOTRAK _ C09 _ Right _ 3",168.443557556539,-260.286086752563,-2410.21153168569,210.317784301246,-249.761594788612,-2454.60804505234
"OPTOTRAK _ C09 _ Right _ 3",168.462002921402,-260.207970889719,-2409.6599229621,209.762703975682,-249.549663326682,-2454.49410913639
"OPTOTRAK _ C09 _ Right _ 3",169.037377084152,-260.100093769041,-2409.26695331157,206.393770181237,-249.624813706154,-2451.03411984539
"OPTOTRAK _ C09 _ Right _ 3",170.016553347744,-259.973399371734,-2409.07130561783,201.01875948664,-249.967020691581,-2445.19694086231
"OPTOTRAK _ C09 _ Right _ 3",171.099649927239,-259.848263131553,-2409.05830530923,195.034454648271,-250.514441305648,-2438.68194605933
"OPTOTRAK _ C09 _ Right _ 3",171.935687448611,-259.749183281789,-2409.17383838036,190.061991976273,-251.187561287896,-2433.47052932096
"OPTOTRAK _ C09 _ Right _ 3",172.230414578686,-259.69868944946,-2409.34638139229,187.512589208009,-251.914060100473,-2431.28155008441
"OPTOTRAK _ C09 _ Right _ 3",171.833002380054,-259.712163030513,-2409.50943414559,188.202576016776,-252.646643231818,-2433.08430209182
"OPTOTRAK _ C09 _ Right _ 3",170.778246364603,-259.794787516062,-2409.61918104411,192.12103957212,-253.366109740388,-2438.8053317662
"OPTOTRAK _ C09 _ Right _ 3",169.275677897573,-259.941070521555,-2409.66426604804,198.411073364368,-254.068751762554,-2447.31050769574
"OPTOTRAK _ C09 _ Right _ 3",167.651220514713,-260.136648569624,-2409.66575654841,205.570478650689,-254.747353167491,-2456.66968276965
"OPTOTRAK _ C09 _ Right _ 3",166.258222214838,-260.361648694403,-2409.66723439317,211.822545956205,-255.380037610338,-2464.63688889789
"OPTOTRAK _ C09 _ Right _ 3",165.381969404366,-260.594726036627,-2409.7180526319,215.563111913127,-255.935286411731,-2469.22121422754
"OPTOTRAK _ C09 _ Right _ 3",165.163888583521,-260.816845555737,-2409.85556240672,215.767685911059,-256.387804304222,-2469.19765852592
"OPTOTRAK _ C09 _ Right _ 3",165.566933515271,-261.013892030768,-2410.09250606727,212.250875118078,-256.729774564416,-2464.42247360624
"OPTOTRAK _ C09 _ Right _ 3",166.392020570934,-261.177473107996,-2410.41331225027,205.709909534729,-256.965433601445,-2455.87092552936
"OPTOTRAK _ C09 _ Right _ 3",167.339874470648,-261.303940824394,-2410.77919622837,197.544202381847,-257.092181328848,-2445.39201807614
"OPTOTRAK _ C09 _ Right _ 3",168.098918573302,-261.392436474632,-2411.13906449169,189.505027433976,-257.08516868644,-2435.2518074557
"OPTOTRAK _ C09 _ Right _ 3",168.433132748488,-261.443188897523,-2411.44267770698,183.273141679911,-256.901609579309,-2427.59044581778
"OPTOTRAK _ C09 _ Right _ 3",168.24591012161,-261.457098909187,-2411.65382138145,180.073551803663,-256.506400898215,-2423.93143430851
"OPTOTRAK _ C09 _ Right _ 3",167.604649009889,-261.436930536557,-2411.76235144248,180.415713422051,-255.904609883425,-2424.85501823748
"OPTOTRAK _ C09 _ Right _ 3",166.721937997836,-261.389535890596,-2411.79327230431,184.008197513713,-255.160849265346,-2429.89838147708
"OPTOTRAK _ C09 _ Right _ 3",165.899279392525,-261.327838181737,-2411.80899384341,189.856059540747,-254.392549120078,-2437.69368475933
"OPTOTRAK _ C09 _ Right _ 3",165.44690991281,-261.271113811094,-2411.90020163085,196.514695668676,-253.737990155861,-2446.3101511832
"OPTOTRAK _ C09 _ Right _ 3",165.598411612765,-261.242618455264,-2412.16370533044,202.444696947838,-253.312909330569,-2453.72683258586
"OPTOTRAK _ C09 _ Right _ 3",166.441364372681,-261.264648640678,-2412.67176900447,206.387676811835,-253.174690747826,-2458.3292103167
"OPTOTRAK _ C09 _ Right _ 3",167.883989328558,-261.352278792188,-2413.44332354687,207.670304907404,-253.307789287726,-2459.3060756107
"OPTOTRAK _ C09 _ Right _ 3",169.670666576482,-261.507772783741,-2414.42903202198,206.353478042829,-253.632361541576,-2456.83721734464
"OPTOTRAK _ C09 _ Right _ 3",171.446131380241,-261.717716057566,-2415.5177213374,203.180353028929,-254.028890469459,-2452.01240642215
"OPTOTRAK _ C09 _ Right _ 3",172.852384209301,-261.954172261509,-2416.56318322812,199.333697543943,-254.369915308108,-2446.49752697396
"OPTOTRAK _ C09 _ Right _ 3",173.630025596887,-262.179868929942,-2417.42219895293,196.072078065913,-254.55247949439,-2442.04065638014
"OPTOTRAK _ C09 _ Right _ 3",173.692512573344,-262.35610167429,-2417.99092214301,194.354202205076,-254.525433289966,-2439.96168013873
"OPTOTRAK _ C09 _ Right _ 3",173.149522795091,-262.451288746545,-2418.22863493364,194.565147911781,-254.303781571829,-2440.77488329274
"OPTOTRAK _ C09 _ Right _ 3",172.271166664306,-262.4480946208,-2418.16318027251,196.425173092471,-253.963038922933,-2444.05395266719
"OPTOTRAK _ C09 _ Right _ 3",171.402624116512,-262.34750645347,-2417.87782263115,199.104038264351,-253.613311596753,-2448.57772131082
"OPTOTRAK _ C09 _ Right _ 3",170.853961053388,-262.168868755557,-2417.48351375576,201.501093169359,-253.362211809474,-2452.71395190721
"OPTOTRAK _ C09 _ Right _ 3",170.798887680895,-261.94562131941,-2417.08409393349,202.60261142183,-253.280851538286,-2454.92851211153
"OPTOTRAK _ C09 _ Right _ 3",171.215857210957,-261.717463880389,-2416.74478132971,201.806859562017,-253.384273897327,-2454.26751985033
"OPTOTRAK _ C09 _ Right _ 3",171.892954308819,-261.52079506401,-2416.47443432559,199.119773420567,-253.629706169434,-2450.66448648383
"OPTOTRAK _ C09 _ Right _ 3",172.496517759388,-261.380072950688,-2416.22769635509,195.164924195928,-253.929666071857,-2444.97586070755
"OPTOTRAK _ C09 _ Right _ 3",172.680412803367,-261.302642202222,-2415.92541855641,191.007358507944,-254.175543620556,-2438.73302064693
"OPTOTRAK _ C09 _ Right _ 3",172.198872906701,-261.278420759788,-2415.48488573223,187.845110332154,-254.267721733627,-2433.68824508892
"OPTOTRAK _ C09 _ Right _ 3",170.987076372573,-261.284184158049,-2414.84925152956,186.65883438841,-254.146338006193,-2431.29421035579
"OPTOTRAK _ C09 _ Right _ 3",169.187736227226,-261.290859407846,-2414.00840421936,187.919144075172,-253.81330609827,-2432.27121665406
"OPTOTRAK _ C09 _ Right _ 3",167.120421771411,-261.271692012612,-2413.00779959078,191.433073777184,-253.336015380674,-2436.38516574519
"OPTOTRAK _ C09 _ Right _ 3",165.205160409372,-261.209272832768,-2411.94435131402,196.373915717955,-252.828988145943,-2442.49837968636
"OPTOTRAK _ C09 _ Right _ 3",163.860462191371,-261.099905808521,-2410.94943085204,201.491995895785,-252.419458953932,-2448.8820843571
"OPTOTRAK _ C09 _ Right _ 3",163.39980433513,-260.954476058967,-2410.1609119812,205.455719685854,-252.21058337902,-2453.7081841475
"OPTOTRAK _ C09 _ Right _ 3",163.951230284104,-260.795750678158,-2409.69005097926,207.232109708023,-252.256313026426,-2455.58422316082
"OPTOTRAK _ C09 _ Right _ 3",165.421183249261,-260.652803601007,-2409.59264834285,206.396908614439,-252.554438887797,-2453.97588677362
"OPTOTRAK _ C09 _ Right _ 3",167.514349218224,-260.553872348958,-2409.85404344594,203.277131383242,-253.055044919208,-2449.38712593454
"OPTOTRAK _ C09 _ Right _ 3",169.806553436537,-260.519341367479,-2410.39289926757,198.87528172678,-253.677819170005,-2443.23673651509
"OPTOTRAK _ C09 _ Right _ 3",171.85167113064,-260.556644651487,-2411.08185428474,194.592016331765,-254.333695820023,-2437.4632007866
"OPTOTRAK _ C09 _ Right _ 3",173.292483621624,-260.65857667702,-2411.77801140884,191.829013741549,-254.947849470611,-2433.97496732428
"OPTOTRAK _ C09 _ Right _ 3",173.944455395449,-260.805672317924,-2412.35506471162,191.590859398244,-255.478333145932,-2434.10896770002
"OPTOTRAK _ C09 _ Right _ 3",173.830631974251,-260.972060143218,-2412.73032077492,194.200815851846,-255.921932456357,-2438.25097046707
"OPTOTRAK _ C09 _ Right _ 3",173.160669736079,-261.132964617556,-2412.88134543269,199.206147919844,-256.302496464854,-2445.71674027617
"OPTOTRAK _ C09 _ Right _ 3",172.261949442861,-261.271411369138,-2412.84788110993,205.491908525228,-256.646825110904,-2454.91676483822
"OPTOTRAK _ C09 _ Right _ 3",171.482565894161,-261.381964401639,-2412.71685929118,211.565828132888,-256.961775580963,-2463.75281152941
"OPTOTRAK _ C09 _ Right _ 3",171.093164314935,-261.470348022055,-2412.59317348491,215.934801336851,-257.225989602928,-2470.13853363817
"OPTOTRAK _ C09 _ Right _ 3",171.21535758818,-261.549191184363,-2412.56493389084,217.474519798727,-257.399560206747,-2472.50981458441
"OPTOTRAK _ C09 _ Right _ 3",171.797208684271,-261.631446117262,-2412.67553834523,215.700976757462,-257.44242427085,-2470.19833269775
"OPTOTRAK _ C09 _ Right _ 3",172.641691460208,-261.72386123878,-2412.91304265237,210.881723479374,-257.327607453383,-2463.58108754529
"OPTOTRAK _ C09 _ Right _ 3",173.476411168757,-261.822912310429,-2413.22017544068,203.967365826889,-257.04272125982,-2453.97915086355
"OPTOTRAK _ C09 _ Right _ 3",174.039039399881,-261.914743569263,-2413.5195570103,196.369243664111,-256.58552420544,-2443.34426520583
"OPTOTRAK _ C09 _ Right _ 3",174.149175813071,-261.979207887612,-2413.74291055656,189.645410196162,-255.965027543272,-2433.82247949929
"OPTOTRAK _ C09 _ Right _ 3",173.745451708819,-261.996570783546,-2413.85281402787,185.173258866941,-255.213072752324,-2427.30447484245
"OPTOTRAK _ C09 _ Right _ 3",172.882378271418,-261.954464773862,-2413.85002859131,183.879939277235,-254.398768081484,-2425.05973238983
"OPTOTRAK _ C09 _ Right _ 3",171.697001946275,-261.852611512231,-2413.76583283457,186.077392165644,-253.631137753909,-2427.51682853484
"OPTOTRAK _ C09 _ Right _ 3",170.364110885665,-261.703646058067,-2413.64425174283,191.419501040856,-253.040020788048,-2434.21167317604
"OPTOTRAK _ C09 _ Right _ 3",169.057846357011,-261.529762445199,-2413.52191270948,198.974890123957,-252.738459423343,-2443.89299311803
"OPTOTRAK _ C09 _ Right _ 3",167.929129021793,-261.356377016867,-2413.41307543808,207.394394052433,-252.782681791268,-2454.7550333079
"OPTOTRAK _ C09 _ Right _ 3",167.09759562059,-261.205055377121,-2413.30470892512,215.145378862156,-253.150087600945,-2464.75859991214
"OPTOTRAK _ C09 _ Right _ 3",166.64952733964,-261.088183467011,-2413.16258657412,220.781077013165,-253.748292347077,-2471.99626808108
"OPTOTRAK _ C09 _ Right _ 3",166.632918536567,-261.007191996296,-2412.94580716923,223.207611599371,-254.452592408164,-2475.0499819631
"OPTOTRAK _ C09 _ Right _ 3",167.046757321093,-260.954787060337,-2412.62500843084,221.904291548183,-255.153333638459,-2473.27986376116
"OPTOTRAK _ C09 _ Right _ 3",167.829551695918,-260.920077735973,-2412.19893354051,217.049446021928,-255.78804610281,-2466.979853976
"OPTOTRAK _ C09 _ Right _ 3",168.856778089972,-260.894364035003,-2411.7044201155,209.512384811655,-256.341518286609,-2457.34940519023
"OPTOTRAK _ C09 _ Right _ 3",169.955159654209,-260.875185359886,-2411.21592332483,200.696544953816,-256.816988054782,-2446.26594555485
"OPTOTRAK _ C09 _ Right _ 3",170.93470707853,-260.86711216394,-2410.83263792331,192.256004347206,-257.200670198828,-2435.89401705694
"OPTOTRAK _ C09 _ Right _ 3",171.631571635962,-260.879260223948,-2410.65479168414,185.745164047572,-257.44595701234,-2428.21644197355
"OPTOTRAK _ C09 _ Right _ 3",171.950010768137,-260.920925699608,-2410.7554813191,182.283889882464,-257.489493496768,-2424.59984643954
"OPTOTRAK _ C09 _ Right _ 3",171.891552032784,-260.997446178052,-2411.15823874825,182.318145546671,-257.289747893478,-2425.50005043318
"OPTOTRAK _ C09 _ Right _ 3",171.562561269508,-261.108085318229,-2411.83002824721,185.5319978189,-256.864783628538,-2430.3771835538
"OPTOTRAK _ C09 _ Right _ 3",171.155798076275,-261.246620505913,-2412.69319660145,190.932007667483,-256.30690519898,-2437.84070837475
"OPTOTRAK _ C09 _ Right _ 3",170.906323356414,-261.403988200487,-2413.65078207858,197.088466245444,-255.764560411347,-2445.99330615343
"OPTOTRAK _ C09 _ Right _ 3",171.028268854668,-261.571454680505,-2414.61320549215,202.482759759203,-255.398097184477,-2452.89624455879
"OPTOTRAK _ C09 _ Right _ 3",171.646926546998,-261.742710270126,-2415.51508981367,205.879847004575,-255.327348302199,-2457.04413668998
"OPTOTRAK _ C09 _ Right _ 3",172.74734140206,-261.914013558932,-2416.31805685982,206.629118147498,-255.590681543606,-2457.72543107397
"OPTOTRAK _ C09 _ Right _ 3",174.160486630139,-262.082611572605,-2417.00336699488,204.807570683624,-256.128528822131,-2455.16748323848
"OPTOTRAK _ C09 _ Right _ 3",175.597829847123,-262.244512075783,-2417.56172070614,201.160118547553,-256.795502434383,-2450.42213385025
"OPTOTRAK _ C09 _ Right _ 3",176.727529143411,-262.392872698316,-2417.98556418732,196.852927235448,-257.39821200695,-2445.02464920177
"OPTOTRAK _ C09 _ Right _ 3",177.268860923414,-262.517841035453,-2418.26551237405,193.11556895694,-257.75004778208,-2440.52955103321
"OPTOTRAK _ C09 _ Right _ 3",177.074209455518,-262.60801012028,-2418.39079951327,190.882897038898,-257.728173503726,-2438.06438959959
"OPTOTRAK _ C09 _ Right _ 3",176.172899627031,-262.653105636068,-2418.35393600011,190.544213072871,-257.314404098831,-2438.03286984592
"OPTOTRAK _ C09 _ Right _ 3",174.764268854228,-262.647168678188,-2418.158987126,191.869513120887,-256.60456486287,-2440.04836044071
"OPTOTRAK _ C09 _ Right _ 3",173.162287559893,-262.591245358998,-2417.829748692,194.127098674763,-255.780798488323,-2443.10825007722
"OPTOTRAK _ C09 _ Right _ 3",171.707159873311,-262.49450961514,-2417.41148266828,196.351063440736,-255.054433039291,-2445.95001820876
"OPTOTRAK _ C09 _ Right _ 3",170.669456369732,-262.373067808408,-2416.96189061509,197.673545788879,-254.598129002301,-2447.47699683952
"OPTOTRAK _ C09 _ Right _ 3",170.176937838335,-262.246483159509,-2416.53369064022,197.615391812001,-254.490417087006,-2447.11868521584
"OPTOTRAK _ C09 _ Right _ 3",170.189194969252,-262.133010345832,-2416.15756400199,196.239127177746,-254.69165758066,-2445.00775140497
"OPTOTRAK _ C09 _ Right _ 3",170.52919922091,-262.045174589502,-2415.83499967888,194.112059606285,-255.059951714509,-2441.91446169075
"OPTOTRAK _ C09 _ Right _ 3",170.959152639897,-261.987318221315,-2415.54503783982,192.093232384503,-255.4023725826,-2438.96292996496
"OPTOTRAK _ C09 _ Right _ 3",171.270951422639,-261.956013367245,-2415.26142468408,191.021085216062,-255.544480911228,-2437.23078093672
"OPTOTRAK _ C09 _ Right _ 3",171.357607477225,-261.943089133271,-2414.97212749625,191.412854282359,-255.393302214516,-2437.37284223756
"OPTOTRAK _ C09 _ Right _ 3",171.241717444682,-261.93998832854,-2414.69293876059,193.279342301382,-254.970026084281,-2439.39657007532
"OPTOTRAK _ C09 _ Right _ 3",171.054037645781,-261.941758258574,-2414.46947734321,196.116166388139,-254.399896711297,-2442.66161355481
"OPTOTRAK _ C09 _ Right _ 3",170.971988584723,-261.949328243489,-2414.36582592722,199.072661491363,-253.863802485415,-2446.10059470809
"OPTOTRAK _ C09 _ Right _ 3",171.14037309864,-261.969518715971,-2414.4428678454,201.241021745431,-253.531067352777,-2448.58594166368
"OPTOTRAK _ C09 _ Right _ 3",171.602836028572,-262.012975943709,-2414.73401219463,201.967418723292,-253.499009952756,-2449.31855914176
"OPTOTRAK _ C09 _ Right _ 3",172.270491616285,-262.090674029563,-2415.22809099426,201.077238381856,-253.760143137876,-2448.10429082345
"OPTOTRAK _ C09 _ Right _ 3",172.942244985686,-262.209854521684,-2415.86690004012,198.934351213886,-254.206492882165,-2445.42032499638
"OPTOTRAK _ C09 _ Right _ 3",173.372033535023,-262.370430126802,-2416.55867359922,196.312393506062,-254.668340691725,-2442.24678456374
"OPTOTRAK _ C09 _ Right _ 3",173.358916338861,-262.562915248552,-2417.20191537488,194.123627141021,-254.974725754894,-2439.72272568336
"OPTOTRAK _ C09 _ Right _ 3",172.825760466108,-262.768708220082,-2417.71032479736,193.101462837761,-255.015880817577,-2438.74759211446
"OPTOTRAK _ C09 _ Right _ 3",171.856269270675,-262.962985835019,-2418.03063578944,193.546845813711,-254.785431740104,-2439.66569290172
"OPTOTRAK _ C09 _ Right _ 3",170.675987218675,-263.119672318708,-2418.14916954256,195.223896349736,-254.385758348462,-2442.14024060847
"OPTOTRAK _ C09 _ Right _ 3",169.583261264203,-263.217124225928,-2418.08680367386,197.438991662282,-253.993143920247,-2445.25977450982
"OPTOTRAK _ C09 _ Right _ 3",168.853296667214,-263.242687935597,-2417.884767749,199.277786659216,-253.79487220938,-2447.84432802216
"OPTOTRAK _ C09 _ Right _ 3",168.647442252933,-263.194537525342,-2417.58594190359,199.92312817764,-253.920970700652,-2448.85234772986
"OPTOTRAK _ C09 _ Right _ 3",168.958395468112,-263.080278010691,-2417.21829118674,198.948003321412,-254.394368912116,-2447.75202924529
"OPTOTRAK _ C09 _ Right _ 3",169.610341349675,-262.913203772633,-2416.78704002162,196.482648267257,-255.11582233649,-2444.72777189601
"OPTOTRAK _ C09 _ Right _ 3",170.314415368322,-262.707994528917,-2416.27857120453,193.195580216499,-255.888695221073,-2440.6462152476
"OPTOTRAK _ C09 _ Right _ 3",170.760656893938,-262.477506731499,-2415.67302073338,190.092164947877,-256.47728372618,-2436.78958015493
"OPTOTRAK _ C09 _ Right _ 3",170.715334495521,-262.231421101995,-2414.95819849636,188.197173420578,-256.68203617801,-2434.44449631005
"OPTOTRAK _ C09 _ Right _ 3",170.092211261076,-261.976539960895,-2414.13818058077,188.225190611764,-256.407805279141,-2434.48117493966
"OPTOTRAK _ C09 _ Right _ 3",168.977209183016,-261.718022050453,-2413.23474210743,190.343232477575,-255.70123735084,-2437.05717023444
"OPTOTRAK _ C09 _ Right _ 3",167.602017098859,-261.460835923433,-2412.28415479586,194.098400569045,-254.742845873073,-2441.53843549325
"OPTOTRAK _ C09 _ Right _ 3",166.276849557343,-261.210929698457,-2411.33233895794,198.533391029401,-253.795319392468,-2446.66447106818
"OPTOTRAK _ C09 _ Right _ 3",165.302485331106,-260.975817295164,-2410.42909423431,202.458071746512,-253.125339638823,-2450.91214639952
"OPTOTRAK _ C09 _ Right _ 3",164.88633842748,-260.764427031692,-2409.62090887427,204.798905020291,-252.924650005722,-2452.95209154646
"OPTOTRAK _ C09 _ Right _ 3",165.08627848398,-260.586210354278,-2408.94329241202,204.922014630446,-253.254153540412,-2452.05940686627
"OPTOTRAK _ C09 _ Right _ 3",165.798621150058,-260.44969300986,-2408.41555536781,202.829378759772,-254.025324312459,-2448.34885209367
"OPTOTRAK _ C09 _ Right _ 3",166.79397848981,-260.360835607558,-2408.04060244945,199.162965483564,-255.022497276212,-2442.75516253455
"OPTOTRAK _ C09 _ Right _ 3",167.789821980208,-260.321711348219,-2407.80948993926,195.010821199948,-255.961135281917,-2436.75915016253
"OPTOTRAK _ C09 _ Right _ 3",168.536773804272,-260.330039645086,-2407.70787008786,191.574164892026,-256.569301596971,-2431.94385753664
"OPTOTRAK _ C09 _ Right _ 3",168.89150290441,-260.37993070509,-2407.72144884702,189.801436923137,-256.670892403608,-2429.5212697937
"OPTOTRAK _ C09 _ Right _ 3",168.854290063218,-260.463759912484,-2407.83978215624,190.105205222749,-256.243910635677,-2429.97787551804
"OPTOTRAK _ C09 _ Right _ 3",168.561277735861,-260.574567220809,-2408.05930715253,192.248509843652,-255.431662363679,-2432.94649660585
"OPTOTRAK _ C09 _ Right _ 3",168.235195189782,-260.708085566297,-2408.38561259245,195.432514649821,-254.500234108502,-2437.34007611668
"OPTOTRAK _ C09 _ Right _ 3",168.109806123776,-260.863656505544,-2408.83305924736,198.556373963164,-253.755456011828,-2441.7040506428
"OPTOTRAK _ C09 _ Right _ 3",168.350475375919,-261.043773996578,-2409.41983828585,200.568823736371,-253.447397243211,-2444.67813810444
"OPTOTRAK _ C09 _ Right _ 3",168.995068627565,-261.252469655,-2410.15903219906,200.801486287747,-253.693815340104,-2445.42267784374
"OPTOTRAK _ C09 _ Right _ 3",169.934644591066,-261.493006922461,-2411.04894118279,199.176327495736,-254.445787766168,-2443.87198859594
"OPTOTRAK _ C09 _ Right _ 3",170.941697566304,-261.765447389698,-2412.06638383343,196.218160614271,-255.504330485728,-2440.73107240775
"OPTOTRAK _ C09 _ Right _ 3",171.737870544447,-262.064680670698,-2413.16476881499,192.868745237349,-256.581904235337,-2437.21866214359
"OPTOTRAK _ C09 _ Right _ 3",172.079354096939,-262.379416916358,-2414.27667142221,190.168228416023,-257.39013551814,-2434.64742514036
"OPTOTRAK _ C09 _ Right _ 3",171.832768846837,-262.6924058827,-2415.32043907333,188.913513921951,-257.726869538606,-2433.98513023618
"OPTOTRAK _ C09 _ Right _ 3",171.018675976739,-262.981922367669,-2416.21129294162,189.405057191303,-257.535149591955,-2435.53977542929
"OPTOTRAK _ C09 _ Right _ 3",169.810366942273,-263.224457043294,-2416.8768091711,191.358701993065,-256.915557042726,-2438.86451990216
"OPTOTRAK _ C09 _ Right _ 3",168.487791848413,-263.39841253856,-2417.27346690623,194.005630613154,-256.088701204083,-2442.90738137478
"OPTOTRAK _ C09 _ Right _ 3",167.358352652371,-263.488198338059,-2417.39763988705,196.347776206841,-255.320897038142,-2446.35728011323
"OPTOTRAK _ C09 _ Right _ 3",166.666718542071,-263.487568023094,-2417.28478001086,197.489280700742,-254.837673194959,-2448.07802578144
"OPTOTRAK _ C09 _ Right _ 3",166.521718245519,-263.400852007649,-2416.9955948605,196.937871080724,-254.752794346937,-2447.49064483593
"OPTOTRAK _ C09 _ Right _ 3",166.865320996495,-263.241302953443,-2416.59452690823,194.775112707982,-255.034388430476,-2444.77590660788
"OPTOTRAK _ C09 _ Right _ 3",167.495278720211,-263.026917531967,-2416.12920484817,191.635562591357,-255.517712917578,-2440.82557337353
"OPTOTRAK _ C09 _ Right _ 3",168.133695593624,-262.775188984285,-2415.61804083852,188.500292136722,-255.960166599859,-2436.95593670461
"OPTOTRAK _ C09 _ Right _ 3",168.517349190016,-262.498680813598,-2415.04904816454,186.374686392555,-256.121256851395,-2434.47844266214
"OPTOTRAK _ C09 _ Right _ 3",168.479415107634,-262.202913612286,-2414.38940493415,185.957845207889,-255.841589851562,-2434.26820165857
"OPTOTRAK _ C09 _ Right _ 3",167.997669239848,-261.887095447081,-2413.60303221709,187.409375795539,-255.094641058091,-2436.46781441455
"OPTOTRAK _ C09 _ Right _ 3",167.196733600195,-261.547191040911,-2412.67128315291,190.28497228955,-253.994573690307,-2440.41840983662
"OPTOTRAK _ C09 _ Right _ 3",166.305765283323,-261.180118344371,-2411.60964353378,193.660295595659,-252.759143966587,-2444.84075528508
"OPTOTRAK _ C09 _ Right _ 3",165.584899831737,-260.787653605509,-2410.47323269765,196.407827739647,-251.642139647135,-2448.21593385148
"OPTOTRAK _ C09 _ Right _ 3",165.242251532256,-260.378903185563,-2409.34773880314,197.545657632178,-250.858689863098,-2449.25468454155
"OPTOTRAK _ C09 _ Right _ 3",165.366469574784,-259.970793343903,-2408.32893718936,196.552778955465,-250.526375841921,-2447.31392008029
"OPTOTRAK _ C09 _ Right _ 3",165.8958537402,-259.586632212521,-2407.49906221437,193.552450804196,-250.637538687835,-2442.63070173889
"OPTOTRAK _ C09 _ Right _ 3",166.634039372769,-259.25315881436,-2406.90874436599,189.304424099442,-251.068462458348,-2436.29805864173
"OPTOTRAK _ C09 _ Right _ 3",167.307483072415,-258.996633527648,-2406.56936281485,185.006492316125,-251.622003158476,-2429.9868773945
"OPTOTRAK _ C09 _ Right _ 3",167.646633971277,-258.838639867918,-2406.45586484584,181.96477920953,-252.091359462986,-2425.49564496776
"OPTOTRAK _ C09 _ Right _ 3",167.465764143983,-258.792421527032,-2406.51746681231,181.229446604863,-252.324964695613,-2424.25815668039
"OPTOTRAK _ C09 _ Right _ 3",166.718124812093,-258.860623266196,-2406.69339521186,183.297412585744,-252.270445771674,-2426.94512726105
"OPTOTRAK _ C09 _ Right _ 3",165.511591745576,-259.035081019537,-2406.93075032551,187.959849231908,-251.982922293843,-2433.26357372084
"OPTOTRAK _ C09 _ Right _ 3",164.081425011039,-259.298794314287,-2407.20017560616,194.33182975115,-251.597452190628,-2442.00314567769
"OPTOTRAK _ C09 _ Right _ 3",162.72812265418,-259.629540720545,-2407.50371521287,201.056015466854,-251.279940552522,-2451.31660228638
"OPTOTRAK _ C09 _ Right _ 3",161.737598915577,-260.004026460688,-2407.8707692346,206.629856327179,-251.177604523474,-2459.16446218396
"OPTOTRAK _ C09 _ Right _ 3",161.305892125524,-260.401325114558,-2408.34290325683,209.774466030414,-251.385536213506,-2463.81300578318
"OPTOTRAK _ C09 _ Right _ 3",161.489307584971,-260.804752435216,-2408.95363885593,209.751677297377,-251.933511384132,-2464.26074214294
"OPTOTRAK _ C09 _ Right _ 3",162.193283755063,-261.202015241405,-2409.71163160082,206.548406030116,-252.786151979796,-2460.48571436158
"OPTOTRAK _ C09 _ Right _ 3",163.201836801481,-261.584045530518,-2410.59343822041,200.881492412545,-253.847909985431,-2453.45067434121
"OPTOTRAK _ C09 _ Right _ 3",164.237991972951,-261.943176774281,-2411.54706180099,194.022388312362,-254.971818689969,-2444.86436601609
"OPTOTRAK _ C09 _ Right _ 3",165.037660559253,-262.271333846104,-2412.50292495903,187.487088383494,-255.978843156972,-2436.75956405176
"OPTOTRAK _ C09 _ Right _ 3",165.417078541279,-262.558862374806,-2413.38734136685,182.670168149273,-256.693794326727,-2430.99512978187
"OPTOTRAK _ C09 _ Right _ 3",165.317205108729,-262.794535808312,-2414.13494860957,180.513648256779,-256.99330536558,-2428.80685693224
"OPTOTRAK _ C09 _ Right _ 3",164.815422514494,-262.967039043418,-2414.69881221438,181.289681010718,-256.849565447967,-2430.51656916488
"OPTOTRAK _ C09 _ Right _ 3",164.102835171072,-263.067766344173,-2415.05782808607,184.546719986953,-256.349954871933,-2435.46800013602
"OPTOTRAK _ C09 _ Right _ 3",163.43270055879,-263.094161803035,-2415.22022610853,189.231371108874,-255.680468663694,-2442.20421193292
"OPTOTRAK _ C09 _ Right _ 3",163.051628870356,-263.052304365318,-2415.22092619595,193.959594569291,-255.075394867354,-2448.84586766967
"OPTOTRAK _ C09 _ Right _ 3",163.129999069344,-262.957348754545,-2415.11131093896,197.375312337211,-254.749367584087,-2453.58054284809
"OPTOTRAK _ C09 _ Right _ 3",163.710372749932,-262.831049815352,-2414.94334605347,198.507523188232,-254.834127210581,-2455.13953462021
"OPTOTRAK _ C09 _ Right _ 3",164.690402681008,-262.696776895081,-2414.75391339276,197.028920651682,-255.339193582436,-2453.13272958871
"OPTOTRAK _ C09 _ Right _ 3",165.848318317897,-262.573558165149,-2414.55617397264,193.339471823195,-256.146765546181,-2448.14408267966
"OPTOTRAK _ C09 _ Right _ 3",166.905692203266,-262.471164899385,-2414.34107046414,188.447507971556,-257.041728788091,-2441.55766619801
"OPTOTRAK _ C09 _ Right _ 3",167.608678380062,-262.387896118692,-2414.0863245151,183.683520165542,-257.769532572186,-2435.16627887793
"OPTOTRAK _ C09 _ Right _ 3",167.801974124596,-262.311820599026,-2413.7673877697,180.332809334674,-258.107111515903,-2430.67913733107
"OPTOTRAK _ C09 _ Right _ 3",167.473248173975,-262.225152848976,-2413.36684262389,179.292030319609,-257.926447846511,-2429.26759618033
"OPTOTRAK _ C09 _ Right _ 3",166.757086095534,-262.1105223309,-2412.88253890575,180.839088566681,-257.230732218214,-2431.26622207233
"OPTOTRAK _ C09 _ Right _ 3",165.899897032759,-261.957389594134,-2412.33549456931,184.569201796075,-256.151083753761,-2436.09781564546
"OPTOTRAK _ C09 _ Right _ 3",165.196053309539,-261.766835484377,-2411.7754632847,189.507436658268,-254.904885696757,-2442.43407446238
"OPTOTRAK _ C09 _ Right _ 3",164.910720908579,-261.553334027251,-2411.27910457734,194.367688172094,-253.730191332202,-2448.54920445152
"OPTOTRAK _ C09 _ Right _ 3",165.207708664168,-261.34286608091,-2410.93709872396,197.893809498724,-252.819085664295,-2452.77802044937
"OPTOTRAK _ C09 _ Right _ 3",166.100706441001,-261.167744142723,-2410.83213406522,199.196367632368,-252.272289649457,-2453.96145209485
"OPTOTRAK _ C09 _ Right _ 3",167.441871472088,-261.059487738213,-2411.01517819672,197.996147315578,-252.08787302619,-2451.76137290555
"OPTOTRAK _ C09 _ Right _ 3",168.952601760368,-261.041611187358,-2411.48876654351,194.707583001454,-252.184009532554,-2446.75888169388
"OPTOTRAK _ C09 _ Right _ 3",170.289622310407,-261.124095521136,-2412.20276826524,190.338541212393,-252.445325043285,-2440.31012177857
"OPTOTRAK _ C09 _ Right _ 3",171.129045464071,-261.300766912018,-2413.06303251148,186.235298096328,-252.776496773946,-2434.20361047762
"OPTOTRAK _ C09 _ Right _ 3",171.245932639567,-261.550069734728,-2413.94973692763,183.745220391876,-253.144255521363,-2430.21798561034
"OPTOTRAK _ C09 _ Right _ 3",170.569112278595,-261.839021695314,-2414.74126734361,183.888495164318,-253.590458790123,-2429.69920188484
"OPTOTRAK _ C09 _ Right _ 3",169.198923184485,-262.129564600401,-2415.33949167746,187.119555594201,-254.207248699974,-2433.25842670547
"OPTOTRAK _ C09 _ Right _ 3",167.385240035901,-262.386052706974,-2415.69138755039,193.227372250677,-255.080564927881,-2440.64968539504
"OPTOTRAK _ C09 _ Right _ 3",165.471850876945,-262.582244405466,-2415.80066933832,201.385663837283,-256.224778091279,-2450.83780338587
"OPTOTRAK _ C09 _ Right _ 3",163.820369560691,-262.706053433367,-2415.72404995757,210.32998112037,-257.540065444079,-2462.22485753162
"OPTOTRAK _ C09 _ Right _ 3",162.731753261989,-262.760738660864,-2415.55151261994,218.614162078291,-258.818455040372,-2472.97358716282
"OPTOTRAK _ C09 _ Right _ 3",162.384403693003,-262.762213738362,-2415.37650149792,224.886923657829,-259.803963048725,-2481.35283887515
"OPTOTRAK _ C09 _ Right _ 3",162.803531281274,-262.733393321671,-2415.26653721388,228.131352283741,-260.28542334706,-2486.03454679879
"OPTOTRAK _ C09 _ Right _ 3",163.867894445933,-262.697411793015,-2415.24490031537,227.823918631353,-260.181545175078,-2486.29129467549
"OPTOTRAK _ C09 _ Right _ 3",165.349831631931,-262.671760280568,-2415.28969090669,223.991384526619,-259.578160262395,-2482.07175138283
"OPTOTRAK _ C09 _ Right _ 3",166.975636351175,-262.664867175427,-2415.34973448464,217.168566304924,-258.698989757987,-2473.96031829822
"OPTOTRAK _ C09 _ Right _ 3",168.48832506014,-262.675712627842,-2415.37033874091,208.281161599399,-257.822658117452,-2463.04950691496
"OPTOTRAK _ C09 _ Right _ 3",169.69544754664,-262.696150364009,-2415.31844280491,198.489182624282,-257.183077134601,-2450.76297646395
"OPTOTRAK _ C09 _ Right _ 3",170.490827417005,-262.714996621211,-2415.19743202612,189.024721188734,-256.895439018487,-2438.66279480585
"OPTOTRAK _ C09 _ Right _ 3",170.848681071207,-262.722678005862,-2415.04612272102,181.046111414484,-256.935276512171,-2428.26241582551
"OPTOTRAK _ C09 _ Right _ 3",170.797810122865,-262.715214950204,-2414.92242725222,175.517019604205,-257.172759715091,-2420.85634175421
"OPTOTRAK _ C09 _ Right _ 3",170.389577756715,-262.696475406126,-2414.87827090828,173.110062640341,-257.441432167838,-2417.37304785445
"OPTOTRAK _ C09 _ Right _ 3",169.674645749807,-262.677962253174,-2414.93656453921,174.131922278818,-257.609702885218,-2418.25756690337
"OPTOTRAK _ C09 _ Right _ 3",168.699171990676,-262.675957691826,-2415.08109810193,178.469998848972,-257.627035968329,-2423.39200955605
"OPTOTRAK _ C09 _ Right _ 3",167.521722102343,-262.70664257329,-2415.26484027126,185.568727505787,-257.530337549987,-2432.06723582633
"OPTOTRAK _ C09 _ Right _ 3",166.240671009157,-262.780619035385,-2415.43323754104,194.453434223582,-257.412710602175,-2443.02575308256
"OPTOTRAK _ C09 _ Right _ 3",165.014019880508,-262.898684051041,-2415.55144885307,203.823417311841,-257.371245045976,-2454.59704434051
"OPTOTRAK _ C09 _ Right _ 3",164.054325823621,-263.050440575116,-2415.62247844791,212.226170684666,-257.458599875171,-2464.93292250971
"OPTOTRAK _ C09 _ Right _ 3",163.591569182203,-263.216442681763,-2415.68792147265,218.300447437525,-257.660769273439,-2472.32127143852
"OPTOTRAK _ C09 _ Right _ 3",163.811773920614,-263.373361769383,-2415.81151007793,221.045650181378,-257.909606773166,-2475.52213834178
"OPTOTRAK _ C09 _ Right _ 3",164.791776379534,-263.500560200931,-2416.05309246029,220.052517902638,-258.119427964441,-2474.04647316527
"OPTOTRAK _ C09 _ Right _ 3",166.454666352168,-263.585931711726,-2416.44379541238,215.627025052137,-258.224120263889,-2468.2974303235
"OPTOTRAK _ C09 _ Right _ 3",168.564271629697,-263.62920364626,-2416.97144813537,208.760350545531,-258.194039960276,-2459.52119085401
"OPTOTRAK _ C09 _ Right _ 3",170.763683057606,-263.641915996058,-2417.58053855499,200.937860026497,-258.028737973088,-2449.56278557467
"OPTOTRAK _ C09 _ Right _ 3",172.648467228763,-263.644387176023,-2418.18552569071,193.825863291628,-257.739091231858,-2440.47687471435
"OPTOTRAK _ C09 _ Right _ 3",173.855730160377,-263.660594049937,-2418.69238663493,188.909633766855,-257.337179284987,-2434.08420051866
"OPTOTRAK _ C09 _ Right _ 3",174.147718922925,-263.712003260026,-2419.02176995797,187.168107250277,-256.842197630688,-2431.57786592339
"OPTOTRAK _ C09 _ Right _ 3",173.471404240592,-263.811405405904,-2419.12781216609,188.85920948646,-256.295827202978,-2433.26902848176
"OPTOTRAK _ C09 _ Right _ 3",171.980488105662,-263.958047125651,-2419.0087007759,193.463347875377,-255.772443363829,-2438.52846302271
"OPTOTRAK _ C09 _ Right _ 3",170.0120280231,-264.135663908804,-2418.70734669845,199.800506184564,-255.372572276441,-2445.93934605159
"OPTOTRAK _ C09 _ Right _ 3",168.017080268468,-264.314864449633,-2418.30223553687,206.302411757666,-255.198362359134,-2453.63333076494
"OPTOTRAK _ C09 _ Right _ 3",166.454999115185,-264.460299038483,-2417.88985574189,211.385938370143,-255.320353679164,-2459.73971057534
"OPTOTRAK _ C09 _ Right _ 3",165.673856952551,-264.541248756052,-2417.56194416982,213.842124035705,-255.749241301818,-2462.84329963633
"OPTOTRAK _ C09 _ Right _ 3",165.810240204422,-264.542365924502,-2417.38314625425,213.139003052336,-256.422808832727,-2462.33289376499
"OPTOTRAK _ C09 _ Right _ 3",166.743015722732,-264.470334445717,-2417.37590804384,209.5487055964,-257.210883463397,-2458.54006438392
"OPTOTRAK _ C09 _ Right _ 3",168.122598015989,-264.353117876309,-2417.51766593672,204.053840474732,-257.936499436,-2452.6202045357
"OPTOTRAK _ C09 _ Right _ 3",169.47231320684,-264.231240012716,-2417.750886382,198.05464474591,-258.411147504716,-2446.20342589296
"OPTOTRAK _ C09 _ Right _ 3",170.331892593855,-264.143963958613,-2418.00186972441,192.963574629708,-258.481030596752,-2440.91734714616
"OPTOTRAK _ C09 _ Right _ 3",170.397232862552,-264.115492755854,-2418.20224322364,189.811212774346,-258.07533988738,-2437.92676804819
"OPTOTRAK _ C09 _ Right _ 3",169.611926108518,-264.146311757875,-2418.30791787772,188.981191447721,-257.240287651143,-2437.62826163524
"OPTOTRAK _ C09 _ Right _ 3",168.182237055364,-264.212808411241,-2418.31173367082,190.147520152059,-256.141932007614,-2439.58583942971
"OPTOTRAK _ C09 _ Right _ 3",166.510654445485,-264.275438179027,-2418.24652049383,192.424902106441,-255.03009701296,-2442.71904632742
"OPTOTRAK _ C09 _ Right _ 3",165.067262561842,-264.29292457175,-2418.17609260718,194.681119922117,-254.170897647351,-2445.68062494291
"OPTOTRAK _ C09 _ Right _ 3",164.238233751542,-264.237857095345,-2418.17488852227,195.914050887324,-253.768847150006,-2447.3050900512
"OPTOTRAK _ C09 _ Right _ 3",164.200983932541,-264.108129603606,-2418.30206143848,195.5753166977,-253.904728120057,-2446.98662768576
"OPTOTRAK _ C09 _ Right _ 3",164.869587587782,-263.929603700332,-2418.57931553389,193.737318699425,-254.510376925324,-2444.86524311798
"OPTOTRAK _ C09 _ Right _ 3",165.930462168248,-263.748400918542,-2418.98065820722,191.051039042885,-255.389241664318,-2441.76265436548
"OPTOTRAK _ C09 _ Right _ 3",166.955150037491,-263.615362184644,-2419.43719835953,188.513007085682,-256.276825404611,-2438.89409580384
"OPTOTRAK _ C09 _ Right _ 3",167.549031880137,-263.568478222177,-2419.85472511935,187.123372065264,-256.922018001045,-2437.45610680819
"OPTOTRAK _ C09 _ Right _ 3",167.4842832929,-263.619787092479,-2420.13870445235,187.548296028052,-257.162820142846,-2438.22552637383
"OPTOTRAK _ C09 _ Right _ 3",166.7745021823,-263.751201319338,-2420.22028785812,189.89148994703,-256.971630013966,-2441.29353345851
"OPTOTRAK _ C09 _ Right _ 3",165.670106251845,-263.920266938033,-2420.07662250647,193.641657490774,-256.456300551624,-2446.01234234498
"OPTOTRAK _ C09 _ Right _ 3",164.578502262869,-264.073564032176,-2419.73932058128,197.810543714895,-255.819155455497,-2451.16909780279
"OPTOTRAK _ C09 _ Right _ 3",163.93464673774,-264.163315534977,-2419.28767983915,201.222694767932,-255.290328788025,-2455.33681486888
"OPTOTRAK _ C09 _ Right _ 3",164.061876260194,-264.162074279637,-2418.82825961135,202.873372620959,-255.058398359926,-2457.29968032548
"OPTOTRAK _ C09 _ Right _ 3",165.066172374277,-264.071055363131,-2418.46748240442,202.247348764918,-255.218462992006,-2456.42478938249
"OPTOTRAK _ C09 _ Right _ 3",166.796999459155,-263.919582865076,-2418.28601917099,199.499165890003,-255.749067315732,-2452.86589304591
"OPTOTRAK _ C09 _ Right _ 3",168.886474777133,-263.75581071249,-2418.32169669326,195.436258779396,-256.520652368117,-2447.53601539776
"OPTOTRAK _ C09 _ Right _ 3",170.853310118201,-263.631577325329,-2418.56339406606,191.307615730256,-257.332210085123,-2441.85832489592
"OPTOTRAK _ C09 _ Right _ 3",172.238382994641,-263.586030142784,-2418.95496016347,188.460305115885,-257.967627130236,-2437.37240318031
"OPTOTRAK _ C09 _ Right _ 3",172.731567456872,-263.632933379569,-2419.40714298001,187.963114957027,-258.257288587883,-2435.31247757655
"OPTOTRAK _ C09 _ Right _ 3",172.255036950646,-263.755409937495,-2419.8158652184,190.301137996566,-258.126651327329,-2436.27498305195
"OPTOTRAK _ C09 _ Right _ 3",170.982222752313,-263.909739794967,-2420.08473465741,195.221760422668,-257.615941455313,-2440.06084196471
"OPTOTRAK _ C09 _ Right _ 3",169.28866336471,-264.037285773859,-2420.14752345001,201.772615921986,-256.864574253213,-2445.72806226474
"OPTOTRAK _ C09 _ Right _ 3",167.647775904861,-264.081207394733,-2419.98408585856,208.525396411799,-256.066510267493,-2451.8369115266
"OPTOTRAK _ C09 _ Right _ 3",166.499087379815,-264.003026526132,-2419.62358874953,213.93272382355,-255.41271029688,-2456.82314616219
"OPTOTRAK _ C09 _ Right _ 3",166.125652435501,-263.79394735258,-2419.13308306167,216.727303787239,-255.039411045252,-2459.40311398821
"OPTOTRAK _ C09 _ Right _ 3",166.577080827773,-263.477340110075,-2418.59535260179,216.255425234341,-254.995500565783,-2458.90556395943
"OPTOTRAK _ C09 _ Right _ 3",167.662299104301,-263.101621911772,-2418.08417660411,212.649952967697,-255.233401092953,-2455.44208576115
"OPTOTRAK _ C09 _ Right _ 3",169.014190456464,-262.726005431857,-2417.64545633249,206.79091724587,-255.621855575681,-2449.86870524107
"OPTOTRAK _ C09 _ Right _ 3",170.204282490636,-262.404003024064,-2417.28948532542,200.063063887113,-255.977872670165,-2443.54705411395
"OPTOTRAK _ C09 _ Right _ 3",170.869588778487,-262.170116372839,-2416.99515275266,193.980142033724,-256.114630407894,-2437.97054771827
"OPTOTRAK _ C09 _ Right _ 3",170.812229548028,-262.033585463705,-2416.7232194616,189.784830160922,-255.897479300446,-2434.36097528619
"OPTOTRAK _ C09 _ Right _ 3",170.044994236453,-261.980236349469,-2416.43392485641,188.137577162663,-255.292658693099,-2433.34927668496
"OPTOTRAK _ C09 _ Right _ 3",168.775510098283,-261.980696989708,-2416.10378994546,188.977529236376,-254.39000661469,-2434.82844938554
"OPTOTRAK _ C09 _ Right _ 3",167.339622946908,-262.001592506118,-2415.73700703404,191.587050123004,-253.387127408364,-2438.01661330388
"OPTOTRAK _ C09 _ Right _ 3",166.105994980603,-262.016104616329,-2415.3681922384,194.835015139607,-252.536480171588,-2441.70989634988
"OPTOTRAK _ C09 _ Right _ 3",165.378345179844,-262.011170472384,-2415.05576566358,197.526474622644,-252.071584964033,-2444.6522489883
"OPTOTRAK _ C09 _ Right _ 3",165.320623709315,-261.9899943078,-2414.86838483515,198.757103241502,-252.136717288822,-2445.9144541746
"OPTOTRAK _ C09 _ Right _ 3",165.924380307904,-261.969889910097,-2414.8692507394,198.168195672258,-252.74285139561,-2445.1680616213
"OPTOTRAK _ C09 _ Right _ 3",167.026593844544,-261.976479990354,-2415.10325425725,196.026234526374,-253.763260349503,-2442.76813450344
"OPTOTRAK _ C09 _ Right _ 3",168.371532589317,-262.035939765083,-2415.58967016487,193.10541115669,-254.969764433325,-2439.61765493236
"OPTOTRAK _ C09 _ Right _ 3",169.696027944012,-262.16733024727,-2416.3200774454,190.415269790601,-256.098766992204,-2436.85844400704
"OPTOTRAK _ C09 _ Right _ 3",170.809919524333,-262.377052958568,-2417.25975091251,188.865292989234,-256.927090768991,-2435.49153896242
"OPTOTRAK _ C09 _ Right _ 3",171.646182546155,-262.656960810523,-2418.35176324646,188.9748977818,-257.333874471544,-2436.05128649973
"OPTOTRAK _ C09 _ Right _ 3",172.266690446929,-262.986687547335,-2419.52460846302,190.717343261603,-257.32893440339,-2438.4360967628
"OPTOTRAK _ C09 _ Right _ 3",172.824089330721,-263.339496664315,-2420.70371111352,193.54082489081,-257.039449600151,-2441.94657555142
"OPTOTRAK _ C09 _ Right _ 3",173.493007063418,-263.689750191738,-2421.82452886348,196.555969823531,-256.661264861135,-2445.51740423128
"OPTOTRAK _ C09 _ Right _ 3",174.392693909085,-264.019420070067,-2422.84265642462,198.829713789692,-256.392862848307,-2448.07006937523
"OPTOTRAK _ C09 _ Right _ 3",175.526843668183,-264.321304985607,-2423.7368254686,199.692443237551,-256.374674801592,-2448.87439941927
"OPTOTRAK _ C09 _ Right _ 3",176.762567659415,-264.597819720268,-2424.50377362516,198.959091390508,-256.65253656367,-2447.80110931705
"OPTOTRAK _ C09 _ Right _ 3",177.858258146177,-264.855941439224,-2425.14738622304,196.991550295154,-257.174288347788,-2445.38111206296
"OPTOTRAK _ C09 _ Right _ 3",178.532755593308,-265.100371323498,-2425.66645502254,194.583046397276,-257.817206747789,-2442.65130693284
"OPTOTRAK _ C09 _ Right _ 3",178.553318338438,-265.327584701541,-2426.0457356345,192.705136023082,-258.434594912922,-2440.8371113874
"OPTOTRAK _ C09 _ Right _ 3",177.814170784035,-265.523057751487,-2426.25431925786,192.200564561979,-258.904539256686,-2440.97185357709
"OPTOTRAK _ C09 _ Right _ 3",176.382027670813,-265.66284948102,-2426.25346855142,193.516211622847,-259.164227704555,-2443.56686253679
"OPTOTRAK _ C09 _ Right _ 3",174.495674774519,-265.719284920642,-2426.012451489,196.551986204322,-259.219633195532,-2448.42614632789
"OPTOTRAK _ C09 _ Right _ 3",172.518546235844,-265.669116973292,-2425.52649717147,200.665957727019,-259.130487792414,-2454.6582379848
"OPTOTRAK _ C09 _ Right _ 3",170.854305549308,-265.501661051336,-2424.82861345583,204.834569238817,-258.980082161524,-2460.88645647427
"OPTOTRAK _ C09 _ Right _ 3",169.845291371325,-265.224362271782,-2423.98901790352,207.926958620043,-258.844132342646,-2465.60626496182
"OPTOTRAK _ C09 _ Right _ 3",169.680413721243,-264.864098218164,-2423.10168104635,209.021244565694,-258.770230055728,-2467.59540156877
"OPTOTRAK _ C09 _ Right _ 3",170.339250426246,-264.463839202579,-2422.26344122998,207.67618333828,-258.770998239105,-2466.26213892121
"OPTOTRAK _ C09 _ Right _ 3",171.590663551377,-264.075522526073,-2421.55375301615,204.079875247258,-258.826279647143,-2461.82906605947
"OPTOTRAK _ C09 _ Right _ 3",173.048845516618,-263.750793149334,-2421.0213890618,199.028440803985,-258.888569938404,-2455.29432315087
"OPTOTRAK _ C09 _ Right _ 3",174.272293915462,-263.531587472884,-2420.68023314806,193.73474864701,-258.891156951361,-2448.17755250463
"OPTOTRAK _ C09 _ Right _ 3",174.878114998355,-263.442502413192,-2420.51268965624,189.516729119827,-258.763070716303,-2442.12266073289
"OPTOTRAK _ C09 _ Right _ 3",174.640098640408,-263.486550099146,-2420.4780045336,187.450131629957,-258.452732780213,-2438.47068691527
"OPTOTRAK _ C09 _ Right _ 3",173.544987990592,-263.645240112779,-2420.52341950072,188.079882885255,-257.954510298917,-2437.92000271681
"OPTOTRAK _ C09 _ Right _ 3",171.79388225518,-263.883007992731,-2420.59663592647,191.26647557052,-257.326426648197,-2440.36054066137
"OPTOTRAK _ C09 _ Right _ 3",169.749968978777,-264.154988839699,-2420.65742234513,196.20784157677,-256.688424670614,-2444.91877544028
"OPTOTRAK _ C09 _ Right _ 3",167.846411596673,-264.416289643291,-2420.68524315917,201.633820878787,-256.198183764241,-2450.19680782907
"OPTOTRAK _ C09 _ Right _ 3",166.477468881419,-264.630537099403,-2420.68026855712,206.127598774285,-256.010801073719,-2454.64269082982
"OPTOTRAK _ C09 _ Right _ 3",165.900435435752,-264.775714016805,-2420.65759076491,208.493596464016,-256.234676512908,-2456.95733844077
"OPTOTRAK _ C09 _ Right _ 3",166.174342270321,-264.846043734418,-2420.63754812872,208.073706201618,-256.896467820511,-2456.43290807523
"OPTOTRAK _ C09 _ Right _ 3",167.152673222421,-264.849697153186,-2420.63659893536,204.922399688216,-257.924495388283,-2453.13315820424
"OPTOTRAK _ C09 _ Right _ 3",168.53248793483,-264.803160291539,-2420.66203175701,199.788470256791,-259.15553059279,-2447.86686111685
"OPTOTRAK _ C09 _ Right _ 3",169.945088000931,-264.724018743936,-2420.71086122151,193.90840963611,-260.36555893461,-2441.96226285478
"OPTOTRAK _ C09 _ Right _ 3",171.060261407142,-264.624446230842,-2420.77104070004,188.674183071085,-261.31955003864,-2436.90748647307
"OPTOTRAK _ C09 _ Right _ 3",171.673264343382,-264.507567303021,-2420.82355561183,185.273369988266,-261.828517257803,-2433.95855483644
"OPTOTRAK _ C09 _ Right _ 3",171.751951081734,-264.368000523117,-2420.8462286801,184.3993901802,-261.797696966904,-2433.82010088617
"OPTOTRAK _ C09 _ Right _ 3",171.435432571677,-264.196487886002,-2420.82110479669,186.099977295195,-261.25107822538,-2436.47674233895
"OPTOTRAK _ C09 _ Right _ 3",170.988357387786,-263.987040838907,-2420.74506682956,189.791163806558,-260.324578380525,-2441.21072147707
"OPTOTRAK _ C09 _ Right _ 3",170.723429622144,-263.743998115655,-2420.63939801085,194.425934722599,-259.229901428761,-2446.79771611089
"OPTOTRAK _ C09 _ Right _ 3",170.910416344354,-263.48620249765,-2420.55212442081,198.775223243984,-258.200279878194,-2451.83343368396
"OPTOTRAK _ C09 _ Right _ 3",171.693936496421,-263.246343028665,-2420.54947098909,201.753967240723,-257.434742651838,-2455.11133651287
"OPTOTRAK _ C09 _ Right _ 3",173.043128439017,-263.065169978288,-2420.69832061654,202.710179278901,-257.056752329046,-2455.95317161949
"OPTOTRAK _ C09 _ Right _ 3",174.750647819104,-262.98214618228,-2421.04637265088,201.598001709788,-257.096462707836,-2454.39862703204
"OPTOTRAK _ C09 _ Right _ 3",176.485143533757,-263.025406465011,-2421.60767399846,198.982072703715,-257.497494642399,-2451.19401373757
"OPTOTRAK _ C09 _ Right _ 3",177.883757659245,-263.204189857039,-2422.35826468066,195.867147533919,-258.143079158478,-2447.57679807328
"OPTOTRAK _ C09 _ Right _ 3",178.656570249132,-263.506128903085,-2423.24229525566,193.399906812653,-258.893196507773,-2444.91524893052
"OPTOTRAK _ C09 _ Right _ 3",178.67034444028,-263.900222384169,-2424.18577266251,192.52970271746,-259.622369204546,-2444.30761357844
"OPTOTRAK _ C09 _ Right _ 3",177.986459204586,-264.344549252723,-2425.1139297808,193.726914021991,-260.247294943253,-2446.25714936359
"OPTOTRAK _ C09 _ Right _ 3",176.84331716744,-264.796412682581,-2425.96814842387,196.839284067598,-260.736679023539,-2450.51623545579
"OPTOTRAK _ C09 _ Right _ 3",175.589970474675,-265.221999141725,-2426.71836893499,201.12671910968,-261.102769918727,-2456.14456001238
"OPTOTRAK _ C09 _ Right _ 3",174.590390357975,-265.602888240516,-2427.36738935907,205.465861465055,-261.381838718019,-2461.76711934276
"OPTOTRAK _ C09 _ Right _ 3",174.124867305092,-265.937787614609,-2427.94554266835,208.668810390532,-261.614358845938,-2465.96160913853
"OPTOTRAK _ C09 _ Right _ 3",174.315698728372,-266.239409078492,-2428.49777983084,209.826627059432,-261.832594670929,-2467.66587595186
"OPTOTRAK _ C09 _ Right _ 3",175.09797421,-266.527875489663,-2429.06814123845,208.578089158606,-262.056242606257,-2466.48694594703
"OPTOTRAK _ C09 _ Right _ 3",176.243612397394,-266.822846749234,-2429.68688929474,205.22330089835,-262.291648955108,-2462.81939458546
"OPTOTRAK _ C09 _ Right _ 3",177.430998199047,-267.136465768412,-2430.36313312378,200.646828305054,-262.531014158944,-2457.73676865797
"OPTOTRAK _ C09 _ Right _ 3",178.338724695213,-267.46857532962,-2431.08266774246,196.07271775641,-262.752739378951,-2452.68852341852
"OPTOTRAK _ C09 _ Right _ 3",178.735282033457,-267.804982892137,-2431.80936700794,192.724590632054,-262.926587330236,-2449.09335065387
"OPTOTRAK _ C09 _ Right _ 3",178.539708380535,-268.119110237886,-2432.48939066725,191.490006040013,-263.024489413286,-2447.94754480749
"OPTOTRAK _ C09 _ Right _ 3",177.839172761583,-268.376959124358,-2433.05892198068,192.682043600131,-263.032691584409,-2449.55673156447
"OPTOTRAK _ C09 _ Right _ 3",176.86250956042,-268.544628744322,-2433.45587055999,195.959154229004,-262.958714118257,-2453.45935733508
"OPTOTRAK _ C09 _ Right _ 3",175.918832717579,-268.596688959779,-2433.63366856858,200.420556483024,-262.82928092233,-2458.55725516968
"OPTOTRAK _ C09 _ Right _ 3",175.316288824829,-268.523078056869,-2433.57300435747,204.850293520608,-262.68067351862,-2463.41617734787
"OPTOTRAK _ C09 _ Right _ 3",175.279239584362,-268.332408688333,-2433.28729451306,208.045809628976,-262.5468719277,-2466.65651886088
"OPTOTRAK _ C09 _ Right _ 3",175.883635586324,-268.050667969937,-2432.82013126881,209.143735825695,-262.450720388815,-2467.32996723789
"OPTOTRAK _ C09 _ Right _ 3",177.02876457132,-267.71574614438,-2432.23607286198,207.854048819084,-262.399994179003,-2465.17935788522
"OPTOTRAK _ C09 _ Right _ 3",178.456570615071,-267.369340384114,-2431.60788657293,204.537173185198,-262.38719852442,-2460.70915139013
"OPTOTRAK _ C09 _ Right _ 3",179.816883318216,-267.04823860574,-2431.00311954646,200.102334938248,-262.391896163221,-2455.04662618792
"OPTOTRAK _ C09 _ Right _ 3",180.761913844099,-266.776948760636,-2430.47193083685,195.757212077538,-262.386149560118,-2449.63442909697
"OPTOTRAK _ C09 _ Right _ 3",181.043025039606,-266.5633784408,-2430.03810513122,192.681472561952,-262.343757706775,-2445.8433246764
"OPTOTRAK _ C09 _ Right _ 3",180.582025603303,-266.398799130762,-2429.69603316085,191.714988895268,-262.251161304313,-2444.61259492529
"OPTOTRAK _ C09 _ Right _ 3",179.497452459083,-266.262427052952,-2429.41622757133,193.141394065909,-262.114947498265,-2446.21093198921
"OPTOTRAK _ C09 _ Right _ 3",178.078844666714,-266.12957916328,-2429.15911959302,196.618149774014,-261.961165741891,-2450.1739083304
"OPTOTRAK _ C09 _ Right _ 3",176.714745288498,-265.980977962088,-2428.89262173811,201.267907976855,-261.82561999504,-2455.42982852003
"OPTOTRAK _ C09 _ Right _ 3",175.791350632503,-265.810139166691,-2428.60638453514,205.909496728541,-261.739430407727,-2460.58230829905
"OPTOTRAK _ C09 _ Right _ 3",175.587208436647,-265.626351773688,-2428.31695861176,209.373124915557,-261.716898422814,-2464.27951052174
"OPTOTRAK _ C09 _ Right _ 3",176.192818685531,-265.452324676302,-2428.06238169837,210.819040509338,-261.750788120032,-2465.5739538547
"OPTOTRAK _ C09 _ Right _ 3",177.479700199175,-265.317370169776,-2427.88915687056,209.971556874726,-261.814898936968,-2464.17374415823
"OPTOTRAK _ C09 _ Right _ 3",179.130747651811,-265.248291690341,-2427.83674665233,207.198435800449,-261.869903744496,-2460.51212982395
"OPTOTRAK _ C09 _ Right _ 3",180.725438589783,-265.260629338047,-2427.92424118242,203.407570931696,-261.869377002504,-2455.61305554303
"OPTOTRAK _ C09 _ Right _ 3",181.855742490758,-265.352657795851,-2428.14210102292,199.78704334449,-261.76690398001,-2450.79108701052
"OPTOTRAK _ C09 _ Right _ 3",182.238303595616,-265.503757012709,-2428.45036427021,197.462878239116,-261.526762751954,-2447.27441901288
"OPTOTRAK _ C09 _ Right _ 3",181.789896516481,-265.677736438241,-2428.78399020256,197.17410307075,-261.137370335319,-2445.86172328079
"OPTOTRAK _ C09 _ Right _ 3",180.645419035277,-265.830539396582,-2429.06529169887,199.058877218556,-260.621799256973,-2446.71036876722
"OPTOTRAK _ C09 _ Right _ 3",179.115393533939,-265.920534657785,-2429.22149640138,202.61271996638,-260.038379479016,-2449.31230045295
"OPTOTRAK _ C09 _ Right _ 3",177.596866644593,-265.918555428321,-2429.20266425751,206.831821300976,-259.46833649584,-2452.6598573844
"OPTOTRAK _ C09 _ Right _ 3",176.463677974963,-265.814593627675,-2428.99379350689,210.503069096033,-258.993787993528,-2455.55153188576
"OPTOTRAK _ C09 _ Right _ 3",175.967249873653,-265.6191228584,-2428.61700762043,212.559010194773,-258.673952468074,-2456.9487937073
"OPTOTRAK _ C09 _ Right _ 3",176.17597731409,-265.359078745307,-2428.12429383512,212.39300268299,-258.527701650203,-2456.28014654173
"OPTOTRAK _ C09 _ Right _ 3",176.96980881205,-265.070431729241,-2427.58499184943,210.037984266133,-258.527576390257,-2453.60385325705
"OPTOTRAK _ C09 _ Right _ 3",178.08933561002,-264.79003036403,-2427.07263770955,206.152853171593,-258.606868435226,-2449.58301382413
"OPTOTRAK _ C09 _ Right _ 3",179.221360374456,-264.548868303319,-2426.65349020414,201.821385499597,-258.678738475455,-2445.28305429749
"OPTOTRAK _ C09 _ Right _ 3",180.092238002809,-264.367841698458,-2426.37684360794,198.228173126463,-258.663635206221,-2441.8544632047
"OPTOTRAK _ C09 _ Right _ 3",180.540500288301,-264.256212460121,-2426.26715342606,196.312321119878,-258.517785075894,-2440.19596088146
"OPTOTRAK _ C09 _ Right _ 3",180.550316005456,-264.212624428036,-2426.31965230441,196.501291991584,-258.253002788947,-2440.69568111211
"OPTOTRAK _ C09 _ Right _ 3",180.241399805661,-264.228294014149,-2426.50214716086,198.598496342896,-257.939255780321,-2443.1224624179
"OPTOTRAK _ C09 _ Right _ 3",179.822839368434,-264.291534233202,-2426.76422315268,201.852670591109,-257.686961816271,-2446.69663918956
"OPTOTRAK _ C09 _ Right _ 3",179.525426209829,-264.392179852957,-2427.05173469483,205.187711876364,-257.613714172876,-2450.32132583247
"OPTOTRAK _ C09 _ Right _ 3",179.530442387448,-264.524296631964,-2427.32169337978,207.527522538063,-257.806370690202,-2452.91038272437
"OPTOTRAK _ C09 _ Right _ 3",179.913593229117,-264.686174735376,-2427.55245000806,208.120821154809,-258.29114212856,-2453.7180393877
"OPTOTRAK _ C09 _ Right _ 3",180.62003534817,-264.877803125736,-2427.74625559699,206.766816010334,-259.021002241634,-2452.56918452465
"OPTOTRAK _ C09 _ Right _ 3",181.478704844858,-265.097083835168,-2427.92407343641,203.87077562752,-259.883914869901,-2449.91605172049
"OPTOTRAK _ C09 _ Right _ 3",182.252101867892,-265.33641696415,-2428.11447547607,200.313094143603,-260.729839278459,-2446.70164848168
"OPTOTRAK _ C09 _ Right _ 3",182.705708581567,-265.581019223009,-2428.33978543057,197.176793246553,-261.409778292567,-2444.07366740572
"OPTOTRAK _ C09 _ Right _ 3",182.675274300463,-265.809809694563,-2428.60405124115,195.421855912571,-261.816004024172,-2443.03948044282
"OPTOTRAK _ C09 _ Right _ 3",182.113054133677,-265.999061643112,-2428.88821081135,195.604968326553,-261.910689858537,-2444.1662245393
"OPTOTRAK _ C09 _ Right _ 3",181.102577298791,-266.128155781192,-2429.15593034499,197.722137084236,-261.73293071675,-2447.41028323283
"OPTOTRAK _ C09 _ Right _ 3",179.840016004525,-266.185737917756,-2429.36849204514,201.21283930696,-261.381521734583,-2452.12037897301
"OPTOTRAK _ C09 _ Right _ 3",178.586472229688,-266.173934094932,-2429.50166407157,205.121015045935,-260.979928743361,-2457.21153782102
"OPTOTRAK _ C09 _ Right _ 3",177.601178356325,-266.108701565957,-2429.55598363061,208.368229182476,-260.636552131755,-2461.46258244363
"OPTOTRAK _ C09 _ Right _ 3",177.07156257295,-266.015960391816,-2429.55577886471,210.064070786582,-260.414290147544,-2463.85556435283
"OPTOTRAK _ C09 _ Right _ 3",177.059667958275,-265.924991642678,-2429.53860849999,209.765983604133,-260.317984130706,-2463.86086700481
"OPTOTRAK _ C09 _ Right _ 3",177.48195266847,-265.861558118317,-2429.54111446137,207.611394324664,-260.300164944968,-2461.58370066379
"OPTOTRAK _ C09 _ Right _ 3",178.130361510685,-265.842844814236,-2429.58738277591,204.279329948158,-260.279962858484,-2457.72619395905
"OPTOTRAK _ C09 _ Right _ 3",178.729725331007,-265.875124574609,-2429.68299283397,200.788773973997,-260.169213542611,-2453.3745196189
"OPTOTRAK _ C09 _ Right _ 3",179.014811405857,-265.953900807199,-2429.81470481476,198.19198672854,-259.900878179002,-2449.67504662998
"OPTOTRAK _ C09 _ Right _ 3",178.804121132129,-266.065716429942,-2429.95406910582,197.255412840845,-259.454310914652,-2447.49830379141
"OPTOTRAK _ C09 _ Right _ 3",178.049023023284,-266.190856790546,-2430.06327173693,198.225738625918,-258.870075568716,-2447.19217584235
"OPTOTRAK _ C09 _ Right _ 3",176.844990104337,-266.306493921264,-2430.10219847472,200.752342524834,-258.247548360646,-2448.49618890019
"OPTOTRAK _ C09 _ Right _ 3",175.403072034716,-266.39010352198,-2430.03603277328,203.989292868936,-257.723398059235,-2450.63822226071
"OPTOTRAK _ C09 _ Right _ 3",173.990609251758,-266.423113548772,-2429.84266334332,206.84558424,-257.436076594723,-2452.58016440164
"OPTOTRAK _ C09 _ Right _ 3",172.858243398134,-266.394701447921,-2429.51922436571,208.307554762863,-257.48665226284,-2453.33626715137
"OPTOTRAK _ C09 _ Right _ 3",172.173914587157,-266.305379059569,-2429.08715470458,207.736064708074,-257.907282643889,-2452.26937060087
"OPTOTRAK _ C09 _ Right _ 3",171.982333951393,-266.169494176359,-2428.59469673112,205.0505607149,-258.645979149925,-2449.28043038409
"OPTOTRAK _ C09 _ Right _ 3",172.200172472998,-266.015355812886,-2428.11481754751,200.749873620644,-259.572123116557,-2444.84148774575
"OPTOTRAK _ C09 _ Right _ 3",172.645451426896,-265.881841214802,-2427.73618662196,195.772019146697,-260.502537679188,-2439.86963408927
"OPTOTRAK _ C09 _ Right _ 3",173.089338495884,-265.811259491719,-2427.54631709219,191.242943174621,-261.242752627196,-2435.48440044559
"OPTOTRAK _ C09 _ Right _ 3",173.314388599727,-265.83964511097,-2427.60954533213,188.190208665664,-261.633270000907,-2432.71940499039
"OPTOTRAK _ C09 _ Right _ 3",173.165973507591,-265.98696048286,-2427.9467363254,187.296301069974,-261.588401642512,-2432.26395320136
"OPTOTRAK _ C09 _ Right _ 3",172.589233597727,-266.250283194158,-2428.52551424394,188.745121472324,-261.117022356694,-2434.29479338891
"OPTOTRAK _ C09 _ Right _ 3",171.647317960302,-266.602506353943,-2429.26694343738,192.187903783361,-260.31952080915,-2438.43239086449
"OPTOTRAK _ C09 _ Right _ 3",170.516772522995,-266.997393753142,-2430.06743661671,196.830234649603,-259.361608076035,-2443.82862734239
"OPTOTRAK _ C09 _ Right _ 3",169.456182969988,-267.379605216559,-2430.82716092566,201.6209079009,-258.432135178955,-2449.36682857823
"OPTOTRAK _ C09 _ Right _ 3",168.74881061548,-267.696597729492,-2431.4731845402,205.503706965481,-257.697032703019,-2453.93081741707
"OPTOTRAK _ C09 _ Right _ 3",168.629393078311,-267.909011801956,-2431.96923545436,207.676070773226,-257.262584718774,-2456.68017202735
"OPTOTRAK _ C09 _ Right _ 3",169.214934595823,-267.997244687635,-2432.31173734617,207.790172275711,-257.157333108458,-2457.26080135861
"OPTOTRAK _ C09 _ Right _ 3",170.462679853453,-267.963451576638,-2432.51828255588,206.039403585183,-257.334935479541,-2455.89020261111
"OPTOTRAK _ C09 _ Right _ 3",172.171961046685,-267.829292322505,-2432.61596572006,203.099449945641,-257.694191129711,-2453.28700345119
"OPTOTRAK _ C09 _ Right _ 3",174.032172492374,-267.630212110041,-2432.63354804867,199.933467595445,-258.109565501552,-2450.45820314887
"OPTOTRAK _ C09 _ Right _ 3",175.702992569489,-267.407304548582,-2432.59691602048,197.513342532906,-258.46496230412,-2448.40165678241
"OPTOTRAK _ C09 _ Right _ 3",176.902123367537,-267.198189241727,-2432.52520102565,196.537930897676,-258.683245702136,-2447.81043582923
"OPTOTRAK _ C09 _ Right _ 3",177.474394851773,-267.028834898294,-2432.42625417887,197.232635386843,-258.744162393455,-2448.86850922742
"OPTOTRAK _ C09 _ Right _ 3",177.423497812843,-266.908518614929,-2432.29322846327,199.290822796316,-258.685637396466,-2451.20144736012
"OPTOTRAK _ C09 _ Right _ 3",176.899718458576,-266.829633110282,-2432.10584565899,201.97481009251,-258.588420236118,-2453.99923376291
"OPTOTRAK _ C09 _ Right _ 3",176.149438208022,-266.772657428646,-2431.83869361011,204.346007901144,-258.5495574656,-2456.27532483717
"OPTOTRAK _ C09 _ Right _ 3",175.442209887578,-266.714763732321,-2431.47533977653,205.554340656442,-258.653172508306,-2457.18324762802
"OPTOTRAK _ C09 _ Right _ 3",174.997220598736,-266.639097412504,-2431.02346947851,205.098088906147,-258.946454028935,-2456.29268217128
"OPTOTRAK _ C09 _ Right _ 3",174.930893307478,-266.541398172975,-2430.52454675078,202.973643204251,-259.426067611878,-2453.73763338482
"OPTOTRAK _ C09 _ Right _ 3",175.239998316687,-266.431499688057,-2430.05229720221,199.669082780883,-260.037568155361,-2450.18757164675
"OPTOTRAK _ C09 _ Right _ 3",175.821694385303,-266.329092889212,-2429.69750186574,196.005763190175,-260.688265406155,-2446.64755166513
"OPTOTRAK _ C09 _ Right _ 3",176.518778167184,-266.25535670939,-2429.54163917102,192.881221440614,-261.271201286338,-2444.14832339822
"OPTOTRAK _ C09 _ Right _ 3",177.171458449835,-266.223806117073,-2429.62747973557,190.996695839966,-261.694147482468,-2443.42342924457
"OPTOTRAK _ C09 _ Right _ 3",177.658948921262,-266.234165297545,-2429.93824031801,190.653140282639,-261.904798618836,-2444.67428612404
"OPTOTRAK _ C09 _ Right _ 3",177.921937628409,-266.271874878638,-2430.39545969075,191.673910555899,-261.903873525021,-2447.49630827435
"OPTOTRAK _ C09 _ Right _ 3",177.964639090352,-266.313399860485,-2430.87870011947,193.472756842895,-261.741791501232,-2450.99068511665
"OPTOTRAK _ C09 _ Right _ 3",177.839555278467,-266.334940242995,-2431.26063775897,195.244662097271,-261.500213856209,-2454.03207482167
"OPTOTRAK _ C09 _ Right _ 3",177.620492309776,-266.320720733395,-2431.44431959152,196.222697118188,-261.264810826096,-2455.6152428132
"OPTOTRAK _ C09 _ Right _ 3",177.371797921686,-266.26744616989,-2431.38892553585,195.923702888509,-261.098274488054,-2455.17609044698
"OPTOTRAK _ C09 _ Right _ 3",177.123520606025,-266.183469421305,-2431.11587716773,194.30678004758,-261.022104665965,-2452.78554328182
"OPTOTRAK _ C09 _ Right _ 3",176.860788576061,-266.083586279925,-2430.6949725543,191.794349911547,-261.012709198527,-2449.15153850657
"OPTOTRAK _ C09 _ Right _ 3",176.530536859315,-265.981903977073,-2430.21660480485,189.149241420016,-261.012931984149,-2445.42474513605
"OPTOTRAK _ C09 _ Right _ 3",176.062517502929,-265.885488774889,-2429.75961437208,187.246965282784,-260.954989271522,-2442.86609614274
"OPTOTRAK _ C09 _ Right _ 3",175.397845367928,-265.790940093318,-2429.36544384729,186.812825473987,-260.786339891058,-2442.47558073144
"OPTOTRAK _ C09 _ Right _ 3",174.517803708531,-265.685152208621,-2429.0279032705,188.199885366708,-260.488582996301,-2444.68951742952
"OPTOTRAK _ C09 _ Right _ 3",173.465863836904,-265.550261188856,-2428.70274492756,191.268660181874,-260.082434060679,-2449.23041279805
"OPTOTRAK _ C09 _ Right _ 3",172.355219709287,-265.371115242693,-2428.33283388335,195.40113879858,-259.617969193555,-2455.15097820999
"OPTOTRAK _ C09 _ Right _ 3",171.354626238756,-265.142289687501,-2427.87718927461,199.647628484467,-259.155631418247,-2461.06340562597
"OPTOTRAK _ C09 _ Right _ 3",170.650529941932,-264.871745420841,-2427.330774075,202.970704616461,-258.746773126592,-2465.49640196473
"OPTOTRAK _ C09 _ Right _ 3",170.39345575046,-264.579853715858,-2426.72774792569,204.523459321508,-258.420937444218,-2467.28658463319
"OPTOTRAK _ C09 _ Right _ 3",170.646138550173,-264.294578530715,-2426.12960736066,203.887360716035,-258.181838336054,-2465.89849081386
"OPTOTRAK _ C09 _ Right _ 3",171.353455104931,-264.044799122283,-2425.60542604529,201.203155705184,-258.009265135562,-2461.58431432273
"OPTOTRAK _ C09 _ Right _ 3",172.347409101795,-263.853696946792,-2425.21188077125,197.155382173968,-257.863680331984,-2455.33732362756
"OPTOTRAK _ C09 _ Right _ 3",173.387372769811,-263.733462130753,-2424.97780907002,192.810658216843,-257.693464653919,-2448.64985489674
"OPTOTRAK _ C09 _ Right _ 3",174.222640929733,-263.682104353593,-2424.89513972864,189.350861924707,-257.446974814463,-2443.14052551592
"OPTOTRAK _ C09 _ Right _ 3",174.656865884267,-263.683083635787,-2424.91706428368,187.771589031372,-257.08933510723,-2440.14918044252
"OPTOTRAK _ C09 _ Right _ 3",174.594834542311,-263.708355514032,-2424.96453820275,188.624555026064,-256.618859256284,-2440.40298416154
"OPTOTRAK _ C09 _ Right _ 3",174.059791367056,-263.7247303695,-2424.94148423433,191.868850251466,-256.075204753152,-2443.83462963508
"OPTOTRAK _ C09 _ Right _ 3",173.179587245415,-263.702212077835,-2424.75629114579,196.866602323811,-255.533916017474,-2449.59322013826
"OPTOTRAK _ C09 _ Right _ 3",172.148173452646,-263.62188639406,-2424.34377270156,202.522981489409,-255.088389153887,-2456.24177209374
"OPTOTRAK _ C09 _ Right _ 3",171.17388181139,-263.480768905722,-2423.68057556379,207.537156420162,-254.826022873715,-2462.0931204345
"OPTOTRAK _ C09 _ Right _ 3",170.427972012416,-263.292030280864,-2422.78956349707,210.706273395593,-254.806682611613,-2465.60624941413
"OPTOTRAK _ C09 _ Right _ 3",170.006409071758,-263.080685123134,-2421.73341063875,211.21270508382,-255.048322524739,-2465.75220310207
"OPTOTRAK _ C09 _ Right _ 3",169.914515228936,-262.876348930253,-2420.60150079585,208.827024003258,-255.519979925587,-2462.26405428298
"OPTOTRAK _ C09 _ Right _ 3",170.078084762719,-262.705468962057,-2419.49534127891,203.975556745494,-256.140650903725,-2455.70889144958
"OPTOTRAK _ C09 _ Right _ 3",170.376759375106,-262.585375346493,-2418.51612137749,197.651533297362,-256.785157612364,-2447.36027633921
"OPTOTRAK _ C09 _ Right _ 3",170.688114232484,-262.521723852539,-2417.75517615522,191.188560512455,-257.301434704802,-2438.90074483595
"OPTOTRAK _ C09 _ Right _ 3",170.92716135787,-262.509704012012,-2417.28590673082,185.953023252038,-257.54205114333,-2432.0305282839
"OPTOTRAK _ C09 _ Right _ 3",171.06839782232,-262.5381443044,-2417.15570622323,183.033171589468,-257.40503648789,-2428.08238407668
"OPTOTRAK _ C09 _ Right _ 3",171.145520538742,-262.594754221319,-2417.37846012733,182.999078198785,-256.870792185411,-2427.73441301873
"OPTOTRAK _ C09 _ Right _ 3",171.23309626435,-262.670505240297,-2417.93013992542,185.784296012147,-256.019855911683,-2430.8803206294
"OPTOTRAK _ C09 _ Right _ 3",171.41963291317,-262.761676688033,-2418.74995229955,190.70925777514,-255.022233368865,-2436.67574530813
"OPTOTRAK _ C09 _ Right _ 3",171.780839942295,-262.869190883439,-2419.74770861432,196.637591324568,-254.099445409852,-2443.7422519747
"OPTOTRAK _ C09 _ Right _ 3",172.357937950187,-262.996031550371,-2420.81627044755,202.2321585913,-253.470316508289,-2450.48163894253
"OPTOTRAK _ C09 _ Right _ 3",173.142676393107,-263.144180058888,-2421.84702012093,206.257711102174,-253.296668719049,-2455.4330841627
"OPTOTRAK _ C09 _ Right _ 3",174.070233994899,-263.312338506551,-2422.74586384184,207.863880284364,-253.643677368554,-2457.59612998986
"OPTOTRAK _ C09 _ Right _ 3",175.022411339997,-263.494998103609,-2423.44686384931,206.781134141378,-254.463409014057,-2456.64676075329
"OPTOTRAK _ C09 _ Right _ 3",175.843910531669,-263.682691049485,-2423.92052010794,203.378334128286,-255.603159935478,-2452.99447060973
"OPTOTRAK _ C09 _ Right _ 3",176.371981413516,-263.862904224011,-2424.17441256221,198.563599526662,-256.835759097948,-2447.66446805402
"OPTOTRAK _ C09 _ Right _ 3",176.474455603837,-264.02117118129,-2424.24543406455,193.55250038751,-257.906512374707,-2442.03390240412
"OPTOTRAK _ C09 _ Right _ 3",176.086119106334,-264.142138827647,-2424.18515574419,189.564928648008,-258.588497992691,-2437.49046864106
"OPTOTRAK _ C09 _ Right _ 3",175.232373406185,-264.210755585905,-2424.04276904806,187.530242422204,-258.734185449001,-2435.10133029412
"OPTOTRAK _ C09 _ Right _ 3",174.033335283487,-264.213978996793,-2423.85227668255,187.873936176883,-258.309786573299,-2435.37364342053
"OPTOTRAK _ C09 _ Right _ 3",172.687743337771,-264.143320708848,-2423.62980255157,190.433968873231,-257.402074212767,-2438.16037199427
"OPTOTRAK _ C09 _ Right _ 3",171.440160811844,-263.997983704262,-2423.38190542882,194.521620274028,-256.195137020161,-2442.72745048946
"OPTOTRAK _ C09 _ Right _ 3",170.536502703407,-263.787555216205,-2423.11915486471,199.1079247571,-254.923743184012,-2447.95961162864
"OPTOTRAK _ C09 _ Right _ 3",170.174701525926,-263.532858349021,-2422.86603286386,203.086784214493,-253.81712216306,-2452.64882683698
"OPTOTRAK _ C09 _ Right _ 3",170.46080337775,-263.264107514321,-2422.66130988806,205.546007250446,-253.049033675039,-2455.78897847985
"OPTOTRAK _ C09 _ Right _ 3",171.383270783697,-263.016674072323,-2422.54987573756,205.975949930598,-252.706176989265,-2456.80115941041
"OPTOTRAK _ C09 _ Right _ 3",172.815629847243,-262.825728701416,-2422.57205622681,204.36563606018,-252.779847332088,-2455.63786065085
"OPTOTRAK _ C09 _ Right _ 3",174.548892548012,-262.721207420877,-2422.75640203783,201.171565505882,-253.179172309985,-2452.75268714355
"OPTOTRAK _ C09 _ Right _ 3",176.344126606841,-262.724038302801,-2423.11800785482,197.180782582152,-253.760208930869,-2448.9596573104
"OPTOTRAK _ C09 _ Right _ 3",177.987943939618,-262.843857863616,-2423.66023307487,193.314053692066,-254.363172876721,-2445.22952720067
"OPTOTRAK _ C09 _ Right _ 3",179.333557460973,-263.077965355769,-2424.37598374667,190.421658786644,-254.84932026373,-2442.47596910958
"OPTOTRAK _ C09 _ Right _ 3",180.317204792357,-263.411165507392,-2425.24586583475,189.11584726298,-255.129612345264,-2441.37587109331
"OPTOTRAK _ C09 _ Right _ 3",180.950042685726,-263.816371937087,-2426.23320129618,189.667075432672,-255.179575550348,-2442.25203482547
"OPTOTRAK _ C09 _ Right _ 3",181.293855309632,-264.256199571867,-2427.27843299113,191.97258657077,-255.038401626398,-2445.02878201962
"OPTOTRAK _ C09 _ Right _ 3",181.431933068916,-264.686022662232,-2428.29674225296,195.591054078884,-254.794306399986,-2449.25620412898
"OPTOTRAK _ C09 _ Right _ 3",181.444429376198,-265.058882459913,-2429.1823950812,199.828873800809,-254.561211038807,-2454.19059254124
"OPTOTRAK _ C09 _ Right _ 3",181.392830635657,-265.332091664942,-2429.82152242882,203.861956837846,-254.453004150158,-2458.91727789328
"OPTOTRAK _ C09 _ Right _ 3",181.313640666756,-265.474555343082,-2430.11221197247,206.878043935762,-254.560878556162,-2462.50369437614
"OPTOTRAK _ C09 _ Right _ 3",181.218685285875,-265.473109540838,-2429.98783252256,208.224191418739,-254.937181181367,-2464.16912203521
"OPTOTRAK _ C09 _ Right _ 3",181.098918572244,-265.336009994172,-2429.43752473161,207.539971506044,-255.586882580175,-2463.44997366297
"OPTOTRAK _ C09 _ Right _ 3",180.929614148312,-265.092306112518,-2428.51764227393,204.851083385486,-256.466141423229,-2460.32812921905
"OPTOTRAK _ C09 _ Right _ 3",180.676260112009,-264.787034534915,-2427.34977633548,200.596063752898,-257.487186248918,-2455.28280817108
"OPTOTRAK _ C09 _ Right _ 3",180.301321100962,-264.473399865091,-2426.10411685977,195.566634508435,-258.529741855343,-2449.23377602348
"OPTOTRAK _ C09 _ Right _ 3",179.771903579276,-264.203771977334,-2424.97028739946,190.761870707033,-259.459992428806,-2443.36989166771
"OPTOTRAK _ C09 _ Right _ 3",179.067847100329,-264.021285962562,-2424.12107643489,187.182358450911,-260.156428451948,-2438.89473316928
"OPTOTRAK _ C09 _ Right _ 3",178.18978440365,-263.953487394854,-2423.67764487396,185.611532346084,-260.537581450061,-2436.75261594521
"OPTOTRAK _ C09 _ Right _ 3",177.167097841844,-264.009162163273,-2423.68654592657,186.437684699944,-260.582659105633,-2437.40791176085
"OPTOTRAK _ C09 _ Right _ 3",176.064938504651,-264.179033407137,-2424.11671608239,189.560594855882,-260.336290091505,-2440.73578800123
"OPTOTRAK _ C09 _ Right _ 3",174.986818686398,-264.4400572911,-2424.87750085589,194.407389893795,-259.893870902013,-2446.05272100779
"OPTOTRAK _ C09 _ Right _ 3",174.066803206405,-264.761813975759,-2425.84977755444,200.058657481369,-259.37193476073,-2452.28073943725
"OPTOTRAK _ C09 _ Right _ 3",173.446706406543,-265.112761736635,-2426.91691115842,205.459847755002,-258.874698568144,-2458.2061215231
"OPTOTRAK _ C09 _ Right _ 3",173.240500887639,-265.464547294504,-2427.98433276371,209.667532299491,-258.469751646873,-2462.76639079882
"OPTOTRAK _ C09 _ Right _ 3",173.497201760017,-265.793927813969,-2428.98445670852,212.06367166565,-258.180941806583,-2465.2874897554
"OPTOTRAK _ C09 _ Right _ 3",174.178408151105,-266.083166821656,-2429.87180153544,212.474963329737,-257.997406438238,-2465.60472849163
"OPTOTRAK _ C09 _ Right _ 3",175.1626125703,-266.320121947093,-2430.61634877174,211.163698221758,-257.890447060934,-2464.03786494263
