"fileName","thumb_y","thumb_x","thumb_z","finger_y","finger_x","finger_z"
"OPTOTRAK _ C14 _ Right _ 3",184.945364219648,-221.093361001467,-2357.78755368437,189.972024991434,-209.143826113453,-2364.71125703174
"OPTOTRAK _ C14 _ Right _ 3",184.905078471279,-221.088184863683,-2357.76552106116,189.929286095192,-209.140234162969,-2364.70573900059
"OPTOTRAK _ C14 _ Right _ 3",184.8515717034,-221.083701078868,-2357.73361152196,189.873596769689,-209.138730898608,-2364.69418388688
"OPTOTRAK _ C14 _ Right _ 3",184.787589728963,-221.080995160017,-2357.69436497546,189.807827391323,-209.140590144775,-2364.67830179715
"OPTOTRAK _ C14 _ Right _ 3",184.717337754611,-221.081094960979,-2357.65230802997,189.736164522775,-209.146738883545,-2364.66148425293
"OPTOTRAK _ C14 _ Right _ 3",184.645482354007,-221.084778909589,-2357.61308649559,189.663155560395,-209.157471008391,-2364.64803234535
"OPTOTRAK _ C14 _ Right _ 3",184.575975340443,-221.092408591455,-2357.58211555628,189.592638211071,-209.172269613625,-2364.64190566833
"OPTOTRAK _ C14 _ Right _ 3",184.511089077958,-221.103810374353,-2357.56313960071,189.526902454726,-209.189796209248,-2364.64541417089
"OPTOTRAK _ C14 _ Right _ 3",184.451013121143,-221.118236822287,-2357.55718297532,189.466376994341,-209.208072487053,-2364.6583433805
"OPTOTRAK _ C14 _ Right _ 3",184.394183340789,-221.134445233883,-2357.56227994539,189.409957487463,-209.224844206595,-2364.677868694
"OPTOTRAK _ C14 _ Right _ 3",184.338261301208,-221.150913279633,-2357.57411770378,189.35586809772,-209.238069641437,-2364.69934087177
"OPTOTRAK _ C14 _ Right _ 3",184.281445956214,-221.166159404282,-2357.5873908118,189.302759731093,-209.246418852522,-2364.71770868605
"OPTOTRAK _ C14 _ Right _ 3",184.223664377157,-221.179071910032,-2357.59738276957,189.250663956015,-209.249631776107,-2364.72909296365
"OPTOTRAK _ C14 _ Right _ 3",184.167201704328,-221.189122346803,-2357.60120689888,189.201466134059,-209.248596532125,-2364.73194688075
"OPTOTRAK _ C14 _ Right _ 3",184.116493825239,-221.196378569514,-2357.5983140449,189.158713183818,-209.245088274341,-2364.72738927046
"OPTOTRAK _ C14 _ Right _ 3",184.077070872458,-221.201327132918,-2357.59021158107,189.126773183804,-209.241233172895,-2364.71862966486
"OPTOTRAK _ C14 _ Right _ 3",184.053923264333,-221.204607487359,-2357.57964217711,189.109555209797,-209.238879005229,-2364.70975971027
"OPTOTRAK _ C14 _ Right _ 3",184.049775087025,-221.206793591765,-2357.56959822129,189.109138304993,-209.239101662573,-2364.70439665823
"OPTOTRAK _ C14 _ Right _ 3",184.063819353065,-221.208315781141,-2357.56249612483,189.124719172009,-209.242024895527,-2364.70465507891
"OPTOTRAK _ C14 _ Right _ 3",184.091361609531,-221.209529594695,-2357.55969690177,189.15224008547,-209.24700083779,-2364.7107381269
"OPTOTRAK _ C14 _ Right _ 3",184.124554397104,-221.210860280383,-2357.56142122979,189.184891555495,-209.253050446714,-2364.72118747261
"OPTOTRAK _ C14 _ Right _ 3",184.154066099269,-221.212917740885,-2357.5670007278,189.214432383347,-209.259360319603,-2364.73361156429
"OPTOTRAK _ C14 _ Right _ 3",184.171229790512,-221.21649323174,-2357.57533051239,189.233008529151,-209.265619380171,-2364.74558666634
"OPTOTRAK _ C14 _ Right _ 3",184.170066281357,-221.222401877312,-2357.58533874404,189.234973673898,-209.272060742891,-2364.75541086895
"OPTOTRAK _ C14 _ Right _ 3",184.148621148859,-221.23120379336,-2357.59628460082,189.218193298451,-209.279210922271,-2364.76247089178
"OPTOTRAK _ C14 _ Right _ 3",184.109275274901,-221.242899150771,-2357.60776575607,189.184469169919,-209.287476134978,-2364.76712750069
"OPTOTRAK _ C14 _ Right _ 3",184.057999950132,-221.256723778656,-2357.61945337893,189.138994280538,-209.296759993716,-2364.77020242507
"OPTOTRAK _ C14 _ Right _ 3",184.002823005517,-221.271153575468,-2357.63070984885,189.089031759263,-209.30628850386,-2364.77230256253
"OPTOTRAK _ C14 _ Right _ 3",183.951959402386,-221.284160359434,-2357.64030435904,189.042207309564,-209.314731071311,-2364.77328513707
"OPTOTRAK _ C14 _ Right _ 3",183.9120952667,-221.293672320336,-2357.64640197368,189.004868436818,-209.32058564671,-2364.77211483028
"OPTOTRAK _ C14 _ Right _ 3",183.887211424886,-221.298113315678,-2357.64689430676,188.980900252226,-209.322688298608,-2364.7672017505
"OPTOTRAK _ C14 _ Right _ 3",183.878141377009,-221.296859167516,-2357.64000791819,188.971228854275,-209.320657170591,-2364.75710125528
"OPTOTRAK _ C14 _ Right _ 3",183.882846482578,-221.290470667172,-2357.62500542405,188.974040144054,-209.315108531324,-2364.74129386017
"OPTOTRAK _ C14 _ Right _ 3",183.897224298015,-221.280631094461,-2357.60272260492,188.985558788209,-209.307571235196,-2364.7207161897
"OPTOTRAK _ C14 _ Right _ 3",183.916186204157,-221.269803044635,-2357.57570220486,189.001119808945,-209.30013548004,-2364.69780556657
"OPTOTRAK _ C14 _ Right _ 3",183.934746896362,-221.260697747553,-2357.54780530789,189.016239765678,-209.294962025831,-2364.67601788127
"OPTOTRAK _ C14 _ Right _ 3",183.948926053459,-221.255699702528,-2357.52336900073,189.027445247976,-209.293816537315,-2364.6589898652
"OPTOTRAK _ C14 _ Right _ 3",183.956333121137,-221.256395995302,-2357.50615868698,189.032721498287,-209.297764190526,-2364.64963966095
"OPTOTRAK _ C14 _ Right _ 3",183.956373099474,-221.263318072995,-2357.49845186836,189.031570177124,-209.307076299992,-2364.64948847226
"OPTOTRAK _ C14 _ Right _ 3",183.950077802618,-221.275928477931,-2357.50054013456,189.024769592434,-209.321307290675,-2364.65837113944
"OPTOTRAK _ C14 _ Right _ 3",183.939636224703,-221.292809466761,-2357.51076885074,189.01397714181,-209.339447602826,-2364.67455401124
"OPTOTRAK _ C14 _ Right _ 3",183.927758273534,-221.311968096927,-2357.52603684856,189.001296451559,-209.360072037051,-2364.69516440279
"OPTOTRAK _ C14 _ Right _ 3",183.917035182867,-221.331176812925,-2357.54255464432,188.988881886301,-209.381464745607,-2364.71679399444
"OPTOTRAK _ C14 _ Right _ 3",183.909440673808,-221.348305145163,-2357.55665471026,188.978613579963,-209.401760584385,-2364.73615265814
"OPTOTRAK _ C14 _ Right _ 3",183.906059507641,-221.361630906905,-2357.56551429232,188.971865246694,-209.419154430887,-2364.75067590937
"OPTOTRAK _ C14 _ Right _ 3",183.907063556288,-221.370118725556,-2357.56770696993,188.969388985848,-209.432190433527,-2364.75900582243
"OPTOTRAK _ C14 _ Right _ 3",183.911898007122,-221.373626154502,-2357.56351277897,188.971329466455,-209.440082204998,-2364.76127949433
"OPTOTRAK _ C14 _ Right _ 3",183.919592233247,-221.372977914884,-2357.55492220095,188.977344774523,-209.44297051062,-2364.75917966378
"OPTOTRAK _ C14 _ Right _ 3",183.929074406694,-221.369863085326,-2357.54530351544,188.98676681919,-209.442019703413,-2364.75572569954
"OPTOTRAK _ C14 _ Right _ 3",183.939361705977,-221.366553865183,-2357.53876681088,188.998707391992,-209.439289435653,-2364.7548081044
"OPTOTRAK _ C14 _ Right _ 3",183.949535993476,-221.365494401279,-2357.53933129252,189.012032557108,-209.437378992076,-2364.76050302979
"OPTOTRAK _ C14 _ Right _ 3",183.958501094433,-221.368843724497,-2357.55006514637,189.025194730146,-209.438908182527,-2364.77625549201
"OPTOTRAK _ C14 _ Right _ 3",183.964630102958,-221.378071470854,-2357.57240255136,189.036005373343,-209.445954809563,-2364.80408964086
"OPTOTRAK _ C14 _ Right _ 3",183.965502808815,-221.393699979623,-2357.60583432434,189.041509103526,-209.459597904236,-2364.84405972019
"OPTOTRAK _ C14 _ Right _ 3",183.957951648844,-221.415259087916,-2357.6480952937,189.038137158932,-209.47970146433,-2364.89414274056
"OPTOTRAK _ C14 _ Right _ 3",183.938548749808,-221.441466714927,-2357.69582121961,189.022243614061,-209.505010641841,-2364.95066283324
"OPTOTRAK _ C14 _ Right _ 3",183.904492555989,-221.470580276052,-2357.74546509096,188.990972825157,-209.533536673168,-2365.00915719599
"OPTOTRAK _ C14 _ Right _ 3",183.85466056422,-221.500808929395,-2357.79414905854,188.943239048353,-209.56310917365,-2365.06542609098
"OPTOTRAK _ C14 _ Right _ 3",183.790479749579,-221.530659148156,-2357.84016255117,188.88050544239,-209.591912309278,-2365.11643971005
"OPTOTRAK _ C14 _ Right _ 3",183.716288084152,-221.559112831589,-2357.88297963893,188.807076922246,-209.618825842707,-2365.1608325968
"OPTOTRAK _ C14 _ Right _ 3",183.639007728423,-221.585599194518,-2357.92286252301,188.729755524377,-209.643468669777,-2365.19886041607
"OPTOTRAK _ C14 _ Right _ 3",183.567158654726,-221.609799447815,-2357.96025100943,188.656890560941,-209.665963151863,-2365.23186235047
"OPTOTRAK _ C14 _ Right _ 3",183.50943483186,-221.631389471734,-2357.99517823458,188.597022608965,-209.686552659683,-2365.261427888
"OPTOTRAK _ C14 _ Right _ 3",183.47318614562,-221.64985148264,-2358.02691765979,188.557427214672,-209.705259341227,-2365.28857341481
"OPTOTRAK _ C14 _ Right _ 3",183.463169455354,-221.66445400746,-2358.05397938508,188.542894621258,-209.721734920149,-2365.31323486182
"OPTOTRAK _ C14 _ Right _ 3",183.480850271396,-221.674420181587,-2358.07445370177,188.555026445028,-209.735352448876,-2365.3342501082
"OPTOTRAK _ C14 _ Right _ 3",183.524377771542,-221.679214610221,-2358.0865757838,188.592189873497,-209.745470608285,-2365.34979476952
"OPTOTRAK _ C14 _ Right _ 3",183.589174749979,-221.678820853054,-2358.08930207431,188.650085065074,-209.751733066541,-2365.35805595343
"OPTOTRAK _ C14 _ Right _ 3",183.668947651175,-221.673878559652,-2358.08268618053,188.72272919655,-209.754265944527,-2365.35786351677
"OPTOTRAK _ C14 _ Right _ 3",183.756868556967,-221.665602303504,-2358.06792764273,188.803599823824,-209.753693334415,-2365.34905940147
"OPTOTRAK _ C14 _ Right _ 3",183.846696009102,-221.6554956742,-2358.04710228164,188.886705583968,-209.750973518218,-2365.33252083802
"OPTOTRAK _ C14 _ Right _ 3",183.933642965619,-221.644967062167,-2358.02269807324,188.967413582634,-209.747130299574,-2365.30988523077
"OPTOTRAK _ C14 _ Right _ 3",184.014848485389,-221.634999407292,-2357.99711866086,189.042920127001,-209.742984912801,-2365.28310126437
"OPTOTRAK _ C14 _ Right _ 3",184.089381056499,-221.625995926372,-2357.97227825153,189.112302649441,-209.738980246012,-2365.25395346415
"OPTOTRAK _ C14 _ Right _ 3",184.15781115846,-221.617834936595,-2357.94934891744,189.176158214634,-209.735148599045,-2365.22370038029
"OPTOTRAK _ C14 _ Right _ 3",184.221514589039,-221.610072882971,-2357.92867913852,189.23593301198,-209.731222695723,-2365.19292915961
"OPTOTRAK _ C14 _ Right _ 3",184.281948703603,-221.602186127046,-2357.90988153382,189.293152396173,-209.72683806124,-2365.16165206676
"OPTOTRAK _ C14 _ Right _ 3",184.340133760023,-221.593754977676,-2357.89206895079,189.348807744112,-209.721742207365,-2365.12958155087
"OPTOTRAK _ C14 _ Right _ 3",184.396471025421,-221.584545419806,-2357.87419243687,189.40309577879,-209.715928865732,-2365.09646582454
"OPTOTRAK _ C14 _ Right _ 3",184.45088353338,-221.574497376456,-2357.85540457041,189.455555404089,-209.709650478393,-2365.06236159318
"OPTOTRAK _ C14 _ Right _ 3",184.503136446075,-221.563659966907,-2357.83535066251,189.505477106954,-209.703313386343,-2365.02775596289
"OPTOTRAK _ C14 _ Right _ 3",184.553135092984,-221.5521221093,-2357.81430019813,189.552349153796,-209.697309544246,-2364.99351576515
"OPTOTRAK _ C14 _ Right _ 3",184.601036751644,-221.539975007547,-2357.79307824118,189.596107929107,-209.69186405066,-2364.96071079887
"OPTOTRAK _ C14 _ Right _ 3",184.647130634934,-221.527315103226,-2357.77281922905,189.637082246028,-209.686961728952,-2364.93038359989
"OPTOTRAK _ C14 _ Right _ 3",184.691577775688,-221.514264161939,-2357.75461509467,189.675700042916,-209.682366735107,-2364.90331685781
"OPTOTRAK _ C14 _ Right _ 3",184.734181930876,-221.500969339519,-2357.73915758356,189.712154234658,-209.677702949422,-2364.87982975729
"OPTOTRAK _ C14 _ Right _ 3",184.774339559185,-221.487564880587,-2357.72648598324,189.746226440978,-209.672552450755,-2364.85965328071
"OPTOTRAK _ C14 _ Right _ 3",184.811208906631,-221.474117469164,-2357.71593989021,189.777354592132,-209.666551461276,-2364.84195992069
"OPTOTRAK _ C14 _ Right _ 3",184.844014866361,-221.460605800657,-2357.70636330816,189.804888080782,-209.659484984656,-2364.82559325049
"OPTOTRAK _ C14 _ Right _ 3",184.872339435061,-221.446973817082,-2357.69651111862,189.828387024339,-209.651379124003,-2364.80944966984
"OPTOTRAK _ C14 _ Right _ 3",184.896260942401,-221.433250706525,-2357.68551316464,189.847815583094,-209.642571510673,-2364.7928740508
"OPTOTRAK _ C14 _ Right _ 3",184.916272011069,-221.419681201573,-2357.67321257914,189.863529174228,-209.633726151178,-2364.77591160044
"OPTOTRAK _ C14 _ Right _ 3",184.932987570525,-221.406788132041,-2357.66023785704,189.876033597123,-209.625758742449,-2364.75931593277
"OPTOTRAK _ C14 _ Right _ 3",184.946724622362,-221.395308537612,-2357.64776952788,189.885580434425,-209.619654674613,-2364.74430479144
"OPTOTRAK _ C14 _ Right _ 3",184.957080512216,-221.385998682902,-2357.63707736903,189.891732786712,-209.616198900595,-2364.73213759973
"OPTOTRAK _ C14 _ Right _ 3",184.962650312209,-221.379368156865,-2357.62898924424,189.893063779539,-209.615688136469,-2364.72364405951
"OPTOTRAK _ C14 _ Right _ 3",184.961007014642,-221.375447116473,-2357.62348033791,189.887128487292,-209.617734996343,-2364.71885792967
"OPTOTRAK _ C14 _ Right _ 3",184.949017434657,-221.373693784037,-2357.61954268714,189.870784719453,-209.621270684308,-2364.71690123973
"OPTOTRAK _ C14 _ Right _ 3",184.92347788218,-221.373110843859,-2357.61542559496,189.840841512211,-209.624798265079,-2364.71620982292
"OPTOTRAK _ C14 _ Right _ 3",184.881942572511,-221.372569016729,-2357.60923345414,189.794903930153,-209.626859256603,-2364.71508699329
"OPTOTRAK _ C14 _ Right _ 3",184.823525938391,-221.371251728261,-2357.59973425724,189.732192565573,-209.626583938085,-2364.71243883182
"OPTOTRAK _ C14 _ Right _ 3",184.749431719698,-221.369067590434,-2357.58710781995,189.65408690671,-209.624136769848,-2364.70843173698
"OPTOTRAK _ C14 _ Right _ 3",184.663017716965,-221.366862806969,-2357.57331609232,189.564192983478,-209.620876830284,-2364.70478813398
"OPTOTRAK _ C14 _ Right _ 3",184.569333037099,-221.366321582998,-2357.56186472745,189.467856015863,-209.619139792831,-2364.70453948184
"OPTOTRAK _ C14 _ Right _ 3",184.47422470351,-221.369553683322,-2357.55694080032,189.37120096368,-209.621680644406,-2364.7112534523
"OPTOTRAK _ C14 _ Right _ 3",184.38324931246,-221.378488029702,-2357.56217263868,189.279946599843,-209.630936542318,-2364.72795490792
"OPTOTRAK _ C14 _ Right _ 3",184.300691282063,-221.394266716161,-2357.57943808303,189.19833785715,-209.648330010674,-2364.7560856788
"OPTOTRAK _ C14 _ Right _ 3",184.228950967556,-221.416835300804,-2357.60815314383,189.128513123631,-209.673819417374,-2364.79485582338
"OPTOTRAK _ C14 _ Right _ 3",184.168435493798,-221.444857019006,-2357.64529714057,189.070462170553,-209.705828076238,-2364.84122517777
"OPTOTRAK _ C14 _ Right _ 3",184.117919194198,-221.475970815541,-2357.68615763807,189.022514050232,-209.741570836849,-2364.89054892719
"OPTOTRAK _ C14 _ Right _ 3",184.075206188504,-221.507307393269,-2357.72553521994,188.982129058376,-209.777680844228,-2364.93769643388
"OPTOTRAK _ C14 _ Right _ 3",184.037865429645,-221.536109297963,-2357.75902383975,188.946712822405,-209.810954290948,-2364.97829684635
"OPTOTRAK _ C14 _ Right _ 3",184.003823891753,-221.560286018111,-2357.78399476021,188.914216439528,-209.839002628152,-2365.00973283399
"OPTOTRAK _ C14 _ Right _ 3",183.971677046792,-221.578769781302,-2357.80003568213,188.883394655925,-209.860637700581,-2365.03159673467
"OPTOTRAK _ C14 _ Right _ 3",183.940677834198,-221.591606066796,-2357.80878179287,188.853719892363,-209.875905873505,-2365.04550254202
"OPTOTRAK _ C14 _ Right _ 3",183.91047083841,-221.599787803319,-2357.81324487106,188.82505575038,-209.885803424347,-2365.05434723546
"OPTOTRAK _ C14 _ Right _ 3",183.880726282343,-221.604897876153,-2357.81684247927,188.797256697268,-209.891803089028,-2365.0612690406
"OPTOTRAK _ C14 _ Right _ 3",183.850869151246,-221.608655505018,-2357.82236560581,188.76987370902,-209.895362843012,-2365.06862073138
"OPTOTRAK _ C14 _ Right _ 3",183.820063189015,-221.612476857176,-2357.83113801364,188.742106756833,-209.897564790027,-2365.07725724842
"OPTOTRAK _ C14 _ Right _ 3",183.787499966542,-221.617157494181,-2357.84260156848,188.713054793023,-209.898966540341,-2365.08633940347
"OPTOTRAK _ C14 _ Right _ 3",183.752901753997,-221.622755260357,-2357.85447413613,188.682191640371,-209.899670761438,-2365.09370555026
"OPTOTRAK _ C14 _ Right _ 3",183.717030941802,-221.628701064209,-2357.86347782918,188.649887032696,-209.899553535907,-2365.09670190959
"OPTOTRAK _ C14 _ Right _ 3",183.681957141777,-221.634104668022,-2357.86646188837,188.617742957431,-209.898552573825,-2365.09322688732
"OPTOTRAK _ C14 _ Right _ 3",183.650891599715,-221.638162247403,-2357.86158027736,188.588548068945,-209.896909466267,-2365.08265846851
"OPTOTRAK _ C14 _ Right _ 3",183.627544264944,-221.640527676057,-2357.84909126909,188.565762201306,-209.895284492792,-2365.06632757678
"OPTOTRAK _ C14 _ Right _ 3",183.615138789834,-221.641510904624,-2357.83142406686,188.552604915502,-209.894709054021,-2365.04732150165
"OPTOTRAK _ C14 _ Right _ 3",183.615366260282,-221.64203346439,-2357.81244447925,188.550990253815,-209.896397315641,-2365.02965618792
"OPTOTRAK _ C14 _ Right _ 3",183.627614827878,-221.643376670665,-2357.79622632406,188.560656748931,-209.901488197832,-2365.01714177064
"OPTOTRAK _ C14 _ Right _ 3",183.648754634233,-221.646842062269,-2357.78587062965,188.578825733996,-209.910811026458,-2365.01241028767
"OPTOTRAK _ C14 _ Right _ 3",183.673598022527,-221.653461056125,-2357.78285914578,188.600568342199,-209.924751811294,-2365.01647743708
"OPTOTRAK _ C14 _ Right _ 3",183.695944022392,-221.663844494505,-2357.78712966245,188.619824384937,-209.943250867998,-2365.02893459468
"OPTOTRAK _ C14 _ Right _ 3",183.709924554486,-221.67818973842,-2357.79771523409,188.630788714343,-209.965908282463,-2365.04858127132
"OPTOTRAK _ C14 _ Right _ 3",183.711264643504,-221.696399376562,-2357.8135798877,188.629250756526,-209.99213360063,-2365.07415172859
"OPTOTRAK _ C14 _ Right _ 3",183.698090272263,-221.71822892518,-2357.83426274443,188.613484530452,-210.021265717648,-2365.10480266493
"OPTOTRAK _ C14 _ Right _ 3",183.671061253257,-221.743378690976,-2357.86006530755,188.584430828695,-210.052612445222,-2365.14017358723
"OPTOTRAK _ C14 _ Right _ 3",183.632822952843,-221.771481409475,-2357.89172321921,188.545140413437,-210.085405577697,-2365.18003807811
"OPTOTRAK _ C14 _ Right _ 3",183.586986083596,-221.802000180406,-2357.92972935297,188.499682735399,-210.118715158204,-2365.22375117767
"OPTOTRAK _ C14 _ Right _ 3",183.53698739626,-221.834107844889,-2357.97362879294,188.451890340264,-210.151395717375,-2365.26978866999
"OPTOTRAK _ C14 _ Right _ 3",183.485207200869,-221.866638546479,-2358.02161527838,188.404346456803,-210.182136167347,-2365.3156355899
"OPTOTRAK _ C14 _ Right _ 3",183.432611661592,-221.898177676957,-2358.0706290276,188.357918569639,-210.209651827645,-2365.35814189559
"OPTOTRAK _ C14 _ Right _ 3",183.378988415249,-221.927300971474,-2358.11695845414,188.311938036713,-210.2329968297,-2365.39427783
"OPTOTRAK _ C14 _ Right _ 3",183.323631644585,-221.952907859995,-2358.1571621517,188.26490734262,-210.251905176351,-2365.42204738382
"OPTOTRAK _ C14 _ Right _ 3",183.266186516814,-221.974542121882,-2358.18901198224,188.215457907035,-210.267022762289,-2365.44122249355
"OPTOTRAK _ C14 _ Right _ 3",183.207328230297,-221.992577696559,-2358.2121463424,188.163222392999,-210.279904191339,-2365.45359737107
"OPTOTRAK _ C14 _ Right _ 3",183.149029511327,-222.00818073854,-2358.22821157736,188.109332814343,-210.292722912108,-2365.46262484072
"OPTOTRAK _ C14 _ Right _ 3",183.094326925637,-222.023032420157,-2358.24042557005,188.056389848647,-210.307750818856,-2365.47251473655
"OPTOTRAK _ C14 _ Right _ 3",183.046672857274,-222.038883658958,-2358.25267551002,188.007925762538,-210.32675612135,-2365.48706104645
"OPTOTRAK _ C14 _ Right _ 3",183.009096788367,-222.057076131444,-2358.26840979432,187.9675447961,-210.350507305216,-2365.50855664459
"OPTOTRAK _ C14 _ Right _ 3",182.98345284649,-222.078176290752,-2358.28965255762,187.938016902729,-210.378543505714,-2365.53713034153
"OPTOTRAK _ C14 _ Right _ 3",182.969984544986,-222.101830540129,-2358.31643771942,187.920595779108,-210.409289161114,-2365.57071584213
"OPTOTRAK _ C14 _ Right _ 3",182.967313720375,-222.126881664513,-2358.34684105064,187.914741871596,-210.440480342724,-2365.60567196276
"OPTOTRAK _ C14 _ Right _ 3",182.97281317687,-222.151711116791,-2358.37761174435,187.918296728875,-210.469768873991,-2365.63786784045
"OPTOTRAK _ C14 _ Right _ 3",182.983211359861,-222.174704964934,-2358.40521279203,187.928022009573,-210.49531735794,-2365.6638940543
"OPTOTRAK _ C14 _ Right _ 3",182.995236154972,-222.194701911541,-2358.42694120083,187.940320641241,-210.516214115074,-2365.68202654983
"OPTOTRAK _ C14 _ Right _ 3",183.006130693389,-222.211287914921,-2358.4417761096,187.951924975789,-210.532608504481,-2365.69266906586
"OPTOTRAK _ C14 _ Right _ 3",183.013941502722,-222.224854494263,-2358.4506981101,187.960374213717,-210.545558855512,-2365.69817792397
"OPTOTRAK _ C14 _ Right _ 3",183.01755894364,-222.236416191619,-2358.45638812848,187.964190303902,-210.556665288757,-2365.70215470798
"OPTOTRAK _ C14 _ Right _ 3",183.016556885059,-222.247259119319,-2358.46239959441,187.962762442381,-210.567609645441,-2365.70842840924
"OPTOTRAK _ C14 _ Right _ 3",183.010918844349,-222.25854384668,-2358.47206588187,187.956034291103,-210.5797366324,-2365.72002099941
"OPTOTRAK _ C14 _ Right _ 3",183.000750863422,-222.270994630172,-2358.48750270087,187.944134733652,-210.593785187948,-2365.73838825588
"OPTOTRAK _ C14 _ Right _ 3",182.986073060821,-222.28476703771,-2358.50903238948,187.927092534799,-210.609826253466,-2365.76314125164
"OPTOTRAK _ C14 _ Right _ 3",182.966754431496,-222.299513370392,-2358.53519130922,187.904731522522,-210.62739803249,-2365.79230061996
"OPTOTRAK _ C14 _ Right _ 3",182.942610531389,-222.314593434012,-2358.56326336836,187.876773288981,-210.645772126539,-2365.82297145792
"OPTOTRAK _ C14 _ Right _ 3",182.913630029814,-222.329336521252,-2358.59011493152,187.843102502136,-210.664251170492,-2365.85221039165
"OPTOTRAK _ C14 _ Right _ 3",182.880247769186,-222.343259592805,-2358.61304402345,187.804093936279,-210.682399255803,-2365.87781689404
"OPTOTRAK _ C14 _ Right _ 3",182.843551275608,-222.356179771188,-2358.63039711934,187.760868584878,-210.700139517248,-2365.89882264901
"OPTOTRAK _ C14 _ Right _ 3",182.80530654921,-222.36820826899,-2358.64181325294,187.715347260609,-210.717707388617,-2365.91555942351
"OPTOTRAK _ C14 _ Right _ 3",182.767731213456,-222.379656118723,-2358.64808047634,187.670018214102,-210.73550175037,-2365.92932061617
"OPTOTRAK _ C14 _ Right _ 3",182.733032875815,-222.390904530297,-2358.65069991914,187.627434166611,-210.753907418444,-2365.94175744189
"OPTOTRAK _ C14 _ Right _ 3",182.702842097656,-222.402291099419,-2358.65133291629,187.589576958091,-210.773158731854,-2365.95423796708
"OPTOTRAK _ C14 _ Right _ 3",182.677745569909,-222.414042689518,-2358.6513373664,187.557318175364,-210.79327810693,-2365.96740783168
"OPTOTRAK _ C14 _ Right _ 3",182.657113045773,-222.42625656769,-2358.65155041067,187.530202256082,-210.814076718905,-2365.98109964004
"OPTOTRAK _ C14 _ Right _ 3",182.639307550019,-222.438907478988,-2358.65234843914,187.506666047809,-210.835178586938,-2365.99457816289
"OPTOTRAK _ C14 _ Right _ 3",182.622222728559,-222.451854681614,-2358.65388013367,187.484632113023,-210.856042002582,-2366.0069694476
"OPTOTRAK _ C14 _ Right _ 3",182.603969484511,-222.464843556884,-2358.65631018133,187.462258184953,-210.875989290651,-2366.01767833004
"OPTOTRAK _ C14 _ Right _ 3",182.583480494398,-222.47752390914,-2358.65995408228,187.43856515213,-210.894280572389,-2366.02665273824
"OPTOTRAK _ C14 _ Right _ 3",182.560830980869,-222.489512198585,-2358.66527239964,187.413723811363,-210.910251469444,-2366.03444382659
"OPTOTRAK _ C14 _ Right _ 3",182.537173444174,-222.500496386052,-2358.67275654635,187.38892012536,-210.923485641179,-2366.04207932646
"OPTOTRAK _ C14 _ Right _ 3",182.514309442576,-222.510342674619,-2358.68275743938,187.365866110048,-210.93394898051,-2366.0507993357
"OPTOTRAK _ C14 _ Right _ 3",182.494023655603,-222.519146657945,-2358.69530365374,187.346117449838,-210.942010250787,-2366.06171311749
"OPTOTRAK _ C14 _ Right _ 3",182.477364987753,-222.527188861374,-2358.70994863966,187.330389879311,-210.948318451128,-2366.07543788454
"OPTOTRAK _ C14 _ Right _ 3",182.464082334945,-222.534796909605,-2358.72568878756,187.318061992391,-210.953573965878,-2366.09179041189
"OPTOTRAK _ C14 _ Right _ 3",182.452405598954,-222.54216809366,-2358.74100721771,187.307027392156,-210.958284352078,-2366.10962521279
"OPTOTRAK _ C14 _ Right _ 3",182.439290371133,-222.549243099612,-2358.75410096951,187.293996920144,-210.962612669286,-2366.12692780695
"OPTOTRAK _ C14 _ Right _ 3",182.421119404141,-222.555714708108,-2358.7633097614,187.275237687056,-210.966396052234,-2366.14123811088
"OPTOTRAK _ C14 _ Right _ 3",182.394707553854,-222.561195503814,-2358.76767649305,187.247592267055,-210.969340821337,-2366.15037363361
"OPTOTRAK _ C14 _ Right _ 3",182.358337817435,-222.565482529359,-2358.76746509409,187.209500828678,-210.971315029953,-2366.15326725189
"OPTOTRAK _ C14 _ Right _ 3",182.312509967142,-222.568790182117,-2358.76439731427,187.161705090946,-210.972599591148,-2366.15060201266
"OPTOTRAK _ C14 _ Right _ 3",182.260136332868,-222.571815648998,-2358.76140733957,187.107376302416,-210.973959023408,-2366.1449119498
"OPTOTRAK _ C14 _ Right _ 3",182.206067402974,-222.575566704259,-2358.76187326287,187.051569783709,-210.976463350327,-2366.13997951922
"OPTOTRAK _ C14 _ Right _ 3",182.156034627685,-222.580992033903,-2358.7685125698,187.000116462262,-210.981108109403,-2366.13964881881
"OPTOTRAK _ C14 _ Right _ 3",182.115292330452,-222.58855407707,-2358.78231585609,186.958247675504,-210.988383174354,-2366.14645162346
"OPTOTRAK _ C14 _ Right _ 3",182.087352737971,-222.597924754357,-2358.80194126953,186.92934876577,-210.997977713281,-2366.16057184797
"OPTOTRAK _ C14 _ Right _ 3",182.073192445117,-222.607946977938,-2358.82386496878,186.914212115744,-211.008758465141,-2366.17958683476
"OPTOTRAK _ C14 _ Right _ 3",182.071165037832,-222.61690627553,-2358.84331852872,186.911011502404,-211.019049162556,-2366.19914661218
"OPTOTRAK _ C14 _ Right _ 3",182.077627370328,-222.623039648593,-2358.85574104855,186.915987791058,-211.027124705299,-2366.21438948597
"OPTOTRAK _ C14 _ Right _ 3",182.088054605337,-222.625118209232,-2358.85825251857,186.924601335156,-211.031758260454,-2366.22158879245
"OPTOTRAK _ C14 _ Right _ 3",182.098271641274,-222.622903753111,-2358.85061252499,186.932764795599,-211.032638168614,-2366.2194128471
"OPTOTRAK _ C14 _ Right _ 3",182.105427298447,-222.617306647132,-2358.83529704096,186.937782163582,-211.030504616573,-2366.20932068574
"OPTOTRAK _ C14 _ Right _ 3",182.108475389741,-222.610161855878,-2358.81665325167,186.938772018455,-211.02693889951,-2366.19496110958
"OPTOTRAK _ C14 _ Right _ 3",182.108125605382,-222.603672975989,-2358.7994494997,186.936562993833,-211.023853452324,-2366.18083967006
"OPTOTRAK _ C14 _ Right _ 3",182.106389919152,-222.599704811557,-2358.78736643179,186.93321358077,-211.022844188731,-2366.17079010622
"OPTOTRAK _ C14 _ Right _ 3",182.105922837208,-222.599174624746,-2358.7819706657,186.931365031251,-211.024634219564,-2366.16682417126
"OPTOTRAK _ C14 _ Right _ 3",182.109341135248,-222.601764875718,-2358.78248766202,186.933597476008,-211.028821880399,-2366.16873832396
"OPTOTRAK _ C14 _ Right _ 3",182.118648764551,-222.60606468591,-2358.78636626224,186.941885656205,-211.034038464604,-2366.17452690574
"OPTOTRAK _ C14 _ Right _ 3",182.134825687615,-222.610090936361,-2358.79035172519,186.957193690216,-211.038463738355,-2366.18134263758
"OPTOTRAK _ C14 _ Right _ 3",182.157589630691,-222.61200732467,-2358.791658288,186.979220791543,-211.040514259132,-2366.18659060171
"OPTOTRAK _ C14 _ Right _ 3",182.185313710229,-222.610801825212,-2358.7888736749,187.006300483414,-211.039467166655,-2366.18877841174
"OPTOTRAK _ C14 _ Right _ 3",182.215080733794,-222.60671139614,-2358.78237614972,187.035455353435,-211.035816827985,-2366.1879030013
"OPTOTRAK _ C14 _ Right _ 3",182.24287293819,-222.601270835484,-2358.77421233453,187.06261325655,-211.031254446675,-2366.18533185791
"OPTOTRAK _ C14 _ Right _ 3",182.263917210084,-222.596973419024,-2358.76751862492,187.082990650075,-211.028276996065,-2366.18327664868
"OPTOTRAK _ C14 _ Right _ 3",182.273205506479,-222.596637643624,-2358.7656630701,187.091635919191,-211.029540881895,-2366.18404910143
"OPTOTRAK _ C14 _ Right _ 3",182.266177739446,-222.602655531078,-2358.77133674965,187.084100164741,-211.037147644455,-2366.18932796534
"OPTOTRAK _ C14 _ Right _ 3",182.239501250943,-222.616331189107,-2358.78582329101,187.057171192366,-211.052061661056,-2366.1996427707
"OPTOTRAK _ C14 _ Right _ 3",182.191826288001,-222.637490750934,-2358.80862108725,187.009573079539,-211.073812615944,-2366.21420118053
"OPTOTRAK _ C14 _ Right _ 3",182.124357976337,-222.66446276836,-2358.83749728821,186.942501834782,-211.100550590067,-2366.23107902582
"OPTOTRAK _ C14 _ Right _ 3",182.041077740568,-222.694417854428,-2358.86893597792,186.859847622169,-211.129428056169,-2366.24768848328
"OPTOTRAK _ C14 _ Right _ 3",181.948482860194,-222.723957118385,-2358.89884036143,186.767967747493,-211.15720267634,-2366.2613690838
"OPTOTRAK _ C14 _ Right _ 3",181.854798746778,-222.749783802209,-2358.92329793596,186.674943940393,-211.180902819716,-2366.26992856605
"OPTOTRAK _ C14 _ Right _ 3",181.768750194018,-222.769290318704,-2358.93922621464,186.589384562374,-211.198386255544,-2366.27199615441
"OPTOTRAK _ C14 _ Right _ 3",181.698123561428,-222.780932999042,-2358.94476460038,186.51898700795,-211.208656340571,-2366.26711778109
"OPTOTRAK _ C14 _ Right _ 3",181.648450501892,-222.784335000444,-2358.939350936,186.469195915087,-211.211872638444,-2366.25559829058
"OPTOTRAK _ C14 _ Right _ 3",181.622137239911,-222.780137916152,-2358.92351419572,186.442308392496,-211.209085873029,-2366.23817012215
"OPTOTRAK _ C14 _ Right _ 3",181.618239200095,-222.769690581821,-2358.89850429498,186.437255585479,-211.201810359838,-2366.2156277351
"OPTOTRAK _ C14 _ Right _ 3",181.632886915643,-222.754692656893,-2358.86591995716,186.450073056249,-211.191586515352,-2366.18857900769
"OPTOTRAK _ C14 _ Right _ 3",181.660188715394,-222.736889412799,-2358.82745635641,186.474862695085,-211.179663961821,-2366.15740367633
"OPTOTRAK _ C14 _ Right _ 3",181.693340368344,-222.717860805544,-2358.78479940109,186.504940575883,-211.16686837379,-2366.12240081379
"OPTOTRAK _ C14 _ Right _ 3",181.725683638059,-222.69890147598,-2358.73960909876,186.533885513013,-211.153643944777,-2366.08402291255
"OPTOTRAK _ C14 _ Right _ 3",181.75154308144,-222.680976623451,-2358.69351636899,186.556312246129,-211.140220216536,-2366.04308381005
"OPTOTRAK _ C14 _ Right _ 3",181.76677867797,-222.664750768385,-2358.64810294013,186.568328081246,-211.126835697831,-2366.00087518511
"OPTOTRAK _ C14 _ Right _ 3",181.769075372212,-222.650686455211,-2358.60488588315,186.56773755669,-211.113943178678,-2365.95917613235
"OPTOTRAK _ C14 _ Right _ 3",181.758024326107,-222.639182048359,-2358.56533470545,186.554095274598,-211.102321577836,-2365.92016027098
"OPTOTRAK _ C14 _ Right _ 3",181.73503220353,-222.630685784589,-2358.53090856769,186.528660316484,-211.093042312084,-2365.8862049782
"OPTOTRAK _ C14 _ Right _ 3",181.703049404885,-222.625721339588,-2358.50305323487,186.494217450465,-211.087287103478,-2365.85960825358
"OPTOTRAK _ C14 _ Right _ 3",181.666082168954,-222.624795549971,-2358.48308278343,186.454678804759,-211.086067270125,-2365.84222895972
"OPTOTRAK _ C14 _ Right _ 3",181.628484356429,-222.628210789957,-2358.4719098292,186.414419856631,-211.089927835288,-2365.83508834322
"OPTOTRAK _ C14 _ Right _ 3",181.594110872848,-222.635847962965,-2358.46967195643,186.377422521122,-211.098724605133,-2365.83800584769
"OPTOTRAK _ C14 _ Right _ 3",181.565513016368,-222.647006520748,-2358.47539356808,186.346426283968,-211.111542628375,-2365.84938095395
"OPTOTRAK _ C14 _ Right _ 3",181.543405802614,-222.660379973028,-2358.48686861486,186.322345805349,-211.126789780095,-2365.86625123122
"OPTOTRAK _ C14 _ Right _ 3",181.526594527039,-222.674209561348,-2358.50090899834,186.304156276545,-211.142460503694,-2365.88472406195
"OPTOTRAK _ C14 _ Right _ 3",181.512415577118,-222.686601954229,-2358.5139709385,186.289296385909,-211.156526911823,-2365.90077306174
"OPTOTRAK _ C14 _ Right _ 3",181.497577771592,-222.695934885699,-2358.52299684266,186.274467364576,-211.167375867244,-2365.911224642
"OPTOTRAK _ C14 _ Right _ 3",181.479156728556,-222.701231097934,-2358.52618512263,186.256590855387,-211.174177013074,-2365.91461296133
"OPTOTRAK _ C14 _ Right _ 3",181.455448994151,-222.702375989626,-2358.52340094143,186.233659718904,-211.177059312597,-2365.9115613532
"OPTOTRAK _ C14 _ Right _ 3",181.42645043591,-222.700094348525,-2358.51607098289,186.205267393865,-211.177013291107,-2365.90450269504
"OPTOTRAK _ C14 _ Right _ 3",181.393859118468,-222.695676651105,-2358.50660039472,186.172711950232,-211.175520702382,-2365.89681187264
"OPTOTRAK _ C14 _ Right _ 3",181.360660305508,-222.690531741575,-2358.49752383636,186.13870398262,-211.174015559517,-2365.89165851041
"OPTOTRAK _ C14 _ Right _ 3",181.330468102001,-222.685708902139,-2358.49068854645,186.106810375035,-211.173359082567,-2365.89099102477
"OPTOTRAK _ C14 _ Right _ 3",181.306833221386,-222.681551897226,-2358.48673729589,186.080800873202,-211.173523105904,-2365.89499293353
"OPTOTRAK _ C14 _ Right _ 3",181.292676470269,-222.677608536847,-2358.48502757744,186.064034705089,-211.173602620039,-2365.90214185642
"OPTOTRAK _ C14 _ Right _ 3",181.289909382035,-222.672830195589,-2358.48394807778,186.058962175943,-211.172148971493,-2365.90975774775
"OPTOTRAK _ C14 _ Right _ 3",181.299214921047,-222.665989576923,-2358.48146144095,186.066757152707,-211.167696387098,-2365.91478186881
"OPTOTRAK _ C14 _ Right _ 3",181.319930123138,-222.656167920599,-2358.47567834656,186.087071275022,-211.15929773614,-2365.91453983442
"OPTOTRAK _ C14 _ Right _ 3",181.350006942,-222.643146778442,-2358.46533633506,186.117923159494,-211.146900542203,-2365.90734686638
"OPTOTRAK _ C14 _ Right _ 3",181.386088492094,-222.627585936791,-2358.45013784309,186.155780038949,-211.131461165707,-2365.89290142069
"OPTOTRAK _ C14 _ Right _ 3",181.423767948418,-222.610953758006,-2358.43093739922,186.19589827221,-211.114785449971,-2365.87244227771
"OPTOTRAK _ C14 _ Right _ 3",181.45806567554,-222.595260449544,-2358.40976643761,186.232930096863,-211.099167116919,-2365.84865131737
"OPTOTRAK _ C14 _ Right _ 3",181.484083072152,-222.582691450443,-2358.38967862472,186.261705055744,-211.086941895251,-2365.82530953789
"OPTOTRAK _ C14 _ Right _ 3",181.497713741031,-222.575234663027,-2358.37440015493,186.278015140015,-211.080074481135,-2365.80675368451
"OPTOTRAK _ C14 _ Right _ 3",181.496252252347,-222.574362981322,-2358.36778312886,186.279214590488,-211.079859826487,-2365.79721035461
"OPTOTRAK _ C14 _ Right _ 3",181.478753827662,-222.580805213696,-2358.37310421101,186.264496421721,-211.086772738369,-2365.80009602575
"OPTOTRAK _ C14 _ Right _ 3",181.446064071314,-222.594425480775,-2358.39232452761,186.234809163396,-211.10045754109,-2365.81737876624
"OPTOTRAK _ C14 _ Right _ 3",181.400540504598,-222.614221314445,-2358.42548643092,186.192493030172,-211.119820885194,-2365.84910461899
"OPTOTRAK _ C14 _ Right _ 3",181.345586576955,-222.638435696556,-2358.47042394213,186.14079881295,-211.143181123628,-2365.89318456727
"OPTOTRAK _ C14 _ Right _ 3",181.285160274351,-222.66476720884,-2358.52290734714,186.083459488618,-211.168443443927,-2365.94551762714
"OPTOTRAK _ C14 _ Right _ 3",181.223376986219,-222.690662440804,-2358.57725434472,186.024399563653,-211.193305046034,-2366.00050380196
"OPTOTRAK _ C14 _ Right _ 3",181.164228600386,-222.713673038716,-2358.62733071289,185.967542336358,-211.215515971996,-2366.05194699055
"OPTOTRAK _ C14 _ Right _ 3",181.111353797582,-222.731838231068,-2358.66773996448,185.916602912906,-211.233194507966,-2366.09421730404
"OPTOTRAK _ C14 _ Right _ 3",181.067775490224,-222.744016584088,-2358.69490394372,185.874784500573,-211.245134026639,-2366.12338032477
"OPTOTRAK _ C14 _ Right _ 3",181.035580595498,-222.750067517998,-2358.707726404,185.844392015068,-211.250997411503,-2366.13793968279
"OPTOTRAK _ C14 _ Right _ 3",181.015610258515,-222.750804238299,-2358.70764072647,185.826466416869,-211.251316956813,-2366.13895393733
"OPTOTRAK _ C14 _ Right _ 3",181.007287842204,-222.747710023877,-2358.69803787545,185.820576986089,-211.24728834602,-2366.12951551431
"OPTOTRAK _ C14 _ Right _ 3",181.008698638549,-222.742499368608,-2358.68326827302,185.824880554551,-211.240422258533,-2366.11379127052
"OPTOTRAK _ C14 _ Right _ 3",181.016961738542,-222.736667509318,-2358.66753084714,185.83648594604,-211.232162690617,-2366.09593677803
"OPTOTRAK _ C14 _ Right _ 3",181.028841223464,-222.731174312496,-2358.65396842085,185.852075639253,-211.223586534779,-2366.07919333807
"OPTOTRAK _ C14 _ Right _ 3",181.041464876698,-222.726351100288,-2358.64418997451,185.868654775029,-211.215266785077,-2366.06538315567
"OPTOTRAK _ C14 _ Right _ 3",181.052971006035,-222.72202794522,-2358.63827682846,185.884234638894,-211.207321186155,-2366.05487527667
"OPTOTRAK _ C14 _ Right _ 3",181.062897097254,-222.717793208791,-2358.63516574231,185.898239680247,-211.199596192446,-2366.0469436244
"OPTOTRAK _ C14 _ Right _ 3",181.072166564562,-222.713253490622,-2358.63320157562,185.911481509525,-211.191880125026,-2366.04031739654
"OPTOTRAK _ C14 _ Right _ 3",181.082624969633,-222.708178715317,-2358.63064291592,185.925666873605,-211.184030169417,-2366.03367609257
"OPTOTRAK _ C14 _ Right _ 3",181.096212596354,-222.702484156913,-2358.62597290022,185.942561601,-211.175947982191,-2366.02589823959
"OPTOTRAK _ C14 _ Right _ 3",181.114001750762,-222.696087839005,-2358.61798347439,185.963067690115,-211.167427884853,-2366.01602173591
"OPTOTRAK _ C14 _ Right _ 3",181.135419297383,-222.688749226684,-2358.60572293419,185.986533146632,-211.157985450045,-2366.00304703112
"OPTOTRAK _ C14 _ Right _ 3",181.157960179492,-222.680010909973,-2358.58846880204,186.010563034969,-211.146806338948,-2365.98581863716
"OPTOTRAK _ C14 _ Right _ 3",181.177552224701,-222.669317941445,-2358.56586396212,186.031435416319,-211.13291127876,-2365.96318795785
"OPTOTRAK _ C14 _ Right _ 3",181.189496167937,-222.656299574416,-2358.53823538683,186.045003467919,-211.115528662037,-2365.93449687601
"OPTOTRAK _ C14 _ Right _ 3",181.189674401761,-222.641108303892,-2358.50696603951,186.047776048733,-211.094552282757,-2365.90021291703
"OPTOTRAK _ C14 _ Right _ 3",181.175604772649,-222.624663526083,-2358.47469665669,186.037793779024,-211.070895000299,-2365.86240770015
"OPTOTRAK _ C14 _ Right _ 3",181.146969323739,-222.608663148072,-2358.44514622,186.014987009403,-211.046562132358,-2365.82477771011
"OPTOTRAK _ C14 _ Right _ 3",181.105447427342,-222.595302893978,-2358.42246229548,185.980889091707,-211.024357620551,-2365.79206519834
"OPTOTRAK _ C14 _ Right _ 3",181.053940143659,-222.586755544264,-2358.41021209015,185.937818671462,-211.007266890553,-2365.76897966488
"OPTOTRAK _ C14 _ Right _ 3",180.995487539812,-222.584567732445,-2358.41032447126,185.887853244165,-210.997683492883,-2365.75893853079
"OPTOTRAK _ C14 _ Right _ 3",180.932280749039,-222.589180541086,-2358.42238000221,185.832004575407,-210.996718069606,-2365.76304557151
"OPTOTRAK _ C14 _ Right _ 3",180.865124430401,-222.59974442328,-2358.44354642057,185.76992592027,-211.00382114493,-2365.77966840965
"OPTOTRAK _ C14 _ Right _ 3",180.79352647125,-222.614295363666,-2358.46921143845,185.70026163116,-211.01686214764,-2365.8047842305
"OPTOTRAK _ C14 _ Right _ 3",180.716343388581,-222.630237098203,-2358.49410505111,185.621489106056,-211.032661262742,-2365.83300534978
"OPTOTRAK _ C14 _ Right _ 3",180.632692862102,-222.644981739678,-2358.51355057383,185.532913347292,-211.047817285163,-2365.85896317234
"OPTOTRAK _ C14 _ Right _ 3",180.542755546728,-222.656561980629,-2358.52447859927,185.435432005023,-211.05956885353,-2365.87860223962
"OPTOTRAK _ C14 _ Right _ 3",180.448164869586,-222.664043824915,-2358.52594975038,185.331801094974,-211.066412012652,-2365.8899695095
"OPTOTRAK _ C14 _ Right _ 3",180.351878043524,-222.667631311241,-2358.5190974218,185.226331543173,-211.068289436877,-2365.89328197535
"OPTOTRAK _ C14 _ Right _ 3",180.257627162891,-222.668449589529,-2358.50656232797,185.124134888928,-211.066333983767,-2365.89034266072
"OPTOTRAK _ C14 _ Right _ 3",180.169172477338,-222.668094003596,-2358.49161101041,185.03014972967,-211.062314058207,-2365.8836091111
"OPTOTRAK _ C14 _ Right _ 3",180.089596685348,-222.668103476535,-2358.47719381878,184.948214183273,-211.058012494357,-2365.8752885865
"OPTOTRAK _ C14 _ Right _ 3",180.020822316264,-222.669527185906,-2358.46519647694,184.880419096474,-211.054749250524,-2365.86674483472
"OPTOTRAK _ C14 _ Right _ 3",179.963444547494,-222.672704103933,-2358.45607336589,184.826891723735,-211.053163635892,-2365.85833572629
"OPTOTRAK _ C14 _ Right _ 3",179.916876507448,-222.677291887932,-2358.44893419357,184.786039698473,-211.053257181374,-2365.84963404426
"OPTOTRAK _ C14 _ Right _ 3",179.879726649325,-222.682496573552,-2358.44201851186,184.755163792855,-211.05460914425,-2365.83986381376
"OPTOTRAK _ C14 _ Right _ 3",179.850285883641,-222.687392517936,-2358.43337397464,184.731255255064,-211.056639784659,-2365.82834544977
"OPTOTRAK _ C14 _ Right _ 3",179.826994883806,-222.691202741786,-2358.42149699469,184.7117526591,-211.05881206715,-2365.81478465548
"OPTOTRAK _ C14 _ Right _ 3",179.808775310191,-222.693443754718,-2358.40573089496,184.695058495825,-211.060710880559,-2365.79932822083
"OPTOTRAK _ C14 _ Right _ 3",179.79513846493,-222.69391311776,-2358.38633593539,184.680697096155,-211.062000104136,-2365.78240892663
"OPTOTRAK _ C14 _ Right _ 3",179.786043167248,-222.69257223645,-2358.36428049112,184.66910422511,-211.062312738437,-2365.76448121933
"OPTOTRAK _ C14 _ Right _ 3",179.781564081499,-222.689409446283,-2358.34088012735,184.66114945915,-211.061154484218,-2365.74577769391
"OPTOTRAK _ C14 _ Right _ 3",179.781519231567,-222.684350349474,-2358.31741566201,184.657578895731,-211.057884579301,-2365.72618537995
"OPTOTRAK _ C14 _ Right _ 3",179.785234880744,-222.677240335864,-2358.29482850277,184.658589714843,-211.051794054428,-2365.70527901434
"OPTOTRAK _ C14 _ Right _ 3",179.791564464251,-222.667889788038,-2358.27355397166,184.663683870634,-211.042258318843,-2365.68249078404
"OPTOTRAK _ C14 _ Right _ 3",179.799150635101,-222.656156013706,-2358.25351460282,184.67181676927,-211.028914830413,-2365.65735669981
"OPTOTRAK _ C14 _ Right _ 3",179.806795604665,-222.642031643676,-2358.23425406385,184.681723957945,-211.011808527891,-2365.62975956955
"OPTOTRAK _ C14 _ Right _ 3",179.813752716072,-222.625711352014,-2358.21516001965,184.692245035892,-210.991453375449,-2365.60008780685
"OPTOTRAK _ C14 _ Right _ 3",179.819797704149,-222.607614451464,-2358.19570836318,184.70249808566,-210.968777683231,-2365.56925045553
"OPTOTRAK _ C14 _ Right _ 3",179.825054594482,-222.588348906983,-2358.17565641096,184.711860110578,-210.944955873522,-2365.53853212337
"OPTOTRAK _ C14 _ Right _ 3",179.829675229665,-222.568616518577,-2358.15512324078,184.719816176362,-210.92117242436,-2365.50932773828
"OPTOTRAK _ C14 _ Right _ 3",179.833540615987,-222.549081908881,-2358.13453606239,184.725799450919,-210.898393867187,-2365.48284539273
"OPTOTRAK _ C14 _ Right _ 3",179.83614046928,-222.53024781726,-2358.11448121179,184.729139787125,-210.877221497734,-2365.45987996668
"OPTOTRAK _ C14 _ Right _ 3",179.83670813142,-222.512378574572,-2358.09553583922,184.729184981966,-210.857859033317,-2365.44072501058
"OPTOTRAK _ C14 _ Right _ 3",179.834576646265,-222.495491467484,-2358.07814822494,184.725580880395,-210.84017865409,-2365.42522326968
"OPTOTRAK _ C14 _ Right _ 3",179.829622567951,-222.479409238181,-2358.06259935416,184.718618110534,-210.823837932598,-2365.41290336286
"OPTOTRAK _ C14 _ Right _ 3",179.822619839952,-222.463852178245,-2358.04904163789,184.709504391105,-210.808402506652,-2365.40313845205
"OPTOTRAK _ C14 _ Right _ 3",179.815357125948,-222.448546187836,-2358.03757586133,184.700430682186,-210.793450079976,-2365.39527459485
"OPTOTRAK _ C14 _ Right _ 3",179.810462071832,-222.433323958203,-2358.02829703451,184.694369181186,-210.77864802615,-2365.38868783728
"OPTOTRAK _ C14 _ Right _ 3",179.810981420901,-222.418194017786,-2358.02124286401,184.694638308404,-210.763801249468,-2365.38274923048
"OPTOTRAK _ C14 _ Right _ 3",179.819838060961,-222.403353185517,-2358.01624172387,184.704346235044,-210.748864734627,-2365.37672435339
"OPTOTRAK _ C14 _ Right _ 3",179.839296135379,-222.389131214805,-2358.01274661489,184.725844780161,-210.733915235189,-2365.36968817246
"OPTOTRAK _ C14 _ Right _ 3",179.870521491064,-222.37587978562,-2358.0097757684,184.760286858709,-210.719084211534,-2365.36054687102
"OPTOTRAK _ C14 _ Right _ 3",179.913266916532,-222.363840586848,-2358.00602102571,184.80731826796,-210.704468789581,-2365.34820351554
"OPTOTRAK _ C14 _ Right _ 3",179.965683960873,-222.35304108249,-2358.00008602887,184.864900880738,-210.690052652471,-2365.33181888283
"OPTOTRAK _ C14 _ Right _ 3",180.024283383393,-222.343268297672,-2357.99076294956,184.929286682966,-210.67567742895,-2365.31106504106
"OPTOTRAK _ C14 _ Right _ 3",180.084111537264,-222.334157523202,-2357.9772802874,184.995214244291,-210.661104146947,-2365.2862869807
"OPTOTRAK _ C14 _ Right _ 3",180.139228941796,-222.325401582515,-2357.95951471779,185.056417436229,-210.646189533162,-2365.25856093849
"OPTOTRAK _ C14 _ Right _ 3",180.183526042818,-222.317038653425,-2357.93818928633,185.106473409281,-210.631163464584,-2365.22970187936
"OPTOTRAK _ C14 _ Right _ 3",180.2117896622,-222.309723425157,-2357.91504237143,185.139887342222,-210.616928876533,-2365.20226200244
"OPTOTRAK _ C14 _ Right _ 3",180.220794018516,-222.304851981045,-2357.89287486386,185.153181257168,-210.605240834572,-2365.17947832194
"OPTOTRAK _ C14 _ Right _ 3",180.210107449548,-222.304425705502,-2357.87534027138,185.145690509644,-210.598609521449,-2365.16504957243
"OPTOTRAK _ C14 _ Right _ 3",180.182332460312,-222.310617977624,-2357.86639312888,185.119806804802,-210.599847517537,-2365.16263633642
"OPTOTRAK _ C14 _ Right _ 3",180.142635626201,-222.325127179884,-2357.8694475863,185.080536472978,-210.611324982807,-2365.1750953646
"OPTOTRAK _ C14 _ Right _ 3",180.09763417449,-222.34850704255,-2357.88644914697,185.034435887935,-210.63413972332,-2365.2036147166
"OPTOTRAK _ C14 _ Right _ 3",180.053919411502,-222.379707437657,-2357.9171490452,184.988186298519,-210.667481008504,-2365.2470267358
"OPTOTRAK _ C14 _ Right _ 3",180.016633842097,-222.416012487245,-2357.95885107433,184.947202748537,-210.708431912187,-2365.30158600031
"OPTOTRAK _ C14 _ Right _ 3",179.988514846987,-222.453442507866,-2358.0067742977,184.9146708338,-210.752329055277,-2365.36139275449
"OPTOTRAK _ C14 _ Right _ 3",179.969661096173,-222.487536299221,-2358.05497992474,184.891258569949,-210.79362749495,-2365.4194405437
"OPTOTRAK _ C14 _ Right _ 3",179.958026108303,-222.514308037972,-2358.09762074948,184.875516592644,-210.827058634245,-2365.46903669305
"OPTOTRAK _ C14 _ Right _ 3",179.950403092112,-222.531120025986,-2358.13016208976,184.864757374032,-210.848771309008,-2365.50518526947
"OPTOTRAK _ C14 _ Right _ 3",179.943537348462,-222.537237657781,-2358.15023005038,184.856081243034,-210.857143665333,-2365.52551527554
"OPTOTRAK _ C14 _ Right _ 3",179.935025756233,-222.533922952559,-2358.15786263165,184.847228990489,-210.853049598807,-2365.53049306765
"OPTOTRAK _ C14 _ Right _ 3",179.923798924154,-222.524053510008,-2358.15513883607,184.837058705173,-210.839527856007,-2365.5229130751
"OPTOTRAK _ C14 _ Right _ 3",179.910151430123,-222.51138737615,-2358.14536964607,184.825600925824,-210.820977382775,-2365.50690784864
"OPTOTRAK _ C14 _ Right _ 3",179.895418811245,-222.499687719186,-2358.13215864189,184.813777942394,-210.802127440258,-2365.48684980022
"OPTOTRAK _ C14 _ Right _ 3",179.881461416593,-222.491946555135,-2358.11862456743,184.802943077112,-210.787068685872,-2365.46648046911
"OPTOTRAK _ C14 _ Right _ 3",179.87010837553,-222.489901815651,-2358.10695667566,184.79439539495,-210.778582580447,-2365.44844606708
"OPTOTRAK _ C14 _ Right _ 3",179.862673492735,-222.493941981727,-2358.09833497725,184.788978916218,-210.777893747104,-2365.43424901321
"OPTOTRAK _ C14 _ Right _ 3",179.859618388947,-222.503364765891,-2358.09315253195,184.786828794306,-210.78482533121,-2365.42451426513
"OPTOTRAK _ C14 _ Right _ 3",179.860419690884,-222.516844087972,-2358.09142133047,184.787303592006,-210.798210303632,-2365.4194124953
"OPTOTRAK _ C14 _ Right _ 3",179.863677329028,-222.532910373259,-2358.0932029007,184.789122670461,-210.8163594548,-2365.41906093
"OPTOTRAK _ C14 _ Right _ 3",179.867456937459,-222.55028432202,-2358.09889248644,184.790684841845,-210.837431181656,-2365.42374717678
"OPTOTRAK _ C14 _ Right _ 3",179.869791579591,-222.567999621303,-2358.10923649765,184.790486242199,-210.859648589877,-2365.43390117675
"OPTOTRAK _ C14 _ Right _ 3",179.869204692499,-222.585349923789,-2358.12507149593,184.787514132883,-210.881396399107,-2365.44984860763
"OPTOTRAK _ C14 _ Right _ 3",179.865095490256,-222.601750375964,-2358.14688304507,184.781497652001,-210.901260481905,-2365.47146230922
"OPTOTRAK _ C14 _ Right _ 3",179.857870341364,-222.616602539421,-2358.17434347895,184.772951336859,-210.918052543666,-2365.49784854385
"OPTOTRAK _ C14 _ Right _ 3",179.848793073045,-222.629217976706,-2358.20599021386,184.763024128959,-210.930829673824,-2365.52717419185
"OPTOTRAK _ C14 _ Right _ 3",179.839619645703,-222.638821030285,-2358.23916706808,184.753219968003,-210.938907523201,-2365.55670264511
"OPTOTRAK _ C14 _ Right _ 3",179.832134141417,-222.64462982271,-2358.27028732099,184.745063137742,-210.941877901903,-2365.58307634884
"OPTOTRAK _ C14 _ Right _ 3",179.827700516733,-222.646002598161,-2358.29539991924,184.739760784265,-210.939650692425,-2365.60284019871
"OPTOTRAK _ C14 _ Right _ 3",179.826912824806,-222.642624785607,-2358.3109586772,184.737901679383,-210.932526604138,-2365.61312926884
"OPTOTRAK _ C14 _ Right _ 3",179.829398975483,-222.634696981068,-2358.3146249891,184.739239470241,-210.921278654695,-2365.61237009243
"OPTOTRAK _ C14 _ Right _ 3",179.833817699411,-222.623070186349,-2358.30590070299,184.742622189693,-210.907199303807,-2365.60080612578
"OPTOTRAK _ C14 _ Right _ 3",179.83806746876,-222.609271724334,-2358.2864098692,184.746116780115,-210.892071592324,-2365.58068072471
"OPTOTRAK _ C14 _ Right _ 3",179.83968284514,-222.595381694828,-2358.25973102336,184.74732801811,-210.878040449916,-2365.55599170854
"OPTOTRAK _ C14 _ Right _ 3",179.836333539794,-222.583755367859,-2358.23079849141,184.743845833409,-210.867378981432,-2365.53183965323
"OPTOTRAK _ C14 _ Right _ 3",179.82629081765,-222.576631461738,-2358.20499163096,184.733703011104,-210.862160533074,-2365.51348899904
"OPTOTRAK _ C14 _ Right _ 3",179.808715388756,-222.575707221969,-2358.18708976084,184.715708230631,-210.863872302274,-2365.50532743137
"OPTOTRAK _ C14 _ Right _ 3",179.783669665335,-222.581786667149,-2358.18030800832,184.689550781987,-210.873045857065,-2365.50995159134
"OPTOTRAK _ C14 _ Right _ 3",179.751861576535,-222.594605102124,-2358.18565897758,184.655656505048,-210.88901554582,-2365.52762702312
"OPTOTRAK _ C14 _ Right _ 3",179.714250483557,-222.612893628337,-2358.2018678708,184.614890080515,-210.909913599788,-2365.55632742736
"OPTOTRAK _ C14 _ Right _ 3",179.671723872223,-222.634681485069,-2358.22594908266,184.568291400393,-210.932954248744,-2365.59240870901
"OPTOTRAK _ C14 _ Right _ 3",179.625029978096,-222.657764431397,-2358.25433119271,184.517029426448,-210.954970277399,-2365.63174944805
"OPTOTRAK _ C14 _ Right _ 3",179.575021477826,-222.680216132341,-2358.28417651204,184.462627370611,-210.973084538186,-2365.67099780018
"OPTOTRAK _ C14 _ Right _ 3",179.523088003442,-222.700801872706,-2358.3144048078,184.407323555007,-210.98535156734,-2365.70849971595
"OPTOTRAK _ C14 _ Right _ 3",179.471523189983,-222.719177603032,-2358.34599274996,184.354300050873,-210.991199869172,-2365.7445777591
"OPTOTRAK _ C14 _ Right _ 3",179.423559522036,-222.735818467611,-2358.38138014307,184.307517678604,-210.991548909547,-2365.78105784854
"OPTOTRAK _ C14 _ Right _ 3",179.382925431536,-222.751702298057,-2358.42316412217,184.271046412107,-210.988559117881,-2365.82021723454
"OPTOTRAK _ C14 _ Right _ 3",179.35298159809,-222.767849807021,-2358.47255115555,184.248013427213,-210.98507136316,-2365.86353340586
"OPTOTRAK _ C14 _ Right _ 3",179.335690405961,-222.784869088638,-2358.52815002117,184.239503991159,-210.983875536542,-2365.9106747175
"OPTOTRAK _ C14 _ Right _ 3",179.330783633739,-222.802651193977,-2358.5855932145,184.243839027311,-210.986999796481,-2365.95909289871
"OPTOTRAK _ C14 _ Right _ 3",179.335467785013,-222.820317909158,-2358.63820847697,184.256563697195,-210.995221590889,-2366.0043999535
"OPTOTRAK _ C14 _ Right _ 3",179.344837647983,-222.836450884096,-2358.67861149018,184.271240891056,-211.007955325594,-2366.04147665996
"OPTOTRAK _ C14 _ Right _ 3",179.352913625546,-222.849551645122,-2358.70076378426,184.280851554048,-211.023564914654,-2366.0660084741
"OPTOTRAK _ C14 _ Right _ 3",179.353988426899,-222.858605608173,-2358.70184801493,184.279385345347,-211.040005749763,-2366.0759562662
"OPTOTRAK _ C14 _ Right _ 3",179.343869580622,-222.863566680243,-2358.68333746108,184.263146870892,-211.055574766567,-2366.07244540845
"OPTOTRAK _ C14 _ Right _ 3",179.320670145095,-222.865573069025,-2358.65088486564,184.231414324663,-211.069500020485,-2366.05973894898
"OPTOTRAK _ C14 _ Right _ 3",179.284981607768,-222.866773682424,-2358.6130390804,184.186311755879,-211.082160386283,-2366.04427513463
"OPTOTRAK _ C14 _ Right _ 3",179.239469291783,-222.869777434073,-2358.57916803636,184.132004932248,-211.094868795133,-2366.03305581202
"OPTOTRAK _ C14 _ Right _ 3",179.188083302124,-222.876884635009,-2358.55719127475,184.073517898559,-211.109317605474,-2366.03185944655
"OPTOTRAK _ C14 _ Right _ 3",179.135142298543,-222.889354744554,-2358.55174842835,184.015538370118,-211.126902092753,-2366.04378215369
"OPTOTRAK _ C14 _ Right _ 3",179.084528241167,-222.906963557218,-2358.56327306268,183.961529419193,-211.148162586553,-2366.06849698332
"OPTOTRAK _ C14 _ Right _ 3",179.039151786262,-222.928005546489,-2358.58816849671,183.913329457812,-211.172518080284,-2366.10240955983
"OPTOTRAK _ C14 _ Right _ 3",179.000741141054,-222.949743939339,-2358.61997539252,183.871259975785,-211.198342836691,-2366.13964099688
"OPTOTRAK _ C14 _ Right _ 3",178.969908222519,-222.969160512129,-2358.65116338571,183.834625975534,-211.223316051607,-2366.17355641909
"OPTOTRAK _ C14 _ Right _ 3",178.946387046147,-222.983764026628,-2358.67503392465,183.802419014922,-211.244900868833,-2366.19842993096
"OPTOTRAK _ C14 _ Right _ 3",178.929331650661,-222.992214011251,-2358.68721987988,183.774016207702,-211.260808047772,-2366.21081478513
"OPTOTRAK _ C14 _ Right _ 3",178.917592386706,-222.994599675443,-2358.68641069966,183.749691760636,-211.269360257436,-2366.2102708853
"OPTOTRAK _ C14 _ Right _ 3",178.909938111754,-222.99233643504,-2358.67418364819,183.730805760045,-211.269752410858,-2366.19927526853
"OPTOTRAK _ C14 _ Right _ 3",178.905237358778,-222.987746618944,-2358.65409994172,183.719600390866,-211.262253104439,-2366.18236422837
"OPTOTRAK _ C14 _ Right _ 3",178.90263638599,-222.983444184623,-2358.63043109876,183.718609880892,-211.248384891955,-2366.16476192372
"OPTOTRAK _ C14 _ Right _ 3",178.901761762045,-222.981654070024,-2358.60695238503,183.729771074637,-211.231060391442,-2366.1508730295
"OPTOTRAK _ C14 _ Right _ 3",178.90292577776,-222.983593471277,-2358.58616906921,183.753400567855,-211.214566658369,-2366.14302536634
"OPTOTRAK _ C14 _ Right _ 3",178.907240692458,-222.989042516701,-2358.56916185495,183.78727236567,-211.204226841445,-2366.14076199294
"OPTOTRAK _ C14 _ Right _ 3",178.916492291176,-222.996229647957,-2358.55601107028,183.826077021358,-211.205571842738,-2366.14085019686
"OPTOTRAK _ C14 _ Right _ 3",178.932635832839,-223.002130989451,-2358.54655698207,183.861558555624,-211.222956148205,-2366.13804098851
"OPTOTRAK _ C14 _ Right _ 3",178.956888282906,-223.003215311653,-2358.54114142874,183.883585287653,-211.257751620664,-2366.12649362473
"OPTOTRAK _ C14 _ Right _ 3",178.988575823497,-222.996558729485,-2358.54099102366,183.882274031042,-211.30651159422,-2366.10166529442
"OPTOTRAK _ C14 _ Right _ 3",179.024083380912,-222.981126225503,-2358.54803174852,183.851020699649,-211.359738623407,-2366.06233774043
"OPTOTRAK _ C14 _ Right _ 3",179.056364751082,-222.958899693666,-2358.56411314095,183.789906991987,-211.402015897101,-2366.01231089393
"OPTOTRAK _ C14 _ Right _ 3",179.075456200123,-222.935458858003,-2358.58981073377,183.708539752,-211.414177794022,-2365.96117855876
"OPTOTRAK _ C14 _ Right _ 3",179.07027614502,-222.919627099253,-2358.62313791055,183.627095737926,-211.377825307902,-2365.92358509357
"OPTOTRAK _ C14 _ Right _ 3",179.031696102347,-222.921907759216,-2358.65861518194,183.574366363879,-211.281826090091,-2365.91652350537
"OPTOTRAK _ C14 _ Right _ 3",178.956454905279,-222.951677967943,-2358.68718348652,183.582044674178,-211.129570588435,-2365.95462294208
"OPTOTRAK _ C14 _ Right _ 3",178.851007988447,-223.013476789707,-2358.69735298431,183.675392750208,-210.944892744422,-2366.0439608065
"OPTOTRAK _ C14 _ Right _ 3",178.733966343702,-223.103177112792,-2358.67769989075,183.861675981598,-210.774004628308,-2366.17561311806
"OPTOTRAK _ C14 _ Right _ 3",178.635562439293,-223.205260065183,-2358.62038050138,184.119114793343,-210.680876762662,-2366.32078222853
"OPTOTRAK _ C14 _ Right _ 3",178.59277627256,-223.292663465356,-2358.5248493209,184.390216089624,-210.734487481671,-2366.42974906212
"OPTOTRAK _ C14 _ Right _ 3",178.639495529373,-223.33058221353,-2358.40062373128,184.583758928947,-210.988325291281,-2366.43686687137
"OPTOTRAK _ C14 _ Right _ 3",178.792366151834,-223.285018124542,-2358.2678671117,184.588979223489,-211.45521758151,-2366.27310008962
"OPTOTRAK _ C14 _ Right _ 3",179.034621262512,-223.135765566743,-2358.1548354863,184.303323957234,-212.083412061092,-2365.88608330657
"OPTOTRAK _ C14 _ Right _ 3",179.301759434041,-222.892004704032,-2358.09186546753,183.671554525265,-212.741995508163,-2365.26543175526
"OPTOTRAK _ C14 _ Right _ 3",179.473908593093,-222.607099231199,-2358.10250617814,182.729484065552,-213.224178461429,-2364.46844751091
"OPTOTRAK _ C14 _ Right _ 3",179.379436671139,-222.388085726062,-2358.19342648821,181.64127952462,-213.274789564976,-2363.63909475945
"OPTOTRAK _ C14 _ Right _ 3",178.812420340447,-222.395263705541,-2358.3455799347,180.716567633849,-212.64303900328,-2363.01208601666
"OPTOTRAK _ C14 _ Right _ 3",177.563038910124,-222.828634495138,-2358.50948577117,180.394327007762,-211.153557996051,-2362.89513273281
"OPTOTRAK _ C14 _ Right _ 3",175.455672703913,-223.900667315044,-2358.60714222142,181.186176848565,-208.779409893591,-2363.62655636542
"OPTOTRAK _ C14 _ Right _ 3",172.386075669754,-225.798404499306,-2358.54189974125,183.582351414833,-205.693203861288,-2365.51233779652
"OPTOTRAK _ C14 _ Right _ 3",168.348366712189,-228.641169150383,-2358.21567974954,187.937170882384,-202.271023637505,-2368.75467659733
"OPTOTRAK _ C14 _ Right _ 3",163.445804313191,-232.44196512161,-2357.55068943316,194.362210684857,-199.033000195933,-2373.39009763878
"OPTOTRAK _ C14 _ Right _ 3",157.885343132869,-237.080514702634,-2356.51109322286,202.658432998918,-196.524963005085,-2379.25550177343
"OPTOTRAK _ C14 _ Right _ 3",151.961705720471,-242.294061223356,-2355.1197637163,212.309508892968,-195.17154965977,-2385.99352076418
"OPTOTRAK _ C14 _ Right _ 3",146.038827674122,-247.689284727305,-2353.46638322273,222.539613662,-195.149821827115,-2393.09605610403
"OPTOTRAK _ C14 _ Right _ 3",140.5337675577,-252.775635115814,-2351.7050692657,232.418408036287,-196.331788750868,-2399.97245400334
"OPTOTRAK _ C14 _ Right _ 3",135.90190304974,-257.01775091546,-2350.04139108057,240.983877479893,-198.321526547522,-2406.0227229561
"OPTOTRAK _ C14 _ Right _ 3",132.615700193508,-259.902775489218,-2348.70981286799,247.355972557872,-200.577231247554,-2410.69990454228
"OPTOTRAK _ C14 _ Right _ 3",131.126377317158,-261.016707622973,-2347.94368191122,250.827987189759,-202.576676565091,-2413.55697949833
"OPTOTRAK _ C14 _ Right _ 3",131.801281139227,-260.121145863586,-2347.94127423035,250.938685610621,-203.969528124601,-2414.28541314642
"OPTOTRAK _ C14 _ Right _ 3",134.840020424563,-257.217619003551,-2348.83282565034,247.535566311605,-204.666003883873,-2412.75655737632
"OPTOTRAK _ C14 _ Right _ 3",140.186182305851,-252.583151929976,-2350.65426214393,240.833089580246,-204.833857566077,-2409.06964366566
"OPTOTRAK _ C14 _ Right _ 3",147.462869534232,-246.76137707886,-2353.33314151995,231.453070138962,-204.806120627399,-2403.59419409106
"OPTOTRAK _ C14 _ Right _ 3",155.962803643704,-240.501065350206,-2356.69093610328,220.419325457167,-204.932268924661,-2396.98024551326
"OPTOTRAK _ C14 _ Right _ 3",164.713303453941,-234.647637899759,-2360.46278937352,209.077985758405,-205.427486369396,-2390.10891061942
"OPTOTRAK _ C14 _ Right _ 3",172.614665832703,-230.007961593394,-2364.33132302733,198.933936570964,-206.279066467781,-2383.97431534368
"OPTOTRAK _ C14 _ Right _ 3",178.625486381337,-227.217548936399,-2367.96682734364,191.424585532799,-207.248553383246,-2379.51775861274
"OPTOTRAK _ C14 _ Right _ 3",181.951491065113,-226.637928972465,-2371.06525712244,187.677047380323,-207.967601654539,-2377.45703544788
"OPTOTRAK _ C14 _ Right _ 3",182.192956770224,-228.302080884135,-2373.37887719428,188.300690614333,-208.084492806121,-2378.15425787483
"OPTOTRAK _ C14 _ Right _ 3",179.418608140189,-231.913459495248,-2374.739241369,193.255530334548,-207.399144972217,-2381.54789433252
"OPTOTRAK _ C14 _ Right _ 3",174.153405140639,-236.894653639632,-2375.07415358512,201.820261806378,-205.935311840417,-2387.15438331594
"OPTOTRAK _ C14 _ Right _ 3",167.286608082872,-242.476162419976,-2374.41808946398,212.669881308628,-203.930276682191,-2394.13240580545
"OPTOTRAK _ C14 _ Right _ 3",159.921488674949,-247.812022577289,-2372.91226011249,224.059700941772,-201.757904788334,-2401.39869451447
"OPTOTRAK _ C14 _ Right _ 3",153.197434122899,-252.105597999674,-2370.79022294451,234.095153914561,-199.824722460316,-2407.7827070442
"OPTOTRAK _ C14 _ Right _ 3",148.117087731872,-254.726821803056,-2368.34884290879,241.046481117552,-198.48093481375,-2412.20443855345
"OPTOTRAK _ C14 _ Right _ 3",145.405202977689,-255.303407268862,-2365.90964140936,243.652227446314,-197.969691915823,-2413.85417520907
"OPTOTRAK _ C14 _ Right _ 3",145.415437242077,-253.773059563734,-2363.77830437212,241.352966140821,-198.411099987198,-2412.34658078251
"OPTOTRAK _ C14 _ Right _ 3",148.091757475594,-250.389760744121,-2362.20914396492,234.407871155049,-199.800131442682,-2407.81718770174
"OPTOTRAK _ C14 _ Right _ 3",152.985458020547,-245.683306322086,-2361.3783913396,223.867625384307,-202.000615722201,-2400.93141594864
"OPTOTRAK _ C14 _ Right _ 3",159.325472950067,-240.377468589421,-2361.36756586463,211.403774704211,-204.73725556454,-2392.78925097814
"OPTOTRAK _ C14 _ Right _ 3",166.134935631624,-235.278818665449,-2362.15662003504,199.02434238474,-207.607676365356,-2384.7340417092
"OPTOTRAK _ C14 _ Right _ 3",172.379153718723,-231.154205387718,-2363.62597234602,188.732475988911,-210.138444253435,-2378.10463141348
"OPTOTRAK _ C14 _ Right _ 3",177.122171852292,-228.61741230986,-2365.56701505007,182.198232233743,-211.887121221404,-2373.99094003463
"OPTOTRAK _ C14 _ Right _ 3",179.665968845132,-228.042615676716,-2367.70216364811,180.504750972333,-212.561013840263,-2373.05083562154
"OPTOTRAK _ C14 _ Right _ 3",179.65033944119,-229.515233219163,-2369.716541652,184.003247051608,-212.105420764702,-2375.42200111698
"OPTOTRAK _ C14 _ Right _ 3",177.099923805202,-232.823512520845,-2371.30167395849,192.282734655659,-210.721781044419,-2380.73194025959
"OPTOTRAK _ C14 _ Right _ 3",172.413578860189,-237.489672551672,-2372.20651174705,204.244002617334,-208.803363796361,-2388.18747462738
"OPTOTRAK _ C14 _ Right _ 3",166.29925379779,-242.836881351493,-2372.28529160502,218.262376287241,-206.809450091566,-2396.71617663904
"OPTOTRAK _ C14 _ Right _ 3",159.665685373984,-248.085094830783,-2371.52920359428,232.419697730163,-205.125159757609,-2405.13167192537
"OPTOTRAK _ C14 _ Right _ 3",153.48936844837,-252.463838387414,-2370.0719041055,244.776648940855,-203.961330734877,-2412.2978322878
"OPTOTRAK _ C14 _ Right _ 3",148.677814906693,-255.325572254691,-2368.16621403307,253.646851541059,-203.331012446122,-2417.27223489749
"OPTOTRAK _ C14 _ Right _ 3",145.946692670224,-256.242176156033,-2366.13718930125,257.832911873409,-203.103232657389,-2419.41680546472
"OPTOTRAK _ C14 _ Right _ 3",145.722420373988,-255.069840319801,-2364.32212616957,256.793998362941,-203.099610445481,-2418.47120574596
"OPTOTRAK _ C14 _ Right _ 3",148.078121601112,-251.97256125956,-2363.01019682134,250.727960373294,-203.183583324877,-2414.58835105156
"OPTOTRAK _ C14 _ Right _ 3",152.711005216303,-247.399940413754,-2362.39378739611,240.560292408658,-203.302101679903,-2408.32931868319
"OPTOTRAK _ C14 _ Right _ 3",158.970024617058,-242.020982779277,-2362.54059237055,227.836334011085,-203.468549494598,-2400.60978979216
"OPTOTRAK _ C14 _ Right _ 3",165.939231150993,-236.622533100817,-2363.39042321327,214.518529556614,-203.708129815722,-2392.58950065913
"OPTOTRAK _ C14 _ Right _ 3",172.572304180888,-231.988081220498,-2364.77469245762,202.70413143509,-204.006425125512,-2385.50654780611
"OPTOTRAK _ C14 _ Right _ 3",177.859798807166,-228.777525447295,-2366.45181456558,194.299519053227,-204.297134522195,-2380.47837311255
"OPTOTRAK _ C14 _ Right _ 3",180.9986888525,-227.42871800686,-2368.15022796162,190.705888215378,-204.497464047892,-2378.30963167431
"OPTOTRAK _ C14 _ Right _ 3",181.52955265929,-228.09681819799,-2369.61221161012,192.576572235148,-204.565923146107,-2379.35123067524
"OPTOTRAK _ C14 _ Right _ 3",179.412403826483,-230.639557540924,-2370.633692582,199.694836487724,-204.540328437063,-2383.44167077998
"OPTOTRAK _ C14 _ Right _ 3",175.025740087383,-234.648202636128,-2371.09554613,210.997503049271,-204.525930220441,-2389.93953703768
"OPTOTRAK _ C14 _ Right _ 3",169.090758063974,-239.516984165929,-2370.98095801184,224.741917275715,-204.636635493202,-2397.83501925225
"OPTOTRAK _ C14 _ Right _ 3",162.53928945229,-244.538365198606,-2370.37389203556,238.786759653177,-204.924163496111,-2405.91439742068
"OPTOTRAK _ C14 _ Right _ 3",156.35516726425,-249.008025896529,-2369.43735964783,250.935241196118,-205.339817045631,-2412.94578557562
"OPTOTRAK _ C14 _ Right _ 3",151.420781580655,-252.322963374569,-2368.37602454775,259.278617608385,-205.754852473118,-2417.85656950644
"OPTOTRAK _ C14 _ Right _ 3",148.393609412298,-254.059353166416,-2367.39277723678,262.483481698825,-206.029929048929,-2419.88083024011
"OPTOTRAK _ C14 _ Right _ 3",147.626151812277,-254.022403088628,-2366.65070043465,259.984469946051,-206.094102159906,-2418.66433270367
"OPTOTRAK _ C14 _ Right _ 3",149.132938922149,-252.265526166493,-2366.24959084515,252.06414363072,-205.987198709938,-2414.32038010716
"OPTOTRAK _ C14 _ Right _ 3",152.602925715203,-249.079036846092,-2366.22097763195,239.815366402036,-205.839251258872,-2407.42987436518
"OPTOTRAK _ C14 _ Right _ 3",157.45325258688,-244.949960678872,-2366.53934767585,224.989508774222,-205.795811755058,-2398.97681771237
"OPTOTRAK _ C14 _ Right _ 3",162.917751563543,-240.49641803317,-2367.14215886237,209.744005775342,-205.930131048558,-2390.21410994697
"OPTOTRAK _ C14 _ Right _ 3",168.159134501441,-236.383371186744,-2367.9490741741,196.319877354796,-206.194528209316,-2382.46951721489
"OPTOTRAK _ C14 _ Right _ 3",172.389028638326,-233.230284115616,-2368.87293605758,186.698972633552,-206.444480503028,-2376.92398902194
"OPTOTRAK _ C14 _ Right _ 3",174.978093142635,-231.523461101633,-2369.82101402533,182.300976232913,-206.527363347501,-2374.4104625711
"OPTOTRAK _ C14 _ Right _ 3",175.540918662089,-231.545464233357,-2370.69212365248,183.774131013631,-206.387220887939,-2375.27920136936
"OPTOTRAK _ C14 _ Right _ 3",173.985495605388,-233.331719564132,-2371.37873599499,190.91330529987,-206.123492863282,-2379.35657558968
"OPTOTRAK _ C14 _ Right _ 3",170.521806729238,-236.661377954559,-2371.78020082803,202.713288342439,-205.964611478423,-2385.99899765415
"OPTOTRAK _ C14 _ Right _ 3",165.628237069258,-241.085628934598,-2371.82527384589,217.541438448165,-206.163478747673,-2394.222348535
"OPTOTRAK _ C14 _ Right _ 3",159.980133963734,-245.990954401976,-2371.49462596912,233.394284488906,-206.865118273159,-2402.87355516195
"OPTOTRAK _ C14 _ Right _ 3",154.35218554401,-250.687742250451,-2370.83209694814,248.189001463118,-208.013793875996,-2410.80628578374
"OPTOTRAK _ C14 _ Right _ 3",149.511572343277,-254.509233067143,-2369.93831493627,260.038140479972,-209.348396290806,-2417.02820384128
"OPTOTRAK _ C14 _ Right _ 3",146.11835442149,-256.90480013327,-2368.94848783765,267.468940043238,-210.491263052064,-2420.80180777589
"OPTOTRAK _ C14 _ Right _ 3",144.644126330861,-257.514851943783,-2368.00261537398,269.572114108164,-211.090870012912,-2421.69902192198
"OPTOTRAK _ C14 _ Right _ 3",145.314195563366,-256.219400321846,-2367.2181766364,266.085478454781,-210.955517847833,-2419.62298809996
"OPTOTRAK _ C14 _ Right _ 3",148.076154006486,-253.156053129975,-2366.67292555201,257.423077056572,-210.121616483575,-2414.81227124045
"OPTOTRAK _ C14 _ Right _ 3",152.598555129793,-248.705539808259,-2366.40088336725,244.650352759779,-208.830044179105,-2407.83228245939
"OPTOTRAK _ C14 _ Right _ 3",158.304104969412,-243.445296248979,-2366.39985642552,229.392312094863,-207.423505748813,-2399.54313608857
"OPTOTRAK _ C14 _ Right _ 3",164.438787277147,-238.075485127869,-2366.64498391074,213.659565951185,-206.211652121799,-2391.02438733039
"OPTOTRAK _ C14 _ Right _ 3",170.171105740009,-233.326678348908,-2367.10090563134,199.593359154899,-205.364890342453,-2383.44474451391
"OPTOTRAK _ C14 _ Right _ 3",174.707414675724,-229.862095657822,-2367.72628091464,189.158536937359,-204.883472232498,-2377.88765805633
"OPTOTRAK _ C14 _ Right _ 3",177.404741459024,-228.18784872151,-2368.46902995105,183.837500123191,-204.649482603508,-2375.1680804114
"OPTOTRAK _ C14 _ Right _ 3",177.863506832178,-228.582339954973,-2369.25707240653,184.385735704865,-204.525483746862,-2375.6857699213
"OPTOTRAK _ C14 _ Right _ 3",175.986867524544,-231.052970737804,-2369.99359742825,190.698241066772,-204.440608219133,-2379.3511329228
"OPTOTRAK _ C14 _ Right _ 3",171.997752570128,-235.32633636689,-2370.56453141359,201.813211720104,-204.416714800507,-2385.59851333937
"OPTOTRAK _ C14 _ Right _ 3",166.408988535453,-240.876318898606,-2370.8590455926,216.053286478899,-204.525806712556,-2393.4801419205
"OPTOTRAK _ C14 _ Right _ 3",159.94887660467,-246.990374861843,-2370.7959814195,231.279836193943,-204.811613421343,-2401.81788242135
"OPTOTRAK _ C14 _ Right _ 3",153.454450073324,-252.866908849805,-2370.34530892581,245.21490432699,-205.22877597157,-2409.38134398803
"OPTOTRAK _ C14 _ Right _ 3",147.75269369378,-257.728761204299,-2369.53644963768,255.774100050153,-205.64097776052,-2415.06082762073
"OPTOTRAK _ C14 _ Right _ 3",143.550846692279,-260.933948595908,-2368.45215160187,261.357870288787,-205.882641140894,-2418.0116700889
"OPTOTRAK _ C14 _ Right _ 3",141.350409173575,-262.066559210973,-2367.21283925723,261.066047295044,-205.850253582762,-2417.75890452321
"OPTOTRAK _ C14 _ Right _ 3",141.390982905277,-260.995742709851,-2365.9585784641,254.819903099548,-205.571352393502,-2414.2607041426
"OPTOTRAK _ C14 _ Right _ 3",143.625111470871,-257.895640213956,-2364.83392172723,243.385862963668,-205.209937368641,-2407.93016792403
"OPTOTRAK _ C14 _ Right _ 3",147.724946099196,-253.222818594459,-2363.97718132037,228.29521862963,-204.999236877173,-2399.60839120439
"OPTOTRAK _ C14 _ Right _ 3",153.122638918066,-247.651835427079,-2363.51248512011,211.655550283316,-205.130540731847,-2390.47575892497
"OPTOTRAK _ C14 _ Right _ 3",159.084724963879,-241.975614965086,-2363.54148541451,195.863228336083,-205.652562101916,-2381.89397112264
"OPTOTRAK _ C14 _ Right _ 3",164.814918454541,-236.984702800445,-2364.13203625783,183.251637718214,-206.434915118772,-2375.19230500786
"OPTOTRAK _ C14 _ Right _ 3",169.57212740694,-233.345138820511,-2365.30351692455,175.733036143046,-207.218362433017,-2371.43797062432
"OPTOTRAK _ C14 _ Right _ 3",172.78526966753,-231.49568974609,-2367.0122864671,174.498352438571,-207.728369169593,-2371.24426325445
"OPTOTRAK _ C14 _ Right _ 3",174.145801416364,-231.581342616045,-2369.14411511133,179.8257766248,-207.794511655878,-2374.66180969308
"OPTOTRAK _ C14 _ Right _ 3",173.661405793647,-233.433762810484,-2371.5204977052,191.025795451954,-207.416938754046,-2381.17391356935
"OPTOTRAK _ C14 _ Right _ 3",171.658219283475,-236.602949170053,-2373.92120832205,206.529191670756,-206.751470144284,-2389.7907077079
"OPTOTRAK _ C14 _ Right _ 3",168.725464423783,-240.437088893177,-2376.11841750511,224.108105879716,-206.028102219072,-2399.21755058009
"OPTOTRAK _ C14 _ Right _ 3",165.60774008435,-244.198449939229,-2377.91253300855,241.203565139282,-205.450197831372,-2408.0626995236
"OPTOTRAK _ C14 _ Right _ 3",163.064620240352,-247.193771216065,-2379.15994579657,255.313801581945,-205.126828608321,-2415.04721717768
"OPTOTRAK _ C14 _ Right _ 3",161.727672965107,-248.892734688324,-2379.78763511378,264.382330938479,-205.066553069061,-2419.18571434686
"OPTOTRAK _ C14 _ Right _ 3",161.985558595864,-249.011193900684,-2379.79536808304,267.121339583153,-205.222399032212,-2419.91734151858
"OPTOTRAK _ C14 _ Right _ 3",163.919032590399,-247.545581006001,-2379.24931379881,263.216259361353,-205.548856519477,-2417.17716445287
"OPTOTRAK _ C14 _ Right _ 3",167.294868030937,-244.75664201525,-2378.27048248682,253.376737739317,-206.029342814985,-2411.40410086564
"OPTOTRAK _ C14 _ Right _ 3",171.615638127821,-241.110445472383,-2377.01930696989,239.22277493244,-206.656716150837,-2403.48319606129
"OPTOTRAK _ C14 _ Right _ 3",176.212586388204,-237.191157041622,-2375.67611750548,223.021527043486,-207.384007145868,-2394.62257035678
"OPTOTRAK _ C14 _ Right _ 3",180.361917376527,-233.603270476357,-2374.41740626451,207.318812000056,-208.08558433203,-2386.17458644442
"OPTOTRAK _ C14 _ Right _ 3",183.402102055517,-230.880494523994,-2373.38968166201,194.532422516289,-208.565170874076,-2379.42602970863
"OPTOTRAK _ C14 _ Right _ 3",184.832679370732,-229.414229464657,-2372.68548581344,186.580912524676,-208.618270178517,-2375.39477375227
"OPTOTRAK _ C14 _ Right _ 3",184.382655921047,-229.408010833902,-2372.32810800843,184.606951433983,-208.121512555598,-2374.67121514921
"OPTOTRAK _ C14 _ Right _ 3",182.04482417144,-230.858469246924,-2372.27086178235,188.827208075134,-207.102631025003,-2377.33100621121
"OPTOTRAK _ C14 _ Right _ 3",178.076673031951,-233.560756027163,-2372.41286535661,198.516518606005,-205.75234266714,-2382.92920389813
"OPTOTRAK _ C14 _ Right _ 3",172.968612403844,-237.136771463162,-2372.62745834991,212.120948407244,-204.367581500409,-2390.57241273257
"OPTOTRAK _ C14 _ Right _ 3",167.38016521158,-241.085039345938,-2372.79452542271,227.486846648389,-203.249647353932,-2399.05598338044
"OPTOTRAK _ C14 _ Right _ 3",162.048813688937,-244.848938786053,-2372.82676086143,242.181361176383,-202.604031397782,-2407.04574042279
"OPTOTRAK _ C14 _ Right _ 3",157.683650777847,-247.895385909204,-2372.68320516667,253.863015174756,-202.487632399937,-2413.27807393359
"OPTOTRAK _ C14 _ Right _ 3",154.861730873498,-249.792024068567,-2372.36944701069,260.647348337272,-202.822718261166,-2416.75066528311
"OPTOTRAK _ C14 _ Right _ 3",153.944728540104,-250.270512201775,-2371.9290948301,261.410165127923,-203.460553654019,-2416.87905035959
"OPTOTRAK _ C14 _ Right _ 3",155.027904069911,-249.266637348998,-2371.43261756471,255.979309300684,-204.253393148374,-2413.59887849084
"OPTOTRAK _ C14 _ Right _ 3",157.92667578208,-246.932309527922,-2370.96743555615,245.179950185828,-205.095269381014,-2407.39706088233
"OPTOTRAK _ C14 _ Right _ 3",162.201291483337,-243.618115974936,-2370.62954132243,230.716376461949,-205.916981973691,-2399.25789672893
"OPTOTRAK _ C14 _ Right _ 3",167.216570423446,-239.82820738308,-2370.51434510879,214.898728882186,-206.653063015886,-2390.51837918894
"OPTOTRAK _ C14 _ Right _ 3",172.229443641591,-236.152779283121,-2370.70396367466,200.256771274534,-207.218035683368,-2382.64559616715
"OPTOTRAK _ C14 _ Right _ 3",176.492084074286,-233.186941952504,-2371.24991457965,189.114627924558,-207.52220124108,-2376.97523456117
"OPTOTRAK _ C14 _ Right _ 3",179.355317803123,-231.446855273525,-2372.15375799822,183.213227064549,-207.526563961361,-2374.46973279013
"OPTOTRAK _ C14 _ Right _ 3",180.3577148753,-231.293965908281,-2373.35222487069,183.451659274781,-207.303224603066,-2375.55351195608
"OPTOTRAK _ C14 _ Right _ 3",179.289072200277,-232.87708360392,-2374.71510227071,189.783445702845,-207.055453580993,-2380.06008618557
"OPTOTRAK _ C14 _ Right _ 3",176.220224227307,-236.101077295115,-2376.06139503065,201.26784693189,-207.06912192594,-2387.29394522405
"OPTOTRAK _ C14 _ Right _ 3",171.493991953757,-240.629474812616,-2377.19255968527,216.2518268708,-207.603738540423,-2396.18225691585
"OPTOTRAK _ C14 _ Right _ 3",165.677146811329,-245.924132788226,-2377.93427358499,232.643409009564,-208.767260991634,-2405.47435269254
"OPTOTRAK _ C14 _ Right _ 3",159.481449173707,-251.317795428951,-2378.17425268667,248.226775108106,-210.434849376666,-2413.94251817657
"OPTOTRAK _ C14 _ Right _ 3",153.669235697634,-256.107510031657,-2377.88506946408,260.965833065837,-212.257034673439,-2420.54578737477
"OPTOTRAK _ C14 _ Right _ 3",148.960168531285,-259.652754583572,-2377.12658846439,269.25238006507,-213.762793897135,-2424.53642123887
"OPTOTRAK _ C14 _ Right _ 3",145.949756051029,-261.463537712479,-2376.02933382755,272.07649473855,-214.518668617455,-2425.50982413073
"OPTOTRAK _ C14 _ Right _ 3",145.042377742196,-261.268350968725,-2374.76498221812,269.119270313085,-214.279509037941,-2423.41410768953
"OPTOTRAK _ C14 _ Right _ 3",146.398213645341,-259.055844935212,-2373.51221229648,260.778686880191,-213.07066807223,-2418.5386966569
"OPTOTRAK _ C14 _ Right _ 3",149.896742184308,-255.085676815656,-2372.42580332131,248.134543941292,-211.170911570545,-2411.49149136602
"OPTOTRAK _ C14 _ Right _ 3",155.125931758627,-249.864500023081,-2371.61492448362,232.84626511509,-209.006274042139,-2403.15780913852
"OPTOTRAK _ C14 _ Right _ 3",161.409872654633,-244.085367796085,-2371.13341211155,216.97237936596,-207.00179668709,-2394.62343371151
"OPTOTRAK _ C14 _ Right _ 3",167.883694776371,-238.534543910114,-2370.98102693309,202.712237501297,-205.455622604019,-2387.04882088551
"OPTOTRAK _ C14 _ Right _ 3",173.612987488899,-233.977585275144,-2371.11159453991,192.096085578647,-204.487785769903,-2381.50207051958
"OPTOTRAK _ C14 _ Right _ 3",177.740345054802,-231.043034432656,-2371.44336614392,186.674674205657,-204.076304785398,-2378.78240040897
"OPTOTRAK _ C14 _ Right _ 3",179.630904303246,-230.12399505431,-2371.86940598184,187.269118063268,-204.145914507885,-2379.27761917572
"OPTOTRAK _ C14 _ Right _ 3",178.986231710984,-231.314847649174,-2372.26933136269,193.831294687622,-204.648392282343,-2382.8920942122
"OPTOTRAK _ C14 _ Right _ 3",175.90171469203,-234.394325842294,-2372.52508837703,205.441954991059,-205.584254203029,-2389.0620784066
"OPTOTRAK _ C14 _ Right _ 3",170.854363706623,-238.858902290067,-2372.5411206133,220.447467952181,-206.955881389694,-2396.85292066503
"OPTOTRAK _ C14 _ Right _ 3",164.623179641385,-244.002179242018,-2372.26496544302,236.710930107533,-208.686876630366,-2405.11410665698
"OPTOTRAK _ C14 _ Right _ 3",158.159713534889,-249.027013181292,-2371.70145762103,251.931520339826,-210.565303601374,-2412.65715530676
"OPTOTRAK _ C14 _ Right _ 3",152.436860968791,-253.169854831846,-2370.91468866223,263.974207061104,-212.256228933247,-2418.42142032975
"OPTOTRAK _ C14 _ Right _ 3",148.304678395826,-255.814879698586,-2370.0161243923,271.157408633335,-213.389558509035,-2421.60402856731
"OPTOTRAK _ C14 _ Right _ 3",146.373813740979,-256.580109626221,-2369.14215906513,272.466328123303,-213.68671666035,-2421.74681466835
"OPTOTRAK _ C14 _ Right _ 3",146.936403929241,-255.365886558452,-2368.42744952911,267.680846663763,-213.067966352078,-2418.78558439616
"OPTOTRAK _ C14 _ Right _ 3",149.927693524708,-252.36318745668,-2367.98089651873,257.415918804866,-211.689974263594,-2413.06809917727
"OPTOTRAK _ C14 _ Right _ 3",154.930754641974,-248.023218997697,-2367.86963993766,243.068363139576,-209.894049544792,-2405.33745597288
"OPTOTRAK _ C14 _ Right _ 3",161.227583099755,-242.991930165191,-2368.11358273623,226.658700734566,-208.085183339845,-2396.66631610957
"OPTOTRAK _ C14 _ Right _ 3",167.896994072851,-238.016218390388,-2368.68934364867,210.564922020336,-206.594177127967,-2388.32737548618
"OPTOTRAK _ C14 _ Right _ 3",173.950932776958,-233.833473901633,-2369.53931273462,197.171168927989,-205.583857440066,-2381.60304105805
"OPTOTRAK _ C14 _ Right _ 3",178.489398357486,-231.060607208409,-2370.58056168572,188.486731500525,-205.037619583344,-2377.56506385276
"OPTOTRAK _ C14 _ Right _ 3",180.84656901577,-230.099962941502,-2371.71097849304,185.809668235184,-204.824347051396,-2376.87496913577
"OPTOTRAK _ C14 _ Right _ 3",180.700869627117,-231.07687891786,-2372.81464711481,189.503041403369,-204.794587498253,-2379.6550570667
"OPTOTRAK _ C14 _ Right _ 3",178.128361293497,-233.818942707894,-2373.77127332699,198.925703608609,-204.852804997303,-2385.45960839283
"OPTOTRAK _ C14 _ Right _ 3",173.588676540757,-237.881758759359,-2374.47250876164,212.528383221349,-204.97298706467,-2393.34926734718
"OPTOTRAK _ C14 _ Right _ 3",167.844667336777,-242.619557785085,-2374.84251528579,228.098407308358,-205.163068649185,-2402.04916806668
"OPTOTRAK _ C14 _ Right _ 3",161.830704133486,-247.290325052076,-2374.85542860022,243.112976061464,-205.414101243769,-2410.15769110006
"OPTOTRAK _ C14 _ Right _ 3",156.496565754188,-251.176427110627,-2374.54234432118,255.142097071449,-205.675543469813,-2416.36848532834
"OPTOTRAK _ C14 _ Right _ 3",152.658015949024,-253.697684415057,-2373.98509053897,262.233836181279,-205.876061805331,-2419.67210899726
"OPTOTRAK _ C14 _ Right _ 3",150.87909107231,-254.497227106871,-2373.29984069774,263.220607066009,-205.974782739974,-2419.51158387971
"OPTOTRAK _ C14 _ Right _ 3",151.399449858617,-253.488935565235,-2372.61681455464,257.901874603345,-206.004317722368,-2415.87377251948
"OPTOTRAK _ C14 _ Right _ 3",154.110214311746,-250.863623082562,-2372.06180475807,247.077619570252,-206.069731968718,-2409.30352485806
"OPTOTRAK _ C14 _ Right _ 3",158.576929401548,-247.056269468283,-2371.74237164451,232.424634035347,-206.295299991324,-2400.83202489416
"OPTOTRAK _ C14 _ Right _ 3",164.106199054509,-242.679506092755,-2371.73820147323,216.2281348599,-206.746510157973,-2391.81988211376
"OPTOTRAK _ C14 _ Right _ 3",169.849028077406,-238.431730942171,-2372.09300449095,201.008306712759,-207.37564852495,-2383.7328452608
"OPTOTRAK _ C14 _ Right _ 3",174.927791867154,-234.99235853631,-2372.80580841569,189.109260669137,-208.029687519657,-2377.88957326907
"OPTOTRAK _ C14 _ Right _ 3",178.568038900777,-232.91978886475,-2373.82278197488,182.330747514455,-208.522658005781,-2375.2347521204
"OPTOTRAK _ C14 _ Right _ 3",180.214637438895,-232.567516725296,-2375.0346959999,181.669265221443,-208.734771190699,-2376.18660115233
"OPTOTRAK _ C14 _ Right _ 3",179.61465780694,-234.030510249541,-2376.28630224601,187.201538470309,-208.683508904136,-2380.58681751667
"OPTOTRAK _ C14 _ Right _ 3",176.854650319958,-237.129452739401,-2377.40040962197,198.109828539164,-208.526365369964,-2387.75439207177
"OPTOTRAK _ C14 _ Right _ 3",172.34614129642,-241.435787973714,-2378.21284951156,212.829048958632,-208.49000067649,-2396.62264473422
"OPTOTRAK _ C14 _ Right _ 3",166.760891287726,-246.335082628627,-2378.6086184267,229.287262906633,-208.757967636974,-2405.92517011358
"OPTOTRAK _ C14 _ Right _ 3",160.926950772197,-251.119448800917,-2378.54760662223,245.204282301408,-209.371740100634,-2414.39192342114
"OPTOTRAK _ C14 _ Right _ 3",155.704689149008,-255.093449658162,-2378.07157436555,258.406261817658,-210.195541391893,-2420.92177655873
"OPTOTRAK _ C14 _ Right _ 3",151.864135757882,-257.675460814388,-2377.29081681333,267.113795374132,-210.964634303202,-2424.71084457843
"OPTOTRAK _ C14 _ Right _ 3",149.980212873309,-258.479358692559,-2376.35589917799,270.170361525956,-211.395035511574,-2425.33132521188
"OPTOTRAK _ C14 _ Right _ 3",150.355210789382,-257.367309003842,-2375.42393929731,267.191488222781,-211.302562745775,-2422.76638435273
"OPTOTRAK _ C14 _ Right _ 3",152.973601490249,-254.469582575832,-2374.62914174142,258.623981149113,-210.675753978534,-2417.40816687583
"OPTOTRAK _ C14 _ Right _ 3",157.494262680532,-250.170189724816,-2374.06439450949,245.706195337973,-209.670938810212,-2410.01950822434
"OPTOTRAK _ C14 _ Right _ 3",163.285879979487,-245.059089839102,-2373.7760730231,230.320971526634,-208.536545403027,-2401.6523879177
"OPTOTRAK _ C14 _ Right _ 3",169.508054401359,-239.854931623328,-2373.76922753316,214.742550173062,-207.508905236798,-2393.51666811574
"OPTOTRAK _ C14 _ Right _ 3",175.231812422756,-235.307132231553,-2374.01690284292,201.301545137055,-206.734807794202,-2386.80571994779
"OPTOTRAK _ C14 _ Right _ 3",179.581859429202,-232.090772337508,-2374.46732809223,192.020001211371,-206.257622502566,-2382.5057752241
"OPTOTRAK _ C14 _ Right _ 3",181.874810603382,-230.709860837716,-2375.04654287019,188.28598502121,-206.063065185227,-2381.23025454325
"OPTOTRAK _ C14 _ Right _ 3",181.726888275836,-231.423260513347,-2375.65942347908,190.632733926255,-206.143415659162,-2383.1187818045
"OPTOTRAK _ C14 _ Right _ 3",179.110868620728,-234.204240528864,-2376.19511811828,198.66329439225,-206.530059096129,-2387.82393822449
"OPTOTRAK _ C14 _ Right _ 3",174.352358524425,-238.74056156671,-2376.54111187162,211.129918925443,-207.268454550476,-2394.58573215206
"OPTOTRAK _ C14 _ Right _ 3",168.067595079696,-244.476811213836,-2376.60463531311,226.148249975149,-208.350024092249,-2402.3726080974
"OPTOTRAK _ C14 _ Right _ 3",161.057616083172,-250.693389366734,-2376.33470126558,241.502361558398,-209.646868585344,-2410.05375955089
"OPTOTRAK _ C14 _ Right _ 3",154.183504936659,-256.608408574472,-2375.73628821694,254.980649539105,-210.898889513628,-2416.56423292936
"OPTOTRAK _ C14 _ Right _ 3",148.249228341332,-261.483942410412,-2374.87105457738,264.681369014552,-211.775944957248,-2421.03345452455
"OPTOTRAK _ C14 _ Right _ 3",143.91039198045,-264.719778965707,-2373.84448925992,269.244153392273,-211.995660197214,-2422.86601723344
"OPTOTRAK _ C14 _ Right _ 3",141.613902781086,-265.924670495632,-2372.78436050689,267.991861856002,-211.445028116183,-2421.78214060232
"OPTOTRAK _ C14 _ Right _ 3",141.56338450707,-264.961810989584,-2371.81746561551,260.989231834712,-210.247993654964,-2417.83439228237
"OPTOTRAK _ C14 _ Right _ 3",143.703371740071,-261.967784984493,-2371.05075623051,249.03004382405,-208.742645573384,-2411.4121846898
"OPTOTRAK _ C14 _ Right _ 3",147.720544004359,-257.342840482211,-2370.56011259376,233.555776661881,-207.369442729394,-2403.23004755214
"OPTOTRAK _ C14 _ Right _ 3",153.066945639626,-251.708912821293,-2370.38683402631,216.499703616718,-206.511134160661,-2394.28107514754
"OPTOTRAK _ C14 _ Right _ 3",159.012526953784,-245.834179090929,-2370.53934661984,200.054493768586,-206.350208357531,-2385.73590332009
"OPTOTRAK _ C14 _ Right _ 3",164.729954683105,-240.529704859819,-2370.99641439401,186.381252972034,-206.807118736125,-2378.78488813215
"OPTOTRAK _ C14 _ Right _ 3",169.405401970642,-236.531944381776,-2371.70889513182,177.302314020779,-207.587993154877,-2374.44788963854
"OPTOTRAK _ C14 _ Right _ 3",172.359709204597,-234.390166156337,-2372.59982761452,174.032157272598,-208.318417568601,-2373.39481949867
"OPTOTRAK _ C14 _ Right _ 3",173.159069673426,-234.378043029538,-2373.56593637109,176.992853339851,-208.699063712088,-2375.81985399828
"OPTOTRAK _ C14 _ Right _ 3",171.694303723984,-236.444756910786,-2374.48506272809,185.740525022427,-208.612533217175,-2381.39674246023
"OPTOTRAK _ C14 _ Right _ 3",168.211695947118,-240.215402537701,-2375.23210107132,199.011697224715,-208.139561359274,-2389.32301073116
"OPTOTRAK _ C14 _ Right _ 3",163.285604810409,-245.043966506579,-2375.70152322787,214.887274004426,-207.48869552983,-2398.44368363406
"OPTOTRAK _ C14 _ Right _ 3",157.733819801686,-250.113666027691,-2375.83007361597,231.05962959551,-206.883896021329,-2407.43136361783
"OPTOTRAK _ C14 _ Right _ 3",152.489384122699,-254.569134143985,-2375.61157152852,245.16944165655,-206.470377911541,-2414.99013011657
"OPTOTRAK _ C14 _ Right _ 3",148.452591713472,-257.656366747674,-2375.09833485592,255.160123776478,-206.282321091944,-2420.04865434205
"OPTOTRAK _ C14 _ Right _ 3",146.349503015876,-258.844103843735,-2374.38919637171,259.590867862572,-206.276548751794,-2421.91418422052
"OPTOTRAK _ C14 _ Right _ 3",146.618754611531,-257.905566122898,-2373.60917028634,257.858006777623,-206.398247792626,-2420.36988968392
"OPTOTRAK _ C14 _ Right _ 3",149.341272849878,-254.948916397041,-2372.88786342831,250.291515419703,-206.630801790181,-2415.70717829764
"OPTOTRAK _ C14 _ Right _ 3",154.221743751085,-250.394327493057,-2372.34224523066,238.110671426423,-206.997878573553,-2408.68877886645
"OPTOTRAK _ C14 _ Right _ 3",160.626094271146,-244.903516076779,-2372.0657600375,223.239629867587,-207.520433181837,-2400.44095635493
"OPTOTRAK _ C14 _ Right _ 3",167.672759168716,-239.274506478909,-2372.12198836458,208.005109568381,-208.163155755995,-2392.28124382836
"OPTOTRAK _ C14 _ Right _ 3",174.365677733851,-234.320030894515,-2372.53903744318,194.765054418159,-208.814043811007,-2385.50450559779
"OPTOTRAK _ C14 _ Right _ 3",179.746763122828,-230.750280058065,-2373.30188101664,185.538244947901,-209.319840883566,-2381.16783965701
"OPTOTRAK _ C14 _ Right _ 3",183.040692389815,-229.077618770271,-2374.34381359776,181.705373797987,-209.562257648749,-2379.92089413281
"OPTOTRAK _ C14 _ Right _ 3",183.768191330899,-229.553416717471,-2375.54266830384,183.82865764505,-209.531302258194,-2381.91645599717
"OPTOTRAK _ C14 _ Right _ 3",181.812359672435,-232.139824334147,-2376.72896456975,191.604026438763,-209.350835509848,-2386.81333448089
"OPTOTRAK _ C14 _ Right _ 3",177.430442053625,-236.516155663258,-2377.70975874285,203.935762065848,-209.235740126358,-2393.86129765588
"OPTOTRAK _ C14 _ Right _ 3",171.209483732737,-242.119800265213,-2378.30503430295,219.112685396987,-209.395158352584,-2402.04259253589
"OPTOTRAK _ C14 _ Right _ 3",163.971978053289,-248.220532276555,-2378.38685377262,235.058522529088,-209.925678803884,-2410.23704898918
"OPTOTRAK _ C14 _ Right _ 3",156.648486465402,-254.021308032929,-2377.90909550357,249.620185057958,-210.747924188133,-2417.37797625838
"OPTOTRAK _ C14 _ Right _ 3",150.143211629544,-258.770356100541,-2376.91885365761,260.851189217686,-211.622300443387,-2422.57475932758
"OPTOTRAK _ C14 _ Right _ 3",145.218256730861,-261.864713523704,-2375.54745315585,267.251954528434,-212.241631175714,-2425.19344587608
"OPTOTRAK _ C14 _ Right _ 3",142.411722548912,-262.928239418493,-2373.98551907061,267.944295191154,-212.36018484604,-2424.90225633976
"OPTOTRAK _ C14 _ Right _ 3",141.9910805633,-261.855364460215,-2372.44974574574,262.773632115719,-211.900488684593,-2421.69648516811
"OPTOTRAK _ C14 _ Right _ 3",143.935224050261,-258.819775222712,-2371.14888965664,252.338383401085,-210.989131947262,-2415.91201335557
"OPTOTRAK _ C14 _ Right _ 3",147.93942728927,-254.251091391085,-2370.25470551308,237.940892249022,-209.904483928008,-2408.22170126755
"OPTOTRAK _ C14 _ Right _ 3",153.443460357409,-248.782864588345,-2369.88123867843,221.448800371898,-208.959169375833,-2399.59462535333
"OPTOTRAK _ C14 _ Right _ 3",159.68758781652,-243.175203726565,-2370.0733775688,205.063108003513,-208.371734675632,-2391.19682315677
"OPTOTRAK _ C14 _ Right _ 3",165.799347033924,-238.217782089614,-2370.80339428932,191.012925245019,-208.189243155741,-2384.22984170897
"OPTOTRAK _ C14 _ Right _ 3",170.90612385929,-234.623603156363,-2371.97354574385,181.225833111737,-208.297738423172,-2379.73250658671
"OPTOTRAK _ C14 _ Right _ 3",174.259178862536,-232.927782414689,-2373.42429093133,177.037931383193,-208.510761620961,-2378.39388213462
"OPTOTRAK _ C14 _ Right _ 3",175.348776648739,-233.406321210938,-2374.94997409278,178.998519682437,-208.684230502179,-2380.42675127885
"OPTOTRAK _ C14 _ Right _ 3",173.989212204677,-236.027661659298,-2376.32423553469,186.798237223518,-208.794172199012,-2385.53189219253
"OPTOTRAK _ C14 _ Right _ 3",170.356122626184,-240.446343006712,-2377.33444596531,199.323160250034,-208.937043608381,-2392.95657200848
"OPTOTRAK _ C14 _ Right _ 3",164.966102727146,-246.043575355947,-2377.81953254444,214.820121238394,-209.255431589937,-2401.62779495275
"OPTOTRAK _ C14 _ Right _ 3",158.600274820845,-252.012673093787,-2377.70191164993,231.147023980005,-209.83204881549,-2410.32703938515
"OPTOTRAK _ C14 _ Right _ 3",152.186519691925,-257.477984800047,-2377.00440157695,246.071073225713,-210.612237599028,-2417.86975792505
"OPTOTRAK _ C14 _ Right _ 3",146.663752854822,-261.627454876428,-2375.84711831856,257.570517876657,-211.40011998706,-2423.2596207924
"OPTOTRAK _ C14 _ Right _ 3",142.851439418486,-263.835673221054,-2374.42529374252,264.098447447458,-211.933696076812,-2425.80144038728
"OPTOTRAK _ C14 _ Right _ 3",141.340168762621,-263.757590373426,-2372.97381664055,264.780424734667,-212.002035601,-2425.17144790974
"OPTOTRAK _ C14 _ Right _ 3",142.411194733943,-261.380167629503,-2371.72649664388,259.532217727779,-211.54609789492,-2421.45162497698
"OPTOTRAK _ C14 _ Right _ 3",145.989855775744,-257.026212248847,-2370.87792642001,249.089931273223,-210.693018746913,-2415.13219744566
"OPTOTRAK _ C14 _ Right _ 3",151.639588007368,-251.310041215067,-2370.55441951418,234.942183665298,-209.705784686277,-2407.07621207565
"OPTOTRAK _ C14 _ Right _ 3",158.60485707061,-245.049643247783,-2370.79823782949,219.153184239291,-208.870955415123,-2398.43200907912
"OPTOTRAK _ C14 _ Right _ 3",165.907251111561,-239.146196317009,-2371.56615298666,204.078879999537,-208.378224323758,-2390.48420733053
"OPTOTRAK _ C14 _ Right _ 3",172.487742930772,-234.448498947865,-2372.74003018026,192.007265754244,-208.250473541125,-2384.45440854629
"OPTOTRAK _ C14 _ Right _ 3",177.374150176436,-231.624073064343,-2374.14531976871,184.784669917978,-208.355830879338,-2381.28853721241
"OPTOTRAK _ C14 _ Right _ 3",179.843344116199,-231.057684788967,-2375.57423180018,183.502830326639,-208.488309566888,-2381.48112747625
"OPTOTRAK _ C14 _ Right _ 3",179.546978188341,-232.792366565858,-2376.81266891042,188.308753930721,-208.468948578212,-2384.97917994087
"OPTOTRAK _ C14 _ Right _ 3",176.575999607474,-236.521083385787,-2377.67070419191,198.370617299768,-208.215274211275,-2391.18602758615
"OPTOTRAK _ C14 _ Right _ 3",171.449616790848,-241.63133058576,-2378.01393181668,212.003951056793,-207.751675965817,-2399.06158709224
"OPTOTRAK _ C14 _ Right _ 3",165.02771466161,-247.299068546534,-2377.78918891672,226.938830438688,-207.169167593575,-2407.29691421366
"OPTOTRAK _ C14 _ Right _ 3",158.361658622745,-252.620261582386,-2377.03656357264,240.687391372297,-206.569399945467,-2414.52977370253
"OPTOTRAK _ C14 _ Right _ 3",152.513099782492,-256.758847110069,-2375.88238670751,250.951575204068,-206.030409080269,-2419.56408579816
"OPTOTRAK _ C14 _ Right _ 3",148.377159128453,-259.083871547237,-2374.51390600297,256.000917574726,-205.609659904028,-2421.55913816678
"OPTOTRAK _ C14 _ Right _ 3",146.542125089492,-259.269853121757,-2373.14226632682,254.955651350238,-205.368950333124,-2420.16203180104
"OPTOTRAK _ C14 _ Right _ 3",147.20633382718,-257.342689467217,-2371.96346976577,247.928840100353,-205.38794432364,-2415.56556021822
"OPTOTRAK _ C14 _ Right _ 3",150.160873047901,-253.664639777086,-2371.12641920865,236.00488826361,-205.741380695667,-2408.481785343
"OPTOTRAK _ C14 _ Right _ 3",154.837477023517,-248.862706810927,-2370.71384177556,221.056331723778,-206.444072253524,-2400.03045159905
"OPTOTRAK _ C14 _ Right _ 3",160.413081331263,-243.714217845383,-2370.73726979032,205.427506574555,-207.398127921972,-2391.55439907111
"OPTOTRAK _ C14 _ Right _ 3",165.953803509651,-239.011259341674,-2371.14301990378,191.541686697528,-208.386375022955,-2384.39168460861
"OPTOTRAK _ C14 _ Right _ 3",170.57270928751,-235.43003867881,-2371.82415819305,181.508251794339,-209.13441228144,-2379.6494949917
"OPTOTRAK _ C14 _ Right _ 3",173.57177904398,-233.429706260419,-2372.63480516731,176.805716565623,-209.422209831088,-2378.02770478457
"OPTOTRAK _ C14 _ Right _ 3",174.542182169065,-233.197279888727,-2373.40653952488,178.09207773175,-209.191898390686,-2379.72607391434
"OPTOTRAK _ C14 _ Right _ 3",173.407298627532,-234.643950684591,-2373.96894363796,185.15836981185,-208.594132194919,-2384.44568613175
"OPTOTRAK _ C14 _ Right _ 3",170.405932524237,-237.447223004835,-2374.17510807123,197.011911204743,-207.943133715071,-2391.47315003254
"OPTOTRAK _ C14 _ Right _ 3",166.025372943875,-241.125385211883,-2373.92875990432,212.059495108673,-207.594165693027,-2399.82098598021
"OPTOTRAK _ C14 _ Right _ 3",160.903487188724,-245.126169089745,-2373.20573837338,228.352885893311,-207.795163557983,-2408.39011899236
"OPTOTRAK _ C14 _ Right _ 3",155.723913678043,-248.910545668878,-2372.06204504595,243.854621415819,-208.578466360695,-2416.12093067868
"OPTOTRAK _ C14 _ Right _ 3",151.126200452552,-252.016497532877,-2370.62448229963,256.684024238719,-209.741262807139,-2422.10882526135
"OPTOTRAK _ C14 _ Right _ 3",147.643127337127,-254.096210952109,-2369.06582766288,265.31579001516,-210.922936827294,-2425.67664692872
"OPTOTRAK _ C14 _ Right _ 3",145.664591211139,-254.930332510069,-2367.57132689322,268.723197245399,-211.744779902258,-2426.41283811558
"OPTOTRAK _ C14 _ Right _ 3",145.418042862336,-254.429729940946,-2366.3051463767,266.473592131184,-211.952496324203,-2424.19273184586
"OPTOTRAK _ C14 _ Right _ 3",146.954295913816,-252.635173536456,-2365.38452136845,258.784935983789,-211.503162781169,-2419.1962149449
"OPTOTRAK _ C14 _ Right _ 3",150.134348995594,-249.719100086473,-2364.86677503359,246.538497388332,-210.562735863933,-2411.92032160999
"OPTOTRAK _ C14 _ Right _ 3",154.622921578893,-245.985176310504,-2364.75085614578,231.225702686534,-209.418062995916,-2403.16863443818
"OPTOTRAK _ C14 _ Right _ 3",159.901326828897,-241.855753394734,-2364.99089000716,214.803125437471,-208.345240864473,-2393.99220950599
"OPTOTRAK _ C14 _ Right _ 3",165.31157908244,-237.837774691995,-2365.51541239167,199.448499742435,-207.497952479292,-2385.56751390544
"OPTOTRAK _ C14 _ Right _ 3",170.135109721131,-234.464125088278,-2366.2443581398,187.246771889202,-206.870944244414,-2379.02323723317
"OPTOTRAK _ C14 _ Right _ 3",173.697313097776,-232.216567160195,-2367.09814206853,179.868214004239,-206.354136055534,-2375.2545412458
"OPTOTRAK _ C14 _ Right _ 3",175.478928344151,-231.444222453041,-2367.99871388594,178.309647596492,-205.842145635181,-2374.77264414985
"OPTOTRAK _ C14 _ Right _ 3",175.21051972909,-232.295407526931,-2368.86794136881,182.750572535052,-205.333312791713,-2377.62503090088
"OPTOTRAK _ C14 _ Right _ 3",172.927822191485,-234.67982551148,-2369.63021146027,192.543155707399,-204.960046407277,-2383.3979763381
"OPTOTRAK _ C14 _ Right _ 3",168.973190959324,-238.272790929468,-2370.22258041162,206.326598876825,-204.931754769185,-2391.29209596377
"OPTOTRAK _ C14 _ Right _ 3",163.941076478236,-242.563817739542,-2370.60970168774,222.238478147383,-205.419614816112,-2400.24910135183
"OPTOTRAK _ C14 _ Right _ 3",158.580274537451,-246.940396468291,-2370.7963409824,238.184462873485,-206.444509848567,-2409.10316034668
"OPTOTRAK _ C14 _ Right _ 3",153.676639811732,-250.788143179417,-2370.83031712243,252.12163223111,-207.829688743261,-2416.73155414965
"OPTOTRAK _ C14 _ Right _ 3",149.941517032796,-253.585164531502,-2370.79275369855,262.313149431868,-209.24756972708,-2422.18549909919
"OPTOTRAK _ C14 _ Right _ 3",147.923313140173,-254.972897940248,-2370.77788162657,267.525008201337,-210.342490439509,-2424.79092475865
"OPTOTRAK _ C14 _ Right _ 3",147.948404277818,-254.79477737494,-2370.86867502059,267.152797094005,-210.873265963641,-2424.21696519327
"OPTOTRAK _ C14 _ Right _ 3",150.090057662073,-253.102670210234,-2371.11612848519,261.277915304835,-210.809572559464,-2420.51314251364
"OPTOTRAK _ C14 _ Right _ 3",154.163027144846,-250.135884732747,-2371.52884901329,250.653413551836,-210.337302013363,-2414.11339004547
"OPTOTRAK _ C14 _ Right _ 3",159.744154773474,-246.279094542966,-2372.0761178622,236.614721979416,-209.769317680116,-2405.79933712574
"OPTOTRAK _ C14 _ Right _ 3",166.220341125534,-242.006293566675,-2372.7024977091,220.911846053514,-209.40154104949,-2396.61388393588
"OPTOTRAK _ C14 _ Right _ 3",172.861288068486,-237.819468244924,-2373.3472142024,205.47549600592,-209.380489421041,-2387.72553375438
"OPTOTRAK _ C14 _ Right _ 3",178.907194685354,-234.191854500732,-2373.95945300391,192.154670192013,-209.642883182032,-2380.26240347344
"OPTOTRAK _ C14 _ Right _ 3",183.656905405491,-231.523682013159,-2374.50316701244,182.478939151215,-209.951719354373,-2375.15021727272
"OPTOTRAK _ C14 _ Right _ 3",186.544417682139,-230.112388645755,-2374.95114977106,177.489263854032,-210.006647152811,-2372.98866364222
"OPTOTRAK _ C14 _ Right _ 3",187.199432344639,-230.13258670173,-2375.27445037829,177.651098205752,-209.575864040167,-2373.98555491084
"OPTOTRAK _ C14 _ Right _ 3",185.493776379664,-231.618599884085,-2375.43589854243,182.835516319333,-208.594155482682,-2377.95012130396
"OPTOTRAK _ C14 _ Right _ 3",181.574157279572,-234.446744366622,-2375.39418727705,192.347233937809,-207.191105475366,-2384.33586696083
"OPTOTRAK _ C14 _ Right _ 3",175.873689985292,-238.323440944595,-2375.11905572384,204.99105821225,-205.642928683501,-2392.32052476095
"OPTOTRAK _ C14 _ Right _ 3",169.087705536495,-242.792675403005,-2374.61170571269,219.183306931111,-204.271188772995,-2400.91090684098
"OPTOTRAK _ C14 _ Right _ 3",162.102066504994,-247.276104782661,-2373.92095852946,233.116688875585,-203.33266248799,-2409.06053880249
"OPTOTRAK _ C14 _ Right _ 3",155.875999142373,-251.149361298402,-2373.14674280584,244.973912324743,-202.947080886474,-2415.78824912182
"OPTOTRAK _ C14 _ Right _ 3",151.298386149132,-253.843344341063,-2372.42763822447,253.166588821292,-203.089724551109,-2420.28772623686
"OPTOTRAK _ C14 _ Right _ 3",149.046158590064,-254.947651907341,-2371.91543697015,256.563476922512,-203.642648182636,-2422.0209472371
"OPTOTRAK _ C14 _ Right _ 3",149.472047782199,-254.290604665055,-2371.74388711734,254.670380662571,-204.469730629936,-2420.78989620631
"OPTOTRAK _ C14 _ Right _ 3",152.540791857387,-251.976496767651,-2371.99976550953,247.72972348163,-205.472450015167,-2416.77911790126
"OPTOTRAK _ C14 _ Right _ 3",157.824013323361,-248.371739318228,-2372.70308999227,236.716389514477,-206.598823736038,-2410.55732999663
"OPTOTRAK _ C14 _ Right _ 3",164.556310445487,-244.043457531707,-2373.80084743946,223.218544533265,-207.808013266919,-2403.02431602246
"OPTOTRAK _ C14 _ Right _ 3",171.746720812117,-239.66432772798,-2375.17539283364,209.211903884975,-209.021059779471,-2395.29604754497
"OPTOTRAK _ C14 _ Right _ 3",178.329428734266,-235.903918659162,-2376.66485529954,196.76213758623,-210.097653030668,-2388.53852399343
"OPTOTRAK _ C14 _ Right _ 3",183.328157210292,-233.327594663732,-2378.08983401716,187.711650039209,-210.862625133391,-2383.78150402626
"OPTOTRAK _ C14 _ Right _ 3",186.005209880549,-232.318808040814,-2379.2802186617,183.409953400786,-211.173534700748,-2381.75345677
"OPTOTRAK _ C14 _ Right _ 3",185.970885762142,-233.032102231682,-2380.09823825041,184.528664029314,-210.993692769451,-2382.77172909416
"OPTOTRAK _ C14 _ Right _ 3",183.238608800728,-235.377183183871,-2380.45664403739,190.97650216004,-210.429651814449,-2386.70380384265
"OPTOTRAK _ C14 _ Right _ 3",178.220198294845,-239.032177447052,-2380.33188479082,201.913721598934,-209.708834721934,-2392.99867943405
"OPTOTRAK _ C14 _ Right _ 3",171.662575786266,-243.485311270311,-2379.77087217229,215.862096164894,-209.101297532095,-2400.77721086444
"OPTOTRAK _ C14 _ Right _ 3",164.534293028786,-248.104119135584,-2378.88820589417,230.903818780945,-208.817570286127,-2408.96437444397
"OPTOTRAK _ C14 _ Right _ 3",157.879051259328,-252.226704878412,-2377.85084092276,244.949908860351,-208.929751193736,-2416.44226686928
"OPTOTRAK _ C14 _ Right _ 3",152.660833020021,-255.262087073012,-2376.85022541967,256.040191243095,-209.355017273353,-2422.20137485418
"OPTOTRAK _ C14 _ Right _ 3",149.626518977229,-256.78134257232,-2376.06681599224,262.626181685512,-209.909909402455,-2425.47106206748
"OPTOTRAK _ C14 _ Right _ 3",149.205798271789,-256.58199844763,-2375.6358663449,263.792759682666,-210.406357728072,-2425.81687700296
"OPTOTRAK _ C14 _ Right _ 3",151.458921075929,-254.71437136534,-2375.62404929341,259.388899293401,-210.738632390278,-2423.19801474737
"OPTOTRAK _ C14 _ Right _ 3",156.075427291738,-251.466819288729,-2376.02326939241,250.051684415311,-210.916663512228,-2417.97988368152
"OPTOTRAK _ C14 _ Right _ 3",162.422606798973,-247.314360040504,-2376.76232679888,237.117942088383,-211.031327879028,-2410.8953124453
"OPTOTRAK _ C14 _ Right _ 3",169.638311846786,-242.841129120691,-2377.73108458286,222.42966889266,-211.175075787965,-2402.94918764111
"OPTOTRAK _ C14 _ Right _ 3",176.75611149197,-238.651526831358,-2378.80759487448,208.058734261642,-211.366562250079,-2395.27134293146
"OPTOTRAK _ C14 _ Right _ 3",182.842913759686,-235.286395286506,-2379.87808383869,195.998888320082,-211.525719466278,-2388.94030952871
"OPTOTRAK _ C14 _ Right _ 3",187.125141886211,-233.15763530278,-2380.84376817959,187.884674942727,-211.515837529787,-2384.8152381862
"OPTOTRAK _ C14 _ Right _ 3",189.083340736111,-232.507852856925,-2381.61593320548,184.786083768838,-211.229827354692,-2383.4131614403
"OPTOTRAK _ C14 _ Right _ 3",188.50498038465,-233.394297175112,-2382.10759634647,187.09981956047,-210.673081412911,-2384.8532442479
"OPTOTRAK _ C14 _ Right _ 3",185.49495488998,-235.692431778392,-2382.23208467839,194.531974919153,-209.997026541817,-2388.86928329903
"OPTOTRAK _ C14 _ Right _ 3",180.448179659421,-239.115155274428,-2381.91459398228,206.156988859183,-209.460639094832,-2394.87661336367
"OPTOTRAK _ C14 _ Right _ 3",173.989851925334,-243.246438772532,-2381.11473870512,220.540619923297,-209.33006257421,-2402.07239388157
"OPTOTRAK _ C14 _ Right _ 3",166.890838795195,-247.588969507991,-2379.85076582176,235.916475825549,-209.757037710452,-2409.54717683774
"OPTOTRAK _ C14 _ Right _ 3",159.970093438743,-251.622499012797,-2378.2135058303,250.39912144374,-210.692248563207,-2416.38942094279
"OPTOTRAK _ C14 _ Right _ 3",153.999424990654,-254.86524115189,-2376.36162253162,262.20749416179,-211.87937926376,-2421.77252751206
"OPTOTRAK _ C14 _ Right _ 3",149.62371849401,-256.928917674411,-2374.49721197348,269.870259781248,-212.940712639805,-2425.02356339145
"OPTOTRAK _ C14 _ Right _ 3",147.302049486088,-257.560613183985,-2372.82827873355,272.392678365672,-213.521648140488,-2425.6797692161
"OPTOTRAK _ C14 _ Right _ 3",147.267544285887,-256.669249139401,-2371.52888071794,269.375536680523,-213.431966767442,-2423.53950593786
"OPTOTRAK _ C14 _ Right _ 3",149.501870357334,-254.337487917955,-2370.70788399362,261.081132882739,-212.720866543764,-2418.70765590979
"OPTOTRAK _ C14 _ Right _ 3",153.724799516364,-250.819449096701,-2370.39411078216,248.436355069782,-211.650812350188,-2411.62434881705
"OPTOTRAK _ C14 _ Right _ 3",159.406097426302,-246.52220979931,-2370.5404171688,232.956135973299,-210.579718727562,-2403.05615725651
"OPTOTRAK _ C14 _ Right _ 3",165.809770759481,-241.967959249541,-2371.04318825902,216.574454169807,-209.803217078158,-2394.02867391605
"OPTOTRAK _ C14 _ Right _ 3",172.075597525605,-237.736236040977,-2371.76880945029,201.390919613498,-209.429143979055,-2385.69419845776
"OPTOTRAK _ C14 _ Right _ 3",177.331553589963,-234.391153050958,-2372.57739510343,189.370992341153,-209.341937654516,-2379.153764203
"OPTOTRAK _ C14 _ Right _ 3",180.819610188472,-232.403560382034,-2373.33779268184,182.058363880069,-209.269840130689,-2375.27388467381
"OPTOTRAK _ C14 _ Right _ 3",182.012482291865,-232.079892689324,-2373.93469032011,180.35461042569,-208.917357528747,-2374.54148185777
"OPTOTRAK _ C14 _ Right _ 3",180.701084296196,-233.508324971919,-2374.27388863039,184.397867823425,-208.098033285462,-2376.98591657999
"OPTOTRAK _ C14 _ Right _ 3",177.037834770867,-236.531237930779,-2374.29173770348,193.547464867903,-206.809508511655,-2382.17696234538
"OPTOTRAK _ C14 _ Right _ 3",171.52642439512,-240.751827805228,-2373.96959068201,206.468757740515,-205.224737110141,-2389.29235807829
"OPTOTRAK _ C14 _ Right _ 3",164.955357453722,-245.579866294417,-2373.34759374571,221.3084996297,-203.61287808031,-2397.24020946092
"OPTOTRAK _ C14 _ Right _ 3",158.282877671867,-250.314528236605,-2372.52878011114,235.944519406557,-202.234289032201,-2404.81732576461
"OPTOTRAK _ C14 _ Right _ 3",152.492788873702,-254.251944729927,-2371.666852745,248.28052667548,-201.262250739638,-2410.88239883981
"OPTOTRAK _ C14 _ Right _ 3",148.447710928733,-256.797008678814,-2370.93806257888,256.544782313869,-200.764241674915,-2414.52204139953
"OPTOTRAK _ C14 _ Right _ 3",146.764190504108,-257.557848807003,-2370.50493384061,259.548530193758,-200.73834645051,-2415.18794764126
"OPTOTRAK _ C14 _ Right _ 3",147.725603199232,-256.407115333832,-2370.48304696818,256.866687727311,-201.168217260003,-2412.78493917455
"OPTOTRAK _ C14 _ Right _ 3",151.240586975347,-253.502359081775,-2370.92043414384,248.913124673059,-202.052365946711,-2407.69311968621
"OPTOTRAK _ C14 _ Right _ 3",156.850448305482,-249.264461410721,-2371.79399107761,236.892416528978,-203.384390525592,-2400.7143109752
"OPTOTRAK _ C14 _ Right _ 3",163.786529607498,-244.317873577532,-2373.02107012567,222.623455517696,-205.097033436082,-2392.94521806125
"OPTOTRAK _ C14 _ Right _ 3",171.073657163202,-239.400941141205,-2374.47926283321,208.253929904505,-207.012045019829,-2385.59698699052
"OPTOTRAK _ C14 _ Right _ 3",177.667315538331,-235.259227768554,-2376.02546902891,195.915240334763,-208.839580487208,-2379.79696462223
"OPTOTRAK _ C14 _ Right _ 3",182.60389499732,-232.53767455085,-2377.50817971886,187.388588512527,-210.242225453066,-2376.41376693173
"OPTOTRAK _ C14 _ Right _ 3",185.140496376191,-231.686696497638,-2378.77342137117,183.847974483589,-210.939178287068,-2375.9368043804
"OPTOTRAK _ C14 _ Right _ 3",184.864643088268,-232.893552019593,-2379.67099906385,185.716150531086,-210.802654201507,-2378.42298928263
"OPTOTRAK _ C14 _ Right _ 3",181.76079270051,-236.046480876805,-2380.06906921569,192.636268040071,-209.903005251952,-2383.50789666707
"OPTOTRAK _ C14 _ Right _ 3",176.225087254944,-240.737318405459,-2379.88004860387,203.544713317418,-208.483385969603,-2390.47149114689
"OPTOTRAK _ C14 _ Right _ 3",169.022602103082,-246.307216037293,-2379.09199014616,216.829443175065,-206.875090859044,-2398.34673477204
"OPTOTRAK _ C14 _ Right _ 3",161.187085416572,-251.935963610336,-2377.79233419598,230.558513014554,-205.390016515189,-2406.05780014396
"OPTOTRAK _ C14 _ Right _ 3",153.874134855118,-256.766270119728,-2376.17048600978,242.755247766144,-204.237127378417,-2412.5713293392
"OPTOTRAK _ C14 _ Right _ 3",148.190481217268,-260.043239396465,-2374.49292137499,251.683434318476,-203.49764840954,-2417.04104349171
"OPTOTRAK _ C14 _ Right _ 3",145.027505304529,-261.242272824359,-2373.05529060921,256.099074035555,-203.162084853365,-2418.92579325056
"OPTOTRAK _ C14 _ Right _ 3",144.924328198437,-260.159644362759,-2372.1242720689,255.430313389432,-203.19810048852,-2418.06476229077
"OPTOTRAK _ C14 _ Right _ 3",147.979100188099,-256.948071077399,-2371.88446276874,249.860037922299,-203.602520432552,-2414.69940895113
"OPTOTRAK _ C14 _ Right _ 3",153.821146570201,-252.091193124758,-2372.4031067979,240.299235473098,-204.40311335655,-2409.43769392279
"OPTOTRAK _ C14 _ Right _ 3",161.651511035669,-246.32296039541,-2373.62012615503,228.251886647018,-205.609174931099,-2403.16225293806
"OPTOTRAK _ C14 _ Right _ 3",170.351911391887,-240.50838316301,-2375.36407385529,215.587038749041,-207.144765510815,-2396.89279584582
"OPTOTRAK _ C14 _ Right _ 3",178.650321262226,-235.508717252763,-2377.38748984382,204.251877001447,-208.81328713574,-2391.62447353909
"OPTOTRAK _ C14 _ Right _ 3",185.317909566032,-232.054950063182,-2379.41033611768,195.975023123733,-210.325937508271,-2388.17273440536
"OPTOTRAK _ C14 _ Right _ 3",189.362688519368,-230.648388781524,-2381.16056188657,192.012332778878,-211.388286430833,-2387.05398720307
"OPTOTRAK _ C14 _ Right _ 3",190.184532370396,-231.498921897614,-2382.40620516285,192.974260732906,-211.803657145705,-2388.41986731427
"OPTOTRAK _ C14 _ Right _ 3",187.664245239733,-234.50411172661,-2382.97964868853,198.752190250595,-211.541561639561,-2392.04884907335
"OPTOTRAK _ C14 _ Right _ 3",182.172436548794,-239.268107240719,-2382.79695275517,208.543953732997,-210.737944182595,-2397.38960993114
"OPTOTRAK _ C14 _ Right _ 3",174.498684431337,-245.157527376674,-2381.87232405079,220.970714970958,-209.628598750986,-2403.64623196611
"OPTOTRAK _ C14 _ Right _ 3",165.716379895819,-251.388840029416,-2380.32300742655,234.271242328888,-208.450169894238,-2409.8922988503
"OPTOTRAK _ C14 _ Right _ 3",157.011670250485,-257.136569421285,-2378.35819180041,246.548530599674,-207.358967218376,-2415.19771720612
"OPTOTRAK _ C14 _ Right _ 3",149.511088929147,-261.646094232439,-2376.24934706111,256.032124575011,-206.407183680687,-2418.7509754408
"OPTOTRAK _ C14 _ Right _ 3",144.137373694572,-264.333306745672,-2374.28655089016,261.317491828603,-205.583270195093,-2419.96284192012
"OPTOTRAK _ C14 _ Right _ 3",141.508775896791,-264.857807324484,-2372.73102050743,261.553761023284,-204.886695603072,-2418.54354611169
"OPTOTRAK _ C14 _ Right _ 3",141.882496228849,-263.163535058882,-2371.77498201907,256.564236306146,-204.388113901796,-2414.54952522703
"OPTOTRAK _ C14 _ Right _ 3",145.135883417995,-259.486069250164,-2371.51662039426,246.889997744865,-204.233929243206,-2408.39473027904
"OPTOTRAK _ C14 _ Right _ 3",150.781122639269,-254.327436299593,-2371.9528363052,233.744869568931,-204.58456785821,-2400.8175787142
"OPTOTRAK _ C14 _ Right _ 3",158.015072431079,-248.399131316504,-2372.98812565356,218.870346258108,-205.513771092049,-2392.79493291846
"OPTOTRAK _ C14 _ Right _ 3",165.808389167394,-242.535632368373,-2374.4549286675,204.293530892451,-206.9230025937,-2385.40501382112
"OPTOTRAK _ C14 _ Right _ 3",173.033051205599,-237.585509034533,-2376.13967825964,192.020047272872,-208.523773895148,-2379.65971024232
"OPTOTRAK _ C14 _ Right _ 3",178.616844037235,-234.293353555783,-2377.81003749145,183.721211228986,-209.907765570258,-2376.34172798183
"OPTOTRAK _ C14 _ Right _ 3",181.703434632146,-233.189417177501,-2379.24197266038,180.480069199587,-210.67805161789,-2375.88219725282
"OPTOTRAK _ C14 _ Right _ 3",181.792258622609,-234.503239607695,-2380.24800391727,182.639675613126,-210.583678474477,-2378.30026294513
"OPTOTRAK _ C14 _ Right _ 3",178.833707125577,-238.114554054598,-2380.70746063156,189.766239230149,-209.600853909221,-2383.20887004616
"OPTOTRAK _ C14 _ Right _ 3",173.259609444482,-243.551907249017,-2380.59531213734,200.720104311547,-207.93115326974,-2389.87977760949
"OPTOTRAK _ C14 _ Right _ 3",165.936510416911,-250.04614875785,-2380.00076879256,213.822226763961,-205.923945972195,-2397.3559963973
"OPTOTRAK _ C14 _ Right _ 3",158.041943282288,-256.638750717623,-2379.12468593299,227.100109445467,-203.961554927348,-2404.59641473237
"OPTOTRAK _ C14 _ Right _ 3",150.881229575132,-262.332323626983,-2378.24905109672,238.585010012349,-202.358794589442,-2410.63270551418
"OPTOTRAK _ C14 _ Right _ 3",145.677698365779,-266.25692611259,-2377.68172645071,246.6159686557,-201.315645640624,-2414.71462970507
"OPTOTRAK _ C14 _ Right _ 3",143.374778504058,-267.818348177173,-2377.69001543713,250.098050494905,-200.928374656355,-2416.41998582811
"OPTOTRAK _ C14 _ Right _ 3",144.482759334724,-266.797815530437,-2378.44149801414,248.668833445262,-201.230490521326,-2415.7109205981
"OPTOTRAK _ C14 _ Right _ 3",148.991839264991,-263.384506846066,-2379.96767782019,242.745083128636,-202.222279162765,-2412.92748066369
"OPTOTRAK _ C14 _ Right _ 3",156.362595803825,-258.137541484229,-2382.1579251821,233.44332447039,-203.863574766548,-2408.71973272931
"OPTOTRAK _ C14 _ Right _ 3",165.596443042321,-251.888236740866,-2384.78224272108,222.389228582325,-206.037079287523,-2403.93036016606
"OPTOTRAK _ C14 _ Right _ 3",175.379243481416,-245.603831446099,-2387.53419681599,211.449822822625,-208.516548580745,-2399.44977251821
"OPTOTRAK _ C14 _ Right _ 3",184.279293741404,-240.238701090088,-2390.08127607971,202.436587223563,-210.97686275621,-2396.07245417769
"OPTOTRAK _ C14 _ Right _ 3",190.969087204654,-236.597414336863,-2392.11043639983,196.831085452857,-213.058698021244,-2394.38146561964
"OPTOTRAK _ C14 _ Right _ 3",194.433943324939,-235.226980765971,-2393.36211036716,195.57453301662,-214.465456489222,-2394.67672556393
"OPTOTRAK _ C14 _ Right _ 3",194.132844360091,-236.3469559282,-2393.65354440158,198.94333333239,-215.04806515593,-2396.94873385131
"OPTOTRAK _ C14 _ Right _ 3",190.085730186624,-239.82008124864,-2392.89683882314,206.515688156875,-214.83744720694,-2400.89119094049
"OPTOTRAK _ C14 _ Right _ 3",182.873041374928,-245.164842254713,-2391.11545037927,217.227714443469,-214.010271152405,-2405.94537369414
"OPTOTRAK _ C14 _ Right _ 3",173.545889254604,-251.612307463844,-2388.45660808285,229.516394956134,-212.80623183624,-2411.37142482683
"OPTOTRAK _ C14 _ Right _ 3",163.459790901262,-258.207680551862,-2385.19082573159,241.539666785067,-211.439051865319,-2416.34189552609
"OPTOTRAK _ C14 _ Right _ 3",154.060193062818,-263.949095560819,-2381.68859410868,251.447369214719,-210.046248902537,-2420.04989517211
"OPTOTRAK _ C14 _ Right _ 3",146.658269423904,-267.94486698467,-2378.37061256219,257.660302355254,-208.700355183535,-2421.82033451215
"OPTOTRAK _ C14 _ Right _ 3",142.235152045062,-269.561902850017,-2375.63876340406,259.110721353259,-207.467100525497,-2421.21066479982
"OPTOTRAK _ C14 _ Right _ 3",141.302794956522,-268.536771123757,-2373.80420645703,255.407975298634,-206.466087029876,-2418.08795009704
"OPTOTRAK _ C14 _ Right _ 3",143.836911628566,-265.026911429211,-2373.03146005689,246.908216495256,-205.885693700962,-2412.67051740698
"OPTOTRAK _ C14 _ Right _ 3",149.287766751659,-259.590148869788,-2373.31261633521,234.67818561714,-205.929156756345,-2405.52313309338
"OPTOTRAK _ C14 _ Right _ 3",156.668069600664,-253.093780230249,-2374.47694936489,220.351235449384,-206.709268384801,-2397.49641014876
"OPTOTRAK _ C14 _ Right _ 3",164.709636931562,-246.568285541806,-2376.23167265967,205.887229284008,-208.1434440158,-2389.60927548758
"OPTOTRAK _ C14 _ Right _ 3",172.069008791808,-241.032469270515,-2378.22210980519,193.26993477908,-209.909334502541,-2382.8898644715
"OPTOTRAK _ C14 _ Right _ 3",177.549376811464,-237.3228998219,-2380.09611330007,184.196433317817,-211.496100953611,-2378.2071964266
"OPTOTRAK _ C14 _ Right _ 3",180.298855667496,-235.958346461353,-2381.55930887762,179.81713016374,-212.340850880626,-2376.13070717361
"OPTOTRAK _ C14 _ Right _ 3",179.948444854405,-237.060605173453,-2382.41340600876,180.567198017085,-212.000635691252,-2376.84361644493
"OPTOTRAK _ C14 _ Right _ 3",176.665723406396,-240.341296054214,-2382.57593752393,186.104409095079,-210.29765287991,-2380.11883033049
"OPTOTRAK _ C14 _ Right _ 3",171.116699055891,-245.154258299161,-2382.08311645403,195.352781223232,-207.388717903315,-2385.35407198512
"OPTOTRAK _ C14 _ Right _ 3",164.343932613198,-250.605495817151,-2381.07740306397,206.649418319429,-203.738262238601,-2391.65876315107
"OPTOTRAK _ C14 _ Right _ 3",157.582907816687,-255.704912313459,-2379.78024825327,217.989937423582,-200.006508165957,-2397.98409398024
"OPTOTRAK _ C14 _ Right _ 3",152.049459662589,-259.535771687926,-2378.4516271186,227.353059936318,-196.891426729388,-2403.28470613655
"OPTOTRAK _ C14 _ Right _ 3",148.735908833265,-261.412077814771,-2377.34233329505,233.058834183609,-194.973885778759,-2406.69362580344
"OPTOTRAK _ C14 _ Right _ 3",148.250260723851,-260.994715229113,-2376.64968255063,234.09164066973,-194.605049163935,-2407.68290723819
"OPTOTRAK _ C14 _ Right _ 3",150.723014673863,-258.344983393369,-2376.48794912024,230.313464689713,-195.85179874868,-2406.17541744448
"OPTOTRAK _ C14 _ Right _ 3",155.793697792616,-253.906654269849,-2376.87987197882,222.510870884187,-198.496434762664,-2402.57500564349
"OPTOTRAK _ C14 _ Right _ 3",162.676953348186,-248.421627262758,-2377.76754759624,212.256467580933,-202.081740733347,-2397.6978017251
"OPTOTRAK _ C14 _ Right _ 3",170.296423060549,-242.796868077717,-2379.0346318008,201.61158261419,-205.996510705806,-2392.61408998166
"OPTOTRAK _ C14 _ Right _ 3",177.463963102793,-237.948997132609,-2380.53017621335,192.736762068205,-209.595370290791,-2388.43699598105
"OPTOTRAK _ C14 _ Right _ 3",183.0737988173,-234.655292157409,-2382.08764553834,187.495724414035,-212.333423711361,-2386.1080477813
"OPTOTRAK _ C14 _ Right _ 3",186.27910412015,-233.435269416805,-2383.53829214002,187.129728777361,-213.880792378295,-2386.22538202128
"OPTOTRAK _ C14 _ Right _ 3",186.62335799723,-234.477729983421,-2384.72284597105,192.051214679267,-214.180440923466,-2388.9437168125
"OPTOTRAK _ C14 _ Right _ 3",184.107945825649,-237.618801111525,-2385.50665042754,201.776189585603,-213.429823267983,-2393.95626620748
"OPTOTRAK _ C14 _ Right _ 3",179.186851584112,-242.37048247733,-2385.79990765509,214.996148277427,-211.99418784089,-2400.55378683698
"OPTOTRAK _ C14 _ Right _ 3",172.68832463204,-247.995813028782,-2385.57840273204,229.778827975171,-210.284679233794,-2407.7456370546
"OPTOTRAK _ C14 _ Right _ 3",165.674501684707,-253.62254543882,-2384.8953019216,243.872644153801,-208.647899451652,-2414.42089602265
"OPTOTRAK _ C14 _ Right _ 3",159.262869555551,-258.380451200841,-2383.87546371245,255.070190836976,-207.307859373273,-2419.52414102956
"OPTOTRAK _ C14 _ Right _ 3",154.442731410191,-261.540568119909,-2382.6905366936,261.570601188994,-206.375019112618,-2422.22079476292
"OPTOTRAK _ C14 _ Right _ 3",151.919935302138,-262.63213962822,-2381.52192812893,262.278359733348,-205.90150690003,-2422.03008143451
"OPTOTRAK _ C14 _ Right _ 3",152.01436994826,-261.516627877738,-2380.52416662883,256.988200095754,-205.936906891393,-2418.90767058565
"OPTOTRAK _ C14 _ Right _ 3",154.622511005677,-258.406448055987,-2379.80040967339,246.425609711757,-206.541411377016,-2413.2643242645
"OPTOTRAK _ C14 _ Right _ 3",159.246364921657,-253.826189629347,-2379.39582873109,232.134721658176,-207.742836037325,-2405.91286270068
"OPTOTRAK _ C14 _ Right _ 3",165.08146831284,-248.52407524735,-2379.30670282442,216.229676235335,-209.463794543449,-2397.94603501819
"OPTOTRAK _ C14 _ Right _ 3",171.149111622388,-243.349797284522,-2379.49700846369,201.051963207364,-211.470131799624,-2390.56261664045
"OPTOTRAK _ C14 _ Right _ 3",176.451739753422,-239.119973549682,-2379.91290963675,188.798195192409,-213.384282701837,-2384.87330244304
"OPTOTRAK _ C14 _ Right _ 3",180.127451753214,-236.492894704973,-2380.48951021714,181.188162581787,-214.771489268151,-2381.72373537413
"OPTOTRAK _ C14 _ Right _ 3",181.581318931466,-235.870186777801,-2381.15112028989,179.225886903705,-215.266581874476,-2381.56563124899
"OPTOTRAK _ C14 _ Right _ 3",180.576781463024,-237.336756924192,-2381.81155363694,183.076386638475,-214.68906941564,-2384.39317018216
"OPTOTRAK _ C14 _ Right _ 3",177.276197681688,-240.645059508745,-2382.38109868607,192.057032862589,-213.101676110063,-2389.74868060095
"OPTOTRAK _ C14 _ Right _ 3",172.223522704611,-245.246677549622,-2382.7818991994,204.735066260249,-210.792639142585,-2396.79298860802
"OPTOTRAK _ C14 _ Right _ 3",166.266247752515,-250.371392044592,-2382.96699112428,219.124608662629,-208.192199662145,-2404.43016794
"OPTOTRAK _ C14 _ Right _ 3",160.422315702447,-255.147716608962,-2382.9344871634,232.972111207511,-205.758414422603,-2411.47121539573
"OPTOTRAK _ C14 _ Right _ 3",155.710772930184,-258.748699129918,-2382.72979742995,244.102092822703,-203.876625201434,-2416.81584210739
"OPTOTRAK _ C14 _ Right _ 3",152.976352995707,-260.537045617994,-2382.4343239524,250.77265574995,-202.804241913638,-2419.62725407333
"OPTOTRAK _ C14 _ Right _ 3",152.741478541342,-260.180247142152,-2382.14517355617,251.975862660263,-202.663724398555,-2419.4727770077
"OPTOTRAK _ C14 _ Right _ 3",155.113352049866,-257.711700073975,-2381.9535683543,247.620160820171,-203.460093720129,-2416.40446195213
"OPTOTRAK _ C14 _ Right _ 3",159.762680394694,-253.525445815018,-2381.92860771197,238.55133367001,-205.093235636883,-2410.95970037649
"OPTOTRAK _ C14 _ Right _ 3",165.977719184396,-248.306086811142,-2382.10912119937,226.400937295977,-207.353290367273,-2404.07409909116
"OPTOTRAK _ C14 _ Right _ 3",172.783976849276,-242.908377433257,-2382.50187075645,213.290157552973,-209.91462778524,-2396.917610262
"OPTOTRAK _ C14 _ Right _ 3",179.107264534269,-238.210398795603,-2383.08163976217,201.451935548833,-212.357445073316,-2390.68546372174
"OPTOTRAK _ C14 _ Right _ 3",183.949253397445,-234.967951156612,-2383.78963249496,192.851676772294,-214.23366576622,-2386.38833267542
"OPTOTRAK _ C14 _ Right _ 3",186.544369228414,-233.694955685884,-2384.53120480596,188.878405716438,-215.165154884946,-2384.68427623526
"OPTOTRAK _ C14 _ Right _ 3",186.474907345684,-234.586844441602,-2385.17930110493,190.149352918162,-214.939671801611,-2385.78063511696
"OPTOTRAK _ C14 _ Right _ 3",183.73235468555,-237.49482260541,-2385.59134428908,196.439672405826,-213.567753519016,-2389.41624610732
"OPTOTRAK _ C14 _ Right _ 3",178.72084206261,-241.951758243122,-2385.6420228399,206.730983799335,-211.279337115823,-2394.92006969038
"OPTOTRAK _ C14 _ Right _ 3",172.202538437646,-247.245577583406,-2385.26465162281,219.367891587674,-208.462251338527,-2401.3326260442
"OPTOTRAK _ C14 _ Right _ 3",165.18908597943,-252.531213100773,-2384.48572898722,232.308584637958,-205.566768519526,-2407.5697108333
"OPTOTRAK _ C14 _ Right _ 3",158.791199970869,-256.965899026002,-2383.43684168027,243.44446455334,-203.012633345379,-2412.60294230878
"OPTOTRAK _ C14 _ Right _ 3",154.047925445623,-259.846528501066,-2382.33619372074,250.946157561702,-201.129696350067,-2415.62961820472
"OPTOTRAK _ C14 _ Right _ 3",151.762358968818,-260.725328891615,-2381.44398921484,253.57882668773,-200.141133015518,-2416.20595394625
"OPTOTRAK _ C14 _ Right _ 3",152.369478494473,-259.483316318639,-2381.00497875269,250.927098309548,-200.172287666234,-2414.32259365514
"OPTOTRAK _ C14 _ Right _ 3",155.856316018506,-256.348827434379,-2381.19403935986,243.481733030385,-201.256270998474,-2410.40834596577
"OPTOTRAK _ C14 _ Right _ 3",161.74826499786,-251.858240292706,-2382.07755645767,232.564213875938,-203.318556335391,-2405.25757217453
"OPTOTRAK _ C14 _ Right _ 3",169.168187121223,-246.765775056885,-2383.59752693258,220.097712358186,-206.149258240763,-2399.88970410268
"OPTOTRAK _ C14 _ Right _ 3",176.965137046078,-241.917982634122,-2385.5791249587,208.26712539489,-209.393306368853,-2395.36491117126
"OPTOTRAK _ C14 _ Right _ 3",183.896295725633,-238.114896977958,-2387.75758771441,199.136710868829,-212.587127654995,-2392.59213208168
"OPTOTRAK _ C14 _ Right _ 3",188.832413114569,-235.981861047029,-2389.8178747025,194.300301770312,-215.244939895071,-2392.1673848838
"OPTOTRAK _ C14 _ Right _ 3",190.949465536671,-235.87252736814,-2391.44076517719,194.62329338223,-216.967057330239,-2394.27034831572
"OPTOTRAK _ C14 _ Right _ 3",189.870968529502,-237.815924162161,-2392.35045795285,200.108038887225,-217.528762679065,-2398.63239733273
"OPTOTRAK _ C14 _ Right _ 3",185.735007739807,-241.512530209634,-2392.35927989753,209.891261328847,-216.918300011013,-2404.57717171384
"OPTOTRAK _ C14 _ Right _ 3",179.173281279082,-246.378900249664,-2391.40378206342,222.370409900922,-215.316973106788,-2411.12678727171
"OPTOTRAK _ C14 _ Right _ 3",171.203923386626,-251.636668553751,-2389.56435558573,235.447528406498,-213.038957331402,-2417.15938662202
"OPTOTRAK _ C14 _ Right _ 3",163.055611896582,-256.436496031386,-2387.06031656507,246.863676698002,-210.461789862828,-2421.59486757843
"OPTOTRAK _ C14 _ Right _ 3",155.955412325828,-259.999664154702,-2384.21672180431,254.575644137891,-207.973968840885,-2423.5783911642
"OPTOTRAK _ C14 _ Right _ 3",150.921276277335,-261.752865753579,-2381.40755527662,257.111240605094,-205.946003864577,-2422.63042849951
"OPTOTRAK _ C14 _ Right _ 3",148.597705573517,-261.429953630847,-2378.98827216801,253.838598194623,-204.708962828571,-2418.73845609976
"OPTOTRAK _ C14 _ Right _ 3",149.161558040206,-259.119681365965,-2377.23418631723,245.097720821234,-204.516640694336,-2412.37495620871
"OPTOTRAK _ C14 _ Right _ 3",152.310173184265,-255.248933224662,-2376.29827265323,232.16380339355,-205.481465649162,-2404.43547923631
"OPTOTRAK _ C14 _ Right _ 3",157.330293028405,-250.503645615196,-2376.19506894375,217.039721713336,-207.502610627334,-2396.10053623699
"OPTOTRAK _ C14 _ Right _ 3",163.23426986545,-245.702197348067,-2376.81023185273,202.10966621993,-210.228218192395,-2388.63971159218
"OPTOTRAK _ C14 _ Right _ 3",168.939288256039,-241.646200263436,-2377.93036805908,189.720872610526,-213.092224725754,-2383.1936250697
"OPTOTRAK _ C14 _ Right _ 3",173.457352788852,-238.978560110753,-2379.28570672477,181.78040494367,-215.434977773951,-2380.57915463675
"OPTOTRAK _ C14 _ Right _ 3",176.061948994189,-238.07618303119,-2380.59832307333,179.445811451326,-216.673738041323,-2381.15702162591
"OPTOTRAK _ C14 _ Right _ 3",176.403214374312,-238.995289892838,-2381.62934158843,182.956441719953,-216.4624263073,-2384.78174679911
"OPTOTRAK _ C14 _ Right _ 3",174.554749688909,-241.474889017109,-2382.21851055958,191.616707630614,-214.784082271724,-2390.83417676776
"OPTOTRAK _ C14 _ Right _ 3",170.987475576739,-244.993261386588,-2382.30908617543,203.92054529553,-211.947671410979,-2398.32455088504
"OPTOTRAK _ C14 _ Right _ 3",166.476939775569,-248.865153564089,-2381.9518532623,217.796480649167,-208.497328988624,-2406.04847707507
"OPTOTRAK _ C14 _ Right _ 3",161.960593158384,-252.362506243109,-2381.2858384043,230.942747331983,-205.072279197942,-2412.77444674648
"OPTOTRAK _ C14 _ Right _ 3",158.370260781339,-254.838193328784,-2380.49958927338,241.206118509215,-202.267369283766,-2417.43748212999
"OPTOTRAK _ C14 _ Right _ 3",156.469356522918,-255.831958904268,-2379.7834541344,246.943247342772,-200.532047902755,-2419.31043413777
"OPTOTRAK _ C14 _ Right _ 3",156.722205201777,-255.141855044078,-2379.28672706995,247.299661771622,-200.118253529283,-2418.12463558864
"OPTOTRAK _ C14 _ Right _ 3",159.215751054296,-252.851568327544,-2379.09157769936,242.352992091296,-201.064237603477,-2414.11674257253
"OPTOTRAK _ C14 _ Right _ 3",163.645160318173,-249.31136270519,-2379.20890437435,233.090574808101,-203.196904561395,-2407.98935940229
"OPTOTRAK _ C14 _ Right _ 3",169.365555907408,-245.076858170383,-2379.592741138,221.222923240845,-206.148776189028,-2400.78885990767
"OPTOTRAK _ C14 _ Right _ 3",175.50164382256,-240.815982000312,-2380.16352401488,208.869256047,-209.401389850266,-2393.72192575669
"OPTOTRAK _ C14 _ Right _ 3",181.095934227418,-237.19989712175,-2380.82922956354,198.180942047729,-212.367479097056,-2387.94714595782
"OPTOTRAK _ C14 _ Right _ 3",185.268193621457,-234.796586173523,-2381.4975822888,190.980927072551,-214.505984096433,-2384.38316223592
"OPTOTRAK _ C14 _ Right _ 3",187.357697762788,-233.984232740485,-2382.07975227864,188.484543622592,-215.440727398466,-2383.56784793377
"OPTOTRAK _ C14 _ Right _ 3",187.026169137544,-234.896182834152,-2382.49197676882,191.136841587391,-215.043953599018,-2385.58811449149
"OPTOTRAK _ C14 _ Right _ 3",184.308839031794,-237.403006401029,-2382.66269277902,198.572187390764,-213.45618104162,-2390.08463530464
"OPTOTRAK _ C14 _ Right _ 3",179.609133596578,-241.132569437036,-2382.54826654287,209.686717501486,-211.036433115079,-2396.32458172644
"OPTOTRAK _ C14 _ Right _ 3",173.638261718569,-245.525881885916,-2382.15293294102,222.81035523161,-208.261273102907,-2403.32794191962
"OPTOTRAK _ C14 _ Right _ 3",167.30724458989,-249.922615090184,-2381.54288194521,235.960153134538,-205.608958057248,-2410.02707055459
"OPTOTRAK _ C14 _ Right _ 3",161.587075661655,-253.664523457742,-2380.84448273244,247.144387029275,-203.468811602426,-2415.4346388038
"OPTOTRAK _ C14 _ Right _ 3",157.359856556112,-256.199540428055,-2380.22281520117,254.67264339942,-202.101033126208,-2418.79388597402
"OPTOTRAK _ C14 _ Right _ 3",155.285671929519,-257.167526744104,-2379.8455367963,257.420842071842,-201.644390984176,-2419.68838433084
"OPTOTRAK _ C14 _ Right _ 3",155.705771699551,-256.452175937567,-2379.84378044127,255.005841813889,-202.144707298708,-2418.09574654564
"OPTOTRAK _ C14 _ Right _ 3",158.595306137066,-254.190937382874,-2380.28304619984,247.839139349352,-203.571436680213,-2414.37865575258
"OPTOTRAK _ C14 _ Right _ 3",163.571424528501,-250.743302409336,-2381.15281819941,237.049136532539,-205.806703717273,-2409.21563975076
"OPTOTRAK _ C14 _ Right _ 3",169.955183649929,-246.625704666696,-2382.37623216296,224.284999584032,-208.619673080604,-2403.48319894928
"OPTOTRAK _ C14 _ Right _ 3",176.877134880126,-242.427645673212,-2383.8337038172,211.440290899389,-211.65938345429,-2398.11025745242
"OPTOTRAK _ C14 _ Right _ 3",183.40740886754,-238.726839039711,-2385.38990081376,200.354125822164,-214.495457499984,-2393.9326162191
"OPTOTRAK _ C14 _ Right _ 3",188.685628882352,-236.019135779664,-2386.91370516183,192.550741541925,-216.708959439743,-2391.57443090569
"OPTOTRAK _ C14 _ Right _ 3",192.028373988965,-234.671523464514,-2388.28584313866,189.059826906241,-218.003516604225,-2391.3743666217
"OPTOTRAK _ C14 _ Right _ 3",193.001866061013,-234.896860606269,-2389.396158416,190.328491294608,-218.291284317369,-2393.36088328051
"OPTOTRAK _ C14 _ Right _ 3",191.458761778437,-236.742698273409,-2390.13816738488,196.21015163967,-217.71669801162,-2397.2711035373
"OPTOTRAK _ C14 _ Right _ 3",187.543179887462,-240.08729527079,-2390.4095683526,206.009185339317,-216.604853174209,-2402.60376986149
"OPTOTRAK _ C14 _ Right _ 3",181.666389682151,-244.642447006373,-2390.12344312338,218.569355564245,-215.349118205474,-2408.69621653841
"OPTOTRAK _ C14 _ Right _ 3",174.453249103449,-249.969284327689,-2389.22836043832,232.403579362084,-214.276303280563,-2414.81406502669
"OPTOTRAK _ C14 _ Right _ 3",166.663034715518,-255.514082941908,-2387.73012201229,245.861096402219,-213.540073661269,-2420.24002207992
"OPTOTRAK _ C14 _ Right _ 3",159.09665661108,-260.665426495141,-2385.70628325848,257.317165484418,-213.086447549479,-2424.34818950775
"OPTOTRAK _ C14 _ Right _ 3",152.507520582381,-264.826137011305,-2383.30714138013,265.360980347892,-212.70754828675,-2426.65586363855
"OPTOTRAK _ C14 _ Right _ 3",147.529666710001,-267.488652322311,-2380.74167713381,268.958180099142,-212.161866577585,-2426.85456833891
"OPTOTRAK _ C14 _ Right _ 3",144.626771892513,-268.302840623585,-2378.25157198633,267.573609473524,-211.309387553384,-2424.83023015224
"OPTOTRAK _ C14 _ Right _ 3",144.057008779442,-267.128256553854,-2376.07941875107,261.248501437734,-210.202283176487,-2420.68279509052
"OPTOTRAK _ C14 _ Right _ 3",145.847468026815,-264.065175701777,-2374.43803533227,250.626130109954,-209.089160843432,-2414.7463279532
"OPTOTRAK _ C14 _ Right _ 3",149.777744727867,-259.459122577545,-2373.48632530969,236.912669675175,-208.325742486874,-2407.59634890666
"OPTOTRAK _ C14 _ Right _ 3",155.380433052265,-253.873550459494,-2373.3139814031,221.756226941936,-208.224809114247,-2400.02143561519
"OPTOTRAK _ C14 _ Right _ 3",161.970642050376,-248.027600275609,-2373.93399407232,207.038387314823,-208.908151274723,-2392.94043562452
"OPTOTRAK _ C14 _ Right _ 3",168.713625830807,-242.702058512228,-2375.28040342489,194.600464048011,-210.227880681343,-2387.26712320955
"OPTOTRAK _ C14 _ Right _ 3",174.7297817739,-238.625462024918,-2377.21014790723,185.957327204647,-211.796458741823,-2383.75078000312
"OPTOTRAK _ C14 _ Right _ 3",179.223740460415,-236.359959463426,-2379.51117330253,182.064787637156,-213.114954955956,-2382.83691482779
"OPTOTRAK _ C14 _ Right _ 3",181.614159569939,-236.209304631692,-2381.92125590365,183.191727909944,-213.74447626367,-2384.58719712709
"OPTOTRAK _ C14 _ Right _ 3",181.636459142819,-238.168204976643,-2384.16063242734,188.915342499357,-213.450656027597,-2388.67716563435
"OPTOTRAK _ C14 _ Right _ 3",179.3928240505,-241.924937416123,-2385.97625768228,198.227838684559,-212.268860552034,-2394.46792866853
"OPTOTRAK _ C14 _ Right _ 3",175.332149793338,-246.919753277031,-2387.18863195889,209.727801594126,-210.473764216012,-2401.13256589236
"OPTOTRAK _ C14 _ Right _ 3",170.157517927835,-252.450667354936,-2387.72730223284,221.863994002654,-208.473983334887,-2407.80952198063
"OPTOTRAK _ C14 _ Right _ 3",164.678969485346,-257.806192632792,-2387.64183720083,233.192884865639,-206.677791399192,-2413.75147429944
"OPTOTRAK _ C14 _ Right _ 3",159.648358506455,-262.394755215685,-2387.08259856886,242.602878098156,-205.38074899595,-2418.4391154288
