"fileName","thumb_y","thumb_x","thumb_z","finger_y","finger_x","finger_z"
"OPTOTRAK _ P89 _ Left _ 3",-285.930430941869,110.832113206227,-2580.49270531334,-258.240544148059,132.291670640559,-2598.82700271402
"OPTOTRAK _ P89 _ Left _ 3",-286.157394049191,110.758818141066,-2580.57645779873,-258.483077790219,132.17683310255,-2598.93524667644
"OPTOTRAK _ P89 _ Left _ 3",-286.412933142668,110.665585328388,-2580.64552568212,-258.745338184043,132.039847257732,-2599.02124614834
"OPTOTRAK _ P89 _ Left _ 3",-286.668066567856,110.551266958743,-2580.67302811126,-258.995718299327,131.881911134519,-2599.05313952486
"OPTOTRAK _ P89 _ Left _ 3",-286.890141861885,110.413324953537,-2580.62986357726,-259.201270019718,131.701418137745,-2598.99874043119
"OPTOTRAK _ P89 _ Left _ 3",-287.0487308946,110.247395312223,-2580.48945215035,-259.333833293711,131.493160866711,-2598.83136389015
"OPTOTRAK _ P89 _ Left _ 3",-287.120986538617,110.047794420012,-2580.23254879141,-259.374806469207,131.249118080328,-2598.53506977329
"OPTOTRAK _ P89 _ Left _ 3",-287.095189636644,109.80905618169,-2579.85115840582,-259.317430234395,130.960782861578,-2598.10813218094
"OPTOTRAK _ P89 _ Left _ 3",-286.971862468615,109.528168205292,-2579.35076602496,-259.166367829412,130.622385385585,-2597.56398900925
"OPTOTRAK _ P89 _ Left _ 3",-286.762531559348,109.206864767938,-2578.75038064327,-258.935191250482,130.234043345984,-2596.92952335879
"OPTOTRAK _ P89 _ Left _ 3",-286.486751653309,108.853270917535,-2578.08028149906,-258.642835671463,129.803937366614,-2596.24111570399
"OPTOTRAK _ P89 _ Left _ 3",-286.168262675557,108.482370823731,-2577.37785715412,-258.310084088141,129.34895254034,-2595.53934087073
"OPTOTRAK _ P89 _ Left _ 3",-285.831153550606,108.115066847652,-2576.68240512871,-257.956802872924,128.893621845069,-2594.86335601688
"OPTOTRAK _ P89 _ Left _ 3",-285.49670803693,107.775867789424,-2576.02996523277,-257.600177916047,128.467464074607,-2594.24590506863
"OPTOTRAK _ P89 _ Left _ 3",-285.181306334888,107.489455626332,-2575.44906921156,-257.253813966294,128.10093193458,-2593.70956098758
"OPTOTRAK _ P89 _ Left _ 3",-284.895476692807,107.276586229752,-2574.95787103162,-256.927389678628,127.820366197474,-2593.26453657088
"OPTOTRAK _ P89 _ Left _ 3",-284.64401294958,107.150030365245,-2574.56279479978,-256.626615429875,127.642742824216,-2592.9082345871
"OPTOTRAK _ P89 _ Left _ 3",-284.426975642084,107.111487471985,-2574.25875269258,-256.353423643294,127.571460788014,-2592.62662172927
"OPTOTRAK _ P89 _ Left _ 3",-284.24130008474,107.150418184749,-2574.03098804507,-256.106495393174,127.594545174627,-2592.39735816325
"OPTOTRAK _ P89 _ Left _ 3",-284.082622657847,107.245379595943,-2573.85842341838,-255.88227417982,127.686133655836,-2592.1943275783
"OPTOTRAK _ P89 _ Left _ 3",-283.946880699593,107.367748391948,-2573.71798508525,-255.676485621989,127.811109096242,-2591.99285323217
"OPTOTRAK _ P89 _ Left _ 3",-283.831331615513,107.486954811478,-2573.58897646959,-255.485922487927,127.931728342288,-2591.77460124812
"OPTOTRAK _ P89 _ Left _ 3",-283.73486865727,107.575871104341,-2573.45648793972,-255.310013291153,128.014541587458,-2591.5311179035
"OPTOTRAK _ P89 _ Left _ 3",-283.657769667338,107.615003975906,-2573.31314455857,-255.151627255462,128.035948975482,-2591.26519790297
"OPTOTRAK _ P89 _ Left _ 3",-283.60116334738,107.594596252792,-2573.15903123975,-255.016755189188,127.985252136947,-2590.98977950212
"OPTOTRAK _ P89 _ Left _ 3",-283.566482867478,107.514431254965,-2573.00013290718,-254.913095986469,127.864763337313,-2590.72465198061
"OPTOTRAK _ P89 _ Left _ 3",-283.555062515557,107.381775623765,-2572.84591270465,-254.848010861357,127.687212821846,-2590.49176365169
"OPTOTRAK _ P89 _ Left _ 3",-283.567920716948,107.208279963771,-2572.70669485446,-254.826571147453,127.471227082108,-2590.31020624731
"OPTOTRAK _ P89 _ Left _ 3",-283.605704821784,107.006723530986,-2572.59139169058,-254.850371010967,127.236002972764,-2590.19198267138
"OPTOTRAK _ P89 _ Left _ 3",-283.668726586286,106.788336893131,-2572.50592190812,-254.91741768005,126.996474903329,-2590.13947770937
"OPTOTRAK _ P89 _ Left _ 3",-283.75696710106,106.561216358024,-2572.45249181698,-255.02293007199,126.760235731755,-2590.14519915066
"OPTOTRAK _ P89 _ Left _ 3",-283.869898148211,106.330120474284,-2572.42977316686,-255.160516463323,126.527132998121,-2590.19386084455
"OPTOTRAK _ P89 _ Left _ 3",-284.006012833628,106.097647765255,-2572.43386603004,-255.323135550153,126.291742320539,-2590.26628225133
"OPTOTRAK _ P89 _ Left _ 3",-284.162114150474,105.866376613826,-2572.45974290483,-255.503481879454,126.04793843015,-2590.34403560817
"OPTOTRAK _ P89 _ Left _ 3",-284.332618649321,105.641117773051,-2572.50268296856,-255.693821634558,125.793930296685,-2590.41351765919
"OPTOTRAK _ P89 _ Left _ 3",-284.509261464046,105.430253034285,-2572.55916154567,-255.885620326866,125.535852348928,-2590.46831983989
"OPTOTRAK _ P89 _ Left _ 3",-284.68152829371,105.245404742918,-2572.62685759087,-256.069400869251,125.288501958401,-2590.50937511707
"OPTOTRAK _ P89 _ Left _ 3",-284.837893423433,105.099338593555,-2572.70383198381,-256.235136565261,125.072881217679,-2590.54312331794
"OPTOTRAK _ P89 _ Left _ 3",-284.967633085013,105.002749499781,-2572.787335882,-256.373223562188,124.911365727207,-2590.57853894613
"OPTOTRAK _ P89 _ Left _ 3",-285.062766412717,104.961061438959,-2572.87292912959,-256.475838882417,124.822092207405,-2590.62408783186
"OPTOTRAK _ P89 _ Left _ 3",-285.119639163833,104.972366567737,-2572.95449032468,-256.538373786281,124.814255878817,-2590.68550156526
"OPTOTRAK _ P89 _ Left _ 3",-285.139789991655,105.027161370794,-2573.02529362076,-256.560636698165,124.885502713258,-2590.76482361922
"OPTOTRAK _ P89 _ Left _ 3",-285.12994018928,105.109855323204,-2573.07979584518,-256.547571256489,125.021820228149,-2590.86068882521
"OPTOTRAK _ P89 _ Left _ 3",-285.101134132845,105.201457650254,-2573.11539328543,-256.509274307986,125.199640976295,-2590.96941906857
"OPTOTRAK _ P89 _ Left _ 3",-285.067178352681,105.282614719695,-2573.13336878446,-256.460139482727,125.389474975301,-2591.08634153842
"OPTOTRAK _ P89 _ Left _ 3",-285.04259092914,105.33628759402,-2573.13856690504,-256.417057051726,125.560264661205,-2591.20675924286
"OPTOTRAK _ P89 _ Left _ 3",-285.040324414705,105.349666216481,-2573.13784448366,-256.396810763182,125.683686696199,-2591.32618422553
"OPTOTRAK _ P89 _ Left _ 3",-285.069593933729,105.315223366105,-2573.13781924043,-256.413092500823,125.737732041679,-2591.43975969714
"OPTOTRAK _ P89 _ Left _ 3",-285.134206737891,105.231015548171,-2573.14270608998,-256.473795939376,125.70908981751,-2591.54121400699
"OPTOTRAK _ P89 _ Left _ 3",-285.231789795521,105.100428712735,-2573.15301444099,-256.579316761855,125.594150763979,-2591.62206394828
"OPTOTRAK _ P89 _ Left _ 3",-285.354190968497,104.931560917829,-2573.16559104538,-256.722399285296,125.398751314783,-2591.67187583761
"OPTOTRAK _ P89 _ Left _ 3",-285.489076280579,104.73634972835,-2573.17501635514,-256.88966108924,125.136962892608,-2591.68003671995
"OPTOTRAK _ P89 _ Left _ 3",-285.622416011325,104.529436269019,-2573.17585195873,-257.064438241177,124.829226175991,-2591.63877321627
"OPTOTRAK _ P89 _ Left _ 3",-285.741258573969,104.326694919064,-2573.16488242123,-257.230200631231,124.500011035184,-2591.54641584474
"OPTOTRAK _ P89 _ Left _ 3",-285.836062698029,104.143418394695,-2573.14245493335,-257.373628299333,124.175100550641,-2591.4095394054
"OPTOTRAK _ P89 _ Left _ 3",-285.901976686968,103.992324269405,-2573.11234685008,-257.486570943847,123.878648531977,-2591.24285231338
"OPTOTRAK _ P89 _ Left _ 3",-285.938799212978,103.88174634339,-2573.08018209375,-257.5664900156,123.630320942607,-2591.06650568316
"OPTOTRAK _ P89 _ Left _ 3",-285.949805678659,103.814472938097,-2573.05103548405,-257.615473646984,123.442998773995,-2590.90152234579
"OPTOTRAK _ P89 _ Left _ 3",-285.939998777148,103.787620079851,-2573.02724181234,-257.638345228256,123.321578306804,-2590.76486109732
"OPTOTRAK _ P89 _ Left _ 3",-285.914484626054,103.793685417527,-2573.00739498828,-257.640611668928,123.263265787588,-2590.66586298574
"OPTOTRAK _ P89 _ Left _ 3",-285.877527359099,103.822594833082,-2572.98708048485,-257.626957306945,123.259397766298,-2590.60534176877
"OPTOTRAK _ P89 _ Left _ 3",-285.832472765481,103.864238794171,-2572.96118638958,-257.600718824832,123.298313409258,-2590.57755388024
"OPTOTRAK _ P89 _ Left _ 3",-285.782334536573,103.910804217045,-2572.92694317603,-257.564374979385,123.368382336223,-2590.57414073277
"OPTOTRAK _ P89 _ Left _ 3",-285.730582671519,103.958217492135,-2572.88643375213,-257.520681506006,123.460196903688,-2590.58836750842
"OPTOTRAK _ P89 _ Left _ 3",-285.681644120894,104.006255519879,-2572.84739126892,-257.473809330595,123.567269045865,-2590.61790582485
"OPTOTRAK _ P89 _ Left _ 3",-285.640786987124,104.057305286472,-2572.8216734557,-257.429808765344,123.685200145206,-2590.66503979671
"OPTOTRAK _ P89 _ Left _ 3",-285.613312700629,104.114224191688,-2572.82167168085,-257.395957016664,123.809936388255,-2590.73425086001
"OPTOTRAK _ P89 _ Left _ 3",-285.603230942988,104.178092615304,-2572.85574731126,-257.378983018479,123.936089686616,-2590.82821569948
"OPTOTRAK _ P89 _ Left _ 3",-285.611784671569,104.246700982881,-2572.92424761533,-257.382649843212,124.056221185557,-2590.94388650991
"OPTOTRAK _ P89 _ Left _ 3",-285.636294247365,104.314327253914,-2573.01753623604,-257.405528281635,124.161481141899,-2591.07026637201
"OPTOTRAK _ P89 _ Left _ 3",-285.66976519458,104.372848673633,-2573.11681581143,-257.439865330245,124.243322353023,-2591.18881780296
"OPTOTRAK _ P89 _ Left _ 3",-285.701534949553,104.413722306761,-2573.19759112432,-257.472177161034,124.295502837789,-2591.27647228246
"OPTOTRAK _ P89 _ Left _ 3",-285.718952378694,104.430081663348,-2573.23478829499,-257.485644433155,124.31551390024,-2591.31032664286
"OPTOTRAK _ P89 _ Left _ 3",-285.709773400107,104.41823269115,-2573.20809885011,-257.463745128677,124.304914913632,-2591.27260909628
"OPTOTRAK _ P89 _ Left _ 3",-285.664715306236,104.37814876099,-2573.10616006727,-257.394070428961,124.268608575264,-2591.15450076113
"OPTOTRAK _ P89 _ Left _ 3",-285.579513532323,104.313007459489,-2572.92862826079,-257.271140802646,124.213550535427,-2590.95785417979
"OPTOTRAK _ P89 _ Left _ 3",-285.45589833471,104.228174168594,-2572.685838633,-257.097350657222,124.147524389958,-2590.69454767781
"OPTOTRAK _ P89 _ Left _ 3",-285.301152142417,104.130144746165,-2572.39633800281,-256.881812188234,124.078378951062,-2590.38387573378
"OPTOTRAK _ P89 _ Left _ 3",-285.126281459853,104.025777227359,-2572.08296819415,-256.637579925959,124.013689592156,-2590.04878926733
"OPTOTRAK _ P89 _ Left _ 3",-284.943249761159,103.921809409152,-2571.7683428104,-256.37822786139,123.960459441013,-2589.71190276889
"OPTOTRAK _ P89 _ Left _ 3",-284.762040046696,103.824396930608,-2571.47056704923,-256.114851026361,123.924435207244,-2589.39204257558
"OPTOTRAK _ P89 _ Left _ 3",-284.588421131683,103.738372443699,-2571.19996966189,-255.854289217679,123.908881825935,-2589.10184464978
"OPTOTRAK _ P89 _ Left _ 3",-284.423108974477,103.666131416793,-2570.95746055935,-255.598882602604,123.913065757391,-2588.84663397223
"OPTOTRAK _ P89 _ Left _ 3",-284.262571382794,103.606374321961,-2570.73486738051,-255.347569449384,123.931020627676,-2588.62458795188
"OPTOTRAK _ P89 _ Left _ 3",-284.101162576071,103.553201067486,-2570.51722809459,-255.097779768559,123.951253366405,-2588.4279995511
"OPTOTRAK _ P89 _ Left _ 3",-283.933804435779,103.496108731938,-2570.28657370843,-254.847435789722,123.957834645832,-2588.24529430245
"OPTOTRAK _ P89 _ Left _ 3",-283.758242547262,103.421226421345,-2570.02632991957,-254.596437217666,123.932858711643,-2588.06333659363
"OPTOTRAK _ P89 _ Left _ 3",-283.576079898247,103.313696934979,-2569.72522753386,-254.347236671843,123.859724110665,-2587.86953855815
"OPTOTRAK _ P89 _ Left _ 3",-283.392273493947,103.160661492074,-2569.37966364217,-254.104426260088,123.726316787272,-2587.65340156739
"OPTOTRAK _ P89 _ Left _ 3",-283.213383807227,102.954035538142,-2568.99387090435,-253.873570967271,123.527172451936,-2587.40734854921
"OPTOTRAK _ P89 _ Left _ 3",-283.045331571751,102.692318956723,-2568.57795913528,-253.659739040541,123.264090222697,-2587.12693871204
"OPTOTRAK _ P89 _ Left _ 3",-282.891528318644,102.381034055818,-2568.14463181975,-253.466217682374,122.945269170037,-2586.81067982897
"OPTOTRAK _ P89 _ Left _ 3",-282.75198238136,102.031843031443,-2567.70580780822,-253.293761378263,122.58352537395,-2586.4596415668
"OPTOTRAK _ P89 _ Left _ 3",-282.623515081362,101.660745184383,-2567.27028311273,-253.14048221375,122.194299297149,-2586.07699908442
"OPTOTRAK _ P89 _ Left _ 3",-282.500791348013,101.285881864355,-2566.84301528343,-253.002272827905,121.793990495951,-2585.66757917312
"OPTOTRAK _ P89 _ Left _ 3",-282.377648533157,100.925410317011,-2566.42590700028,-252.873536229133,121.398829088662,-2585.23746098029
"OPTOTRAK _ P89 _ Left _ 3",-282.248259729558,100.595738936686,-2566.01945449245,-252.748000850435,121.02419354733,-2584.79367799539
"OPTOTRAK _ P89 _ Left _ 3",-282.107930607311,100.310233474809,-2565.62449307701,-252.619484834286,120.684124158832,-2584.34405315186
"OPTOTRAK _ P89 _ Left _ 3",-281.953614604165,100.07836764873,-2565.24344990614,-252.482571739131,120.390787351702,-2583.89715415241
"OPTOTRAK _ P89 _ Left _ 3",-281.784333599767,99.9052297690866,-2564.8807953476,-252.333211974902,120.153763083217,-2583.46227186096
"OPTOTRAK _ P89 _ Left _ 3",-281.601560082175,99.7912976347922,-2564.54261959742,-252.169253634244,119.979158851569,-2583.04922702291
"OPTOTRAK _ P89 _ Left _ 3",-281.409404982625,99.732430912502,-2564.23544064097,-251.990856353987,119.868641460418,-2582.66776605351
"OPTOTRAK _ P89 _ Left _ 3",-281.214358961136,99.7200910343748,-2563.96451509757,-251.800693495566,119.818540426909,-2582.3263876301
"OPTOTRAK _ P89 _ Left _ 3",-281.024427849956,99.7418690221576,-2563.73206931065,-251.603841334645,119.819256042444,-2582.03067779862
"OPTOTRAK _ P89 _ Left _ 3",-280.847730254239,99.7824441633562,-2563.53595034567,-251.407304736007,119.855292432885,-2581.78156483979
"OPTOTRAK _ P89 _ Left _ 3",-280.690872979373,99.8250689632263,-2563.36917214818,-251.219207848021,119.906265001323,-2581.574174195
"OPTOTRAK _ P89 _ Left _ 3",-280.557557630527,99.8535580358839,-2563.22065934487,-251.047736019259,119.949109049227,-2581.39795573968
"OPTOTRAK _ P89 _ Left _ 3",-280.447812577744,99.8545594382549,-2563.07715337697,-250.899938777941,119.961377645025,-2581.23835554455
"OPTOTRAK _ P89 _ Left _ 3",-280.358023371301,99.8196580225491,-2562.92582076057,-250.780531210453,119.9250230278,-2581.0796488205
"OPTOTRAK _ P89 _ Left _ 3",-280.28168746344,99.7467168135304,-2562.75678179343,-250.690892998613,119.829648150865,-2580.9080106991
"OPTOTRAK _ P89 _ Left _ 3",-280.210659552299,99.6399465080067,-2562.5647609731,-250.628527265708,119.674192930954,-2580.71382529325
"OPTOTRAK _ P89 _ Left _ 3",-280.136603672698,99.5085552995533,-2562.34940437889,-250.587226726794,119.466496153108,-2580.49266620933
"OPTOTRAK _ P89 _ Left _ 3",-280.052397728128,99.3643351052672,-2562.11436031993,-250.558055794085,119.220944467455,-2580.24503869646
"OPTOTRAK _ P89 _ Left _ 3",-279.953311856101,99.218925346479,-2561.86570251225,-250.53102947757,118.955088739479,-2579.97546656347
"OPTOTRAK _ P89 _ Left _ 3",-279.837859414626,99.081563896825,-2561.61045611366,-250.497143665763,118.686354223034,-2579.69159139462
"OPTOTRAK _ P89 _ Left _ 3",-279.708243291795,98.9578857758284,-2561.35579080473,-250.450270095048,118.429730149867,-2579.40363694173
"OPTOTRAK _ P89 _ Left _ 3",-279.570275014883,98.8499258067706,-2561.10898523406,-250.388418262747,118.196777341067,-2579.12410336709
"OPTOTRAK _ P89 _ Left _ 3",-279.432597751612,98.7571057235696,-2560.87778642506,-250.31399754586,117.995724922949,-2578.86719751411
"OPTOTRAK _ P89 _ Left _ 3",-279.305113762531,98.6777401420435,-2560.67053252267,-250.232965618566,117.832078741004,-2578.64749299559
"OPTOTRAK _ P89 _ Left _ 3",-279.196766833674,98.6105021680193,-2560.49550857446,-250.153061661888,117.70914003209,-2578.47767128404
"OPTOTRAK _ P89 _ Left _ 3",-279.113187126037,98.5553506638657,-2560.3594251076,-250.081596578776,117.628091890473,-2578.36575113953
"OPTOTRAK _ P89 _ Left _ 3",-279.054963110667,98.5136341970352,-2560.26545294792,-250.023407670246,117.587702708554,-2578.31268553791
"OPTOTRAK _ P89 _ Left _ 3",-279.017241851117,98.487404370057,-2560.21163094589,-249.979527737997,117.584017790694,-2578.31131855816
"OPTOTRAK _ P89 _ Left _ 3",-278.990916295668,98.4782812237269,-2560.19044876922,-249.946892478405,117.610486073368,-2578.34732130097
"OPTOTRAK _ P89 _ Left _ 3",-278.965033999551,98.4863795527182,-2560.18996958046,-249.919108945704,117.65875161988,-2578.401999811
"OPTOTRAK _ P89 _ Left _ 3",-278.929595129387,98.5097517897466,-2560.19623605461,-249.888041184971,117.719970111669,-2578.4561574428
"OPTOTRAK _ P89 _ Left _ 3",-278.877830757004,98.5445708036291,-2560.19623377498,-249.845804730414,117.786229231629,-2578.49386436103
"OPTOTRAK _ P89 _ Left _ 3",-278.80734780016,98.5859831567305,-2560.18055762304,-249.786710987207,117.851614961672,-2578.50514518244
"OPTOTRAK _ P89 _ Left _ 3",-278.720000450434,98.6293226815133,-2560.14510728573,-249.708745160765,117.912648638822,-2578.4870735273
"OPTOTRAK _ P89 _ Left _ 3",-278.620779315447,98.6712553467706,-2560.0914833703,-249.614270683942,117.968081892513,-2578.44329430473
"OPTOTRAK _ P89 _ Left _ 3",-278.516242812242,98.7104602488134,-2560.02611854449,-249.509804244997,118.018241082646,-2578.38237077804
"OPTOTRAK _ P89 _ Left _ 3",-278.41300022102,98.7476212576681,-2559.95844659081,-249.404878592339,118.064187098658,-2578.3154791903
"OPTOTRAK _ P89 _ Left _ 3",-278.316561777917,98.7847445761455,-2559.89854190352,-249.310191048478,118.106909039263,-2578.25390030015
"OPTOTRAK _ P89 _ Left _ 3",-278.230639776408,98.8240525136651,-2559.85469466193,-249.235402186424,118.146685340689,-2578.2066461009
"OPTOTRAK _ P89 _ Left _ 3",-278.156834749613,98.8668684416002,-2559.83139241625,-249.187056856255,118.182718255501,-2578.17854251483
"OPTOTRAK _ P89 _ Left _ 3",-278.094610103868,98.9129388755263,-2559.82816334602,-249.167098443564,118.213181774796,-2578.16914464663
"OPTOTRAK _ P89 _ Left _ 3",-278.041512285857,98.9604884220863,-2559.83963029568,-249.172322714895,118.235814952751,-2578.17284875854
"OPTOTRAK _ P89 _ Left _ 3",-277.993657847414,99.007000869438,-2559.85686534883,-249.194906535482,118.249041102879,-2578.18036002925
"OPTOTRAK _ P89 _ Left _ 3",-277.946507193959,99.0503964575774,-2559.86975574277,-249.223907355051,118.253323943919,-2578.18128214536
"OPTOTRAK _ P89 _ Left _ 3",-277.895847524402,99.0900969311869,-2559.86973365628,-249.24741265047,118.252236018329,-2578.16716034558
"OPTOTRAK _ P89 _ Left _ 3",-277.838765837825,99.1275267583769,-2559.85205604698,-249.254869431503,118.252676440507,-2578.13404366658
"OPTOTRAK _ P89 _ Left _ 3",-277.774311471454,99.1658516722588,-2559.81694367807,-249.239084179164,118.263898081621,-2578.08369421506
"OPTOTRAK _ P89 _ Left _ 3",-277.703604173159,99.2090706194027,-2559.76926265831,-249.19747019722,118.295420337586,-2578.02298347388
"OPTOTRAK _ P89 _ Left _ 3",-277.629328133884,99.2608098163467,-2559.71690474529,-249.132303138383,118.354355505552,-2577.96164330966
"OPTOTRAK _ P89 _ Left _ 3",-277.554774628431,99.323238564619,-2559.66841690536,-249.049965059691,118.44299225066,-2577.90914307855
"OPTOTRAK _ P89 _ Left _ 3",-277.482747467329,99.3964513734999,-2559.63063390329,-248.959360073222,118.557529931757,-2577.87179811833
"OPTOTRAK _ P89 _ Left _ 3",-277.414668656471,99.4785122206416,-2559.60705335077,-248.869850710198,118.688586239946,-2577.85113256285
"OPTOTRAK _ P89 _ Left _ 3",-277.350138085169,99.5661845779729,-2559.59747662016,-248.789188022999,118.823548293055,-2577.84404860004
"OPTOTRAK _ P89 _ Left _ 3",-277.287074393874,99.6561733287101,-2559.59905234566,-248.721960584704,118.950167252382,-2577.84469354586
"OPTOTRAK _ P89 _ Left _ 3",-277.222434503537,99.746490154267,-2559.60837634741,-248.66900961014,119.060263912184,-2577.84732992177
"OPTOTRAK _ P89 _ Left _ 3",-277.153374780737,99.8374048197984,-2559.62387021164,-248.628013328677,119.152251965837,-2577.84919494273
"OPTOTRAK _ P89 _ Left _ 3",-277.0785804478,99.9314816909863,-2559.64746776508,-248.595078752635,119.231493655384,-2577.85234738912
"OPTOTRAK _ P89 _ Left _ 3",-276.999397825641,100.03247767999,-2559.68481843111,-248.566823176003,119.3081979738,-2577.86381091025
"OPTOTRAK _ P89 _ Left _ 3",-276.920414245338,100.14331765063,-2559.74374972233,-248.542233770361,119.39342430734,-2577.89385130071
"OPTOTRAK _ P89 _ Left _ 3",-276.84925295557,100.263787294145,-2559.83141477238,-248.523653810339,119.494456288081,-2577.95283214596
"OPTOTRAK _ P89 _ Left _ 3",-276.795536635008,100.388803686139,-2559.9510905489,-248.516541188952,119.611084634113,-2578.04757871615
"OPTOTRAK _ P89 _ Left _ 3",-276.769158848559,100.508037112014,-2560.09976515293,-248.528062255322,119.734064425511,-2578.17835473613
"OPTOTRAK _ P89 _ Left _ 3",-276.778149602227,100.60728755781,-2560.26740846816,-248.564961177709,119.846306586478,-2578.33735666291
"OPTOTRAK _ P89 _ Left _ 3",-276.826524472808,100.671487308941,-2560.43827010825,-248.631349589245,119.926519944012,-2578.50915956003
"OPTOTRAK _ P89 _ Left _ 3",-276.912573571092,100.688663109459,-2560.5938960811,-248.727043908014,119.954339536622,-2578.67300536567
"OPTOTRAK _ P89 _ Left _ 3",-277.028062220314,100.653794048423,-2560.71702728985,-248.846880267382,119.915621805185,-2578.80638585545
"OPTOTRAK _ P89 _ Left _ 3",-277.158727575095,100.571379941147,-2560.79530842194,-248.981151656951,119.806582835337,-2578.88913003874
"OPTOTRAK _ P89 _ Left _ 3",-277.286207696465,100.455789547179,-2560.82383928384,-249.117029700808,119.635760325289,-2578.90716198046
"OPTOTRAK _ P89 _ Left _ 3",-277.39114759922,100.32906672383,-2560.80596330272,-249.240620555303,119.423309287469,-2578.85520441494
"OPTOTRAK _ P89 _ Left _ 3",-277.456823702203,100.216635334986,-2560.75217468065,-249.339203970231,119.197754962921,-2578.7379165319
"OPTOTRAK _ P89 _ Left _ 3",-277.472400911029,100.141968238179,-2560.67750139216,-249.403233085344,118.990859338306,-2578.56923319373
"OPTOTRAK _ P89 _ Left _ 3",-277.435001284096,100.121554036213,-2560.59806854069,-249.427800649749,118.83160202466,-2578.36998491512
"OPTOTRAK _ P89 _ Left _ 3",-277.350099692534,100.161355661427,-2560.52768564788,-249.413430520434,118.740422083603,-2578.16419912521
"OPTOTRAK _ P89 _ Left _ 3",-277.230239593008,100.25550462637,-2560.47521983535,-249.366154432399,118.724858688511,-2577.97479735207
"OPTOTRAK _ P89 _ Left _ 3",-277.092505764364,100.387396402192,-2560.4432742493,-249.296860279258,118.77758073886,-2577.81965246723
"OPTOTRAK _ P89 _ Left _ 3",-276.955452100416,100.532832454721,-2560.42837861586,-249.219904259036,118.877452001841,-2577.70900500321
"OPTOTRAK _ P89 _ Left _ 3",-276.83619797263,100.664502607282,-2560.42258036595,-249.151053873485,118.993669285903,-2577.64489647953
"OPTOTRAK _ P89 _ Left _ 3",-276.748215177672,100.756923826549,-2560.4160228875,-249.105002301745,119.092202092734,-2577.62259445523
"OPTOTRAK _ P89 _ Left _ 3",-276.700038079349,100.790910485677,-2560.39984619948,-249.092890821792,119.143029725656,-2577.63327394257
"OPTOTRAK _ P89 _ Left _ 3",-276.694864123116,100.756740802507,-2560.36862883235,-249.120371697431,119.126357460916,-2577.66687192245
"OPTOTRAK _ P89 _ Left _ 3",-276.730854573874,100.655424646914,-2560.32168968906,-249.186668962551,119.036258301607,-2577.71419771652
"OPTOTRAK _ P89 _ Left _ 3",-276.801917371113,100.49785125854,-2560.26288534945,-249.284867443747,118.880925049528,-2577.7678904554
"OPTOTRAK _ P89 _ Left _ 3",-276.898815336411,100.302031196214,-2560.19898798853,-249.403361106938,118.679662316578,-2577.82235576656
"OPTOTRAK _ P89 _ Left _ 3",-277.010514876143,100.089065384492,-2560.13718927054,-249.528118333214,118.457609581683,-2577.87315725542
"OPTOTRAK _ P89 _ Left _ 3",-277.125698134204,99.8787966866016,-2560.08260003955,-249.645249808056,118.239727921125,-2577.91640985558
"OPTOTRAK _ P89 _ Left _ 3",-277.234287036498,99.6862191264959,-2560.03665357978,-249.74332738749,118.045664891826,-2577.94856748525
"OPTOTRAK _ P89 _ Left _ 3",-277.3287319328,99.5195312766178,-2559.99700170003,-249.81499817193,117.886729920549,-2577.96673270089
"OPTOTRAK _ P89 _ Left _ 3",-277.404797510848,99.3802263157743,-2559.95892112134,-249.85763876149,117.765512722937,-2577.96937411286
"OPTOTRAK _ P89 _ Left _ 3",-277.461683619815,99.2649797647087,-2559.91767611063,-249.873038130157,117.677907757176,-2577.95719989134
"OPTOTRAK _ P89 _ Left _ 3",-277.501505213184,99.1685727574971,-2559.8709623023,-249.866304216417,117.616703413702,-2577.93389947121
"OPTOTRAK _ P89 _ Left _ 3",-277.528324102646,99.086848308359,-2559.82057914019,-249.844311129908,117.575573082483,-2577.90647927266
"OPTOTRAK _ P89 _ Left _ 3",-277.546996941507,99.0187761061631,-2559.77276087683,-249.8140471078,117.552264876448,-2577.88494578067
"OPTOTRAK _ P89 _ Left _ 3",-277.562067822641,98.9670371006484,-2559.73699067237,-249.781212809839,117.549997992775,-2577.88114419588
"OPTOTRAK _ P89 _ Left _ 3",-277.576841019536,98.9370331896956,-2559.72353050757,-249.749355103719,117.576540434998,-2577.90669764897
"OPTOTRAK _ P89 _ Left _ 3",-277.59269821078,98.9347463790011,-2559.74027862957,-249.719687376221,117.641141202765,-2577.97025579897
"OPTOTRAK _ P89 _ Left _ 3",-277.608728728249,98.9642440216418,-2559.78985051197,-249.691557653079,117.750253620594,-2578.07461649377
"OPTOTRAK _ P89 _ Left _ 3",-277.621796736675,99.0257015897936,-2559.86784009016,-249.663341310408,117.903510347931,-2578.21457828725
"OPTOTRAK _ P89 _ Left _ 3",-277.627178681663,99.1145618514945,-2559.96294413285,-249.633430656152,118.091422922703,-2578.37640673818
"OPTOTRAK _ P89 _ Left _ 3",-277.619787267926,99.2219948937731,-2560.05906257482,-249.601012989362,118.29572515319,-2578.53943238978
"OPTOTRAK _ P89 _ Left _ 3",-277.595779504844,99.3363759589829,-2560.13883771114,-249.566460977947,118.492365712959,-2578.67963754435
"OPTOTRAK _ P89 _ Left _ 3",-277.554138785235,99.4452372867587,-2560.18763642551,-249.531337916708,118.65625069189,-2578.77442440037
"OPTOTRAK _ P89 _ Left _ 3",-277.497730085047,99.5371505244324,-2560.19688187635,-249.49815091992,118.766315115616,-2578.8073895349
"OPTOTRAK _ P89 _ Left _ 3",-277.433398730082,99.6032029026931,-2560.16590258325,-249.470002673839,118.809557417333,-2578.77196800333
"OPTOTRAK _ P89 _ Left _ 3",-277.370918715653,99.6379896556362,-2560.10194453714,-249.450214385739,118.783196604423,-2578.67314590635
"OPTOTRAK _ P89 _ Left _ 3",-277.320959194215,99.6401935462688,-2560.01849217187,-249.441906420891,118.694773468117,-2578.52688792565
"OPTOTRAK _ P89 _ Left _ 3",-277.292615453982,99.612793908455,-2559.93241593534,-249.447509549472,118.560495048074,-2578.35736472593
"OPTOTRAK _ P89 _ Left _ 3",-277.291263737955,99.5628204561471,-2559.86064183476,-249.46824491519,118.402317317315,-2578.19246629654
"OPTOTRAK _ P89 _ Left _ 3",-277.317411320581,99.5004960687449,-2559.81703377347,-249.503692309433,118.244289794339,-2578.05845528525
"OPTOTRAK _ P89 _ Left _ 3",-277.366854257989,99.4376964795252,-2559.81005436876,-249.551596731843,118.10870197357,-2577.97490154713
"OPTOTRAK _ P89 _ Left _ 3",-277.432009641949,99.3858619974209,-2559.84158818021,-249.608024836476,118.012609926551,-2577.9511098275
"OPTOTRAK _ P89 _ Left _ 3",-277.503957522971,99.3537120585626,-2559.90709422146,-249.667907939022,117.96528925289,-2577.98495756017
"OPTOTRAK _ P89 _ Left _ 3",-277.574605174021,99.3452362726707,-2559.99699310602,-249.725932404474,117.966977424893,-2578.06439901205
"OPTOTRAK _ P89 _ Left _ 3",-277.638450707162,99.3584323104292,-2560.09891749872,-249.777660741592,118.008998869767,-2578.17110083144
"OPTOTRAK _ P89 _ Left _ 3",-277.693597747785,99.3851521345669,-2560.20026105438,-249.820671327297,118.075166629352,-2578.28509801277
"OPTOTRAK _ P89 _ Left _ 3",-277.74188488663,99.4122333545357,-2560.29044595436,-249.855413618369,118.144290131811,-2578.389216667
"OPTOTRAK _ P89 _ Left _ 3",-277.788188105374,99.4238473772836,-2560.3624921758,-249.885455085662,118.193590010059,-2578.47227203204
"OPTOTRAK _ P89 _ Left _ 3",-277.839095787881,99.4047105100437,-2560.41371659758,-249.916902297945,118.202686691064,-2578.53051759479
"OPTOTRAK _ P89 _ Left _ 3",-277.901237459074,99.3435318498885,-2560.44560084416,-249.957009077619,118.157564827969,-2578.56728506023
"OPTOTRAK _ P89 _ Left _ 3",-277.979582057509,99.2359038130915,-2560.46297885224,-250.012267502072,118.053659582965,-2578.59110802628
"OPTOTRAK _ P89 _ Left _ 3",-278.076014502354,99.0858759913687,-2560.47272409409,-250.086495291386,117.897186331851,-2578.61286251614
"OPTOTRAK _ P89 _ Left _ 3",-278.188445182298,98.9057387744226,-2560.4821300139,-250.179476449764,117.704191243421,-2578.64260983894
"OPTOTRAK _ P89 _ Left _ 3",-278.310614697847,98.7140217148468,-2560.49722805119,-250.286544988227,117.497470954819,-2578.68687738889
"OPTOTRAK _ P89 _ Left _ 3",-278.43265428446,98.5322172393047,-2560.52136727315,-250.399196871473,117.30221067639,-2578.74701965085
"OPTOTRAK _ P89 _ Left _ 3",-278.542368924595,98.3810772527928,-2560.55442701771,-250.506518655807,117.141577478686,-2578.81904879966
"OPTOTRAK _ P89 _ Left _ 3",-278.627107984001,98.277380560535,-2560.59297234626,-250.597055375308,117.03339329173,-2578.89494877035
"OPTOTRAK _ P89 _ Left _ 3",-278.675951222487,98.2318464050267,-2560.63144777696,-250.66072833771,116.988486673907,-2578.96507970036
"OPTOTRAK _ P89 _ Left _ 3",-278.681789273582,98.2484855125492,-2560.66417470288,-250.69049004319,117.010672113415,-2579.02097183597
"OPTOTRAK _ P89 _ Left _ 3",-278.642798525953,98.3252743430839,-2560.68759248304,-250.683488667343,117.097829945369,-2579.0577165744
"OPTOTRAK _ P89 _ Left _ 3",-278.562880978202,98.4557262373204,-2560.70200745493,-250.641576845191,117.243408263649,-2579.07531909716
"OPTOTRAK _ P89 _ Left _ 3",-278.450881906131,98.6307825063443,-2560.71218927729,-250.571061680931,117.43781223306,-2579.07871165843
"OPTOTRAK _ P89 _ Left _ 3",-278.318755738611,98.8404771575299,-2560.72649483371,-250.481693758552,117.669456067832,-2579.07652248806
"OPTOTRAK _ P89 _ Left _ 3",-278.179189449338,99.0750242616233,-2560.7547080306,-250.385043312367,117.925573859533,-2579.07904309848
"OPTOTRAK _ P89 _ Left _ 3",-278.04335085691,99.3252739704871,-2560.80526096755,-250.292577817435,118.193073296444,-2579.09603874464
"OPTOTRAK _ P89 _ Left _ 3",-277.919326646396,99.5827576716116,-2560.88273813775,-250.213873463253,118.459674226588,-2579.13502711665
"OPTOTRAK _ P89 _ Left _ 3",-277.811521186179,99.8396572589876,-2560.9864551054,-250.155401074562,118.715311709351,-2579.20041021373
"OPTOTRAK _ P89 _ Left _ 3",-277.720958266532,100.088940380724,-2561.11050519676,-250.120193877048,118.953443942254,-2579.29348861026
"OPTOTRAK _ P89 _ Left _ 3",-277.64619588278,100.324691040613,-2561.24517635371,-250.108446501735,119.171705064432,-2579.41306443362
"OPTOTRAK _ P89 _ Left _ 3",-277.584493429348,100.542486552859,-2561.3792831812,-250.118780539189,119.371442989126,-2579.55616645974
"OPTOTRAK _ P89 _ Left _ 3",-277.532957725248,100.739633527379,-2561.50286249359,-250.149656617569,119.556081688429,-2579.7184782727
"OPTOTRAK _ P89 _ Left _ 3",-277.48955707983,100.915180295821,-2561.60978571296,-250.200339985258,119.728775152764,-2579.89433238253
"OPTOTRAK _ P89 _ Left _ 3",-277.453991965565,101.069790103544,-2561.69996149278,-250.270995225782,119.890242002361,-2580.0765560604
"OPTOTRAK _ P89 _ Left _ 3",-277.428354759665,101.205673653671,-2561.78079503027,-250.361838581091,120.037807343126,-2580.25681264104
"OPTOTRAK _ P89 _ Left _ 3",-277.417363041081,101.326744724401,-2561.86747190331,-250.471667936837,120.16645957471,-2580.42716372177
"OPTOTRAK _ P89 _ Left _ 3",-277.427904274209,101.438957534736,-2561.98162116191,-250.596372136023,120.272189778996,-2580.58329526215
"OPTOTRAK _ P89 _ Left _ 3",-277.467844056893,101.550499902265,-2562.14815553291,-250.728102514482,120.357163660904,-2580.72927628251
"OPTOTRAK _ P89 _ Left _ 3",-277.544502740139,101.671320023185,-2562.39062164104,-250.855645707302,120.435600713401,-2580.88302509148
"OPTOTRAK _ P89 _ Left _ 3",-277.663660915161,101.811511192528,-2562.72605993777,-250.96619559974,120.53880482566,-2581.08103815223
"OPTOTRAK _ P89 _ Left _ 3",-277.830044053099,101.978428242718,-2563.160827826,-251.048252802638,120.717706612193,-2581.38056776996
"OPTOTRAK _ P89 _ Left _ 3",-278.049651371224,102.172986278161,-2563.6886938775,-251.09487731718,121.041554885432,-2581.85748467659
"OPTOTRAK _ P89 _ Left _ 3",-278.33308711101,102.386178079399,-2564.29163667495,-251.106107211046,121.592022650376,-2582.59869488123
"OPTOTRAK _ P89 _ Left _ 3",-278.69783838033,102.597139657174,-2564.94256740763,-251.089216901809,122.452927616602,-2583.68928043061
"OPTOTRAK _ P89 _ Left _ 3",-279.167154737058,102.773857043412,-2565.60841660524,-251.0558471033,123.696855962146,-2585.19631648041
"OPTOTRAK _ P89 _ Left _ 3",-279.764384311131,102.876837137471,-2566.25225937677,-251.016010971599,125.37092951369,-2587.15299176964
"OPTOTRAK _ P89 _ Left _ 3",-280.503924157163,102.865052411085,-2566.83426062578,-250.970402714508,127.484401260378,-2589.54737570994
"OPTOTRAK _ P89 _ Left _ 3",-281.382099311091,102.702697422511,-2567.31243985231,-250.903826294145,130.000399210423,-2592.31925814318
"OPTOTRAK _ P89 _ Left _ 3",-282.371908092696,102.365203253383,-2567.6447758581,-250.783259583131,132.832944135808,-2595.36588551506
"OPTOTRAK _ P89 _ Left _ 3",-283.424040457419,101.843650954092,-2567.79366370408,-250.563472150331,135.848791376678,-2598.5538920903
"OPTOTRAK _ P89 _ Left _ 3",-284.473574454465,101.14780723994,-2567.73248622132,-250.201016918816,138.872542199493,-2601.73173229366
"OPTOTRAK _ P89 _ Left _ 3",-285.448970868366,100.308700008346,-2567.45269844956,-249.674288064989,141.693635533655,-2604.73617014187
"OPTOTRAK _ P89 _ Left _ 3",-286.279072556682,99.3812589173336,-2566.96888838891,-249.004276871999,144.075364763493,-2607.38903457398
"OPTOTRAK _ P89 _ Left _ 3",-286.89540414515,98.4459708969928,-2566.31907543019,-248.268917829824,145.768054023283,-2609.4861732316
"OPTOTRAK _ P89 _ Left _ 3",-287.230442804689,97.6065307961743,-2565.55823659871,-247.604328534774,146.529470738825,-2610.78709853235
"OPTOTRAK _ P89 _ Left _ 3",-287.215897948985,96.9795942039026,-2564.74480763338,-247.188914577048,146.154245129165,-2611.01778405301
"OPTOTRAK _ P89 _ Left _ 3",-286.786252227029,96.6744134756218,-2563.92246990839,-247.210681259305,144.510335953935,-2609.89741273608
"OPTOTRAK _ P89 _ Left _ 3",-285.890585436788,96.7646567263504,-2563.10224664143,-247.823187771571,141.575518364879,-2607.19171547558
"OPTOTRAK _ P89 _ Left _ 3",-284.510720813941,97.26042802756,-2562.25178051997,-249.100196420955,137.462702283742,-2602.7831821947
"OPTOTRAK _ P89 _ Left _ 3",-282.678676127648,98.092217293062,-2561.29844021153,-251.001872779374,132.422392821392,-2596.73716994781
"OPTOTRAK _ P89 _ Left _ 3",-280.484487274206,99.1170902828244,-2560.14961840003,-253.364895533073,126.815804020509,-2589.33911018506
"OPTOTRAK _ P89 _ Left _ 3",-278.068485210211,100.149940901283,-2558.72741343917,-255.923658328101,121.062543882907,-2581.08559890136
"OPTOTRAK _ P89 _ Left _ 3",-275.599025940893,101.011674146825,-2557.00799305183,-258.359840538546,115.578289884485,-2572.62929123059
"OPTOTRAK _ P89 _ Left _ 3",-273.243772200451,101.577339426995,-2555.05188905026,-260.366260088892,110.723870598419,-2564.69564265204
"OPTOTRAK _ P89 _ Left _ 3",-271.145603050653,101.80588496032,-2553.01298019113,-261.704685826462,106.782578538096,-2557.99755203162
"OPTOTRAK _ P89 _ Left _ 3",-269.411322959908,101.740610582289,-2551.12068736381,-262.241316725036,103.968419599002,-2553.16672891556
"OPTOTRAK _ P89 _ Left _ 3",-268.114636828171,101.481570137082,-2549.63878313843,-261.955765793622,102.452149145661,-2550.70443598482
"OPTOTRAK _ P89 _ Left _ 3",-267.308330424744,101.14195736445,-2548.81153118145,-260.931070545639,102.383616773714,-2550.94210336207
"OPTOTRAK _ P89 _ Left _ 3",-267.037172496037,100.805563337623,-2548.81138940889,-259.33615268481,103.892390707516,-2554.0026319293
"OPTOTRAK _ P89 _ Left _ 3",-267.343591436372,100.500587362072,-2549.70166451777,-257.407580071431,107.06126473133,-2559.76412423841
"OPTOTRAK _ P89 _ Left _ 3",-268.262161087467,100.197725063688,-2551.42295357704,-255.429342972485,111.882469583775,-2567.84044419335
"OPTOTRAK _ P89 _ Left _ 3",-269.804834535437,99.8305718260957,-2553.80564347118,-253.704199579905,118.217203128742,-2577.59813889824
"OPTOTRAK _ P89 _ Left _ 3",-271.943994607968,99.3281323225606,-2556.60432579741,-252.512449563253,125.780486374295,-2588.22219461409
"OPTOTRAK _ P89 _ Left _ 3",-274.60189348143,98.6461728335172,-2559.54536640036,-252.062973599899,134.164360741192,-2598.82647363978
"OPTOTRAK _ P89 _ Left _ 3",-277.652161130383,97.7868868280748,-2562.37669876482,-252.450569941916,142.897106974845,-2608.58722587588
"OPTOTRAK _ P89 _ Left _ 3",-280.933790738858,96.8022777655688,-2564.90914529956,-253.635594522323,151.521814315576,-2616.86874399718
"OPTOTRAK _ P89 _ Left _ 3",-284.273168564478,95.7825746339564,-2567.04089824943,-255.45455048417,159.670497342122,-2623.31215013973
"OPTOTRAK _ P89 _ Left _ 3",-287.50690132923,94.8352393943617,-2568.76081799362,-257.65809179296,167.111728208593,-2627.86831983318
"OPTOTRAK _ P89 _ Left _ 3",-290.497895391378,94.0623144300497,-2570.13132365367,-259.962865061321,173.757969104868,-2630.76905275514
"OPTOTRAK _ P89 _ Left _ 3",-293.139552439981,93.5436823090554,-2571.25673259532,-262.100512090069,179.629936993162,-2632.44339958709
"OPTOTRAK _ P89 _ Left _ 3",-295.347683542915,93.3310777842329,-2572.24635595938,-263.851675281395,184.786925542473,-2633.39679348138
"OPTOTRAK _ P89 _ Left _ 3",-297.045135436292,93.4531347063522,-2573.18214621082,-265.061825033944,189.242132671135,-2634.07790028498
"OPTOTRAK _ P89 _ Left _ 3",-298.147670856785,93.9270841715419,-2574.09805196627,-265.644056614782,192.888287705102,-2634.76062965345
"OPTOTRAK _ P89 _ Left _ 3",-298.559612652605,94.7697553292921,-2574.97369118169,-265.577573473231,195.458882281536,-2635.46617921546
"OPTOTRAK _ P89 _ Left _ 3",-298.184219376676,96.0003716426998,-2575.7404670999,-264.908369936145,196.543161119168,-2635.94309248701
"OPTOTRAK _ P89 _ Left _ 3",-296.948152592853,97.6305388364669,-2576.29549994452,-263.752578978955,195.659679101847,-2635.71326452993
"OPTOTRAK _ P89 _ Left _ 3",-294.833538944546,99.6422418706449,-2576.51842939092,-262.296387401762,192.376266922759,-2634.17945955893
"OPTOTRAK _ P89 _ Left _ 3",-291.90673834583,101.96112992465,-2576.28785080243,-260.782705135038,186.447827430444,-2630.77601584594
"OPTOTRAK _ P89 _ Left _ 3",-288.331627996196,104.437441970701,-2575.49668686958,-259.476466340207,177.932889687644,-2625.13102030382
"OPTOTRAK _ P89 _ Left _ 3",-284.358318737745,106.847769863822,-2574.06772301193,-258.608443430565,167.250532831613,-2617.19963588575
"OPTOTRAK _ P89 _ Left _ 3",-280.285889725057,108.925502089194,-2571.97068898676,-258.309827913925,155.153990356322,-2607.33034014069
"OPTOTRAK _ P89 _ Left _ 3",-276.407891947759,110.416821144899,-2569.24024211024,-258.560771769339,142.623578337663,-2596.24241748131
"OPTOTRAK _ P89 _ Left _ 3",-272.957703558313,111.146622093248,-2565.99081970239,-259.17742350303,130.710276557758,-2584.92071218016
"OPTOTRAK _ P89 _ Left _ 3",-270.072616465439,111.071096726892,-2562.42167501029,-259.849328488468,120.378582977493,-2574.46001632403
"OPTOTRAK _ P89 _ Left _ 3",-267.788858088154,110.296123242093,-2558.80578510875,-260.218224910821,112.392796109313,-2565.90206981802
"OPTOTRAK _ P89 _ Left _ 3",-266.067440193137,109.05289685201,-2555.46046647104,-259.973438077795,107.266426673101,-2560.09846662044
"OPTOTRAK _ P89 _ Left _ 3",-264.838888026264,107.63853004567,-2552.70385235247,-258.936525383214,105.264807005169,-2557.61298591862
"OPTOTRAK _ P89 _ Left _ 3",-264.048803829579,106.341906282209,-2550.80683536115,-257.11509003101,106.433516022996,-2558.6624798969
"OPTOTRAK _ P89 _ Left _ 3",-263.687528696857,105.378875537167,-2549.95194371576,-254.714557683187,110.626950479773,-2563.09356272301
"OPTOTRAK _ P89 _ Left _ 3",-263.794392428099,104.855331772109,-2550.20807315313,-252.104009459513,117.526033011595,-2570.39806901615
"OPTOTRAK _ P89 _ Left _ 3",-264.437004254698,104.76507778911,-2551.52468899705,-249.74038843628,126.650107147463,-2579.77364986372
"OPTOTRAK _ P89 _ Left _ 3",-265.674957886848,105.017098172249,-2553.74404526559,-248.066556114428,137.377105708876,-2590.23046276675
"OPTOTRAK _ P89 _ Left _ 3",-267.522175608668,105.478694277826,-2556.62718928435,-247.409470151164,148.985450759261,-2600.73189577244
"OPTOTRAK _ P89 _ Left _ 3",-269.921788509053,106.018757114944,-2559.88884233333,-247.907968674931,160.722610306791,-2610.34412600836
"OPTOTRAK _ P89 _ Left _ 3",-272.742600314783,106.538498235189,-2563.23618217817,-249.490754269822,171.892947069747,-2618.36385271619
"OPTOTRAK _ P89 _ Left _ 3",-275.798501208979,106.983326142953,-2566.40616722991,-251.907331167918,181.946509364989,-2624.39849997907
"OPTOTRAK _ P89 _ Left _ 3",-278.884175157313,107.336886975081,-2569.19572653159,-254.796654225957,190.545356785771,-2628.38581553313
"OPTOTRAK _ P89 _ Left _ 3",-281.814977247668,107.604016798219,-2571.47985805313,-257.768204936694,197.587342694256,-2630.55480994532
"OPTOTRAK _ P89 _ Left _ 3",-284.457983050781,107.791673879639,-2573.21484293735,-260.471092329391,203.177986292453,-2631.34217477722
"OPTOTRAK _ P89 _ Left _ 3",-286.744948303647,107.895725304815,-2574.42693804169,-262.636139173289,207.555213867278,-2631.28435886724
"OPTOTRAK _ P89 _ Left _ 3",-288.66443512032,107.898034030488,-2575.19012224774,-264.088433286056,210.984570675356,-2630.90519181881
"OPTOTRAK _ P89 _ Left _ 3",-290.237172560452,107.774182779263,-2575.59876187375,-264.738385855268,213.650453200729,-2630.61499020224
"OPTOTRAK _ P89 _ Left _ 3",-291.483775416736,107.508486700065,-2575.74169784324,-264.56483012718,215.570486406392,-2630.63284424207
"OPTOTRAK _ P89 _ Left _ 3",-292.396094992714,107.110349733617,-2575.6830885817,-263.60320319118,216.555649781691,-2630.94111617157
"OPTOTRAK _ P89 _ Left _ 3",-292.922392603744,106.62500887506,-2575.4529093824,-261.946201471252,216.229386323906,-2631.27970102194
"OPTOTRAK _ P89 _ Left _ 3",-292.972464993,106.132753763311,-2575.04725075375,-259.755599748935,214.106270697672,-2631.1854374806
"OPTOTRAK _ P89 _ Left _ 3",-292.442626410793,105.734018937075,-2574.43636277914,-257.275206833012,209.716681509875,-2630.077157621
"OPTOTRAK _ P89 _ Left _ 3",-291.253607965719,105.522783332897,-2573.57729021435,-254.829626564693,202.750742444106,-2627.37823932587
"OPTOTRAK _ P89 _ Left _ 3",-289.389122327318,105.555876588255,-2572.42794456277,-252.794562502912,193.1858588734,-2622.65719603059
"OPTOTRAK _ P89 _ Left _ 3",-286.921183868348,105.828830346386,-2570.96009851299,-251.533157496348,181.361291936201,-2615.7562181585
"OPTOTRAK _ P89 _ Left _ 3",-284.011485371997,106.268039171879,-2569.16949330351,-251.307708762694,167.973285816557,-2606.87294672018
"OPTOTRAK _ P89 _ Left _ 3",-280.885811505747,106.743973924876,-2567.08176839218,-252.191801756222,153.985010753947,-2596.56737665087
"OPTOTRAK _ P89 _ Left _ 3",-277.788354867699,107.102592830831,-2564.75337378497,-254.016301215932,140.471879996268,-2585.68541928531
"OPTOTRAK _ P89 _ Left _ 3",-274.931134938668,107.204845304903,-2562.26726479937,-256.376346967261,128.445196242725,-2575.21784932237
"OPTOTRAK _ P89 _ Left _ 3",-272.456440386169,106.960687158438,-2559.72422079995,-258.705378575331,118.704960963711,-2566.1354722032
"OPTOTRAK _ P89 _ Left _ 3",-270.425120262792,106.346603851923,-2557.23200648864,-260.396870623867,111.759928946353,-2559.24558455455
"OPTOTRAK _ P89 _ Left _ 3",-268.832407435916,105.40333698107,-2554.89561336254,-260.939446538468,107.824018157474,-2555.09874995232
"OPTOTRAK _ P89 _ Left _ 3",-267.641253277314,104.219040255667,-2552.81143158156,-260.031971867579,106.867987189573,-2553.95001049596
"OPTOTRAK _ P89 _ Left _ 3",-266.816842550621,102.907695321586,-2551.06611278171,-257.655401540021,108.689966623975,-2555.7610946925
"OPTOTRAK _ P89 _ Left _ 3",-266.347847443898,101.591302110232,-2549.73817064292,-254.088467813964,112.973716237046,-2560.22789937968
"OPTOTRAK _ P89 _ Left _ 3",-266.248399027623,100.38874817254,-2548.89868702221,-249.862472692127,119.322416710962,-2566.82594866529
"OPTOTRAK _ P89 _ Left _ 3",-266.544672055827,99.4083898194878,-2548.60783157525,-245.659991842607,127.275552874473,-2574.87472370342
"OPTOTRAK _ P89 _ Left _ 3",-267.255818292478,98.7393862900206,-2548.90607488716,-242.175736662485,136.326246481675,-2583.62153484925
"OPTOTRAK _ P89 _ Left _ 3",-268.378221691232,98.4400024353636,-2549.8019405104,-239.9716185523,145.952505699073,-2592.33723780786
"OPTOTRAK _ P89 _ Left _ 3",-269.877039978942,98.5263968706583,-2551.2605896414,-239.363720729767,155.662924116311,-2600.40713925754
"OPTOTRAK _ P89 _ Left _ 3",-271.684598880959,98.9679940030909,-2553.19836753957,-240.370469600334,165.044883318051,-2607.39852718104
"OPTOTRAK _ P89 _ Left _ 3",-273.704138405177,99.6933184346036,-2555.48717319592,-242.731672825514,173.798619507801,-2613.09255561114
"OPTOTRAK _ P89 _ Left _ 3",-275.818357773874,100.605355962641,-2557.96947546863,-245.986539671113,181.744360155919,-2617.47783338808
"OPTOTRAK _ P89 _ Left _ 3",-277.902291160277,101.601753638178,-2560.48101199038,-249.583788589237,188.798176025767,-2620.71060655728
"OPTOTRAK _ P89 _ Left _ 3",-279.838242130241,102.594278576229,-2562.87507428501,-252.992290323093,194.921300568139,-2623.05011392807
"OPTOTRAK _ P89 _ Left _ 3",-281.528396828248,103.523267614517,-2565.04118553486,-255.78619511568,200.055669257272,-2624.7792359613
"OPTOTRAK _ P89 _ Left _ 3",-282.900645694937,104.364696215929,-2566.91257594345,-257.69117794209,204.064394710713,-2626.12229365928
"OPTOTRAK _ P89 _ Left _ 3",-283.905895307653,105.128922234515,-2568.46054208092,-258.593155145994,206.698123889424,-2627.17430385807
"OPTOTRAK _ P89 _ Left _ 3",-284.509392256089,105.851157933537,-2569.67805971142,-258.52172293598,207.60462701113,-2627.85750011428
"OPTOTRAK _ P89 _ Left _ 3",-284.681832488415,106.574937023069,-2570.55851173742,-257.623659631286,206.388633173171,-2627.91905834148
"OPTOTRAK _ P89 _ Left _ 3",-284.396352331001,107.331654593021,-2571.07719683242,-256.136971747147,202.713349031811,-2626.97720303002
"OPTOTRAK _ P89 _ Left _ 3",-283.634599321127,108.121254254308,-2571.18285457051,-254.366838362329,196.418595560882,-2624.61154136579
"OPTOTRAK _ P89 _ Left _ 3",-282.400401024003,108.900210499798,-2570.80364213819,-252.657111249062,187.619563872516,-2620.47998809931
"OPTOTRAK _ P89 _ Left _ 3",-280.735397731746,109.58193857133,-2569.86737266825,-251.349659157004,176.750920617934,-2614.43329083926
"OPTOTRAK _ P89 _ Left _ 3",-278.729297718731,110.051318561299,-2568.3306474529,-250.730259420674,164.535251979853,-2606.59415005613
"OPTOTRAK _ P89 _ Left _ 3",-276.51883028598,110.190187427357,-2566.20753968092,-250.970687717151,151.878213046972,-2597.37506255601
"OPTOTRAK _ P89 _ Left _ 3",-274.273430531506,109.906479999455,-2563.58748218098,-252.085276971043,139.716572869309,-2587.42679283794
"OPTOTRAK _ P89 _ Left _ 3",-272.170750658138,109.158070605906,-2560.63491448422,-253.919765169339,128.860998076581,-2577.53186699269
"OPTOTRAK _ P89 _ Left _ 3",-270.369271305202,107.964003204126,-2557.56930888854,-256.179196613503,119.877431560109,-2568.47554279764
"OPTOTRAK _ P89 _ Left _ 3",-268.986546770329,106.400083277215,-2554.63096571274,-258.486249558655,113.03801797406,-2560.93213806784
"OPTOTRAK _ P89 _ Left _ 3",-268.089035526753,104.581100053385,-2552.04242611972,-260.451612157172,108.348369601572,-2555.394337253
"OPTOTRAK _ P89 _ Left _ 3",-267.694287075193,102.636165648992,-2549.97565982806,-261.739027884047,105.631528566901,-2552.15197936293
"OPTOTRAK _ P89 _ Left _ 3",-267.781326112509,100.685245913018,-2548.53187695203,-262.115597698168,104.631594845976,-2551.30615401262
"OPTOTRAK _ P89 _ Left _ 3",-268.302883496081,98.8236440100708,-2547.73624288573,-261.48512139656,105.098962626628,-2552.79516432667
"OPTOTRAK _ P89 _ Left _ 3",-269.194380382337,97.1177212658292,-2547.54612471578,-259.904272785225,106.8332785599,-2556.41452856615
"OPTOTRAK _ P89 _ Left _ 3",-270.378218112082,95.6106506245087,-2547.86937578821,-257.579295011497,109.681556735729,-2561.82823090762
"OPTOTRAK _ P89 _ Left _ 3",-271.765819605344,94.3330209437283,-2548.58803742785,-254.838916217587,113.507568489953,-2568.58261102814
"OPTOTRAK _ P89 _ Left _ 3",-273.261661698424,93.3114910755224,-2549.58227376013,-252.081644341242,118.15734805265,-2576.13833256318
"OPTOTRAK _ P89 _ Left _ 3",-274.771971864764,92.5706093703672,-2550.74959340475,-249.703729104258,123.441845104894,-2583.92697781285
"OPTOTRAK _ P89 _ Left _ 3",-276.216851125512,92.1275033279069,-2552.01587122684,-248.023827359962,129.144677228248,-2591.42318884491
"OPTOTRAK _ P89 _ Left _ 3",-277.541224331115,91.9835335067562,-2553.33716595221,-247.224711282817,135.048433675375,-2598.21214158498
"OPTOTRAK _ P89 _ Left _ 3",-278.719713285923,92.1184456725929,-2554.69388503718,-247.327411400198,140.964847223123,-2604.0327698754
"OPTOTRAK _ P89 _ Left _ 3",-279.753310938433,92.4906535118333,-2556.08048872231,-248.20190495488,146.755033035088,-2608.78750464344
"OPTOTRAK _ P89 _ Left _ 3",-280.659411758936,93.0439274239076,-2557.49429495863,-249.607227059582,152.332538559339,-2612.52137933997
"OPTOTRAK _ P89 _ Left _ 3",-281.458983685018,93.7181250528017,-2558.92628217739,-251.247243579797,157.648740928836,-2615.38050087944
"OPTOTRAK _ P89 _ Left _ 3",-282.164673845148,94.460607351278,-2560.35553982714,-252.827215219388,162.664260324066,-2617.56063824225
"OPTOTRAK _ P89 _ Left _ 3",-282.772256713023,95.2353588910195,-2561.74766235726,-254.099448287744,167.312281100377,-2619.25386354166
"OPTOTRAK _ P89 _ Left _ 3",-283.256401600189,96.0278366749274,-2563.05634582803,-254.891916041505,171.46197135432,-2620.59867439887
"OPTOTRAK _ P89 _ Left _ 3",-283.57105835877,96.8445871109639,-2564.2269690377,-255.119828722129,174.892867991062,-2621.6389619036
"OPTOTRAK _ P89 _ Left _ 3",-283.654745489238,97.7074383917589,-2565.2009874078,-254.784812404071,177.292248951722,-2622.2989849396
"OPTOTRAK _ P89 _ Left _ 3",-283.44096839085,98.6427319144748,-2565.9203016893,-253.968016951041,178.284787300069,-2622.38270705602
"OPTOTRAK _ P89 _ Left _ 3",-282.873176901313,99.6669443545708,-2566.33114172347,-252.821501733394,177.496159127117,-2621.60379851346
"OPTOTRAK _ P89 _ Left _ 3",-281.921969395174,100.771344256394,-2566.38733799534,-251.557692713537,174.640863729631,-2619.64615106146
"OPTOTRAK _ P89 _ Left _ 3",-280.600389028071,101.909678063977,-2566.05318440785,-250.432232092009,169.612772499714,-2616.24518142605
"OPTOTRAK _ P89 _ Left _ 3",-278.97229482375,102.993457578103,-2565.30639828443,-249.714322569511,162.550191585212,-2611.27097351581
"OPTOTRAK _ P89 _ Left _ 3",-277.149708170687,103.898442648968,-2564.14173109232,-249.642589712425,153.850384478797,-2604.78974629454
"OPTOTRAK _ P89 _ Left _ 3",-275.277656744269,104.48326091827,-2562.57533658396,-250.372615889069,144.122441184285,-2597.08352938122
"OPTOTRAK _ P89 _ Left _ 3",-273.508661066728,104.617417719016,-2560.64914800025,-251.930539735531,134.087450348178,-2588.6196614986
"OPTOTRAK _ P89 _ Left _ 3",-271.972736272698,104.21229250645,-2558.43373435196,-254.189858675024,124.453270647948,-2579.97820592084
"OPTOTRAK _ P89 _ Left _ 3",-270.751486914405,103.246395239219,-2556.02795110914,-256.882424994607,115.800664485613,-2571.75991888209
"OPTOTRAK _ P89 _ Left _ 3",-269.865103977317,101.776507100378,-2553.55438745461,-259.641999375351,108.514222435609,-2564.50325161613
"OPTOTRAK _ P89 _ Left _ 3",-269.27779734541,99.9299804431723,-2551.15085673732,-262.067257311176,102.775788418893,-2558.63281477439
"OPTOTRAK _ P89 _ Left _ 3",-268.921030274804,97.8794240433546,-2548.95934274906,-263.787734757694,98.615381031346,-2554.44627964955
"OPTOTRAK _ P89 _ Left _ 3",-268.72730162643,95.8068380813237,-2547.11431663949,-264.520994890549,95.9940333394756,-2552.1293478431
"OPTOTRAK _ P89 _ Left _ 3",-268.663002939699,93.8676636717914,-2545.73210599811,-264.116295462083,94.883258328071,-2551.7780113198
"OPTOTRAK _ P89 _ Left _ 3",-268.748756731883,92.1651451958761,-2544.90244947924,-262.583332557939,95.310514390792,-2553.40885503914
"OPTOTRAK _ P89 _ Left _ 3",-269.05966716516,90.7420204308028,-2544.68283210461,-260.103121921095,97.355875090055,-2556.94987701977
"OPTOTRAK _ P89 _ Left _ 3",-269.704757060083,89.5907443310702,-2545.09562278601,-257.015046954648,101.104714186705,-2562.21912504535
"OPTOTRAK _ P89 _ Left _ 3",-270.792186844934,88.676984231491,-2546.12747010864,-253.774208910555,106.57712210814,-2568.90817837254
"OPTOTRAK _ P89 _ Left _ 3",-272.391938049996,87.9665080656626,-2547.730264024,-250.879316743549,113.662155393978,-2576.58725679312
"OPTOTRAK _ P89 _ Left _ 3",-274.508503261519,87.4448997218207,-2549.82346617367,-248.782066653551,122.082581265402,-2584.73963727705
"OPTOTRAK _ P89 _ Left _ 3",-277.072415685438,87.1230907172395,-2552.2982907562,-247.798726238988,131.405310585723,-2592.82114181634
"OPTOTRAK _ P89 _ Left _ 3",-279.952605113964,87.0278623305198,-2555.02439347383,-248.047452020619,141.097813393718,-2600.33184747918
"OPTOTRAK _ P89 _ Left _ 3",-282.984184449643,87.1826186851925,-2557.85923910138,-249.428587530296,150.615500143219,-2606.88390590762
"OPTOTRAK _ P89 _ Left _ 3",-286.001219615769,87.5873977190454,-2560.65952296779,-251.652395375581,159.49346465736,-2612.25012095654
"OPTOTRAK _ P89 _ Left _ 3",-288.863345733763,88.2068891568034,-2563.29327997713,-254.304603150669,167.412435228564,-2616.38141545314
"OPTOTRAK _ P89 _ Left _ 3",-291.468828659513,88.9715050260638,-2565.65083145678,-256.930292196107,174.216076304765,-2619.38739086206
"OPTOTRAK _ P89 _ Left _ 3",-293.752670904601,89.7912807699594,-2567.65265346874,-259.114618976022,179.873429482044,-2621.48237700893
"OPTOTRAK _ P89 _ Left _ 3",-295.673609167637,90.5779620084633,-2569.25267374381,-260.544450510542,184.400066404942,-2622.90787463161
"OPTOTRAK _ P89 _ Left _ 3",-297.196506814145,91.2683655095866,-2570.43630088934,-261.044372613225,187.7667563025,-2623.84878765395
"OPTOTRAK _ P89 _ Left _ 3",-298.276753100457,91.8419564062334,-2571.2134092287,-260.588739161783,189.829904355686,-2624.36367518966
"OPTOTRAK _ P89 _ Left _ 3",-298.851873161807,92.3270101376336,-2571.60737411366,-259.295325142279,190.312448571211,-2624.34775276514
"OPTOTRAK _ P89 _ Left _ 3",-298.843564297891,92.7923315328432,-2571.64212474136,-257.405526366502,188.849184949542,-2623.54151652617
"OPTOTRAK _ P89 _ Left _ 3",-298.171170792527,93.3250521576467,-2571.33013041138,-255.252961898997,185.090312299772,-2621.58810192887
"OPTOTRAK _ P89 _ Left _ 3",-296.774990150849,93.9991661839076,-2570.66498204273,-253.219694749828,178.836244412894,-2618.13002873802
"OPTOTRAK _ P89 _ Left _ 3",-294.644529177112,94.843337470504,-2569.62209036193,-251.679640571785,170.161441245283,-2612.92334120938
"OPTOTRAK _ P89 _ Left _ 3",-291.843507128959,95.8185845668761,-2568.16934866153,-250.933243599683,159.48171886087,-2605.93836961844
"OPTOTRAK _ P89 _ Left _ 3",-288.521794559569,96.8150963006484,-2566.2863751273,-251.14492850563,147.532919501973,-2597.41610736222
"OPTOTRAK _ P89 _ Left _ 3",-284.906539241081,97.6721122174649,-2563.98711972513,-252.301015003439,135.257689578706,-2587.86039900891
"OPTOTRAK _ P89 _ Left _ 3",-281.270998336262,98.216895727652,-2561.33798641092,-254.204952426428,123.631554032781,-2577.96674816429
"OPTOTRAK _ P89 _ Left _ 3",-277.88812973433,98.3113323103433,-2558.46392247756,-256.515757058456,113.484020092089,-2568.51059365704
"OPTOTRAK _ P89 _ Left _ 3",-274.982798827136,97.8909946843278,-2555.53861181631,-258.818647696328,105.372345588306,-2560.23067874083
"OPTOTRAK _ P89 _ Left _ 3",-272.697586145707,96.9837487309864,-2552.76051213621,-260.704905669925,99.542967680003,-2553.73972971767
"OPTOTRAK _ P89 _ Left _ 3",-271.081579309943,95.7024955898757,-2550.32135054577,-261.839316145652,95.9794238856956,-2549.4771464994
"OPTOTRAK _ P89 _ Left _ 3",-270.102164207583,94.21606330465,-2548.37573911429,-262.005402150612,94.5037694957683,-2547.69736589909
"OPTOTRAK _ P89 _ Left _ 3",-269.671665434121,92.7094173673689,-2547.01951655099,-261.130102198678,94.8849663393495,-2548.47517383538
"OPTOTRAK _ P89 _ Left _ 3",-269.677364842731,91.3466163697745,-2546.28142965999,-259.292680399755,96.9151259800894,-2551.71113982637
"OPTOTRAK _ P89 _ Left _ 3",-270.005493329147,90.2469443820174,-2546.12906750888,-256.718436823258,100.435314009298,-2557.13283064632
"OPTOTRAK _ P89 _ Left _ 3",-270.555123680609,89.4780527677875,-2546.48624337966,-253.752614676697,105.315735609803,-2564.30115862149
"OPTOTRAK _ P89 _ Left _ 3",-271.243223282085,89.0628930608992,-2547.2559842039,-250.810057746506,111.411369368223,-2572.63698020643
"OPTOTRAK _ P89 _ Left _ 3",-272.004835368582,88.9930800302692,-2548.34201015033,-248.303912172626,118.518875500513,-2581.47698225559
"OPTOTRAK _ P89 _ Left _ 3",-272.791935975503,89.2415519404062,-2549.66287370367,-246.568106857168,126.354553368971,-2590.15388163958
"OPTOTRAK _ P89 _ Left _ 3",-273.572565358856,89.7705777200623,-2551.15636030443,-245.795365171209,134.56129946666,-2598.08329460191
"OPTOTRAK _ P89 _ Left _ 3",-274.330336694811,90.534542547484,-2552.77563931741,-246.0092740204,142.74120186995,-2604.83592090032
"OPTOTRAK _ P89 _ Left _ 3",-275.063974311852,91.4789047826573,-2554.48114094654,-247.076978137536,150.503533354899,-2610.17949835311
"OPTOTRAK _ P89 _ Left _ 3",-275.786380916064,92.5375172876548,-2556.23244024151,-248.75519704808,157.515753181834,-2614.08515719212
"OPTOTRAK _ P89 _ Left _ 3",-276.522230679373,93.6309669300954,-2557.98307420658,-250.752775153215,163.54574105196,-2616.70170431009
"OPTOTRAK _ P89 _ Left _ 3",-277.302659269048,94.6687221950508,-2559.67933180641,-252.790518307788,168.485110523726,-2618.30631665119
"OPTOTRAK _ P89 _ Left _ 3",-278.156263946837,95.5569943899601,-2561.26260446127,-254.643211615446,172.346170478404,-2619.24147686321
"OPTOTRAK _ P89 _ Left _ 3",-279.097589068011,96.21202824785,-2562.67425314811,-256.157235562522,175.230253874057,-2619.84749213221
"OPTOTRAK _ P89 _ Left _ 3",-280.116446841289,96.5758623867181,-2563.86186169676,-257.246719746898,177.272822732382,-2620.39901583734
"OPTOTRAK _ P89 _ Left _ 3",-281.172142309053,96.6298452955791,-2564.78558810779,-257.878019278854,178.578550965222,-2621.05307174075
"OPTOTRAK _ P89 _ Left _ 3",-282.195192893902,96.401258027963,-2565.42284453862,-258.054097488202,179.164162623338,-2621.81510959961
"OPTOTRAK _ P89 _ Left _ 3",-283.096323507905,95.9601596330733,-2565.769246494,-257.807202945713,178.92642081025,-2622.52853467108
"OPTOTRAK _ P89 _ Left _ 3",-283.780075370225,95.4062318706922,-2565.83442984925,-257.202057632445,177.647612481192,-2622.89165454873
"OPTOTRAK _ P89 _ Left _ 3",-284.159459358935,94.8480450177074,-2565.63306111444,-256.345245576772,175.042274566119,-2622.50335739106
"OPTOTRAK _ P89 _ Left _ 3",-284.168713010981,94.3791261914941,-2565.17346605663,-255.391880220974,170.838005823993,-2620.93439789772
"OPTOTRAK _ P89 _ Left _ 3",-283.772562528114,94.0561673240878,-2564.4478326576,-254.539616141987,164.871988468272,-2617.81503464201
"OPTOTRAK _ P89 _ Left _ 3",-282.971528591049,93.8846084892126,-2563.42826858905,-254.003584711029,157.176680402732,-2612.9233096948
"OPTOTRAK _ P89 _ Left _ 3",-281.803285527091,93.8156632626943,-2562.07188838877,-253.973503652096,148.027020492622,-2606.25402981891
"OPTOTRAK _ P89 _ Left _ 3",-280.340033103752,93.7565780408436,-2560.33567021395,-254.563688479785,137.929780323013,-2598.04937266065
"OPTOTRAK _ P89 _ Left _ 3",-278.681773493911,93.592717073331,-2558.19850687564,-255.773657951114,127.552115315124,-2588.77972911709
"OPTOTRAK _ P89 _ Left _ 3",-276.945775218385,93.2165868519139,-2555.68459805069,-257.476693407085,117.60592369556,-2579.07693942259
"OPTOTRAK _ P89 _ Left _ 3",-275.253482062809,92.5562203180564,-2552.88038729307,-259.443939923845,108.720401086491,-2569.63712762393
"OPTOTRAK _ P89 _ Left _ 3",-273.717276467837,91.59467200018,-2549.93786862467,-261.396069935706,101.34062846096,-2561.12025556321
"OPTOTRAK _ P89 _ Left _ 3",-272.429998502999,90.3746507478687,-2547.06068989952,-263.062242622543,95.6815184981738,-2554.07273335132
"OPTOTRAK _ P89 _ Left _ 3",-271.459353229552,88.9872228667174,-2544.47502254249,-264.225380545666,91.7461726174372,-2548.88750431103
"OPTOTRAK _ P89 _ Left _ 3",-270.847561293966,87.5490621350348,-2542.39238712205,-264.743625803176,89.3943359802548,-2545.79907409431
"OPTOTRAK _ P89 _ Left _ 3",-270.614713627845,86.1763450392713,-2540.97433038,-264.551675662028,88.4308667434724,-2544.89811713176
"OPTOTRAK _ P89 _ Left _ 3",-270.763157595779,84.9636734077486,-2540.30813206548,-263.653321070114,88.681948141108,-2546.14772026372
"OPTOTRAK _ P89 _ Left _ 3",-271.280364075172,83.9736096227022,-2540.39907619691,-262.114964881637,90.036715915523,-2549.39078820729
"OPTOTRAK _ P89 _ Left _ 3",-272.139060433669,83.2378923453842,-2541.17962124439,-260.06247843127,92.4479328459543,-2554.35030524994
"OPTOTRAK _ P89 _ Left _ 3",-273.295287003443,82.7669999241522,-2542.53083495538,-257.676266026145,95.9006448021675,-2560.63398326431
"OPTOTRAK _ P89 _ Left _ 3",-274.68644753127,82.5621803290607,-2544.30848100522,-255.176878647773,100.367343603409,-2567.75672352008
"OPTOTRAK _ P89 _ Left _ 3",-276.231769748102,82.6242255455134,-2546.36619958105,-252.797669822943,105.769532420412,-2575.18696267368
"OPTOTRAK _ P89 _ Left _ 3",-277.837055991953,82.9555754688277,-2548.57101183862,-250.748781144336,111.959573057578,-2582.41086180262
"OPTOTRAK _ P89 _ Left _ 3",-279.404682028737,83.5552945426125,-2550.81030738271,-249.182425996324,118.727008895697,-2588.99905250822
"OPTOTRAK _ P89 _ Left _ 3",-280.848458994531,84.4089276759676,-2552.99259796495,-248.169418148659,125.82436555602,-2594.65903107202
"OPTOTRAK _ P89 _ Left _ 3",-282.110751907474,85.4770619573791,-2555.04547871714,-247.692322581696,133.001204501185,-2599.26115754575
"OPTOTRAK _ P89 _ Left _ 3",-283.176536196771,86.6876340891242,-2556.91350927929,-247.655117725642,140.032989872674,-2602.83350421616
"OPTOTRAK _ P89 _ Left _ 3",-284.07774421078,87.936932493188,-2558.55707846514,-247.905490128503,146.733698777177,-2605.52766175945
"OPTOTRAK _ P89 _ Left _ 3",-284.883225840229,89.1020072804045,-2559.95190019943,-248.264466484765,152.947543427508,-2607.56306993572
"OPTOTRAK _ P89 _ Left _ 3",-285.67475531037,90.0631716420718,-2561.0882576499,-248.558407266012,158.523284023759,-2609.16097985165
"OPTOTRAK _ P89 _ Left _ 3",-286.515304807695,90.731123229768,-2561.96931076299,-248.649365610467,163.281281855119,-2610.48040892922
"OPTOTRAK _ P89 _ Left _ 3",-287.419427566485,91.070726823174,-2562.60810844559,-248.460515835713,166.986819802257,-2611.56774047742
"OPTOTRAK _ P89 _ Left _ 3",-288.335593848066,91.113580939157,-2563.02305313503,-247.993465562312,169.343103271497,-2612.3297754962
"OPTOTRAK _ P89 _ Left _ 3",-289.146960503316,90.9540472727872,-2563.23165138228,-247.334157321166,170.014000687871,-2612.53749149605
"OPTOTRAK _ P89 _ Left _ 3",-289.691705343351,90.7277231043891,-2563.24287365504,-246.644409569084,168.679802879647,-2611.86400103002
"OPTOTRAK _ P89 _ Left _ 3",-289.798492023203,90.5763388469933,-2563.04950304625,-246.137505129296,165.119060263627,-2609.95426820301
"OPTOTRAK _ P89 _ Left _ 3",-289.328376370822,90.607574987013,-2562.62313286867,-246.03890576654,159.297565527665,-2606.51580786107
"OPTOTRAK _ P89 _ Left _ 3",-288.21246377439,90.861034214613,-2561.91520876262,-246.537127860034,151.436068178481,-2601.41055843843
"OPTOTRAK _ P89 _ Left _ 3",-286.47528380235,91.2913528704233,-2560.86685414065,-247.734476953603,142.027262232672,-2594.72233211987
"OPTOTRAK _ P89 _ Left _ 3",-284.237122681409,91.7755209156514,-2559.4277549516,-249.611138962936,131.784298816068,-2586.77657261301
"OPTOTRAK _ P89 _ Left _ 3",-281.693890704007,92.1444763056174,-2557.58062989148,-252.016245779165,121.526163657566,-2578.10215813644
"OPTOTRAK _ P89 _ Left _ 3",-279.079335608798,92.2310412827934,-2555.3643334705,-254.693010640866,112.030971244001,-2569.34535225936
"OPTOTRAK _ P89 _ Left _ 3",-276.619770242614,91.9202656276562,-2552.88736099527,-257.332121405659,103.903722206512,-2561.16417088865
"OPTOTRAK _ P89 _ Left _ 3",-274.493925103328,91.1867472195522,-2550.32548847145,-259.634676263598,97.5007879412197,-2554.13691316211
"OPTOTRAK _ P89 _ Left _ 3",-272.808765086436,90.1071997134705,-2547.90177565201,-261.362339006831,92.9299741758589,-2548.70782746077
"OPTOTRAK _ P89 _ Left _ 3",-271.596593393045,88.8440067139968,-2545.85222899588,-262.361446786551,90.1142199263434,-2545.1725331944
"OPTOTRAK _ P89 _ Left _ 3",-270.831633416656,87.6041864370446,-2544.3843454608,-262.562765660578,88.8845105862659,-2543.68812867079
"OPTOTRAK _ P89 _ Left _ 3",-270.458172628406,86.5855756940651,-2543.63786783777,-261.968999521031,89.0630364371967,-2544.28711091502
"OPTOTRAK _ P89 _ Left _ 3",-270.419316759954,85.9261088427867,-2543.65720279594,-260.64283321946,90.5098786672527,-2546.88134298248
"OPTOTRAK _ P89 _ Left _ 3",-270.676310242817,85.6714211924126,-2544.38277840055,-258.701312633706,93.1268936548392,-2551.25626706742
"OPTOTRAK _ P89 _ Left _ 3",-271.212755224378,85.7703666610326,-2545.6641204639,-256.313418592563,96.8310281008899,-2557.06782367185
"OPTOTRAK _ P89 _ Left _ 3",-272.024230883854,86.0989324910059,-2547.29163998782,-253.692424028052,101.519042708906,-2563.85832317485
"OPTOTRAK _ P89 _ Left _ 3",-273.099398198228,86.5037638330259,-2549.03905792172,-251.076215657997,107.044224090172,-2571.100682858
"OPTOTRAK _ P89 _ Left _ 3",-274.401546836681,86.8506926773917,-2550.70591065504,-248.695970618238,113.215654777132,-2578.26682779929
"OPTOTRAK _ P89 _ Left _ 3",-275.858893493082,87.0631454581197,-2552.15030850588,-246.741089895362,119.817991782394,-2584.90369056477
"OPTOTRAK _ P89 _ Left _ 3",-277.368455706766,87.1395008665653,-2553.30540330656,-245.330890703767,126.640614135915,-2590.69597361231
"OPTOTRAK _ P89 _ Left _ 3",-278.813304138939,87.1455556198238,-2554.17761154895,-244.500485676117,133.502259268705,-2595.49955707406
"OPTOTRAK _ P89 _ Left _ 3",-280.087801568501,87.1862200377437,-2554.82925214699,-244.202808948637,140.25991669794,-2599.33875693449
"OPTOTRAK _ P89 _ Left _ 3",-281.121755964639,87.3671383996091,-2555.35175379005,-244.3243208051,146.796621376483,-2602.36962226293
"OPTOTRAK _ P89 _ Left _ 3",-281.89405378213,87.7597484134546,-2555.83711122867,-244.709805229467,152.990461842586,-2604.81793458266
"OPTOTRAK _ P89 _ Left _ 3",-282.429967750233,88.3811514109122,-2556.35452055941,-245.191528638046,158.675128301328,-2606.90469808985
"OPTOTRAK _ P89 _ Left _ 3",-282.782589960957,89.1940267531203,-2556.93654023926,-245.618948640621,163.608001689637,-2608.7741572983
"OPTOTRAK _ P89 _ Left _ 3",-283.004991913999,90.1243554657929,-2557.57575688881,-245.886059715001,167.462224365666,-2610.43954474157
"OPTOTRAK _ P89 _ Left _ 3",-283.123221267004,91.0888102709752,-2558.2300236561,-245.953471512497,169.853374545763,-2611.75937530555
"OPTOTRAK _ P89 _ Left _ 3",-283.119923250561,92.0212109975951,-2558.8328036921,-245.861436550121,170.400920959434,-2612.45211133002
"OPTOTRAK _ P89 _ Left _ 3",-282.934614372956,92.8888644898554,-2559.30522168117,-245.729299060118,168.812883517734,-2612.14990889656
"OPTOTRAK _ P89 _ Left _ 3",-282.480986734033,93.6940042665838,-2559.56763858519,-245.737589316061,164.972745061658,-2610.48370474539
"OPTOTRAK _ P89 _ Left _ 3",-281.676059881373,94.4611795826565,-2559.5500901368,-246.092032088806,159.00375391496,-2607.18323513714
"OPTOTRAK _ P89 _ Left _ 3",-280.472182218157,95.2164258994235,-2559.20196173089,-246.973858848247,151.289086857807,-2602.16861133935
"OPTOTRAK _ P89 _ Left _ 3",-278.88177487088,95.9668754810654,-2558.50132107272,-248.486799000494,142.436604441242,-2595.6077840474
"OPTOTRAK _ P89 _ Left _ 3",-276.986626511283,96.6892365631599,-2557.46340753027,-250.6157661216,133.191691465389,-2587.91976897136
"OPTOTRAK _ P89 _ Left _ 3",-274.928218696727,97.3321314453513,-2556.1464079774,-253.212464714139,124.317084161459,-2579.71792941731
"OPTOTRAK _ P89 _ Left _ 3",-272.881847216553,97.8315618788237,-2554.65168297124,-256.016322382187,116.470058272418,-2571.70732149611
"OPTOTRAK _ P89 _ Left _ 3",-271.022971644592,98.1329704443094,-2553.11589634657,-258.706230633677,110.110152754691,-2564.56666511609
"OPTOTRAK _ P89 _ Left _ 3",-269.496609166198,98.2103642144104,-2551.6944197088,-260.965914252966,105.461702335256,-2558.84979521136
"OPTOTRAK _ P89 _ Left _ 3",-268.398320162913,98.074586647028,-2550.5383606408,-262.541590036552,102.536661893677,-2554.93036810799
"OPTOTRAK _ P89 _ Left _ 3",-267.769728482542,97.7682287619383,-2549.77023026896,-263.277587541269,101.202237285316,-2552.99340141513
"OPTOTRAK _ P89 _ Left _ 3",-267.605851372746,97.3507567412838,-2549.46435944264,-263.127973339025,101.26437479229,-2553.05944156381
"OPTOTRAK _ P89 _ Left _ 3",-267.868581189894,96.8810551784004,-2549.63726730413,-262.15127155603,102.537585353327,-2555.02035866497
"OPTOTRAK _ P89 _ Left _ 3",-268.50103584499,96.4043927234027,-2550.25057725547,-260.496838319434,104.882173033909,-2558.67066200188
"OPTOTRAK _ P89 _ Left _ 3",-269.439725774561,95.9475569486321,-2551.22545108353,-258.387109457327,108.205362493838,-2563.72911792556
"OPTOTRAK _ P89 _ Left _ 3",-270.623536174421,95.5217379942997,-2552.46398229679,-256.094676591722,112.436302619629,-2569.85500763763
"OPTOTRAK _ P89 _ Left _ 3",-271.999274416821,95.1299461204246,-2553.87096993956,-253.911372482475,117.491883082559,-2576.66674100345
"OPTOTRAK _ P89 _ Left _ 3",-273.523410180507,94.7752438611189,-2555.36996594428,-252.109609409047,123.249464159411,-2583.76743214055
"OPTOTRAK _ P89 _ Left _ 3",-275.159894280289,94.4670262625311,-2556.91020698024,-250.901694367961,129.5361767167,-2590.77612739619
"OPTOTRAK _ P89 _ Left _ 3",-276.875216727621,94.2236669737126,-2558.46460161374,-250.406665422599,136.136573353848,-2597.35925627366
"OPTOTRAK _ P89 _ Left _ 3",-278.633405150781,94.0706597028583,-2560.02172615264,-250.633821850642,142.814471458764,-2603.25662722256
"OPTOTRAK _ P89 _ Left _ 3",-280.3939951345,94.0344090595859,-2561.57588111039,-251.487823354396,149.341661651212,-2608.29861457802
"OPTOTRAK _ P89 _ Left _ 3",-282.114347916328,94.1333612038471,-2563.11872554067,-252.794001526499,155.524926448927,-2612.41343840558
"OPTOTRAK _ P89 _ Left _ 3",-283.754838009764,94.3696896036137,-2564.63450387723,-254.336666743733,161.222985524028,-2615.62414232354
"OPTOTRAK _ P89 _ Left _ 3",-285.28325599816,94.7252861939816,-2566.09919870979,-255.899698314457,166.347034517667,-2618.03453826835
"OPTOTRAK _ P89 _ Left _ 3",-286.67481161037,95.1647123386262,-2567.48267659458,-257.298898905225,170.843041776588,-2619.80355247994
"OPTOTRAK _ P89 _ Left _ 3",-287.906469678697,95.6452297937521,-2568.75231356572,-258.39957368625,174.660330860267,-2621.1091264945
"OPTOTRAK _ P89 _ Left _ 3",-288.947649406719,96.1310419909125,-2569.87661136833,-259.119051271728,177.71711016223,-2622.10588144834
"OPTOTRAK _ P89 _ Left _ 3",-289.751715543626,96.6067468813101,-2570.82764318451,-259.419695170885,179.876670373178,-2622.88392419284
"OPTOTRAK _ P89 _ Left _ 3",-290.252996102773,97.0847411909059,-2571.58159620305,-259.300698547542,180.945900184843,-2623.43800087014
"OPTOTRAK _ P89 _ Left _ 3",-290.372305908827,97.6031049389879,-2572.11727299177,-258.795350688656,180.700700558508,-2623.655630991
"OPTOTRAK _ P89 _ Left _ 3",-290.031062088118,98.2136312573977,-2572.41324826331,-257.975320493682,178.933379153964,-2623.3296063939
"OPTOTRAK _ P89 _ Left _ 3",-289.171127752591,98.9629561844218,-2572.44519502133,-256.957363932845,175.509106239085,-2622.19498905088
"OPTOTRAK _ P89 _ Left _ 3",-287.775322503647,99.8720636110514,-2572.18519838816,-255.903883739659,170.415422512515,-2619.98495337934
"OPTOTRAK _ P89 _ Left _ 3",-285.882619164806,100.920178840136,-2571.60437309758,-255.009247413408,163.791607062072,-2616.49512769449
"OPTOTRAK _ P89 _ Left _ 3",-283.592740797959,102.038207261514,-2570.67898047052,-254.468956880712,155.931321675998,-2611.64355833296
"OPTOTRAK _ P89 _ Left _ 3",-281.057265621282,103.114745243007,-2569.39901998979,-254.436648701351,147.258689379075,-2605.51330138837
"OPTOTRAK _ P89 _ Left _ 3",-278.458039154085,104.014669808568,-2567.7773970078,-254.981070692398,138.282489145326,-2598.36682363881
"OPTOTRAK _ P89 _ Left _ 3",-275.977671702941,104.606830541178,-2565.85736475016,-256.058178660177,129.535752452106,-2590.62597609646
"OPTOTRAK _ P89 _ Left _ 3",-273.769806066495,104.794095362049,-2563.71592346068,-257.510203919806,121.510387119412,-2582.81863460316
"OPTOTRAK _ P89 _ Left _ 3",-271.937447700937,104.537091959821,-2561.46129702771,-259.094394189269,114.599144282679,-2575.50260111862
"OPTOTRAK _ P89 _ Left _ 3",-270.525319409256,103.863910904392,-2559.22378540579,-260.532848224609,109.058421035973,-2569.18577890083
"OPTOTRAK _ P89 _ Left _ 3",-269.527397176784,102.862485644627,-2557.14121769815,-261.56735470205,105.001801235412,-2564.26354285202
"OPTOTRAK _ P89 _ Left _ 3",-268.905356925843,101.658830976109,-2555.34215043166,-262.003670737201,102.424850211448,-2560.98660435908
"OPTOTRAK _ P89 _ Left _ 3",-268.610135441121,100.389415123478,-2553.93075218718,-261.737028161133,101.250335378524,-2559.45932115755
"OPTOTRAK _ P89 _ Left _ 3",-268.598779300725,99.176913642345,-2552.97651988977,-260.759099840873,101.376189523254,-2559.65769539579
"OPTOTRAK _ P89 _ Left _ 3",-268.841910639214,98.1154306744295,-2552.51015263599,-259.151173231018,102.709881777482,-2561.45397084724
"OPTOTRAK _ P89 _ Left _ 3",-269.321681448667,97.2662352908638,-2552.52505574819,-257.06815590473,105.180794025756,-2564.63983308744
"OPTOTRAK _ P89 _ Left _ 3",-270.023845815704,96.6608565496689,-2552.9827493214,-254.715949315735,108.731758584176,-2568.94722607407
"OPTOTRAK _ P89 _ Left _ 3",-270.929027154815,96.3068003164355,-2553.82016545083,-252.323765169012,113.297435561484,-2574.06941169052
"OPTOTRAK _ P89 _ Left _ 3",-272.007221303289,96.1923800227504,-2554.957351316,-250.114222932133,118.778938404649,-2579.68368236029
"OPTOTRAK _ P89 _ Left _ 3",-273.217194673939,96.2897705009312,-2556.30499345391,-248.275981483837,125.022659717552,-2585.47398865649
"OPTOTRAK _ P89 _ Left _ 3",-274.510205100721,96.5574257923905,-2557.7717820636,-246.943783268418,131.809437938181,-2591.15057201064
"OPTOTRAK _ P89 _ Left _ 3",-275.836202515454,96.9433980227587,-2559.27158405278,-246.188522562551,138.859009001452,-2596.46544290705
"OPTOTRAK _ P89 _ Left _ 3",-277.150321295462,97.3901956671158,-2560.72990470164,-246.016924452582,145.852499169782,-2601.22485209044
"OPTOTRAK _ P89 _ Left _ 3",-278.417744167501,97.8406044162661,-2562.08869528458,-246.378446311389,152.47084289376,-2605.3001816914
"OPTOTRAK _ P89 _ Left _ 3",-279.615726766458,98.2431361285056,-2563.3085714043,-247.176511559027,158.440382010042,-2608.6366672432
"OPTOTRAK _ P89 _ Left _ 3",-280.732571817297,98.5558041863623,-2564.36801176302,-248.281612798026,163.572030602009,-2611.25684082685
"OPTOTRAK _ P89 _ Left _ 3",-281.76428310899,98.7477070050868,-2565.2599327823,-249.544688978763,167.780697773411,-2613.25454221207
"OPTOTRAK _ P89 _ Left _ 3",-282.710091281703,98.799046207436,-2565.98682370939,-250.810252199719,171.077651613804,-2614.77650339116
"OPTOTRAK _ P89 _ Left _ 3",-283.567873680141,98.7010454437771,-2566.55594824079,-251.929660219817,173.537311538405,-2615.99124451077
"OPTOTRAK _ P89 _ Left _ 3",-284.329950376343,98.4571367898122,-2566.97570899005,-252.775198506298,175.247634019721,-2617.0482502361
"OPTOTRAK _ P89 _ Left _ 3",-284.979326486445,98.0856068241507,-2567.25330970327,-253.255023593539,176.257471567931,-2618.03343963937
"OPTOTRAK _ P89 _ Left _ 3",-285.48656740388,97.6222173620316,-2567.39294954272,-253.327814319964,176.534919962943,-2618.92952936715
"OPTOTRAK _ P89 _ Left _ 3",-285.808156852104,97.1201076683979,-2567.39355858595,-253.014714090751,175.948645716785,-2619.59160836588
"OPTOTRAK _ P89 _ Left _ 3",-285.887968237132,96.6443255519494,-2567.2456893008,-252.405258522025,174.280242395298,-2619.74819507488
"OPTOTRAK _ P89 _ Left _ 3",-285.66368921923,96.2598396705317,-2566.92827735521,-251.653768389976,171.269946330638,-2619.03511958013
"OPTOTRAK _ P89 _ Left _ 3",-285.079082277953,96.0144845798424,-2566.40702983406,-250.963439058744,166.690365647204,-2617.06307561861
"OPTOTRAK _ P89 _ Left _ 3",-284.100758958333,95.9211341189973,-2565.63666577682,-250.557329927457,160.433549580292,-2613.51002016328
"OPTOTRAK _ P89 _ Left _ 3",-282.735427642158,95.9452993873738,-2564.56872649064,-250.638702899047,152.587796066649,-2608.21883537975
"OPTOTRAK _ P89 _ Left _ 3",-281.0417223623,96.0041300510925,-2563.1650421444,-251.347329865067,143.476574450892,-2601.27288621317
"OPTOTRAK _ P89 _ Left _ 3",-279.131012487153,95.979946380912,-2561.41450247942,-252.722398539115,133.638221495641,-2593.02257496103
"OPTOTRAK _ P89 _ Left _ 3",-277.154404118832,95.7466614372597,-2559.34847853317,-254.684247353095,123.743473825495,-2584.04817473544
"OPTOTRAK _ P89 _ Left _ 3",-275.277668068064,95.2025988326989,-2557.04937564308,-257.043513310021,114.47247908515,-2575.06567467505
"OPTOTRAK _ P89 _ Left _ 3",-273.650393628012,94.3002957764124,-2554.64820362519,-259.536682711252,106.391261718117,-2566.80366629371
"OPTOTRAK _ P89 _ Left _ 3",-272.378361382073,93.064121963401,-2552.31039444861,-261.875911761509,99.8686319361948,-2559.88901514497
"OPTOTRAK _ P89 _ Left _ 3",-271.507610756232,91.589928114921,-2550.21293785363,-263.796067339099,95.0567818097584,-2554.77177058846
"OPTOTRAK _ P89 _ Left _ 3",-271.024930719057,90.0263048554317,-2548.51852018448,-265.087119064936,91.9319382003222,-2551.70016448938
"OPTOTRAK _ P89 _ Left _ 3",-270.873965183866,88.5425338807441,-2547.35278883341,-265.610799522008,90.369471571795,-2550.73609004019
"OPTOTRAK _ P89 _ Left _ 3",-270.980967944267,87.2921769391661,-2546.78940055839,-265.308287868431,90.2202353160657,-2551.79047844017
"OPTOTRAK _ P89 _ Left _ 3",-271.28133018037,86.3823754043227,-2546.84510196486,-264.205797387915,91.362081463459,-2554.65972335572
"OPTOTRAK _ P89 _ Left _ 3",-271.738249964243,85.8569850646862,-2547.48452019934,-262.419037247132,93.7159998867833,-2559.05453838046
"OPTOTRAK _ P89 _ Left _ 3",-272.348105110401,85.6971183216728,-2548.63208251843,-260.150819151656,97.231815371586,-2564.62364835012
"OPTOTRAK _ P89 _ Left _ 3",-273.131970696373,85.8370314198007,-2550.18705357607,-257.673703753107,101.857629138202,-2570.97974407766
"OPTOTRAK _ P89 _ Left _ 3",-274.117433316864,86.1887987797035,-2552.03763459453,-255.293817069755,107.50801119905,-2577.73179095817
"OPTOTRAK _ P89 _ Left _ 3",-275.317834840109,86.6674771492572,-2554.07151011954,-253.300644973911,114.040515205562,-2584.51964984394
"OPTOTRAK _ P89 _ Left _ 3",-276.71671992329,87.2094885490044,-2556.18245770599,-251.915220414168,121.243550567967,-2591.04131531791
"OPTOTRAK _ P89 _ Left _ 3",-278.26360647335,87.7796948160468,-2558.27442434949,-251.251061326496,128.83565100287,-2597.06499854022
"OPTOTRAK _ P89 _ Left _ 3",-279.883385504777,88.3662497552888,-2560.26485351236,-251.298238297634,136.477268179603,-2602.42628186507
"OPTOTRAK _ P89 _ Left _ 3",-281.496311761618,88.9663120629797,-2562.0880396028,-251.934039333908,143.797607451388,-2607.0181946053
"OPTOTRAK _ P89 _ Left _ 3",-283.040597957645,89.5690960940213,-2563.6978895202,-252.956709307665,150.436418138034,-2610.78365233445
"OPTOTRAK _ P89 _ Left _ 3",-284.487805077987,90.1439075305787,-2565.06883575557,-254.133032030021,156.093631809787,-2613.71463557488
"OPTOTRAK _ P89 _ Left _ 3",-285.844063234129,90.6387341448617,-2566.19416157673,-255.246990672835,160.572601415021,-2615.85485606865
"OPTOTRAK _ P89 _ Left _ 3",-287.136495146025,90.9903798975524,-2567.08209614491,-256.136665415719,163.801051795393,-2617.2977824558
"OPTOTRAK _ P89 _ Left _ 3",-288.390763108663,91.1422548408449,-2567.75081676573,-256.710788721752,165.820139262396,-2618.17269370769
"OPTOTRAK _ P89 _ Left _ 3",-289.609095956496,91.0630266308366,-2568.22348842554,-256.944026503143,166.743708544745,-2618.61711625183
"OPTOTRAK _ P89 _ Left _ 3",-290.757056409702,90.7594614813945,-2568.52388413446,-256.858001616773,166.701400638146,-2618.74124520027
"OPTOTRAK _ P89 _ Left _ 3",-291.762847815479,90.2794373267622,-2568.67255426748,-256.499605927954,165.785557729942,-2618.59502114705
"OPTOTRAK _ P89 _ Left _ 3",-292.527921926269,89.7047604394699,-2568.68342055524,-255.92711694741,164.020439020425,-2618.14911416193
"OPTOTRAK _ P89 _ Left _ 3",-292.944487530273,89.1364344890134,-2568.56107090803,-255.208748192138,161.363951293917,-2617.29711252561
"OPTOTRAK _ P89 _ Left _ 3",-292.914950487252,88.6765068272046,-2568.29954044571,-254.430604034522,157.74038852643,-2615.87966585592
"OPTOTRAK _ P89 _ Left _ 3",-292.369477555598,88.4105348625549,-2567.88351139109,-253.705309853302,153.092130908301,-2613.7248961374
"OPTOTRAK _ P89 _ Left _ 3",-291.279444728239,88.3936292348967,-2567.29234571111,-253.171384435144,147.432606632607,-2610.69515420367
"OPTOTRAK _ P89 _ Left _ 3",-289.665610277971,88.6416796203235,-2566.50626482198,-252.977116309534,140.883508461807,-2606.72894632532
"OPTOTRAK _ P89 _ Left _ 3",-287.600203917281,89.1284165315711,-2565.51292874097,-253.249718725295,133.68516676289,-2601.86835238684
"OPTOTRAK _ P89 _ Left _ 3",-285.202039072624,89.7886962505739,-2564.31246393282,-254.058070186653,126.177381871172,-2596.26589512347
"OPTOTRAK _ P89 _ Left _ 3",-282.623899531551,90.5284430356477,-2562.91990985509,-255.382259454406,118.755995383495,-2590.16976913241
"OPTOTRAK _ P89 _ Left _ 3",-280.032579725552,91.2411401504958,-2561.36543473764,-257.102932321342,111.816058974283,-2583.89138325478
"OPTOTRAK _ P89 _ Left _ 3",-277.584345404718,91.8289263554673,-2559.69346822636,-259.017353211725,105.694975234974,-2577.76304546488
"OPTOTRAK _ P89 _ Left _ 3",-275.401417344031,92.2236154174192,-2557.96162961416,-260.879107614095,100.628617682865,-2572.09566840794
"OPTOTRAK _ P89 _ Left _ 3",-273.556509526365,92.4010464415285,-2556.23944093252,-262.448865059119,96.7304354201362,-2567.14641245043
"OPTOTRAK _ P89 _ Left _ 3",-272.070743410472,92.383166923639,-2554.60615164168,-263.539439891957,93.9980209570448,-2563.10366763036
"OPTOTRAK _ P89 _ Left _ 3",-270.925472655448,92.2266441794606,-2553.14698723205,-264.041860736156,92.3442346921952,-2560.09108941591
"OPTOTRAK _ P89 _ Left _ 3",-270.083027375347,92.0024759965721,-2551.9475275663,-263.928242213723,91.6427366689507,-2558.1847467705
"OPTOTRAK _ P89 _ Left _ 3",-269.508168183371,91.7746867553334,-2551.08636211302,-263.236779336506,91.7735386888752,-2557.43158819933
"OPTOTRAK _ P89 _ Left _ 3",-269.182685009101,91.58579159434,-2550.62665545609,-262.049491432347,92.6549286098819,-2557.85727757241
"OPTOTRAK _ P89 _ Left _ 3",-269.109380916919,91.4528660164232,-2550.60789234983,-260.472886876496,94.253584717746,-2559.45772989461
"OPTOTRAK _ P89 _ Left _ 3",-269.306501647373,91.3730085596434,-2551.03960059534,-258.626911259277,96.5727326352244,-2562.17832380272
"OPTOTRAK _ P89 _ Left _ 3",-269.797185933444,91.3331845431197,-2551.89873914511,-256.641265086493,99.6258355068508,-2565.8928584083
"OPTOTRAK _ P89 _ Left _ 3",-270.599253216917,91.3185476039997,-2553.13145040705,-254.653649112908,103.407597957185,-2570.39645364066
"OPTOTRAK _ P89 _ Left _ 3",-271.718658212552,91.3155955464609,-2554.65847994834,-252.804075758342,107.873020049268,-2575.42098334372
"OPTOTRAK _ P89 _ Left _ 3",-273.146805349511,91.310512360426,-2556.38268609505,-251.222993219766,112.929395384458,-2580.67076243365
"OPTOTRAK _ P89 _ Left _ 3",-274.859850237461,91.286247065653,-2558.19727312164,-250.015710968479,118.439220474998,-2585.86626439337
"OPTOTRAK _ P89 _ Left _ 3",-276.818430606398,91.222193122859,-2559.99434761112,-249.248042207619,124.228636909593,-2590.78058143064
"OPTOTRAK _ P89 _ Left _ 3",-278.968236530646,91.0977778415877,-2561.67411261639,-248.937164376231,130.097967366742,-2595.25842347139
"OPTOTRAK _ P89 _ Left _ 3",-281.243166753029,90.8980525604496,-2563.15464481582,-249.049204621807,135.835233718124,-2599.21656084692
"OPTOTRAK _ P89 _ Left _ 3",-283.57177375448,90.6179970862816,-2564.38087237312,-249.50322764039,141.235280059776,-2602.6317742714
"OPTOTRAK _ P89 _ Left _ 3",-285.884907669305,90.2634902356525,-2565.33024633511,-250.180852042616,146.123578599277,-2605.52403377125
"OPTOTRAK _ P89 _ Left _ 3",-288.120510684841,89.8494846962133,-2566.01292076105,-250.94087479041,150.377177402469,-2607.9394850825
"OPTOTRAK _ P89 _ Left _ 3",-290.222464605965,89.3978562002716,-2566.46612549408,-251.638061999083,153.931320046925,-2609.93352853974
"OPTOTRAK _ P89 _ Left _ 3",-292.133857772002,88.9374392387674,-2566.74460911578,-252.144441564316,156.763707937266,-2611.55236511674
"OPTOTRAK _ P89 _ Left _ 3",-293.788548633447,88.5070664565531,-2566.91009084546,-252.370447306237,158.858615729123,-2612.8128637301
"OPTOTRAK _ P89 _ Left _ 3",-295.106113467402,88.160106153743,-2567.02206423308,-252.282566000903,160.164533745314,-2613.68392692854
"OPTOTRAK _ P89 _ Left _ 3",-295.993761494004,87.9672245320451,-2567.13069974072,-251.913889279562,160.565270892163,-2614.07533553913
"OPTOTRAK _ P89 _ Left _ 3",-296.355973590433,88.0136195244664,-2567.27121030114,-251.364262625108,159.882087090283,-2613.84065900476
"OPTOTRAK _ P89 _ Left _ 3",-296.110084931164,88.3880856591482,-2567.458758746,-250.787751039599,157.914008210063,-2612.79856250449
"OPTOTRAK _ P89 _ Left _ 3",-295.204454701811,89.1639021919057,-2567.68382166677,-250.367101455081,154.508611764678,-2610.77190218907
"OPTOTRAK _ P89 _ Left _ 3",-293.635130558152,90.3750468857927,-2567.90916593452,-250.277791693036,149.641587680554,-2607.6374763436
"OPTOTRAK _ P89 _ Left _ 3",-291.456857682812,91.9943448656826,-2568.07039694337,-250.647785317012,143.475921674326,-2603.37337137265
"OPTOTRAK _ P89 _ Left _ 3",-288.785007056064,93.9213947152346,-2568.08195263348,-251.522391595227,136.374700690155,-2598.08844253724
"OPTOTRAK _ P89 _ Left _ 3",-285.786632299832,95.9865665011195,-2567.84943412111,-252.845128145688,128.855765322042,-2592.02211301962
"OPTOTRAK _ P89 _ Left _ 3",-282.661245731906,97.9731906715532,-2567.28747612229,-254.463265122264,121.497409554387,-2585.51246333093
"OPTOTRAK _ P89 _ Left _ 3",-279.614571546594,99.6544178465815,-2566.34031660813,-256.159660331037,114.823785539149,-2578.94278177113
"OPTOTRAK _ P89 _ Left _ 3",-276.830834861693,100.835958490171,-2565.00045803287,-257.702268389446,109.207712447209,-2572.68511044247
"OPTOTRAK _ P89 _ Left _ 3",-274.45019859748,101.393071411578,-2563.3201300796,-258.894496955416,104.822338078468,-2567.05907251366
"OPTOTRAK _ P89 _ Left _ 3",-272.556868852442,101.291316023503,-2561.41122552398,-259.6089970757,101.653912724551,-2562.31542870348
"OPTOTRAK _ P89 _ Left _ 3",-271.180056791104,100.585706711118,-2559.43194663505,-259.79566609368,99.564622264277,-2558.6412075002
"OPTOTRAK _ P89 _ Left _ 3",-270.305708675332,99.4000051979457,-2557.56191853914,-259.466794766726,98.3775465713711,-2556.17360592958
"OPTOTRAK _ P89 _ Left _ 3",-269.893700047542,97.8939728155304,-2555.97097787103,-258.671406139786,97.9518849381043,-2555.00797451242
"OPTOTRAK _ P89 _ Left _ 3",-269.894352778349,96.2291688518254,-2554.78913526408,-257.472742751798,98.2252012088284,-2555.19142784303
"OPTOTRAK _ P89 _ Left _ 3",-270.259672982541,94.5426176776912,-2554.08544295706,-255.937946260275,99.214830541182,-2556.70411960914
"OPTOTRAK _ P89 _ Left _ 3",-270.947648676877,92.9333112911047,-2553.86129833798,-254.140685392072,100.985708276232,-2559.43942966138
"OPTOTRAK _ P89 _ Left _ 3",-271.920880240131,91.4612387943436,-2554.05955337279,-252.170215355039,103.601535743024,-2563.19755616404
"OPTOTRAK _ P89 _ Left _ 3",-273.142419654614,90.1549355098304,-2554.58604752818,-250.137733295883,107.078171704497,-2567.70232111043
"OPTOTRAK _ P89 _ Left _ 3",-274.571439429713,89.0227981588527,-2555.33662113386,-248.174004734134,111.353291987216,-2572.6403260213
"OPTOTRAK _ P89 _ Left _ 3",-276.160008284201,88.0648622245739,-2556.22162684962,-246.418402355931,116.278233473841,-2577.71059977587
"OPTOTRAK _ P89 _ Left _ 3",-277.851328626948,87.2831824530192,-2557.18161356753,-245.003965907012,121.630993371226,-2582.66803346448
"OPTOTRAK _ P89 _ Left _ 3",-279.580057061823,86.6889437053392,-2558.191224056,-244.043146677519,127.145899657413,-2587.34783188935
"OPTOTRAK _ P89 _ Left _ 3",-281.275908900227,86.3037691914738,-2559.2519632538,-243.616082979982,132.554044660373,-2591.66749421582
"OPTOTRAK _ P89 _ Left _ 3",-282.87107507567,86.1534593125193,-2560.37724055148,-243.761029733009,137.626371526982,-2595.61108868007
"OPTOTRAK _ P89 _ Left _ 3",-284.309744687866,86.2553899505451,-2561.57456718187,-244.466624314575,142.208385988439,-2599.20403208242
"OPTOTRAK _ P89 _ Left _ 3",-285.555851853447,86.6044050706001,-2562.83010470462,-245.667131738285,146.235352522591,-2602.48608755584
"OPTOTRAK _ P89 _ Left _ 3",-286.59509939419,87.1636882246035,-2564.10007595387,-247.24308343622,149.722231244293,-2605.4885212578
"OPTOTRAK _ P89 _ Left _ 3",-287.429814178699,87.8655487246428,-2565.3118970099,-249.029943445195,152.731656495727,-2608.21949832263
"OPTOTRAK _ P89 _ Left _ 3",-288.068753457052,88.6231404528685,-2566.37536076918,-250.836368214639,155.330931753397,-2610.65942712835
"OPTOTRAK _ P89 _ Left _ 3",-288.51644507412,89.3498227097036,-2567.20123596382,-252.471268600077,157.551581551597,-2612.76485572156
"OPTOTRAK _ P89 _ Left _ 3",-288.766677304761,89.98003947473,-2567.72209264936,-253.775673866457,159.3623669084,-2614.47663552366
"OPTOTRAK _ P89 _ Left _ 3",-288.802503250198,90.4852164590043,-2567.90904402427,-254.652517432608,160.661297076026,-2615.72695145343
"OPTOTRAK _ P89 _ Left _ 3",-288.601946918909,90.8801027963437,-2567.77905486987,-255.086472920022,161.286849822921,-2616.44146923268
"OPTOTRAK _ P89 _ Left _ 3",-288.146210103918,91.218152241226,-2567.39031147199,-255.147845217702,161.045052343022,-2616.53685375083
"OPTOTRAK _ P89 _ Left _ 3",-287.426715172172,91.5775790304278,-2566.8268535356,-254.978832470281,159.747481869612,-2615.91835765154
"OPTOTRAK _ P89 _ Left _ 3",-286.448765563268,92.0416904652253,-2566.17692939286,-254.76540700356,157.254616749121,-2614.48443130071
"OPTOTRAK _ P89 _ Left _ 3",-285.231863636165,92.6778768154404,-2565.51135939989,-254.701463782653,153.517977087139,-2612.14341826441
"OPTOTRAK _ P89 _ Left _ 3",-283.808324946026,93.5196630962438,-2564.86813827562,-254.952689957055,148.612735263207,-2608.84163215947
"OPTOTRAK _ P89 _ Left _ 3",-282.221925934428,94.5557522907833,-2564.24761867195,-255.626474737925,142.7513193049,-2604.5953839784
"OPTOTRAK _ P89 _ Left _ 3",-280.527193317059,95.7288142725674,-2563.61938047431,-256.752585491036,136.270412598448,-2599.51580112051
"OPTOTRAK _ P89 _ Left _ 3",-278.78858364247,96.9447603638815,-2562.93829139312,-258.277965077523,129.589899812118,-2593.81667821226
"OPTOTRAK _ P89 _ Left _ 3",-277.078162553306,98.0907924629887,-2562.16460291199,-260.077198605238,123.151008242841,-2587.80101579459
"OPTOTRAK _ P89 _ Left _ 3",-275.470891798066,99.0583120917749,-2561.28215560632,-261.97712032788,117.348330434436,-2581.8284322474
"OPTOTRAK _ P89 _ Left _ 3",-274.037992250045,99.7653340991398,-2560.30990496036,-263.790083914787,112.473245135126,-2576.27099749707
"OPTOTRAK _ P89 _ Left _ 3",-272.84021360582,100.17276074931,-2559.30424399492,-265.347316753542,108.683375048236,-2571.46825343837
"OPTOTRAK _ P89 _ Left _ 3",-271.923256546031,100.290146221785,-2558.35210034261,-266.523469573252,106.005163398209,-2567.69244750687
"OPTOTRAK _ P89 _ Left _ 3",-271.316716469403,100.169477877462,-2557.55693624919,-267.246877612554,104.366709387808,-2565.13128974304
"OPTOTRAK _ P89 _ Left _ 3",-271.036283786143,99.8892068855155,-2557.0212255099,-267.496080643928,103.648781508175,-2563.88835766987
"OPTOTRAK _ P89 _ Left _ 3",-271.087498764251,99.5338217583964,-2556.82949324555,-267.288702480693,103.736864980173,-2563.994063531
"OPTOTRAK _ P89 _ Left _ 3",-271.468802580099,99.1754567950838,-2557.03553947486,-266.670580113047,104.558368156818,-2565.41726989703
"OPTOTRAK _ P89 _ Left _ 3",-272.172104858951,98.8629608732402,-2557.65617218039,-265.710135234973,106.09587644704,-2568.07079636421
"OPTOTRAK _ P89 _ Left _ 3",-273.18037777998,98.6209098831335,-2558.67195606639,-264.4975671972,108.376134813106,-2571.81072594054
"OPTOTRAK _ P89 _ Left _ 3",-274.46340987445,98.4572663649741,-2560.03365606341,-263.144135382709,111.441584915662,-2576.43514759542
"OPTOTRAK _ P89 _ Left _ 3",-275.974130843368,98.3752329288025,-2561.67184434261,-261.77624253304,115.314880030646,-2581.68942998269
"OPTOTRAK _ P89 _ Left _ 3",-277.648216094796,98.3835842815254,-2563.50691746623,-260.522267846274,119.966911464939,-2587.28205909391
"OPTOTRAK _ P89 _ Left _ 3",-279.408754634614,98.5008119002146,-2565.45742762765,-259.494662134226,125.296645191359,-2592.91008751214
"OPTOTRAK _ P89 _ Left _ 3",-281.175888734992,98.7512216038298,-2567.44574639738,-258.772697418969,131.127709436691,-2598.28945705948
"OPTOTRAK _ P89 _ Left _ 3",-282.879171393426,99.1545594053357,-2569.40121490981,-258.391090143525,137.222818454191,-2603.18419502333
"OPTOTRAK _ P89 _ Left _ 3",-284.468841681155,99.7135194833919,-2571.26177244907,-258.337237129282,143.31286170581,-2607.42912349885
"OPTOTRAK _ P89 _ Left _ 3",-285.922139327513,100.404522534035,-2572.97537779573,-258.55674910217,149.133261985501,-2610.94217901455
"OPTOTRAK _ P89 _ Left _ 3",-287.24239569594,101.176022045065,-2574.50222386225,-258.964797477942,154.457431755563,-2613.72420269843
"OPTOTRAK _ P89 _ Left _ 3",-288.451189772343,101.955841856552,-2575.81784091628,-259.460132360548,159.117585084393,-2615.84602182925
"OPTOTRAK _ P89 _ Left _ 3",-289.576028529987,102.665870812718,-2576.91598862645,-259.939290618128,163.007300117746,-2617.42460945278
"OPTOTRAK _ P89 _ Left _ 3",-290.636888228175,103.240011691221,-2577.80933099754,-260.309777066239,166.066549951672,-2618.59177255898
"OPTOTRAK _ P89 _ Left _ 3",-291.634600377371,103.640278752318,-2578.52591910758,-260.502024615011,168.255812492527,-2619.46004141092
"OPTOTRAK _ P89 _ Left _ 3",-292.543212729895,103.866486206957,-2579.10075185522,-260.480090095429,169.529296503016,-2620.0912570816
"OPTOTRAK _ P89 _ Left _ 3",-293.307744175199,103.956763784024,-2579.56373597589,-260.250165803447,169.817586181417,-2620.47369859255
"OPTOTRAK _ P89 _ Left _ 3",-293.848283221402,103.978566255792,-2579.92728107392,-259.864596353244,169.027334684445,-2620.51315663553
"OPTOTRAK _ P89 _ Left _ 3",-294.070816604077,104.012176192074,-2580.17759680288,-259.418284656189,167.060662583248,-2620.04190833809
"OPTOTRAK _ P89 _ Left _ 3",-293.884143169064,104.130359296409,-2580.27307860799,-259.035221478281,163.850727673625,-2618.8470178915
"OPTOTRAK _ P89 _ Left _ 3",-293.220631338526,104.378647147559,-2580.15123902394,-258.845587285538,159.404146603043,-2616.71575298601
"OPTOTRAK _ P89 _ Left _ 3",-292.056718851531,104.760843052723,-2579.74319242018,-258.957485868375,153.837340856016,-2613.49131997259
"OPTOTRAK _ P89 _ Left _ 3",-290.427660691909,105.233841276929,-2578.9925423011,-259.430279774008,147.393804143387,-2609.12746538796
"OPTOTRAK _ P89 _ Left _ 3",-288.431107335407,105.714428752075,-2577.87424448742,-260.257354798582,140.433257955163,-2603.72757721506
"OPTOTRAK _ P89 _ Left _ 3",-286.21636832557,106.098054705856,-2576.40885563481,-261.364344709097,133.39109301112,-2597.55486807553
"OPTOTRAK _ P89 _ Left _ 3",-283.960418221292,106.285875774545,-2574.66842187661,-262.624618767628,126.71560325863,-2591.00640007433
"OPTOTRAK _ P89 _ Left _ 3",-281.836355608458,106.212914392277,-2572.77189049052,-263.888201119412,120.798511521758,-2584.55452144731
"OPTOTRAK _ P89 _ Left _ 3",-279.983091263821,105.868601425297,-2570.87015855008,-265.015145522426,115.917992754038,-2578.67114829793
"OPTOTRAK _ P89 _ Left _ 3",-278.485004162957,105.302547116005,-2569.12343198708,-265.902226108311,112.210488305641,-2573.75724769648
"OPTOTRAK _ P89 _ Left _ 3",-277.36700731894,104.612950952302,-2567.67579106198,-266.494456611267,109.678197498623,-2570.09704888629
"OPTOTRAK _ P89 _ Left _ 3",-276.605237826422,103.920868351287,-2566.63281825337,-266.779721417725,108.226749212883,-2567.84479256765
"OPTOTRAK _ P89 _ Left _ 3",-276.148545946071,103.33817860168,-2566.04732439147,-266.772170373571,107.717750462849,-2567.03803461981
"OPTOTRAK _ P89 _ Left _ 3",-275.942929487194,102.938878251078,-2565.91593494635,-266.494049163328,108.017897387522,-2567.62323641407
"OPTOTRAK _ P89 _ Left _ 3",-275.950855270605,102.741978691473,-2566.1864302391,-265.964709122702,109.030517712024,-2569.47971869262
"OPTOTRAK _ P89 _ Left _ 3",-276.159785166607,102.710561195114,-2566.77312872184,-265.200827765853,110.703910155902,-2572.43499194924
"OPTOTRAK _ P89 _ Left _ 3",-276.578209619395,102.766643093457,-2567.57591683731,-264.22589617994,113.019730043283,-2576.27329957584
"OPTOTRAK _ P89 _ Left _ 3",-277.221785452837,102.816827690506,-2568.49819140572,-263.082480990613,115.97063518452,-2580.74502485107
"OPTOTRAK _ P89 _ Left _ 3",-278.095475253781,102.780671109524,-2569.46007124644,-261.839798693046,119.537547872179,-2585.58421652858
"OPTOTRAK _ P89 _ Left _ 3",-279.178879369213,102.61333816682,-2570.40532076104,-260.592227793419,123.673453351055,-2590.53517760544
"OPTOTRAK _ P89 _ Left _ 3",-280.420804908205,102.316458880592,-2571.30259455,-259.449372215186,128.295415913723,-2595.38117055384
"OPTOTRAK _ P89 _ Left _ 3",-281.745820553989,101.935040195488,-2572.14287740859,-258.521638702418,133.28328067887,-2599.96463515529
"OPTOTRAK _ P89 _ Left _ 3",-283.071054351715,101.542377626179,-2572.93494591756,-257.905253575268,138.484050427013,-2604.19165507541
"OPTOTRAK _ P89 _ Left _ 3",-284.327327612016,101.218075162659,-2573.69978280868,-257.668717183595,143.723011735386,-2608.02116315736
"OPTOTRAK _ P89 _ Left _ 3",-285.476669000294,101.025822053259,-2574.46408025409,-257.841500743783,148.822477891822,-2611.44604399665
"OPTOTRAK _ P89 _ Left _ 3",-286.519448128153,100.997067897516,-2575.25290599516,-258.406242188986,153.625100796909,-2614.47504313997
"OPTOTRAK _ P89 _ Left _ 3",-287.488335052558,101.124408926636,-2576.08217116864,-259.296637773146,158.01373334062,-2617.12133973216
"OPTOTRAK _ P89 _ Left _ 3",-288.431151676656,101.365371491485,-2576.95217036469,-260.403119918006,161.91816085532,-2619.39857360845
"OPTOTRAK _ P89 _ Left _ 3",-289.388380148055,101.654541393256,-2577.84367506749,-261.586813674359,165.302987360738,-2621.3209883274
"OPTOTRAK _ P89 _ Left _ 3",-290.372440602893,101.920296346442,-2578.71767666977,-262.699928841794,168.139062340921,-2622.90279564015
"OPTOTRAK _ P89 _ Left _ 3",-291.354754245269,102.101837427118,-2579.5190202327,-263.608814742669,170.368957606517,-2624.15303546442
"OPTOTRAK _ P89 _ Left _ 3",-292.263848748437,102.162620412453,-2580.18319325453,-264.215115640774,171.881104241758,-2625.06519786137
"OPTOTRAK _ P89 _ Left _ 3",-292.994570339212,102.09741235492,-2580.64482784188,-264.470914867564,172.505352591582,-2625.60433497125
"OPTOTRAK _ P89 _ Left _ 3",-293.425930942986,101.931730408665,-2580.84625291221,-264.385116373017,172.035669723127,-2625.69700154917
"OPTOTRAK _ P89 _ Left _ 3",-293.443697938303,101.714079422491,-2580.74467022056,-264.020095517457,170.27619703344,-2625.23007901383
"OPTOTRAK _ P89 _ Left _ 3",-292.963319159856,101.503019484591,-2580.31705550966,-263.47938611917,167.098486201234,-2624.06279757333
"OPTOTRAK _ P89 _ Left _ 3",-291.948738693834,101.35244969598,-2579.56245679664,-262.888553336286,162.493378222587,-2622.05234886412
"OPTOTRAK _ P89 _ Left _ 3",-290.422996739595,101.299154207163,-2578.501719677,-262.372370384988,156.602050471074,-2619.08867296362
"OPTOTRAK _ P89 _ Left _ 3",-288.467585774128,101.356123737462,-2577.17474514926,-262.032056361455,149.716608419935,-2615.13018328607
"OPTOTRAK _ P89 _ Left _ 3",-286.209765312965,101.513318913515,-2575.63542534833,-261.92664891718,142.249030500422,-2610.23087886589
"OPTOTRAK _ P89 _ Left _ 3",-283.800243852663,101.744898708059,-2573.94475184552,-262.062348265018,134.675454423778,-2604.5509147478
"OPTOTRAK _ P89 _ Left _ 3",-281.386815988458,102.019525673185,-2572.16330429702,-262.392531194376,127.468367176879,-2598.34662702912
"OPTOTRAK _ P89 _ Left _ 3",-279.091238285579,102.30934241634,-2570.34504338526,-262.829027837729,121.031129986499,-2591.94116739839
"OPTOTRAK _ P89 _ Left _ 3",-276.995718456679,102.594316108415,-2568.53449514459,-263.262617549486,115.647761755178,-2585.68222718432
"OPTOTRAK _ P89 _ Left _ 3",-275.141907357493,102.861475805144,-2566.76862207367,-263.5881710166,111.4572754086,-2579.89758294887
"OPTOTRAK _ P89 _ Left _ 3",-273.540657661567,103.10152050931,-2565.08301198198,-263.727972888227,108.457282643215,-2574.8606568664
"OPTOTRAK _ P89 _ Left _ 3",-272.187169196393,103.306562725073,-2563.52012856501,-263.646263104088,106.536245500338,-2570.77526059725
"OPTOTRAK _ P89 _ Left _ 3",-271.075046541872,103.471653945918,-2562.13610373925,-263.350081485896,105.52721021729,-2567.78099827416
"OPTOTRAK _ P89 _ Left _ 3",-270.204476559213,103.599853492096,-2561.00245176618,-262.876409875695,105.268802972839,-2565.97116802327
"OPTOTRAK _ P89 _ Left _ 3",-269.58313483325,103.707524355012,-2560.20027717033,-262.271510127573,105.654692705928,-2565.40853163951
"OPTOTRAK _ P89 _ Left _ 3",-269.221835238418,103.825096147723,-2559.80686265245,-261.571969997396,106.654316818568,-2566.12542382787
"OPTOTRAK _ P89 _ Left _ 3",-269.128803721307,103.98984578355,-2559.87737966894,-260.796024318309,108.296651333834,-2568.10366162733
"OPTOTRAK _ P89 _ Left _ 3",-269.306102612185,104.230902501351,-2560.42678266489,-259.948493347927,110.622535993604,-2571.24229254516
"OPTOTRAK _ P89 _ Left _ 3",-269.749590699481,104.550925072991,-2561.41761715757,-259.035717840097,113.624185491067,-2575.33098563819
"OPTOTRAK _ P89 _ Left _ 3",-270.451173208097,104.911689213172,-2562.7581192118,-258.081760172335,117.197216457429,-2580.0484783704
"OPTOTRAK _ P89 _ Left _ 3",-271.400439887918,105.230867455706,-2564.31220968121,-257.136776422665,121.126924477077,-2584.99706165
"OPTOTRAK _ P89 _ Left _ 3",-272.582993042143,105.394363233711,-2565.91983870545,-256.273061221017,125.117153665783,-2589.76868871392
"OPTOTRAK _ P89 _ Left _ 3",-273.974792366246,105.283360012993,-2567.4234840336,-255.57077896946,128.852583627621,-2594.02327559847
"OPTOTRAK _ P89 _ Left _ 3",-275.534770801282,104.809282544705,-2568.69499767418,-255.099755427359,132.071756310405,-2597.55284133789
"OPTOTRAK _ P89 _ Left _ 3",-277.200201056668,103.945505248441,-2569.65676354044,-254.904060559963,134.624572695375,-2600.30972371669
"OPTOTRAK _ P89 _ Left _ 3",-278.889165976271,102.744292938906,-2570.29233880703,-254.993624961366,136.495074356722,-2602.39069272355
"OPTOTRAK _ P89 _ Left _ 3",-280.511526142295,101.331929754766,-2570.64412401842,-255.344043452128,137.784217890876,-2603.98495788
"OPTOTRAK _ P89 _ Left _ 3",-281.985427636681,99.8825831589134,-2570.79865190622,-255.90344707598,138.661873854367,-2605.30586624224
"OPTOTRAK _ P89 _ Left _ 3",-283.253200259489,98.5788787855032,-2570.86318434237,-256.604145308087,139.306599347058,-2606.52901048992
"OPTOTRAK _ P89 _ Left _ 3",-284.290315078402,97.571434422246,-2570.93963798868,-257.376384643941,139.852746029993,-2607.75331969629
"OPTOTRAK _ P89 _ Left _ 3",-285.103946043634,96.9493208399292,-2571.10255620125,-258.16169421354,140.358128314053,-2608.99042343452
"OPTOTRAK _ P89 _ Left _ 3",-285.722092991481,96.7290372504176,-2571.3864805419,-258.923626851458,140.796010158226,-2610.17687745039
"OPTOTRAK _ P89 _ Left _ 3",-286.178029426856,96.8629821997135,-2571.78498651067,-259.654110709565,141.067382790813,-2611.19812242642
"OPTOTRAK _ P89 _ Left _ 3",-286.496294407043,97.2621002078956,-2572.25985888638,-260.374113626896,141.026065785092,-2611.91349866352
"OPTOTRAK _ P89 _ Left _ 3",-286.685070927588,97.8236367963671,-2572.75578532586,-261.128031283168,140.509695357362,-2612.17637751337
"OPTOTRAK _ P89 _ Left _ 3",-286.736595709592,98.4548142903332,-2573.21478715524,-261.972265651014,139.371905867904,-2611.8491767784
"OPTOTRAK _ P89 _ Left _ 3",-286.633987242644,99.0862899182565,-2573.58581201213,-262.959757023122,137.512682720997,-2610.81673164678
"OPTOTRAK _ P89 _ Left _ 3",-286.360920023186,99.6738841338677,-2573.82776506031,-264.123384173839,134.903915422465,-2609.0016848677
"OPTOTRAK _ P89 _ Left _ 3",-285.910313504631,100.191378722202,-2573.90731882833,-265.461741773795,131.6060676877,-2606.38253614112
"OPTOTRAK _ P89 _ Left _ 3",-285.289307035154,100.619719477843,-2573.79480355827,-266.930712535327,127.771102167372,-2603.01056380194
"OPTOTRAK _ P89 _ Left _ 3",-284.519610760224,100.938093666885,-2573.46172277936,-268.443596484917,123.627908984372,-2599.01852406742
"OPTOTRAK _ P89 _ Left _ 3",-283.634149784572,101.120427452759,-2572.88216808078,-269.881396744461,119.450081449943,-2594.61399319184
"OPTOTRAK _ P89 _ Left _ 3",-282.672134704141,101.137962674481,-2572.03844747411,-271.113027690128,115.511075737282,-2590.05420825685
"OPTOTRAK _ P89 _ Left _ 3",-281.67492340295,100.966037369579,-2570.92953063016,-272.02261015865,112.036558460009,-2585.60609060159
"OPTOTRAK _ P89 _ Left _ 3",-280.684265882777,100.591926358065,-2569.57994092817,-272.538079840645,109.165938962539,-2581.50191331498
"OPTOTRAK _ P89 _ Left _ 3",-279.743067189612,100.020827413696,-2568.04643450352,-272.653209216599,106.933535072616,-2577.90442221553
"OPTOTRAK _ P89 _ Left _ 3",-278.897252521941,99.2784013936595,-2566.42002149503,-272.435303414054,105.274851933025,-2574.89299171448
"OPTOTRAK _ P89 _ Left _ 3",-278.196391156702,98.4098583066192,-2564.82159415762,-272.01406352599,104.056639115813,-2572.47508597288
"OPTOTRAK _ P89 _ Left _ 3",-277.690991460587,97.4765461499081,-2563.39062424052,-271.552611325934,103.122943986621,-2570.61812198097
"OPTOTRAK _ P89 _ Left _ 3",-277.425872283965,96.5509635372085,-2562.26790627774,-271.207327632988,102.345332451478,-2569.28994031662
"OPTOTRAK _ P89 _ Left _ 3",-277.431182277437,95.7104436656304,-2561.57491754167,-271.086924850735,101.66481589375,-2568.49401539641
"OPTOTRAK _ P89 _ Left _ 3",-277.714509235288,95.0292018687352,-2561.39376867195,-271.22203017816,101.115503867044,-2568.28814809162
"OPTOTRAK _ P89 _ Left _ 3",-278.258062719585,94.5685967888833,-2561.75246404584,-271.554357589379,100.824503643838,-2568.780832107
"OPTOTRAK _ P89 _ Left _ 3",-279.023443777627,94.366460170945,-2562.61965665472,-271.949648368554,100.987951093814,-2570.10570768461
"OPTOTRAK _ P89 _ Left _ 3",-279.963257646966,94.4278344032977,-2563.91096308609,-272.23195684798,101.828328208219,-2572.38012434453
"OPTOTRAK _ P89 _ Left _ 3",-281.035204505051,94.7206373565346,-2565.50570411811,-272.230386983483,103.54257595985,-2575.65819310441
"OPTOTRAK _ P89 _ Left _ 3",-282.212389306963,95.1796651568924,-2567.26987999356,-271.825253744057,106.253156680193,-2579.89134833512
"OPTOTRAK _ P89 _ Left _ 3",-283.484878202492,95.7202409989609,-2569.0795109571,-270.980480427739,109.97434645256,-2584.9094391942
"OPTOTRAK _ P89 _ Left _ 3",-284.851666242787,96.2590374683643,-2570.83872675593,-269.753200449279,114.602903892525,-2590.43148598828
"OPTOTRAK _ P89 _ Left _ 3",-286.307065548046,96.7358180219841,-2572.48890977646,-268.278840864083,119.935710659098,-2596.10698818966
"OPTOTRAK _ P89 _ Left _ 3",-287.828372351609,97.1283098749923,-2574.00799660716,-266.737828585597,125.708376280898,-2601.57792483245
"OPTOTRAK _ P89 _ Left _ 3",-289.370994130227,97.454388344383,-2575.40176295034,-265.315252538479,131.641546578821,-2606.54305918221
"OPTOTRAK _ P89 _ Left _ 3",-290.873579939784,97.7604818887987,-2576.69073178922,-264.165211484413,137.479854257984,-2610.8049470931
"OPTOTRAK _ P89 _ Left _ 3",-292.271158779739,98.1003654790452,-2577.89683264314,-263.387627910276,143.013712567834,-2614.28738459789
"OPTOTRAK _ P89 _ Left _ 3",-293.510946309984,98.5120184936477,-2579.03320376966,-263.019635434724,148.083417703755,-2617.02274162723
"OPTOTRAK _ P89 _ Left _ 3",-294.56448219171,99.0007417076143,-2580.09903871245,-263.039084105395,152.5724238104,-2619.11841086617
"OPTOTRAK _ P89 _ Left _ 3",-295.431238613284,99.5342603560898,-2581.07965388319,-263.375697696908,156.398200089802,-2620.71561025743
"OPTOTRAK _ P89 _ Left _ 3",-296.132116433046,100.051110031395,-2581.95041186492,-263.925794782329,159.50549231891,-2621.95214707286
"OPTOTRAK _ P89 _ Left _ 3",-296.695027818975,100.478916813107,-2582.68215310439,-264.568109007514,161.86191548015,-2622.93588158201
"OPTOTRAK _ P89 _ Left _ 3",-297.137575632665,100.756025733159,-2583.24569423587,-265.179752839085,163.452920446426,-2623.73009378353
"OPTOTRAK _ P89 _ Left _ 3",-297.452690187226,100.849341214653,-2583.61380739414,-265.651870126611,164.273308004944,-2624.34772281778
"OPTOTRAK _ P89 _ Left _ 3",-297.601933118601,100.763059248159,-2583.76053606002,-265.904035911124,164.314921836147,-2624.74986742529
"OPTOTRAK _ P89 _ Left _ 3",-297.518788238631,100.536138337351,-2583.65907523486,-265.895755105231,163.553610075569,-2624.84550477155
"OPTOTRAK _ P89 _ Left _ 3",-297.121591094397,100.229655604913,-2583.28016214457,-265.633248126848,161.941329095547,-2624.49320726382
"OPTOTRAK _ P89 _ Left _ 3",-296.333440641672,99.9077817032124,-2582.59276354693,-265.170207521149,159.409646624399,-2623.5094106795
"OPTOTRAK _ P89 _ Left _ 3",-295.104737045452,99.6175978374124,-2581.56798428319,-264.60193074471,155.888060333732,-2621.68892699991
"OPTOTRAK _ P89 _ Left _ 3",-293.433042888718,99.3732474668706,-2580.18595709512,-264.052816575675,151.33537876717,-2618.84063991781
"OPTOTRAK _ P89 _ Left _ 3",-291.375032651301,99.1489484430869,-2578.4443981415,-263.657785009803,145.777052312669,-2614.83545323929
"OPTOTRAK _ P89 _ Left _ 3",-289.046636014815,98.8833182821098,-2576.36680951918,-263.539216981556,139.337746401027,-2609.65682473543
"OPTOTRAK _ P89 _ Left _ 3",-286.610038759507,98.4946523381018,-2574.00815276903,-263.782792747881,132.257611809148,-2603.43931089193
"OPTOTRAK _ P89 _ Left _ 3",-284.249465604008,97.9038151872331,-2571.45621908826,-264.417662156146,124.883107984035,-2596.47994107543
"OPTOTRAK _ P89 _ Left _ 3",-282.14076867046,97.058958681434,-2568.82767428204,-265.407306616354,117.629187539422,-2589.2124837574
"OPTOTRAK _ P89 _ Left _ 3",-280.421819269621,95.9551329587641,-2566.25858525188,-266.655608696647,110.918465046036,-2582.14535144477
"OPTOTRAK _ P89 _ Left _ 3",-279.170815100142,94.642666172494,-2563.89011170995,-268.027630127451,105.111943855877,-2575.77682754938
"OPTOTRAK _ P89 _ Left _ 3",-278.39766538642,93.2211482301307,-2561.85117664881,-269.37844748892,100.450779022258,-2570.51100586052
"OPTOTRAK _ P89 _ Left _ 3",-278.050061943246,91.8203151088626,-2560.24125544186,-270.57987165147,97.0262318483396,-2566.59893853705
"OPTOTRAK _ P89 _ Left _ 3",-278.03179829312,90.5734588667812,-2559.11729082878,-271.536606566967,94.7857371999881,-2564.1203717449
"OPTOTRAK _ P89 _ Left _ 3",-278.22783576913,89.5911829767687,-2558.48832799564,-272.18934029,93.5709545736136,-2563.00631621015
"OPTOTRAK _ P89 _ Left _ 3",-278.529598920902,88.9424225638327,-2558.31958151435,-272.508490961461,93.1742134596722,-2563.0891797198
"OPTOTRAK _ P89 _ Left _ 3",-278.854995367372,88.6465166873362,-2558.5449662227,-272.485394788388,93.3963051579068,-2564.16102073532
"OPTOTRAK _ P89 _ Left _ 3",-279.159827073075,88.6765418295772,-2559.08468674128,-272.126776336129,94.0910956922399,-2566.02249362608
"OPTOTRAK _ P89 _ Left _ 3",-279.439660538582,88.9714002342627,-2559.86312964015,-271.454710044054,95.1885591920799,-2568.51234827021
"OPTOTRAK _ P89 _ Left _ 3",-279.723281813709,89.4527107094485,-2560.82241880353,-270.510136114475,96.6947166585347,-2571.515895562
"OPTOTRAK _ P89 _ Left _ 3",-280.060277389383,90.042250771233,-2561.92843353542,-269.355461450576,98.6724427819762,-2574.95719666043
"OPTOTRAK _ P89 _ Left _ 3",-280.505925596532,90.6762873495468,-2563.16834149962,-268.072171396026,101.210083219616,-2578.7820767127
"OPTOTRAK _ P89 _ Left _ 3",-281.106564161842,91.3143467100701,-2564.54117709992,-266.7523272051,104.385489483667,-2582.93804467009
"OPTOTRAK _ P89 _ Left _ 3",-281.8882063071,91.9414711040795,-2566.04510108342,-265.486253454993,108.232632804885,-2587.35535866286
"OPTOTRAK _ P89 _ Left _ 3",-282.850565060221,92.5643821864424,-2567.66601597513,-264.350394776873,112.717539775372,-2591.93299604473
"OPTOTRAK _ P89 _ Left _ 3",-283.967631632393,93.2030283926512,-2569.37162006638,-263.398635940293,117.729699655984,-2596.53390563658
"OPTOTRAK _ P89 _ Left _ 3",-285.194321560125,93.8798497159296,-2571.11281404956,-262.658476082513,123.092751294787,-2600.99331901997
"OPTOTRAK _ P89 _ Left _ 3",-286.476749965458,94.6097455989826,-2572.83148378588,-262.131797140003,128.59296722446,-2605.1403507881
"OPTOTRAK _ P89 _ Left _ 3",-287.762344996864,95.3937346912208,-2574.47131640552,-261.799158044957,134.017092619685,-2608.82763732656
"OPTOTRAK _ P89 _ Left _ 3",-289.006202126054,96.2181475308447,-2575.98742600511,-261.626281915363,139.186288074152,-2611.95953041602
"OPTOTRAK _ P89 _ Left _ 3",-290.171985021436,97.0590418575829,-2577.35138807891,-261.571225328498,143.973883352334,-2614.50904792955
"OPTOTRAK _ P89 _ Left _ 3",-291.228380631663,97.8893453673694,-2578.55028245213,-261.590583437901,148.301553774518,-2616.51749288096
"OPTOTRAK _ P89 _ Left _ 3",-292.144164026824,98.6851925148411,-2579.58063394253,-261.643338213083,152.117695568815,-2618.07628240306
"OPTOTRAK _ P89 _ Left _ 3",-292.885279610098,99.4285922147026,-2580.43990766822,-261.691883065306,155.368447818562,-2619.29563751404
"OPTOTRAK _ P89 _ Left _ 3",-293.415974368957,100.105563718056,-2581.11893137896,-261.70119147085,157.973336081683,-2620.26794405892
"OPTOTRAK _ P89 _ Left _ 3",-293.703795511051,100.70119554959,-2581.59808363794,-261.638420253632,159.814318561893,-2621.03453887647
"OPTOTRAK _ P89 _ Left _ 3",-293.726345436699,101.194629365904,-2581.84853563883,-261.475665370452,160.74147394637,-2621.56379804476
"OPTOTRAK _ P89 _ Left _ 3",-293.476895929497,101.557067750935,-2581.83789250098,-261.197544363116,160.593326551732,-2621.74618322822
"OPTOTRAK _ P89 _ Left _ 3",-292.966506934229,101.75450924181,-2581.53798214057,-260.812762870845,159.226550677374,-2621.40860959865
"OPTOTRAK _ P89 _ Left _ 3",-292.221855142563,101.754579560213,-2580.93185206389,-260.365662812118,156.548775488543,-2620.34641825676
"OPTOTRAK _ P89 _ Left _ 3",-291.279904026445,101.534575973067,-2580.01752675397,-259.941505613821,152.548517329239,-2618.36706881991
"OPTOTRAK _ P89 _ Left _ 3",-290.181960414805,101.086907520645,-2578.80760303001,-259.659545938439,147.316778111367,-2615.33652557885
"OPTOTRAK _ P89 _ Left _ 3",-288.969742886183,100.419296546964,-2577.32569214001,-259.651529795634,141.055238125388,-2611.2182175869
"OPTOTRAK _ P89 _ Left _ 3",-287.684691203936,99.5499791471427,-2575.60218147691,-260.029214458844,134.06698557685,-2606.09582540829
"OPTOTRAK _ P89 _ Left _ 3",-286.369712361418,98.5010510114491,-2573.6720929727,-260.850394417611,126.728401272547,-2600.17460786842
"OPTOTRAK _ P89 _ Left _ 3",-285.071129213204,97.294266014834,-2571.57675791936,-262.095697320058,119.445255395945,-2593.76055473711
"OPTOTRAK _ P89 _ Left _ 3",-283.838525053437,95.952287272011,-2569.36897349446,-263.666067119235,112.600930869664,-2587.22123646489
"OPTOTRAK _ P89 _ Left _ 3",-282.72140931369,94.5052517911657,-2567.119091738,-265.403642456599,106.50791371712,-2580.93606205407
"OPTOTRAK _ P89 _ Left _ 3",-281.763514442804,92.9990760280976,-2564.91816928272,-267.129409322061,101.373783130267,-2575.246335365
"OPTOTRAK _ P89 _ Left _ 3",-280.997074793304,91.5000325044246,-2562.87470406321,-268.683809638919,97.2896306218863,-2570.4163828836
"OPTOTRAK _ P89 _ Left _ 3",-280.439669915928,90.0911451451738,-2561.10371707295,-269.955286019569,94.2430243795481,-2566.61493139107
"OPTOTRAK _ P89 _ Left _ 3",-280.094872277986,88.8597803445559,-2559.71014752571,-270.887622593991,92.1510187251851,-2563.92013004159
"OPTOTRAK _ P89 _ Left _ 3",-279.955851251223,87.8804390460033,-2558.77120190587,-271.466923872055,90.9034147330518,-2562.34359429603
"OPTOTRAK _ P89 _ Left _ 3",-280.009628398978,87.1994498870931,-2558.32310950837,-271.697829252514,90.4042316346397,-2561.86213891161
"OPTOTRAK _ P89 _ Left _ 3",-280.239716288833,86.8275649013381,-2558.35635544825,-271.582039456655,90.6006165064199,-2562.44369136248
"OPTOTRAK _ P89 _ Left _ 3",-280.626225434627,86.7430039318015,-2558.82062701917,-271.109697463525,91.4924419464604,-2564.05711440791
"OPTOTRAK _ P89 _ Left _ 3",-281.144281275776,86.9031864003511,-2559.63765316719,-270.267452117325,93.1213878114753,-2566.66290911982
"OPTOTRAK _ P89 _ Left _ 3",-281.76274182483,87.260144870973,-2560.71789718936,-269.05900365926,95.5441057956413,-2570.19034531007
"OPTOTRAK _ P89 _ Left _ 3",-282.445138208541,87.7736521149471,-2561.97628084983,-267.527719868802,98.7987161012489,-2574.51326806101
"OPTOTRAK _ P89 _ Left _ 3",-283.153545568971,88.4176861185531,-2563.34295187285,-265.769374304941,102.875844156015,-2579.43858733886
"OPTOTRAK _ P89 _ Left _ 3",-283.854464220951,89.1791926557084,-2564.76727338558,-263.927416438193,107.703558963114,-2584.71666847819
"OPTOTRAK _ P89 _ Left _ 3",-284.52476376353,90.0514513410641,-2566.21586445494,-262.171425203771,113.150234707558,-2590.07311487615
"OPTOTRAK _ P89 _ Left _ 3",-285.155932456544,91.0259709324717,-2567.66747837871,-260.666756665505,119.042823305228,-2595.25177108104
"OPTOTRAK _ P89 _ Left _ 3",-285.755954544161,92.0862202330065,-2569.10790568763,-259.545754346772,125.193438257009,-2600.05448877931
"OPTOTRAK _ P89 _ Left _ 3",-286.349016835129,93.2046893716938,-2570.52692432289,-258.887972860194,131.426030185987,-2604.36581175238
"OPTOTRAK _ P89 _ Left _ 3",-286.973045532171,94.3433353257843,-2571.91742558607,-258.711789907245,137.596107665377,-2608.15728831479
"OPTOTRAK _ P89 _ Left _ 3",-287.674095701262,95.4570751561282,-2573.27535145233,-258.975921502716,143.597948578551,-2611.47246251202
"OPTOTRAK _ P89 _ Left _ 3",-288.496211355305,96.5000731631315,-2574.59872277522,-259.588060116923,149.355372626094,-2614.39759584202
"OPTOTRAK _ P89 _ Left _ 3",-289.466681710328,97.4341673657931,-2575.88478035874,-260.418503883079,154.795497297611,-2617.02491912837
"OPTOTRAK _ P89 _ Left _ 3",-290.57938305821,98.2376617790135,-2577.12545550108,-261.317864580062,159.810847653074,-2619.41553611803
"OPTOTRAK _ P89 _ Left _ 3",-291.781534184123,98.9115741650441,-2578.30231956639,-262.138572491382,164.222009200786,-2621.56867546922
"OPTOTRAK _ P89 _ Left _ 3",-292.969938567237,99.4802092617794,-2579.38249507619,-262.759313849763,167.75709812949,-2623.40320863139
"OPTOTRAK _ P89 _ Left _ 3",-294.000832578962,99.9840836398753,-2580.31683470199,-263.109706545208,170.062515049809,-2624.75615085898
"OPTOTRAK _ P89 _ Left _ 3",-294.713377924421,100.465570718287,-2581.04127412686,-263.190112156101,170.751036473403,-2625.40074741535
"OPTOTRAK _ P89 _ Left _ 3",-294.96221331968,100.950455816739,-2581.48183486454,-263.079874936359,169.480658459922,-2625.08339834901
"OPTOTRAK _ P89 _ Left _ 3",-294.651089203786,101.430862727128,-2581.56326730339,-262.928025908844,166.045328757287,-2623.57444584457
"OPTOTRAK _ P89 _ Left _ 3",-293.75863961932,101.855709814778,-2581.22065141663,-262.924355865131,160.451684943214,-2620.72363291614
"OPTOTRAK _ P89 _ Left _ 3",-292.349059733386,102.133392176786,-2580.41240362082,-263.255037946264,152.957296036199,-2616.50805381146
"OPTOTRAK _ P89 _ Left _ 3",-290.564265541562,102.147986798688,-2579.13227492025,-264.053572076498,144.055677109325,-2611.06009731649
"OPTOTRAK _ P89 _ Left _ 3",-288.598882554425,101.785982596541,-2577.41741046147,-265.361845404652,134.408313249858,-2604.66631522355
"OPTOTRAK _ P89 _ Left _ 3",-286.663877862123,100.966789840852,-2575.34976386589,-267.114862945238,124.739128640935,-2597.73503594417
"OPTOTRAK _ P89 _ Left _ 3",-284.947700664604,99.668363879167,-2573.04939384411,-269.155287733759,115.717539310251,-2590.73901646345
"OPTOTRAK _ P89 _ Left _ 3",-283.584561900976,97.9399688154699,-2570.66028251587,-271.272726026207,107.859336481494,-2584.14696532973
"OPTOTRAK _ P89 _ Left _ 3",-282.637514665056,95.8975321400638,-2568.33164490165,-273.253014805114,101.469240700147,-2578.36187012198
"OPTOTRAK _ P89 _ Left _ 3",-282.099628243303,93.702415226266,-2566.19931908303,-274.91986959632,96.6364534887656,-2573.68227453484
"OPTOTRAK _ P89 _ Left _ 3",-281.911131078,91.5298769892492,-2564.37192254963,-276.156656936548,93.278624375167,-2570.29394409034
"OPTOTRAK _ P89 _ Left _ 3",-281.985938916927,89.5366789394221,-2562.92470560364,-276.906350032198,91.2156694961653,-2568.28667452252
"OPTOTRAK _ P89 _ Left _ 3",-282.239122707246,87.8367746862587,-2561.90100751184,-277.157062581162,90.2478077697127,-2567.68090660334
"OPTOTRAK _ P89 _ Left _ 3",-282.607924609935,86.4904103629392,-2561.31838715378,-276.924653892452,90.2142270920897,-2568.44701228193
"OPTOTRAK _ P89 _ Left _ 3",-283.061923974378,85.5071627232266,-2561.17529561919,-276.241979243064,91.0184318938986,-2570.50737654397
"OPTOTRAK _ P89 _ Left _ 3",-283.601491933319,84.8593526418875,-2561.45497542849,-275.158351764031,92.6194787145716,-2573.723609941
"OPTOTRAK _ P89 _ Left _ 3",-284.246711599448,84.4999859784409,-2562.12538865352,-273.745860047977,95.0002128754094,-2577.88203844034
"OPTOTRAK _ P89 _ Left _ 3",-285.020956197703,84.3792574699522,-2563.13631263536,-272.104780499044,98.1301785095959,-2582.69419452098
"OPTOTRAK _ P89 _ Left _ 3",-285.934134558348,84.4555292436546,-2564.41646576773,-270.360866878973,101.93980650748,-2587.82271883971
"OPTOTRAK _ P89 _ Left _ 3",-286.970341398009,84.6996916651094,-2565.87411288409,-268.652436463979,106.314630468156,-2592.92967727091
"OPTOTRAK _ P89 _ Left _ 3",-288.083637013762,85.0943794250284,-2567.40374616531,-267.111298174028,111.107931388275,-2597.73152924563
"OPTOTRAK _ P89 _ Left _ 3",-289.204137347163,85.6303230579825,-2568.89921477126,-265.844438474319,116.162924807899,-2602.04064740927
"OPTOTRAK _ P89 _ Left _ 3",-290.254245900459,86.301270346149,-2570.27076060757,-264.92174927106,121.334452247394,-2605.77957759961
"OPTOTRAK _ P89 _ Left _ 3",-291.171462079518,87.0979048545204,-2571.46102441951,-264.371281765085,126.50384305724,-2608.96663033409
"OPTOTRAK _ P89 _ Left _ 3",-291.930601332624,88.0013756505039,-2572.45448538013,-264.180631228668,131.585297174297,-2611.68265698994
"OPTOTRAK _ P89 _ Left _ 3",-292.556474840697,88.9783203546011,-2573.27657809091,-264.302306319276,136.524654426797,-2614.03371613489
"OPTOTRAK _ P89 _ Left _ 3",-293.11991087652,89.9802455042029,-2573.982302112,-264.661522894334,141.291288081906,-2616.12172044234
"OPTOTRAK _ P89 _ Left _ 3",-293.715554436011,90.9494921216381,-2574.637939889,-265.165508842936,145.862909496277,-2618.02783251718
"OPTOTRAK _ P89 _ Left _ 3",-294.427173319193,91.8315445617718,-2575.30181183094,-265.71360170516,150.203553404128,-2619.805903007
"OPTOTRAK _ P89 _ Left _ 3",-295.291981825485,92.5902274329336,-2576.00979338421,-266.207516469726,154.237763774974,-2621.47940515579
"OPTOTRAK _ P89 _ Left _ 3",-296.276823344422,93.2201346389093,-2576.76875737173,-266.561589569349,157.827824703085,-2623.03633672671
"OPTOTRAK _ P89 _ Left _ 3",-297.275023851382,93.75079368843,-2577.5575383295,-266.713346337375,160.763414423734,-2624.42090670784
"OPTOTRAK _ P89 _ Left _ 3",-298.125241740968,94.239664846483,-2578.33231977868,-266.634603452899,162.772179878557,-2625.52552506277
"OPTOTRAK _ P89 _ Left _ 3",-298.646278301664,94.7549081834617,-2579.03276382687,-266.341957910744,163.554644404927,-2626.18906682443
"OPTOTRAK _ P89 _ Left _ 3",-298.677557135811,95.3522880455162,-2579.5866043674,-265.903354262839,162.838745028121,-2626.2066008045
"OPTOTRAK _ P89 _ Left _ 3",-298.114695495284,96.0524996557333,-2579.91264177758,-265.435847616383,160.441314858691,-2625.35252640423
"OPTOTRAK _ P89 _ Left _ 3",-296.932251095482,96.825318664626,-2579.92383015862,-265.090292180335,156.319945162626,-2623.41513094313
"OPTOTRAK _ P89 _ Left _ 3",-295.189621232356,97.5856148329034,-2579.53270172256,-265.022242544385,150.60117673414,-2620.23758183717
"OPTOTRAK _ P89 _ Left _ 3",-293.019838360143,98.2039583047733,-2578.66069116238,-265.353964675883,143.578487688997,-2615.75871480376
"OPTOTRAK _ P89 _ Left _ 3",-290.604105461031,98.5316436983785,-2577.25148822904,-266.137667661558,135.681800551398,-2610.04591867071
"OPTOTRAK _ P89 _ Left _ 3",-288.137474797451,98.4365119409419,-2575.28694238436,-267.332129074601,127.425617538984,-2603.31151801053
"OPTOTRAK _ P89 _ Left _ 3",-285.793199860211,97.8421031420463,-2572.80259017966,-268.802310887674,119.345098693088,-2595.90466931837
"OPTOTRAK _ P89 _ Left _ 3",-283.694377879981,96.75941749387,-2569.89870208382,-270.344794785285,111.930326906674,-2588.27532405498
"OPTOTRAK _ P89 _ Left _ 3",-281.900409719827,95.2998363521863,-2566.74220913262,-271.732956573129,105.569718679356,-2580.9157239589
"OPTOTRAK _ P89 _ Left _ 3",-280.411903575086,93.6613461919245,-2563.55571242668,-272.768043652628,100.512978626658,-2574.29430487815
"OPTOTRAK _ P89 _ Left _ 3",-279.19175551309,92.0881337118173,-2560.59253279575,-273.319567973756,96.8605406170792,-2568.80041848161
"OPTOTRAK _ P89 _ Left _ 3",-278.194499173276,90.8133134952834,-2558.10093105844,-273.342834520639,94.5802378053492,-2564.71270722299
"OPTOTRAK _ P89 _ Left _ 3",-277.393208099551,90.0017510416371,-2556.28469032961,-272.871081072192,93.545333118109,-2562.192821255
"OPTOTRAK _ P89 _ Left _ 3",-276.794631664351,89.7110521205348,-2555.26945899579,-271.989511714983,93.5835775641873,-2561.29663879214
"OPTOTRAK _ P89 _ Left _ 3",-276.438160283458,89.8830059181239,-2555.08350383231,-270.80388836548,94.5255350661303,-2561.99187889838
"OPTOTRAK _ P89 _ Left _ 3",-276.380394640051,90.3674400913453,-2555.65783325927,-269.415765934306,96.2415341494284,-2564.17364958317
"OPTOTRAK _ P89 _ Left _ 3",-276.67205151608,90.9696484382045,-2556.84520712645,-267.911211575467,98.6597073641673,-2567.67489920486
"OPTOTRAK _ P89 _ Left _ 3",-277.336031222428,91.5052580080512,-2558.45226159443,-266.362825411824,101.76224315337,-2572.2736443344
"OPTOTRAK _ P89 _ Left _ 3",-278.354264989046,91.845155960845,-2560.2757668931,-264.839330838394,105.562389758585,-2577.70117225924
"OPTOTRAK _ P89 _ Left _ 3",-279.667214739204,91.9381468250463,-2562.13409541866,-263.41508336765,110.069670436209,-2583.65488235954
"OPTOTRAK _ P89 _ Left _ 3",-281.185310691565,91.8079858648113,-2563.88810028474,-262.173525347229,115.254039158908,-2589.81727119613
"OPTOTRAK _ P89 _ Left _ 3",-282.808045205827,91.5303334024637,-2565.45008342877,-261.20212560595,121.020464709732,-2595.88029476222
"OPTOTRAK _ P89 _ Left _ 3",-284.444864278957,91.2005511206503,-2566.78309937809,-260.579843732213,127.202939302704,-2601.57260580407
"OPTOTRAK _ P89 _ Left _ 3",-286.032162496705,90.9038611895902,-2567.89405481415,-260.360733536585,133.580949896805,-2606.68582564936
"OPTOTRAK _ P89 _ Left _ 3",-287.541898814296,90.6960747212613,-2568.8230808067,-260.558634718683,139.913330199921,-2611.09498933163
"OPTOTRAK _ P89 _ Left _ 3",-288.979343683764,90.597795941579,-2569.62995439404,-261.137753119451,145.977137952453,-2614.76793293775
"OPTOTRAK _ P89 _ Left _ 3",-290.370295113615,90.5998599877618,-2570.37766244283,-262.012266588336,151.596185537874,-2617.75913120643
"OPTOTRAK _ P89 _ Left _ 3",-291.741324135646,90.6745916535832,-2571.11428366262,-263.055482046766,156.647097667206,-2620.18571132123
"OPTOTRAK _ P89 _ Left _ 3",-293.099038873231,90.7872395971256,-2571.85649114418,-264.116630154952,161.039684038315,-2622.18723073668
"OPTOTRAK _ P89 _ Left _ 3",-294.414825224464,90.9042413678338,-2572.57958075329,-265.042164858367,164.679659886006,-2623.8758434247
"OPTOTRAK _ P89 _ Left _ 3",-295.619805403301,90.998166037149,-2573.21864916114,-265.698617510548,167.43042791574,-2625.28820742823
"OPTOTRAK _ P89 _ Left _ 3",-296.611634426387,91.0513301483219,-2573.68288254571,-265.99474197613,169.092661450786,-2626.35279477997
"OPTOTRAK _ P89 _ Left _ 3",-297.271398336687,91.0600888446781,-2573.88046550633,-265.900660083737,169.414802462457,-2626.88450182643
"OPTOTRAK _ P89 _ Left _ 3",-297.486317669175,91.0398720560068,-2573.74701025652,-265.460589223155,168.136945402278,-2626.61246967073
"OPTOTRAK _ P89 _ Left _ 3",-297.172868607741,91.0284170961445,-2573.26777881398,-264.794434706766,165.059411041438,-2625.23836587318
"OPTOTRAK _ P89 _ Left _ 3",-296.295428616286,91.0830749854653,-2572.4849552838,-264.083691268756,160.119126543224,-2622.51353755334
"OPTOTRAK _ P89 _ Left _ 3",-294.87707935973,91.2689856370358,-2571.48599215155,-263.539921603437,153.452738234764,-2618.31677340872
"OPTOTRAK _ P89 _ Left _ 3",-293.000881130762,91.6385561675538,-2570.37603261838,-263.359508308345,145.425011708753,-2612.7116450962
"OPTOTRAK _ P89 _ Left _ 3",-290.80127740645,92.2075462673678,-2569.24383844668,-263.674851927195,136.605533980198,-2605.96482967544
"OPTOTRAK _ P89 _ Left _ 3",-288.446542965308,92.9365730967606,-2568.1337714576,-264.516867851071,127.68824725636,-2598.51529903526
"OPTOTRAK _ P89 _ Left _ 3",-286.114840613024,93.7268114217178,-2567.03473301412,-265.803211379786,119.366896742079,-2590.89829613936
"OPTOTRAK _ P89 _ Left _ 3",-283.96835944459,94.434633827029,-2565.89109058951,-267.359183685237,112.19926655298,-2583.64417360682
"OPTOTRAK _ P89 _ Left _ 3",-282.131213934535,94.9034373739256,-2564.63274248132,-268.965533322604,106.503616161319,-2577.18365296562
"OPTOTRAK _ P89 _ Left _ 3",-280.676270654391,95.004534710975,-2563.21448677493,-270.415605872829,102.323433156237,-2571.79052891162
"OPTOTRAK _ P89 _ Left _ 3",-279.623687851855,94.6750839105384,-2561.65112748066,-271.560710475281,99.4721144085226,-2567.57801669683
"OPTOTRAK _ P89 _ Left _ 3",-278.950627632572,93.9408668464557,-2560.0354171115,-272.329428522464,97.6386640082528,-2564.54228458431
"OPTOTRAK _ P89 _ Left _ 3",-278.608648476356,92.9155478654201,-2558.53094391092,-272.719160083183,96.5139772414284,-2562.62817397729
"OPTOTRAK _ P89 _ Left _ 3",-278.54356929629,91.775113564648,-2557.3401757339,-272.76915229433,95.8939860473643,-2561.78676413892
"OPTOTRAK _ P89 _ Left _ 3",-278.712323131728,90.7144230104083,-2556.65649915844,-272.529123451039,95.7296140155799,-2562.00287403465
"OPTOTRAK _ P89 _ Left _ 3",-279.092354861307,89.8990401077681,-2556.61492143693,-272.036134332761,96.1154183067348,-2563.2864316468
"OPTOTRAK _ P89 _ Left _ 3",-279.681200877738,89.4270963433653,-2557.25661126197,-271.30673006254,97.2292641677505,-2565.63690161262
"OPTOTRAK _ P89 _ Left _ 3",-280.486642162268,89.3121807221937,-2558.51742349655,-270.344423540419,99.2481289767701,-2568.99917903548
"OPTOTRAK _ P89 _ Left _ 3",-281.510722560897,89.4908339799891,-2560.24235076518,-269.156898913554,102.268336394209,-2573.2307832529
"OPTOTRAK _ P89 _ Left _ 3",-282.733244052197,89.8501556338208,-2562.22007217248,-267.774550152422,106.253556775637,-2578.09492874149
"OPTOTRAK _ P89 _ Left _ 3",-284.101174992312,90.2652301789343,-2564.22713722525,-266.262513733663,111.02355971726,-2583.28449388219
"OPTOTRAK _ P89 _ Left _ 3",-285.528938741317,90.6342636744882,-2566.07045398918,-264.721439447423,116.283947846594,-2588.47079083142
"OPTOTRAK _ P89 _ Left _ 3",-286.910744264532,90.9016799567859,-2567.61870980318,-263.276422291936,121.685060887808,-2593.3616506183
"OPTOTRAK _ P89 _ Left _ 3",-288.141248113638,91.0647142012076,-2568.81694629475,-262.057169363314,126.890409015279,-2597.74942282371
"OPTOTRAK _ P89 _ Left _ 3",-289.137216933227,91.1649928834964,-2569.6829216901,-261.174466242696,131.634218896457,-2601.53341347861
"OPTOTRAK _ P89 _ Left _ 3",-289.852487963945,91.2708516623043,-2570.28837144096,-260.69827838435,135.754121416096,-2604.71171150518
"OPTOTRAK _ P89 _ Left _ 3",-290.281599300971,91.4574546466186,-2570.73175273919,-260.642133281759,139.195401334962,-2607.34930559214
"OPTOTRAK _ P89 _ Left _ 3",-290.452199665672,91.7904512156758,-2571.11044487345,-260.95737144493,141.992652470379,-2609.53720387751
"OPTOTRAK _ P89 _ Left _ 3",-290.4102809874,92.3162549451043,-2571.49928383161,-261.539321218218,144.239481649343,-2611.35789664125
"OPTOTRAK _ P89 _ Left _ 3",-290.203829817235,93.059382584515,-2571.9393508772,-262.245121333024,146.056355436187,-2612.86676523736
"OPTOTRAK _ P89 _ Left _ 3",-289.86965542904,94.0253752014919,-2572.43738017379,-262.920018589393,147.562680021124,-2614.09050653642
"OPTOTRAK _ P89 _ Left _ 3",-289.426041753794,95.2067491955757,-2572.97325716778,-263.42645239756,148.85471445091,-2615.03641717894
"OPTOTRAK _ P89 _ Left _ 3",-288.871773197923,96.5890288911271,-2573.5115621155,-263.669221908598,149.988304006895,-2615.7032123798
"OPTOTRAK _ P89 _ Left _ 3",-288.190712357779,98.1540880658494,-2574.0130100333,-263.611110609611,150.965489729432,-2616.08554712811
"OPTOTRAK _ P89 _ Left _ 3",-287.360464468067,99.8788265949977,-2574.44257830811,-263.276222851173,151.726073024759,-2616.16930579133
"OPTOTRAK _ P89 _ Left _ 3",-286.363386130492,101.728711142402,-2574.77269015256,-262.741864707117,152.147492646476,-2615.92065731427
"OPTOTRAK _ P89 _ Left _ 3",-285.197950478683,103.647791053796,-2574.98169943567,-262.122631013949,152.056960215346,-2615.2761968636
"OPTOTRAK _ P89 _ Left _ 3",-283.888167649343,105.548952463233,-2575.04966313563,-261.55134388234,151.257536327121,-2614.14226260581
"OPTOTRAK _ P89 _ Left _ 3",-282.488556348315,107.309533162788,-2574.95440314778,-261.160477446124,149.565397178421,-2612.40838585496
"OPTOTRAK _ P89 _ Left _ 3",-281.082443010749,108.777099199139,-2574.67068146987,-261.065616198488,146.851340971809,-2609.97428725133
"OPTOTRAK _ P89 _ Left _ 3",-279.772470672687,109.787757511242,-2574.17392675647,-261.350815664479,143.07786782457,-2606.78431997664
"OPTOTRAK _ P89 _ Left _ 3",-278.664162515391,110.195260799573,-2573.44788392828,-262.055647250699,138.324159418185,-2602.85984998712
"OPTOTRAK _ P89 _ Left _ 3",-277.84578836759,109.904620896907,-2572.49370383131,-263.165308851754,132.793431748989,-2598.31962797813
"OPTOTRAK _ P89 _ Left _ 3",-277.369821479898,108.900734972547,-2571.33721859923,-264.607277527154,126.799198402682,-2593.38056659293
"OPTOTRAK _ P89 _ Left _ 3",-277.241948630994,107.262236933027,-2570.03180980708,-266.258685508976,120.729476339981,-2588.33588481667
"OPTOTRAK _ P89 _ Left _ 3",-277.42207152261,105.154150567188,-2568.65590056513,-267.966453323752,114.992302067481,-2583.51364321091
"OPTOTRAK _ P89 _ Left _ 3",-277.837942584297,102.799287464146,-2567.30571944469,-269.577334895637,109.952157469285,-2579.22507039704
"OPTOTRAK _ P89 _ Left _ 3",-278.407241822546,100.435553158793,-2566.08488221933,-270.969687724664,105.872371895045,-2575.71633792886
"OPTOTRAK _ P89 _ Left _ 3",-279.060270998162,98.2713722026002,-2565.09245466666,-272.076433741459,102.879184527427,-2573.13665089057
"OPTOTRAK _ P89 _ Left _ 3",-279.755018755966,96.451858554514,-2564.41082894773,-272.891444262924,100.956869786314,-2571.52901051725
"OPTOTRAK _ P89 _ Left _ 3",-280.47953351624,95.0438891606758,-2564.09440454631,-273.45826470439,99.9726277373491,-2570.84114453035
"OPTOTRAK _ P89 _ Left _ 3",-281.241836815471,94.0411999305292,-2564.16015589488,-273.846990980894,99.7203812333482,-2570.94807362627
"OPTOTRAK _ P89 _ Left _ 3",-282.052591484366,93.3843316195796,-2564.58182676762,-274.128815457867,99.968676007002,-2571.67731797743
"OPTOTRAK _ P89 _ Left _ 3",-282.908333502175,92.9869773423243,-2565.29015810995,-274.357082243131,100.500229190502,-2572.83151710437
"OPTOTRAK _ P89 _ Left _ 3",-283.782345884696,92.7604660882558,-2566.18120942186,-274.559614258731,101.136805832493,-2574.20780986037
"OPTOTRAK _ P89 _ Left _ 3",-284.62662529364,92.6308388961121,-2567.13285210308,-274.741831538274,101.749502896468,-2575.61580199204
"OPTOTRAK _ P89 _ Left _ 3",-285.383505733951,92.546686608021,-2568.02641449851,-274.896226825929,102.258467347068,-2576.8952840998
