"fileName","thumb_y","thumb_x","thumb_z","finger_y","finger_x","finger_z"
"OPTOTRAK _ P83 _ Left _ 3",-175.074879628201,102.772507855284,-2480.55141165968,-100.490332324831,148.606404369212,-2493.98728087782
"OPTOTRAK _ P83 _ Left _ 3",-175.080950720353,102.745573226283,-2480.55896097384,-100.494477343274,148.564313129445,-2493.98498073008
"OPTOTRAK _ P83 _ Left _ 3",-175.086182145662,102.716097303898,-2480.56294335387,-100.498099559461,148.516121172475,-2493.97579643339
"OPTOTRAK _ P83 _ Left _ 3",-175.088731233007,102.688528710521,-2480.56184285642,-100.500458451195,148.467299085528,-2493.95875349067
"OPTOTRAK _ P83 _ Left _ 3",-175.086564446122,102.668097795013,-2480.55530168074,-100.500891877048,148.424273013091,-2493.93410717902
"OPTOTRAK _ P83 _ Left _ 3",-175.07777070281,102.659982390465,-2480.54453308954,-100.49892086077,148.393270085695,-2493.90333955908
"OPTOTRAK _ P83 _ Left _ 3",-175.060872220216,102.668415437092,-2480.53231373931,-100.494305012511,148.379149813277,-2493.86876955009
"OPTOTRAK _ P83 _ Left _ 3",-175.035056486873,102.695925294288,-2480.52247513866,-100.487043951081,148.384491561722,-2493.83289202166
"OPTOTRAK _ P83 _ Left _ 3",-175.000283176211,102.742863001162,-2480.51898468457,-100.477338079932,148.409126904452,-2493.79767860117
"OPTOTRAK _ P83 _ Left _ 3",-174.957269285621,102.807293588086,-2480.52485867349,-100.465529311974,148.450187761992,-2493.76408546888
"OPTOTRAK _ P83 _ Left _ 3",-174.907396059993,102.885240675674,-2480.54122694328,-100.452041291331,148.502624525164,-2493.73192230434
"OPTOTRAK _ P83 _ Left _ 3",-174.852588977175,102.971206696992,-2480.5668426052,-100.437335042678,148.560056043439,-2493.70009639227
"OPTOTRAK _ P83 _ Left _ 3",-174.795197349072,103.058859823762,-2480.59820682046,-100.421891428895,148.615757498756,-2493.66712105023
"OPTOTRAK _ P83 _ Left _ 3",-174.737863707933,103.141779445631,-2480.63029898138,-100.406225755065,148.663578899335,-2493.63170400548
"OPTOTRAK _ P83 _ Left _ 3",-174.683349298035,103.214172509727,-2480.65772705685,-100.390931466083,148.698618204854,-2493.59321561649
"OPTOTRAK _ P83 _ Left _ 3",-174.634287127206,103.271495566262,-2480.67599793361,-100.376737516228,148.7175451434,-2493.55187773844
"OPTOTRAK _ P83 _ Left _ 3",-174.592872625992,103.310923449267,-2480.68258360577,-100.364549941713,148.718569071419,-2493.50860912522
"OPTOTRAK _ P83 _ Left _ 3",-174.560557695715,103.331594203223,-2480.67751470584,-100.355441472784,148.70113970409,-2493.4645914421
"OPTOTRAK _ P83 _ Left _ 3",-174.53784769883,103.334560273168,-2480.66333658226,-100.350561799758,148.665536613973,-2493.4207330688
"OPTOTRAK _ P83 _ Left _ 3",-174.524278758895,103.322422815096,-2480.64440401622,-100.350965390071,148.612522722701,-2493.37725374945
"OPTOTRAK _ P83 _ Left _ 3",-174.518584134968,103.29871530889,-2480.62567079338,-100.357386227959,148.543195940196,-2493.33357025148
"OPTOTRAK _ P83 _ Left _ 3",-174.518991412516,103.267185401129,-2480.6113116183,-100.370016333066,148.459078570494,-2493.28855269877
"OPTOTRAK _ P83 _ Left _ 3",-174.523563308711,103.231152791092,-2480.60360774678,-100.388352605231,148.362376215865,-2493.24108693838
"OPTOTRAK _ P83 _ Left _ 3",-174.530500492175,103.193091722822,-2480.60246090401,-100.411160264745,148.256267578608,-2493.19075914439
"OPTOTRAK _ P83 _ Left _ 3",-174.538344881406,103.154524382403,-2480.60568490953,-100.436572396548,148.145073828192,-2493.13840590854
"OPTOTRAK _ P83 _ Left _ 3",-174.54604970331,103.116234129474,-2480.60995584219,-100.462317121235,148.034185629062,-2493.08627923677
"OPTOTRAK _ P83 _ Left _ 3",-174.552921399322,103.078719115965,-2480.61208623202,-100.486039651632,147.929678482022,-2493.03768185477
"OPTOTRAK _ P83 _ Left _ 3",-174.558481373651,103.042719244115,-2480.61018831309,-100.505665812684,147.837615343976,-2492.99611416066
"OPTOTRAK _ P83 _ Left _ 3",-174.562322177133,103.009596995014,-2480.60432871873,-100.519740715774,147.763114977645,-2492.96417356365
"OPTOTRAK _ P83 _ Left _ 3",-174.564025575169,102.981380233938,-2480.5964524867,-100.527673688294,147.709349978125,-2492.94257017842
"OPTOTRAK _ P83 _ Left _ 3",-174.563169820346,102.960399852451,-2480.58961910508,-100.52982753248,147.676717763445,-2492.92960252098
"OPTOTRAK _ P83 _ Left _ 3",-174.559400599698,102.948631674248,-2480.58683561983,-100.527410679616,147.662463229881,-2492.92127442123
"OPTOTRAK _ P83 _ Left _ 3",-174.552504094299,102.946987859321,-2480.58988029022,-100.522171590158,147.660968133838,-2492.91200682459
"OPTOTRAK _ P83 _ Left _ 3",-174.542423181338,102.954826788888,-2480.59846154044,-100.515951716822,147.664742861821,-2492.89571087787
"OPTOTRAK _ P83 _ Left _ 3",-174.529197677421,102.969864834992,-2480.60992178596,-100.510205584072,147.665926768725,-2492.86691310685
"OPTOTRAK _ P83 _ Left _ 3",-174.512860904767,102.988538017844,-2480.61955831813,-100.505618524274,147.657933777084,-2492.82166836338
"OPTOTRAK _ P83 _ Left _ 3",-174.493354487092,103.006736830244,-2480.62151975196,-100.501932382179,147.636839484665,-2492.7581200075
"OPTOTRAK _ P83 _ Left _ 3",-174.470514179986,103.020751664529,-2480.61012623684,-100.498034903757,147.602188791094,-2492.67670329968
"OPTOTRAK _ P83 _ Left _ 3",-174.444142550566,103.028219678711,-2480.58134970181,-100.492299359428,147.557060344581,-2492.58007286634
"OPTOTRAK _ P83 _ Left _ 3",-174.414145914798,103.028849551883,-2480.53411136826,-100.483096589485,147.507400630707,-2492.47283854564
"OPTOTRAK _ P83 _ Left _ 3",-174.380691035703,103.024720477479,-2480.47104822599,-100.469353773929,147.460791565383,-2492.36114224953
"OPTOTRAK _ P83 _ Left _ 3",-174.344332171812,103.020018168772,-2480.39848217032,-100.451010931968,147.424915044373,-2492.25206467409
"OPTOTRAK _ P83 _ Left _ 3",-174.306067220487,103.020189060866,-2480.32548672324,-100.429239097381,147.406017136298,-2492.15285884597
"OPTOTRAK _ P83 _ Left _ 3",-174.267302966021,103.030645836356,-2480.26216611707,-100.406341150933,147.407655083203,-2492.0700556509
"OPTOTRAK _ P83 _ Left _ 3",-174.229738019612,103.055301945836,-2480.21749572331,-100.385345955536,147.429940276169,-2492.00853531619
"OPTOTRAK _ P83 _ Left _ 3",-174.195192527097,103.09529993546,-2480.19724648675,-100.369397364663,147.469384333184,-2491.97069454277
"OPTOTRAK _ P83 _ Left _ 3",-174.165416957304,103.148285305092,-2480.20255073058,-100.361097845894,147.519337497735,-2491.9558684808
"OPTOTRAK _ P83 _ Left _ 3",-174.141905881797,103.208451912146,-2480.2295263686,-100.361974001641,147.570909880836,-2491.96017481604
"OPTOTRAK _ P83 _ Left _ 3",-174.125738618126,103.267383161344,-2480.27009477785,-100.372191930567,147.614208010153,-2491.97690020575
"OPTOTRAK _ P83 _ Left _ 3",-174.117467767986,103.315507450611,-2480.31379603009,-100.390580443543,147.639701619505,-2491.99743959985
"OPTOTRAK _ P83 _ Left _ 3",-174.117071823965,103.34384248816,-2480.35013250886,-100.414939801472,147.639541745156,-2492.01266351
"OPTOTRAK _ P83 _ Left _ 3",-174.12397731618,103.345650466992,-2480.370840951,-100.442546059476,147.608661299505,-2492.01448169552
"OPTOTRAK _ P83 _ Left _ 3",-174.137145977756,103.317660972533,-2480.37153781982,-100.470726240873,147.545498864115,-2491.99732328904
"OPTOTRAK _ P83 _ Left _ 3",-174.15521843771,103.260622426553,-2480.35238239453,-100.497381325429,147.452213576048,-2491.95925266046
"OPTOTRAK _ P83 _ Left _ 3",-174.176705825332,103.179089391041,-2480.31768267151,-100.521360042996,147.334323860847,-2491.90247290523
"OPTOTRAK _ P83 _ Left _ 3",-174.200218716819,103.080507303873,-2480.27463363586,-100.542622438573,147.199801534405,-2491.83304758268
"OPTOTRAK _ P83 _ Left _ 3",-174.224713773341,102.973786664477,-2480.23155163605,-100.562170966939,147.057760140051,-2491.75981072146
"OPTOTRAK _ P83 _ Left _ 3",-174.249717542163,102.867653356662,-2480.19603012736,-100.581765444706,146.916965870967,-2491.69261647994
"OPTOTRAK _ P83 _ Left _ 3",-174.275455895807,102.769120446793,-2480.17341085804,-100.603473468569,146.784452402312,-2491.64025621507
"OPTOTRAK _ P83 _ Left _ 3",-174.302793487576,102.68243488101,-2480.1658721501,-100.629137105461,146.664521936505,-2491.60848344962
"OPTOTRAK _ P83 _ Left _ 3",-174.332898995163,102.608778390707,-2480.1722993854,-100.659858230543,146.558348035739,-2491.59858513495
"OPTOTRAK _ P83 _ Left _ 3",-174.366618054061,102.546829070082,-2480.18892972732,-100.695615863373,146.464256465028,-2491.60681347765
"OPTOTRAK _ P83 _ Left _ 3",-174.403646298945,102.494048994936,-2480.21058041025,-100.735120271299,146.378575980369,-2491.62479737058
"OPTOTRAK _ P83 _ Left _ 3",-174.441710735918,102.448330779571,-2480.23212977051,-100.775968966825,146.296787349598,-2491.64085514121
"OPTOTRAK _ P83 _ Left _ 3",-174.476042157376,102.409499621663,-2480.24986871147,-100.815099062365,146.214630197477,-2491.6419727773
"OPTOTRAK _ P83 _ Left _ 3",-174.499421358311,102.380177637574,-2480.26238790443,-100.849449370935,146.128889982197,-2491.61610768296
"OPTOTRAK _ P83 _ Left _ 3",-174.502993567014,102.36566792278,-2480.2707865676,-100.876685261927,146.037749349949,-2491.5544339761
"OPTOTRAK _ P83 _ Left _ 3",-174.477871453503,102.372766602154,-2480.27814454898,-100.895819515189,145.940761252892,-2491.45316426324
"OPTOTRAK _ P83 _ Left _ 3",-174.417310717929,102.407714287609,-2480.28836982119,-100.907581152278,145.838600009683,-2491.31465028753
"OPTOTRAK _ P83 _ Left _ 3",-174.318996623131,102.473793225201,-2480.30470788186,-100.914429304603,145.732746740543,-2491.14755028916
"OPTOTRAK _ P83 _ Left _ 3",-174.186805029054,102.56927714144,-2480.32834109808,-100.920173880172,145.625209166915,-2490.96594042852
"OPTOTRAK _ P83 _ Left _ 3",-174.031383834789,102.686455552735,-2480.3575450028,-100.929244456977,145.518321015469,-2490.78737113406
"OPTOTRAK _ P83 _ Left _ 3",-173.869100664177,102.812231821741,-2480.38774588344,-100.945731905048,145.414636252116,-2490.6300690356
"OPTOTRAK _ P83 _ Left _ 3",-173.719318515726,102.930361381365,-2480.41253767693,-100.972397640508,145.316909644102,-2490.50974236176
"OPTOTRAK _ P83 _ Left _ 3",-173.600498988478,103.024865169619,-2480.42534567465,-101.009885255453,145.228115658304,-2490.43665335799
"OPTOTRAK _ P83 _ Left _ 3",-173.526105644793,103.083703415926,-2480.42113068041,-101.056357103244,145.151412579379,-2490.41364656849
"OPTOTRAK _ P83 _ Left _ 3",-173.501470719606,103.101625244849,-2480.39748871517,-101.107697097907,145.089948959083,-2490.4356272523
"OPTOTRAK _ P83 _ Left _ 3",-173.522572168296,103.081332879611,-2480.35478496141,-101.158277175721,145.046471016657,-2490.49064908773
"OPTOTRAK _ P83 _ Left _ 3",-173.577107050108,103.032642981888,-2480.29543309735,-101.20212132439,145.022807801072,-2490.56241266202
"OPTOTRAK _ P83 _ Left _ 3",-173.647556740502,102.969960205469,-2480.222823757,-101.234180265073,145.019411739791,-2490.63366444985
"OPTOTRAK _ P83 _ Left _ 3",-173.715363725867,102.908853422804,-2480.14049957805,-101.251395689889,145.035139246757,-2490.68974822149
"OPTOTRAK _ P83 _ Left _ 3",-173.765056852917,102.862703266038,-2480.05194374566,-101.253290371493,145.06736071947,-2490.72145969073
"OPTOTRAK _ P83 _ Left _ 3",-173.787248566289,102.840256035143,-2479.96094760837,-101.241948724463,145.112352922952,-2490.72648655338
"OPTOTRAK _ P83 _ Left _ 3",-173.779839276134,102.844554908798,-2479.87216437301,-101.221418475966,145.165824960886,-2490.70909775568
"OPTOTRAK _ P83 _ Left _ 3",-173.747339673874,102.873269478629,-2479.79131415329,-101.196720222531,145.22340499236,-2490.67825105393
"OPTOTRAK _ P83 _ Left _ 3",-173.698752445462,102.920067796357,-2479.72465715062,-101.172744785507,145.280966333507,-2490.64472414511
"OPTOTRAK _ P83 _ Left _ 3",-173.644778839317,102.976478232896,-2479.67772718122,-101.153319197208,145.334759441468,-2490.61810163302
"OPTOTRAK _ P83 _ Left _ 3",-173.595170469865,103.033690162152,-2479.65371497354,-101.140643439524,145.38138844231,-2490.60441937585
"OPTOTRAK _ P83 _ Left _ 3",-173.556863014473,103.083893109998,-2479.65209779097,-101.135183219572,145.417694185959,-2490.60500684903
"OPTOTRAK _ P83 _ Left _ 3",-173.533199268886,103.120976907181,-2479.66804873693,-101.135988883194,145.440587648832,-2490.61666723644
"OPTOTRAK _ P83 _ Left _ 3",-173.52419601592,103.140633153469,-2479.6929010608,-101.141317326824,145.446856084592,-2490.63293161436
"OPTOTRAK _ P83 _ Left _ 3",-173.527542866864,103.140049608422,-2479.71562669215,-101.149372172914,145.432971675175,-2490.64585834175
"OPTOTRAK _ P83 _ Left _ 3",-173.539902791036,103.117446021824,-2479.72501494878,-101.15895974533,145.394966902796,-2490.64780281312
"OPTOTRAK _ P83 _ Left _ 3",-173.558109726535,103.071672354254,-2479.71205461072,-101.169893845632,145.328473058884,-2490.6327406245
"OPTOTRAK _ P83 _ Left _ 3",-173.579979080051,103.002011135622,-2479.67195757784,-101.18306380719,145.229015642474,-2490.59698771964
"OPTOTRAK _ P83 _ Left _ 3",-173.604604438584,102.908229837605,-2479.60533196715,-101.200181613334,145.092608133901,-2490.53939107302
"OPTOTRAK _ P83 _ Left _ 3",-173.6321683116,102.790840775428,-2479.51820467224,-101.223311081638,144.91659487035,-2490.46117207115
"OPTOTRAK _ P83 _ Left _ 3",-173.663422929833,102.651456594384,-2479.42086293231,-101.254329622659,144.700593349192,-2490.36559047986
"OPTOTRAK _ P83 _ Left _ 3",-173.699077002766,102.493085895915,-2479.32576599831,-101.294473419473,144.447306667508,-2490.25752956864
"OPTOTRAK _ P83 _ Left _ 3",-173.739330083966,102.320209711662,-2479.24499794564,-101.344077622652,144.162945271087,-2490.14305369511
"OPTOTRAK _ P83 _ Left _ 3",-173.783715947728,102.138532318524,-2479.18783377445,-101.402556399104,143.857043410664,-2490.02896643866
"OPTOTRAK _ P83 _ Left _ 3",-173.831273568615,101.954409360265,-2479.15895959646,-101.46858747664,143.54159678286,-2489.92235727319
"OPTOTRAK _ P83 _ Left _ 3",-173.880915142761,101.774089663274,-2479.15774274326,-101.540395577904,143.229653311752,-2489.83006058174
"OPTOTRAK _ P83 _ Left _ 3",-173.931768897344,101.603005032189,-2479.17870931699,-101.615999333455,142.933677493361,-2489.7579331007
"OPTOTRAK _ P83 _ Left _ 3",-173.98328479245,101.445345244639,-2479.21308123557,-101.69331536661,142.664095912528,-2489.70995145067
"OPTOTRAK _ P83 _ Left _ 3",-174.03500783074,101.304042626783,-2479.25091595752,-101.770092360594,142.428378871243,-2489.68730243503
"OPTOTRAK _ P83 _ Left _ 3",-174.086098417253,101.181109354936,-2479.28319424488,-101.843745028939,142.230835178147,-2489.68776282755
"OPTOTRAK _ P83 _ Left _ 3",-174.134828072046,101.078119915505,-2479.30324255792,-101.911231755344,142.073052295822,-2489.70565005342
"OPTOTRAK _ P83 _ Left _ 3",-174.178327538922,100.996592269903,-2479.30719527182,-101.96913269896,141.954698284967,-2489.73248120205
"OPTOTRAK _ P83 _ Left _ 3",-174.212787080064,100.938098213552,-2479.29365099529,-102.014019653068,141.87431486512,-2489.75828615004
"OPTOTRAK _ P83 _ Left _ 3",-174.234134975474,100.904065309172,-2479.2629927437,-102.043082996079,141.829810128267,-2489.77335327976
"OPTOTRAK _ P83 _ Left _ 3",-174.239020272174,100.895353807291,-2479.21685576137,-102.054847366852,141.818553134222,-2489.77007203137
"OPTOTRAK _ P83 _ Left _ 3",-174.225785468132,100.911766364405,-2479.15798424318,-102.04972980006,141.837180290138,-2489.74448603595
"OPTOTRAK _ P83 _ Left _ 3",-174.195098819947,100.951662262853,-2479.09039028457,-102.030214957126,141.881351329973,-2489.69720132348
"OPTOTRAK _ P83 _ Left _ 3",-174.150032650691,101.011800101833,-2479.0194838908,-102.000541387132,141.945686589955,-2489.63341424858
"OPTOTRAK _ P83 _ Left _ 3",-174.095567365637,101.087446029261,-2478.95179551931,-101.965961985627,142.023988848503,-2489.56200668515
"OPTOTRAK _ P83 _ Left _ 3",-174.037683497662,101.172703751667,-2478.89409552273,-101.931786180017,142.109685256997,-2489.49385004775
"OPTOTRAK _ P83 _ Left _ 3",-173.982309601023,101.26098327868,-2478.85204756379,-101.902472216982,142.196318188086,-2489.43962175776
"OPTOTRAK _ P83 _ Left _ 3",-173.934403772193,101.345526601151,-2478.82883552933,-101.881003163853,142.277913143182,-2489.40754918317
"OPTOTRAK _ P83 _ Left _ 3",-173.897376438639,101.419927153956,-2478.82429631649,-101.868677804332,142.34913470085,-2489.40155154182
"OPTOTRAK _ P83 _ Left _ 3",-173.872938061598,101.478601761483,-2478.83492006223,-101.865317599629,142.405261568701,-2489.42023489051
"OPTOTRAK _ P83 _ Left _ 3",-173.861312562204,101.517199102714,-2478.85474887676,-101.869767647166,142.442126816009,-2489.45707148041
"OPTOTRAK _ P83 _ Left _ 3",-173.861645871466,101.532952938775,-2478.87689179125,-101.880486320584,142.456228206658,-2489.50183560545
"OPTOTRAK _ P83 _ Left _ 3",-173.872408653662,101.524992596381,-2478.89521157277,-101.896010863828,142.4451590309,-2489.54302050157
"OPTOTRAK _ P83 _ Left _ 3",-173.891653743303,101.494595045692,-2478.90575162055,-101.915166078995,142.408335902648,-2489.57064811631
"OPTOTRAK _ P83 _ Left _ 3",-173.917098078955,101.445317595776,-2478.90758578349,-101.937009272414,142.347792365393,-2489.57872968351
"OPTOTRAK _ P83 _ Left _ 3",-173.946093279759,101.382917825688,-2478.90291226633,-101.960608944708,142.268687818069,-2489.56669819003
"OPTOTRAK _ P83 _ Left _ 3",-173.97559457164,101.314967627257,-2478.89635863484,-101.984796993598,142.179215970127,-2489.53939576441
"OPTOTRAK _ P83 _ Left _ 3",-174.002233045423,101.250109387828,-2478.89363008185,-102.008015694043,142.089768393367,-2489.50558319673
"OPTOTRAK _ P83 _ Left _ 3",-174.022549014703,101.196986304324,-2478.89979235948,-102.028321989493,142.011446687362,-2489.47533822642
"OPTOTRAK _ P83 _ Left _ 3",-174.033366957851,101.162989164463,-2478.9175778522,-102.043540188696,141.954231916345,-2489.4570187749
"OPTOTRAK _ P83 _ Left _ 3",-174.032213540345,101.153058039232,-2478.94610529522,-102.05150094623,141.925237459023,-2489.45460378519
"OPTOTRAK _ P83 _ Left _ 3",-174.017640541911,101.168814621612,-2478.98032551005,-102.050289043205,141.92746235177,-2489.46614087596
"OPTOTRAK _ P83 _ Left _ 3",-173.989342760336,101.208256354416,-2479.01138291619,-102.038442939629,141.959341919626,-2489.48374338186
"OPTOTRAK _ P83 _ Left _ 3",-173.948047924907,101.266124299167,-2479.0279311765,-102.01508931477,142.015196319948,-2489.4951785474
"OPTOTRAK _ P83 _ Left _ 3",-173.895254954164,101.334894368018,-2479.01825303123,-101.980034429556,142.086455071173,-2489.48669061343
"OPTOTRAK _ P83 _ Left _ 3",-173.832954988716,101.406180463881,-2478.97282054469,-101.933848160848,142.163351704435,-2489.44639962051
"OPTOTRAK _ P83 _ Left _ 3",-173.763457864478,101.472226715318,-2478.8867541269,-101.877954530288,142.236692853784,-2489.36746630813
"OPTOTRAK _ P83 _ Left _ 3",-173.68937165325,101.527146411419,-2478.76157669695,-101.814698333316,142.299326173107,-2489.25024650957
"OPTOTRAK _ P83 _ Left _ 3",-173.613680709873,101.567651798165,-2478.60575881946,-101.747322081786,142.347038739866,-2489.10287562224
"OPTOTRAK _ P83 _ Left _ 3",-173.539790065348,101.593181095968,-2478.43380394104,-101.679785174831,142.378773503066,-2488.94008728915
"OPTOTRAK _ P83 _ Left _ 3",-173.471393203273,101.605503259418,-2478.2639730282,-101.616390725862,142.396217990096,-2488.78050038012
"OPTOTRAK _ P83 _ Left _ 3",-173.412085558368,101.608002742425,-2478.11509944069,-101.561240298996,142.402961173885,-2488.64299099535
"OPTOTRAK _ P83 _ Left _ 3",-173.364761314425,101.604879013494,-2478.00319091422,-101.517595797267,142.403492842396,-2488.54299133196
"OPTOTRAK _ P83 _ Left _ 3",-173.330947813451,101.600443674491,-2477.93857400975,-101.487277905884,142.402306755442,-2488.48956394753
"OPTOTRAK _ P83 _ Left _ 3",-173.310297735879,101.598602996635,-2477.9241832489,-101.470256398781,142.403274001711,-2488.48389157968
"OPTOTRAK _ P83 _ Left _ 3",-173.300442023619,101.602525753925,-2477.95528943285,-101.464570904224,142.409324529902,-2488.51946016566
"OPTOTRAK _ P83 _ Left _ 3",-173.297311574338,101.614446345521,-2478.02061838316,-101.466654125428,142.422366259938,-2488.58380109659
"OPTOTRAK _ P83 _ Left _ 3",-173.295898529307,101.635546004479,-2478.1045452708,-101.472025570861,142.443317967566,-2488.66130828752
"OPTOTRAK _ P83 _ Left _ 3",-173.291294311755,101.665877488974,-2478.18990825451,-101.476211705476,142.472147094169,-2488.73642994072
"OPTOTRAK _ P83 _ Left _ 3",-173.279751996064,101.704332753919,-2478.26094691056,-101.47566756697,142.507869999119,-2488.79649338619
"OPTOTRAK _ P83 _ Left _ 3",-173.259499201542,101.748683991829,-2478.30588600512,-101.46846063117,142.548548157526,-2488.83357070331
"OPTOTRAK _ P83 _ Left _ 3",-173.231079405424,101.795743853504,-2478.3187261565,-101.454539999426,142.591358028739,-2488.84509560531
"OPTOTRAK _ P83 _ Left _ 3",-173.197115038705,101.841679255043,-2478.29988845875,-101.435530706998,142.632805255809,-2488.83328873768
"OPTOTRAK _ P83 _ Left _ 3",-173.161541032815,101.88247287589,-2478.25553194603,-101.41412484928,142.669102107052,-2488.80371445675
"OPTOTRAK _ P83 _ Left _ 3",-173.128511803841,101.914469935467,-2478.19563797634,-101.393250332255,142.696656824116,-2488.76341584397
"OPTOTRAK _ P83 _ Left _ 3",-173.101289824154,101.934898084883,-2478.13128667143,-101.375254975844,142.712568279045,-2488.71907262254
"OPTOTRAK _ P83 _ Left _ 3",-173.081441147138,101.94223117454,-2478.07182142048,-101.361330707503,142.715006291661,-2488.67554844773
"OPTOTRAK _ P83 _ Left _ 3",-173.068577119464,101.936300380525,-2478.02267585662,-101.351323577267,142.703393600091,-2488.63508133545
"OPTOTRAK _ P83 _ Left _ 3",-173.060712044653,101.918131952719,-2477.98446023615,-101.343960341251,142.678367333337,-2488.59724482386
"OPTOTRAK _ P83 _ Left _ 3",-173.055110641519,101.889577259523,-2477.95352461434,-101.33741036509,142.641551404691,-2488.55966541406
"OPTOTRAK _ P83 _ Left _ 3",-173.049346019459,101.852860249007,-2477.92377272782,-101.330018209399,142.595200424726,-2488.5193120092
"OPTOTRAK _ P83 _ Left _ 3",-173.042225713614,101.810180052886,-2477.88913786644,-101.320997912148,142.541788464863,-2488.47399763322
"OPTOTRAK _ P83 _ Left _ 3",-173.034284302506,101.763472269953,-2477.84595020187,-101.310881618544,142.483623206487,-2488.42362824048
"OPTOTRAK _ P83 _ Left _ 3",-173.027676648916,101.714362746623,-2477.79447043136,-101.301570342808,142.42256469243,-2488.37077499432
"OPTOTRAK _ P83 _ Left _ 3",-173.025502416507,101.664266151023,-2477.73912711637,-101.295942051421,142.359905596566,-2488.32034364638
"OPTOTRAK _ P83 _ Left _ 3",-173.030786727447,101.614524638463,-2477.6873984097,-101.297108498755,142.296423386241,-2488.27839793968
"OPTOTRAK _ P83 _ Left _ 3",-173.04545738657,101.56647737485,-2477.64769430148,-101.307531084406,142.232560406095,-2488.25046388203
"OPTOTRAK _ P83 _ Left _ 3",-173.069647463496,101.521397319669,-2477.62688821677,-101.328257734702,142.168652089259,-2488.23981498288
"OPTOTRAK _ P83 _ Left _ 3",-173.101521300657,101.480301709347,-2477.6282251315,-101.358501302237,142.105123655793,-2488.24625911117
"OPTOTRAK _ P83 _ Left _ 3",-173.13763325307,101.443707281858,-2477.65018255812,-101.395661804083,142.042605818532,-2488.26579612171
"OPTOTRAK _ P83 _ Left _ 3",-173.173663947255,101.411433639274,-2477.68654985069,-101.435755611807,141.981952678227,-2488.29123787057
"OPTOTRAK _ P83 _ Left _ 3",-173.205298416681,101.382541019178,-2477.72763820925,-101.474114294308,141.924157476616,-2488.31358853674
"OPTOTRAK _ P83 _ Left _ 3",-173.229023104561,101.355429128352,-2477.76224755665,-101.506178437958,141.87016180807,-2488.32378286248
"OPTOTRAK _ P83 _ Left _ 3",-173.242690286378,101.328054509312,-2477.77986297335,-101.528223746497,141.820566932259,-2488.31432123896
"OPTOTRAK _ P83 _ Left _ 3",-173.245784052681,101.298182829732,-2477.77255207883,-101.537896146116,141.775289842827,-2488.28041439443
"OPTOTRAK _ P83 _ Left _ 3",-173.239391818686,101.26359804733,-2477.73616374328,-101.534486265947,141.733243773985,-2488.22042249175
"OPTOTRAK _ P83 _ Left _ 3",-173.225928480809,101.222235644632,-2477.67063871517,-101.518929986815,141.692145586673,-2488.13559215556
"OPTOTRAK _ P83 _ Left _ 3",-173.208677447181,101.172268916046,-2477.57948229729,-101.493566981623,141.648557034733,-2488.02929372289
"OPTOTRAK _ P83 _ Left _ 3",-173.191214169062,101.112225359012,-2477.46866721599,-101.461716159822,141.598245532998,-2487.90607844735
"OPTOTRAK _ P83 _ Left _ 3",-173.176782019603,101.041212937624,-2477.34536401304,-101.427139946083,141.536887401322,-2487.77087381671
"OPTOTRAK _ P83 _ Left _ 3",-173.167708638268,100.959277608851,-2477.21687139062,-101.393475921932,141.461034961774,-2487.62851330296
"OPTOTRAK _ P83 _ Left _ 3",-173.164971529106,100.867815959847,-2477.08994172231,-101.363716472524,141.369159927076,-2487.48360737026
"OPTOTRAK _ P83 _ Left _ 3",-173.168019226815,100.769883916915,-2476.97046501202,-101.33981200268,141.262511054919,-2487.34060179909
"OPTOTRAK _ P83 _ Left _ 3",-173.174912879661,100.670223909241,-2476.86331877328,-101.322458301639,141.14551804441,-2487.20381884499
"OPTOTRAK _ P83 _ Left _ 3",-173.182777975846,100.57489314078,-2476.77218323882,-101.311103370889,141.025553055979,-2487.0773488082
"OPTOTRAK _ P83 _ Left _ 3",-173.188470535517,100.490492636005,-2476.69924039174,-101.304175913473,140.912013038997,-2486.9647948242
"OPTOTRAK _ P83 _ Left _ 3",-173.189298147414,100.423130279594,-2476.64483924785,-101.299499240169,140.814867113396,-2486.86898050128
"OPTOTRAK _ P83 _ Left _ 3",-173.1836191141,100.377357590844,-2476.60732562335,-101.294814144284,140.742968465479,-2486.7917472713
"OPTOTRAK _ P83 _ Left _ 3",-173.17117947131,100.355357701429,-2476.58324516171,-101.288304591465,140.702508122805,-2486.73390913494
"OPTOTRAK _ P83 _ Left _ 3",-173.153123852421,100.35660563535,-2476.56802858453,-101.279017855929,140.695956345429,-2486.69535761164
"OPTOTRAK _ P83 _ Left _ 3",-173.131704033733,100.37808583828,-2476.55708734637,-101.267098756947,140.721704448778,-2486.67526226046
"OPTOTRAK _ P83 _ Left _ 3",-173.109780750227,100.414987700326,-2476.54704437226,-101.253799182313,140.774437614933,-2486.67229403955
"OPTOTRAK _ P83 _ Left _ 3",-173.090255082163,100.461665572706,-2476.53669433834,-101.241262188486,140.846105073311,-2486.68479907936
"OPTOTRAK _ P83 _ Left _ 3",-173.075568995946,100.512588445821,-2476.52732458938,-101.232112786848,140.927251801577,-2486.71087315154
"OPTOTRAK _ P83 _ Left _ 3",-173.067375423953,100.563039056002,-2476.52223795898,-101.228919634863,141.008440346597,-2486.74833804103
"OPTOTRAK _ P83 _ Left _ 3",-173.066406073114,100.609440171685,-2476.52559682957,-101.233620658702,141.081506976159,-2486.79467452504
"OPTOTRAK _ P83 _ Left _ 3",-173.072495955794,100.649329696649,-2476.54091825028,-101.247023379994,141.14045137229,-2486.84697644851
"OPTOTRAK _ P83 _ Left _ 3",-173.084696179537,100.681109959347,-2476.56963060243,-101.268491077806,141.181847201839,-2486.90194875864
"OPTOTRAK _ P83 _ Left _ 3",-173.101425460966,100.703735876363,-2476.61007855199,-101.295903324621,141.204769761487,-2486.95593173498
"OPTOTRAK _ P83 _ Left _ 3",-173.120645386055,100.7164979388,-2476.65727756801,-101.325930658481,141.210342520644,-2487.00494764034
"OPTOTRAK _ P83 _ Left _ 3",-173.140062483193,100.719014145959,-2476.70357728517,-101.35459439117,141.201079517226,-2487.04482574163
"OPTOTRAK _ P83 _ Left _ 3",-173.157356128629,100.711466247658,-2476.74018276164,-101.378011176651,141.180227771369,-2487.07150597244
"OPTOTRAK _ P83 _ Left _ 3",-173.170421628752,100.695002739511,-2476.75922857396,-101.393169809432,141.151286928076,-2487.08159834057
"OPTOTRAK _ P83 _ Left _ 3",-173.177616557085,100.672119426898,-2476.75588232549,-101.398570946054,141.117804271995,-2487.07318209052
"OPTOTRAK _ P83 _ Left _ 3",-173.178003310785,100.646774920747,-2476.72987492775,-101.394581374486,141.083432977961,-2487.04670493931
"OPTOTRAK _ P83 _ Left _ 3",-173.171580653277,100.624043309816,-2476.68597831187,-101.383403851209,141.052142607236,-2487.00573918297
"OPTOTRAK _ P83 _ Left _ 3",-173.159483630342,100.609246134909,-2476.63324741687,-101.368632795146,141.028418502129,-2486.95730828458
"OPTOTRAK _ P83 _ Left _ 3",-173.14410411925,100.606696357164,-2476.58319704546,-101.354452323575,141.01727988756,-2486.91153503532
"OPTOTRAK _ P83 _ Left _ 3",-173.129051971991,100.618361567774,-2476.5473602189,-101.344627791179,141.023962946879,-2486.8804770658
"OPTOTRAK _ P83 _ Left _ 3",-173.118858446567,100.642846108733,-2476.53478854478,-101.341520586036,141.053151130579,-2486.8761830091
"OPTOTRAK _ P83 _ Left _ 3",-173.118343422123,100.675062711584,-2476.55000660695,-101.345386594996,141.107717444837,-2486.90819165005
"OPTOTRAK _ P83 _ Left _ 3",-173.131641457529,100.706818491757,-2476.59179027186,-101.354183988228,141.187098033907,-2486.98088217961
"OPTOTRAK _ P83 _ Left _ 3",-173.161005242781,100.728320269486,-2476.65298607446,-101.364022337948,141.285627915642,-2487.09124590535
"OPTOTRAK _ P83 _ Left _ 3",-173.205650802274,100.730366994627,-2476.72146773436,-101.370251710973,141.391378468555,-2487.22776077292
"OPTOTRAK _ P83 _ Left _ 3",-173.261029597735,100.706790264448,-2476.78222474063,-101.369033273435,141.486165466031,-2487.37106363566
"OPTOTRAK _ P83 _ Left _ 3",-173.318956288188,100.656556316643,-2476.82045441676,-101.359062262623,141.547381465399,-2487.49696264727
"OPTOTRAK _ P83 _ Left _ 3",-173.368950394795,100.584873064378,-2476.82534208306,-101.342948587994,141.552107171791,-2487.58195746038
"OPTOTRAK _ P83 _ Left _ 3",-173.400954216458,100.502682084689,-2476.79396315224,-101.327650096351,141.483552617833,-2487.61086865295
"OPTOTRAK _ P83 _ Left _ 3",-173.409278532766,100.424106421996,-2476.7344939173,-101.323383205193,141.339268769032,-2487.5855497572
"OPTOTRAK _ P83 _ Left _ 3",-173.397230962649,100.36181888002,-2476.66779099854,-101.34068472467,141.13980017458,-2487.53310339333
"OPTOTRAK _ P83 _ Left _ 3",-173.381458975143,100.320890024931,-2476.62650145995,-101.385788416979,140.93565743903,-2487.51162806576
"OPTOTRAK _ P83 _ Left _ 3",-173.394693286936,100.292375284819,-2476.65124645283,-101.455145535931,140.80991414325,-2487.61135099047
"OPTOTRAK _ P83 _ Left _ 3",-173.485437738566,100.248524819547,-2476.78404125856,-101.530609902881,140.873684070527,-2487.94916281894
"OPTOTRAK _ P83 _ Left _ 3",-173.713334873594,100.141830062537,-2477.05984195848,-101.57730984111,141.252504995815,-2488.6551919934
"OPTOTRAK _ P83 _ Left _ 3",-174.139506408518,99.9099574370131,-2477.49775893649,-101.546310560287,142.063382369733,-2489.85122147149
"OPTOTRAK _ P83 _ Left _ 3",-174.812107721256,99.487830728335,-2478.09385862414,-101.383648043267,143.384764238537,-2491.62243182363
"OPTOTRAK _ P83 _ Left _ 3",-175.748534448696,98.826689898602,-2478.81741465482,-101.046101332605,145.224514072715,-2493.9860113243
"OPTOTRAK _ P83 _ Left _ 3",-176.917004965016,97.9179932552681,-2479.61187959583,-100.522208677591,147.493241656724,-2496.86234236023
"OPTOTRAK _ P83 _ Left _ 3",-178.221440879899,96.8177974382021,-2480.40084863644,-99.8547556911659,149.991274942886,-2500.05624900413
"OPTOTRAK _ P83 _ Left _ 3",-179.494491035901,95.6651664303076,-2481.09822457781,-99.1587490106967,152.416449234203,-2503.25635996011
"OPTOTRAK _ P83 _ Left _ 3",-180.50385705494,94.6868834866929,-2481.62102706349,-98.6274762713111,154.39663437784,-2506.05916883751
"OPTOTRAK _ P83 _ Left _ 3",-180.976160332368,94.1811841020506,-2481.90291340502,-98.5195768994001,155.545922234724,-2508.02042010181
"OPTOTRAK _ P83 _ Left _ 3",-180.639657881544,94.4763650349442,-2481.90632296459,-99.1230238181224,155.537205537721,-2508.73006844204
"OPTOTRAK _ P83 _ Left _ 3",-179.281773460726,95.8664313964462,-2481.63108693583,-100.697955817516,154.177171272875,-2507.89889468119
"OPTOTRAK _ P83 _ Left _ 3",-176.810453003683,98.5346441736989,-2481.11753465549,-103.408598330566,151.464127668173,-2505.43681608226
"OPTOTRAK _ P83 _ Left _ 3",-173.302275353435,102.484318268927,-2480.44297822314,-107.262456785101,147.607901095302,-2501.49875875427
"OPTOTRAK _ P83 _ Left _ 3",-169.01891245125,107.500188732251,-2479.71214840302,-112.078260201059,142.998323712017,-2496.47823941715
"OPTOTRAK _ P83 _ Left _ 3",-164.380339434436,113.15866815721,-2479.04411322177,-117.498340215636,138.125911594963,-2490.94368172038
"OPTOTRAK _ P83 _ Left _ 3",-159.897726925744,118.890258773113,-2478.55908853213,-123.04533488635,133.479622409595,-2485.5338238322
"OPTOTRAK _ P83 _ Left _ 3",-156.084691687325,124.077883764454,-2478.36728008677,-128.203932083277,129.459564952389,-2480.8454798096
"OPTOTRAK _ P83 _ Left _ 3",-153.373074216171,128.161772190192,-2478.5591928706,-132.498456852325,126.335963396041,-2477.34832146286
"OPTOTRAK _ P83 _ Left _ 3",-152.054019575221,130.7227907541,-2479.19514636249,-135.544779980689,124.260877345388,-2475.34567581414
"OPTOTRAK _ P83 _ Left _ 3",-152.251362697409,131.529836544435,-2480.29295935175,-137.074636662006,123.311496583907,-2474.97781596952
"OPTOTRAK _ P83 _ Left _ 3",-153.921478386784,130.553129850383,-2481.81624159137,-136.946609681451,123.53042297557,-2476.24822166355
"OPTOTRAK _ P83 _ Left _ 3",-156.868363368719,127.954591134796,-2483.66867566006,-135.159760339985,124.935193966972,-2479.05032351088
"OPTOTRAK _ P83 _ Left _ 3",-160.765248627302,124.066150374571,-2485.69955221107,-131.874400276149,127.489791914938,-2483.18023141232
"OPTOTRAK _ P83 _ Left _ 3",-165.180682769279,119.360270716533,-2487.72227106468,-127.429474994291,131.053143667892,-2488.33376223283
"OPTOTRAK _ P83 _ Left _ 3",-169.612773241063,114.410244122869,-2489.54251271793,-122.337862356302,135.333409545772,-2494.09782362761
"OPTOTRAK _ P83 _ Left _ 3",-173.536471023242,109.835744062515,-2490.98910338085,-117.244732849146,139.877017253445,-2499.95273012003
"OPTOTRAK _ P83 _ Left _ 3",-176.464791712605,106.232677956489,-2491.93995049876,-112.847432704174,144.108810570099,-2505.30122449202
"OPTOTRAK _ P83 _ Left _ 3",-178.017991269253,104.09299207479,-2492.33765874539,-109.790224029445,147.420310952328,-2509.53195267561
"OPTOTRAK _ P83 _ Left _ 3",-177.988377318307,103.726348018927,-2492.19302250974,-108.556262518328,149.28496136756,-2512.11209317657
"OPTOTRAK _ P83 _ Left _ 3",-176.385226016182,105.199513921978,-2491.57774782439,-109.380120899956,149.368771156874,-2512.68979629165
"OPTOTRAK _ P83 _ Left _ 3",-173.445527388508,108.309964561556,-2490.60952752232,-112.199395778514,147.60474586224,-2511.17747905443
"OPTOTRAK _ P83 _ Left _ 3",-169.602637061002,112.606231862624,-2489.43316155474,-116.656599810805,144.209454326753,-2507.78733946088
"OPTOTRAK _ P83 _ Left _ 3",-165.415958436118,117.457513840871,-2488.20134932307,-122.153283167311,139.637812155766,-2503.00331344106
"OPTOTRAK _ P83 _ Left _ 3",-161.477417833483,122.1601318987,-2487.0581341009,-127.946398838982,134.492855118917,-2497.49554148359
"OPTOTRAK _ P83 _ Left _ 3",-158.31862550634,126.054833489271,-2486.1264566773,-133.264704041518,129.422253537367,-2492.00408702532
"OPTOTRAK _ P83 _ Left _ 3",-156.340806486732,128.625149246658,-2485.49927687189,-137.417652985966,125.033372048524,-2487.2266751106
"OPTOTRAK _ P83 _ Left _ 3",-155.778310877194,129.556437454601,-2485.23262470203,-139.876404711331,121.842443953318,-2483.73639708741
"OPTOTRAK _ P83 _ Left _ 3",-156.692747850648,128.75206352401,-2485.33981343017,-140.322061392683,120.251353433111,-2481.93662615108
"OPTOTRAK _ P83 _ Left _ 3",-158.986446025495,126.317015656419,-2485.7882345584,-138.668198680031,120.532314996805,-2482.04419106255
"OPTOTRAK _ P83 _ Left _ 3",-162.424048183827,122.52378078595,-2486.50161523984,-135.065218345204,122.803602152136,-2484.0863428896
"OPTOTRAK _ P83 _ Left _ 3",-166.6569071192,117.771616406891,-2487.36973591349,-129.8861708042,126.994198910744,-2487.90202105759
"OPTOTRAK _ P83 _ Left _ 3",-171.251309717273,112.544026422709,-2488.26468701321,-123.687503745562,132.811350051805,-2493.1474317348
"OPTOTRAK _ P83 _ Left _ 3",-175.724194832984,107.365284396454,-2489.05980298184,-117.141355993566,139.732837721241,-2499.31309338942
"OPTOTRAK _ P83 _ Left _ 3",-179.58796423604,102.756507064392,-2489.64649826271,-110.947438472757,147.04136452467,-2505.76027473231
"OPTOTRAK _ P83 _ Left _ 3",-182.401574127307,99.1928317102409,-2489.94581458979,-105.743373008866,153.904649527707,-2511.77978180039
"OPTOTRAK _ P83 _ Left _ 3",-183.8217917337,97.0631041759362,-2489.91424174526,-102.033685815124,159.4893854534,-2516.66927494466
"OPTOTRAK _ P83 _ Left _ 3",-183.647899451439,96.632177814036,-2489.54533743982,-100.148168370642,163.087190973835,-2519.82036999477
"OPTOTRAK _ P83 _ Left _ 3",-181.854041707258,98.0059387618187,-2488.8687870369,-100.226962411344,164.228362450302,-2520.80442208664
"OPTOTRAK _ P83 _ Left _ 3",-178.603800149789,101.102500013857,-2487.94734465635,-102.221533007425,162.762095278768,-2519.44446413783
"OPTOTRAK _ P83 _ Left _ 3",-174.241244164163,105.63848883159,-2486.87108630532,-105.902061249899,158.886905926018,-2515.85918719757
"OPTOTRAK _ P83 _ Left _ 3",-169.25395993277,111.142647052691,-2485.74868203628,-110.870205760141,153.122295017809,-2510.46484876602
"OPTOTRAK _ P83 _ Left _ 3",-164.209056338633,117.005330272501,-2484.69667231455,-116.58458423774,146.224305443282,-2503.92637545504
"OPTOTRAK _ P83 _ Left _ 3",-159.672374758311,122.560896709342,-2483.82860058395,-122.407699989845,139.062919332545,-2497.06161186925
"OPTOTRAK _ P83 _ Left _ 3",-156.129116602119,127.185657958036,-2483.24518764831,-127.675322970305,132.491833223025,-2490.71856143129
"OPTOTRAK _ P83 _ Left _ 3",-153.924664492855,130.386216985507,-2483.02505951391,-131.777909338262,127.242209377199,-2485.65515747785
"OPTOTRAK _ P83 _ Left _ 3",-153.235903512425,131.857546285564,-2483.2147590488,-134.237525544272,123.85835220984,-2482.44735677952
"OPTOTRAK _ P83 _ Left _ 3",-154.071090872743,131.503865293749,-2483.81819066458,-134.766874955786,122.672398806978,-2481.43663233322
"OPTOTRAK _ P83 _ Left _ 3",-156.288036540477,129.428620208142,-2484.78837625717,-133.304361132445,123.800454633132,-2482.71272590347
"OPTOTRAK _ P83 _ Left _ 3",-159.619924708344,125.905214567271,-2486.02600361812,-130.023176447836,127.142698688276,-2486.12074281679
"OPTOTRAK _ P83 _ Left _ 3",-163.703449564517,121.337615236783,-2487.38797911987,-125.311997264275,132.382339926432,-2491.28414788137
"OPTOTRAK _ P83 _ Left _ 3",-168.109828607492,116.21497051245,-2488.70556748195,-119.725447722517,138.992630800351,-2497.64132352358
"OPTOTRAK _ P83 _ Left _ 3",-172.381361167606,111.062164809518,-2489.80804739724,-113.908804354466,146.267319632431,-2504.49686107063
"OPTOTRAK _ P83 _ Left _ 3",-176.073715003572,106.38979824446,-2490.5463458573,-108.51123600169,153.384399841135,-2511.08739732105
"OPTOTRAK _ P83 _ Left _ 3",-178.799869348309,102.649179798577,-2490.81226319929,-104.107445816286,159.500187470924,-2516.65789583862
"OPTOTRAK _ P83 _ Left _ 3",-180.269475404952,100.196919406097,-2490.5513351344,-101.143181127737,163.858977442206,-2520.54163948448
"OPTOTRAK _ P83 _ Left _ 3",-180.318825047647,99.2695244424738,-2489.76934839063,-99.907791922353,165.898697535867,-2522.23725588787
"OPTOTRAK _ P83 _ Left _ 3",-178.929699943273,99.9646493967194,-2488.53311643016,-100.525081606744,165.334836994568,-2521.47667528197
"OPTOTRAK _ P83 _ Left _ 3",-176.236868006115,102.226084415722,-2486.96559198902,-102.949876101135,162.209011404712,-2518.27601096902
"OPTOTRAK _ P83 _ Left _ 3",-172.522596264739,105.8346662257,-2485.23472777189,-106.964037939547,156.891664653426,-2512.95705565714
"OPTOTRAK _ P83 _ Left _ 3",-168.194303561157,110.413424822195,-2483.53570246422,-112.177397406686,150.032279301829,-2506.12489094852
"OPTOTRAK _ P83 _ Left _ 3",-163.742241539328,115.456830679059,-2482.06762572028,-118.047616986904,142.459651165689,-2498.5929718884
"OPTOTRAK _ P83 _ Left _ 3",-159.679863711484,120.387530250467,-2481.00799007294,-123.930685109762,135.050515890739,-2491.26292110975
"OPTOTRAK _ P83 _ Left _ 3",-156.477455893894,124.632096041901,-2480.48947376361,-129.16006354082,128.599880635523,-2484.98573874154
"OPTOTRAK _ P83 _ Left _ 3",-154.503437176433,127.698232401703,-2480.58318354971,-133.137030206931,123.728246210669,-2480.44141870208
"OPTOTRAK _ P83 _ Left _ 3",-153.983945622222,129.236334740499,-2481.29056783065,-135.409914779027,120.843550228305,-2478.06604279318
"OPTOTRAK _ P83 _ Left _ 3",-154.983067292782,129.076875555819,-2482.54440609431,-135.728239239346,120.148639519983,-2478.0335762991
"OPTOTRAK _ P83 _ Left _ 3",-157.399968321969,127.244018819104,-2484.21815817696,-134.06932123999,121.666714124158,-2480.27829644527
"OPTOTRAK _ P83 _ Left _ 3",-160.97876556041,123.949262352508,-2486.14210810936,-130.63938030464,125.258574354005,-2484.53489821469
"OPTOTRAK _ P83 _ Left _ 3",-165.330398153903,119.56737796507,-2488.12368466655,-125.848735487264,130.622690926413,-2490.37812340823
"OPTOTRAK _ P83 _ Left _ 3",-169.968666488565,114.595075048171,-2489.96846718488,-120.259374312212,137.288790887395,-2497.25558000016
"OPTOTRAK _ P83 _ Left _ 3",-174.361693371495,109.594319130163,-2491.49859423059,-114.508988690072,144.625554290189,-2504.51816527489
"OPTOTRAK _ P83 _ Left _ 3",-177.995233109919,105.126713965478,-2492.56687982553,-109.225863978097,151.87897664713,-2511.45718965938
"OPTOTRAK _ P83 _ Left _ 3",-180.438593266724,101.68897975453,-2493.06702122173,-104.954864909677,158.244830620975,-2517.35549438439
"OPTOTRAK _ P83 _ Left _ 3",-181.401320650337,99.6589241500001,-2492.94142997124,-102.109731392315,162.965508844228,-2521.55433455685
"OPTOTRAK _ P83 _ Left _ 3",-180.770753715389,99.2569004399744,-2492.18767827991,-100.953380281121,165.434576434338,-2523.5316138924
"OPTOTRAK _ P83 _ Left _ 3",-178.625254320135,100.523406531936,-2490.86285887654,-101.595128133513,165.291456311922,-2522.98154421184
"OPTOTRAK _ P83 _ Left _ 3",-175.222360801692,103.312565478032,-2489.08365675526,-103.990163229027,162.489798972845,-2519.8809649356
"OPTOTRAK _ P83 _ Left _ 3",-170.963836168428,107.303542828759,-2487.01974800455,-107.934045542014,157.323919691032,-2514.52410318883
"OPTOTRAK _ P83 _ Left _ 3",-166.341726298857,112.033813066014,-2484.87946555943,-113.058159254771,150.400626358362,-2507.50835663624
"OPTOTRAK _ P83 _ Left _ 3",-161.872897957102,116.955397969335,-2482.88875952681,-118.841689708819,142.553561871901,-2499.66249892203
"OPTOTRAK _ P83 _ Left _ 3",-158.033716800876,121.50711061179,-2481.26621216898,-124.654018861716,134.714698889869,-2491.92595996678
"OPTOTRAK _ P83 _ Left _ 3",-155.208097536829,125.187404540408,-2480.19753960922,-129.827982120699,127.775134733865,-2485.2067508845
"OPTOTRAK _ P83 _ Left _ 3",-153.657636909201,127.611037528265,-2479.81278872806,-133.748676824912,122.471956134106,-2480.25444758138
"OPTOTRAK _ P83 _ Left _ 3",-153.513015339583,128.540959353045,-2480.16900552193,-135.936711902685,119.323302753627,-2477.57620961518
"OPTOTRAK _ P83 _ Left _ 3",-154.77743490072,127.898689887264,-2481.2408728097,-136.111545874155,118.608523503624,-2477.4032616534
"OPTOTRAK _ P83 _ Left _ 3",-157.331468941873,125.762915514396,-2482.9213366201,-134.230557715156,120.372012291605,-2479.69628332517
"OPTOTRAK _ P83 _ Left _ 3",-160.93487012381,122.363394173444,-2485.03294975298,-130.503039423042,124.429140507071,-2484.17116842771
"OPTOTRAK _ P83 _ Left _ 3",-165.229885527359,118.06941505765,-2487.34848191091,-125.375471086977,130.367771167516,-2490.33207684147
"OPTOTRAK _ P83 _ Left _ 3",-169.756442408842,113.366008975931,-2489.61720368014,-119.48293874345,137.55679004615,-2497.50968438498
"OPTOTRAK _ P83 _ Left _ 3",-173.98860412091,108.811453551864,-2491.59258372803,-113.567501327861,145.181592457665,-2504.91091415357
"OPTOTRAK _ P83 _ Left _ 3",-177.394427679846,104.975837879651,-2493.05844033456,-108.37576144331,152.320496125225,-2511.68763183599
"OPTOTRAK _ P83 _ Left _ 3",-179.511733905108,102.367977092869,-2493.852540002,-104.556402881941,158.060005947526,-2517.02635660212
"OPTOTRAK _ P83 _ Left _ 3",-180.025105696664,101.36228911832,-2493.88721242142,-102.577203446274,161.630481422472,-2520.25265553705
"OPTOTRAK _ P83 _ Left _ 3",-178.827202475348,102.137509602219,-2493.16504386527,-102.671397544503,162.534751165683,-2520.93589876784
"OPTOTRAK _ P83 _ Left _ 3",-176.049701966088,104.637721458554,-2491.78548753136,-104.813229714712,160.641827295502,-2518.97410561583
"OPTOTRAK _ P83 _ Left _ 3",-172.054241518364,108.565076878257,-2489.93761922432,-108.719186888338,156.223167782091,-2514.63612141006
"OPTOTRAK _ P83 _ Left _ 3",-167.381076606845,113.411550475816,-2487.87667947377,-113.875015228666,149.918267397028,-2508.54196630501
"OPTOTRAK _ P83 _ Left _ 3",-162.662896109727,118.530836995958,-2485.88679699035,-119.592914850754,142.630858161351,-2501.57447208478
"OPTOTRAK _ P83 _ Left _ 3",-158.521517942978,123.24020971097,-2484.23699733199,-125.10082680495,135.375980815258,-2494.7350376965
"OPTOTRAK _ P83 _ Left _ 3",-155.471243037315,126.930509003333,-2483.13987387142,-129.654872760864,129.114567861116,-2488.97587775643
"OPTOTRAK _ P83 _ Left _ 3",-153.849931583549,129.158317795337,-2482.72141052004,-132.653793598415,124.61555825009,-2485.04972788782
"OPTOTRAK _ P83 _ Left _ 3",-153.788084323565,129.701448987756,-2483.0074580755,-133.730333441773,122.371981655175,-2483.4101300689
"OPTOTRAK _ P83 _ Left _ 3",-155.213849223834,128.572160078047,-2483.92869008209,-132.801253617485,122.57508138254,-2484.17637758962
"OPTOTRAK _ P83 _ Left _ 3",-157.884675186734,125.993220574228,-2485.3420561206,-130.068384298959,125.133395664996,-2487.15826507264
"OPTOTRAK _ P83 _ Left _ 3",-161.435753606409,122.346001928791,-2487.06292342797,-125.971338508776,129.719529615279,-2491.92470887335
"OPTOTRAK _ P83 _ Left _ 3",-165.437756330464,118.100091787973,-2488.89914302191,-121.098941940465,135.832562179465,-2497.89699106397
"OPTOTRAK _ P83 _ Left _ 3",-169.457364439399,113.73537153054,-2490.67793806728,-116.075126008455,142.869348179161,-2504.44745132617
"OPTOTRAK _ P83 _ Left _ 3",-173.112491380174,109.670929354254,-2492.25977204518,-111.445210740766,150.19748043768,-2510.98504197844
"OPTOTRAK _ P83 _ Left _ 3",-176.112380172108,106.216744907963,-2493.53896636278,-107.593044362002,157.21849057021,-2517.01162227173
"OPTOTRAK _ P83 _ Left _ 3",-178.274486113808,103.559333746969,-2494.43597005977,-104.711815238353,163.4091439665,-2522.14041267747
"OPTOTRAK _ P83 _ Left _ 3",-179.516527617878,101.781359793803,-2494.88854117135,-102.832704777181,168.336031771486,-2526.08081607847
"OPTOTRAK _ P83 _ Left _ 3",-179.83075045704,100.902639187422,-2494.84823727067,-101.894504180341,171.651274820874,-2528.60688501627
"OPTOTRAK _ P83 _ Left _ 3",-179.253682267447,100.922421080406,-2494.28553866055,-101.823448312233,173.087050101901,-2529.53320222635
"OPTOTRAK _ P83 _ Left _ 3",-177.845035858299,101.843899035664,-2493.20297075495,-102.590901148076,172.466946875732,-2528.7179168631
"OPTOTRAK _ P83 _ Left _ 3",-175.683691339911,103.670798291333,-2491.65181429397,-104.226744241134,169.741491206702,-2526.0992165162
"OPTOTRAK _ P83 _ Left _ 3",-172.879486311644,106.378724619593,-2489.74536782121,-106.784254032839,165.038048406247,-2521.75370695702
"OPTOTRAK _ P83 _ Left _ 3",-169.591011464171,109.87567033301,-2487.66132050969,-110.271951107687,158.699963501291,-2515.95021094212
"OPTOTRAK _ P83 _ Left _ 3",-166.035859160749,113.971792132274,-2485.62829742039,-114.582572541412,151.285251630552,-2509.16765420002
"OPTOTRAK _ P83 _ Left _ 3",-162.48317838756,118.37514478306,-2483.8966327117,-119.4522923962,143.50731294183,-2502.05563210587
"OPTOTRAK _ P83 _ Left _ 3",-159.227643741462,122.718237773546,-2482.69912605898,-124.470879269932,136.126634785043,-2495.33944801518
"OPTOTRAK _ P83 _ Left _ 3",-156.553571139327,126.606180179161,-2482.21143719975,-129.139834419825,129.829495803204,-2489.69775297843
"OPTOTRAK _ P83 _ Left _ 3",-154.701536058246,129.669379205074,-2482.5220138641,-132.954360291151,125.138342443512,-2485.65483609767
"OPTOTRAK _ P83 _ Left _ 3",-153.845567409114,131.606550762905,-2483.61806424833,-135.480298668154,122.380235964102,-2483.52108434764
"OPTOTRAK _ P83 _ Left _ 3",-154.081023301067,132.213353252189,-2485.38903835804,-136.409684006903,121.706527185746,-2483.38955956456
"OPTOTRAK _ P83 _ Left _ 3",-155.417793075441,131.400281372827,-2487.64487582585,-135.594900842866,123.13174891211,-2485.17120773269
"OPTOTRAK _ P83 _ Left _ 3",-157.773631337885,129.205385454488,-2490.14415926551,-133.06836284987,126.557267966896,-2488.6403448391
"OPTOTRAK _ P83 _ Left _ 3",-160.967055386744,125.803323365595,-2492.62668937785,-129.050318982545,131.763132294975,-2493.46800189392
"OPTOTRAK _ P83 _ Left _ 3",-164.714796604983,121.506322268693,-2494.84483491508,-123.939480675529,138.37668197177,-2499.23612570693
"OPTOTRAK _ P83 _ Left _ 3",-168.641744651906,116.749492598125,-2496.58853377035,-118.278554300894,145.844918706047,-2505.44089579358
"OPTOTRAK _ P83 _ Left _ 3",-172.309814672538,112.055015849855,-2497.70103774699,-112.692989440619,153.4408470533,-2511.50159887842
"OPTOTRAK _ P83 _ Left _ 3",-175.266798693824,107.975763499961,-2498.08611127879,-107.812156228414,160.321756389857,-2516.79040131989
"OPTOTRAK _ P83 _ Left _ 3",-177.109496527452,105.025234059675,-2497.71030073203,-104.189425517334,165.636970391434,-2520.69018616127
"OPTOTRAK _ P83 _ Left _ 3",-177.550018802292,103.60439387382,-2496.6040746597,-102.236025735702,168.66404068554,-2522.67659960691
"OPTOTRAK _ P83 _ Left _ 3",-176.471725916415,103.936876279927,-2494.8630735126,-102.175357367804,168.942461151866,-2522.41020470236
"OPTOTRAK _ P83 _ Left _ 3",-173.961927518916,106.023672687691,-2492.64724764572,-104.01689546634,166.373338084293,-2519.81739169156
"OPTOTRAK _ P83 _ Left _ 3",-170.311701903901,109.627864057109,-2490.17358016056,-107.547590841854,161.259352035335,-2515.13617979668
"OPTOTRAK _ P83 _ Left _ 3",-165.978967321864,114.297642039692,-2487.69876708547,-112.343340849466,154.270473246051,-2508.90731798719
"OPTOTRAK _ P83 _ Left _ 3",-161.519399207037,119.429192086629,-2485.49144638465,-117.807577570185,146.337808215449,-2501.90355093539
"OPTOTRAK _ P83 _ Left _ 3",-157.499278080476,124.359753708749,-2483.79761653944,-123.241529940732,138.498567935856,-2495.00858908714
"OPTOTRAK _ P83 _ Left _ 3",-154.410429283557,128.470223907174,-2482.80571814391,-127.939973609414,131.731369419469,-2489.075054284
"OPTOTRAK _ P83 _ Left _ 3",-152.605729070059,131.273370708817,-2482.61852713549,-131.294109088146,126.822675320289,-2484.79784704848
"OPTOTRAK _ P83 _ Left _ 3",-152.264552408568,132.470988868788,-2483.23788105168,-132.879069595524,124.2889926986,-2482.63106548546
"OPTOTRAK _ P83 _ Left _ 3",-153.386735615884,131.976015635482,-2484.56591451141,-132.509907115664,124.354603376204,-2482.75765646193
"OPTOTRAK _ P83 _ Left _ 3",-155.807381362135,129.905212153572,-2486.4230500793,-130.259997644415,126.966341875275,-2485.10271235201
"OPTOTRAK _ P83 _ Left _ 3",-159.224927093061,126.550408587836,-2488.57873531507,-126.442272960221,131.824408607227,-2489.37261979296
"OPTOTRAK _ P83 _ Left _ 3",-163.238351640483,122.334143395306,-2490.78711578367,-121.556412173564,138.418356598954,-2495.10411147341
"OPTOTRAK _ P83 _ Left _ 3",-167.391919218733,117.754021264611,-2492.8185678157,-116.209079007644,146.069588667016,-2501.71449537267
"OPTOTRAK _ P83 _ Left _ 3",-171.225244879622,113.321817812021,-2494.48057674487,-111.021643248812,153.98676992516,-2508.55086654998
"OPTOTRAK _ P83 _ Left _ 3",-174.323773809069,109.50621858573,-2495.62682424847,-106.546155713719,161.336750886962,-2514.93909248065
"OPTOTRAK _ P83 _ Left _ 3",-176.362964867689,106.68798390815,-2496.15854684514,-103.208782626785,167.326223540212,-2520.23376101877
"OPTOTRAK _ P83 _ Left _ 3",-177.140548434478,105.131676034552,-2496.02436432581,-101.288543759871,171.285032602179,-2523.87021168221
"OPTOTRAK _ P83 _ Left _ 3",-176.594365882368,104.971738881942,-2495.22303074349,-100.923912262536,172.742678112015,-2525.41953446334
"OPTOTRAK _ P83 _ Left _ 3",-174.805857116297,106.207430520098,-2493.80938230769,-102.129810962813,171.491311754477,-2524.64517542295
"OPTOTRAK _ P83 _ Left _ 3",-171.989517750071,108.703261571318,-2491.89959759279,-104.808432856939,167.627085737076,-2521.55403207255
"OPTOTRAK _ P83 _ Left _ 3",-168.467510402001,112.197227255365,-2489.66984785956,-108.74796342638,161.557529058253,-2516.42729007661
"OPTOTRAK _ P83 _ Left _ 3",-164.628934432011,116.323239601623,-2487.34358074454,-113.617100063157,153.961617293826,-2509.81209716716
"OPTOTRAK _ P83 _ Left _ 3",-160.877228997848,120.652146173468,-2485.16670820474,-118.971802651384,145.697926506486,-2502.46076557299
"OPTOTRAK _ P83 _ Left _ 3",-157.57561561685,124.747160160608,-2483.37489819766,-124.287860867203,137.674968682349,-2495.22130895773
"OPTOTRAK _ P83 _ Left _ 3",-155.004540928989,128.219968429982,-2482.16033966525,-129.019390816991,130.716881523933,-2488.9045711724
"OPTOTRAK _ P83 _ Left _ 3",-153.342034337649,130.771293937117,-2481.64532048862,-132.668583990902,125.462776650349,-2484.16533012617
"OPTOTRAK _ P83 _ Left _ 3",-152.668135388972,132.207457969722,-2481.86744245294,-134.847320189271,122.322538442388,-2481.42814363631
"OPTOTRAK _ P83 _ Left _ 3",-152.984123758288,132.437014831601,-2482.77808785413,-135.319026825075,121.484492658527,-2480.86745508955
"OPTOTRAK _ P83 _ Left _ 3",-154.232789958167,131.459611111197,-2484.25311308454,-134.020521642048,122.948892937329,-2482.42982754495
"OPTOTRAK _ P83 _ Left _ 3",-156.309351320158,129.358164194516,-2486.11289593253,-131.068477726295,126.55777214246,-2485.87600610271
"OPTOTRAK _ P83 _ Left _ 3",-159.06079479545,126.297674255797,-2488.147518112,-126.752020346964,132.005347668611,-2490.82368189351
"OPTOTRAK _ P83 _ Left _ 3",-162.279490154111,122.525547115314,-2490.14206697347,-121.508002255846,138.833335904177,-2496.78241270962
"OPTOTRAK _ P83 _ Left _ 3",-165.700910252039,118.364575340169,-2491.89746904756,-115.875709040668,146.430137838143,-2503.18245492863
"OPTOTRAK _ P83 _ Left _ 3",-169.013748724843,114.192504602989,-2493.24442877182,-110.434698340104,154.054708754435,-2509.40435723386
"OPTOTRAK _ P83 _ Left _ 3",-171.885156694132,110.408699054919,-2494.0512182546,-105.737877911797,160.895901041194,-2514.81577833669
"OPTOTRAK _ P83 _ Left _ 3",-173.997754924384,107.393707492016,-2494.22850897066,-102.254327489558,166.163512927289,-2518.81910400493
"OPTOTRAK _ P83 _ Left _ 3",-175.091580455609,105.468314847644,-2493.73471690108,-100.330192897847,169.196107513957,-2520.91049065044
"OPTOTRAK _ P83 _ Left _ 3",-175.003733522001,104.856138237129,-2492.58331429442,-100.165886346879,169.565932312456,-2520.74744158192
"OPTOTRAK _ P83 _ Left _ 3",-173.699497824118,105.651806348989,-2490.85039135048,-101.801489205469,167.160862163305,-2518.21620035144
"OPTOTRAK _ P83 _ Left _ 3",-171.289327554802,107.79779116399,-2488.67814114835,-105.104281932042,162.224397513926,-2513.48278761119
"OPTOTRAK _ P83 _ Left _ 3",-168.02634814786,111.076059937125,-2486.26930624436,-109.76120286515,155.338119874119,-2507.00679897767
"OPTOTRAK _ P83 _ Left _ 3",-164.280798424329,115.122113684339,-2483.86946966066,-115.288079920061,147.340617510429,-2499.50088407052
"OPTOTRAK _ P83 _ Left _ 3",-160.492868962384,119.46516848737,-2481.73776382331,-121.068755673419,139.194711789956,-2491.83366247039
"OPTOTRAK _ P83 _ Left _ 3",-157.112460538174,123.589593590749,-2480.11059734106,-126.427294799822,131.835005780654,-2484.89495315317
"OPTOTRAK _ P83 _ Left _ 3",-154.539123503789,127.00445702346,-2479.16573805057,-130.720750731253,126.037563801197,-2479.45828915722
"OPTOTRAK _ P83 _ Left _ 3",-153.074113537129,129.306095177622,-2478.99461794168,-133.429952649007,122.34329481136,-2476.07637685823
"OPTOTRAK _ P83 _ Left _ 3",-152.890100621612,130.223886144376,-2479.58903799494,-134.228508162837,121.040556823446,-2475.02984073631
"OPTOTRAK _ P83 _ Left _ 3",-154.017513411854,129.646886879262,-2480.845143186,-133.021175600633,122.187161221976,-2476.32826238615
"OPTOTRAK _ P83 _ Left _ 3",-156.343934700594,127.633077756823,-2482.58345507964,-129.951519344194,125.642663810241,-2479.74724686505
"OPTOTRAK _ P83 _ Left _ 3",-159.624599003574,124.402374436581,-2484.57983611261,-125.380500628815,131.09119422557,-2484.88152825442
"OPTOTRAK _ P83 _ Left _ 3",-163.504881285071,120.312547029665,-2486.59959951875,-119.836703188794,138.053498155573,-2491.19948766939
"OPTOTRAK _ P83 _ Left _ 3",-167.556236209164,115.817898253359,-2488.42676771066,-113.942098546633,145.901309455976,-2498.09268096778
"OPTOTRAK _ P83 _ Left _ 3",-171.324052454519,111.415069890765,-2489.88333136831,-108.325730996223,153.889772911078,-2504.92000397013
"OPTOTRAK _ P83 _ Left _ 3",-174.381271983313,107.585345884508,-2490.83821013065,-103.545042315883,161.215495577848,-2511.04871788347
"OPTOTRAK _ P83 _ Left _ 3",-176.378973887496,104.743658098206,-2491.20981784177,-100.032981806121,167.096520402882,-2515.89540313783
"OPTOTRAK _ P83 _ Left _ 3",-177.08638987083,103.200001778375,-2490.96727732809,-98.0773164546034,170.863388725902,-2518.97027059789
"OPTOTRAK _ P83 _ Left _ 3",-176.41656411179,103.13277130744,-2490.13305370516,-97.8236285922331,172.048884103748,-2519.92698381756
"OPTOTRAK _ P83 _ Left _ 3",-174.436852987339,104.570670480693,-2488.78587562786,-99.2848428734375,170.46413553604,-2518.61534791945
"OPTOTRAK _ P83 _ Left _ 3",-171.363807264591,107.382392584618,-2487.0598402681,-102.342854495737,166.246973873667,-2515.12636969775
"OPTOTRAK _ P83 _ Left _ 3",-167.540821169318,111.278766376521,-2485.1352990059,-106.739943860988,159.866295734596,-2509.8122124845
"OPTOTRAK _ P83 _ Left _ 3",-163.397337666778,115.835357048699,-2483.21965925686,-112.071777728792,152.069555319746,-2503.26313710829
"OPTOTRAK _ P83 _ Left _ 3",-159.392573293644,120.540263065503,-2481.52027607119,-117.800959172442,143.773971616652,-2496.23350285216
"OPTOTRAK _ P83 _ Left _ 3",-155.953376627526,124.862247961419,-2480.21501897767,-123.30454001195,135.922707782044,-2489.5274111236
"OPTOTRAK _ P83 _ Left _ 3",-153.420218332889,128.324240946467,-2479.42717932252,-127.952800199515,129.343795338559,-2483.87268317258
"OPTOTRAK _ P83 _ Left _ 3",-152.013116449599,130.564168695653,-2479.2099688221,-131.200500219685,124.64955066148,-2479.81821617108
"OPTOTRAK _ P83 _ Left _ 3",-151.821128374491,131.371434894003,-2479.54318728924,-132.666841042215,122.19532320322,-2477.67941555654
"OPTOTRAK _ P83 _ Left _ 3",-152.810322872343,130.69790845596,-2480.34196455492,-132.187681695179,122.090143523075,-2477.53572634077
"OPTOTRAK _ P83 _ Left _ 3",-154.841301119691,128.649346668827,-2481.47518299667,-129.834240043124,124.234606197324,-2479.26587014011
"OPTOTRAK _ P83 _ Left _ 3",-157.689471974922,125.463662535564,-2482.7891919625,-125.898493429083,128.36124074429,-2482.59901727469
"OPTOTRAK _ P83 _ Left _ 3",-161.066257524465,121.479326088384,-2484.13106288529,-120.847351251186,134.065222750116,-2487.1638922524
"OPTOTRAK _ P83 _ Left _ 3",-164.6429402731,117.095489951838,-2485.36580225808,-115.250931102611,140.827695760678,-2492.52697120721
"OPTOTRAK _ P83 _ Left _ 3",-168.078669629979,112.727419451188,-2486.38432185892,-109.697392919245,148.041437070682,-2498.21930523062
"OPTOTRAK _ P83 _ Left _ 3",-171.051139580174,108.764309120137,-2487.10293106636,-104.713781509809,155.047018719456,-2503.75608587991
"OPTOTRAK _ P83 _ Left _ 3",-173.285627484343,105.537355370155,-2487.45865711823,-100.712442527826,161.181121588798,-2508.65441570777
"OPTOTRAK _ P83 _ Left _ 3",-174.577923072629,103.301982047049,-2487.4058583792,-97.9729362375485,165.833297299411,-2512.45480494116
"OPTOTRAK _ P83 _ Left _ 3",-174.809188441451,102.231535084833,-2486.91796616996,-96.6542024451242,168.506190484583,-2514.75146069864
"OPTOTRAK _ P83 _ Left _ 3",-173.953763322739,102.41506992993,-2485.99494931712,-96.8194439712248,168.875088747579,-2515.23439346321
"OPTOTRAK _ P83 _ Left _ 3",-172.081886464153,103.852350292318,-2484.67384080671,-98.4535571955561,166.841531361669,-2513.74126158189
"OPTOTRAK _ P83 _ Left _ 3",-169.357455052835,106.44479035955,-2483.03751185286,-101.461178559931,162.570824904837,-2510.30888564532
"OPTOTRAK _ P83 _ Left _ 3",-166.027893469305,109.988496976334,-2481.21646939619,-105.648170150805,156.497772267743,-2505.20652091027
"OPTOTRAK _ P83 _ Left _ 3",-162.402088805876,114.179908112977,-2479.38017478593,-110.702982574085,149.285276520081,-2498.93064687304
"OPTOTRAK _ P83 _ Left _ 3",-158.815612558399,118.641874013868,-2477.71796494374,-116.198923295096,141.732058145528,-2492.14912393361
"OPTOTRAK _ P83 _ Left _ 3",-155.589179370589,122.968576080809,-2476.41362997212,-121.629709099685,134.646681943036,-2485.60093462063
"OPTOTRAK _ P83 _ Left _ 3",-152.991698496529,126.777172132514,-2475.61993654572,-126.472647222346,128.724005846872,-2479.97807091949
"OPTOTRAK _ P83 _ Left _ 3",-151.218266681802,129.750399220257,-2475.43876047035,-130.258522733372,124.462484242889,-2475.82545976398
"OPTOTRAK _ P83 _ Left _ 3",-150.385782809368,131.660606287782,-2475.90983498183,-132.626340152,122.141670088528,-2473.48570623491
"OPTOTRAK _ P83 _ Left _ 3",-150.539886389333,132.376756722925,-2477.00830425592,-133.353994524018,121.850061514292,-2473.09350899548
"OPTOTRAK _ P83 _ Left _ 3",-151.662781274203,131.863444615234,-2478.64959590656,-132.370531384656,123.532663470438,-2474.60401554941
"OPTOTRAK _ P83 _ Left _ 3",-153.674264777937,130.18051897041,-2480.69962765912,-129.760505970554,127.026215885957,-2477.83103765671
"OPTOTRAK _ P83 _ Left _ 3",-156.42541882863,127.48541907063,-2482.98828432537,-125.764843466685,132.065675158891,-2482.47622778818
"OPTOTRAK _ P83 _ Left _ 3",-159.691456472371,124.033136266834,-2485.32396882328,-120.772839328108,138.26759989273,-2488.14321925647
"OPTOTRAK _ P83 _ Left _ 3",-163.173405077685,120.165714846086,-2487.50733297382,-115.295519281851,145.112711347895,-2494.34369458636
"OPTOTRAK _ P83 _ Left _ 3",-166.516239181877,116.286056807434,-2489.34376503851,-109.915753848747,151.953244152134,-2500.50942829966
"OPTOTRAK _ P83 _ Left _ 3",-169.345156789012,112.817098618804,-2490.6563678376,-105.221452557993,158.060457482005,-2506.02335004065
"OPTOTRAK _ P83 _ Left _ 3",-171.315138291308,110.152683341676,-2491.30211471788,-101.736004758855,162.710753507806,-2510.27546833267
"OPTOTRAK _ P83 _ Left _ 3",-172.164568307406,108.607884123142,-2491.19204862792,-99.8591486166586,165.294227928355,-2512.74000312987
"OPTOTRAK _ P83 _ Left _ 3",-171.762309327204,108.375175224484,-2490.31234764868,-99.8240328705385,165.422066038675,-2513.06145353905
"OPTOTRAK _ P83 _ Left _ 3",-170.138267882746,109.491761127173,-2488.7393896665,-101.669797134368,163.0082955511,-2511.13105363324
"OPTOTRAK _ P83 _ Left _ 3",-167.489342623477,111.824138480707,-2486.64124075485,-105.228809913925,158.304474058649,-2507.13217285781
"OPTOTRAK _ P83 _ Left _ 3",-164.156108248025,115.076885702327,-2484.26108462115,-110.132686817438,151.87283777421,-2501.53564625671
"OPTOTRAK _ P83 _ Left _ 3",-160.571747908563,118.8301104557,-2481.88374464352,-115.845032935106,144.496596425476,-2495.03617559799
"OPTOTRAK _ P83 _ Left _ 3",-157.193213304493,122.601923779622,-2479.79221389383,-121.724909698264,137.045388215258,-2488.43872555262
"OPTOTRAK _ P83 _ Left _ 3",-154.431728957867,125.921831805219,-2478.22450079632,-127.112835708609,130.332165332096,-2482.52318003852
"OPTOTRAK _ P83 _ Left _ 3",-152.60023631143,128.395522425821,-2477.34064674019,-131.419126567452,125.002664631993,-2477.9254027068
"OPTOTRAK _ P83 _ Left _ 3",-151.887322852805,129.746437029671,-2477.20598411575,-134.19330626481,121.483411398012,-2475.06540118819
"OPTOTRAK _ P83 _ Left _ 3",-152.355338931044,129.83158288718,-2477.79171939848,-135.164594104139,119.986536775943,-2474.13206495537
"OPTOTRAK _ P83 _ Left _ 3",-153.952414415906,128.639237011318,-2478.98986133413,-134.256968085993,120.54666657467,-2475.11180106384
"OPTOTRAK _ P83 _ Left _ 3",-156.527895314284,126.278352409168,-2480.63719390459,-131.587322004703,123.059249065396,-2477.83676142627
"OPTOTRAK _ P83 _ Left _ 3",-159.846396079805,122.964740952731,-2482.54217102,-127.450623258243,127.30077313221,-2482.02993304134
"OPTOTRAK _ P83 _ Left _ 3",-163.602264313681,119.003080247525,-2484.50896955725,-122.289231538559,132.929827435853,-2487.33460781312
"OPTOTRAK _ P83 _ Left _ 3",-167.439477699687,114.761544472847,-2486.35459251789,-116.64294786144,139.48258188371,-2493.32790018327
"OPTOTRAK _ P83 _ Left _ 3",-170.980361733113,110.638590116472,-2487.91788054843,-111.083891782108,146.380231651197,-2499.52671301969
"OPTOTRAK _ P83 _ Left _ 3",-173.86190143823,107.025986628799,-2489.0626931268,-106.149820084607,152.959836970252,-2505.39773474756
"OPTOTRAK _ P83 _ Left _ 3",-175.774491707489,104.27400791252,-2489.67973604909,-102.292148109239,158.530110548892,-2510.38155439234
"OPTOTRAK _ P83 _ Left _ 3",-176.497219280341,102.662127506824,-2489.69131259609,-99.8473593667388,162.446373780615,-2513.93670118126
"OPTOTRAK _ P83 _ Left _ 3",-175.925596681772,102.37430923272,-2489.06078791726,-99.0278404256359,164.195634078002,-2515.60346289948
"OPTOTRAK _ P83 _ Left _ 3",-174.089431480581,103.476417736929,-2487.80509965217,-99.9193955878766,163.480623718384,-2515.08006498611
"OPTOTRAK _ P83 _ Left _ 3",-171.15838159658,105.896396990975,-2486.00580797253,-102.473525106238,160.287979079656,-2512.29602694743
"OPTOTRAK _ P83 _ Left _ 3",-167.431522069601,109.413611943724,-2483.81306960411,-106.492234277548,154.921884343382,-2507.46160890072
"OPTOTRAK _ P83 _ Left _ 3",-163.307660444734,113.667322631266,-2481.4380049136,-111.61557288507,147.98561583537,-2501.07212587482
"OPTOTRAK _ P83 _ Left _ 3",-159.237301212259,118.191395371298,-2479.13194811077,-117.329195125426,140.304254097798,-2493.85505644475
"OPTOTRAK _ P83 _ Left _ 3",-155.664006085835,122.472938434299,-2477.15490660123,-123.005220216283,132.801126758919,-2486.66556721089
"OPTOTRAK _ P83 _ Left _ 3",-152.96792799716,126.022090152959,-2475.73859874362,-127.975716792324,126.3587823092,-2480.35483730943
"OPTOTRAK _ P83 _ Left _ 3",-151.423073531697,128.436310418104,-2475.0507036096,-131.623420433746,121.700130053553,-2475.64460101418
"OPTOTRAK _ P83 _ Left _ 3",-151.172653612545,129.447975568808,-2475.16671631789,-133.469207332501,119.312366339634,-2473.03503437494
"OPTOTRAK _ P83 _ Left _ 3",-152.219181406549,128.953559295645,-2476.05479472639,-133.241788873029,119.414366011157,-2472.75649254459
"OPTOTRAK _ P83 _ Left _ 3",-154.423481046986,127.028042968055,-2477.57727550686,-130.923520661451,121.952623418114,-2474.7600025564
"OPTOTRAK _ P83 _ Left _ 3",-157.510482691124,123.926200890765,-2479.50966635012,-126.76894163037,126.61042863303,-2478.73507327619
"OPTOTRAK _ P83 _ Left _ 3",-161.085740332817,120.066734463165,-2481.57404927811,-121.290268494771,132.82656288752,-2484.14644577238
"OPTOTRAK _ P83 _ Left _ 3",-164.669800331071,115.992279175076,-2483.4803747997,-115.203588108259,139.832749435803,-2490.2881198951
"OPTOTRAK _ P83 _ Left _ 3",-167.754781105314,112.301952880972,-2484.96784566326,-109.336087869467,146.723441982351,-2496.3568253759
"OPTOTRAK _ P83 _ Left _ 3",-169.879468178468,109.562194922168,-2485.83987648432,-104.506381369092,152.563721986876,-2501.54486817791
"OPTOTRAK _ P83 _ Left _ 3",-170.709759402389,108.21125408878,-2485.98856400025,-101.399663856749,156.525222339925,-2505.14542011676
"OPTOTRAK _ P83 _ Left _ 3",-170.105140313956,108.477982557185,-2485.40650607799,-100.461419175843,158.024601246035,-2506.65589827181
"OPTOTRAK _ P83 _ Left _ 3",-168.152046029595,110.334744644027,-2484.18477264121,-101.828109509804,156.831597257437,-2505.86050520798
"OPTOTRAK _ P83 _ Left _ 3",-165.15185568724,113.49801449343,-2482.49679232625,-105.305364845281,153.117023502522,-2502.87272291113
"OPTOTRAK _ P83 _ Left _ 3",-161.563264638353,117.479827712081,-2480.56989291624,-110.397181039346,147.424232976487,-2498.12331514911
"OPTOTRAK _ P83 _ Left _ 3",-157.912689420561,121.679953952234,-2478.64910795675,-116.382974068577,140.567712442069,-2492.29012841328
"OPTOTRAK _ P83 _ Left _ 3",-154.697083666637,125.495889049091,-2476.96019541137,-122.43069113123,133.484271828112,-2486.18184868364
"OPTOTRAK _ P83 _ Left _ 3",-152.305442783992,128.421774440122,-2475.67899571569,-127.724526690002,127.077043830891,-2480.60328572664
"OPTOTRAK _ P83 _ Left _ 3",-150.976288829451,130.113072134102,-2474.91210296402,-131.581043167641,122.091581413689,-2476.23581820996
"OPTOTRAK _ P83 _ Left _ 3",-150.793056916986,130.409146756688,-2474.69076712924,-133.532864736736,119.045900055452,-2473.55839290051
"OPTOTRAK _ P83 _ Left _ 3",-151.70605832118,129.321813547333,-2474.97742236352,-133.371965703652,118.212275848389,-2472.8166069415
"OPTOTRAK _ P83 _ Left _ 3",-153.564873028455,127.005594809165,-2475.68236772278,-131.155866843079,119.631705133674,-2474.0307310863
"OPTOTRAK _ P83 _ Left _ 3",-156.148903642662,123.722923482548,-2476.68631075943,-127.183543390225,123.139486358642,-2477.02609386682
"OPTOTRAK _ P83 _ Left _ 3",-159.191812042667,119.80981576051,-2477.8628312523,-121.945656951338,128.38980921011,-2481.47155533677
"OPTOTRAK _ P83 _ Left _ 3",-162.40201929288,115.641592436952,-2479.09459585624,-116.05278372768,134.880017204017,-2486.91886399592
"OPTOTRAK _ P83 _ Left _ 3",-165.48315212406,111.597825191133,-2480.27963586663,-110.149922674341,141.982939237356,-2492.84169958542
"OPTOTRAK _ P83 _ Left _ 3",-168.155895747157,108.029174759592,-2481.32872165978,-104.8329934448,148.994664535419,-2498.67532626952
"OPTOTRAK _ P83 _ Left _ 3",-170.179478104675,105.231281211674,-2482.15926330986,-100.58579600879,155.198054720614,-2503.85722930778
"OPTOTRAK _ P83 _ Left _ 3",-171.370014489409,103.428972975946,-2482.69252692036,-97.7490535716193,159.935504635541,-2507.8687769519
"OPTOTRAK _ P83 _ Left _ 3",-171.614535904181,102.768932634018,-2482.8586653842,-96.5194726690911,162.682306730886,-2510.27883818315
"OPTOTRAK _ P83 _ Left _ 3",-170.881468371255,103.314966676605,-2482.60974705415,-96.964641927428,163.113218274063,-2510.79039443043
"OPTOTRAK _ P83 _ Left _ 3",-169.228165918455,105.040802274077,-2481.93687987232,-99.0364374771286,161.154969623587,-2509.28781472667
"OPTOTRAK _ P83 _ Left _ 3",-166.803516067823,107.820850728926,-2480.88517364898,-102.572901235104,157.014268709045,-2505.87550816897
"OPTOTRAK _ P83 _ Left _ 3",-163.840870776707,111.425984788297,-2479.56020657112,-107.291681399006,151.167623415603,-2500.89200922878
"OPTOTRAK _ P83 _ Left _ 3",-160.636774248527,115.534078638015,-2478.12179509647,-112.789156389915,144.302674704294,-2494.88343609666
"OPTOTRAK _ P83 _ Left _ 3",-157.515688555651,119.760706316843,-2476.7645678465,-118.561013553253,137.214635948939,-2488.53089626143
"OPTOTRAK _ P83 _ Left _ 3",-154.788002640381,123.705625959278,-2475.68879139553,-124.050157348043,130.681189534156,-2482.54498676107
"OPTOTRAK _ P83 _ Left _ 3",-152.712876494575,127.002112453733,-2475.06757753366,-128.712510636181,125.352014799769,-2477.55653244278
"OPTOTRAK _ P83 _ Left _ 3",-151.474995720056,129.355580328268,-2475.01729728643,-132.081957261632,121.683746982886,-2474.03493241667
"OPTOTRAK _ P83 _ Left _ 3",-151.176574725715,130.565626704379,-2475.5771056583,-133.819224004832,119.928935749196,-2472.2518344819
"OPTOTRAK _ P83 _ Left _ 3",-151.838751984642,130.535045648635,-2476.70162996283,-133.741353548486,120.162566403279,-2472.28735115184
"OPTOTRAK _ P83 _ Left _ 3",-153.404661514679,129.273424209954,-2478.26836759489,-131.837508499046,122.317080158194,-2474.0608383339
"OPTOTRAK _ P83 _ Left _ 3",-155.740199711234,126.899868924901,-2480.09819473548,-128.276504169197,126.201914774022,-2477.36485623538
"OPTOTRAK _ P83 _ Left _ 3",-158.634496851628,123.642866058792,-2481.9840628259,-123.404236255944,131.500849032922,-2481.88811427909
"OPTOTRAK _ P83 _ Left _ 3",-161.80633197311,119.830622883821,-2483.72075951596,-117.723000809424,137.759134947896,-2487.22532640202
"OPTOTRAK _ P83 _ Left _ 3",-164.922777004015,115.865874876346,-2485.12902965108,-111.846021345906,144.382752059811,-2492.8827155866
"OPTOTRAK _ P83 _ Left _ 3",-167.632359001878,112.184507582853,-2486.07055900088,-106.429168081404,150.669677714089,-2498.29310417005
"OPTOTRAK _ P83 _ Left _ 3",-169.609321095138,109.20362038613,-2486.45454233813,-102.091445611037,155.88039603236,-2502.85285776358
"OPTOTRAK _ P83 _ Left _ 3",-170.601088557145,107.267998207813,-2486.2393619641,-99.3393592796532,159.339237323563,-2505.9856886264
"OPTOTRAK _ P83 _ Left _ 3",-170.469477596601,106.603475706459,-2485.43302904013,-98.5063221312791,160.546453640929,-2507.22789888061
"OPTOTRAK _ P83 _ Left _ 3",-169.217207256878,107.283525015106,-2484.09397362232,-99.7116128688943,159.275832609645,-2506.31886024308
"OPTOTRAK _ P83 _ Left _ 3",-166.993593517182,109.214079981506,-2482.33104539663,-102.84011774768,155.63307293174,-2503.2726358368
"OPTOTRAK _ P83 _ Left _ 3",-164.076264384337,112.141322083214,-2480.29974885556,-107.545987024666,150.055280683784,-2498.40531499282
"OPTOTRAK _ P83 _ Left _ 3",-160.829937234399,115.685418142248,-2478.19168369784,-113.286257414116,143.243518059068,-2492.30093378659
"OPTOTRAK _ P83 _ Left _ 3",-157.649349182833,119.39735184108,-2476.21594825175,-119.387773921467,136.039461994375,-2485.71688338364
"OPTOTRAK _ P83 _ Left _ 3",-154.899624848367,122.827068584971,-2474.57409192539,-125.139901786593,129.278476875652,-2479.45168421092
"OPTOTRAK _ P83 _ Left _ 3",-152.869345413507,125.585166981364,-2473.43276403434,-129.892857706762,123.662329325682,-2474.21283703378
"OPTOTRAK _ P83 _ Left _ 3",-151.746182643008,127.383376148804,-2472.89949056042,-133.137895776167,119.685501872086,-2470.52081159858
"OPTOTRAK _ P83 _ Left _ 3",-151.61461495634,128.050089476749,-2473.00680700256,-134.555197071839,117.623262250026,-2468.66782709297
"OPTOTRAK _ P83 _ Left _ 3",-152.466690609787,127.528286012312,-2473.70851449391,-134.030347399664,117.56307789176,-2468.72758941184
"OPTOTRAK _ P83 _ Left _ 3",-154.215058456207,125.866925112782,-2474.88929822549,-131.649192657259,119.448407903048,-2470.59633940395
"OPTOTRAK _ P83 _ Left _ 3",-156.702213642912,123.212628098005,-2476.38566436338,-127.679347270947,123.109105394718,-2474.04166300914
"OPTOTRAK _ P83 _ Left _ 3",-159.706951679063,119.801009255133,-2478.01298771064,-122.539673518417,128.269109134553,-2478.74175836809
"OPTOTRAK _ P83 _ Left _ 3",-162.953792156537,115.94228714539,-2479.59180599792,-116.754955036768,134.539376518527,-2484.30892074015
"OPTOTRAK _ P83 _ Left _ 3",-166.131062296454,111.99685263607,-2480.96743535639,-110.896379503891,141.413582138349,-2490.30119206851
"OPTOTRAK _ P83 _ Left _ 3",-168.919061450834,108.341738141718,-2482.02027711381,-105.516703795778,148.282966369769,-2496.23169384386
"OPTOTRAK _ P83 _ Left _ 3",-171.024515930373,105.333727525048,-2482.6681499322,-101.094536453533,154.478034245219,-2501.58555505599
"OPTOTRAK _ P83 _ Left _ 3",-172.214812691472,103.275417618078,-2482.86456920924,-97.9992496816842,159.334929648069,-2505.85129978173
"OPTOTRAK _ P83 _ Left _ 3",-172.346304137157,102.387216786864,-2482.5970273034,-96.4777732811734,162.277835577124,-2508.56892538299
"OPTOTRAK _ P83 _ Left _ 3",-171.383512422182,102.78471078279,-2481.88737125525,-96.6539619548386,162.905610556515,-2509.39135657622
"OPTOTRAK _ P83 _ Left _ 3",-169.407734219825,104.460532611141,-2480.79366708527,-98.5276117781927,161.068200690629,-2508.14959047576
"OPTOTRAK _ P83 _ Left _ 3",-166.613384797697,107.273245981018,-2479.4109121636,-101.965901080436,156.915119031358,-2504.90567850513
"OPTOTRAK _ P83 _ Left _ 3",-163.289829350272,110.949822799663,-2477.86749656809,-106.691396483411,150.897684932492,-2499.97460833436
"OPTOTRAK _ P83 _ Left _ 3",-159.787913107847,115.108736662963,-2476.31555779427,-112.280477369976,143.713971239987,-2493.90001790866
"OPTOTRAK _ P83 _ Left _ 3",-156.475022472108,119.305020730762,-2474.91566635148,-118.18710086785,136.202202055746,-2487.38127842076
"OPTOTRAK _ P83 _ Left _ 3",-153.688071523088,123.089089586488,-2473.81833864992,-123.797117977283,129.208479802653,-2481.16703524958
"OPTOTRAK _ P83 _ Left _ 3",-151.695737143562,126.064318448101,-2473.14559021614,-128.503520262888,123.46599928662,-2475.94357184013
"OPTOTRAK _ P83 _ Left _ 3",-150.676887629891,127.929996127281,-2472.9751852125,-131.783647575327,119.516215210325,-2472.24676172432
"OPTOTRAK _ P83 _ Left _ 3",-150.714045047034,128.505204406981,-2473.32946721288,-133.261997047734,117.68062799096,-2470.41341915761
"OPTOTRAK _ P83 _ Left _ 3",-151.79476527884,127.738196495978,-2474.17035792608,-132.752667798587,118.068757862881,-2470.5700911082
"OPTOTRAK _ P83 _ Left _ 3",-153.813919036268,125.708471234337,-2475.40186835962,-130.283362810155,120.597438787017,-2472.64530182304
"OPTOTRAK _ P83 _ Left _ 3",-156.575149302253,122.624469427867,-2476.88048279364,-126.102432455699,125.002947422366,-2476.39002538774
"OPTOTRAK _ P83 _ Left _ 3",-159.79608260289,118.813349408035,-2478.43195605921,-120.664981228639,130.844180378337,-2481.39858368063
"OPTOTRAK _ P83 _ Left _ 3",-163.124828406811,114.696259183799,-2479.87136392311,-114.591495666655,137.510811624519,-2487.13202802855
"OPTOTRAK _ P83 _ Left _ 3",-166.172909508072,110.74550137224,-2481.02294807544,-108.597655108922,144.255821491961,-2492.95225074096
"OPTOTRAK _ P83 _ Left _ 3",-168.563354773188,107.426985562177,-2481.73768802004,-103.404351865064,150.26442373597,-2498.174661866
"OPTOTRAK _ P83 _ Left _ 3",-169.985897849765,105.137650372826,-2481.9083775626,-99.6447353268627,154.756240158763,-2502.14130436777
"OPTOTRAK _ P83 _ Left _ 3",-170.247510148766,104.149571595491,-2481.48261803642,-97.784705733602,157.103192152651,-2504.30804148465
"OPTOTRAK _ P83 _ Left _ 3",-169.306962951715,104.570384442352,-2480.47301240263,-98.0663329015417,156.938036737317,-2504.33196660972
"OPTOTRAK _ P83 _ Left _ 3",-167.285499880109,106.326159957511,-2478.9619421831,-100.476837715198,154.228337481447,-2502.14032692618
"OPTOTRAK _ P83 _ Left _ 3",-164.450246127274,109.17010753462,-2477.09734515837,-104.74412944359,149.295745820301,-2497.96147872601
"OPTOTRAK _ P83 _ Left _ 3",-161.172126055891,112.717864659285,-2475.07714158749,-110.362339022331,142.770218092021,-2492.30348841368
"OPTOTRAK _ P83 _ Left _ 3",-157.866059509401,116.505501421063,-2473.1233192721,-116.651207663665,135.484285218486,-2485.87813099187
"OPTOTRAK _ P83 _ Left _ 3",-154.926959266154,120.059410918007,-2471.45059039815,-122.846363540425,128.33151003782,-2479.48507062672
"OPTOTRAK _ P83 _ Left _ 3",-152.677104249467,122.961871616261,-2470.23667336213,-128.20537314877,122.127037631265,-2473.88564091741
"OPTOTRAK _ P83 _ Left _ 3",-151.335762545557,124.89760174846,-2469.6003662653,-132.106215918028,117.506334868756,-2469.6986991095
"OPTOTRAK _ P83 _ Left _ 3",-151.012003949551,125.675761560706,-2469.59053811356,-134.118447830701,114.87922750963,-2467.33929860713
"OPTOTRAK _ P83 _ Left _ 3",-151.712522252892,125.232586351705,-2470.18601157681,-134.040372234217,114.431178815659,-2467.0014186771
"OPTOTRAK _ P83 _ Left _ 3",-153.353526353146,123.624778950547,-2471.30434563025,-131.907338682882,116.147607305494,-2468.67058635562
"OPTOTRAK _ P83 _ Left _ 3",-155.770029268452,121.02069840059,-2472.8166069345,-127.979027940807,119.837497665486,-2472.14828093934
"OPTOTRAK _ P83 _ Left _ 3",-158.723283218595,117.68910805156,-2474.56467383659,-122.708950564331,125.145971227458,-2477.07647314286
"OPTOTRAK _ P83 _ Left _ 3",-161.912544370446,113.979967614748,-2476.37747740337,-116.695084269977,131.561828804494,-2482.96109122054
"OPTOTRAK _ P83 _ Left _ 3",-164.997578290344,110.292443326602,-2478.08366893687,-110.612475435811,138.435763567819,-2489.20090290695
"OPTOTRAK _ P83 _ Left _ 3",-167.633632779492,107.0311282119,-2479.52077020093,-105.135666203324,145.023664244557,-2495.12981176679
"OPTOTRAK _ P83 _ Left _ 3",-169.514349162294,104.557643463171,-2480.54353966848,-100.864278660741,150.559663820225,-2500.07663892626
"OPTOTRAK _ P83 _ Left _ 3",-170.414141313064,103.146795133305,-2481.03499223341,-98.2634006900795,154.351804728985,-2503.44018316036
"OPTOTRAK _ P83 _ Left _ 3",-170.221548791551,102.953827335079,-2480.92141077749,-97.6227115267104,155.884704474532,-2504.77129403827
"OPTOTRAK _ P83 _ Left _ 3",-168.957618895628,103.995401458611,-2480.18898212339,-99.0311630046906,154.90958713286,-2503.84874907041
"OPTOTRAK _ P83 _ Left _ 3",-166.776170629899,106.145162938194,-2478.89660318715,-102.363307986628,151.50121340317,-2500.73227020609
"OPTOTRAK _ P83 _ Left _ 3",-163.944945498221,109.145419426471,-2477.17866333265,-107.279145411384,146.063713429688,-2495.77558701912
"OPTOTRAK _ P83 _ Left _ 3",-160.809153295012,112.636740106363,-2475.23366481207,-113.245963045281,139.275792726547,-2489.58786642891
"OPTOTRAK _ P83 _ Left _ 3",-157.742938608433,116.204139300185,-2473.29866094115,-119.590747241474,131.981914127441,-2482.94467394811
"OPTOTRAK _ P83 _ Left _ 3",-155.098798704705,119.432188233774,-2471.61408723337,-125.58223000955,125.055317133943,-2476.66658232321
"OPTOTRAK _ P83 _ Left _ 3",-153.166439592427,121.956570950622,-2470.38669534389,-130.527855074119,119.270167428587,-2471.49584402184
"OPTOTRAK _ P83 _ Left _ 3",-152.148260280284,123.501335310668,-2469.75870748899,-133.863446699628,115.214429388709,-2468.00085393749
"OPTOTRAK _ P83 _ Left _ 3",-152.150612004495,123.898939422126,-2469.78923121744,-135.2181501877,113.254151976991,-2466.52432567173
"OPTOTRAK _ P83 _ Left _ 3",-153.18388762438,123.09787733758,-2470.4506814765,-134.449344180795,113.536865233001,-2467.17310273465
"OPTOTRAK _ P83 _ Left _ 3",-155.164422475372,121.164376628672,-2471.63955505599,-131.651252441145,116.010448049938,-2469.83569027581
"OPTOTRAK _ P83 _ Left _ 3",-157.916260032924,118.280280072817,-2473.19790005673,-127.141611949051,120.438576197176,-2474.21221714995
"OPTOTRAK _ P83 _ Left _ 3",-161.176764829987,114.733461239554,-2474.93962711338,-121.426711642626,126.408748392862,-2479.8478889247
"OPTOTRAK _ P83 _ Left _ 3",-164.612617687927,110.895138053208,-2476.67518477085,-115.143946559706,133.343289843721,-2486.16906739783
"OPTOTRAK _ P83 _ Left _ 3",-167.850253870872,107.182039660982,-2478.22980554175,-108.986313540317,140.529135897721,-2492.52581268389
"OPTOTRAK _ P83 _ Left _ 3",-170.518988889081,104.007837101331,-2479.45417305598,-103.621155598699,147.176691490085,-2498.24442885177
"OPTOTRAK _ P83 _ Left _ 3",-172.299636057749,101.732694761458,-2480.23009503066,-99.6184899613451,152.506448801416,-2502.6901495579
"OPTOTRAK _ P83 _ Left _ 3",-172.969333995661,100.619458153017,-2480.47535187671,-97.3989065100778,155.851448746097,-2505.33639234301
"OPTOTRAK _ P83 _ Left _ 3",-172.434748502326,100.801364254547,-2480.1504989695,-97.2012569667292,156.758086719459,-2505.83392974925
"OPTOTRAK _ P83 _ Left _ 3",-170.748662326991,102.263079156999,-2479.26718243209,-99.0638885231904,155.066368267333,-2504.06998200282
"OPTOTRAK _ P83 _ Left _ 3",-168.107182378786,104.836706337161,-2477.89454883341,-102.814806599109,150.951219273641,-2500.2035647433
"OPTOTRAK _ P83 _ Left _ 3",-164.826341938514,108.216015369616,-2476.15917577215,-108.074050444278,144.909498407892,-2494.66214116082
"OPTOTRAK _ P83 _ Left _ 3",-161.299487014888,111.991865983138,-2474.23515709547,-114.2785282585,137.686739430439,-2488.08999488943
"OPTOTRAK _ P83 _ Left _ 3",-157.941756350104,115.706797744328,-2472.32406270535,-120.737985981282,130.155025134773,-2481.25239769796
"OPTOTRAK _ P83 _ Left _ 3",-155.13342205744,118.918542784584,-2470.62808048449,-126.719094465233,123.172527344925,-2474.91667040312
"OPTOTRAK _ P83 _ Left _ 3",-153.17533746269,121.256951785508,-2469.32199816349,-131.540526712332,117.463606688206,-2469.7414170997
"OPTOTRAK _ P83 _ Left _ 3",-152.26437181367,122.461906667513,-2468.5298349744,-134.656849735276,113.54769742014,-2466.20088585761
"OPTOTRAK _ P83 _ Left _ 3",-152.487347729518,122.399611394767,-2468.31030357102,-135.716964727443,111.720860455792,-2464.55482417247
"OPTOTRAK _ P83 _ Left _ 3",-153.825215936276,121.063583974024,-2468.65292953047,-134.595712704017,112.071454229532,-2464.85591187403
"OPTOTRAK _ P83 _ Left _ 3",-156.159208713807,118.568653032275,-2469.4842812406,-131.404059460927,114.503781570626,-2466.97685510191
"OPTOTRAK _ P83 _ Left _ 3",-159.276255473359,115.141728185208,-2470.68166987987,-126.480763244533,118.752416295519,-2470.64045267655
"OPTOTRAK _ P83 _ Left _ 3",-162.877360259148,111.107158943946,-2472.09032416274,-120.362571227747,124.387030738434,-2475.44476904186
"OPTOTRAK _ P83 _ Left _ 3",-166.595544555186,106.862126857291,-2473.5401612369,-113.728937069606,130.821839027084,-2480.885680887
"OPTOTRAK _ P83 _ Left _ 3",-170.027740707662,102.84018138063,-2474.86016431742,-107.323808091931,137.347515266466,-2486.38511046139
"OPTOTRAK _ P83 _ Left _ 3",-172.77943181404,99.4661058944397,-2475.89108611393,-101.866420659057,143.19576944298,-2491.33298995233
"OPTOTRAK _ P83 _ Left _ 3",-174.515452341723,97.1086992378398,-2476.49883866437,-97.9675154992704,147.633139749431,-2495.14582271897
"OPTOTRAK _ P83 _ Left _ 3",-175.007910616678,96.0378689269811,-2476.59017799923,-96.0634951618837,150.068458709697,-2497.33782651287
"OPTOTRAK _ P83 _ Left _ 3",-174.172833328415,96.3902133547876,-2476.12951083321,-96.3726122086772,150.152257077415,-2497.59452230968
"OPTOTRAK _ P83 _ Left _ 3",-172.089115907965,98.1460178685326,-2475.15258885019,-98.8714975043528,147.845860639198,-2495.83420055989
"OPTOTRAK _ P83 _ Left _ 3",-168.995233988529,101.121605519885,-2473.77142076193,-103.291273601922,143.44135275472,-2492.24067231656
"OPTOTRAK _ P83 _ Left _ 3",-165.261374788143,104.982434258069,-2472.16592588779,-109.137687124687,137.521301351361,-2487.25294621953
"OPTOTRAK _ P83 _ Left _ 3",-161.338881779605,109.280651239321,-2470.56136964521,-115.742097400469,130.861061590365,-2481.50615889066
"OPTOTRAK _ P83 _ Left _ 3",-157.695484013994,113.514161435955,-2469.19501301803,-122.343972078754,124.294958964604,-2475.73269558029
"OPTOTRAK _ P83 _ Left _ 3",-154.750582848522,117.195501641613,-2468.27874858559,-128.192317870977,118.582331014013,-2470.64717427104
"OPTOTRAK _ P83 _ Left _ 3",-152.825049543057,119.914405059037,-2467.96546514883,-132.642950779234,114.309564787973,-2466.84494163286
"OPTOTRAK _ P83 _ Left _ 3",-152.112980263224,121.38208264093,-2468.32554829399,-135.230401152949,111.846962504564,-2464.73610267903
"OPTOTRAK _ P83 _ Left _ 3",-152.673100710695,121.454880682266,-2469.33734835887,-135.706706386484,111.354094777921,-2464.52035738156
"OPTOTRAK _ P83 _ Left _ 3",-154.431837427857,120.142383320028,-2470.89257029783,-134.053115124741,112.809404799701,-2466.19256631472
"OPTOTRAK _ P83 _ Left _ 3",-157.191550237051,117.605384571287,-2472.81468721771,-130.474686004333,116.038226166192,-2469.56305299819
"OPTOTRAK _ P83 _ Left _ 3",-160.643394604966,114.144315552346,-2474.88588489501,-125.381887112842,120.726052973215,-2474.28095236628
"OPTOTRAK _ P83 _ Left _ 3",-164.389425575453,110.17434767699,-2476.876478356,-119.355667520561,126.421490983801,-2479.858513337
"OPTOTRAK _ P83 _ Left _ 3",-167.978997925665,106.183782728421,-2478.57123550538,-113.091109890319,132.545639207679,-2485.70252790662
"OPTOTRAK _ P83 _ Left _ 3",-170.96005357075,102.677334947083,-2479.78973018827,-107.321090227705,138.425854831418,-2491.161235276
"OPTOTRAK _ P83 _ Left _ 3",-172.939509157905,100.111704503268,-2480.40121713315,-102.729778115906,143.362622591523,-2495.59051963573
"OPTOTRAK _ P83 _ Left _ 3",-173.64234231622,98.8336434141701,-2480.33629058578,-99.8696198976708,146.724184950376,-2498.43512049121
"OPTOTRAK _ P83 _ Left _ 3",-172.957866013004,99.0299249567089,-2479.59654573973,-99.0931361614747,148.051105375266,-2499.31291833743
"OPTOTRAK _ P83 _ Left _ 3",-170.963353731149,100.69654157153,-2478.26048645857,-100.506437112013,147.145933153174,-2498.08545932011
"OPTOTRAK _ P83 _ Left _ 3",-167.918254675067,103.633140913897,-2476.48137786827,-103.949375817646,144.122767047183,-2494.89644270587
"OPTOTRAK _ P83 _ Left _ 3",-164.226657462124,107.467427908179,-2474.4728951508,-109.008085425347,139.398206599474,-2490.16289334275
"OPTOTRAK _ P83 _ Left _ 3",-160.372412387274,111.710067819594,-2472.48188980571,-115.064956171172,133.619524321858,-2484.51298230154
"OPTOTRAK _ P83 _ Left _ 3",-156.839867639316,115.832017550664,-2470.75268165331,-121.384016878312,127.545965209536,-2478.67994649283
"OPTOTRAK _ P83 _ Left _ 3",-154.0395163399,119.346671321918,-2469.49092041588,-127.216884920926,121.917045049896,-2473.37805207932
"OPTOTRAK _ P83 _ Left _ 3",-152.25673644349,121.875952905663,-2468.83514485637,-131.904416778348,117.346362445623,-2469.19455234329
"OPTOTRAK _ P83 _ Left _ 3",-151.632148202589,123.186646168947,-2468.84121277747,-134.95132275514,114.265642714099,-2466.52454358251
"OPTOTRAK _ P83 _ Left _ 3",-152.169405816915,123.196574745707,-2469.48099292178,-136.065034304563,112.919086807287,-2465.55671865298
"OPTOTRAK _ P83 _ Left _ 3",-153.758183058642,121.960585942487,-2470.65376077788,-135.165166283182,113.387626967137,-2466.2983304055
"OPTOTRAK _ P83 _ Left _ 3",-156.200235435756,119.648098395488,-2472.20681624868,-132.375383538784,115.616938794279,-2468.61722803961
"OPTOTRAK _ P83 _ Left _ 3",-159.232407872032,116.518911103638,-2473.96051845553,-128.004364279878,119.431964729295,-2472.28033645508
"OPTOTRAK _ P83 _ Left _ 3",-162.547235727736,112.897743205007,-2475.73229896046,-122.514385790663,124.53646536934,-2476.97764556154
"OPTOTRAK _ P83 _ Left _ 3",-165.815204135102,109.145365229657,-2477.35503264369,-116.473419022989,130.509285490182,-2482.33245171186
"OPTOTRAK _ P83 _ Left _ 3",-168.711562029672,105.626138560032,-2478.68782990507,-110.492245975898,136.813381075929,-2487.90693187901
"OPTOTRAK _ P83 _ Left _ 3",-170.946691221644,102.675409606934,-2479.62081414778,-105.156952588957,142.828750667947,-2493.2145986658
"OPTOTRAK _ P83 _ Left _ 3",-172.295680969246,100.571614517466,-2480.07764932185,-100.970985958317,147.910863500957,-2497.74832863735
"OPTOTRAK _ P83 _ Left _ 3",-172.622103179314,99.5157784488457,-2480.01908729844,-98.3159596243995,151.467736046698,-2501.02681215538
"OPTOTRAK _ P83 _ Left _ 3",-171.892649265213,99.6175208629518,-2479.44815084507,-97.4303581531041,153.044116350586,-2502.65570946633
"OPTOTRAK _ P83 _ Left _ 3",-170.181266729487,100.885145219143,-2478.41466449794,-98.3979824615464,152.398990673315,-2502.39374382989
"OPTOTRAK _ P83 _ Left _ 3",-167.662194306338,103.219465613479,-2477.01545245346,-101.138653725776,149.560735092741,-2500.2090462759
"OPTOTRAK _ P83 _ Left _ 3",-164.591152080852,106.415082213984,-2475.38726650348,-105.40155759403,144.843427090235,-2496.30853789365
"OPTOTRAK _ P83 _ Left _ 3",-161.274684465383,110.175130568308,-2473.69194524022,-110.770675456056,138.811980512565,-2491.12548197312
"OPTOTRAK _ P83 _ Left _ 3",-158.030796681092,114.142840227819,-2472.09636295983,-116.694563417033,132.196169356168,-2485.25992135433
"OPTOTRAK _ P83 _ Left _ 3",-155.148738211339,117.945718440496,-2470.75192888535,-122.545225146032,125.771911828872,-2479.3824882893
"OPTOTRAK _ P83 _ Left _ 3",-152.85843526617,121.240684434015,-2469.77838384656,-127.696450470912,120.242871340349,-2474.12726112879
"OPTOTRAK _ P83 _ Left _ 3",-151.317074188433,123.747448741612,-2469.25430893171,-131.601216173853,116.155526200609,-2470.00430045847
"OPTOTRAK _ P83 _ Left _ 3",-150.61225517211,125.264688902154,-2469.21375341713,-133.849680337985,113.863844080059,-2467.35256236405
"OPTOTRAK _ P83 _ Left _ 3",-150.773097332273,125.673808511646,-2469.64676137609,-134.202165187724,113.535583772503,-2466.33466208875
"OPTOTRAK _ P83 _ Left _ 3",-151.77807534917,124.94056132582,-2470.50199629471,-132.603935434001,115.176065289114,-2466.95826196489
"OPTOTRAK _ P83 _ Left _ 3",-153.552650075135,123.122077546727,-2471.69115856333,-129.191042999068,118.645368427079,-2469.10331101797
"OPTOTRAK _ P83 _ Left _ 3",-155.958084330484,120.378406095455,-2473.09593134026,-124.28930080788,123.658709886301,-2472.54041097204
"OPTOTRAK _ P83 _ Left _ 3",-158.780468932295,116.979432177378,-2474.57789680569,-118.399296394381,129.777751716345,-2476.93765358605
"OPTOTRAK _ P83 _ Left _ 3",-161.731831372446,113.295318024783,-2475.99067239794,-112.157499717693,136.412719206827,-2481.86444550577
"OPTOTRAK _ P83 _ Left _ 3",-164.471712314922,109.76330465791,-2477.19272114353,-106.269905033741,142.855367049599,-2486.80612723025
"OPTOTRAK _ P83 _ Left _ 3",-166.649611477323,106.832910816926,-2478.05965089244,-101.425918875749,148.35154185206,-2491.20097584802
"OPTOTRAK _ P83 _ Left _ 3",-167.960392605829,104.899731899677,-2478.49574674455,-98.2083768189664,152.205715509497,-2494.50300561439
"OPTOTRAK _ P83 _ Left _ 3",-168.199859458653,104.241344109946,-2478.44478621793,-97.0159611311213,153.89626862817,-2496.26319519533
"OPTOTRAK _ P83 _ Left _ 3",-167.307353208517,104.967635432973,-2477.89936680713,-98.009027734817,153.174089282733,-2496.21204981651
"OPTOTRAK _ P83 _ Left _ 3",-165.385018710635,106.995088161928,-2476.90665287435,-101.08464090231,150.118463685004,-2494.32104501551
"OPTOTRAK _ P83 _ Left _ 3",-162.687795897184,110.051771773833,-2475.56776965539,-105.884655748423,145.132004469611,-2490.82211529326
"OPTOTRAK _ P83 _ Left _ 3",-159.584080112738,113.715763618379,-2474.02885177341,-111.839715130895,138.870286151872,-2486.17411375313
"OPTOTRAK _ P83 _ Left _ 3",-156.49461829062,117.482251493223,-2472.46394707554,-118.24705849117,132.1209481064,-2480.98132749881
"OPTOTRAK _ P83 _ Left _ 3",-153.824612477089,120.844837795546,-2471.05258162847,-124.369711839997,125.665198475369,-2475.88590508869
"OPTOTRAK _ P83 _ Left _ 3",-151.906604614448,123.370420244957,-2469.95635533726,-129.535006230732,120.161365443795,-2471.46509440529
"OPTOTRAK _ P83 _ Left _ 3",-150.96627407517,124.750285477568,-2469.29867610768,-133.210412689828,116.07887040543,-2468.15978968593
"OPTOTRAK _ P83 _ Left _ 3",-151.112319748911,124.821710936604,-2469.15025381841,-135.046378711005,113.687045392519,-2466.24521339312
"OPTOTRAK _ P83 _ Left _ 3",-152.342154005865,123.566483816021,-2469.5215337882,-134.890847532705,113.080694399597,-2465.83681113743
"OPTOTRAK _ P83 _ Left _ 3",-154.552694526788,121.097735262641,-2470.36245499627,-132.787684484299,114.215008686323,-2466.91384954754
"OPTOTRAK _ P83 _ Left _ 3",-157.550106030533,117.643170553372,-2471.56934854764,-128.967821584802,116.928521835354,-2469.34313183981
"OPTOTRAK _ P83 _ Left _ 3",-161.059609768043,113.525760326808,-2472.9978579208,-123.832804814154,120.948015751684,-2472.8930742214
"OPTOTRAK _ P83 _ Left _ 3",-164.741327283375,109.138215202427,-2474.47967698049,-117.924125482103,125.884476363083,-2477.23885825955
"OPTOTRAK _ P83 _ Left _ 3",-168.217654203319,104.908257379164,-2475.84057450742,-111.873449438565,131.236989282897,-2481.96751178721
"OPTOTRAK _ P83 _ Left _ 3",-171.112680603712,101.256331748648,-2476.91802951588,-106.336819674585,136.419369021643,-2486.59455424721
"OPTOTRAK _ P83 _ Left _ 3",-173.098369624785,98.551520796905,-2477.57802743996,-101.923202609428,140.815137184445,-2490.60086636534
"OPTOTRAK _ P83 _ Left _ 3",-173.939165652011,97.0718437489943,-2477.7308876199,-99.1287880894747,143.855649547063,-2493.49143149501
"OPTOTRAK _ P83 _ Left _ 3",-173.527228302862,96.9726194835468,-2477.34499287033,-98.2837938524457,145.107921580592,-2494.8691274613
"OPTOTRAK _ P83 _ Left _ 3",-171.902669546646,98.2645554093493,-2476.45576889566,-99.5135704878509,144.354103953317,-2494.5092002858
"OPTOTRAK _ P83 _ Left _ 3",-169.254912408376,100.80398607116,-2475.16648340562,-102.715347529727,141.643085863051,-2492.41539822409
"OPTOTRAK _ P83 _ Left _ 3",-165.902540945056,104.300095494614,-2473.63823850587,-107.555887242769,137.297045109542,-2488.8389606449
"OPTOTRAK _ P83 _ Left _ 3",-162.251648861882,108.344278770289,-2472.06894446437,-113.498557658628,131.864365927089,-2484.24865415619
"OPTOTRAK _ P83 _ Left _ 3",-158.738165969317,112.461895049126,-2470.66437103439,-119.864866529564,126.026042485624,-2479.2539835366
"OPTOTRAK _ P83 _ Left _ 3",-155.766236060981,116.177637516677,-2469.60722798528,-125.924045430149,120.4803195522,-2474.50033422119
"OPTOTRAK _ P83 _ Left _ 3",-153.657575307617,119.07866120049,-2469.03110751498,-130.991489056568,115.839393678209,-2470.56559961106
"OPTOTRAK _ P83 _ Left _ 3",-152.622204438697,120.860660526416,-2469.00444223223,-134.512925020665,112.56472703274,-2467.88558865791
"OPTOTRAK _ P83 _ Left _ 3",-152.751190864487,121.35098929834,-2469.52641691313,-136.119869838953,110.947151454512,-2466.72102717949
"OPTOTRAK _ P83 _ Left _ 3",-154.023735551849,120.512703751773,-2470.5337225773,-135.655985101383,111.117304627631,-2467.16111576873
"OPTOTRAK _ P83 _ Left _ 3",-156.319130007686,118.437386935138,-2471.91508165928,-133.182317862353,113.063162753436,-2469.14708031917
"OPTOTRAK _ P83 _ Left _ 3",-159.428411285292,115.331984980598,-2473.52951847595,-128.967690002346,116.637516435012,-2472.49805185391
"OPTOTRAK _ P83 _ Left _ 3",-163.066721606136,111.499892231093,-2475.22414932499,-123.463627418532,121.553095289462,-2476.92885533366
"OPTOTRAK _ P83 _ Left _ 3",-166.891010573924,107.314031916726,-2476.84802000908,-117.259715167934,127.376958651252,-2482.05961808088
"OPTOTRAK _ P83 _ Left _ 3",-170.526830552548,103.181550832992,-2478.26054182523,-111.019541424471,133.541197881612,-2487.42526428176
"OPTOTRAK _ P83 _ Left _ 3",-173.60383116252,99.5038472738678,-2479.33591271813,-105.406088103197,139.382252375713,-2492.49580525559
"OPTOTRAK _ P83 _ Left _ 3",-175.795417050311,96.6380066107154,-2479.96709059906,-101.010688745345,144.210413735318,-2496.71561286432
"OPTOTRAK _ P83 _ Left _ 3",-176.856542697567,94.8642210674813,-2480.07295220685,-98.2966889478022,147.400663306887,-2499.56342828442
"OPTOTRAK _ P83 _ Left _ 3",-176.654812726786,94.3600795273941,-2479.6100009924,-97.5603665966022,148.489525945324,-2500.62710401505
"OPTOTRAK _ P83 _ Left _ 3",-175.191733689686,95.1804753599725,-2478.58653995402,-98.9048188962222,147.259756696537,-2499.67987349507
"OPTOTRAK _ P83 _ Left _ 3",-172.61110452336,97.2436146295188,-2477.07432340903,-102.222830707901,143.793833167405,-2496.73979861748
"OPTOTRAK _ P83 _ Left _ 3",-169.190517640648,100.327903648008,-2475.21178397086,-107.191565719054,138.479168881498,-2492.09302708634
"OPTOTRAK _ P83 _ Left _ 3",-165.312481243087,104.087126446792,-2473.19462676999,-113.289151631215,131.955910840512,-2486.2672316336
"OPTOTRAK _ P83 _ Left _ 3",-161.416202367482,108.08830541256,-2471.25334207708,-119.843381881014,125.013767901838,-2479.95497666104
"OPTOTRAK _ P83 _ Left _ 3",-157.938535433174,111.868026574481,-2469.62131372146,-126.11267160861,118.462852003155,-2473.90374510463
"OPTOTRAK _ P83 _ Left _ 3",-155.257998532221,114.994207640388,-2468.49982331471,-131.384378279041,113.014361509597,-2468.80142576871
"OPTOTRAK _ P83 _ Left _ 3",-153.654222289481,117.118192131026,-2468.02670022903,-135.066860948983,109.201267645655,-2465.18586578435
"OPTOTRAK _ P83 _ Left _ 3",-153.287151812212,118.008468380871,-2468.25437969631,-136.7563973032,107.348827514981,-2463.39471120098
"OPTOTRAK _ P83 _ Left _ 3",-154.191665361014,117.56679767885,-2469.14155737483,-136.273672270401,107.5822814389,-2463.55482445227
"OPTOTRAK _ P83 _ Left _ 3",-156.279980822576,115.832695394644,-2470.56042686,-133.675186985196,109.847877757414,-2465.59825036319
"OPTOTRAK _ P83 _ Left _ 3",-159.347400346427,112.980446866222,-2472.31828169337,-129.245645615017,113.927948592511,-2469.28878509046
"OPTOTRAK _ P83 _ Left _ 3",-163.082851135354,109.307675243926,-2474.18855117021,-123.471508697947,119.445649788299,-2474.24865407263
"OPTOTRAK _ P83 _ Left _ 3",-167.089368082239,105.211472093394,-2475.94376356167,-116.992079214864,125.87005007507,-2479.98384042835
"OPTOTRAK _ P83 _ Left _ 3",-170.9185775448,101.150023035042,-2477.38317313632,-110.528111391054,132.538960527827,-2485.91375699248
"OPTOTRAK _ P83 _ Left _ 3",-174.118510157398,97.5926850009874,-2478.35100376993,-104.796657679558,138.712370141026,-2491.41284023644
"OPTOTRAK _ P83 _ Left _ 3",-176.28906388807,94.9654049363828,-2478.74564568016,-100.427264405021,143.657121364121,-2495.86818704974
"OPTOTRAK _ P83 _ Left _ 3",-177.136841215903,93.5987394573906,-2478.52316071132,-97.8933921539796,146.750392511191,-2498.75081106828
"OPTOTRAK _ P83 _ Left _ 3",-176.520985090724,93.6838141590895,-2477.69858635067,-97.46561720548,147.581194143274,-2499.69115593255
"OPTOTRAK _ P83 _ Left _ 3",-174.482331133971,95.2405132765057,-2476.34615799753,-99.1861309477851,146.026979027161,-2498.54420352001
"OPTOTRAK _ P83 _ Left _ 3",-171.24870282705,98.103493150745,-2474.59661045113,-102.862512885981,142.285438205479,-2495.42729236305
"OPTOTRAK _ P83 _ Left _ 3",-167.210799723512,101.933230540988,-2472.62836106653,-108.082434022669,136.848984159884,-2490.71604289458
"OPTOTRAK _ P83 _ Left _ 3",-162.868245062368,106.257191147765,-2470.65064160032,-114.254419168977,130.42212930996,-2484.99196328157
"OPTOTRAK _ P83 _ Left _ 3",-158.754233577785,110.538145317647,-2468.87968391803,-120.676987210669,123.798955572615,-2478.94901232641
"OPTOTRAK _ P83 _ Left _ 3",-155.35583423883,114.25573854632,-2467.51179723908,-126.628474227551,117.732801776835,-2473.28114195033
"OPTOTRAK _ P83 _ Left _ 3",-153.049179464894,116.981005025569,-2466.69802499705,-131.459234370793,112.833701395448,-2468.58069651089
"OPTOTRAK _ P83 _ Left _ 3",-152.061894889194,118.426993047557,-2466.52423955296,-134.665900800074,109.516367851309,-2465.27261289895
"OPTOTRAK _ P83 _ Left _ 3",-152.463457761988,118.469775742271,-2466.99936560629,-135.936515356146,107.99868836453,-2463.5935584139
"OPTOTRAK _ P83 _ Left _ 3",-154.175358983701,117.144792913704,-2468.05365491232,-135.168178066416,108.330887188021,-2463.60742375641
"OPTOTRAK _ P83 _ Left _ 3",-156.99142100916,114.627481751506,-2469.54802925086,-132.46539887141,110.42912672326,-2465.23805886079
"OPTOTRAK _ P83 _ Left _ 3",-160.602929985152,111.204751054049,-2471.29364145289,-128.124533149022,114.095385623732,-2468.30029902915
"OPTOTRAK _ P83 _ Left _ 3",-164.628500200004,107.239806808577,-2473.07814562399,-122.603222957409,119.020982093201,-2472.51870421861
"OPTOTRAK _ P83 _ Left _ 3",-168.650541787232,103.131610657235,-2474.69313538055,-116.471740796328,124.784663809958,-2477.53451346897
"OPTOTRAK _ P83 _ Left _ 3",-172.257838087941,99.2725740612764,-2475.95736427466,-110.348613150783,130.861207885156,-2482.90976424634
"OPTOTRAK _ P83 _ Left _ 3",-175.089485813345,96.0109008095292,-2476.73284122441,-104.831432746876,136.652075685312,-2488.14038097819
"OPTOTRAK _ P83 _ Left _ 3",-176.872951370814,93.6236297468836,-2476.93406101838,-100.43759555326,141.540118968988,-2492.68732090258
"OPTOTRAK _ P83 _ Left _ 3",-177.450123641931,92.3022213991163,-2476.53247065791,-97.5648062267421,144.961598574291,-2496.02864942759
"OPTOTRAK _ P83 _ Left _ 3",-176.788878652242,92.1473473173941,-2475.55800150005,-96.4707636572783,146.484244486889,-2497.72818436735
"OPTOTRAK _ P83 _ Left _ 3",-174.981090925166,93.1671668822362,-2474.09786800506,-97.2630637478217,145.878809419839,-2497.50978662606
"OPTOTRAK _ P83 _ Left _ 3",-172.229271951326,95.2755282670986,-2472.29126267038,-99.8900956756329,143.170629084657,-2495.32133385442
"OPTOTRAK _ P83 _ Left _ 3",-168.823199082118,98.2917955594959,-2470.31815289597,-104.131832490481,138.656430751089,-2491.36987677166
"OPTOTRAK _ P83 _ Left _ 3",-165.106922230701,101.948711770059,-2468.38146554389,-109.600248112246,132.873431025172,-2486.11150466455
"OPTOTRAK _ P83 _ Left _ 3",-161.437752000405,105.914841841715,-2466.68417400073,-115.764184000241,126.517382077318,-2480.1885757975
"OPTOTRAK _ P83 _ Left _ 3",-158.142932723254,109.83204790516,-2465.40514360647,-122.00679272694,120.324010441734,-2474.32325676013
"OPTOTRAK _ P83 _ Left _ 3",-155.483972995923,113.359375898504,-2464.67862141308,-127.707155793422,114.946238644862,-2469.19401939059
"OPTOTRAK _ P83 _ Left _ 3",-153.638261315173,116.209823337806,-2464.58116505052,-132.322636171746,110.864886014191,-2465.33054861598
"OPTOTRAK _ P83 _ Left _ 3",-152.70065308156,118.170577329871,-2465.12726608484,-135.44753679725,108.356463656424,-2463.05521681025
"OPTOTRAK _ P83 _ Left _ 3",-152.698182538602,119.107513478724,-2466.27254468658,-136.838046068618,107.515324445612,-2462.47912462542
"OPTOTRAK _ P83 _ Left _ 3",-153.605671089265,118.962839141069,-2467.9222732967,-136.411454946219,108.304766742364,-2463.53941950703
"OPTOTRAK _ P83 _ Left _ 3",-155.352135245333,117.755218986395,-2469.94304437772,-134.235986885521,110.604760510982,-2466.05294633588
"OPTOTRAK _ P83 _ Left _ 3",-157.815489117176,115.585564828552,-2472.17584301215,-130.522675205641,114.23376728067,-2469.76249604426
"OPTOTRAK _ P83 _ Left _ 3",-160.811315520677,112.64396237647,-2474.44898969018,-125.618774205628,118.941099313286,-2474.36245929436
"OPTOTRAK _ P83 _ Left _ 3",-164.086251579197,109.208897259007,-2476.58955589357,-119.992876950857,124.384169033335,-2479.50419726551
"OPTOTRAK _ P83 _ Left _ 3",-167.325866735414,105.63131234395,-2478.43267220846,-114.20179397965,130.113673844822,-2484.79199103985
"OPTOTRAK _ P83 _ Left _ 3",-170.181551564468,102.301792362711,-2479.82976972257,-108.837642916439,135.586439410967,-2489.78459528441
"OPTOTRAK _ P83 _ Left _ 3",-172.313738469801,99.6054998089223,-2480.65805948503,-104.463488443307,140.213672579417,-2494.01492966417
"OPTOTRAK _ P83 _ Left _ 3",-173.443052314629,97.8728566981071,-2480.83305558786,-101.550043656405,143.438580143429,-2497.03330427793
"OPTOTRAK _ P83 _ Left _ 3",-173.398563046198,97.333763402494,-2480.32353528095,-100.422972888413,144.827352695956,-2498.47049963286
"OPTOTRAK _ P83 _ Left _ 3",-172.152823580013,98.0815544400555,-2479.16530847108,-101.224768752343,144.153058830105,-2498.1083423506
"OPTOTRAK _ P83 _ Left _ 3",-169.8354605444,100.052272299766,-2477.46828557126,-103.892582344218,141.451789502225,-2495.93908317792
"OPTOTRAK _ P83 _ Left _ 3",-166.720164098085,103.02518361378,-2475.41175759085,-108.155364858163,137.033659894616,-2492.19305007712
"OPTOTRAK _ P83 _ Left _ 3",-163.184745775133,106.649162405296,-2473.22570668457,-113.556594696976,131.439568906371,-2487.31915623739
"OPTOTRAK _ P83 _ Left _ 3",-159.651094204621,110.493876736416,-2471.1604348234,-119.506847667668,125.349402406887,-2481.91596318954
"OPTOTRAK _ P83 _ Left _ 3",-156.519376011393,114.115450002754,-2469.45090270172,-125.361004822722,119.46511807013,-2476.62882704084
"OPTOTRAK _ P83 _ Left _ 3",-154.113869295888,117.119181442593,-2468.28377365771,-130.502949399481,114.403217046427,-2472.0426676871
"OPTOTRAK _ P83 _ Left _ 3",-152.652686525615,119.203393657713,-2467.77355913665,-134.415996799825,110.626515067575,-2468.60126258675
"OPTOTRAK _ P83 _ Left _ 3",-152.242471550903,120.178660157489,-2467.95092130911,-136.725423654089,108.425669964243,-2466.57110077696
"OPTOTRAK _ P83 _ Left _ 3",-152.888977772959,119.968373673899,-2468.76322710428,-137.214865949282,107.937998825272,-2466.04832398592
"OPTOTRAK _ P83 _ Left _ 3",-154.511162710207,118.602009831578,-2470.08574403292,-135.829419463165,109.177791648892,-2466.99176121338
"OPTOTRAK _ P83 _ Left _ 3",-156.950628585896,116.209445431571,-2471.74096082644,-132.677694437719,112.054314022861,-2469.26000985168
"OPTOTRAK _ P83 _ Left _ 3",-159.976063874379,113.017118159422,-2473.52279075105,-128.034931928702,116.367713111432,-2472.63607013083
"OPTOTRAK _ P83 _ Left _ 3",-163.288925950204,109.340359761427,-2475.22192769809,-122.33806806615,121.790634069662,-2476.83485493032
"OPTOTRAK _ P83 _ Left _ 3",-166.538668038983,105.564692337975,-2476.64894488312,-116.159848123008,127.85552231224,-2481.50088040866
"OPTOTRAK _ P83 _ Left _ 3",-169.352804264065,102.112386912515,-2477.6530441748,-110.155512131286,133.968750695439,-2486.21033812256
"OPTOTRAK _ P83 _ Left _ 3",-171.380998225663,99.3962373735902,-2478.13586268453,-104.987356416181,139.463123947291,-2490.49117609769
"OPTOTRAK _ P83 _ Left _ 3",-172.346274866339,97.7668770576665,-2478.06026588949,-101.241357449872,143.68537385918,-2493.86779148376
"OPTOTRAK _ P83 _ Left _ 3",-172.092837905563,97.4616654517616,-2477.45343216032,-99.3512859276698,146.101796035587,-2495.92669723472
"OPTOTRAK _ P83 _ Left _ 3",-170.619519794438,98.5632307035608,-2476.40282611965,-99.5412376717401,146.397529975832,-2496.38978776115
"OPTOTRAK _ P83 _ Left _ 3",-168.08990603948,100.975758885711,-2475.04405732019,-101.792694619838,144.543976051653,-2495.17565834273
"OPTOTRAK _ P83 _ Left _ 3",-164.813906304794,104.427018500306,-2473.54139144152,-105.840513164256,140.813924510155,-2492.42897970249
"OPTOTRAK _ P83 _ Left _ 3",-161.201086962822,108.501675982556,-2472.0641130301,-111.202096694926,135.73531125067,-2488.50443069726
"OPTOTRAK _ P83 _ Left _ 3",-157.693587585121,112.704315522959,-2470.76379435406,-117.240832291602,129.991682718215,-2483.90470573863
"OPTOTRAK _ P83 _ Left _ 3",-154.694028542974,116.539744274146,-2469.75749242951,-123.25605472473,124.295772206376,-2479.18797039534
"OPTOTRAK _ P83 _ Left _ 3",-152.507050027659,119.589593093295,-2469.11944065191,-128.580943110467,119.27287000246,-2474.87181926666
"OPTOTRAK _ P83 _ Left _ 3",-151.308402714302,121.564827654972,-2468.88015687948,-132.665154176203,115.38544368744,-2471.36145633665
"OPTOTRAK _ P83 _ Left _ 3",-151.144371985577,122.324560609983,-2469.02956633457,-135.125991353581,112.911310435509,-2468.91825017951
"OPTOTRAK _ P83 _ Left _ 3",-151.953143578296,121.865682105303,-2469.52127402556,-135.766496023735,111.965194948983,-2467.6672945854
"OPTOTRAK _ P83 _ Left _ 3",-153.594608347258,120.296570634321,-2470.27758449208,-134.570699346303,112.539504424668,-2467.62848136826
"OPTOTRAK _ P83 _ Left _ 3",-155.877494281895,117.807890733179,-2471.19686056575,-131.688270647665,114.539771555582,-2468.75079750325
"OPTOTRAK _ P83 _ Left _ 3",-158.579440967311,114.647100995105,-2472.16462027186,-127.414409985833,117.800650596572,-2470.93404225202
"OPTOTRAK _ P83 _ Left _ 3",-161.461891354523,111.09658865711,-2473.06760234459,-122.163282741221,122.082565593862,-2474.03188052445
"OPTOTRAK _ P83 _ Left _ 3",-164.284039432634,107.452728163728,-2473.80772277654,-116.4311695999,127.060148455078,-2477.84023314927
"OPTOTRAK _ P83 _ Left _ 3",-166.818198016182,104.005059762425,-2474.31228773429,-110.749955145805,132.317471376304,-2482.08184006107
"OPTOTRAK _ P83 _ Left _ 3",-168.865383611135,101.017933783965,-2474.53837748886,-105.637934697421,137.361897137759,-2486.39987243462
"OPTOTRAK _ P83 _ Left _ 3",-170.267983835078,98.7175295601013,-2474.47174399323,-101.557063073775,141.661393747328,-2490.37103132586
"OPTOTRAK _ P83 _ Left _ 3",-170.917604656737,97.2841703361744,-2474.12239254022,-98.8815330850544,144.703114454951,-2493.54303790826
"OPTOTRAK _ P83 _ Left _ 3",-170.759291148516,96.8458708733855,-2473.51957772351,-97.8753339569384,146.065728248945,-2495.49442180038
"OPTOTRAK _ P83 _ Left _ 3",-169.795394424116,97.4677585754548,-2472.7083542139,-98.672070314838,145.49390036741,-2495.90743014998
"OPTOTRAK _ P83 _ Left _ 3",-168.091284388574,99.1352793128604,-2471.74849039363,-101.25265426535,142.959511859634,-2494.6388052916
"OPTOTRAK _ P83 _ Left _ 3",-165.781167581358,101.73563516132,-2470.71493195554,-105.424637785476,138.691656590175,-2491.76941992055
"OPTOTRAK _ P83 _ Left _ 3",-163.068232396357,105.04774307938,-2469.69766564511,-110.815641989471,133.159727395741,-2487.61451590356
"OPTOTRAK _ P83 _ Left _ 3",-160.212814565536,108.751565125591,-2468.79845541761,-116.895630169691,127.004642195076,-2482.68415106064
"OPTOTRAK _ P83 _ Left _ 3",-157.506809686699,112.460960317656,-2468.12287494772,-123.034485093472,120.931450472912,-2477.59862146841
"OPTOTRAK _ P83 _ Left _ 3",-155.239501255521,115.773566558114,-2467.76793995959,-128.585460850894,115.593736271244,-2472.98081143395
"OPTOTRAK _ P83 _ Left _ 3",-153.663950688771,118.323905259962,-2467.80747847186,-132.971921268293,111.504653818755,-2469.35700789532
"OPTOTRAK _ P83 _ Left _ 3",-152.971009081844,119.826986612868,-2468.27841128075,-135.754537769503,108.996012686266,-2467.09273295576
"OPTOTRAK _ P83 _ Left _ 3",-153.272252908723,120.107089795487,-2469.17119896781,-136.668874805589,108.223123619977,-2466.37303766956
"OPTOTRAK _ P83 _ Left _ 3",-154.588978429672,119.113258173179,-2470.42698233703,-135.638319879743,109.193837745672,-2467.21792643415
"OPTOTRAK _ P83 _ Left _ 3",-156.844724626549,116.924721699859,-2471.94251354089,-132.773486584242,111.79575375486,-2469.51323925714
"OPTOTRAK _ P83 _ Left _ 3",-159.862301002049,113.746841194292,-2473.58205862,-128.364474635525,115.805890427525,-2473.0386414781
"OPTOTRAK _ P83 _ Left _ 3",-163.369532799645,109.895379239488,-2475.19364447495,-122.863465932537,120.884222563772,-2477.48392600522
"OPTOTRAK _ P83 _ Left _ 3",-167.018215325169,105.767207677926,-2476.62622159549,-116.85065932584,126.566450433773,-2482.4564121665
"OPTOTRAK _ P83 _ Left _ 3",-170.417690855794,101.79903214544,-2477.74501673495,-110.980080783586,132.275582603629,-2487.49033436482
"OPTOTRAK _ P83 _ Left _ 3",-173.179873346733,98.4195714134146,-2478.4439978484,-105.909849845919,137.365596594098,-2492.07080693089
"OPTOTRAK _ P83 _ Left _ 3",-174.969088094236,96.0018821076761,-2478.65570147841,-102.227380709517,141.197947615693,-2495.68016494386
"OPTOTRAK _ P83 _ Left _ 3",-175.549180151462,94.8207469205232,-2478.35878894754,-100.380149181667,143.23900901516,-2497.86536983991
"OPTOTRAK _ P83 _ Left _ 3",-174.821238080995,95.0176930536676,-2477.58271701704,-100.6191126594,143.157748294948,-2498.31506479393
"OPTOTRAK _ P83 _ Left _ 3",-172.8462014582,96.5761122617298,-2476.40774077359,-102.959379699162,140.899406310707,-2496.92727614656
"OPTOTRAK _ P83 _ Left _ 3",-169.846928947362,99.3114410899845,-2474.95823326468,-107.163773543373,136.713086494887,-2493.84667184081
"OPTOTRAK _ P83 _ Left _ 3",-166.185548946694,102.883466033431,-2473.38869574977,-112.757265956594,131.120135224073,-2489.45565213048
"OPTOTRAK _ P83 _ Left _ 3",-162.316356742829,106.835465384097,-2471.86444832633,-119.078681929926,124.82630689001,-2484.31618459547
"OPTOTRAK _ P83 _ Left _ 3",-158.722011311536,110.656829119943,-2470.5412218472,-125.367320593952,118.599664839219,-2479.07539997945
"OPTOTRAK _ P83 _ Left _ 3",-155.847272588697,113.856065662512,-2469.54800762538,-130.869253842227,113.148583100494,-2474.36040214605
"OPTOTRAK _ P83 _ Left _ 3",-154.044901525778,116.02672283668,-2468.97547483164,-134.939656111993,109.031722157436,-2470.68984256087
"OPTOTRAK _ P83 _ Left _ 3",-153.54160745683,116.893334252082,-2468.86982687415,-137.120401622295,106.614960614671,-2468.42034872243
"OPTOTRAK _ P83 _ Left _ 3",-154.422837678236,116.334345370977,-2469.23094312684,-137.184095410153,106.069138170039,-2467.73051665651
"OPTOTRAK _ P83 _ Left _ 3",-156.630164710197,114.386494360065,-2470.01411127977,-135.147160236946,107.389194135452,-2468.6323527853
"OPTOTRAK _ P83 _ Left _ 3",-159.966526017783,111.236027130902,-2471.13530082195,-131.258242758793,110.415413120721,-2470.99527051402
"OPTOTRAK _ P83 _ Left _ 3",-164.109727119774,107.198549461864,-2472.47973716091,-125.96518561672,114.847903908175,-2474.57095229061
"OPTOTRAK _ P83 _ Left _ 3",-168.638231824422,102.686680755683,-2473.91272785638,-119.861089696979,120.258102631738,-2479.01462587928
"OPTOTRAK _ P83 _ Left _ 3",-173.072006700664,98.166318339408,-2475.29131769846,-113.612818389645,126.108368773644,-2483.90498889407
"OPTOTRAK _ P83 _ Left _ 3",-176.925877243056,94.1067521944324,-2476.47605881356,-107.882209268814,131.789450184974,-2488.76837500407
"OPTOTRAK _ P83 _ Left _ 3",-179.767475445748,90.9325942574913,-2477.3433638572,-103.254718255681,136.678115520946,-2493.1124349073
"OPTOTRAK _ P83 _ Left _ 3",-181.270122826597,88.9836217880154,-2477.79917812939,-100.187176703793,140.208989818802,-2496.47164388895
"OPTOTRAK _ P83 _ Left _ 3",-181.253297916575,88.4837770267972,-2477.79331725233,-98.9771807830381,141.94964964344,-2498.46249380091
"OPTOTRAK _ P83 _ Left _ 3",-179.706876456106,89.5172082442147,-2477.33151360862,-99.7479480304477,141.666579911304,-2498.84118840139
"OPTOTRAK _ P83 _ Left _ 3",-176.79709188462,92.0106168041648,-2476.48070578173,-102.440508508925,139.36950639292,-2497.55209951878
"OPTOTRAK _ P83 _ Left _ 3",-172.851860516012,95.7263868992025,-2475.36380980641,-106.810941471066,135.321999932488,-2494.75277626764
"OPTOTRAK _ P83 _ Left _ 3",-168.323473887022,100.275343323452,-2474.1432871132,-112.43916348051,130.009441118614,-2490.80309310387
"OPTOTRAK _ P83 _ Left _ 3",-163.730754401688,105.156263984188,-2472.99693921851,-118.759902640335,124.064726016847,-2486.21392746288
"OPTOTRAK _ P83 _ Left _ 3",-159.590332179696,109.820048716908,-2472.09223965347,-125.121000029787,118.166620391567,-2481.56371162392
"OPTOTRAK _ P83 _ Left _ 3",-156.352781962029,113.744744092211,-2471.56531370131,-130.861457141148,112.937937817756,-2477.40403701055
"OPTOTRAK _ P83 _ Left _ 3",-154.357997119396,116.50213716859,-2471.50758645317,-135.39104908278,108.87133781096,-2474.18045437812
"OPTOTRAK _ P83 _ Left _ 3",-153.814654329216,117.802010674304,-2471.95949942413,-138.253579396459,106.297006039911,-2472.18747985298
"OPTOTRAK _ P83 _ Left _ 3",-154.797319281541,117.511968855025,-2472.90899661319,-139.166413320831,105.386596480055,-2471.5613475355
"OPTOTRAK _ P83 _ Left _ 3",-157.249694145269,115.659636292536,-2474.29311686387,-138.040311307316,106.17364054235,-2472.29939417128
"OPTOTRAK _ P83 _ Left _ 3",-160.986473068743,112.424616057688,-2476.00253746755,-134.986849124029,108.569469806542,-2474.28852743127
"OPTOTRAK _ P83 _ Left _ 3",-165.695250935987,108.122285514517,-2477.8896829433,-130.315201815397,112.364421990518,-2477.32836591117
"OPTOTRAK _ P83 _ Left _ 3",-170.947071864369,103.176810765534,-2479.78056201316,-124.512639263522,117.219424935796,-2481.14363745034
"OPTOTRAK _ P83 _ Left _ 3",-176.224718326011,98.081245003025,-2481.48957937594,-118.201608517702,122.66413809025,-2485.38985560793
"OPTOTRAK _ P83 _ Left _ 3",-180.971757404884,93.3475397422902,-2482.83628218321,-112.073111665413,128.118853118767,-2489.6619114345
"OPTOTRAK _ P83 _ Left _ 3",-184.656989156487,89.453957403777,-2483.66352487315,-106.806161377429,132.948497715384,-2493.51538634788
"OPTOTRAK _ P83 _ Left _ 3",-186.843387896957,86.797526528178,-2483.85679149926,-102.988600241478,136.543908123059,-2496.50590649362
"OPTOTRAK _ P83 _ Left _ 3",-187.249925430257,85.6551676581378,-2483.36323572864,-101.051997743487,138.414826237854,-2498.24482493649
"OPTOTRAK _ P83 _ Left _ 3",-185.796942266315,86.1532136980168,-2482.20664704566,-101.226076435131,138.274433325804,-2498.46229130984
"OPTOTRAK _ P83 _ Left _ 3",-182.62792764378,88.245217713012,-2480.49284972662,-103.512689025494,136.096037956947,-2497.0633633019
"OPTOTRAK _ P83 _ Left _ 3",-178.101776904869,91.7022300858996,-2478.40090834879,-107.679504819932,132.126844399366,-2494.16086423911
"OPTOTRAK _ P83 _ Left _ 3",-172.751931344588,96.1240299064422,-2476.15936584817,-113.277227541378,126.851434709915,-2490.0717008481
"OPTOTRAK _ P83 _ Left _ 3",-167.215026898307,100.978798631267,-2474.01203172309,-119.685427777736,120.909751890603,-2485.27220661433
"OPTOTRAK _ P83 _ Left _ 3",-162.141317120084,105.670316816775,-2472.1818098378,-126.186396904321,114.988993712085,-2480.32116230489
"OPTOTRAK _ P83 _ Left _ 3",-158.106891934384,109.620007191857,-2470.84132730687,-132.055648201312,109.718803916651,-2475.77100721744
"OPTOTRAK _ P83 _ Left _ 3",-155.547090723227,112.344282288211,-2470.09550533522,-136.649881659396,105.596777844344,-2472.09139505225
"OPTOTRAK _ P83 _ Left _ 3",-154.720347003971,113.511100069026,-2469.97617007603,-139.475641285909,102.956034468673,-2469.62172905184
"OPTOTRAK _ P83 _ Left _ 3",-155.698489055924,112.970434457712,-2470.44555840468,-140.233059267174,101.96718204907,-2468.55509937344
"OPTOTRAK _ P83 _ Left _ 3",-158.372122829226,110.762884541726,-2471.4054248413,-138.839567545528,102.654906939223,-2468.94378159696
"OPTOTRAK _ P83 _ Left _ 3",-162.461978054996,107.112787827154,-2472.71009452586,-135.44013321539,104.910452362302,-2470.7123119742
"OPTOTRAK _ P83 _ Left _ 3",-167.535526619836,102.408169206387,-2474.18302621839,-130.403905807387,108.492830992329,-2473.66840742179
"OPTOTRAK _ P83 _ Left _ 3",-173.035588441569,97.1655829713913,-2475.63616883918,-124.299775441309,113.025912665998,-2477.51052325679
"OPTOTRAK _ P83 _ Left _ 3",-178.32848060008,91.9781974004038,-2476.89026316074,-117.842936458553,118.007392728741,-2481.83843576859
"OPTOTRAK _ P83 _ Left _ 3",-182.773108875229,87.4501674094135,-2477.79364807527,-111.812651647189,122.844522847003,-2486.17621134856
"OPTOTRAK _ P83 _ Left _ 3",-185.803583211764,84.1252371426116,-2478.23771567826,-106.952501770833,126.921349188417,-2490.01430289016
"OPTOTRAK _ P83 _ Left _ 3",-187.011708061622,82.4189452182524,-2478.16822116948,-103.871019628338,129.688592213926,-2492.87076463345
"OPTOTRAK _ P83 _ Left _ 3",-186.214194227106,82.5621501723913,-2477.59199400926,-102.959625343377,130.756754230234,-2494.36342419049
"OPTOTRAK _ P83 _ Left _ 3",-183.491263362063,84.5621092107234,-2476.57787969923,-104.339117606085,129.969314559574,-2494.27810288694
"OPTOTRAK _ P83 _ Left _ 3",-179.186577369895,88.1880397700346,-2475.2500052664,-107.840748835143,127.436037629455,-2492.61492714319
"OPTOTRAK _ P83 _ Left _ 3",-173.863445462232,92.9891522178733,-2473.77223384928,-113.02522650317,123.515153080689,-2489.59717815459
"OPTOTRAK _ P83 _ Left _ 3",-168.220794417379,98.3502585715748,-2472.32540911401,-119.240309039674,118.74648559887,-2485.63588933529
"OPTOTRAK _ P83 _ Left _ 3",-162.983955843553,103.58075410801,-2471.08221614899,-125.711336739632,113.752932980906,-2481.25705892727
"OPTOTRAK _ P83 _ Left _ 3",-158.794849805953,108.020228954625,-2470.1857024145,-131.649570109708,109.138523733349,-2477.01159364041
"OPTOTRAK _ P83 _ Left _ 3",-156.126842097021,111.136116457341,-2469.73546959859,-136.356594215352,105.410399706446,-2473.39358201835
"OPTOTRAK _ P83 _ Left _ 3",-155.239459240283,112.591691322069,-2469.78176335681,-139.305422677413,102.938546762746,-2470.78631207804
"OPTOTRAK _ P83 _ Left _ 3",-156.173089581127,112.274530967477,-2470.32508679327,-140.189586029625,101.948753396092,-2469.44120716401
"OPTOTRAK _ P83 _ Left _ 3",-158.772748250269,110.288106416874,-2471.31903570862,-138.942536991433,102.531908010903,-2469.48119584599
"OPTOTRAK _ P83 _ Left _ 3",-162.727685861744,106.91576568974,-2472.67568677108,-135.733588995468,104.652252542559,-2470.91391917419
"OPTOTRAK _ P83 _ Left _ 3",-167.617926388849,102.566841354352,-2474.27394681789,-130.943173921994,108.146687163492,-2473.64277389641
"OPTOTRAK _ P83 _ Left _ 3",-172.963869070469,97.7134315020863,-2475.97085512682,-125.116159172853,112.719641160704,-2477.47146654889
"OPTOTRAK _ P83 _ Left _ 3",-178.276402411649,92.8271917524288,-2477.61471883162,-118.893928886749,117.946002513774,-2482.1055252449
"OPTOTRAK _ P83 _ Left _ 3",-183.102656761187,88.3273654224062,-2479.05851369903,-112.933986715425,123.294307876604,-2487.15861169163
"OPTOTRAK _ P83 _ Left _ 3",-187.060602130112,84.5501412842584,-2480.17266018826,-107.833324747775,128.175149541604,-2492.17158550544
"OPTOTRAK _ P83 _ Left _ 3",-189.858085117174,81.742654265978,-2480.85729960885,-104.071561247292,132.010488163597,-2496.64904760244
"OPTOTRAK _ P83 _ Left _ 3",-191.298378646149,80.0748543405893,-2481.05436251508,-101.980794286728,134.313017763771,-2500.1130886152
"OPTOTRAK _ P83 _ Left _ 3",-191.280441057217,79.6548952167654,-2480.75853896903,-101.737115819291,134.762266200484,-2502.16856031762
"OPTOTRAK _ P83 _ Left _ 3",-189.802874438287,80.5335362649403,-2480.02435039783,-103.361705006539,133.263883418824,-2502.56925878601
"OPTOTRAK _ P83 _ Left _ 3",-186.974570993484,82.6909624590408,-2478.96529484651,-106.721546603159,129.978776904364,-2501.27063483433
"OPTOTRAK _ P83 _ Left _ 3",-183.025623471559,86.0115173735854,-2477.74184322792,-111.529096579588,125.310470329638,-2498.45335749408
"OPTOTRAK _ P83 _ Left _ 3",-178.30560838671,90.2616887408966,-2476.53825159913,-117.350079378982,119.845566335645,-2494.50551530627
"OPTOTRAK _ P83 _ Left _ 3",-173.258124814885,95.0885395891665,-2475.53254687044,-123.631926493082,114.255018105969,-2489.96100060761
"OPTOTRAK _ P83 _ Left _ 3",-168.370618891322,100.047961655106,-2474.86734542747,-129.758879976062,109.179057849859,-2485.40583091447
"OPTOTRAK _ P83 _ Left _ 3",-164.110982633962,104.658760472865,-2474.62932230809,-135.126720733815,105.127487768409,-2481.37680239558
"OPTOTRAK _ P83 _ Left _ 3",-160.868879738491,108.467596765202,-2474.84184527855,-139.218886073642,102.422623799455,-2478.28073629486
"OPTOTRAK _ P83 _ Left _ 3",-158.916122832654,111.107496286497,-2475.47032142297,-141.664405939069,101.195175759392,-2476.35437229404
"OPTOTRAK _ P83 _ Left _ 3",-158.390043091963,112.338819087242,-2476.43586493314,-142.267556084238,101.422264024957,-2475.66843462905
"OPTOTRAK _ P83 _ Left _ 3",-159.294287262652,112.070239401494,-2477.63170313604,-141.011982921295,102.982391062959,-2476.16326357729
"OPTOTRAK _ P83 _ Left _ 3",-161.508453877596,110.362312529937,-2478.93809557087,-138.048949194193,105.700929786807,-2477.69536179439
"OPTOTRAK _ P83 _ Left _ 3",-164.801390101813,107.41629413633,-2480.23391664869,-133.677107899194,109.370512020359,-2480.07631260727
"OPTOTRAK _ P83 _ Left _ 3",-168.84844474765,103.54930406945,-2481.40493565368,-128.314599956514,113.746743995976,-2483.09433867833
"OPTOTRAK _ P83 _ Left _ 3",-173.255777032933,99.1575171566346,-2482.34967594293,-122.460735619992,118.532635464497,-2486.51872217218
"OPTOTRAK _ P83 _ Left _ 3",-177.593146847084,94.6724888819983,-2482.98388651147,-116.647503745442,123.369496657323,-2490.09423176225
"OPTOTRAK _ P83 _ Left _ 3",-181.432407190659,90.5189843529576,-2483.24457490612,-111.387528511447,127.847468888509,-2493.53540473534
"OPTOTRAK _ P83 _ Left _ 3",-184.386018915877,87.0819862864014,-2483.09431962934,-107.128518691903,131.539469200707,-2496.52993235768
"OPTOTRAK _ P83 _ Left _ 3",-186.140787612002,84.6850745315759,-2482.52604669561,-104.221184412723,134.053532964247,-2498.75759011004
"OPTOTRAK _ P83 _ Left _ 3",-186.485659661774,83.5754063578474,-2481.56756320872,-102.900280687241,135.093349873384,-2499.92655268116
"OPTOTRAK _ P83 _ Left _ 3",-185.335149200582,83.9071601050776,-2480.28415912867,-103.272653995865,134.514778148355,-2499.82284663725
"OPTOTRAK _ P83 _ Left _ 3",-182.748685889384,85.7185865863558,-2478.77707957606,-105.306459501744,132.365405902985,-2498.36214562418
"OPTOTRAK _ P83 _ Left _ 3",-178.941133041965,88.9064883633451,-2477.1761491711,-108.822121082456,128.894409216138,-2495.62816104239
"OPTOTRAK _ P83 _ Left _ 3",-174.27493732042,93.2108591132153,-2475.62639752179,-113.493573970592,124.52326496157,-2491.88136908507
"OPTOTRAK _ P83 _ Left _ 3",-169.225186674852,98.225112539144,-2474.27075586435,-118.871287477728,119.777186243155,-2487.52818192055
"OPTOTRAK _ P83 _ Left _ 3",-164.317667407032,103.44005594085,-2473.23277462407,-124.432155776408,115.191747894845,-2483.05368020308
"OPTOTRAK _ P83 _ Left _ 3",-160.052830499188,108.315156397219,-2472.60354291672,-129.647713403136,111.222129189061,-2478.93588195241
"OPTOTRAK _ P83 _ Left _ 3",-156.836652018381,112.35757556325,-2472.43497958617,-134.050474585693,108.184097684526,-2475.56813620572
"OPTOTRAK _ P83 _ Left _ 3",-154.936372365606,115.186759852414,-2472.73858066201,-137.278312593649,106.242443859428,-2473.21257046207
"OPTOTRAK _ P83 _ Left _ 3",-154.467087860304,116.571218712841,-2473.48682604871,-139.089782524939,105.440843658619,-2471.9930627459
"OPTOTRAK _ P83 _ Left _ 3",-155.402567539313,116.437229920931,-2474.61504234407,-139.359591691242,105.749734537967,-2471.91936821133
"OPTOTRAK _ P83 _ Left _ 3",-157.597733066052,114.857967143038,-2476.02375652371,-138.07130499066,107.104721709673,-2472.92366422921
"OPTOTRAK _ P83 _ Left _ 3",-160.812260992208,112.032715922031,-2477.58348863147,-135.319493303038,109.417576495343,-2474.89053631147
"OPTOTRAK _ P83 _ Left _ 3",-164.731151258868,108.261990575452,-2479.14405184325,-131.320741716075,112.558595061647,-2477.66928965029
"OPTOTRAK _ P83 _ Left _ 3",-168.984053237221,103.920095772405,-2480.54872589682,-126.421466496711,116.324459516079,-2481.0684927689
"OPTOTRAK _ P83 _ Left _ 3",-173.167560813633,99.4250142859805,-2481.65145420765,-121.087658830034,120.413225879697,-2484.84187416114
"OPTOTRAK _ P83 _ Left _ 3",-176.873405421286,95.2062976115628,-2482.33401858371,-115.86846261668,124.425408457815,-2488.67905012959
"OPTOTRAK _ P83 _ Left _ 3",-179.722564918854,91.6725585353197,-2482.52043422139,-111.336543373501,127.899732067691,-2492.21342888877
"OPTOTRAK _ P83 _ Left _ 3",-181.403005477035,89.1794617766416,-2482.1868246996,-108.016446830125,130.379189277063,-2495.05404302898
"OPTOTRAK _ P83 _ Left _ 3",-181.707640149954,87.9975622445364,-2481.36578443292,-106.314147774753,131.492634214771,-2496.83982860373
"OPTOTRAK _ P83 _ Left _ 3",-180.568037344668,88.2794641347984,-2480.14438386707,-106.45850957539,131.031872889268,-2497.30621081374
"OPTOTRAK _ P83 _ Left _ 3",-178.077478573316,90.0291894601922,-2478.65499794372,-108.462530202348,129.004053560998,-2496.34714531895
"OPTOTRAK _ P83 _ Left _ 3",-174.495010726363,93.0820867185445,-2477.05887204095,-112.111326331585,125.643381440743,-2494.05327921358
"OPTOTRAK _ P83 _ Left _ 3",-170.222893161568,97.1070487874806,-2475.52423699587,-116.983169308916,121.374990543406,-2490.71056861532
"OPTOTRAK _ P83 _ Left _ 3",-165.755795381234,101.639836594754,-2474.20326393507,-122.505605534351,116.737252096603,-2486.75424825621
"OPTOTRAK _ P83 _ Left _ 3",-161.610318116784,106.145964726227,-2473.21354414307,-128.038916202397,112.283564148422,-2482.68822766574
"OPTOTRAK _ P83 _ Left _ 3",-158.252302239794,110.098929787401,-2472.6284671829,-132.967865368966,108.493256484465,-2478.99349600952
"OPTOTRAK _ P83 _ Left _ 3",-156.040372302288,113.053017207482,-2472.47707866426,-136.778275347179,105.716840229161,-2476.05323264774
"OPTOTRAK _ P83 _ Left _ 3",-155.195859893489,114.694181591737,-2472.75016626252,-139.102827792581,104.16413928082,-2474.11380545627
"OPTOTRAK _ P83 _ Left _ 3",-155.797360565266,114.863794655373,-2473.40795335109,-139.736222683096,103.924195875528,-2473.28447927872
"OPTOTRAK _ P83 _ Left _ 3",-157.790404194025,113.559929450634,-2474.38617324769,-138.632171572393,104.994426355936,-2473.56375391478
"OPTOTRAK _ P83 _ Left _ 3",-161.002515235448,110.923986456424,-2475.5997936977,-135.895749015406,107.298410079651,-2474.87360208068
"OPTOTRAK _ P83 _ Left _ 3",-165.159105824231,107.218054585274,-2476.94553678269,-131.775994551556,110.683880612306,-2477.08538596709
"OPTOTRAK _ P83 _ Left _ 3",-169.901351040992,102.795175141311,-2478.30499167801,-126.653648965698,114.907244014743,-2480.02956913266
"OPTOTRAK _ P83 _ Left _ 3",-174.809612177285,98.0642058316133,-2479.54991080588,-121.015420103066,119.620618828166,-2483.49105555733
"OPTOTRAK _ P83 _ Left _ 3",-179.434347189664,93.4530564720086,-2480.55079034224,-115.411134587595,124.37794136582,-2487.1994950651
"OPTOTRAK _ P83 _ Left _ 3",-183.333062637455,89.3754684437715,-2481.18925250274,-110.398756700546,128.669171272342,-2490.82709459258
"OPTOTRAK _ P83 _ Left _ 3",-186.109872972699,86.2044041678468,-2481.37382570989,-106.487530554991,131.9808740182,-2494.00464616559
"OPTOTRAK _ P83 _ Left _ 3",-187.454814019829,84.2501464027507,-2481.05723063219,-104.088079785461,133.87254946215,-2496.36025371321
"OPTOTRAK _ P83 _ Left _ 3",-187.181420359351,83.7372982143254,-2480.25149676566,-103.472698980599,134.053380227633,-2497.57661600993
"OPTOTRAK _ P83 _ Left _ 3",-185.260390700929,84.7759553603095,-2479.0360117385,-104.744848296238,132.442936964303,-2497.45453648511
"OPTOTRAK _ P83 _ Left _ 3",-181.843579125743,87.3290125761682,-2477.55397466799,-107.817761324745,129.200519241529,-2495.96528409442
"OPTOTRAK _ P83 _ Left _ 3",-177.268592879669,91.1862656153637,-2475.99523512733,-112.407078767231,124.711741704847,-2493.27446138314
"OPTOTRAK _ P83 _ Left _ 3",-172.034378709334,95.9607704283705,-2474.56767491406,-118.046501079696,119.529629775227,-2489.72604992851
"OPTOTRAK _ P83 _ Left _ 3",-166.745030069082,101.119285377285,-2473.46351199571,-124.133336273862,114.280843304694,-2485.78657642671
"OPTOTRAK _ P83 _ Left _ 3",-162.030313959048,106.047032008987,-2472.82898676007,-130.001430842101,109.560773652163,-2481.96262924691
"OPTOTRAK _ P83 _ Left _ 3",-158.460277703467,110.133763657366,-2472.74441473796,-135.007426126923,105.846196688701,-2478.71460381591
"OPTOTRAK _ P83 _ Left _ 3",-156.47174556363,112.861292529018,-2473.21728755646,-138.610860297121,103.446248249859,-2476.39007883933
"OPTOTRAK _ P83 _ Left _ 3",-156.316909439341,113.875447159764,-2474.18666463566,-140.433750089483,102.495187226515,-2475.19056108087
"OPTOTRAK _ P83 _ Left _ 3",-158.035049862451,113.033693838161,-2475.53500512456,-140.296630345077,102.973560250739,-2475.17080305677
"OPTOTRAK _ P83 _ Left _ 3",-161.444302594911,110.426242871436,-2477.10414066311,-138.236081713314,104.737237491439,-2476.25872415503
"OPTOTRAK _ P83 _ Left _ 3",-166.152528536085,106.370200778693,-2478.71368920738,-134.50783359475,107.538992214024,-2478.28128176988
"OPTOTRAK _ P83 _ Left _ 3",-171.590524647356,101.375783021432,-2480.18113364921,-129.572578287644,111.04012731656,-2480.986735288
"OPTOTRAK _ P83 _ Left _ 3",-177.071612965628,96.0850662699169,-2481.34244859059,-124.056743379356,114.821788622322,-2484.06203804936
"OPTOTRAK _ P83 _ Left _ 3",-181.876741410118,91.1886201334997,-2482.07118576218,-118.683349826196,118.41009328178,-2487.15071608182
"OPTOTRAK _ P83 _ Left _ 3",-185.355761701856,87.3311215590275,-2482.29338136805,-114.177624922037,121.32401686074,-2489.87870753504
"OPTOTRAK _ P83 _ Left _ 3",-187.028097853684,85.0202081152701,-2481.99600618315,-111.162110025503,123.143503814622,-2491.89278937688
"OPTOTRAK _ P83 _ Left _ 3",-186.663106723874,84.5522568838562,-2481.22754676921,-110.061089466109,123.583585495793,-2492.90973096442
"OPTOTRAK _ P83 _ Left _ 3",-184.322622327185,85.9662376262935,-2480.09013847733,-111.03315729601,122.553611302457,-2492.76672539812
"OPTOTRAK _ P83 _ Left _ 3",-180.354202122218,89.0342298162215,-2478.72358420927,-113.945814696559,120.181524621163,-2491.45823841614
"OPTOTRAK _ P83 _ Left _ 3",-175.332623175716,93.294081259485,-2477.28316778433,-118.398981681641,116.791624794373,-2489.14440633075
"OPTOTRAK _ P83 _ Left _ 3",-169.958984744014,98.1233844229011,-2475.91538880295,-123.794995465484,112.838685349174,-2486.12327171197
"OPTOTRAK _ P83 _ Left _ 3",-164.939270083846,102.843294587949,-2474.73734174661,-129.44102292383,108.816943986669,-2482.77189843285
"OPTOTRAK _ P83 _ Left _ 3",-160.87185619285,106.829540700186,-2473.82475743766,-134.659417194791,105.171897615583,-2479.47404374663
"OPTOTRAK _ P83 _ Left _ 3",-158.170330468974,109.603893136727,-2473.21044261934,-138.879095830665,102.240140160113,-2476.55728321472
"OPTOTRAK _ P83 _ Left _ 3",-157.033831884412,110.887013874076,-2472.89086613911,-141.690380697505,100.228688388347,-2474.25680025616
"OPTOTRAK _ P83 _ Left _ 3",-157.459444164153,110.60907062874,-2472.83642526711,-142.862481037158,99.2282581464792,-2472.71003790199
"OPTOTRAK _ P83 _ Left _ 3",-159.279735771892,108.887937248037,-2473.001367032,-142.336555575057,99.2435893066582,-2471.9738100184
"OPTOTRAK _ P83 _ Left _ 3",-162.20800861043,105.98924439122,-2473.33135105385,-140.210226993131,100.222263018485,-2472.04926069215
"OPTOTRAK _ P83 _ Left _ 3",-165.881344191178,102.278782857981,-2473.76856102,-136.721741510754,102.07020214798,-2472.90145761908
"OPTOTRAK _ P83 _ Left _ 3",-169.900361391711,98.171733285119,-2474.25518530625,-132.230561242132,104.652793705687,-2474.46694282523
"OPTOTRAK _ P83 _ Left _ 3",-173.869022054615,94.0803455971938,-2474.73612905376,-127.184706177227,107.78991834784,-2476.65040261242
"OPTOTRAK _ P83 _ Left _ 3",-177.436176933231,90.36338066188,-2475.1616512005,-122.06857270203,111.256673007744,-2479.3173472273
"OPTOTRAK _ P83 _ Left _ 3",-180.335324596185,87.2841215158493,-2475.49056272041,-117.335935019607,114.797967553213,-2482.29146336177
"OPTOTRAK _ P83 _ Left _ 3",-182.414631153852,84.9850751526265,-2475.69431391684,-113.343503641588,118.157175690408,-2485.36310271956
"OPTOTRAK _ P83 _ Left _ 3",-183.648858350331,83.4846902006813,-2475.76134788906,-110.30354452009,121.111477176612,-2488.31051815563
"OPTOTRAK _ P83 _ Left _ 3",-184.128845503216,82.6957564840269,-2475.69991734961,-108.268136384432,123.503276011398,-2490.92996022675
"OPTOTRAK _ P83 _ Left _ 3",-184.030521197148,82.4595409833721,-2475.53721761496,-107.14673766538,125.258833604481,-2493.06669331558
"OPTOTRAK _ P83 _ Left _ 3",-183.571245229357,82.5864897949402,-2475.31384751579,-106.748662425108,126.390009339313,-2494.6379056016
