"fileName","thumb_y","thumb_x","thumb_z","finger_y","finger_x","finger_z"
"OPTOTRAK _ C01 _ Right _ 2",339.700352166881,-205.767565413104,-2325.2047589837,431.81585974685,-171.549195076119,-2388.00590634472
"OPTOTRAK _ C01 _ Right _ 2",339.717545361222,-205.754462942959,-2325.20929808982,431.842281560533,-171.543009876236,-2387.984728387
"OPTOTRAK _ C01 _ Right _ 2",339.742010143889,-205.736797441475,-2325.2102160086,431.874881273291,-171.526266772805,-2387.95484370243
"OPTOTRAK _ C01 _ Right _ 2",339.776234591062,-205.716484179399,-2325.20645118002,431.914741831805,-171.497506709231,-2387.91587982724
"OPTOTRAK _ C01 _ Right _ 2",339.822844631622,-205.696317444493,-2325.19782240238,431.963572440148,-171.457747352202,-2387.86847495365
"OPTOTRAK _ C01 _ Right _ 2",339.883925033229,-205.679323445334,-2325.1851488676,432.023258563693,-171.411018483003,-2387.81457159965
"OPTOTRAK _ C01 _ Right _ 2",339.960147534358,-205.668004540076,-2325.17010467742,432.094918727876,-171.364082213022,-2387.75757729963
"OPTOTRAK _ C01 _ Right _ 2",340.04997466573,-205.663778298939,-2325.15488009555,432.17774670919,-171.325190284729,-2387.70222545382
"OPTOTRAK _ C01 _ Right _ 2",340.149240762998,-205.666790815532,-2325.14175267527,432.268105868975,-171.302090303468,-2387.6540073896
"OPTOTRAK _ C01 _ Right _ 2",340.251299319101,-205.676048494895,-2325.13264705651,432.359308201061,-171.299833386071,-2387.61819556332
"OPTOTRAK _ C01 _ Right _ 2",340.347734206122,-205.689653251786,-2325.12873839896,432.44227042348,-171.31908610332,-2387.59867779608
"OPTOTRAK _ C01 _ Right _ 2",340.429486450116,-205.704956879158,-2325.13015580792,432.506937152475,-171.355532724107,-2387.59696092506
"OPTOTRAK _ C01 _ Right _ 2",340.488215969827,-205.718626340148,-2325.13585697507,432.544152719554,-171.400624108437,-2387.61169132164
"OPTOTRAK _ C01 _ Right _ 2",340.517754585666,-205.726784338679,-2325.14374846193,432.547608922513,-171.443520006277,-2387.63886945987
"OPTOTRAK _ C01 _ Right _ 2",340.515515609107,-205.725426750525,-2325.15109371444,432.515540275085,-171.473724070387,-2387.67268654799
"OPTOTRAK _ C01 _ Right _ 2",340.483656591153,-205.711192091291,-2325.15517712148,432.451883298753,-171.483738353922,-2387.70671947492
"OPTOTRAK _ C01 _ Right _ 2",340.429690688759,-205.682346552681,-2325.1540983036,432.366624909737,-171.471103699068,-2387.73517753975
"OPTOTRAK _ C01 _ Right _ 2",340.366212005253,-205.639670116357,-2325.1474911037,432.275090398529,-171.439376759504,-2387.75396679207
"OPTOTRAK _ C01 _ Right _ 2",340.309515594181,-205.586874299712,-2325.13693125179,432.196042096246,-171.397821785237,-2387.76142408286
"OPTOTRAK _ C01 _ Right _ 2",340.277146919634,-205.530284030587,-2325.12584375373,432.14870778955,-171.359831441931,-2387.75862226619
"OPTOTRAK _ C01 _ Right _ 2",340.284744458909,-205.477753988563,-2325.11885105636,432.149200504496,-171.340348168962,-2387.74917832711
"OPTOTRAK _ C01 _ Right _ 2",340.342846657738,-205.437082104167,-2325.12068535101,432.207117733447,-171.352793346102,-2387.73853916627
"OPTOTRAK _ C01 _ Right _ 2",340.454477849472,-205.414392702289,-2325.1349604541,432.323228370243,-171.406128597402,-2387.73279911068
"OPTOTRAK _ C01 _ Right _ 2",340.614173630906,-205.412960562596,-2325.16317716865,432.488912347796,-171.502634894021,-2387.73723302437
"OPTOTRAK _ C01 _ Right _ 2",340.808681052242,-205.432727632219,-2325.20426135326,432.687476506934,-171.636867895202,-2387.75488219507
"OPTOTRAK _ C01 _ Right _ 2",341.019096635507,-205.470480731605,-2325.25474147418,432.896932030396,-171.796095302503,-2387.78562046101
"OPTOTRAK _ C01 _ Right _ 2",341.223919961706,-205.520502571488,-2325.30947858537,433.093558669842,-171.962308116268,-2387.82606148556
"OPTOTRAK _ C01 _ Right _ 2",341.402448453142,-205.575527796831,-2325.36274809512,433.255603076665,-172.115560181856,-2387.87042708175
"OPTOTRAK _ C01 _ Right _ 2",341.537996570848,-205.627910297796,-2325.40942820701,433.366572329673,-172.237978996051,-2387.91216384321
"OPTOTRAK _ C01 _ Right _ 2",341.620469029876,-205.670901677797,-2325.44603557805,433.417659615811,-172.317479733289,-2387.94580503975
"OPTOTRAK _ C01 _ Right _ 2",341.647848607188,-205.699843336187,-2325.47136208803,433.408901079325,-172.350182933516,-2387.96845649789
"OPTOTRAK _ C01 _ Right _ 2",341.626259147536,-205.712989176002,-2325.48653367949,433.348787767435,-172.340851996741,-2387.98042059718
"OPTOTRAK _ C01 _ Right _ 2",341.568504839347,-205.71170611428,-2325.49445375435,433.252294530822,-172.301241315635,-2387.98482179358
"OPTOTRAK _ C01 _ Right _ 2",341.491347259892,-205.699965051561,-2325.49879093093,433.137652082741,-172.246863384738,-2387.98646725653
"OPTOTRAK _ C01 _ Right _ 2",341.412140620059,-205.683263242836,-2325.50284436584,433.022600832263,-172.193110008068,-2387.99036200018
"OPTOTRAK _ C01 _ Right _ 2",341.345639621596,-205.667293423746,-2325.50866690422,432.921111342077,-172.151774802926,-2388.00027713585
"OPTOTRAK _ C01 _ Right _ 2",341.30171824354,-205.65671150571,-2325.51670566917,432.841423353819,-172.128831270532,-2388.01767697648
"OPTOTRAK _ C01 _ Right _ 2",341.284423558215,-205.654259785858,-2325.52599192385,432.78576256623,-172.123907525467,-2388.04122981905
"OPTOTRAK _ C01 _ Right _ 2",341.292384258033,-205.66035924846,-2325.5347000611,432.751512991487,-172.131391991233,-2388.0670195401
"OPTOTRAK _ C01 _ Right _ 2",341.320252077253,-205.673175231906,-2325.5408031977,432.733233583018,-172.142657243071,-2388.08940243188
"OPTOTRAK _ C01 _ Right _ 2",341.360654061776,-205.689105140788,-2325.54259763973,432.724798905926,-172.148634224956,-2388.10226910723
"OPTOTRAK _ C01 _ Right _ 2",341.406094509511,-205.703599238621,-2325.53898426275,432.721049566548,-172.141976530731,-2388.1003711837
"OPTOTRAK _ C01 _ Right _ 2",341.450361101101,-205.712172347167,-2325.5295077755,432.718579313649,-172.118314148696,-2388.08040436174
"OPTOTRAK _ C01 _ Right _ 2",341.489212613354,-205.711401689654,-2325.51423910224,432.715605706281,-172.076493275821,-2388.04165858587
"OPTOTRAK _ C01 _ Right _ 2",341.520365451712,-205.699664875546,-2325.4936307157,432.711184667588,-172.018039271395,-2387.98615923406
"OPTOTRAK _ C01 _ Right _ 2",341.542975192174,-205.677385279467,-2325.46844861499,432.704217548686,-171.946217174657,-2387.91829013002
"OPTOTRAK _ C01 _ Right _ 2",341.556904149233,-205.646654957242,-2325.4397888897,432.692696732572,-171.865010070385,-2387.84395175043
"OPTOTRAK _ C01 _ Right _ 2",341.562086774422,-205.610307751743,-2325.40909508732,432.673488288419,-171.7782144938,-2387.76940709666
"OPTOTRAK _ C01 _ Right _ 2",341.558252579774,-205.57074864287,-2325.37808086426,432.642750795769,-171.688770695396,-2387.70007678018
"OPTOTRAK _ C01 _ Right _ 2",341.54512999241,-205.528978881609,-2325.34853171611,432.596889878573,-171.598426038663,-2387.63960008348
"OPTOTRAK _ C01 _ Right _ 2",341.523053988787,-205.484199852772,-2325.32205244837,432.533775896024,-171.507824831018,-2387.589428397
"OPTOTRAK _ C01 _ Right _ 2",341.493717407046,-205.434157007492,-2325.29988191002,432.453862039661,-171.417060079578,-2387.54905192184
"OPTOTRAK _ C01 _ Right _ 2",341.460736757834,-205.376114246369,-2325.28288116328,432.360874955441,-171.326589050044,-2387.51674158633
"OPTOTRAK _ C01 _ Right _ 2",341.429773575371,-205.308150670231,-2325.27172235092,432.26187744397,-171.23825683495,-2387.49052621028
"OPTOTRAK _ C01 _ Right _ 2",341.408099828973,-205.230401399583,-2325.26719807716,432.166642384451,-171.156068466555,-2387.46908648633
"OPTOTRAK _ C01 _ Right _ 2",341.4036383211,-205.145902509387,-2325.2704856342,432.086382153957,-171.086344263716,-2387.45230811847
"OPTOTRAK _ C01 _ Right _ 2",341.42361125234,-205.060798620695,-2325.28318807833,432.031963705859,-171.03700395026,-2387.44134585686
"OPTOTRAK _ C01 _ Right _ 2",341.473010392968,-204.983792107762,-2325.3070508296,432.011849157265,-171.015972010408,-2387.43819083712
"OPTOTRAK _ C01 _ Right _ 2",341.553184264155,-204.924834865936,-2325.34337796217,432.030151543491,-171.029050894433,-2387.44488780996
"OPTOTRAK _ C01 _ Right _ 2",341.660900826993,-204.893198645691,-2325.39229352207,432.085323686471,-171.077930115137,-2387.46266359011
"OPTOTRAK _ C01 _ Right _ 2",341.788228609959,-204.895247562512,-2325.4520917614,432.16997791615,-171.159087102551,-2387.49125544571
"OPTOTRAK _ C01 _ Right _ 2",341.92344347916,-204.932464874928,-2325.51898229889,432.272084291438,-171.264077091994,-2387.5286635156
"OPTOTRAK _ C01 _ Right _ 2",342.052928328147,-205.000420816132,-2325.58750187989,432.377377697037,-171.381190388785,-2387.57141774317
"OPTOTRAK _ C01 _ Right _ 2",342.163748118165,-205.089228916265,-2325.65166598317,432.472393821575,-171.497928086256,-2387.61528167619
"OPTOTRAK _ C01 _ Right _ 2",342.246329989864,-205.185579927696,-2325.70659537702,432.547321519018,-171.603471248152,-2387.65616429078
"OPTOTRAK _ C01 _ Right _ 2",342.296543381575,-205.275839341963,-2325.75002962756,432.597890519154,-171.690405639269,-2387.69093978231
"OPTOTRAK _ C01 _ Right _ 2",342.316540156913,-205.349235808954,-2325.78303947016,432.625792001283,-171.755331562951,-2387.71792340865
"OPTOTRAK _ C01 _ Right _ 2",342.314022373285,-205.400079687653,-2325.80949315279,432.63755855376,-171.798424122658,-2387.73689617507
"OPTOTRAK _ C01 _ Right _ 2",342.300102687924,-205.428288947154,-2325.83434791529,432.642277173857,-171.822310900064,-2387.74873951273
"OPTOTRAK _ C01 _ Right _ 2",342.286426836682,-205.438134290243,-2325.86138398969,432.648846082717,-171.830734468519,-2387.75486771494
"OPTOTRAK _ C01 _ Right _ 2",342.282492321834,-205.435782056345,-2325.89129870631,432.663611802071,-171.827427875535,-2387.75669994117
"OPTOTRAK _ C01 _ Right _ 2",342.293976386581,-205.426628688703,-2325.9209827465,432.689086566723,-171.815525221397,-2387.75538343376
"OPTOTRAK _ C01 _ Right _ 2",342.322453518727,-205.413426770726,-2325.94435997735,432.724082412923,-171.797670631261,-2387.75187358785
"OPTOTRAK _ C01 _ Right _ 2",342.366370575823,-205.395838188562,-2325.95459468458,432.76513217803,-171.776768758856,-2387.74733350122
"OPTOTRAK _ C01 _ Right _ 2",342.422767609496,-205.371498750379,-2325.94699572732,432.808660204828,-171.75707254603,-2387.74368563534
"OPTOTRAK _ C01 _ Right _ 2",342.489069356667,-205.338159851125,-2325.921720901,432.853147075785,-171.745123973297,-2387.74406698971
"OPTOTRAK _ C01 _ Right _ 2",342.564323088302,-205.296151528673,-2325.88542350601,432.900576033617,-171.75005250972,-2387.75292302216
"OPTOTRAK _ C01 _ Right _ 2",342.649494574124,-205.250357450119,-2325.85124673169,432.956742734347,-171.782919590106,-2387.77553507652
"OPTOTRAK _ C01 _ Right _ 2",342.746787841483,-205.21106815327,-2325.83700601188,433.030413573825,-171.855105029908,-2387.81693360317
"OPTOTRAK _ C01 _ Right _ 2",342.858297159468,-205.193360415862,-2325.86188973798,433.131611002191,-171.976050111559,-2387.88040726951
"OPTOTRAK _ C01 _ Right _ 2",342.984497387599,-205.214927612395,-2325.94238236033,433.269374566761,-172.150904692119,-2387.9660898842
"OPTOTRAK _ C01 _ Right _ 2",343.123080437877,-205.292569563171,-2326.08827182171,433.449302187411,-172.378708364691,-2388.07022799901
"OPTOTRAK _ C01 _ Right _ 2",343.268496026282,-205.437925118244,-2326.29959800745,433.67121435609,-172.651629822361,-2388.1855710274
"OPTOTRAK _ C01 _ Right _ 2",343.412332477936,-205.653462587691,-2326.56531857741,433.927455825151,-172.955495675638,-2388.3028966268
"OPTOTRAK _ C01 _ Right _ 2",343.54444464823,-205.929988146916,-2326.86426578125,434.202490378413,-173.271464029941,-2388.41317700537
"OPTOTRAK _ C01 _ Right _ 2",343.654557890195,-206.24671529947,-2327.16849782255,434.474329989694,-173.578439063032,-2388.50958682233
"OPTOTRAK _ C01 _ Right _ 2",343.733991633765,-206.574240113408,-2327.44842958712,434.717889132771,-173.855800387156,-2388.58863602719
"OPTOTRAK _ C01 _ Right _ 2",343.777158890914,-206.879877297765,-2327.67847500397,434.909698489307,-174.086119021571,-2388.6501316401
"OPTOTRAK _ C01 _ Right _ 2",343.782576369702,-207.134091786783,-2327.84172366306,435.032817996155,-174.257532826182,-2388.69618428033
"OPTOTRAK _ C01 _ Right _ 2",343.753217908535,-207.316419961618,-2327.93251623896,435.080540584974,-174.36533331631,-2388.72981022529
"OPTOTRAK _ C01 _ Right _ 2",343.696132735568,-207.419368833344,-2327.95647001196,435.057741189293,-174.412289555861,-2388.75371234385
"OPTOTRAK _ C01 _ Right _ 2",343.621336926706,-207.449281757637,-2327.9282188291,434.979436790851,-174.40749572285,-2388.76961547896
"OPTOTRAK _ C01 _ Right _ 2",343.540102268943,-207.423958679906,-2327.86763342153,434.866994428189,-174.364011038601,-2388.77824669034
"OPTOTRAK _ C01 _ Right _ 2",343.462923357602,-207.367711844984,-2327.79549045947,434.743109222427,-174.295984116925,-2388.77981075983
"OPTOTRAK _ C01 _ Right _ 2",343.397597286619,-207.305251607694,-2327.72950757067,434.62695665736,-174.216060320437,-2388.77464966375
"OPTOTRAK _ C01 _ Right _ 2",343.347911317131,-207.256080048073,-2327.68146233521,434.530763232944,-174.133633214351,-2388.76371920132
"OPTOTRAK _ C01 _ Right _ 2",343.313326490822,-207.230807626906,-2327.65584073626,434.458523477991,-174.054127918117,-2388.74863050826
"OPTOTRAK _ C01 _ Right _ 2",343.289767815704,-207.23011199275,-2327.65013632932,434.406897774582,-173.979231638076,-2388.73127954826
"OPTOTRAK _ C01 _ Right _ 2",343.271275208553,-207.246240647435,-2327.65657782394,434.367698199656,-173.907878247158,-2388.71336083187
"OPTOTRAK _ C01 _ Right _ 2",343.251981192794,-207.266354284799,-2327.66478089577,434.331024974572,-173.837745804319,-2388.69612849496
"OPTOTRAK _ C01 _ Right _ 2",343.227788492748,-207.276760545559,-2327.66467355664,434.288126403879,-173.766935933353,-2388.68057444526
"OPTOTRAK _ C01 _ Right _ 2",343.197255116193,-207.267104848073,-2327.64904161658,434.233329963688,-173.695404922397,-2388.66788967804
"OPTOTRAK _ C01 _ Right _ 2",343.161482452131,-207.233693301017,-2327.61515709865,434.164784409339,-173.625743706565,-2388.65988141616
"OPTOTRAK _ C01 _ Right _ 2",343.123128238037,-207.181265213082,-2327.56518396625,434.084153735322,-173.563128872518,-2388.65904720917
"OPTOTRAK _ C01 _ Right _ 2",343.084941443515,-207.12277381885,-2327.50538245765,433.995719676246,-173.514578719878,-2388.66820235081
"OPTOTRAK _ C01 _ Right _ 2",343.048374506454,-207.077107601431,-2327.4444487426,433.905455585047,-173.487841526838,-2388.68977901398
"OPTOTRAK _ C01 _ Right _ 2",343.012802829639,-207.065121311843,-2327.39148189726,433.820450521324,-173.490225176102,-2388.7250546577
"OPTOTRAK _ C01 _ Right _ 2",342.975646029611,-207.104758848811,-2327.35402691218,433.748682183146,-173.527548566346,-2388.77359332273
"OPTOTRAK _ C01 _ Right _ 2",342.933324759536,-207.206396459906,-2327.33652496037,433.698813701005,-173.603308135023,-2388.83311840833
"OPTOTRAK _ C01 _ Right _ 2",342.882667930304,-207.369721218761,-2327.3394384052,433.679630390767,-173.718137088413,-2388.89990496552
"OPTOTRAK _ C01 _ Right _ 2",342.822240060682,-207.583270006066,-2327.35926107448,433.698924590954,-173.869602674438,-2388.96960199507
"OPTOTRAK _ C01 _ Right _ 2",342.75311411166,-207.827017011612,-2327.38942815843,433.761912467731,-174.052291450874,-2389.03821271728
"OPTOTRAK _ C01 _ Right _ 2",342.678821030477,-208.077283906874,-2327.42181953426,433.869516918293,-174.258059927163,-2389.10285629769
"OPTOTRAK _ C01 _ Right _ 2",342.604489839463,-208.312310766624,-2327.44833848657,434.017060323456,-174.476390037451,-2389.16199422913
"OPTOTRAK _ C01 _ Right _ 2",342.535471083802,-208.516625121269,-2327.46212566457,434.194001986746,-174.694953415233,-2389.2150378062
"OPTOTRAK _ C01 _ Right _ 2",342.475912901848,-208.682987577678,-2327.45824461099,434.385165766676,-174.900576374748,-2389.26154711318
"OPTOTRAK _ C01 _ Right _ 2",342.427737439039,-208.811773310406,-2327.43391558174,434.573390302118,-175.08067207765,-2389.3004221714
"OPTOTRAK _ C01 _ Right _ 2",342.390239536329,-208.908592236427,-2327.38845372993,434.7429048024,-175.224929509536,-2389.32948601063
"OPTOTRAK _ C01 _ Right _ 2",342.360238070372,-208.981354925066,-2327.32302782533,434.882329289878,-175.326820715439,-2389.34569482034
"OPTOTRAK _ C01 _ Right _ 2",342.332546200862,-209.037792620676,-2327.24029392357,434.986262060099,-175.384460333211,-2389.34596218993
"OPTOTRAK _ C01 _ Right _ 2",342.300565652499,-209.083898892346,-2327.14393731108,435.054940123931,-175.400534402884,-2389.32834059154
"OPTOTRAK _ C01 _ Right _ 2",342.256948709936,-209.123270871531,-2327.03818085057,435.092199285503,-175.381320629622,-2389.29315099903
"OPTOTRAK _ C01 _ Right _ 2",342.19435388941,-209.157126610544,-2326.92734114679,435.10259406818,-175.335129868338,-2389.24364926705
"OPTOTRAK _ C01 _ Right _ 2",342.106301032005,-209.184805568523,-2326.81548154607,435.088812030389,-175.270683185873,-2389.18596097671
"OPTOTRAK _ C01 _ Right _ 2",341.988076262874,-209.20461874468,-2326.70614032005,435.050343765916,-175.195906064412,-2389.12824454116
"OPTOTRAK _ C01 _ Right _ 2",341.837600352075,-209.214885643113,-2326.60209213964,434.983841485809,-175.117374966804,-2389.07927608272
"OPTOTRAK _ C01 _ Right _ 2",341.656135607512,-209.214915561431,-2326.50517452192,434.884937568782,-175.040319344227,-2389.04681748517
"OPTOTRAK _ C01 _ Right _ 2",341.44864792561,-209.20566611143,-2326.41629949997,434.750756327115,-174.968846280284,-2389.03618038675
"OPTOTRAK _ C01 _ Right _ 2",341.223611251099,-209.189903057046,-2326.33575761925,434.582134812926,-174.906039264078,-2389.04932213029
"OPTOTRAK _ C01 _ Right _ 2",340.992114975977,-209.171856582121,-2326.26378359458,434.38473769859,-174.853778950207,-2389.08464412941
"OPTOTRAK _ C01 _ Right _ 2",340.766325005924,-209.156513896742,-2326.20117400369,434.168706546498,-174.812405686383,-2389.13747782393
"OPTOTRAK _ C01 _ Right _ 2",340.557585585373,-209.148722646418,-2326.1496370742,433.947004868403,-174.780517030779,-2389.20110171037
"OPTOTRAK _ C01 _ Right _ 2",340.374616990569,-209.152228649293,-2326.11159164349,433.73299739802,-174.755175645631,-2389.26806509539
"OPTOTRAK _ C01 _ Right _ 2",340.222273465753,-209.168749358761,-2326.08933879062,433.537950561006,-174.732621402241,-2389.33157842459
"OPTOTRAK _ C01 _ Right _ 2",340.101162421311,-209.197268282402,-2326.08384510456,433.3690996473,-174.709334835615,-2389.3867157547
"OPTOTRAK _ C01 _ Right _ 2",340.008162096581,-209.23385962664,-2326.09365423238,433.228761591904,-174.683102698581,-2389.43115825408
"OPTOTRAK _ C01 _ Right _ 2",339.937626467529,-209.272343346901,-2326.11450352023,433.114704195926,-174.653687132155,-2389.465258788
"OPTOTRAK _ C01 _ Right _ 2",339.882918210128,-209.30580873124,-2326.13996680608,433.021627037306,-174.622831451762,-2389.49138422997
"OPTOTRAK _ C01 _ Right _ 2",339.837876396918,-209.32860977516,-2326.16296401135,432.943247558271,-174.593588754107,-2389.51274310057
"OPTOTRAK _ C01 _ Right _ 2",339.797880877592,-209.338094554475,-2326.17754063195,432.874277438304,-174.569213715916,-2389.5320962121
"OPTOTRAK _ C01 _ Right _ 2",339.760304289966,-209.335346214969,-2326.18019460515,432.811652929946,-174.552003782743,-2389.55077233047
"OPTOTRAK _ C01 _ Right _ 2",339.7243278075,-209.324628917836,-2326.17028134919,432.754726970769,-174.542467400803,-2389.56826910056
"OPTOTRAK _ C01 _ Right _ 2",339.690286211573,-209.311827470886,-2326.14948947984,432.704559921401,-174.539053585938,-2389.58249254305
"OPTOTRAK _ C01 _ Right _ 2",339.658830968961,-209.302608292375,-2326.12078541732,432.662751947589,-174.538467060896,-2389.59047691836
"OPTOTRAK _ C01 _ Right _ 2",339.630216518453,-209.301067550924,-2326.08737151815,432.630334071196,-174.536409503323,-2389.58930719931
"OPTOTRAK _ C01 _ Right _ 2",339.603930659927,-209.309268672384,-2326.0520388657,432.60709005374,-174.528501280373,-2389.5769636984
"OPTOTRAK _ C01 _ Right _ 2",339.57873400576,-209.327563053994,-2326.01696523816,432.591416886456,-174.511157594187,-2389.55289194673
"OPTOTRAK _ C01 _ Right _ 2",339.552995817722,-209.355266103993,-2325.98376151547,432.580588706608,-174.482272035702,-2389.51821568893
"OPTOTRAK _ C01 _ Right _ 2",339.525096012678,-209.391270614347,-2325.95355444541,432.571186042945,-174.44163973471,-2389.47561214415
"OPTOTRAK _ C01 _ Right _ 2",339.493679650253,-209.434404708109,-2325.92704113527,432.559510433621,-174.391095654243,-2389.42893435051
"OPTOTRAK _ C01 _ Right _ 2",339.457693065438,-209.483564511111,-2325.90458168125,432.541937136109,-174.334355101313,-2389.38269297534
"OPTOTRAK _ C01 _ Right _ 2",339.416298466675,-209.537738039527,-2325.88640063301,432.515253594853,-174.276554408677,-2389.34150529403
"OPTOTRAK _ C01 _ Right _ 2",339.368839925649,-209.59599285877,-2325.87286725185,432.477035161884,-174.223525734921,-2389.30958764447
"OPTOTRAK _ C01 _ Right _ 2",339.314978535076,-209.657424398671,-2325.8647177009,432.426042730664,-174.180897568903,-2389.290321563
"OPTOTRAK _ C01 _ Right _ 2",339.254983556551,-209.721052314518,-2325.86306505637,432.362552560334,-174.153161119329,-2389.28588564395
"OPTOTRAK _ C01 _ Right _ 2",339.190052023633,-209.785715302604,-2325.86914180614,432.288505514512,-174.14285021128,-2389.29693474916
"OPTOTRAK _ C01 _ Right _ 2",339.122489302104,-209.850055229369,-2325.88386122034,432.207395931004,-174.149946732401,-2389.32233321188
"OPTOTRAK _ C01 _ Right _ 2",339.055616855987,-209.912613799394,-2325.90735429955,432.12386352184,-174.171578439278,-2389.35900237827
"OPTOTRAK _ C01 _ Right _ 2",338.9933555392,-209.971928101194,-2325.93859730726,432.042987312157,-174.2020571632,-2389.40199218035
"OPTOTRAK _ C01 _ Right _ 2",338.939547612777,-210.02643934521,-2325.97516303877,431.969357823681,-174.233316135764,-2389.44488050675
"OPTOTRAK _ C01 _ Right _ 2",338.897204932929,-210.074117113438,-2326.0131085606,431.906149556556,-174.2558107077,-2389.4805237327
"OPTOTRAK _ C01 _ Right _ 2",338.867946497331,-210.111919329456,-2326.04707629573,431.854543219664,-174.259900108193,-2389.50206825281
"OPTOTRAK _ C01 _ Right _ 2",338.851855002598,-210.135424818111,-2326.07075552725,431.813816358506,-174.237604399981,-2389.50404809786
"OPTOTRAK _ C01 _ Right _ 2",338.847833838775,-210.139044164807,-2326.07782393537,431.782184692392,-174.184451809228,-2389.48336444938
"OPTOTRAK _ C01 _ Right _ 2",338.854344419846,-210.117049908057,-2326.06332120866,431.758130825502,-174.10096280367,-2389.43995478282
"OPTOTRAK _ C01 _ Right _ 2",338.870234428088,-210.065291944501,-2326.02514715473,431.741670568222,-173.993249347013,-2389.37699293296
"OPTOTRAK _ C01 _ Right _ 2",338.895296868459,-209.983037977065,-2325.96515540638,431.734926435845,-173.872325776913,-2389.30052051473
"OPTOTRAK _ C01 _ Right _ 2",338.93026490874,-209.874153381865,-2325.88929600251,431.74157195403,-173.752055964018,-2389.21851111169
"OPTOTRAK _ C01 _ Right _ 2",338.976148644425,-209.746991961516,-2325.80653443973,431.765141030153,-173.646111527408,-2389.13950641989
"OPTOTRAK _ C01 _ Right _ 2",339.033096865038,-209.612859023062,-2325.726745701,431.806704506096,-173.564706964656,-2389.0710991497
"OPTOTRAK _ C01 _ Right _ 2",339.099206031344,-209.483467391725,-2325.65819758882,431.862768122285,-173.512030169478,-2389.01861330931
"OPTOTRAK _ C01 _ Right _ 2",339.169791308169,-209.368158539165,-2325.60538092045,431.924269669668,-173.485124333296,-2388.98429962364
"OPTOTRAK _ C01 _ Right _ 2",339.237530247063,-209.271701683996,-2325.56780497125,431.977246735371,-173.474572163369,-2388.96722138708
"OPTOTRAK _ C01 _ Right _ 2",339.293610518346,-209.193289287152,-2325.54010793059,432.005246850317,-173.466859251657,-2388.96382054116
"OPTOTRAK _ C01 _ Right _ 2",339.329650030587,-209.127042813312,-2325.5135566345,431.993021369002,-173.44790378129,-2388.96900927808
"OPTOTRAK _ C01 _ Right _ 2",339.339856559186,-209.063995070127,-2325.47872685021,431.930620413659,-173.40698470445,-2388.97755493562
"OPTOTRAK _ C01 _ Right _ 2",339.322793949244,-208.995133937286,-2325.42882860073,431.816802487855,-173.340165636952,-2388.98548353911
"OPTOTRAK _ C01 _ Right _ 2",339.282259939925,-208.914715407902,-2325.36282375426,431.660755282923,-173.252319228803,-2388.9912028236
"OPTOTRAK _ C01 _ Right _ 2",339.227062769929,-208.822829070019,-2325.28733704798,431.48149068367,-173.157089706615,-2388.99607025669
"OPTOTRAK _ C01 _ Right _ 2",339.16977300824,-208.726326196683,-2325.21655891206,431.304868986755,-173.074629756882,-2389.00423708956
"OPTOTRAK _ C01 _ Right _ 2",339.124739719822,-208.63775223477,-2325.16991506248,431.158894065402,-173.027592607797,-2389.02176980622
"OPTOTRAK _ C01 _ Right _ 2",339.105773316448,-208.572630983579,-2325.16803229315,431.068457959289,-173.036394273871,-2389.05523681515
"OPTOTRAK _ C01 _ Right _ 2",339.123916119511,-208.545951239611,-2325.22809728317,431.050841402543,-173.114952973225,-2389.11009900581
"OPTOTRAK _ C01 _ Right _ 2",339.185668229728,-208.568802317297,-2325.35982420322,431.112948066352,-173.26790612927,-2389.18930587083
"OPTOTRAK _ C01 _ Right _ 2",339.291942663145,-208.645893225804,-2325.56296020021,431.250679508748,-173.489816288578,-2389.29243469508
"OPTOTRAK _ C01 _ Right _ 2",339.437906129769,-208.774387300758,-2325.82680255769,431.450306413602,-173.766286648101,-2389.41552856751
"OPTOTRAK _ C01 _ Right _ 2",339.613717926177,-208.944182843888,-2326.13174619696,431.691283932597,-174.076404812335,-2389.55156837149
"OPTOTRAK _ C01 _ Right _ 2",339.806018947144,-209.139459639567,-2326.45245645663,431.949730953174,-174.395713627075,-2389.69136914105
"OPTOTRAK _ C01 _ Right _ 2",339.999883820086,-209.341045182035,-2326.76191260557,432.201794568343,-174.699064568942,-2389.82468543874
"OPTOTRAK _ C01 _ Right _ 2",340.180877844351,-209.529060974385,-2327.03542002711,432.426368391505,-174.963098825779,-2389.941389617
"OPTOTRAK _ C01 _ Right _ 2",340.336882037457,-209.685423464418,-2327.25382751519,432.607003699603,-175.168419456501,-2390.03264213489
"OPTOTRAK _ C01 _ Right _ 2",340.459449873489,-209.795972518485,-2327.40553060711,432.733123935274,-175.301564825888,-2390.0919685196
"OPTOTRAK _ C01 _ Right _ 2",340.544587083493,-209.852131144764,-2327.48720949,432.800692422465,-175.356712338571,-2390.1161408663
"OPTOTRAK _ C01 _ Right _ 2",340.592943828947,-209.852011944724,-2327.50349439391,432.812353683726,-175.336810721716,-2390.10576543054
"OPTOTRAK _ C01 _ Right _ 2",340.609450281478,-209.800822233806,-2327.46582503775,432.776934715532,-175.253712025512,-2390.06548157077
"OPTOTRAK _ C01 _ Right _ 2",340.60243184191,-209.710364735349,-2327.39071664218,432.708170940159,-175.126932519164,-2390.00366755148
"OPTOTRAK _ C01 _ Right _ 2",340.58226048384,-209.597474432143,-2327.29756739134,432.622644009779,-174.98093774293,-2389.93155914196
"OPTOTRAK _ C01 _ Right _ 2",340.559676897165,-209.481425371623,-2327.20613879483,432.537149239449,-174.841265312996,-2389.86176659633
"OPTOTRAK _ C01 _ Right _ 2",340.544041676784,-209.380643902405,-2327.13392823378,432.465947084258,-174.730217286968,-2389.80633682637
"OPTOTRAK _ C01 _ Right _ 2",340.541869953319,-209.309359007123,-2327.09377453109,432.418474770602,-174.663088415234,-2389.77470109477
"OPTOTRAK _ C01 _ Right _ 2",340.555996849404,-209.274981076919,-2327.09212228063,432.398053547232,-174.645842980013,-2389.77197907676
"OPTOTRAK _ C01 _ Right _ 2",340.585592258636,-209.27694345273,-2327.12835991399,432.401955496434,-174.674826995015,-2389.79809250576
"OPTOTRAK _ C01 _ Right _ 2",340.62702915273,-209.307431059048,-2327.1954899307,432.422910662442,-174.738593393255,-2389.84795977997
"OPTOTRAK _ C01 _ Right _ 2",340.675366068079,-209.35389496945,-2327.28207685903,432.451736921768,-174.821347746853,-2389.91275612599
"OPTOTRAK _ C01 _ Right _ 2",340.726002164719,-209.402665663932,-2327.37502941162,432.480352917211,-174.907057943243,-2389.98192975097
"OPTOTRAK _ C01 _ Right _ 2",340.775993588505,-209.442584369294,-2327.46248128067,432.504215414155,-174.983099484725,-2390.04546191436
"OPTOTRAK _ C01 _ Right _ 2",340.824646867527,-209.467584680961,-2327.53601340563,432.523400105288,-175.042518338374,-2390.09581191386
"OPTOTRAK _ C01 _ Right _ 2",340.873288463203,-209.477581739004,-2327.59174029863,432.542070685079,-175.084491043804,-2390.12910093879
"OPTOTRAK _ C01 _ Right _ 2",340.924405702671,-209.477636894974,-2327.63020184984,432.566672381752,-175.11313055168,-2390.1453206896
"OPTOTRAK _ C01 _ Right _ 2",340.980520292681,-209.47587058977,-2327.65533071346,432.603557631438,-175.135223755203,-2390.1476339877
"OPTOTRAK _ C01 _ Right _ 2",341.04315285347,-209.480838286732,-2327.672895556,432.656811898335,-175.157679963086,-2390.14106992625
"OPTOTRAK _ C01 _ Right _ 2",341.112133631608,-209.499080561678,-2327.68880750445,432.726876740321,-175.185404014628,-2390.13102440751
"OPTOTRAK _ C01 _ Right _ 2",341.185398321917,-209.533397138263,-2327.70761992112,432.810280633916,-175.220057903506,-2390.121946184
"OPTOTRAK _ C01 _ Right _ 2",341.259308193261,-209.582155469682,-2327.73148842031,432.900472537905,-175.259865845122,-2390.11646769069
"OPTOTRAK _ C01 _ Right _ 2",341.329431946181,-209.639694226177,-2327.75977584284,432.989477974665,-175.300353974379,-2390.11508805662
"OPTOTRAK _ C01 _ Right _ 2",341.391617318352,-209.697672911331,-2327.78937146194,433.069916333978,-175.335733879581,-2390.11637565903
"OPTOTRAK _ C01 _ Right _ 2",341.443092692179,-209.747062865909,-2327.81564603811,433.136853954205,-175.360529246827,-2390.11755610171
"OPTOTRAK _ C01 _ Right _ 2",341.483306696247,-209.780354822632,-2327.83380316432,433.189016594622,-175.371005986072,-2390.11529902413
"OPTOTRAK _ C01 _ Right _ 2",341.514251327081,-209.793483297751,-2327.84026217913,433.22903789341,-175.366024330433,-2390.10650901653
"OPTOTRAK _ C01 _ Right _ 2",341.540124625046,-209.786987470632,-2327.83368244489,433.262662874038,-175.347104194244,-2390.08895319471
"OPTOTRAK _ C01 _ Right _ 2",341.566366077868,-209.766073745767,-2327.81533780886,433.297111593677,-175.317750412106,-2390.06161809893
"OPTOTRAK _ C01 _ Right _ 2",341.59829992511,-209.73949436108,-2327.78873968919,433.339052648403,-175.28233388405,-2390.0247747497
"OPTOTRAK _ C01 _ Right _ 2",341.639767454455,-209.717452557188,-2327.75862601432,433.392754291507,-175.244958669076,-2389.97981313374
"OPTOTRAK _ C01 _ Right _ 2",341.692148862298,-209.709021657529,-2327.72962455861,433.45893275613,-175.208698575927,-2389.92894788002
"OPTOTRAK _ C01 _ Right _ 2",341.754059986153,-209.719749725051,-2327.70501512668,433.534619976475,-175.175390729299,-2389.87488748183
"OPTOTRAK _ C01 _ Right _ 2",341.82181070431,-209.750140635531,-2327.68600824476,433.614084735526,-175.145937537815,-2389.82052875326
"OPTOTRAK _ C01 _ Right _ 2",341.890500032823,-209.795512957943,-2327.67180218453,433.690540924747,-175.120898799611,-2389.76871571159
"OPTOTRAK _ C01 _ Right _ 2",341.955453412604,-209.847355414755,-2327.66040890444,433.758144102631,-175.101091165453,-2389.72208749196
"OPTOTRAK _ C01 _ Right _ 2",342.013613730467,-209.89581216284,-2327.64994636438,433.813682264747,-175.087940288284,-2389.68301299658
"OPTOTRAK _ C01 _ Right _ 2",342.064496098741,-209.932513750268,-2327.63989543251,433.857452456077,-175.083436135492,-2389.65356691874
"OPTOTRAK _ C01 _ Right _ 2",342.110415981067,-209.952826624985,-2327.63181215365,433.893074271067,-175.089701281099,-2389.6354696837
"OPTOTRAK _ C01 _ Right _ 2",342.155896756154,-209.956831854722,-2327.62919915047,433.926342961748,-175.108333148216,-2389.62992293548
"OPTOTRAK _ C01 _ Right _ 2",342.206412219994,-209.948855216337,-2327.63658881822,433.963526127846,-175.13975334702,-2389.63732768913
"OPTOTRAK _ C01 _ Right _ 2",342.266832441356,-209.935897277101,-2327.65820801613,434.009636587227,-175.182783018676,-2389.65695443258
"OPTOTRAK _ C01 _ Right _ 2",342.340037591737,-209.925628596633,-2327.69673264186,434.067162715673,-175.234611867998,-2389.68670296971
"OPTOTRAK _ C01 _ Right _ 2",342.42612112755,-209.92464462107,-2327.75256468413,434.135588971242,-175.291261421332,-2389.72309664602
"OPTOTRAK _ C01 _ Right _ 2",342.522433007763,-209.937460580239,-2327.82384330929,434.211838655293,-175.348523749542,-2389.76158722093
"OPTOTRAK _ C01 _ Right _ 2",342.624438394063,-209.966367432456,-2327.90713034132,434.291498018922,-175.403170258334,-2389.79714604772
"OPTOTRAK _ C01 _ Right _ 2",342.72706100283,-210.011905445123,-2327.99846213939,434.370378697086,-175.454051013248,-2389.82504250714
"OPTOTRAK _ C01 _ Right _ 2",342.825983207944,-210.073511729167,-2328.09431377584,434.445814869689,-175.502672573745,-2389.84168361565
"OPTOTRAK _ C01 _ Right _ 2",342.918402932922,-210.149966615613,-2328.19206878809,434.517220093405,-175.552999572586,-2389.84539183635
"OPTOTRAK _ C01 _ Right _ 2",343.002987202245,-210.239521381584,-2328.2898408462,434.585783817549,-175.610478275905,-2389.83700461416
"OPTOTRAK _ C01 _ Right _ 2",343.079092734497,-210.33980427593,-2328.38581334383,434.653532234526,-175.680483120599,-2389.82017881224
"OPTOTRAK _ C01 _ Right _ 2",343.145622603505,-210.447607252978,-2328.47745069122,434.722127993039,-175.766476547542,-2389.80128363043
"OPTOTRAK _ C01 _ Right _ 2",343.200077088772,-210.55852696918,-2328.56091457328,434.791748351036,-175.868191966851,-2389.78877358991
"OPTOTRAK _ C01 _ Right _ 2",343.238370894448,-210.666399280534,-2328.63088875966,434.860281869494,-175.980166010609,-2389.79194742722
"OPTOTRAK _ C01 _ Right _ 2",343.255772176424,-210.762665255232,-2328.68092398062,434.922997059757,-176.090980772701,-2389.81903327388
"OPTOTRAK _ C01 _ Right _ 2",343.24889423673,-210.836142909671,-2328.70439488352,434.972764039308,-176.183605382247,-2389.87464571207
"OPTOTRAK _ C01 _ Right _ 2",343.218186082362,-210.873880553328,-2328.69609618081,435.000842820675,-176.237198143725,-2389.9568907909
"OPTOTRAK _ C01 _ Right _ 2",343.170023530871,-210.863588539668,-2328.65426107661,434.998201884238,-176.230581324561,-2390.05474187566
"OPTOTRAK _ C01 _ Right _ 2",343.11742136975,-210.79757372955,-2328.58242134334,434.957306749108,-176.14728403781,-2390.1466696857
"OPTOTRAK _ C01 _ Right _ 2",343.078584237108,-210.677376672565,-2328.49031038004,434.874299691331,-175.98157478728,-2390.2017193378
"OPTOTRAK _ C01 _ Right _ 2",343.072973370111,-210.517729494352,-2328.39315318268,434.75142770963,-175.744346596116,-2390.18410885323
"OPTOTRAK _ C01 _ Right _ 2",343.115274816503,-210.348177296172,-2328.30913955668,434.599407615504,-175.467189124246,-2390.06183041925
"OPTOTRAK _ C01 _ Right _ 2",343.208529296958,-210.210802014722,-2328.25541299637,434.439132221234,-175.202642605441,-2389.81860706373
"OPTOTRAK _ C01 _ Right _ 2",343.338501802625,-210.153028728305,-2328.24335614671,434.301799696308,-175.018696364454,-2389.46700583628
"OPTOTRAK _ C01 _ Right _ 2",343.471798664582,-210.215541417437,-2328.27425931928,434.226339316949,-174.98630905604,-2389.05888970258
"OPTOTRAK _ C01 _ Right _ 2",343.559966348447,-210.416806672541,-2328.33657983343,434.253073637677,-175.160226520297,-2388.68827708425
"OPTOTRAK _ C01 _ Right _ 2",343.550681738073,-210.737299445406,-2328.40586109391,434.413047956196,-175.555561843131,-2388.48172253984
"OPTOTRAK _ C01 _ Right _ 2",343.405278062275,-211.107781671046,-2328.44793726659,434.713477021789,-176.125092824131,-2388.57307116455
"OPTOTRAK _ C01 _ Right _ 2",343.11960650244,-211.406410711405,-2328.42535086368,435.121266045421,-176.744345451215,-2389.06307217641
"OPTOTRAK _ C01 _ Right _ 2",342.743173079108,-211.468636925448,-2328.30606574525,435.548247073594,-177.212350635529,-2389.96949129904
"OPTOTRAK _ C01 _ Right _ 2",342.39029838564,-211.111531095776,-2328.07269113413,435.843020030551,-177.274509874909,-2391.17894990755
"OPTOTRAK _ C01 _ Right _ 2",342.237391795754,-210.170420693365,-2327.7297426993,435.794347254501,-176.669615264565,-2392.41600573275
"OPTOTRAK _ C01 _ Right _ 2",342.502767375285,-208.541131593697,-2327.30630844726,435.149385223492,-175.195846362976,-2393.2458838818
"OPTOTRAK _ C01 _ Right _ 2",343.40976375326,-206.217071387054,-2326.85225728821,433.646748646873,-172.781815674591,-2393.12286454339
"OPTOTRAK _ C01 _ Right _ 2",345.139508067855,-203.308732620511,-2326.42794357648,431.060446632069,-169.541183550907,-2391.48578145756
"OPTOTRAK _ C01 _ Right _ 2",347.784715324057,-200.035689222236,-2326.08973439616,427.247589333601,-165.786912651971,-2387.88670261271
"OPTOTRAK _ C01 _ Right _ 2",351.317967487731,-196.688384024336,-2325.87555215373,422.191465757963,-161.987785720725,-2382.12308673698
"OPTOTRAK _ C01 _ Right _ 2",355.584990072368,-193.567415084252,-2325.79496520388,416.031863256739,-158.666889816491,-2374.3347432363
"OPTOTRAK _ C01 _ Right _ 2",360.325636403133,-190.917755546356,-2325.82700136388,409.075265288762,-156.265631701411,-2365.03172803737
"OPTOTRAK _ C01 _ Right _ 2",365.215571365708,-188.879417594604,-2325.92649858845,401.778780512122,-155.017484137092,-2355.03921280807
"OPTOTRAK _ C01 _ Right _ 2",369.914747962139,-187.471240000586,-2326.03726198041,394.705339370502,-154.880465592929,-2345.37244492564
"OPTOTRAK _ C01 _ Right _ 2",374.108325127397,-186.612014753245,-2326.1081388735,388.45581296966,-155.559287521222,-2337.07552778253
"OPTOTRAK _ C01 _ Right _ 2",377.531662516721,-186.168840886094,-2326.10696546651,383.593792981001,-156.612963784058,-2331.06242961469
"OPTOTRAK _ C01 _ Right _ 2",379.979829891033,-186.013139649012,-2326.02783101323,380.5830986983,-157.608892122657,-2327.98908575453
"OPTOTRAK _ C01 _ Right _ 2",381.309026645791,-186.063876945188,-2325.88940705387,379.750770881545,-158.267702337219,-2328.17137337144
"OPTOTRAK _ C01 _ Right _ 2",381.439355717172,-186.30445928781,-2325.72548214076,381.273428526974,-158.550306671681,-2331.55364457283
"OPTOTRAK _ C01 _ Right _ 2",380.3650570193,-186.770619862698,-2325.5718832847,385.173888132387,-158.662022245987,-2337.72822727822
"OPTOTRAK _ C01 _ Right _ 2",378.171420650521,-187.516797265876,-2325.4551431411,391.315509310248,-158.97637073537,-2346.00386372603
"OPTOTRAK _ C01 _ Right _ 2",375.050630873675,-188.574716921949,-2325.38693903714,399.391331641477,-159.904573929724,-2355.51512079328
"OPTOTRAK _ C01 _ Right _ 2",371.305499016636,-189.918916384895,-2325.36523655719,408.915559959441,-161.751039004056,-2365.35381152753
"OPTOTRAK _ C01 _ Right _ 2",367.332448870398,-191.450480916478,-2325.37995458043,419.230179180217,-164.597315540198,-2374.6924362593
"OPTOTRAK _ C01 _ Right _ 2",363.582081304154,-193.004042429401,-2325.41945790891,429.538017239831,-168.247028735179,-2382.8675213304
"OPTOTRAK _ C01 _ Right _ 2",360.503566311709,-194.376195928405,-2325.47480201226,438.966945684992,-172.246416828804,-2389.40314824842
"OPTOTRAK _ C01 _ Right _ 2",358.484341061613,-195.367664395417,-2325.54062570055,446.660738151523,-175.975643900175,-2393.97862027114
"OPTOTRAK _ C01 _ Right _ 2",357.797503418187,-195.828033399239,-2325.61355743185,451.883742621192,-178.789446222303,-2396.36803283112
"OPTOTRAK _ C01 _ Right _ 2",358.566590940039,-195.691338255684,-2325.69001765997,454.122002213644,-180.173719367945,-2396.39148216849
"OPTOTRAK _ C01 _ Right _ 2",360.753055807229,-194.99319492226,-2325.76519539752,453.163493731135,-179.878721172249,-2393.91145689046
"OPTOTRAK _ C01 _ Right _ 2",364.167436220096,-193.864808920278,-2325.8340912856,449.142822919235,-177.991692532049,-2388.88555928287
"OPTOTRAK _ C01 _ Right _ 2",368.501704134074,-192.504967195011,-2325.89435886297,442.539047074767,-174.923760676188,-2381.45710623137
"OPTOTRAK _ C01 _ Right _ 2",373.377259087698,-191.136812128261,-2325.94975117185,434.119965580651,-171.308099871617,-2372.04124209267
"OPTOTRAK _ C01 _ Right _ 2",378.400103597378,-189.960483388653,-2326.01262457161,424.83494275878,-167.834639652639,-2361.35815763895
"OPTOTRAK _ C01 _ Right _ 2",383.212310130606,-189.114153932216,-2326.10419373288,415.672149227899,-165.071463326165,-2350.38253606518
"OPTOTRAK _ C01 _ Right _ 2",387.52847294118,-188.653679868342,-2326.2519150561,407.511232159433,-163.331266928728,-2340.21326102629
"OPTOTRAK _ C01 _ Right _ 2",391.149002541648,-188.555502444044,-2326.4842901953,401.010466854018,-162.625015095315,-2331.90173572223
"OPTOTRAK _ C01 _ Right _ 2",393.949072942949,-188.740440424667,-2326.82419030643,396.559795530611,-162.710649384443,-2326.29098496739
"OPTOTRAK _ C01 _ Right _ 2",395.850757991025,-189.109966850102,-2327.28213611282,394.306605712004,-163.210617825397,-2323.90448808589
"OPTOTRAK _ C01 _ Right _ 2",396.792639934695,-189.583421684939,-2327.85083036766,394.230754776783,-163.753990181664,-2324.89622600885
"OPTOTRAK _ C01 _ Right _ 2",396.712379436198,-190.125227688409,-2328.50204628482,396.226720731277,-164.099761864467,-2329.05230338991
"OPTOTRAK _ C01 _ Right _ 2",395.552156072265,-190.755017864431,-2329.18697681202,400.154288394112,-164.210424647304,-2335.8304752902
"OPTOTRAK _ C01 _ Right _ 2",393.286366749532,-191.539058815736,-2329.84102626707,405.841280445476,-164.261268225962,-2344.43191521457
"OPTOTRAK _ C01 _ Right _ 2",389.959810512223,-192.566642417367,-2330.39328693475,413.049512715587,-164.587281792474,-2353.90644577945
"OPTOTRAK _ C01 _ Right _ 2",385.718048744953,-193.918825525236,-2330.77954469727,421.434411398078,-165.584190257053,-2363.28818452313
"OPTOTRAK _ C01 _ Right _ 2",380.813521449737,-195.638226381157,-2330.95609284169,430.530985356363,-167.590678032451,-2371.74345530907
"OPTOTRAK _ C01 _ Right _ 2",375.581156029514,-197.707312517468,-2330.91060758501,439.784334290013,-170.782132907165,-2378.69747633895
"OPTOTRAK _ C01 _ Right _ 2",370.390844826362,-200.039266220853,-2330.66647565132,448.619778412556,-175.101252329343,-2383.90361417206
"OPTOTRAK _ C01 _ Right _ 2",365.594289473807,-202.481568891164,-2330.27854137337,456.527315897369,-180.240151523046,-2387.433628944
"OPTOTRAK _ C01 _ Right _ 2",361.485141704135,-204.829855925222,-2329.82089874337,463.126842454921,-185.67619252962,-2389.59241622114
"OPTOTRAK _ C01 _ Right _ 2",358.28373852609,-206.849435605046,-2329.3700809578,468.188610783018,-190.752526294347,-2390.78378305849
"OPTOTRAK _ C01 _ Right _ 2",356.145387629812,-208.303270215996,-2328.98860864135,471.604532093669,-194.786385746631,-2391.36583157343
"OPTOTRAK _ C01 _ Right _ 2",355.180369554072,-208.985949925827,-2328.71364021013,473.32966993271,-197.185332601045,-2391.53431604629
"OPTOTRAK _ C01 _ Right _ 2",355.46941276398,-208.761538683826,-2328.5535417961,473.327141069811,-197.553791155134,-2391.26361775451
"OPTOTRAK _ C01 _ Right _ 2",357.061893452901,-207.599381347959,-2328.49240415182,471.546741020161,-195.775775378301,-2390.32127523895
"OPTOTRAK _ C01 _ Right _ 2",359.953621174027,-205.598130065004,-2328.50006079472,467.950394413189,-192.060649183166,-2388.35459406821
"OPTOTRAK _ C01 _ Right _ 2",364.052727483582,-202.987111582406,-2328.54393362925,462.574830769732,-186.937249507957,-2385.02790510162
"OPTOTRAK _ C01 _ Right _ 2",369.15091456185,-200.09766350182,-2328.59917671275,455.603458450553,-181.183337974064,-2380.17048212577
"OPTOTRAK _ C01 _ Right _ 2",374.918842297773,-197.305298761293,-2328.65453276079,447.412296569449,-175.688806468732,-2373.8853079377
"OPTOTRAK _ C01 _ Right _ 2",380.936902228888,-194.954243030675,-2328.71262346514,438.5617849834,-171.273598055838,-2366.57608349514
"OPTOTRAK _ C01 _ Right _ 2",386.758241903251,-193.284736986883,-2328.7852194385,429.725370655881,-168.506253520721,-2358.87732008819
"OPTOTRAK _ C01 _ Right _ 2",391.985896899009,-192.385766039735,-2328.88631374522,421.571130327031,-167.579987373411,-2351.51120886662
"OPTOTRAK _ C01 _ Right _ 2",396.337881522922,-192.189100295828,-2329.02728263493,414.635562189668,-168.287773636087,-2345.12526848896
"OPTOTRAK _ C01 _ Right _ 2",399.677627209301,-192.506689614731,-2329.21732700108,409.237913799762,-170.100942032047,-2340.16897328191
"OPTOTRAK _ C01 _ Right _ 2",402.000595492503,-193.09852953999,-2329.46868403752,405.470072220829,-172.318837148238,-2336.84498478334
"OPTOTRAK _ C01 _ Right _ 2",403.384568496879,-193.748637500101,-2329.80217570917,403.263998636517,-174.240493490257,-2335.13674682568
"OPTOTRAK _ C01 _ Right _ 2",403.923837437121,-194.32609066574,-2330.24749463342,402.503355415999,-175.31573155913,-2334.88694447033
"OPTOTRAK _ C01 _ Right _ 2",403.672127592761,-194.815047760752,-2330.83521163924,403.127824719999,-175.250417179237,-2335.88997570006
"OPTOTRAK _ C01 _ Right _ 2",402.615012660359,-195.308390740961,-2331.58219701143,405.184656053947,-174.056091050757,-2337.96587129983
"OPTOTRAK _ C01 _ Right _ 2",400.68167057157,-195.969985037963,-2332.47622968956,408.805824818593,-172.042752621309,-2340.99714602711
"OPTOTRAK _ C01 _ Right _ 2",397.791697040296,-196.977917345587,-2333.46698354783,414.119376553946,-169.756968698831,-2344.92631062857
"OPTOTRAK _ C01 _ Right _ 2",393.919994600476,-198.464435089101,-2334.46877934824,421.129158078369,-167.870385141799,-2349.72384948309
"OPTOTRAK _ C01 _ Right _ 2",389.156172677571,-200.467791872095,-2335.37625877567,429.609402986765,-167.030638562454,-2355.34114714814
"OPTOTRAK _ C01 _ Right _ 2",383.737198828096,-202.907428095823,-2336.0891003496,439.054978555536,-167.69868487482,-2361.66107598503
"OPTOTRAK _ C01 _ Right _ 2",378.04216591462,-205.58782052468,-2336.53799301105,448.707128635061,-170.009455807447,-2368.45517488742
"OPTOTRAK _ C01 _ Right _ 2",372.551102113775,-208.229290637345,-2336.70297175597,457.647887280556,-173.698469351213,-2375.35516220924
"OPTOTRAK _ C01 _ Right _ 2",367.779821355565,-210.517911911285,-2336.61758404823,464.93562129682,-178.128350371538,-2381.84862591415
"OPTOTRAK _ C01 _ Right _ 2",364.206487767739,-212.16313355827,-2336.35738229799,469.74673077744,-182.424582064745,-2387.31016951958
"OPTOTRAK _ C01 _ Right _ 2",362.203561525803,-212.951456601949,-2336.01688552295,471.49427022158,-185.695008597252,-2391.07510174771
"OPTOTRAK _ C01 _ Right _ 2",361.984560682845,-212.786531606575,-2335.6831835255,469.906891182844,-187.274153849243,-2392.55132693153
"OPTOTRAK _ C01 _ Right _ 2",363.571804659053,-211.70881862415,-2335.41528242183,465.063320522565,-186.915140380893,-2391.34962250434
"OPTOTRAK _ C01 _ Right _ 2",366.789705119118,-209.890722538378,-2335.23577023843,457.384066274179,-184.860405063697,-2387.39934880296
"OPTOTRAK _ C01 _ Right _ 2",371.28656757514,-207.60650878676,-2335.13632048031,447.583489937577,-181.760156769324,-2381.01254773036
"OPTOTRAK _ C01 _ Right _ 2",376.584136978104,-205.181224074452,-2335.09300957447,436.585568513787,-178.463036362736,-2372.86884114748
"OPTOTRAK _ C01 _ Right _ 2",382.147749901688,-202.928952091548,-2335.08396356334,425.41018450254,-175.753165291101,-2363.91618470926
"OPTOTRAK _ C01 _ Right _ 2",387.462953600232,-201.09582457878,-2335.10218122225,415.045615917847,-174.127476446387,-2355.21084521781
"OPTOTRAK _ C01 _ Right _ 2",392.10063012542,-199.824024290993,-2335.16002229381,406.33322025422,-173.686529940558,-2347.74076959821
"OPTOTRAK _ C01 _ Right _ 2",395.75541234774,-199.147304972128,-2335.28616543421,399.892809616331,-174.162631281647,-2342.27881139933
"OPTOTRAK _ C01 _ Right _ 2",398.251697473392,-199.017453124587,-2335.51805626101,396.104246460832,-175.058027400773,-2339.29573852177
"OPTOTRAK _ C01 _ Right _ 2",399.523768402774,-199.349542940322,-2335.89242981685,395.136152010272,-175.836264881302,-2338.93812745414
"OPTOTRAK _ C01 _ Right _ 2",399.58527380216,-200.067539052375,-2336.43521548859,396.991913700147,-176.10622678964,-2341.05668368466
"OPTOTRAK _ C01 _ Right _ 2",398.504268134022,-201.133485132242,-2337.15192415569,401.540926861529,-175.75147074727,-2345.26421620369
"OPTOTRAK _ C01 _ Right _ 2",396.393045644783,-202.551545347039,-2338.02052246193,408.520352192904,-174.976702352382,-2351.00821184848
"OPTOTRAK _ C01 _ Right _ 2",393.411039791239,-204.348328679458,-2338.98939208389,417.517890852695,-174.263489655882,-2357.65223435174
"OPTOTRAK _ C01 _ Right _ 2",389.770186540062,-206.539076797061,-2339.98210807574,427.963562058184,-174.247304573868,-2364.56383844514
"OPTOTRAK _ C01 _ Right _ 2",385.730491408277,-209.093000375088,-2340.9086232523,439.157578293656,-175.546010555501,-2371.20113462495
"OPTOTRAK _ C01 _ Right _ 2",381.579961447218,-211.909896118228,-2341.68018623947,450.342415150589,-178.582142171802,-2377.18117440257
"OPTOTRAK _ C01 _ Right _ 2",377.603234385716,-214.815376885234,-2342.22413115991,460.801523441928,-183.443407185951,-2382.3106434461
"OPTOTRAK _ C01 _ Right _ 2",374.050525708453,-217.575808253686,-2342.49497389031,469.950132321852,-189.816597078819,-2386.56803122935
"OPTOTRAK _ C01 _ Right _ 2",371.118581120345,-219.928728896128,-2342.4796260216,477.384552269443,-197.012575700797,-2390.04246908574
"OPTOTRAK _ C01 _ Right _ 2",368.948694558713,-221.62167726007,-2342.19629646571,482.874131372191,-204.079060238944,-2392.84863805951
"OPTOTRAK _ C01 _ Right _ 2",367.637892499195,-222.452067771623,-2341.68827285303,486.305371412201,-209.977943321274,-2395.0430366065
"OPTOTRAK _ C01 _ Right _ 2",367.253086883786,-222.301951808543,-2341.01489467961,487.608963430153,-213.789192183177,-2396.56453044428
"OPTOTRAK _ C01 _ Right _ 2",367.837264893606,-221.162734116945,-2340.24230386233,486.708248274268,-214.897791686285,-2397.21558419083
"OPTOTRAK _ C01 _ Right _ 2",369.401631482368,-219.145479145777,-2339.43588406745,483.518029659557,-213.124675608838,-2396.69280692062
"OPTOTRAK _ C01 _ Right _ 2",371.905763436376,-216.472843612392,-2338.65507402526,477.999276349204,-208.773711512472,-2394.66573616743
"OPTOTRAK _ C01 _ Right _ 2",375.235639226712,-213.450291333018,-2337.95015699816,470.248002561759,-202.580591911777,-2390.88935661924
"OPTOTRAK _ C01 _ Right _ 2",379.193061066265,-210.418296150855,-2337.36020991014,460.577730642335,-195.566155039839,-2385.32052945904
"OPTOTRAK _ C01 _ Right _ 2",383.507017713171,-207.693493158884,-2336.91171611087,449.553339368877,-188.818993740574,-2378.19878073282
"OPTOTRAK _ C01 _ Right _ 2",387.868418002845,-205.512792685958,-2336.61807336002,437.95142590206,-183.257860919206,-2370.05724723357
"OPTOTRAK _ C01 _ Right _ 2",391.978346467253,-203.996599304498,-2336.48081898364,426.652080761688,-179.441208947231,-2361.65318174113
"OPTOTRAK _ C01 _ Right _ 2",395.592491134966,-203.142938145988,-2336.49332420448,416.496922947927,-177.483681580844,-2353.83964188191
"OPTOTRAK _ C01 _ Right _ 2",398.545139542387,-202.854337166902,-2336.64673540871,408.164538728355,-177.103352582426,-2347.42223294406
"OPTOTRAK _ C01 _ Right _ 2",400.745188809309,-202.987843651849,-2336.9363649088,402.107203050867,-177.774873751248,-2343.04363355337
"OPTOTRAK _ C01 _ Right _ 2",402.149478664994,-203.41057203947,-2337.36549549735,398.562897497203,-178.92842072042,-2341.1172733732
"OPTOTRAK _ C01 _ Right _ 2",402.729144872307,-204.041944916305,-2337.94379392785,397.619401555615,-180.127721675564,-2341.80631676678
"OPTOTRAK _ C01 _ Right _ 2",402.447920961775,-204.869410984067,-2338.67964847404,399.283893957635,-181.178183410097,-2345.03057580011
"OPTOTRAK _ C01 _ Right _ 2",401.266087145121,-205.934243972482,-2339.5688670133,403.514114970144,-182.143953637437,-2350.48640132505
"OPTOTRAK _ C01 _ Right _ 2",399.172087293737,-207.294204177322,-2340.58451225918,410.191697550659,-183.279498027633,-2357.67610751216
"OPTOTRAK _ C01 _ Right _ 2",396.230257002577,-208.977033492071,-2341.67272036157,419.050476029384,-184.902151689301,-2365.95278468048
"OPTOTRAK _ C01 _ Right _ 2",392.623509362993,-210.941087323479,-2342.7569759163,429.596989806597,-187.245440406625,-2374.58535545784
"OPTOTRAK _ C01 _ Right _ 2",388.669073538865,-213.056683690879,-2343.74973411034,441.066973284822,-190.33712178758,-2382.83786782791
"OPTOTRAK _ C01 _ Right _ 2",384.79440407874,-215.115127990816,-2344.5673131519,452.449446244369,-193.939223940934,-2390.04526237647
"OPTOTRAK _ C01 _ Right _ 2",381.475134219432,-216.863913709323,-2345.14301699239,462.586635355617,-197.570457420715,-2395.66590351808
"OPTOTRAK _ C01 _ Right _ 2",379.1506882373,-218.058807775545,-2345.43480001196,470.333811048603,-200.60849687836,-2399.30245209132
"OPTOTRAK _ C01 _ Right _ 2",378.140379880259,-218.518675990918,-2345.42657985102,474.745734555531,-202.446877054545,-2400.70005391172
"OPTOTRAK _ C01 _ Right _ 2",378.581880547629,-218.168222719679,-2345.12497353548,475.248671255857,-202.663878555547,-2399.74203961222
"OPTOTRAK _ C01 _ Right _ 2",380.406889869339,-217.057167880808,-2344.55444166129,471.758642287688,-201.152986508118,-2396.4600415577
"OPTOTRAK _ C01 _ Right _ 2",383.359071442238,-215.350637860939,-2343.75325016859,464.716271802338,-198.170496221464,-2391.0590472885
"OPTOTRAK _ C01 _ Right _ 2",387.049453136377,-213.293140485958,-2342.77103217916,455.024428022656,-194.278280798643,-2383.93886241987
"OPTOTRAK _ C01 _ Right _ 2",391.036051137764,-211.155652335471,-2341.66726699667,443.895013204927,-190.195007397035,-2375.68498680326
"OPTOTRAK _ C01 _ Right _ 2",394.908646326524,-209.180209973963,-2340.50962472299,432.633505773086,-186.604119181425,-2367.01159866215
"OPTOTRAK _ C01 _ Right _ 2",398.357820485814,-207.537309835046,-2339.37186314636,422.410168200763,-183.98371670207,-2358.66313381718
"OPTOTRAK _ C01 _ Right _ 2",401.21090099159,-206.307502533867,-2338.33178040319,414.077473544213,-182.511594099531,-2351.30437565891
"OPTOTRAK _ C01 _ Right _ 2",403.426598888561,-205.490588516284,-2337.46945731052,408.084469606145,-182.065197111843,-2345.43655177239
"OPTOTRAK _ C01 _ Right _ 2",405.052717604492,-205.036619102484,-2336.86466288768,404.507273052001,-182.301363250823,-2341.36366383173
"OPTOTRAK _ C01 _ Right _ 2",406.163017307484,-204.886197419971,-2336.59115999887,403.172261179201,-182.781126313761,-2339.20841659432
"OPTOTRAK _ C01 _ Right _ 2",406.79576500211,-205.00580122792,-2336.70613856313,403.815986835648,-183.102895560905,-2338.95639105398
"OPTOTRAK _ C01 _ Right _ 2",406.915484437867,-205.407062212803,-2337.23541174356,406.218378400273,-183.015063802358,-2340.50102643858
"OPTOTRAK _ C01 _ Right _ 2",406.411398840013,-206.145327542899,-2338.15831114086,410.263482638008,-182.488594634616,-2343.67062223416
"OPTOTRAK _ C01 _ Right _ 2",405.133450506277,-207.29988932506,-2339.39864009064,415.914578351566,-181.737873360756,-2348.23458058013
"OPTOTRAK _ C01 _ Right _ 2",402.953328674921,-208.943712157885,-2340.82795494021,423.125052541831,-181.184312265874,-2353.9002455808
"OPTOTRAK _ C01 _ Right _ 2",399.828269264099,-211.112834850004,-2342.28419644262,431.731102541752,-181.364251190385,-2360.31703617647
"OPTOTRAK _ C01 _ Right _ 2",395.843918173001,-213.784424979062,-2343.60311008837,441.377930068456,-182.793144085086,-2367.09897702929
"OPTOTRAK _ C01 _ Right _ 2",391.220984303477,-216.868361385951,-2344.65415334857,451.514568083719,-185.811722156211,-2373.86384846586
"OPTOTRAK _ C01 _ Right _ 2",386.285352581258,-220.211908699577,-2345.36943904068,461.460522756177,-190.451959649351,-2380.27494171105
"OPTOTRAK _ C01 _ Right _ 2",381.415229806712,-223.61293492975,-2345.75564240116,470.51527177627,-196.363716036113,-2386.0675146173
"OPTOTRAK _ C01 _ Right _ 2",376.984875903597,-226.836221040545,-2345.88446071094,478.065319398751,-202.832077149636,-2391.04874825652
"OPTOTRAK _ C01 _ Right _ 2",373.320841350171,-229.629930964997,-2345.86463500188,483.650326029686,-208.892482638517,-2395.07274422318
"OPTOTRAK _ C01 _ Right _ 2",370.677153817978,-231.743281669042,-2345.80453837691,486.974527094265,-213.523047087969,-2398.00350363814
"OPTOTRAK _ C01 _ Right _ 2",369.226419382891,-232.948975281078,-2345.77694666363,487.878008611861,-215.870023724252,-2399.68412762836
"OPTOTRAK _ C01 _ Right _ 2",369.058669121638,-233.072996533381,-2345.79659484102,486.299641860216,-215.450451336735,-2399.92918467941
"OPTOTRAK _ C01 _ Right _ 2",370.180306199505,-232.029854464684,-2345.81726297374,482.26195768819,-212.279077592756,-2398.55061775147
"OPTOTRAK _ C01 _ Right _ 2",372.510315162222,-229.855266266931,-2345.74953510841,475.890553900749,-206.883275486271,-2395.41652807991
"OPTOTRAK _ C01 _ Right _ 2",375.876965767475,-226.724021079177,-2345.49427467332,467.457293281271,-200.195661609369,-2390.52808964739
"OPTOTRAK _ C01 _ Right _ 2",380.022195467424,-222.941451879115,-2344.98170775228,457.419798799069,-193.345118898949,-2384.08749682163
"OPTOTRAK _ C01 _ Right _ 2",384.620333903957,-218.903637862125,-2344.20346351386,446.427118732747,-187.397413061535,-2376.52697010057
"OPTOTRAK _ C01 _ Right _ 2",389.312607129728,-215.032249406527,-2343.22645135793,435.27323515149,-183.116875859769,-2368.48040588054
"OPTOTRAK _ C01 _ Right _ 2",393.751179050468,-211.70044874449,-2342.18334468276,424.801293991215,-180.818674523319,-2360.70108789167
"OPTOTRAK _ C01 _ Right _ 2",397.640445989607,-209.171273734892,-2341.24280742699,415.784082503346,-180.351855051876,-2353.94890260433
"OPTOTRAK _ C01 _ Right _ 2",400.762887430535,-207.566160393755,-2340.56966655669,408.820008121509,-181.207110225279,-2348.87818807721
"OPTOTRAK _ C01 _ Right _ 2",402.983124318778,-206.869932149801,-2340.28761671353,404.278862028786,-182.702595489261,-2345.95133787479
"OPTOTRAK _ C01 _ Right _ 2",404.233842595525,-206.965335487942,-2340.45428205461,402.307642082928,-184.184484354896,-2345.38992738566
"OPTOTRAK _ C01 _ Right _ 2",404.49535718104,-207.681374337671,-2341.05304201191,402.877773944548,-185.187694405621,-2347.16250825551
"OPTOTRAK _ C01 _ Right _ 2",403.782365864217,-208.83836211574,-2342.00096280764,405.839871366661,-185.524325187325,-2351.00195895356
"OPTOTRAK _ C01 _ Right _ 2",402.145911733645,-210.277686009498,-2343.16890362284,410.958300516856,-185.290546826943,-2356.44635932569
"OPTOTRAK _ C01 _ Right _ 2",399.688601599496,-211.872297859204,-2344.40820461132,417.917892979155,-184.801530359924,-2362.9015318469
"OPTOTRAK _ C01 _ Right _ 2",396.582076733112,-213.521313822462,-2345.57775277074,426.315116124816,-184.47782099914,-2369.72392066115
"OPTOTRAK _ C01 _ Right _ 2",393.072704908748,-215.136532650894,-2346.56560979811,435.654460081935,-184.714923364167,-2376.31548436064
"OPTOTRAK _ C01 _ Right _ 2",389.466224691018,-216.629500782451,-2347.30101708617,445.364658656065,-185.769055487192,-2382.21095558512
"OPTOTRAK _ C01 _ Right _ 2",386.091863069731,-217.905504128853,-2347.75531898027,454.834964445736,-187.684836946557,-2387.13124599006
"OPTOTRAK _ C01 _ Right _ 2",383.255833001127,-218.866871005321,-2347.93341065654,463.459837966644,-190.277366564547,-2390.9828699334
"OPTOTRAK _ C01 _ Right _ 2",381.198429454684,-219.423944451102,-2347.85972063567,470.678283511127,-193.167250736222,-2393.80178573747
"OPTOTRAK _ C01 _ Right _ 2",380.066710387421,-219.509526594168,-2347.56374277014,476.001134036919,-195.857431639239,-2395.66235216268
"OPTOTRAK _ C01 _ Right _ 2",379.907871128339,-219.092161340722,-2347.06958469576,479.029885352155,-197.835799292886,-2396.58717335539
"OPTOTRAK _ C01 _ Right _ 2",380.680607175716,-218.184926083926,-2346.39229606203,479.477618158544,-198.685139733983,-2396.49451858859
"OPTOTRAK _ C01 _ Right _ 2",382.276525148371,-216.848388352116,-2345.54150412749,477.20201854534,-198.179992744378,-2395.20646426946
"OPTOTRAK _ C01 _ Right _ 2",384.542896657733,-215.187877784289,-2344.53065899562,472.251801613155,-196.349000003906,-2392.51820876486
"OPTOTRAK _ C01 _ Right _ 2",387.301456070615,-213.345560549824,-2343.3883896399,464.913921577024,-193.483891187754,-2388.30523502559
"OPTOTRAK _ C01 _ Right _ 2",390.363144732076,-211.487307921187,-2342.16751151954,455.736459845063,-190.085263298184,-2382.62836401942
"OPTOTRAK _ C01 _ Right _ 2",393.542200319569,-209.784244110895,-2340.94756319494,445.499623469461,-186.751701062615,-2375.79385974123
"OPTOTRAK _ C01 _ Right _ 2",396.672167913162,-208.390274599811,-2339.82864453795,435.120966203403,-184.038825140171,-2368.33973653381
"OPTOTRAK _ C01 _ Right _ 2",399.621724600832,-207.419613333573,-2338.91741576987,425.508844356536,-182.329183512713,-2360.94715922318
"OPTOTRAK _ C01 _ Right _ 2",402.303489852759,-206.930509492067,-2338.30918298944,417.407650890225,-181.752490153622,-2354.30639397879
"OPTOTRAK _ C01 _ Right _ 2",404.668728601004,-206.920938663082,-2338.07149766357,411.29085676966,-182.177079990653,-2348.98505746617
"OPTOTRAK _ C01 _ Right _ 2",406.686355143602,-207.338481433143,-2338.23381350978,407.341270958925,-183.267961992255,-2345.3423997956
"OPTOTRAK _ C01 _ Right _ 2",408.312892603308,-208.10151868284,-2338.78502918858,405.518895693166,-184.588094305448,-2343.51002652954
"OPTOTRAK _ C01 _ Right _ 2",409.466338272978,-209.124607986155,-2339.67776766738,405.678020659088,-185.713127703633,-2343.4307613285
"OPTOTRAK _ C01 _ Right _ 2",410.018018149928,-210.339299473567,-2340.8365514994,407.677761392387,-186.332544460212,-2344.92765235553
"OPTOTRAK _ C01 _ Right _ 2",409.811620832285,-211.703381409533,-2342.16721601176,411.43919007099,-186.316572746589,-2347.7708905619
"OPTOTRAK _ C01 _ Right _ 2",408.708851292896,-213.195977661336,-2343.56630342118,416.928671693382,-185.735942092049,-2351.71962419859
"OPTOTRAK _ C01 _ Right _ 2",406.649729704081,-214.801257835881,-2344.93044254335,424.078140838824,-184.830292549608,-2356.53151805583
"OPTOTRAK _ C01 _ Right _ 2",403.707208245364,-216.487623586827,-2346.16582214824,432.677887882937,-183.931402414372,-2361.94766815848
"OPTOTRAK _ C01 _ Right _ 2",400.114824335109,-218.190674475628,-2347.19687330222,442.288206029427,-183.359239214045,-2367.66860909358
"OPTOTRAK _ C01 _ Right _ 2",396.253805692868,-219.806817423403,-2347.97217940888,452.209782963053,-183.319667976825,-2373.33731920726
"OPTOTRAK _ C01 _ Right _ 2",392.599293499683,-221.200818850988,-2348.46555456245,461.532295736309,-183.837030076507,-2378.54005042093
"OPTOTRAK _ C01 _ Right _ 2",389.638425476122,-222.226165024983,-2348.67163481882,469.25504778727,-184.747293619817,-2382.82963440319
"OPTOTRAK _ C01 _ Right _ 2",387.780965067166,-222.753204979835,-2348.59766274661,474.45218463388,-185.757635687192,-2385.77091667264
"OPTOTRAK _ C01 _ Right _ 2",387.284045357533,-222.697875035292,-2348.25512592687,476.443739824282,-186.55298109419,-2387.00343267833
"OPTOTRAK _ C01 _ Right _ 2",388.207518762484,-222.043783065152,-2347.65531015065,474.933213541594,-186.910303095961,-2386.31081190664
"OPTOTRAK _ C01 _ Right _ 2",390.408136584191,-220.852133244276,-2346.81124047371,470.080086834312,-186.776995334719,-2383.68033899394
"OPTOTRAK _ C01 _ Right _ 2",393.5721133729,-219.2566077034,-2345.74551102796,462.488581727315,-186.283678704425,-2379.33320973884
"OPTOTRAK _ C01 _ Right _ 2",397.278255211154,-217.443356702514,-2344.50043125505,453.110097098714,-185.689240235492,-2373.71019346264
"OPTOTRAK _ C01 _ Right _ 2",401.078309266162,-215.619476989555,-2343.14518991431,443.074923676282,-185.284083650152,-2367.40908704739
"OPTOTRAK _ C01 _ Right _ 2",404.577697035725,-213.976465018431,-2341.77540240755,433.487268786413,-185.292149202552,-2361.08536801503
"OPTOTRAK _ C01 _ Right _ 2",407.498885453743,-212.657277690023,-2340.50347132412,425.231884496627,-185.806247205071,-2355.33990993023
"OPTOTRAK _ C01 _ Right _ 2",409.712467550881,-211.735607569106,-2339.4422785111,418.843110478001,-186.770601138669,-2350.62316473826
"OPTOTRAK _ C01 _ Right _ 2",411.228446545332,-211.213058536995,-2338.68761808383,414.471455117835,-188.003626695121,-2347.18159006347
"OPTOTRAK _ C01 _ Right _ 2",412.1512496615,-211.034688264723,-2338.30482763885,411.951382884232,-189.244146415328,-2345.0591645317
"OPTOTRAK _ C01 _ Right _ 2",412.613107649258,-211.117699278841,-2338.32244189769,410.940233005282,-190.206077091826,-2344.1484565408
"OPTOTRAK _ C01 _ Right _ 2",412.70723880833,-211.384060033235,-2338.73223952157,411.077828803114,-190.633221687006,-2344.26969011969
"OPTOTRAK _ C01 _ Right _ 2",412.442168249911,-211.78699378576,-2339.49293715917,412.116051666741,-190.35061005097,-2345.2495653072
"OPTOTRAK _ C01 _ Right _ 2",411.731706935358,-212.32379925513,-2340.53499466069,413.983384828844,-189.309514155153,-2346.97584996255
"OPTOTRAK _ C01 _ Right _ 2",410.423852407633,-213.032270407634,-2341.7659005891,416.772686856609,-187.620539543151,-2349.41542615845
"OPTOTRAK _ C01 _ Right _ 2",408.359391714232,-213.973183243315,-2343.07726790927,420.66377414347,-185.565158947625,-2352.59698246614
"OPTOTRAK _ C01 _ Right _ 2",405.441010170812,-215.205115702303,-2344.35554853798,425.810382901361,-183.573760368753,-2356.5699883841
"OPTOTRAK _ C01 _ Right _ 2",401.689845254144,-216.759271171796,-2345.49668997087,432.229665367498,-182.161339447501,-2361.3561474818
"OPTOTRAK _ C01 _ Right _ 2",397.270711147699,-218.620980955187,-2346.42242099089,439.729063031767,-181.822707763521,-2366.9079042077
"OPTOTRAK _ C01 _ Right _ 2",392.478402154991,-220.721836483969,-2347.09361399937,447.890945388512,-182.905703575061,-2373.08268505572
"OPTOTRAK _ C01 _ Right _ 2",387.690937124064,-222.942950447144,-2347.51571577605,456.114915673876,-185.496242159425,-2379.63462392554
"OPTOTRAK _ C01 _ Right _ 2",383.305669190245,-225.126875177842,-2347.73309310605,463.699308064375,-189.353941351463,-2386.22077524406
"OPTOTRAK _ C01 _ Right _ 2",379.677134898571,-227.09438078923,-2347.81272518966,469.934906971291,-193.926615403145,-2392.41796804
"OPTOTRAK _ C01 _ Right _ 2",377.07114712973,-228.663048568307,-2347.82156859039,474.188598149356,-198.449351242759,-2397.74885277757
"OPTOTRAK _ C01 _ Right _ 2",375.641001297825,-229.666594457501,-2347.80450893217,475.96832627032,-202.108030865047,-2401.71886719719
"OPTOTRAK _ C01 _ Right _ 2",375.423375599669,-229.975243630309,-2347.77002746094,474.973355695508,-204.226907845272,-2403.86705529144
"OPTOTRAK _ C01 _ Right _ 2",376.347230857743,-229.51695689579,-2347.68845190211,471.136685744949,-204.430729634768,-2403.83116542489
"OPTOTRAK _ C01 _ Right _ 2",378.249598986823,-228.296897108684,-2347.50371396753,464.658756594955,-202.736261412541,-2401.4209025655
"OPTOTRAK _ C01 _ Right _ 2",380.895629654208,-226.409687496367,-2347.15516017786,456.020255456124,-199.54565606705,-2396.68417659917
"OPTOTRAK _ C01 _ Right _ 2",384.003542617786,-224.037808375355,-2346.60250806402,445.955919554548,-195.5415130714,-2389.94382683131
"OPTOTRAK _ C01 _ Right _ 2",387.275912999261,-221.431396176774,-2345.8456763366,435.376104717176,-191.513388609496,-2381.78256083001
"OPTOTRAK _ C01 _ Right _ 2",390.436497314543,-218.869851196763,-2344.93266182516,425.237968459791,-188.167636186561,-2372.96591296976
"OPTOTRAK _ C01 _ Right _ 2",393.267729296274,-216.612477396191,-2343.95275575435,416.388004511247,-185.976927000996,-2364.31499913535
"OPTOTRAK _ C01 _ Right _ 2",395.640235017805,-214.850958320517,-2343.01781825555,409.414458930423,-185.108919790592,-2356.56346268537
"OPTOTRAK _ C01 _ Right _ 2",397.524673471499,-213.677711976148,-2342.23864632008,404.553395822557,-185.442182798593,-2350.24365542947
"OPTOTRAK _ C01 _ Right _ 2",398.979434404415,-213.079738983354,-2341.70446224748,401.680164467905,-186.647066378171,-2345.63769394608
"OPTOTRAK _ C01 _ Right _ 2",400.114622410125,-212.959201496129,-2341.47084000739,400.391191390016,-188.294083380059,-2342.80271914515
"OPTOTRAK _ C01 _ Right _ 2",401.040678647752,-213.173434316229,-2341.55686353469,400.151272351307,-189.955811582933,-2341.64993699869
"OPTOTRAK _ C01 _ Right _ 2",401.815825023071,-213.581822796014,-2341.94872854147,400.462479736115,-191.282733494509,-2342.03858061428
"OPTOTRAK _ C01 _ Right _ 2",402.408233794726,-214.086341058697,-2342.60602819295,401.008198574714,-192.048521912504,-2343.84566208575
"OPTOTRAK _ C01 _ Right _ 2",402.685928680637,-214.655767353406,-2343.46834542589,401.736499224261,-192.169888514287,-2346.98750610153
"OPTOTRAK _ C01 _ Right _ 2",402.440586653311,-215.328808327997,-2344.46193476118,402.864756979903,-191.708767100469,-2351.39158768258
"OPTOTRAK _ C01 _ Right _ 2",401.442056086693,-216.196741678069,-2345.50754679208,404.807134908336,-190.861770246991,-2356.93852580821
"OPTOTRAK _ C01 _ Right _ 2",399.510604834902,-217.370616383565,-2346.5300394094,408.044910794812,-189.936689340418,-2363.40701765656
"OPTOTRAK _ C01 _ Right _ 2",396.586510607117,-218.94111655243,-2347.46875062338,412.973645203701,-189.312111980788,-2370.45400875456
"OPTOTRAK _ C01 _ Right _ 2",392.774930756185,-220.940722009048,-2348.28593592797,419.76730819931,-189.377058033585,-2377.64715828168
"OPTOTRAK _ C01 _ Right _ 2",388.350291339178,-223.317458837621,-2348.97011909226,428.294571835012,-190.453528895437,-2384.54147983699
"OPTOTRAK _ C01 _ Right _ 2",383.717583605852,-225.9269770501,-2349.53238312239,438.106618042129,-192.713503160117,-2390.76833714578
"OPTOTRAK _ C01 _ Right _ 2",379.342676014563,-228.545193969322,-2349.99594002964,448.494203934571,-196.108985633925,-2396.09594208704
"OPTOTRAK _ C01 _ Right _ 2",375.673179335942,-230.898640357886,-2350.3817791163,458.592782973568,-200.336048308477,-2400.43242195239
"OPTOTRAK _ C01 _ Right _ 2",373.071430324577,-232.705819341098,-2350.69481468957,467.505285441109,-204.850334989287,-2403.7696496578
"OPTOTRAK _ C01 _ Right _ 2",371.772963660745,-233.721498603023,-2350.91511730888,474.415026880569,-208.942317571605,-2406.09425344574
"OPTOTRAK _ C01 _ Right _ 2",371.872640687976,-233.776605119381,-2350.99749950245,478.673121683985,-211.866447434574,-2407.30803147357
"OPTOTRAK _ C01 _ Right _ 2",373.331998950142,-232.808063719871,-2350.88045295306,479.858937611175,-213.001697483589,-2407.19728366715
"OPTOTRAK _ C01 _ Right _ 2",375.998390180319,-230.874502449089,-2350.50290710773,477.820825538316,-212.006537398298,-2405.47174042241
"OPTOTRAK _ C01 _ Right _ 2",379.628837840362,-228.154957363629,-2349.82505152876,472.702820949954,-208.92483288835,-2401.86666832909
"OPTOTRAK _ C01 _ Right _ 2",383.91659803627,-224.928943471159,-2348.84786814605,464.952831597508,-204.205213014304,-2396.27575460554
"OPTOTRAK _ C01 _ Right _ 2",388.522355661419,-221.538417261323,-2347.62543360909,455.297223526706,-198.616935144377,-2388.86612332865
"OPTOTRAK _ C01 _ Right _ 2",393.111740251182,-218.335999278213,-2346.26510153607,444.665950375838,-193.076899707245,-2380.12725613036
"OPTOTRAK _ C01 _ Right _ 2",397.396078021072,-215.628779520951,-2344.91381271944,434.066438145115,-188.434820154785,-2370.82585458083
"OPTOTRAK _ C01 _ Right _ 2",401.167150795034,-213.630728086128,-2343.73339102227,424.428432655436,-185.281275717427,-2361.87393855662
"OPTOTRAK _ C01 _ Right _ 2",404.314027721816,-212.436322511271,-2342.87175253325,416.462749320986,-183.835172964504,-2354.15278994948
"OPTOTRAK _ C01 _ Right _ 2",406.813917251843,-212.022367748255,-2342.43818600737,410.580017476598,-183.935983382627,-2348.35199104076
"OPTOTRAK _ C01 _ Right _ 2",408.698413321891,-212.276006535254,-2342.48851079111,406.895228130503,-185.129096256631,-2344.87136931754
"OPTOTRAK _ C01 _ Right _ 2",410.006752603119,-213.038549596135,-2343.02153379804,405.309050501436,-186.807938976832,-2343.80233638905
"OPTOTRAK _ C01 _ Right _ 2",410.743646824511,-214.150576541895,-2343.98443046786,405.626496694521,-188.370645093922,-2344.97341670187
"OPTOTRAK _ C01 _ Right _ 2",410.858394318748,-215.485068713575,-2345.28321744782,407.662903697495,-189.356490942865,-2348.02853123603
"OPTOTRAK _ C01 _ Right _ 2",410.254762799437,-216.961005988405,-2346.79532816472,411.298573129607,-189.539224234808,-2352.50885361224
"OPTOTRAK _ C01 _ Right _ 2",408.829950819744,-218.537329663607,-2348.38311254425,416.468552558586,-188.965107431735,-2357.92232431803
"OPTOTRAK _ C01 _ Right _ 2",406.529448961744,-220.193612221362,-2349.90834449809,423.101659101721,-187.931756229459,-2363.79863470714
"OPTOTRAK _ C01 _ Right _ 2",403.39728742609,-221.907074000953,-2351.24770715808,431.042481070067,-186.911529366977,-2369.73384746586
"OPTOTRAK _ C01 _ Right _ 2",399.601717198174,-223.635007851553,-2352.30787244587,439.994104082724,-186.432630501785,-2375.42579223314
"OPTOTRAK _ C01 _ Right _ 2",395.425460302893,-225.307973421596,-2353.03712870123,449.506220533259,-186.941738994852,-2380.69353658438
"OPTOTRAK _ C01 _ Right _ 2",391.223469955726,-226.834148788171,-2353.4298192978,459.010220099687,-188.679644965562,-2385.4699116364
"OPTOTRAK _ C01 _ Right _ 2",387.363130648689,-228.111122189173,-2353.52107003841,467.882463297667,-191.601085707789,-2389.76108618912
"OPTOTRAK _ C01 _ Right _ 2",384.166603310564,-229.039745491674,-2353.37226919813,475.509612996183,-195.360424843802,-2393.58003252924
"OPTOTRAK _ C01 _ Right _ 2",381.871229136687,-229.535808379546,-2353.05118707393,481.337688785839,-199.369203447419,-2396.87402688043
"OPTOTRAK _ C01 _ Right _ 2",380.614405245384,-229.538191770518,-2352.61275587677,484.902868750351,-202.914912919819,-2399.47267630424
"OPTOTRAK _ C01 _ Right _ 2",380.439162289859,-229.014938292232,-2352.08640172262,485.856397139842,-205.316354221807,-2401.07937039825
"OPTOTRAK _ C01 _ Right _ 2",381.310327979287,-227.96963428863,-2351.47362240336,483.999579973114,-206.081590423344,-2401.31706367585
"OPTOTRAK _ C01 _ Right _ 2",383.130782658898,-226.448983795382,-2350.75614335256,479.335260572887,-205.031026297428,-2399.8226482696
"OPTOTRAK _ C01 _ Right _ 2",385.752138723583,-224.549265935173,-2349.91155284569,472.124007464181,-202.352167045353,-2396.36707715218
"OPTOTRAK _ C01 _ Right _ 2",388.98113485951,-222.416551641763,-2348.93089795094,462.916339544474,-198.565898387334,-2390.96539646597
"OPTOTRAK _ C01 _ Right _ 2",392.588109079849,-220.235422371889,-2347.83218943754,452.527621691076,-194.406821672723,-2383.93719756325
"OPTOTRAK _ C01 _ Right _ 2",396.324074222754,-218.204485976735,-2346.66541267272,441.936383097624,-190.647595704378,-2375.8884213419
"OPTOTRAK _ C01 _ Right _ 2",399.947907006683,-216.502905066807,-2345.50789449937,432.11706021897,-187.918349844375,-2367.6102857244
"OPTOTRAK _ C01 _ Right _ 2",403.257820186416,-215.257362476111,-2344.45236544554,423.851728884384,-186.574357217184,-2359.92238956029
"OPTOTRAK _ C01 _ Right _ 2",406.116003919088,-214.520397527675,-2343.5922028194,417.58422712558,-186.644489595542,-2353.50987945982
"OPTOTRAK _ C01 _ Right _ 2",408.45548398517,-214.267769856217,-2343.00821997127,413.370706832688,-187.860900633843,-2348.80613017989
"OPTOTRAK _ C01 _ Right _ 2",410.2642528486,-214.415862573013,-2342.75931452979,410.944613432843,-189.74566093972,-2345.9519201187
"OPTOTRAK _ C01 _ Right _ 2",411.550886890939,-214.853121728152,-2342.87670160817,409.869661652536,-191.723146858972,-2344.83167738275
"OPTOTRAK _ C01 _ Right _ 2",412.304088271958,-215.47502279009,-2343.35991113277,409.72410542368,-193.23389314598,-2345.16248716926
"OPTOTRAK _ C01 _ Right _ 2",412.462439741997,-216.211555993521,-2344.17307084795,410.254431755434,-193.835990653882,-2346.60099977261
"OPTOTRAK _ C01 _ Right _ 2",411.908461450885,-217.039536831785,-2345.24194523794,411.452609054057,-193.286705963103,-2348.83689148603
"OPTOTRAK _ C01 _ Right _ 2",410.493212796656,-217.977623162292,-2346.45448479421,413.537951010935,-191.597884742132,-2351.65338644936
"OPTOTRAK _ C01 _ Right _ 2",408.086525391584,-219.06755270265,-2347.66862607039,416.853609662906,-189.055504448423,-2354.94881091697
"OPTOTRAK _ C01 _ Right _ 2",404.637304189216,-220.348854496595,-2348.72968355628,421.712284775354,-186.190529666706,-2358.72328253117
"OPTOTRAK _ C01 _ Right _ 2",400.222620368022,-221.83516421936,-2349.4960692268,428.240380235939,-183.690545878568,-2363.03948765399
"OPTOTRAK _ C01 _ Right _ 2",395.066843892278,-223.498501146898,-2349.86777220187,436.269703156818,-182.25398444089,-2367.96714235266
"OPTOTRAK _ C01 _ Right _ 2",389.522684632519,-225.264519530293,-2349.80917595557,445.309509166088,-182.410410778606,-2373.52020392961
"OPTOTRAK _ C01 _ Right _ 2",384.020193930317,-227.018176735888,-2349.35807056278,454.6044142611,-184.352910723485,-2379.59693073015
"OPTOTRAK _ C01 _ Right _ 2",379.000756298126,-228.616641659735,-2348.61641815443,463.25611951112,-187.839015107877,-2385.93552427389
"OPTOTRAK _ C01 _ Right _ 2",374.855917485042,-229.905436046613,-2347.72420978826,470.370026513585,-192.205347909748,-2392.09956368995
"OPTOTRAK _ C01 _ Right _ 2",371.885173331123,-230.734980257295,-2346.82334016903,475.187522138543,-196.509039631423,-2397.50466824515
"OPTOTRAK _ C01 _ Right _ 2",370.276558235266,-230.977017230033,-2346.02178129475,477.178827406631,-199.766625531796,-2401.48985261311
"OPTOTRAK _ C01 _ Right _ 2",370.104729403506,-230.541924929335,-2345.36846238212,476.09072089227,-201.223846650894,-2403.4256164508
"OPTOTRAK _ C01 _ Right _ 2",371.337415249477,-229.397111810082,-2344.8463125974,471.957639856166,-200.571909351419,-2402.83941127115
"OPTOTRAK _ C01 _ Right _ 2",373.843227871918,-227.583722265722,-2344.38580959193,465.088174228053,-198.036710052758,-2399.53130429309
"OPTOTRAK _ C01 _ Right _ 2",377.399342772856,-225.225799217423,-2343.89536302986,456.033702225311,-194.306791722872,-2393.65074691388
"OPTOTRAK _ C01 _ Right _ 2",381.702575545588,-222.52527596478,-2343.29940211466,445.538572304305,-190.320652506725,-2385.7106963724
"OPTOTRAK _ C01 _ Right _ 2",386.388993912975,-219.738962251473,-2342.57179661221,434.468623794801,-186.983853731548,-2376.52871590212
"OPTOTRAK _ C01 _ Right _ 2",391.064606032827,-217.139570564692,-2341.75286397096,423.72005200631,-184.911173912935,-2367.10432079989
"OPTOTRAK _ C01 _ Right _ 2",395.344329887238,-214.969645875671,-2340.943412792,414.121600244397,-184.277593706344,-2358.46099179717
"OPTOTRAK _ C01 _ Right _ 2",398.891432202087,-213.401657706805,-2340.27762814971,406.352769295299,-184.818307666038,-2351.49097991739
"OPTOTRAK _ C01 _ Right _ 2",401.448241028651,-212.51643425148,-2339.88450228072,400.899844690133,-185.962696309241,-2346.83696888336
"OPTOTRAK _ C01 _ Right _ 2",402.852638017002,-212.305213826433,-2339.85116863593,398.056062919052,-187.045827373176,-2344.83005947705
"OPTOTRAK _ C01 _ Right _ 2",403.041552523821,-212.691227689568,-2340.199608607,397.950431465757,-187.527195762161,-2345.48582488003
"OPTOTRAK _ C01 _ Right _ 2",402.047749214544,-213.55991920899,-2340.88253501151,400.577237555988,-187.156071653494,-2348.54662657504
"OPTOTRAK _ C01 _ Right _ 2",399.995887183122,-214.785844695079,-2341.79776307666,405.804250166164,-186.044367810442,-2353.55306779608
"OPTOTRAK _ C01 _ Right _ 2",397.098459439975,-216.248625395623,-2342.81520952531,413.3572333359,-184.63318620543,-2359.92927647985
"OPTOTRAK _ C01 _ Right _ 2",393.646228899024,-217.836943953401,-2343.8077970875,422.798089511567,-183.56489111478,-2367.07020677336
"OPTOTRAK _ C01 _ Right _ 2",389.98641764939,-219.444906287092,-2344.67733715983,433.521433246838,-183.495793631836,-2374.41940087689
"OPTOTRAK _ C01 _ Right _ 2",386.486930660097,-220.96702777238,-2345.36883653725,444.785941863134,-184.900112216663,-2381.52326031908
"OPTOTRAK _ C01 _ Right _ 2",383.492836054814,-222.296819749086,-2345.87089772912,455.778971368392,-187.918257627087,-2388.04869821747
"OPTOTRAK _ C01 _ Right _ 2",381.286360303605,-223.331159964776,-2346.20454112848,465.697403964605,-192.290137694708,-2393.76005263887
"OPTOTRAK _ C01 _ Right _ 2",380.060447176535,-223.980085816228,-2346.40618589196,473.823199343576,-197.39135582055,-2398.46652193714
"OPTOTRAK _ C01 _ Right _ 2",379.909793796087,-224.180050014801,-2346.51146778894,479.579380808078,-202.364174083699,-2401.96515916865
"OPTOTRAK _ C01 _ Right _ 2",380.83635865356,-223.907735422459,-2346.54493319539,482.565080408088,-206.312183466251,-2404.00857334229
"OPTOTRAK _ C01 _ Right _ 2",382.762357499184,-223.190874132973,-2346.51746342625,482.578416208464,-208.511693624697,-2404.31811262928
"OPTOTRAK _ C01 _ Right _ 2",385.544158325601,-222.112312646184,-2346.43011038108,479.637331928045,-208.586700882727,-2402.64566900798
"OPTOTRAK _ C01 _ Right _ 2",388.984351640837,-220.804252397563,-2346.28110939544,474.000227835761,-206.600356803773,-2398.86700173653
"OPTOTRAK _ C01 _ Right _ 2",392.844146024003,-219.43143638784,-2346.07261300919,466.17511857051,-203.035215750965,-2393.07375036689
"OPTOTRAK _ C01 _ Right _ 2",396.861146382652,-218.164954249572,-2345.81481873012,456.896713954181,-198.664786412905,-2385.62610490731
"OPTOTRAK _ C01 _ Right _ 2",400.776354420151,-217.151723973832,-2345.52689957951,447.053178846481,-194.35251545462,-2377.13738432683
"OPTOTRAK _ C01 _ Right _ 2",404.368850211715,-216.487380041182,-2345.23569461016,437.561162834904,-190.839104109791,-2368.3852017577
"OPTOTRAK _ C01 _ Right _ 2",407.489636387763,-216.200744077228,-2344.97384234573,429.21377479742,-188.582644497879,-2360.17374002334
"OPTOTRAK _ C01 _ Right _ 2",410.081765233279,-216.255368408105,-2344.7786485697,422.548280638853,-187.69425982719,-2353.19347162309
"OPTOTRAK _ C01 _ Right _ 2",412.175609613824,-216.568403246683,-2344.69169560057,417.782631335278,-187.974705410261,-2347.92519199414
"OPTOTRAK _ C01 _ Right _ 2",413.856204760999,-217.0412884153,-2344.75777404072,414.846093504644,-189.023885150123,-2344.61315728888
"OPTOTRAK _ C01 _ Right _ 2",415.210511466884,-217.592915409084,-2345.02112542956,413.49078268784,-190.379731401796,-2343.30053616496
"OPTOTRAK _ C01 _ Right _ 2",416.271353626546,-218.185374964639,-2345.51784671103,413.439434592612,-191.646044185197,-2343.89700009273
"OPTOTRAK _ C01 _ Right _ 2",416.978061595338,-218.83509635186,-2346.26537651966,414.514633327381,-192.582190404083,-2346.24291363507
"OPTOTRAK _ C01 _ Right _ 2",417.170232568021,-219.606784725333,-2347.25216784978,416.705671664917,-193.142447361993,-2350.14559977961
"OPTOTRAK _ C01 _ Right _ 2",416.62139142339,-220.592289168649,-2348.43166976446,420.152898523753,-193.464626086913,-2355.38219823562
"OPTOTRAK _ C01 _ Right _ 2",415.106393049609,-221.879965763468,-2349.72391628677,425.057096604545,-193.815371713011,-2361.68135623407
"OPTOTRAK _ C01 _ Right _ 2",412.484190051805,-223.521735673661,-2351.02564005352,431.54577797868,-194.50453128189,-2368.70517388527
"OPTOTRAK _ C01 _ Right _ 2",408.770592834486,-225.505196841195,-2352.22688631694,439.542443556417,-195.785413873702,-2376.05006750858
"OPTOTRAK _ C01 _ Right _ 2",404.177157634521,-227.737330158344,-2353.22973900434,448.683587378261,-197.762502520494,-2383.27243984981
"OPTOTRAK _ C01 _ Right _ 2",399.102408757776,-230.044656424385,-2353.96383805187,458.311463103923,-200.331036632814,-2389.92971172715
"OPTOTRAK _ C01 _ Right _ 2",394.076355368976,-232.191905518988,-2354.39427626905,467.54550146836,-203.169734879483,-2395.61886655256
"OPTOTRAK _ C01 _ Right _ 2",389.67276856985,-233.917352322502,-2354.52004080853,475.412608249817,-205.796415431353,-2399.99839236385
"OPTOTRAK _ C01 _ Right _ 2",386.411236313198,-234.978698050216,-2354.36448716373,481.004073785451,-207.678536549845,-2402.79236405788
"OPTOTRAK _ C01 _ Right _ 2",384.671240896844,-235.200053489201,-2353.9620223967,483.625473107373,-208.372320981765,-2403.78841113163
"OPTOTRAK _ C01 _ Right _ 2",384.635137716568,-234.509405368925,-2353.34618108609,482.912187558784,-207.651436904719,-2402.84585806106
"OPTOTRAK _ C01 _ Right _ 2",386.268983103053,-232.957414428091,-2352.54339041999,478.892873839436,-205.584453640628,-2399.92344598789
"OPTOTRAK _ C01 _ Right _ 2",389.342068245661,-230.71226869787,-2351.57436208941,471.99310931422,-202.532125372404,-2395.12154491657
"OPTOTRAK _ C01 _ Right _ 2",393.47880335143,-228.0308192434,-2350.46194745778,462.979370323316,-199.059126408875,-2388.71984194256
"OPTOTRAK _ C01 _ Right _ 2",398.23063844243,-225.212119095285,-2349.24150613422,452.849617567885,-195.783646650653,-2381.18677868969
"OPTOTRAK _ C01 _ Right _ 2",403.151741854201,-222.544222949513,-2347.96864973006,442.684196222605,-193.212273974708,-2373.14569596571
"OPTOTRAK _ C01 _ Right _ 2",407.861426816054,-220.257185138112,-2346.72040550528,433.482061005577,-191.615329484568,-2365.30064978726
"OPTOTRAK _ C01 _ Right _ 2",412.079889859146,-218.493588086878,-2345.58883548483,426.018950363114,-190.982419625741,-2358.34169145755
"OPTOTRAK _ C01 _ Right _ 2",415.631676328536,-217.302634784642,-2344.66918820858,420.765804613311,-191.065553836563,-2352.85575734959
"OPTOTRAK _ C01 _ Right _ 2",418.421518579688,-216.656407844854,-2344.0460873276,417.888860451045,-191.485446482401,-2349.263292354
"OPTOTRAK _ C01 _ Right _ 2",420.396230109275,-216.480184248442,-2343.7807977452,417.32162642292,-191.86088998028,-2347.78754610007
"OPTOTRAK _ C01 _ Right _ 2",421.510607659348,-216.685360853563,-2343.90136913301,418.870583891957,-191.923155943538,-2348.45114499111
"OPTOTRAK _ C01 _ Right _ 2",421.712966331166,-217.194587048268,-2344.39669424221,422.30759083713,-191.589028939908,-2351.08935392336
"OPTOTRAK _ C01 _ Right _ 2",420.957405381561,-217.953195665012,-2345.21552061662,427.415731626544,-190.9794103858,-2355.37279385151
"OPTOTRAK _ C01 _ Right _ 2",419.237692370221,-218.926863724968,-2346.27154539957,433.981940155446,-190.382575860179,-2360.84018286794
"OPTOTRAK _ C01 _ Right _ 2",416.626412348254,-220.090280327358,-2347.45505670751,441.755143600826,-190.172261944732,-2366.94698335389
"OPTOTRAK _ C01 _ Right _ 2",413.298485998325,-221.413750622218,-2348.64987322767,450.401736348605,-190.700700498892,-2373.13327566137
"OPTOTRAK _ C01 _ Right _ 2",409.523946597609,-222.853668422841,-2349.75213623884,459.48628103493,-192.193512710912,-2378.90368731015
"OPTOTRAK _ C01 _ Right _ 2",405.628997832234,-224.349553117019,-2350.68602376248,468.488620913564,-194.673771402047,-2383.90003663758
"OPTOTRAK _ C01 _ Right _ 2",401.939292184783,-225.826724603438,-2351.41184006212,476.850021036951,-197.934942433822,-2387.94248323256
"OPTOTRAK _ C01 _ Right _ 2",398.726786882775,-227.201606443229,-2351.92442007178,484.030721774974,-201.569245430034,-2391.02250574253
"OPTOTRAK _ C01 _ Right _ 2",396.178105592748,-228.387006167255,-2352.24329041226,489.561965200814,-205.044217483938,-2393.24802953256
"OPTOTRAK _ C01 _ Right _ 2",394.391170416214,-229.296818089026,-2352.39876225548,493.082674769625,-207.809714944827,-2394.75889256198
"OPTOTRAK _ C01 _ Right _ 2",393.394449486448,-229.851659089977,-2352.41886952005,494.3588747576,-209.411390725678,-2395.64140526121
"OPTOTRAK _ C01 _ Right _ 2",393.175143213371,-229.987439345385,-2352.32086593383,493.28981727956,-209.585173582862,-2395.87067325242
"OPTOTRAK _ C01 _ Right _ 2",393.701579938875,-229.667378547637,-2352.10882277936,489.90817898634,-208.311453172393,-2395.30022512146
"OPTOTRAK _ C01 _ Right _ 2",394.930445523717,-228.895238731059,-2351.77675341889,484.382012921434,-205.817614057001,-2393.70426224995
"OPTOTRAK _ C01 _ Right _ 2",396.798406521996,-227.724993514659,-2351.31525656191,477.021797110988,-202.530201814402,-2390.86213819427
"OPTOTRAK _ C01 _ Right _ 2",399.206193935727,-226.26139646952,-2350.71915422587,468.286568664339,-198.988583653265,-2386.66030607915
"OPTOTRAK _ C01 _ Right _ 2",402.007480678678,-224.647975746094,-2349.99394978661,458.772843611481,-195.738145778962,-2381.17749829029
"OPTOTRAK _ C01 _ Right _ 2",405.012907105006,-223.043502078948,-2349.15984358495,449.167130015709,-193.224245037281,-2374.719525248
"OPTOTRAK _ C01 _ Right _ 2",408.01224878206,-221.59303932694,-2348.25306320245,440.154797030068,-191.709770387146,-2367.78514291575
"OPTOTRAK _ C01 _ Right _ 2",410.808427437707,-220.40274051155,-2347.32496349809,432.303486762448,-191.236701689936,-2360.97146172086
"OPTOTRAK _ C01 _ Right _ 2",413.250330163474,-219.526854300034,-2346.43949384842,425.963667300223,-191.641162965932,-2354.85371086646
"OPTOTRAK _ C01 _ Right _ 2",415.250642402005,-218.971048789071,-2345.66928567461,421.232540246201,-192.614068239138,-2349.88397863022
"OPTOTRAK _ C01 _ Right _ 2",416.780696785623,-218.710019204723,-2345.09012405289,418.002828350517,-193.785487843314,-2346.34098148599
"OPTOTRAK _ C01 _ Right _ 2",417.844123770015,-218.712018536547,-2344.77335612371,416.078840646172,-194.808452872356,-2344.3370457684
"OPTOTRAK _ C01 _ Right _ 2",418.440588276484,-218.960497067795,-2344.77616305901,415.312128401034,-195.425259014919,-2343.86471281372
"OPTOTRAK _ C01 _ Right _ 2",418.53615464332,-219.464291901691,-2345.13063568072,415.701970270993,-195.508853450718,-2344.85406617847
"OPTOTRAK _ C01 _ Right _ 2",418.055603147167,-220.25220844381,-2345.83389616007,417.420475324834,-195.078262881982,-2347.21447997904
"OPTOTRAK _ C01 _ Right _ 2",416.904405419047,-221.35367430248,-2346.84236746576,420.74916401044,-194.289278275822,-2350.84641902106
"OPTOTRAK _ C01 _ Right _ 2",415.016433640398,-222.772302985977,-2348.07301030324,425.944117149632,-193.401417221817,-2355.62374054937
"OPTOTRAK _ C01 _ Right _ 2",412.411960405277,-224.461997309724,-2349.41274439809,433.072090446157,-192.722463618602,-2361.35893403118
"OPTOTRAK _ C01 _ Right _ 2",409.243830677303,-226.314862524087,-2350.73480633756,441.873017053089,-192.535564558935,-2367.76915634066
"OPTOTRAK _ C01 _ Right _ 2",405.811251710526,-228.166865251726,-2351.91837815716,451.699795148605,-193.021734061164,-2374.45904160042
"OPTOTRAK _ C01 _ Right _ 2",402.530464008957,-229.821872797401,-2352.86648068866,461.564355168471,-194.199316338106,-2380.92970713104
"OPTOTRAK _ C01 _ Right _ 2",399.865832002677,-231.088964935491,-2353.51756759489,470.286917478259,-195.904658496436,-2386.61628510985
"OPTOTRAK _ C01 _ Right _ 2",398.238056540387,-231.823404226009,-2353.84844006952,476.714152636435,-197.829104034101,-2390.95103823845
"OPTOTRAK _ C01 _ Right _ 2",397.933760738968,-231.959839255192,-2353.86914892112,479.951399788864,-199.607032773086,-2393.44476600378
"OPTOTRAK _ C01 _ Right _ 2",399.040720955209,-231.527959990631,-2353.61308773363,479.549661468191,-200.926598959885,-2393.77371640611
"OPTOTRAK _ C01 _ Right _ 2",401.426112644968,-230.645552999799,-2353.12634668927,475.600164960799,-201.62154696042,-2391.85288155863
"OPTOTRAK _ C01 _ Right _ 2",404.763704470854,-229.49026897955,-2352.4593788254,468.713340073706,-201.7081733669,-2387.87340841951
"OPTOTRAK _ C01 _ Right _ 2",408.603195220263,-228.257533701028,-2351.66206788612,459.887789806205,-201.355495570579,-2382.28699613273
"OPTOTRAK _ C01 _ Right _ 2",412.464023259291,-227.116244404498,-2350.78179891857,450.301610897765,-200.806899056942,-2375.73474622445
"OPTOTRAK _ C01 _ Right _ 2",415.929612337025,-226.174947270406,-2349.86386446894,441.078712172419,-200.290799735502,-2368.93678979923
"OPTOTRAK _ C01 _ Right _ 2",418.718024722536,-225.468323247485,-2348.95392499572,433.091707290674,-199.955888664158,-2362.57339177745
"OPTOTRAK _ C01 _ Right _ 2",420.711927095864,-224.967342364964,-2348.10206424575,426.854014688879,-199.847757870272,-2357.19089236435
"OPTOTRAK _ C01 _ Right _ 2",421.942949657151,-224.608469274802,-2347.36679046406,422.524607835102,-199.922541189692,-2353.1547497606
"OPTOTRAK _ C01 _ Right _ 2",422.539020266612,-224.331072540512,-2346.81606371579,420.008905197032,-200.081404913172,-2350.65192615853
"OPTOTRAK _ C01 _ Right _ 2",422.653618510066,-224.110247408187,-2346.52251026786,419.106914329323,-200.209226461297,-2349.72599683131
"OPTOTRAK _ C01 _ Right _ 2",422.400103624329,-223.974988913611,-2346.5520150977,419.648955940266,-200.206771818002,-2350.31996874048
"OPTOTRAK _ C01 _ Right _ 2",421.811496908074,-224.007394537223,-2346.9480918698,421.571354737515,-200.012604652325,-2352.30639814106
"OPTOTRAK _ C01 _ Right _ 2",420.837358840268,-224.324784733349,-2347.7171577967,424.911193852247,-199.615366768501,-2355.49738753234
"OPTOTRAK _ C01 _ Right _ 2",419.377082352727,-225.0511124327,-2348.82054278915,429.730064554643,-199.057742902839,-2359.64093599012
"OPTOTRAK _ C01 _ Right _ 2",417.336541583009,-226.285762940222,-2350.17719545491,436.002482847447,-198.43136954304,-2364.41862748746
"OPTOTRAK _ C01 _ Right _ 2",414.686847273217,-228.077048085014,-2351.67734739043,443.517898584434,-197.860112363479,-2369.45956932009
"OPTOTRAK _ C01 _ Right _ 2",411.503639986396,-230.4053137058,-2353.20341453874,451.840954876644,-197.470861237458,-2374.37728547174
"OPTOTRAK _ C01 _ Right _ 2",407.973646266423,-233.177621272704,-2354.65172953898,460.352531746483,-197.357143281902,-2378.8238855098
"OPTOTRAK _ C01 _ Right _ 2",404.368516656884,-236.233224380938,-2355.94831320143,468.361260692891,-197.547724116604,-2382.54525710088
"OPTOTRAK _ C01 _ Right _ 2",400.997917621342,-239.357199650432,-2357.05396504753,475.245199610354,-197.993678261677,-2385.41735482553
"OPTOTRAK _ C01 _ Right _ 2",398.15915613743,-242.299209181279,-2357.95776296408,480.570098311119,-198.580282854146,-2387.4485678029
"OPTOTRAK _ C01 _ Right _ 2",396.097791083241,-244.795602784804,-2358.66220609209,484.141051380468,-199.158859111235,-2388.74463031134
"OPTOTRAK _ C01 _ Right _ 2",394.985363024365,-246.594962873096,-2359.16613459525,485.973897534006,-199.586176118911,-2389.44612460424
"OPTOTRAK _ C01 _ Right _ 2",394.911591871582,-247.487907895745,-2359.45216210132,486.207074950636,-199.759062730202,-2389.65908502242
"OPTOTRAK _ C01 _ Right _ 2",395.88376167845,-247.340117629871,-2359.4835914112,484.997413222896,-199.636846336684,-2389.40261208926
"OPTOTRAK _ C01 _ Right _ 2",397.827239684363,-246.123541151962,-2359.21244832815,482.445768423608,-199.249406612061,-2388.59270410643
"OPTOTRAK _ C01 _ Right _ 2",400.586413765889,-243.936841990691,-2358.59652470855,478.582243979859,-198.691538198535,-2387.07044498167
"OPTOTRAK _ C01 _ Right _ 2",403.930945729674,-241.005173939802,-2357.62025084742,473.414122637112,-198.105237627488,-2384.6684366492
"OPTOTRAK _ C01 _ Right _ 2",407.574290069952,-237.653155160116,-2356.31261479051,467.012309695969,-197.651886027951,-2381.29564640925
"OPTOTRAK _ C01 _ Right _ 2",411.208009659422,-234.25289148417,-2354.75572064473,459.593516245096,-197.477483564188,-2377.01183623926
"OPTOTRAK _ C01 _ Right _ 2",414.547731541729,-231.158166160338,-2353.08013807708,451.554123023055,-197.676773947133,-2372.06296544093
"OPTOTRAK _ C01 _ Right _ 2",417.378599382337,-228.642367806958,-2351.44749252028,443.432291852744,-198.265205980621,-2366.86122736181
"OPTOTRAK _ C01 _ Right _ 2",419.584556292348,-226.857992072397,-2350.02520991236,435.811355979393,-199.168058516152,-2361.91460801825
"OPTOTRAK _ C01 _ Right _ 2",421.149572592603,-225.82877656142,-2348.96072139493,429.209725656477,-200.231341328791,-2357.73063185269
"OPTOTRAK _ C01 _ Right _ 2",422.128962577918,-225.474306500202,-2348.36146718551,424.008161191262,-201.251678336165,-2354.72621842175
"OPTOTRAK _ C01 _ Right _ 2",422.600630582481,-225.65619437141,-2348.28360777143,420.440289069085,-202.017653721525,-2353.16787889148
"OPTOTRAK _ C01 _ Right _ 2",422.614171676325,-226.229121521302,-2348.72883037879,418.635553671412,-202.354967525186,-2353.15103931292
"OPTOTRAK _ C01 _ Right _ 2",422.157060020169,-227.080756628113,-2349.64696604233,418.678911301487,-202.169172448332,-2354.61356003935
"OPTOTRAK _ C01 _ Right _ 2",421.15134682757,-228.150484532978,-2350.94256103442,420.648601211829,-201.479525843896,-2357.37165225919
"OPTOTRAK _ C01 _ Right _ 2",419.483310712224,-229.424992917033,-2352.48490764975,424.608369301643,-200.435465499663,-2361.16598992697
"OPTOTRAK _ C01 _ Right _ 2",417.056094671691,-230.916003232555,-2354.1218732006,430.554039376605,-199.305716448855,-2365.70835018377
"OPTOTRAK _ C01 _ Right _ 2",413.846268931206,-232.629774482334,-2355.69738941188,438.336316568525,-198.432261234366,-2370.72104968619
"OPTOTRAK _ C01 _ Right _ 2",409.943537435828,-234.538826195807,-2357.07085328531,447.593553051738,-198.149831160709,-2375.96171367087
"OPTOTRAK _ C01 _ Right _ 2",405.559561538343,-236.564100172447,-2358.13483953257,457.725420451776,-198.685588470817,-2381.22669139696
"OPTOTRAK _ C01 _ Right _ 2",401.004003456603,-238.571674191918,-2358.82661504474,467.92335095347,-200.067996561226,-2386.33104657716
"OPTOTRAK _ C01 _ Right _ 2",396.63754008972,-240.383692849541,-2359.12986988657,477.254099238646,-202.080217569663,-2391.0720623468
"OPTOTRAK _ C01 _ Right _ 2",392.817604699405,-241.799945956835,-2359.06585425094,484.777255232143,-204.285201161359,-2395.19260752726
"OPTOTRAK _ C01 _ Right _ 2",389.851225696823,-242.625456042836,-2358.67674575493,489.670935929976,-206.127033651167,-2398.36468997871
"OPTOTRAK _ C01 _ Right _ 2",387.96263318103,-242.700203010733,-2358.00706602146,491.342582594192,-207.084156745971,-2400.20888321173
"OPTOTRAK _ C01 _ Right _ 2",387.275741113585,-241.928146686401,-2357.09003124649,489.510108070128,-206.827292233685,-2400.35351164484
"OPTOTRAK _ C01 _ Right _ 2",387.807403365294,-240.302408123441,-2355.94426855267,484.246822767955,-205.32904871857,-2398.52313568632
"OPTOTRAK _ C01 _ Right _ 2",389.467979575829,-237.92167616665,-2354.58262623275,475.987189443136,-202.886384943302,-2394.63365018236
"OPTOTRAK _ C01 _ Right _ 2",392.069291006448,-234.991227002771,-2353.02994193011,465.489200790292,-200.045411672073,-2388.8642594253
"OPTOTRAK _ C01 _ Right _ 2",395.34274479253,-231.802715994311,-2351.34232996229,453.747789694045,-197.449761812077,-2381.67747239893
"OPTOTRAK _ C01 _ Right _ 2",398.969384964452,-228.691568411005,-2349.61871162297,441.859993748943,-195.659122078563,-2373.77021506753
"OPTOTRAK _ C01 _ Right _ 2",402.618861645076,-225.978606471775,-2347.99727847488,430.860602565755,-194.995245325999,-2365.96162651903
"OPTOTRAK _ C01 _ Right _ 2",405.988746123713,-223.910266422555,-2346.63518762425,421.568968059099,-195.462594539638,-2359.04739215016
"OPTOTRAK _ C01 _ Right _ 2",408.8333777955,-222.615023166672,-2345.67681953941,414.495798472177,-196.762247703704,-2353.66361392241
"OPTOTRAK _ C01 _ Right _ 2",410.974928226962,-222.089728404426,-2345.22090019374,409.840275222333,-198.385658030978,-2350.19809456339
"OPTOTRAK _ C01 _ Right _ 2",412.297325321446,-222.219575359952,-2345.29717443097,407.569462768819,-199.755241193458,-2348.76721692086
"OPTOTRAK _ C01 _ Right _ 2",412.731715209963,-222.82378110802,-2345.85935540948,407.536736086549,-200.374893872096,-2349.25289999287
"OPTOTRAK _ C01 _ Right _ 2",412.245534020987,-223.710952794178,-2346.79529613384,409.583978957924,-199.958045382669,-2351.37679852761
"OPTOTRAK _ C01 _ Right _ 2",410.84378064935,-224.726598753867,-2347.95042802221,413.586806635456,-198.507126117361,-2354.78337043918
"OPTOTRAK _ C01 _ Right _ 2",408.582302395579,-225.780267547376,-2349.15782864673,419.432098216362,-196.325777386798,-2359.10883943485
"OPTOTRAK _ C01 _ Right _ 2",405.583631030611,-226.848487415291,-2350.2678422614,426.947970031163,-193.956052238464,-2364.02428183866
"OPTOTRAK _ C01 _ Right _ 2",402.041800450349,-227.958054102654,-2351.17138718557,435.825942967744,-192.048590271647,-2369.25205695399
"OPTOTRAK _ C01 _ Right _ 2",398.206740976841,-229.159100141404,-2351.81319807937,445.576780792931,-191.192513426146,-2374.56192413791
"OPTOTRAK _ C01 _ Right _ 2",394.349283926526,-230.497660210847,-2352.19362193924,455.546044035263,-191.74808240473,-2379.75627429091
"OPTOTRAK _ C01 _ Right _ 2",390.718344847294,-231.994211320625,-2352.3598074546,464.990573384598,-193.731315489149,-2384.6543579107
"OPTOTRAK _ C01 _ Right _ 2",387.506418000028,-233.630332181043,-2352.38894935542,473.193265812854,-196.789866175489,-2389.08354885688
"OPTOTRAK _ C01 _ Right _ 2",384.83601467729,-235.342585518813,-2352.36739572061,479.578931789663,-200.283429184555,-2392.88094065578
"OPTOTRAK _ C01 _ Right _ 2",382.770400412644,-237.022168034855,-2352.36966930276,483.793345107986,-203.447581874633,-2395.90190140102
"OPTOTRAK _ C01 _ Right _ 2",381.341517778566,-238.52033181945,-2352.44092943027,485.721374731062,-205.591032680379,-2398.02725811855
"OPTOTRAK _ C01 _ Right _ 2",380.580891831787,-239.661380536137,-2352.58562839673,485.443693760539,-206.266174178538,-2399.16169415115
"OPTOTRAK _ C01 _ Right _ 2",380.538417162666,-240.265301874573,-2352.76449511948,483.1555502447,-205.366201356997,-2399.22348074846
"OPTOTRAK _ C01 _ Right _ 2",381.27935909756,-240.17978163635,-2352.9013234409,479.084950264991,-203.130550099573,-2398.13516640562
"OPTOTRAK _ C01 _ Right _ 2",382.859365769749,-239.316919622409,-2352.89978625859,473.445080855273,-200.068904413602,-2395.82911349694
"OPTOTRAK _ C01 _ Right _ 2",385.287048370465,-237.685384294694,-2352.66834326418,466.438088663451,-196.831768212549,-2392.27672195649
"OPTOTRAK _ C01 _ Right _ 2",388.489770751852,-235.406670401478,-2352.14859342907,458.302138477711,-194.061374486971,-2387.53765716912
"OPTOTRAK _ C01 _ Right _ 2",392.297918135038,-232.706598298082,-2351.34000605307,449.371614575961,-192.255023913391,-2381.81156509341
"OPTOTRAK _ C01 _ Right _ 2",396.455953980594,-229.880312806168,-2350.31306104283,440.111581106505,-191.668051369891,-2375.46710802281
"OPTOTRAK _ C01 _ Right _ 2",400.657867191722,-227.23851967452,-2349.20469706273,431.098710507353,-192.276267957442,-2369.02739802459
"OPTOTRAK _ C01 _ Right _ 2",404.594727676138,-225.050573923667,-2348.19496514201,422.949389184357,-193.805655392646,-2363.107029385
"OPTOTRAK _ C01 _ Right _ 2",407.997452200036,-223.502215619167,-2347.47028091863,416.226284964814,-195.819682006114,-2358.31614864217
"OPTOTRAK _ C01 _ Right _ 2",410.661047437825,-222.680251426721,-2347.18342798951,411.366130469343,-197.837793533561,-2355.15993317203
"OPTOTRAK _ C01 _ Right _ 2",412.446371415785,-222.58538082532,-2347.42101110947,408.654825982398,-199.45165158065,-2353.96072211179
"OPTOTRAK _ C01 _ Right _ 2",413.266723158228,-223.163244000817,-2348.18571591483,408.244397922256,-200.411497648353,-2354.81769676676
"OPTOTRAK _ C01 _ Right _ 2",413.073065980925,-224.338165010271,-2349.39599379028,410.183192737018,-200.667598820566,-2357.60482320497
"OPTOTRAK _ C01 _ Right _ 2",411.850069512494,-226.035948718358,-2350.90187861833,414.429181019074,-200.363586617215,-2361.99971621565
"OPTOTRAK _ C01 _ Right _ 2",409.626897837014,-228.189290545566,-2352.51309058538,420.833113149092,-199.786925074442,-2367.53522091543
"OPTOTRAK _ C01 _ Right _ 2",406.496840023103,-230.727683602673,-2354.03386890854,429.10115790403,-199.287939358004,-2373.66711051046
"OPTOTRAK _ C01 _ Right _ 2",402.634118827892,-233.559558178119,-2355.29780249263,438.762799713989,-199.184402915519,-2379.85022491911
"OPTOTRAK _ C01 _ Right _ 2",398.297431874393,-236.55616640557,-2356.195648983,449.171291032818,-199.673325868125,-2385.61081621022
"OPTOTRAK _ C01 _ Right _ 2",393.816307890739,-239.5448184348,-2356.69026249111,459.550916365796,-200.772792628143,-2390.59909954672
"OPTOTRAK _ C01 _ Right _ 2",389.563385050172,-242.315091084352,-2356.8153723946,469.085043000719,-202.311614526285,-2394.60846950722
"OPTOTRAK _ C01 _ Right _ 2",385.919115715302,-244.63747454442,-2356.65857731814,477.021435269403,-203.972636441253,-2397.55779099397
"OPTOTRAK _ C01 _ Right _ 2",383.234489920455,-246.29099632184,-2356.33269427266,482.764483039516,-205.379545692147,-2399.4460940755
"OPTOTRAK _ C01 _ Right _ 2",381.794511154658,-247.095055269619,-2355.94263256344,485.930732281241,-206.202429978226,-2400.29824696773
"OPTOTRAK _ C01 _ Right _ 2",381.783443560599,-246.940430500316,-2355.55648286483,486.361093152907,-206.250427978501,-2400.12201127888
"OPTOTRAK _ C01 _ Right _ 2",383.254021522868,-245.814265652471,-2355.18897872932,484.101617012625,-205.524300089217,-2398.89192144116
"OPTOTRAK _ C01 _ Right _ 2",386.10632943673,-243.81341794103,-2354.8026409821,479.374549010027,-204.215418520214,-2396.56611476657
"OPTOTRAK _ C01 _ Right _ 2",390.085317053609,-241.140681257509,-2354.32697497682,472.556777731686,-202.653807560491,-2393.13065540956
"OPTOTRAK _ C01 _ Right _ 2",394.805599205037,-238.080444328949,-2353.69011110091,464.166860066876,-201.220710922296,-2388.65464023028
"OPTOTRAK _ C01 _ Right _ 2",399.806342810821,-234.955095806105,-2352.85235405479,454.845183488067,-200.249170480554,-2383.33283266079
"OPTOTRAK _ C01 _ Right _ 2",404.628663441638,-232.070083915414,-2351.82978829026,445.30698496458,-199.939530216171,-2377.49525151593
"OPTOTRAK _ C01 _ Right _ 2",408.897058530755,-229.661394379599,-2350.69976369422,436.261170039852,-200.313947437002,-2371.57568049535
"OPTOTRAK _ C01 _ Right _ 2",412.380554062862,-227.86091590568,-2349.58735993618,428.312876297962,-201.222404268697,-2366.04812733152
"OPTOTRAK _ C01 _ Right _ 2",415.012815221353,-226.690521193628,-2348.63892954737,421.886902504373,-202.39486267246,-2361.35328478802
"OPTOTRAK _ C01 _ Right _ 2",416.863601738435,-226.085902932825,-2347.99195851545,417.206191046088,-203.519145090374,-2357.83941861028
"OPTOTRAK _ C01 _ Right _ 2",418.071504563222,-225.940771954125,-2347.7491918853,414.334181403792,-204.319850651618,-2355.73290556514
"OPTOTRAK _ C01 _ Right _ 2",418.762209155092,-226.155735115556,-2347.96152673223,413.258408879859,-204.61960330358,-2355.13840633542
"OPTOTRAK _ C01 _ Right _ 2",418.981756894903,-226.676014928183,-2348.62109120185,413.97384584402,-204.373340361836,-2356.05619870339
"OPTOTRAK _ C01 _ Right _ 2",418.668865908615,-227.506991108841,-2349.6640911878,416.525939166998,-203.673397252782,-2358.40072608741
"OPTOTRAK _ C01 _ Right _ 2",417.676701050242,-228.703806958324,-2350.98201187222,420.991436354039,-202.726557246926,-2362.0100950295
"OPTOTRAK _ C01 _ Right _ 2",415.837291441315,-230.338742260332,-2352.43906134082,427.40124973276,-201.806010721789,-2366.64652529305
"OPTOTRAK _ C01 _ Right _ 2",413.046765808563,-232.456175048363,-2353.89310630023,435.634289964863,-201.184138958188,-2371.99649673119
"OPTOTRAK _ C01 _ Right _ 2",409.34202031329,-235.028619239614,-2355.21674815706,445.325425634708,-201.05773613651,-2377.6815659405
"OPTOTRAK _ C01 _ Right _ 2",404.942373990477,-237.92763909811,-2356.31472979703,455.828364672204,-201.484229317496,-2383.28522019568
"OPTOTRAK _ C01 _ Right _ 2",400.2419483711,-240.919981009885,-2357.13386975243,466.255715460467,-202.351015964717,-2388.39150407071
"OPTOTRAK _ C01 _ Right _ 2",395.754500526827,-243.692594505751,-2357.66270484424,475.591671551126,-203.395109885893,-2392.62437103136
"OPTOTRAK _ C01 _ Right _ 2",392.025735301912,-245.902176459353,-2357.9203724969,482.848904971287,-204.275412271266,-2395.67734057829
"OPTOTRAK _ C01 _ Right _ 2",389.534835698569,-247.238063751206,-2357.937724885,487.229048552761,-204.679463668064,-2397.32955617999
"OPTOTRAK _ C01 _ Right _ 2",388.607050164279,-247.483833858826,-2357.73708708713,488.248615892401,-204.429412498049,-2397.45122337433
"OPTOTRAK _ C01 _ Right _ 2",389.354915155794,-246.563419707759,-2357.31873755109,485.80645970026,-203.547688392959,-2396.00457525095
"OPTOTRAK _ C01 _ Right _ 2",391.659287212552,-244.561044757601,-2356.66066210515,480.187380169241,-202.255871897117,-2393.04566526743
"OPTOTRAK _ C01 _ Right _ 2",395.193867381165,-241.709698611676,-2355.73324910534,472.01049351492,-200.905564914367,-2388.72884596929
"OPTOTRAK _ C01 _ Right _ 2",399.488614899634,-238.349591407199,-2354.52406911388,462.136076706972,-199.865919510549,-2383.31114575477
"OPTOTRAK _ C01 _ Right _ 2",404.018949372505,-234.865409906678,-2353.06283753998,451.544328345656,-199.407808282229,-2377.14990760723
"OPTOTRAK _ C01 _ Right _ 2",408.300576571256,-231.617522475499,-2351.4359188838,441.201380737789,-199.624109930816,-2370.68655303684
"OPTOTRAK _ C01 _ Right _ 2",411.966764419232,-228.884854661848,-2349.78385686756,431.934732319574,-200.410350039943,-2364.41347993271
"OPTOTRAK _ C01 _ Right _ 2",414.808443903493,-226.833974520511,-2348.28211438857,424.345738010136,-201.50693850575,-2358.82849761624
"OPTOTRAK _ C01 _ Right _ 2",416.768250938398,-225.520385622333,-2347.11093989725,418.78134671216,-202.583791575357,-2354.38748072587
"OPTOTRAK _ C01 _ Right _ 2",417.894836610498,-224.917204623082,-2346.42272739843,415.368423226905,-203.338183760094,-2351.4659876534
"OPTOTRAK _ C01 _ Right _ 2",418.277594587523,-224.957640666618,-2346.31446743825,414.090298600915,-203.578341516897,-2350.3336841129
"OPTOTRAK _ C01 _ Right _ 2",417.988176186982,-225.574445269806,-2346.8105060186,414.869841512188,-203.273878448105,-2351.13720878541
"OPTOTRAK _ C01 _ Right _ 2",417.050843652565,-226.722719918667,-2347.85837235123,417.624115147218,-202.564099441914,-2353.88462961856
"OPTOTRAK _ C01 _ Right _ 2",415.45070664274,-228.380360130934,-2349.33836500779,422.27083940862,-201.72370110685,-2358.4298081563
"OPTOTRAK _ C01 _ Right _ 2",413.172757541189,-230.529449771396,-2351.08545564452,428.688514278423,-201.09266789675,-2364.4636644634
"OPTOTRAK _ C01 _ Right _ 2",410.252329130077,-233.128474299337,-2352.91946872204,436.651226097707,-200.984363643758,-2371.52470380895
"OPTOTRAK _ C01 _ Right _ 2",406.814543045638,-236.087124055562,-2354.67685218151,445.768925487745,-201.592915935546,-2379.03812416359
"OPTOTRAK _ C01 _ Right _ 2",403.087219504909,-239.252820900991,-2356.23593546638,455.461405837902,-202.925511700346,-2386.38159040199
"OPTOTRAK _ C01 _ Right _ 2",399.383823949591,-242.413009375448,-2357.52866877746,464.981610919164,-204.783029480685,-2392.96268092935
"OPTOTRAK _ C01 _ Right _ 2",396.063460606686,-245.312428964702,-2358.53574416387,473.487382373173,-206.800969539472,-2398.28662759845
"OPTOTRAK _ C01 _ Right _ 2",393.479540407194,-247.681814881218,-2359.26757569126,480.146707817036,-208.544059603173,-2401.99761887007
"OPTOTRAK _ C01 _ Right _ 2",391.92800518164,-249.273732112778,-2359.73875609349,484.253806055302,-209.628794384917,-2403.88951013479
"OPTOTRAK _ C01 _ Right _ 2",391.603043337951,-249.901037608196,-2359.94621810358,485.332832673886,-209.836263962872,-2403.89450953914
"OPTOTRAK _ C01 _ Right _ 2",392.565939589155,-249.472339392743,-2359.86023445306,483.211217486243,-209.178439041937,-2402.06460797746
"OPTOTRAK _ C01 _ Right _ 2",394.731796782196,-248.016954498529,-2359.43279531889,478.052537194706,-207.895320107605,-2398.55816823205
"OPTOTRAK _ C01 _ Right _ 2",397.878031008877,-245.691185330095,-2358.62130883293,470.345309992458,-206.382986025004,-2393.63552333488
"OPTOTRAK _ C01 _ Right _ 2",401.675886477471,-242.760341827463,-2357.4192942378,460.847194155399,-205.075267317333,-2387.65765176762
"OPTOTRAK _ C01 _ Right _ 2",405.741051530482,-239.557263625613,-2355.88222305663,450.487025602596,-204.317048599977,-2381.07665059812
"OPTOTRAK _ C01 _ Right _ 2",409.693132511236,-236.426190045315,-2354.13762559483,440.235625525457,-204.269944029528,-2374.40896662273
"OPTOTRAK _ C01 _ Right _ 2",413.20918252373,-233.667084997617,-2352.37401247215,430.970367563795,-204.878931007409,-2368.19043679763
"OPTOTRAK _ C01 _ Right _ 2",416.056787266967,-231.496431082447,-2350.81084415499,423.368702675463,-205.905235478185,-2362.92109642215
"OPTOTRAK _ C01 _ Right _ 2",418.098810809395,-230.034725981614,-2349.65818034878,417.860525949256,-207.00747687839,-2359.01264062139
"OPTOTRAK _ C01 _ Right _ 2",419.272934294084,-229.320593793354,-2349.0770476213,414.646570372565,-207.841052507214,-2356.74988648906
"OPTOTRAK _ C01 _ Right _ 2",419.559516633148,-229.341386998334,-2349.1498121554,413.761841092763,-208.147404536278,-2356.27068975105
"OPTOTRAK _ C01 _ Right _ 2",418.955525715009,-230.065138317806,-2349.86597925871,415.146036995301,-207.814143340602,-2357.5614090923
"OPTOTRAK _ C01 _ Right _ 2",417.467834426844,-231.460658882597,-2351.12510340938,418.685592608598,-206.897037410847,-2360.46246013949
"OPTOTRAK _ C01 _ Right _ 2",415.128134552526,-233.499790647553,-2352.75568898458,424.211099823357,-205.602647442626,-2364.68184810799
"OPTOTRAK _ C01 _ Right _ 2",412.019670944004,-236.144341891568,-2354.54663734303,431.458957494586,-204.236339824153,-2369.81995185159
"OPTOTRAK _ C01 _ Right _ 2",408.299282352594,-239.326138203008,-2356.28552502601,440.025617206775,-203.126050311747,-2375.41065648986
"OPTOTRAK _ C01 _ Right _ 2",404.200528868796,-242.929880202159,-2357.79615941328,449.348273382509,-202.538059910178,-2380.97905595505
"OPTOTRAK _ C01 _ Right _ 2",400.013455986075,-246.785561841427,-2358.96732471581,458.735023391625,-202.605672170418,-2386.10649758579
"OPTOTRAK _ C01 _ Right _ 2",396.047790156778,-250.672381385625,-2359.76607258419,467.445566081745,-203.291745859758,-2390.4861698266
"OPTOTRAK _ C01 _ Right _ 2",392.592748857967,-254.332191244822,-2360.23235690453,474.800430676221,-204.398671306606,-2393.9524158838
"OPTOTRAK _ C01 _ Right _ 2",389.885652349195,-257.489314729968,-2360.45651274491,480.282681388161,-205.624960765188,-2396.47476573336
"OPTOTRAK _ C01 _ Right _ 2",388.095211207093,-259.87467921631,-2360.54567845387,483.597496726818,-206.651202357035,-2398.11892074797
"OPTOTRAK _ C01 _ Right _ 2",387.318038380816,-261.253737958718,-2360.58832486158,484.672216964541,-207.227642041417,-2398.98694823932
"OPTOTRAK _ C01 _ Right _ 2",387.582299395033,-261.457587671639,-2360.62667093568,483.605028399392,-207.23671399109,-2399.15536011714
"OPTOTRAK _ C01 _ Right _ 2",388.852099179646,-260.414402433398,-2360.64476362559,480.591780004796,-206.715058151211,-2398.63140910929
"OPTOTRAK _ C01 _ Right _ 2",391.029614310995,-258.174864153055,-2360.5758258013,475.866636940827,-205.833927549965,-2397.34376444424
"OPTOTRAK _ C01 _ Right _ 2",393.956861474214,-254.922796562135,-2360.32702362349,469.680903120671,-204.847885609571,-2395.17370528285
"OPTOTRAK _ C01 _ Right _ 2",397.42247847781,-250.962825183782,-2359.81439466138,462.321851090222,-204.027268087195,-2392.01936696312
"OPTOTRAK _ C01 _ Right _ 2",401.178806075382,-246.681681541607,-2358.99701838805,454.150719926564,-203.591296955405,-2387.87266520922
"OPTOTRAK _ C01 _ Right _ 2",404.970502414096,-242.487961663518,-2357.89929532291,445.627109152095,-203.657628268757,-2382.88142483642
"OPTOTRAK _ C01 _ Right _ 2",408.569599403178,-238.743847785362,-2356.61415586331,437.293105430622,-204.220685459895,-2377.37220014367
"OPTOTRAK _ C01 _ Right _ 2",411.806456039804,-235.7074668784,-2355.28690348098,429.713472804335,-205.164158643963,-2371.8227979262
"OPTOTRAK _ C01 _ Right _ 2",414.584715754225,-233.502972829353,-2354.08610882815,423.395297862985,-206.302498017228,-2366.79216259677
"OPTOTRAK _ C01 _ Right _ 2",416.872852087397,-232.126759889391,-2353.1712947797,418.723192163007,-207.436152626491,-2362.82969897589
"OPTOTRAK _ C01 _ Right _ 2",418.674020543023,-231.485766498454,-2352.66597585848,415.935256168961,-208.401809473284,-2360.38913465987
"OPTOTRAK _ C01 _ Right _ 2",419.985720246861,-231.453060024884,-2352.64059631475,415.139218024285,-209.103876308276,-2359.76398130618
"OPTOTRAK _ C01 _ Right _ 2",420.766402343974,-231.921254692327,-2353.10590665622,416.346125373367,-209.522651248318,-2361.04988124846
"OPTOTRAK _ C01 _ Right _ 2",420.924669512118,-232.836986557097,-2354.01517436985,419.493546666304,-209.702410113979,-2364.1318397529
"OPTOTRAK _ C01 _ Right _ 2",420.338290078983,-234.20762507903,-2355.27331436139,424.441546026285,-209.726521271824,-2368.69435100431
"OPTOTRAK _ C01 _ Right _ 2",418.898026793207,-236.081065799984,-2356.75141444765,430.944408280013,-209.687182722645,-2374.25605907092
"OPTOTRAK _ C01 _ Right _ 2",416.560274785844,-238.507464585261,-2358.30517966989,438.61890060064,-209.656176096655,-2380.23156259067
"OPTOTRAK _ C01 _ Right _ 2",413.387928020755,-241.496038649297,-2359.79518817425,446.937059229434,-209.661887822256,-2386.0172951962
"OPTOTRAK _ C01 _ Right _ 2",409.563486935184,-244.979964922608,-2361.10586373176,455.26365100068,-209.67746497605,-2391.08754007992
"OPTOTRAK _ C01 _ Right _ 2",405.370134278641,-248.798647443165,-2362.1594174054,462.938109203255,-209.62428843952,-2395.07704678316
"OPTOTRAK _ C01 _ Right _ 2",401.14916030958,-252.700930719354,-2362.92141035063,469.377398953621,-209.392141690686,-2397.82565914831
"OPTOTRAK _ C01 _ Right _ 2",397.24930144086,-256.367491976263,-2363.39637257912,474.162371681777,-208.872336675785,-2399.37049393775
"OPTOTRAK _ C01 _ Right _ 2",393.982618652439,-259.447501892868,-2363.61469165375,477.074698135203,-207.995076647281,-2399.88858222357
"OPTOTRAK _ C01 _ Right _ 2",391.594639338297,-261.603996422182,-2363.61474891641,478.073825096979,-206.760542070047,-2399.6096944185
"OPTOTRAK _ C01 _ Right _ 2",390.248512049675,-262.562850504351,-2363.42597184303,477.231837571579,-205.255278876829,-2398.7284097464
"OPTOTRAK _ C01 _ Right _ 2",390.018256859189,-262.159936724119,-2363.05851065781,474.662682531139,-203.649522062301,-2397.34355093078
"OPTOTRAK _ C01 _ Right _ 2",390.886413773455,-260.379323880448,-2362.50355034089,470.481649972316,-202.175005928092,-2395.44331520331
"OPTOTRAK _ C01 _ Right _ 2",392.745015338008,-257.373429428109,-2361.74506743063,464.813215103563,-201.086123381707,-2392.93957208676
"OPTOTRAK _ C01 _ Right _ 2",395.402698085198,-253.456229856846,-2360.77975115794,457.839565923828,-200.610592871178,-2389.73912218668
"OPTOTRAK _ C01 _ Right _ 2",398.60208054827,-249.064820672662,-2359.6380261329,449.859638919115,-200.899283819939,-2385.8272420763
"OPTOTRAK _ C01 _ Right _ 2",402.04915999414,-244.692751011692,-2358.39737049083,441.319699767225,-201.987510799212,-2381.33338463928
"OPTOTRAK _ C01 _ Right _ 2",405.451375092913,-240.80820828454,-2357.18097551501,432.788089057965,-203.779640946276,-2376.55350151125
"OPTOTRAK _ C01 _ Right _ 2",408.555651706017,-237.77715893645,-2356.14019220301,424.875919197198,-206.063074318192,-2371.91833837515
"OPTOTRAK _ C01 _ Right _ 2",411.175314848664,-235.81190508157,-2355.42569585189,418.13648186046,-208.54750858955,-2367.917281839
"OPTOTRAK _ C01 _ Right _ 2",413.19753131845,-234.957804962628,-2355.15639840858,412.988018236081,-210.916545142743,-2365.00347553863
"OPTOTRAK _ C01 _ Right _ 2",414.570618112532,-235.118028752799,-2355.39502983869,409.688576312408,-212.877234136607,-2363.5096725052
"OPTOTRAK _ C01 _ Right _ 2",415.279451426853,-236.104002799862,-2356.13594619235,408.360016089912,-214.199053605428,-2363.59508984066
"OPTOTRAK _ C01 _ Right _ 2",415.322356641783,-237.692812691723,-2357.30649941482,409.032733997584,-214.740967205339,-2365.22898818678
"OPTOTRAK _ C01 _ Right _ 2",414.7012790452,-239.674122773145,-2358.780105713,411.677103448668,-214.468142161786,-2368.20575557987
"OPTOTRAK _ C01 _ Right _ 2",413.429487421322,-241.876426463175,-2360.39751350857,416.201005582865,-213.458162078012,-2372.18255259967
"OPTOTRAK _ C01 _ Right _ 2",411.551351648986,-244.171888038195,-2361.99224167981,422.415268946566,-211.89326764987,-2376.73184372257
"OPTOTRAK _ C01 _ Right _ 2",409.161809012183,-246.466627234003,-2363.41604697708,429.988919317713,-210.034065547318,-2381.40295270078
"OPTOTRAK _ C01 _ Right _ 2",406.412745304788,-248.686331276667,-2364.56026671668,438.424996533405,-208.173671152212,-2385.78607936146
"OPTOTRAK _ C01 _ Right _ 2",403.500000144484,-250.765202727909,-2365.36919134468,447.081709326845,-206.578947406545,-2389.56932171836
"OPTOTRAK _ C01 _ Right _ 2",400.634407614663,-252.641393828386,-2365.84272510213,455.245829803335,-205.43360543382,-2392.57732977222
"OPTOTRAK _ C01 _ Right _ 2",398.007784021812,-254.257251695355,-2366.02767712113,462.243142390038,-204.801184804827,-2394.78216300548
"OPTOTRAK _ C01 _ Right _ 2",395.766441391891,-255.560332706967,-2365.99965365789,467.553170369316,-204.621007309817,-2396.28263329861
"OPTOTRAK _ C01 _ Right _ 2",394.000681120322,-256.50194651349,-2365.83983729685,470.88967321266,-204.738471891263,-2397.25554411265
"OPTOTRAK _ C01 _ Right _ 2",392.751571335303,-257.032958339885,-2365.61218713049,472.218684335968,-204.958492764706,-2397.88878952968
"OPTOTRAK _ C01 _ Right _ 2",392.029442700289,-257.099864848238,-2365.34647482441,471.709624045112,-205.104119492505,-2398.31139023782
"OPTOTRAK _ C01 _ Right _ 2",391.834418423376,-256.645969756242,-2365.03122101373,469.641628859777,-205.063732436733,-2398.5383044442
"OPTOTRAK _ C01 _ Right _ 2",392.169223645921,-255.62162321602,-2364.61839556543,466.303493168469,-204.81670401256,-2398.44683624633
"OPTOTRAK _ C01 _ Right _ 2",393.038492555841,-254.003783800997,-2364.03915123871,461.924610186787,-204.434559703458,-2397.79575067275
"OPTOTRAK _ C01 _ Right _ 2",394.43528034519,-251.819886389321,-2363.22731220995,456.658462022082,-204.060021382944,-2396.28821093832
"OPTOTRAK _ C01 _ Right _ 2",396.3216829825,-249.16674119022,-2362.14524611175,450.617408306043,-203.869736330864,-2393.66707151595
"OPTOTRAK _ C01 _ Right _ 2",398.613393677796,-246.214693814842,-2360.80555757695,443.936359893287,-204.028709656665,-2389.81869941501
"OPTOTRAK _ C01 _ Right _ 2",401.176117228872,-243.191697756874,-2359.2822744706,436.830872392572,-204.645941112841,-2384.85346312928
"OPTOTRAK _ C01 _ Right _ 2",403.835904471264,-240.349780831237,-2357.70724838578,429.618059964538,-205.741220713064,-2379.13249821491
"OPTOTRAK _ C01 _ Right _ 2",406.398671508945,-237.924008450335,-2356.2511708079,422.6881403925,-207.231290550423,-2373.22508187145
"OPTOTRAK _ C01 _ Right _ 2",408.67009241252,-236.097604476353,-2355.09288046105,416.442607291334,-208.938706389522,-2367.80596933761
"OPTOTRAK _ C01 _ Right _ 2",410.468136522509,-234.98435459393,-2354.38399772717,411.234297819858,-210.620299711337,-2363.52521744947
"OPTOTRAK _ C01 _ Right _ 2",411.626413210141,-234.631792249854,-2354.2172147927,407.340001436885,-212.008095671224,-2360.89061326593
"OPTOTRAK _ C01 _ Right _ 2",411.99378018336,-235.039631870116,-2354.60558954033,404.971160183985,-212.8558224629,-2360.19183171996
"OPTOTRAK _ C01 _ Right _ 2",411.439727041613,-236.181872631213,-2355.47759573007,404.302155001577,-212.985912568902,-2361.4756780791
"OPTOTRAK _ C01 _ Right _ 2",409.872876354385,-238.020713583675,-2356.68937607166,405.485661770719,-212.331248721417,-2364.5655680855
"OPTOTRAK _ C01 _ Right _ 2",407.272059213912,-240.505711115653,-2358.05220060246,408.633416269839,-210.96265653411,-2369.11120961162
"OPTOTRAK _ C01 _ Right _ 2",403.719787328881,-243.559635201474,-2359.36980274931,413.760844726718,-209.090658000397,-2374.65436673072
"OPTOTRAK _ C01 _ Right _ 2",399.42220913483,-247.059319777641,-2360.47748487036,420.714940574334,-207.032250902498,-2380.69881105432
"OPTOTRAK _ C01 _ Right _ 2",394.701960392341,-250.822414140462,-2361.27355166963,429.117135025475,-205.142536526446,-2386.77363342475
"OPTOTRAK _ C01 _ Right _ 2",389.960326035413,-254.60851031851,-2361.73473013662,438.35124856403,-203.725129182897,-2392.47931979317
"OPTOTRAK _ C01 _ Right _ 2",385.617659686444,-258.137194186624,-2361.9111211581,447.611815924792,-202.948442149786,-2397.50872061917
"OPTOTRAK _ C01 _ Right _ 2",382.049463242477,-261.119112873301,-2361.90209109812,456.006813625191,-202.799396888802,-2401.64235510191
"OPTOTRAK _ C01 _ Right _ 2",379.536064019108,-263.29208730375,-2361.8204174738,462.68992461458,-203.096763394933,-2404.72672785627
"OPTOTRAK _ C01 _ Right _ 2",378.237010224868,-264.454137315776,-2361.7556493089,466.988232235844,-203.564580608079,-2406.64984723884
"OPTOTRAK _ C01 _ Right _ 2",378.190979680868,-264.488384856931,-2361.74755178103,468.494816548927,-203.940729497402,-2407.32661170957
"OPTOTRAK _ C01 _ Right _ 2",379.333123670911,-263.378647396159,-2361.77686226061,467.10978493357,-204.07944246602,-2406.70007561719
"OPTOTRAK _ C01 _ Right _ 2",381.51827622868,-261.216251201838,-2361.7750282006,463.030595630446,-204.008250344331,-2404.75738189674
"OPTOTRAK _ C01 _ Right _ 2",384.541360943444,-258.197118874605,-2361.649125118,456.704631718588,-203.918416002109,-2401.55410175285
"OPTOTRAK _ C01 _ Right _ 2",388.153023654146,-254.605569501943,-2361.31416809201,448.759406020607,-204.093583688346,-2397.23790504834
"OPTOTRAK _ C01 _ Right _ 2",392.07429379303,-250.7814519445,-2360.72325903556,439.921308792826,-204.80329651669,-2392.06173613816
"OPTOTRAK _ C01 _ Right _ 2",396.015224195864,-247.072489696543,-2359.88687842644,430.929750611726,-206.19896810375,-2386.3785153271
"OPTOTRAK _ C01 _ Right _ 2",399.698787052962,-243.781807321127,-2358.8761474442,422.454862263032,-208.24691406086,-2380.61385791498
"OPTOTRAK _ C01 _ Right _ 2",402.885948944154,-241.125948797114,-2357.81006206102,415.031858077657,-210.718090745083,-2375.21971482299
"OPTOTRAK _ C01 _ Right _ 2",405.394772627646,-239.216868552973,-2356.83151645556,409.027360149292,-213.234064175894,-2370.61875021228
"OPTOTRAK _ C01 _ Right _ 2",407.107821931375,-238.072501089442,-2356.07942292333,404.647108756572,-215.351913056731,-2367.15354402566
"OPTOTRAK _ C01 _ Right _ 2",407.967414531392,-237.648904900271,-2355.66376702508,401.980774825688,-216.662930434469,-2365.05289894406
"OPTOTRAK _ C01 _ Right _ 2",407.964228510416,-237.878395546685,-2355.64801865269,401.064284115278,-216.881648496818,-2364.41993146535
"OPTOTRAK _ C01 _ Right _ 2",407.127624289565,-238.69674016885,-2356.04068952531,401.931736960905,-215.908888232015,-2365.23826023232
"OPTOTRAK _ C01 _ Right _ 2",405.523769650693,-240.048957706464,-2356.79611178633,404.632937559235,-213.860001209909,-2367.38886700182
"OPTOTRAK _ C01 _ Right _ 2",403.26139753752,-241.874282496213,-2357.82361854228,409.207332305841,-211.054466224291,-2370.6721246957
"OPTOTRAK _ C01 _ Right _ 2",400.498583876006,-244.081032864916,-2359.00349170378,415.623941555328,-207.96642856004,-2374.83339430301
"OPTOTRAK _ C01 _ Right _ 2",397.44163235607,-246.526692348077,-2360.20692281769,423.711285526266,-205.140384950468,-2379.59169430289
"OPTOTRAK _ C01 _ Right _ 2",394.330930469907,-249.015571107408,-2361.31620227449,433.10546155673,-203.083747804633,-2384.66767753737
"OPTOTRAK _ C01 _ Right _ 2",391.416126858385,-251.317880668754,-2362.24111781993,443.237689826124,-202.157114393117,-2389.80297728097
"OPTOTRAK _ C01 _ Right _ 2",388.928896060451,-253.204489146919,-2362.92841138356,453.369137555741,-202.489468972085,-2394.76333615802
"OPTOTRAK _ C01 _ Right _ 2",387.061966313005,-254.485599659819,-2363.36282244095,462.66686742754,-203.944481052524,-2399.32464242839
"OPTOTRAK _ C01 _ Right _ 2",385.958414908396,-255.041302344837,-2363.5602086184,470.304871927958,-206.153128827666,-2403.25034509607
"OPTOTRAK _ C01 _ Right _ 2",385.709221860524,-254.836487224536,-2363.55505383303,475.570069393985,-208.608898292891,-2406.27489542485
"OPTOTRAK _ C01 _ Right _ 2",386.353497746512,-253.919000466663,-2363.38602064683,477.954516597077,-210.800923334948,-2408.10742944261
"OPTOTRAK _ C01 _ Right _ 2",387.876329687339,-252.405014334481,-2363.08375735061,477.220403194184,-212.346029642883,-2408.46327390041
"OPTOTRAK _ C01 _ Right _ 2",390.203131359379,-250.457598675369,-2362.66467824652,473.431322567781,-213.07950861798,-2407.12093612958
"OPTOTRAK _ C01 _ Right _ 2",393.194363328744,-248.26358584394,-2362.13279136511,466.949070879736,-213.077818176586,-2403.99219339902
"OPTOTRAK _ C01 _ Right _ 2",396.647475584345,-246.011549454688,-2361.48900884795,458.397506497036,-212.60891569479,-2399.18507164258
"OPTOTRAK _ C01 _ Right _ 2",400.311697558018,-243.872010155202,-2360.74444214185,448.594362156355,-212.029014083414,-2393.03641024788
"OPTOTRAK _ C01 _ Right _ 2",403.915924513953,-241.981107948881,-2359.93228589346,438.453152193331,-211.66097279681,-2386.09567858277
"OPTOTRAK _ C01 _ Right _ 2",407.203120728555,-240.430538762242,-2359.11325794398,428.865588372626,-211.694315894563,-2379.05597611281
"OPTOTRAK _ C01 _ Right _ 2",409.960388978261,-239.267361686779,-2358.3721103952,420.588176104695,-212.137255378319,-2372.6469576991
"OPTOTRAK _ C01 _ Right _ 2",412.035082879942,-238.505095461045,-2357.80588180046,414.163983600486,-212.830056843471,-2367.51835950813
"OPTOTRAK _ C01 _ Right _ 2",413.333877484259,-238.142548488066,-2357.50667625376,409.901480742051,-213.506962716884,-2364.14441150866
"OPTOTRAK _ C01 _ Right _ 2",413.810032788363,-238.182214044904,-2357.54254500464,407.908662882717,-213.881429277318,-2362.76875805553
"OPTOTRAK _ C01 _ Right _ 2",413.449413474463,-238.639340570542,-2357.94027253288,408.156821242935,-213.729153570267,-2363.3937925453
"OPTOTRAK _ C01 _ Right _ 2",412.26508068137,-239.5369108201,-2358.6739761502,410.538939343591,-212.950022727026,-2365.80634240623
"OPTOTRAK _ C01 _ Right _ 2",410.303769978565,-240.888544934577,-2359.66300281558,414.896639068312,-211.597749476827,-2369.62756535827
"OPTOTRAK _ C01 _ Right _ 2",407.658911480368,-242.677151300473,-2360.78104531835,421.009951337028,-209.872320222869,-2374.37658625186
"OPTOTRAK _ C01 _ Right _ 2",404.479126375336,-244.83914771707,-2361.87572464491,428.564841796001,-208.076367440445,-2379.53984485945
"OPTOTRAK _ C01 _ Right _ 2",400.962007670074,-247.261598339102,-2362.79491712528,437.125036666402,-206.543548222723,-2384.63824318465
"OPTOTRAK _ C01 _ Right _ 2",397.330207020293,-249.794118680734,-2363.41400896663,446.133246115663,-205.554578727808,-2389.28292401133
"OPTOTRAK _ C01 _ Right _ 2",393.796289840301,-252.271397261314,-2363.65788004569,454.954454930177,-205.262249587486,-2393.21114848337
"OPTOTRAK _ C01 _ Right _ 2",390.529241508111,-254.538084578213,-2363.51284364728,462.956348880371,-205.647338203134,-2396.29790770938
"OPTOTRAK _ C01 _ Right _ 2",387.635695631312,-256.467200068201,-2363.02635572078,469.605558128106,-206.520619531743,-2398.54456842396
"OPTOTRAK _ C01 _ Right _ 2",385.163153397097,-257.966338812201,-2362.29507169801,474.548879697538,-207.572457788362,-2400.04951518469
"OPTOTRAK _ C01 _ Right _ 2",383.123651375789,-258.971456361337,-2361.44398031968,477.65047008763,-208.455146346802,-2400.96627214669
"OPTOTRAK _ C01 _ Right _ 2",381.528336169598,-259.433441836139,-2360.600637017,478.970548240941,-208.872033219228,-2401.45420581745
"OPTOTRAK _ C01 _ Right _ 2",380.419131779589,-259.305765246244,-2359.86915830141,478.693837027154,-208.647529516782,-2401.62839073176
"OPTOTRAK _ C01 _ Right _ 2",379.884352397779,-258.541070774095,-2359.30884574411,477.036616289895,-207.762204135943,-2401.51847046898
"OPTOTRAK _ C01 _ Right _ 2",380.050323838481,-257.100935441605,-2358.92201563531,474.169745703668,-206.350168125859,-2401.04837931059
"OPTOTRAK _ C01 _ Right _ 2",381.049262000264,-254.977401515699,-2358.65452247176,470.187656876643,-204.665265490122,-2400.04669414366
"OPTOTRAK _ C01 _ Right _ 2",382.972407986722,-252.219166242519,-2358.41029187313,465.133942908752,-203.026492287349,-2398.29058428969
"OPTOTRAK _ C01 _ Right _ 2",385.823785881318,-248.951537608535,-2358.07789388692,459.07059195301,-201.753541797347,-2395.57642891465
"OPTOTRAK _ C01 _ Right _ 2",389.491233652949,-245.379324643818,-2357.56335959693,452.158523256581,-201.10304162558,-2391.80006979176
"OPTOTRAK _ C01 _ Right _ 2",393.746465687023,-241.766623912662,-2356.82043192831,444.709510990433,-201.216276486346,-2387.02310166957
"OPTOTRAK _ C01 _ Right _ 2",398.276268615293,-238.395849647507,-2355.86896789636,437.179126439237,-202.089276457565,-2381.5023101624
"OPTOTRAK _ C01 _ Right _ 2",402.735998665776,-235.516931136688,-2354.79524986808,430.096129070505,-203.57354792899,-2375.66899033554
"OPTOTRAK _ C01 _ Right _ 2",406.80851056017,-233.302208583955,-2353.73371886374,423.955030383824,-205.408467511153,-2370.06102138656
"OPTOTRAK _ C01 _ Right _ 2",410.249869058405,-231.820802373609,-2352.83567695198,419.117934424821,-207.276491801083,-2365.22701160724
"OPTOTRAK _ C01 _ Right _ 2",412.90886648593,-231.039008444634,-2352.23420766041,415.766979678707,-208.865600516401,-2361.63102823609
"OPTOTRAK _ C01 _ Right _ 2",414.718426137545,-230.844080390545,-2352.01472575256,413.922784496381,-209.923937791759,-2359.58361952019
"OPTOTRAK _ C01 _ Right _ 2",415.668383487932,-231.081556143607,-2352.19780351365,413.513062290785,-210.297907784152,-2359.21185480424
"OPTOTRAK _ C01 _ Right _ 2",415.775463112287,-231.593565460297,-2352.73688671995,414.455485052186,-209.95182045018,-2360.46586072874
"OPTOTRAK _ C01 _ Right _ 2",415.064900195412,-232.247553784882,-2353.52980309903,416.717179692304,-208.97067382312,-2363.14989478909
"OPTOTRAK _ C01 _ Right _ 2",413.570516033423,-232.949964576063,-2354.44041935067,420.327053930973,-207.547551599624,-2366.96501652835
"OPTOTRAK _ C01 _ Right _ 2",411.350295564009,-233.645228256026,-2355.32546754021,425.338171538201,-205.955687552598,-2371.55471397852
"OPTOTRAK _ C01 _ Right _ 2",408.507317031375,-234.304767015983,-2356.06112019986,431.756642368849,-204.505133760736,-2376.54899595027
"OPTOTRAK _ C01 _ Right _ 2",405.204389286913,-234.912444782829,-2356.56413874837,439.464307298718,-203.486606572776,-2381.60298441979
"OPTOTRAK _ C01 _ Right _ 2",401.66495471618,-235.451978261949,-2356.8034073406,448.162506315338,-203.11008535006,-2386.4238459167
"OPTOTRAK _ C01 _ Right _ 2",398.159567932237,-235.899340435278,-2356.79951745716,457.355567723642,-203.451143304837,-2390.77929907615
"OPTOTRAK _ C01 _ Right _ 2",394.982443289835,-236.220692033992,-2356.61268783181,466.380039084084,-204.421065029043,-2394.48551263376
"OPTOTRAK _ C01 _ Right _ 2",392.423845064448,-236.375033005164,-2356.32218158565,474.47377480186,-205.774907900218,-2397.3811118115
"OPTOTRAK _ C01 _ Right _ 2",390.742084365716,-236.320608260896,-2356.00265600102,480.871050977538,-207.163304719496,-2399.30215055133
"OPTOTRAK _ C01 _ Right _ 2",390.136155716717,-236.024180232364,-2355.70369008263,484.907121105331,-208.220078438329,-2400.0746534955
"OPTOTRAK _ C01 _ Right _ 2",390.71911315023,-235.471684133455,-2355.43770725537,486.116891506288,-208.663066758065,-2399.53446393734
"OPTOTRAK _ C01 _ Right _ 2",392.494079659724,-234.677559382544,-2355.17903607793,484.314696918726,-208.376461841998,-2397.57140667297
"OPTOTRAK _ C01 _ Right _ 2",395.338292101427,-233.68918002034,-2354.8738799128,479.642809840265,-207.445164797921,-2394.18245249464
"OPTOTRAK _ C01 _ Right _ 2",399.00339869437,-232.583373002389,-2354.45839679714,472.575543282314,-206.1267308109,-2389.51284329206
"OPTOTRAK _ C01 _ Right _ 2",403.139569867245,-231.454353242538,-2353.88033438423,463.867495222916,-204.769706626029,-2383.86745689375
"OPTOTRAK _ C01 _ Right _ 2",407.345225374388,-230.395767140767,-2353.11882477724,454.443560704469,-203.708174805352,-2377.68456781924
"OPTOTRAK _ C01 _ Right _ 2",411.234445169988,-229.48237667571,-2352.19722828848,445.24588654683,-203.170232904741,-2371.47571081455
"OPTOTRAK _ C01 _ Right _ 2",414.50464194836,-228.757683106041,-2351.18555213912,437.072783970898,-203.228873116172,-2365.74520520764
"OPTOTRAK _ C01 _ Right _ 2",416.983253149305,-228.231854079573,-2350.19169433538,430.45518415873,-203.803348120923,-2360.9096786443
"OPTOTRAK _ C01 _ Right _ 2",418.637348369718,-227.890435906241,-2349.34363813747,425.6082039193,-204.699431569925,-2357.23952693219
"OPTOTRAK _ C01 _ Right _ 2",419.54282473444,-227.710220996498,-2348.76665000162,422.469808069594,-205.667316307811,-2354.83802066071
"OPTOTRAK _ C01 _ Right _ 2",419.824754202354,-227.676033568892,-2348.56002195704,420.80751104752,-206.45790572658,-2353.66089884434
"OPTOTRAK _ C01 _ Right _ 2",419.590901363994,-227.79208738833,-2348.77737901339,420.35234711859,-206.867063231983,-2353.56599994405
"OPTOTRAK _ C01 _ Right _ 2",418.882376121713,-228.083855229962,-2349.41384357235,420.914773175909,-206.766322533216,-2354.37504961186
"OPTOTRAK _ C01 _ Right _ 2",417.658620269939,-228.589937469994,-2350.40267570036,422.448112225559,-206.123111807203,-2355.92972447029
"OPTOTRAK _ C01 _ Right _ 2",415.821325108517,-229.346685161536,-2351.62294808173,425.04480254807,-205.012595179423,-2358.12898508977
"OPTOTRAK _ C01 _ Right _ 2",413.267991417868,-230.370249490968,-2352.91794194145,428.871921806464,-203.618637096648,-2360.94108985966
"OPTOTRAK _ C01 _ Right _ 2",409.955673463839,-231.641082569449,-2354.12147607522,434.069503213379,-202.216897762538,-2364.38951886908
"OPTOTRAK _ C01 _ Right _ 2",405.952860986593,-233.09505842557,-2355.08706131194,440.643957949293,-201.132736095632,-2368.51639243147
"OPTOTRAK _ C01 _ Right _ 2",401.463184884632,-234.623779362595,-2355.71348019995,448.387742387279,-200.672837254819,-2373.33017848783
"OPTOTRAK _ C01 _ Right _ 2",396.81545236114,-236.084639052423,-2355.96074802094,456.847153542636,-201.041311647152,-2378.74782219298
"OPTOTRAK _ C01 _ Right _ 2",392.425004246149,-237.319143236571,-2355.85251274796,465.34738621816,-202.263623660695,-2384.54554533375
"OPTOTRAK _ C01 _ Right _ 2",388.737282750535,-238.176254794576,-2355.46428562513,473.071485833516,-204.148059601044,-2390.33552578161
"OPTOTRAK _ C01 _ Right _ 2",386.164980024428,-238.536551433045,-2354.90052802588,479.178681203442,-206.308565738357,-2395.58375558512
"OPTOTRAK _ C01 _ Right _ 2",385.027554964987,-238.332865706059,-2354.26653330483,482.938620458592,-208.25361271302,-2399.67548622568
"OPTOTRAK _ C01 _ Right _ 2",385.499583055465,-237.563580710071,-2353.64245630995,483.853942776359,-209.519397608229,-2402.02051443019
"OPTOTRAK _ C01 _ Right _ 2",387.574207344859,-236.295689298231,-2353.06639873678,481.746716270814,-209.803903426559,-2402.17581199418
"OPTOTRAK _ C01 _ Right _ 2",391.049150429936,-234.656165377035,-2352.53113512136,476.793352054307,-209.052911193311,-2399.95334985067
"OPTOTRAK _ C01 _ Right _ 2",395.542711285475,-232.812253715614,-2351.99514189856,469.50348691142,-207.465336669808,-2395.48138878103
"OPTOTRAK _ C01 _ Right _ 2",400.543414239037,-230.943799240163,-2351.40396651916,460.647193131236,-205.417657537555,-2389.1996224763
"OPTOTRAK _ C01 _ Right _ 2",405.489043958589,-229.213168118007,-2350.71436188941,451.141024041401,-203.340100169712,-2381.78796552013
"OPTOTRAK _ C01 _ Right _ 2",409.860959736721,-227.739744990688,-2349.91284223355,441.909264187994,-201.593560145609,-2374.04684142448
"OPTOTRAK _ C01 _ Right _ 2",413.272065620675,-226.585367012845,-2349.02292992398,433.744054059601,-200.388930581465,-2366.7573127927
"OPTOTRAK _ C01 _ Right _ 2",415.525865981004,-225.753944260506,-2348.09995980654,427.193446007944,-199.766835148491,-2360.5521061738
"OPTOTRAK _ C01 _ Right _ 2",416.631438779977,-225.203907201423,-2347.21656817311,422.503216379285,-199.630152495639,-2355.8252183889
"OPTOTRAK _ C01 _ Right _ 2",416.772611303568,-224.868131962058,-2346.44432855394,419.623858087299,-199.805692389879,-2352.69798416114
"OPTOTRAK _ C01 _ Right _ 2",416.243511675953,-224.674455186703,-2345.83717494261,418.274406667065,-200.1086101284,-2351.04394067703
"OPTOTRAK _ C01 _ Right _ 2",415.371200143852,-224.561170763341,-2345.42086041953,418.039456734333,-200.390435818673,-2350.55882064761
"OPTOTRAK _ C01 _ Right _ 2",414.446555362608,-224.484914320437,-2345.19045201451,418.471067048359,-200.562744553054,-2350.85212942172
