"fileName","thumb_y","thumb_x","thumb_z","finger_y","finger_x","finger_z"
"OPTOTRAK _ C05 _ Right _ 4",-27.0231059325476,-258.273836189335,-2484.17773954175,22.3283498138831,-215.82409789987,-2531.01724049019
"OPTOTRAK _ C05 _ Right _ 4",-26.9062659438941,-258.251667193582,-2484.20141034932,22.5044741555516,-215.864358263559,-2531.05913672324
"OPTOTRAK _ C05 _ Right _ 4",-26.7641068867264,-258.236288051502,-2484.237016927,22.7187675734174,-215.923175336293,-2531.11713302157
"OPTOTRAK _ C05 _ Right _ 4",-26.6078198657593,-258.233977027734,-2484.28448212857,22.9531474294859,-216.002525659617,-2531.19141450304
"OPTOTRAK _ C05 _ Right _ 4",-26.4517644722321,-258.250178122588,-2484.34224195111,23.1842906586368,-216.103486510874,-2531.2811866874
"OPTOTRAK _ C05 _ Right _ 4",-26.3109468796295,-258.288279885501,-2484.40746187407,23.3877212165522,-216.226255731598,-2531.38496695323
"OPTOTRAK _ C05 _ Right _ 4",-26.1982758473446,-258.348791777014,-2484.47655647012,23.5423506735081,-216.370230871389,-2531.50093638288
"OPTOTRAK _ C05 _ Right _ 4",-26.1222212281878,-258.429160103476,-2484.54589675644,23.6344334168716,-216.53411445645,-2531.6272657064
"OPTOTRAK _ C05 _ Right _ 4",-26.0853911873024,-258.524270072549,-2484.61253489932,23.6600445889658,-216.716015059793,-2531.76235228413
"OPTOTRAK _ C05 _ Right _ 4",-26.0843217030555,-258.627472705623,-2484.67476168052,23.625533791302,-216.913504027708,-2531.90492449974
"OPTOTRAK _ C05 _ Right _ 4",-26.1104797339486,-258.731836563085,-2484.7323472342,23.5458821260766,-217.123593000708,-2532.05399099008
"OPTOTRAK _ C05 _ Right _ 4",-26.1521894959447,-258.831302800703,-2484.78640420808,23.4413877251221,-217.342645802806,-2532.20864800187
"OPTOTRAK _ C05 _ Right _ 4",-26.1969899773051,-258.921509572802,-2484.8389272542,23.3334882555219,-217.566317287232,-2532.36780735449
"OPTOTRAK _ C05 _ Right _ 4",-26.2338848949854,-259.000190061411,-2484.89215054449,23.2406931533803,-217.789664048951,-2532.52994651265
"OPTOTRAK _ C05 _ Right _ 4",-26.255042802358,-259.067164594996,-2484.9478928254,23.1755198804457,-218.007538705707,-2532.6929824251
"OPTOTRAK _ C05 _ Right _ 4",-26.2566755004247,-259.123999068619,-2485.00703596783,23.143037923532,-218.21525301576,-2532.85432383345
"OPTOTRAK _ C05 _ Right _ 4",-26.2390084499469,-259.173401789175,-2485.06923244335,23.1411754422875,-218.409335530476,-2533.01108442645
"OPTOTRAK _ C05 _ Right _ 4",-26.2054419064014,-259.218427884016,-2485.13287592885,23.1624511205153,-218.588109994112,-2533.16037916252
"OPTOTRAK _ C05 _ Right _ 4",-26.1611755522052,-259.261593475564,-2485.19531061436,23.1964431120407,-218.751843589714,-2533.29960576994
"OPTOTRAK _ C05 _ Right _ 4",-26.1116899770542,-259.30406341905,-2485.25321174699,23.2322387466208,-218.902346592532,-2533.42663056268
"OPTOTRAK _ C05 _ Right _ 4",-26.0614917646327,-259.345112899251,-2485.30304254024,23.2603007649603,-219.042078775605,-2533.53982914371
"OPTOTRAK _ C05 _ Right _ 4",-26.013417677264,-259.38201933223,-2485.34147448594,23.2734991045055,-219.172973067796,-2533.63796719438
"OPTOTRAK _ C05 _ Right _ 4",-25.9685962443696,-259.410418520588,-2485.36566420074,23.2673705595374,-219.295299378726,-2533.71995632531
"OPTOTRAK _ C05 _ Right _ 4",-25.9269572452442,-259.425024967649,-2485.37333870615,23.2399053202617,-219.406935210009,-2533.78458558174
"OPTOTRAK _ C05 _ Right _ 4",-25.8880335926874,-259.42054139345,-2485.36274095623,23.1912311144616,-219.5033358648,-2533.83037115066
"OPTOTRAK _ C05 _ Right _ 4",-25.8517540235281,-259.392578686276,-2485.33255937496,23.1234193890426,-219.578290306842,-2533.85563725387
"OPTOTRAK _ C05 _ Right _ 4",-25.8189739501983,-259.33843444834,-2485.28194742262,23.0403669597255,-219.625283378051,-2533.85884294751
"OPTOTRAK _ C05 _ Right _ 4",-25.7915998567276,-259.257600527951,-2485.21064922714,22.9475145064999,-219.639086545745,-2533.83906280905
"OPTOTRAK _ C05 _ Right _ 4",-25.7722858337751,-259.151894727708,-2485.11916882832,22.8511934393823,-219.617146683411,-2533.79647501338
"OPTOTRAK _ C05 _ Right _ 4",-25.7637894119062,-259.025169632103,-2485.00891558086,22.7576204085046,-219.560422417174,-2533.73271844639
"OPTOTRAK _ C05 _ Right _ 4",-25.7681561078003,-258.882648659752,-2484.88230244889,22.6718192330086,-219.473467253031,-2533.65102031466
"OPTOTRAK _ C05 _ Right _ 4",-25.7859510234569,-258.730043629463,-2484.74279468959,22.596854003503,-219.363731552288,-2533.55603888887
"OPTOTRAK _ C05 _ Right _ 4",-25.8157589400063,-258.572675371464,-2484.5948753168,22.5336334883228,-219.240238328347,-2533.45341273536
"OPTOTRAK _ C05 _ Right _ 4",-25.8541213878769,-258.414822271603,-2484.44385554986,22.481295331387,-219.111964848669,-2533.34907570121
"OPTOTRAK _ C05 _ Right _ 4",-25.8959772514225,-258.259459342686,-2484.29547306044,22.4379662951462,-218.986378279526,-2533.24848426098
"OPTOTRAK _ C05 _ Right _ 4",-25.935547423735,-258.108439250387,-2484.15529769403,22.4016158665137,-218.868549933922,-2533.15596339525
"OPTOTRAK _ C05 _ Right _ 4",-25.9674842914611,-257.963030846597,-2484.02805292952,22.3707539586524,-218.761073694483,-2533.07434822088
"OPTOTRAK _ C05 _ Right _ 4",-25.9880255992863,-257.824602426829,-2483.91699776442,22.3447943856462,-218.664707471041,-2533.00497658161
"OPTOTRAK _ C05 _ Right _ 4",-25.9958800261597,-257.695164063582,-2483.82348166099,22.3239739123574,-218.579388179831,-2532.94794401901
"OPTOTRAK _ C05 _ Right _ 4",-25.9926367575121,-257.577512353823,-2483.74672887718,22.3088056823735,-218.505167207826,-2532.90245384087
"OPTOTRAK _ C05 _ Right _ 4",-25.9826066440306,-257.47485755648,-2483.68387667481,22.2991847894285,-218.442701771013,-2532.86711309084
"OPTOTRAK _ C05 _ Right _ 4",-25.9721277680614,-257.390008651327,-2483.63028138975,22.2934253038628,-218.393147777337,-2532.84010386387
"OPTOTRAK _ C05 _ Right _ 4",-25.9684757427336,-257.324370609023,-2483.58007937784,22.2876173551999,-218.357528375666,-2532.81923871077
"OPTOTRAK _ C05 _ Right _ 4",-25.9785919772719,-257.277102495141,-2483.52693433242,22.2756724808326,-218.335826374973,-2532.80195525674
"OPTOTRAK _ C05 _ Right _ 4",-26.0078656171651,-257.244756310175,-2483.46485118483,22.2502392455905,-218.326142881048,-2532.78532131843
"OPTOTRAK _ C05 _ Right _ 4",-26.0591736532258,-257.22157127477,-2483.38892789468,22.2043651832232,-218.324276193058,-2532.76612374021
"OPTOTRAK _ C05 _ Right _ 4",-26.132320731911,-257.20039217417,-2483.29594949919,22.1334815112539,-218.323996379396,-2532.74110831384
"OPTOTRAK _ C05 _ Right _ 4",-26.2239565053202,-257.173988280794,-2483.18476551439,22.0371270333172,-218.318111281262,-2532.70741244053
"OPTOTRAK _ C05 _ Right _ 4",-26.3279965609163,-257.136425491546,-2483.0563988553,21.91986469855,-218.300160161138,-2532.66316937765
"OPTOTRAK _ C05 _ Right _ 4",-26.43652316024,-257.084115273996,-2482.91382162297,21.7910432267887,-218.266314153971,-2532.60817186781
"OPTOTRAK _ C05 _ Right _ 4",-26.5410790815177,-257.016242987385,-2482.76134561105,21.663336462095,-218.216923931658,-2532.5444076417
"OPTOTRAK _ C05 _ Right _ 4",-26.6341871337023,-256.934459559986,-2482.60365432843,21.5502844425995,-218.157206317942,-2532.47626328644
"OPTOTRAK _ C05 _ Right _ 4",-26.7108427353718,-256.84196073308,-2482.44465016343,21.4633192101017,-218.096779885236,-2532.41024366144
"OPTOTRAK _ C05 _ Right _ 4",-26.7696691511573,-256.742294229191,-2482.28644633608,21.408944367285,-218.048055184919,-2532.35415097726
"OPTOTRAK _ C05 _ Right _ 4",-26.8134325909595,-256.638334247669,-2482.12889303463,21.3867908130822,-218.023769598289,-2532.31579188417
"OPTOTRAK _ C05 _ Right _ 4",-26.8487117373233,-256.531789748823,-2481.96990638677,21.3891361435273,-218.034175843597,-2532.30141870616
"OPTOTRAK _ C05 _ Right _ 4",-26.8846989643286,-256.423386519713,-2481.80658077739,21.4021508125661,-218.084512558998,-2532.31423350879
"OPTOTRAK _ C05 _ Right _ 4",-26.9313371774338,-256.313570192916,-2481.63672931433,21.4086959141311,-218.173370954394,-2532.35334098223
"OPTOTRAK _ C05 _ Right _ 4",-26.9971916819854,-256.203339146043,-2481.46027799341,21.392067788003,-218.292400988451,-2532.41348206481
"OPTOTRAK _ C05 _ Right _ 4",-27.0875407572025,-256.094741756611,-2481.27995820599,21.3397916117489,-218.427494235404,-2532.48570713756
"OPTOTRAK _ C05 _ Right _ 4",-27.2031055490691,-255.990711811211,-2481.10101129524,21.2465148204355,-218.561214558811,-2532.55889954042
"OPTOTRAK _ C05 _ Right _ 4",-27.3396645746552,-255.894226569861,-2480.93002308228,21.115281778365,-218.675930758849,-2532.62181722817
"OPTOTRAK _ C05 _ Right _ 4",-27.4885892503335,-255.807122182705,-2480.77335831687,20.9569170281786,-218.756935937726,-2532.66516499831
"OPTOTRAK _ C05 _ Right _ 4",-27.6381597305366,-255.729118430242,-2480.63580236141,20.7877501497137,-218.794865609117,-2532.68319295504
"OPTOTRAK _ C05 _ Right _ 4",-27.7753979676929,-255.657562713375,-2480.51988336188,20.6263133837808,-218.78693210613,-2532.67444364153
"OPTOTRAK _ C05 _ Right _ 4",-27.8880848779373,-255.588104868206,-2480.4260157776,20.48982910754,-218.736803400135,-2532.64150466755
"OPTOTRAK _ C05 _ Right _ 4",-27.9666106404095,-255.516106825884,-2480.35324418107,20.3912654451795,-218.653280255102,-2532.58990190265
"OPTOTRAK _ C05 _ Right _ 4",-28.0053466705199,-255.438280553158,-2480.30015425963,20.3375301967277,-218.548190618818,-2532.5265131594
"OPTOTRAK _ C05 _ Right _ 4",-28.0033215822623,-255.353972248834,-2480.26554034338,20.329068721996,-218.434066062252,-2532.45801827526
"OPTOTRAK _ C05 _ Right _ 4",-27.9641156400871,-255.26567310777,-2480.24862035454,20.3607947370656,-218.322156032172,-2532.38987387951
"OPTOTRAK _ C05 _ Right _ 4",-27.8950340644359,-255.178631644025,-2480.24883640247,20.4239782497232,-218.221179003596,-2532.32610306247
"OPTOTRAK _ C05 _ Right _ 4",-27.8057455960908,-255.099730346058,-2480.26545407867,20.5085093542173,-218.136962605954,-2532.26988154641
"OPTOTRAK _ C05 _ Right _ 4",-27.7066430532363,-255.03596744925,-2480.29721763329,20.6049058225458,-218.072866400717,-2532.22458992338
"OPTOTRAK _ C05 _ Right _ 4",-27.607181313718,-254.992924961156,-2480.3422378595,20.7055624422878,-218.030676763103,-2532.19478959444
"OPTOTRAK _ C05 _ Right _ 4",-27.514400202155,-254.973544699312,-2480.39814331615,20.805025201255,-218.01155596076,-2532.18653353632
"OPTOTRAK _ C05 _ Right _ 4",-27.431800703084,-254.977434474064,-2480.46238926821,20.8994185792779,-218.016643369766,-2532.20656964933
"OPTOTRAK _ C05 _ Right _ 4",-27.3587498227427,-255.000824887392,-2480.53254231543,20.9854249896157,-218.047049564619,-2532.26032536304
"OPTOTRAK _ C05 _ Right _ 4",-27.2906168085002,-255.03719836468,-2480.60635694352,21.0593183817867,-218.103217657055,-2532.34901544083
"OPTOTRAK _ C05 _ Right _ 4",-27.2198204443641,-255.078509178933,-2480.68153448102,21.1164912625406,-218.183877005574,-2532.46667485477
"OPTOTRAK _ C05 _ Right _ 4",-27.1378386284633,-255.116812358202,-2480.75519728173,21.1517568215899,-218.285001992438,-2532.59824885776
"OPTOTRAK _ C05 _ Right _ 4",-27.0379947582846,-255.146033773698,-2480.82328401427,21.1605256169733,-218.399258247383,-2532.71994836716
"OPTOTRAK _ C05 _ Right _ 4",-26.9185366558176,-255.163543368549,-2480.88020384476,21.1407683799895,-218.516349998696,-2532.80279881173
"OPTOTRAK _ C05 _ Right _ 4",-26.7852429044336,-255.171128969428,-2480.91909678298,21.095438458698,-218.624483864959,-2532.81961970007
"OPTOTRAK _ C05 _ Right _ 4",-26.6526224482696,-255.174925253483,-2480.93288876851,21.034681655122,-218.712874160928,-2532.75461765678
"OPTOTRAK _ C05 _ Right _ 4",-26.5427935631522,-255.183902518322,-2480.91604412702,20.9767624233274,-218.774896518022,-2532.6135480669
"OPTOTRAK _ C05 _ Right _ 4",-26.4813811264227,-255.20676825347,-2480.86664249099,20.9464240106051,-218.811222445901,-2532.43131883281
"OPTOTRAK _ C05 _ Right _ 4",-26.4902755620808,-255.247631328125,-2480.78829212277,20.9696650866922,-218.832103250399,-2532.27336988993
"OPTOTRAK _ C05 _ Right _ 4",-26.5778498037698,-255.301420025622,-2480.69146925506,21.0647556348727,-218.857981072577,-2532.22756300442
"OPTOTRAK _ C05 _ Right _ 4",-26.7281632074247,-255.350572267434,-2480.59403029247,21.2305773429898,-218.917847022616,-2532.38493938378
"OPTOTRAK _ C05 _ Right _ 4",-26.8916051478572,-255.364645718046,-2480.52074679778,21.4347779005509,-219.045261319271,-2532.81054486423
"OPTOTRAK _ C05 _ Right _ 4",-26.9800452855911,-255.304069749185,-2480.50173836026,21.6054250793225,-219.272632284392,-2533.50915849078
"OPTOTRAK _ C05 _ Right _ 4",-26.869526903175,-255.128298760542,-2480.56969903392,21.6303523878258,-219.625055187369,-2534.39431636846
"OPTOTRAK _ C05 _ Right _ 4",-26.4125982127626,-254.807295290617,-2480.75590343948,21.3676414793788,-220.115498689397,-2535.27128561766
"OPTOTRAK _ C05 _ Right _ 4",-25.4604351400471,-254.333883581119,-2481.08518202292,20.668360316185,-220.743124892485,-2535.84430629123
"OPTOTRAK _ C05 _ Right _ 4",-23.8921713627381,-253.733522241925,-2481.57041422449,19.4090394005493,-221.495814173696,-2535.75448959501
"OPTOTRAK _ C05 _ Right _ 4",-21.645899711972,-253.067933329578,-2482.20761110646,17.5273621843891,-222.356508044386,-2534.64710695351
"OPTOTRAK _ C05 _ Right _ 4",-18.7435751138747,-252.43007829455,-2482.97318169146,15.0515034908558,-223.311135205883,-2532.25688505052
"OPTOTRAK _ C05 _ Right _ 4",-15.3016120821898,-251.930060572525,-2483.82509898528,12.1128212420421,-224.354476232222,-2528.4902503675
"OPTOTRAK _ C05 _ Right _ 4",-11.5212026827926,-251.674122598676,-2484.7089689634,8.93427665337621,-225.490431271252,-2523.47849386505
"OPTOTRAK _ C05 _ Right _ 4",-7.65748057128392,-251.741262101372,-2485.56838888368,5.79341894836042,-226.725392350649,-2517.57978315465
"OPTOTRAK _ C05 _ Right _ 4",-3.97360709966926,-252.163393003956,-2486.3569924363,2.96788485562118,-228.057008640594,-2511.32242947597
"OPTOTRAK _ C05 _ Right _ 4",-0.692171054160443,-252.914773206077,-2487.0482090548,0.679756260515558,-229.463391909924,-2505.30300248283
"OPTOTRAK _ C05 _ Right _ 4",2.04125406104677,-253.914275983002,-2487.63897935042,-0.942037046611952,-230.897778739947,-2500.07134090396
"OPTOTRAK _ C05 _ Right _ 4",4.17103089168677,-255.040426697197,-2488.14574085019,-1.86805697480502,-232.290966762033,-2496.03976036343
"OPTOTRAK _ C05 _ Right _ 4",5.71802963433656,-256.155283211314,-2488.59408068625,-2.14329123133433,-233.560530213921,-2493.44181950861
"OPTOTRAK _ C05 _ Right _ 4",6.74694354580426,-257.130757193885,-2489.005991111,-1.84395910578637,-234.623862417816,-2492.3432886076
"OPTOTRAK _ C05 _ Right _ 4",7.32840749618012,-257.870729780988,-2489.38947361893,-1.03617304723153,-235.41192593166,-2492.68690898669
"OPTOTRAK _ C05 _ Right _ 4",7.51124482923238,-258.324141531949,-2489.73417544527,0.246048920446597,-235.881452715622,-2494.34285295833
"OPTOTRAK _ C05 _ Right _ 4",7.31551074093536,-258.487202010465,-2490.01446729098,1.99506850362142,-236.024237543021,-2497.14062684064
"OPTOTRAK _ C05 _ Right _ 4",6.74835897399247,-258.39582886284,-2490.19875388738,4.1992431688976,-235.872457255214,-2500.87144562335
"OPTOTRAK _ C05 _ Right _ 4",5.8352995411922,-258.111537483269,-2490.26161188567,6.80074106427054,-235.498585238838,-2505.26631774964
"OPTOTRAK _ C05 _ Right _ 4",4.65251413430606,-257.704935197208,-2490.19419640796,9.65994205382921,-235.008152218544,-2509.96799859114
"OPTOTRAK _ C05 _ Right _ 4",3.34423744053233,-257.240850126871,-2490.00872571293,12.5441128693213,-234.524441995902,-2514.5202126985
"OPTOTRAK _ C05 _ Right _ 4",2.11393023245305,-256.768236176451,-2489.7348976571,15.1506076960095,-234.166791581676,-2518.39328485206
"OPTOTRAK _ C05 _ Right _ 4",1.1878766451906,-256.316576458805,-2489.40934904045,17.1624337850626,-234.027570579915,-2521.05256732916
"OPTOTRAK _ C05 _ Right _ 4",0.761349302159233,-255.89871246992,-2489.06252508011,18.3208630959417,-234.154839662974,-2522.05861005241
"OPTOTRAK _ C05 _ Right _ 4",0.945788874122051,-255.518100159155,-2488.70895866017,18.4913012386736,-234.546175115632,-2521.17202141021
"OPTOTRAK _ C05 _ Right _ 4",1.73658820981772,-255.176985845333,-2488.34579614887,17.6992085924524,-235.154622851847,-2518.42842791282
"OPTOTRAK _ C05 _ Right _ 4",3.01397212107157,-254.881697786482,-2487.96062314173,16.1235161355257,-235.903123785345,-2514.15497816941
"OPTOTRAK _ C05 _ Right _ 4",4.57678192352963,-254.642663056427,-2487.54496538208,14.0519360211736,-236.701966218707,-2508.91916029133
"OPTOTRAK _ C05 _ Right _ 4",6.19623375610204,-254.469460549453,-2487.10675822144,11.8179150380573,-237.465151557711,-2503.42560177653
"OPTOTRAK _ C05 _ Right _ 4",7.66979406031617,-254.363866403194,-2486.67543236002,9.7443144188428,-238.12387847795,-2498.39449926127
"OPTOTRAK _ C05 _ Right _ 4",8.85730412017844,-254.314994301079,-2486.29698364394,8.11097489187969,-238.636785404228,-2494.45686528353
"OPTOTRAK _ C05 _ Right _ 4",9.69088621412775,-254.299679192893,-2486.02135268171,7.14724569003131,-238.996898821631,-2492.08755514884
"OPTOTRAK _ C05 _ Right _ 4",10.1618784592887,-254.288732765827,-2485.88783717915,7.0364719201538,-239.234829564841,-2491.57715243179
"OPTOTRAK _ C05 _ Right _ 4",10.2965354951766,-254.256878674194,-2485.91453616846,7.91507137388964,-239.41697182029,-2493.02965205792
"OPTOTRAK _ C05 _ Right _ 4",10.1343342088974,-254.192404176575,-2486.09540889338,9.85506495927446,-239.636902423903,-2496.36994945883
"OPTOTRAK _ C05 _ Right _ 4",9.71851416752912,-254.10267052513,-2486.40504817424,12.8312839985074,-239.998673365295,-2501.35168239738
"OPTOTRAK _ C05 _ Right _ 4",9.1005833847018,-254.013484613942,-2486.80833915976,16.6867062650707,-240.592591173745,-2507.56594039391
"OPTOTRAK _ C05 _ Right _ 4",8.35279480982441,-253.962863483288,-2487.27074651451,21.1156832855899,-241.467061077164,-2514.45845713516
"OPTOTRAK _ C05 _ Right _ 4",7.57853255204052,-253.991520342997,-2487.76522864871,25.6816424296738,-242.60333386684,-2521.36399911557
"OPTOTRAK _ C05 _ Right _ 4",6.91160396327115,-254.13275761804,-2488.27335719376,29.8739680115108,-243.902135531825,-2527.56273602795
"OPTOTRAK _ C05 _ Right _ 4",6.50047609013261,-254.403794780356,-2488.78053317473,33.1937568649522,-245.190330933951,-2532.35738969384
"OPTOTRAK _ C05 _ Right _ 4",6.47991507188503,-254.799840287656,-2489.26760647717,35.2470945054448,-246.250867542738,-2535.16398258769
"OPTOTRAK _ C05 _ Right _ 4",6.93791421337894,-255.291963601299,-2489.7030593135,35.8215159195027,-246.871267758937,-2535.60340944456
"OPTOTRAK _ C05 _ Right _ 4",7.88876279697044,-255.829759570871,-2490.04048908734,34.9260540719195,-246.897907476752,-2533.576015311
"OPTOTRAK _ C05 _ Right _ 4",9.26266342684276,-256.349237434437,-2490.22480265922,32.7849099378782,-246.278935920044,-2529.2987493464
"OPTOTRAK _ C05 _ Right _ 4",10.9178627842001,-256.784951182182,-2490.20722374795,29.786445754914,-245.080830689566,-2523.28788276456
"OPTOTRAK _ C05 _ Right _ 4",12.6733975924541,-257.083570187991,-2489.96484736008,26.400816607776,-243.472585446557,-2516.28247769096
"OPTOTRAK _ C05 _ Right _ 4",14.3519770082897,-257.214930731629,-2489.51702521707,23.0887520727395,-241.683827015584,-2509.12273405161
"OPTOTRAK _ C05 _ Right _ 4",15.8175197394048,-257.177028554509,-2488.93051355587,20.2270177103273,-239.952475677451,-2502.61457404373
"OPTOTRAK _ C05 _ Right _ 4",16.9937773679705,-256.993490469471,-2488.30898573271,18.0695086072734,-238.479205561036,-2497.41680177563
"OPTOTRAK _ C05 _ Right _ 4",17.8589692622415,-256.704885014637,-2487.76886307759,16.7480548543606,-237.400264412031,-2493.97578231376
"OPTOTRAK _ C05 _ Right _ 4",18.4221896678651,-256.357376630839,-2487.4093433433,16.301142739043,-236.781407655757,-2492.51149479617
"OPTOTRAK _ C05 _ Right _ 4",18.6950427211503,-255.99266022486,-2487.28704188294,16.7100318793634,-236.628174428148,-2493.04025319318
"OPTOTRAK _ C05 _ Right _ 4",18.6730486639533,-255.641854265746,-2487.40376111345,17.9232572442666,-236.903828733536,-2495.41189347026
"OPTOTRAK _ C05 _ Right _ 4",18.3358707010667,-255.32402711875,-2487.71075034106,19.8597757435423,-237.546367194361,-2499.34344221162
"OPTOTRAK _ C05 _ Right _ 4",17.6662025236507,-255.048391887632,-2488.12681547685,22.3932658559471,-238.479053039735,-2504.4421277641
"OPTOTRAK _ C05 _ Right _ 4",16.6783188367228,-254.818490200302,-2488.563167242,25.3304746206737,-239.613234746138,-2510.22149498499
"OPTOTRAK _ C05 _ Right _ 4",15.4425396971864,-254.636725466582,-2488.94643435517,28.4009446742511,-240.846101588274,-2516.12062789332
"OPTOTRAK _ C05 _ Right _ 4",14.0931233048252,-254.507881607329,-2489.2329423864,31.2718539805672,-242.058530931844,-2521.53673096916
"OPTOTRAK _ C05 _ Right _ 4",12.8136138393734,-254.440500287115,-2489.41109285154,33.5914953221073,-243.118739910754,-2525.87685503162
"OPTOTRAK _ C05 _ Right _ 4",11.8024024273971,-254.445399228619,-2489.49293826018,35.0527853476696,-243.895572823212,-2528.62737406442
"OPTOTRAK _ C05 _ Right _ 4",11.2286529434739,-254.531511248245,-2489.4995669212,35.459268943683,-244.280970051542,-2529.43162736389
"OPTOTRAK _ C05 _ Right _ 4",11.1923288294564,-254.700460872429,-2489.44679515408,34.7732774477176,-244.215846781065,-2528.15884673571
"OPTOTRAK _ C05 _ Right _ 4",11.7009423465659,-254.942189527758,-2489.33727697075,33.1296293592565,-243.709810784669,-2524.94382721623
"OPTOTRAK _ C05 _ Right _ 4",12.670317531661,-255.233810367338,-2489.16235913196,30.8075962742856,-242.845352567063,-2520.17975679842
"OPTOTRAK _ C05 _ Right _ 4",13.9487324610863,-255.542620832482,-2488.91266394114,28.16678661003,-241.762201075627,-2514.45772561165
"OPTOTRAK _ C05 _ Right _ 4",15.3557938517169,-255.832394145399,-2488.59219646125,25.5654686506153,-240.625545871397,-2508.46369824397
"OPTOTRAK _ C05 _ Right _ 4",16.7222209282134,-256.070612590842,-2488.22867005115,23.2873883790433,-239.588615875535,-2502.86045196044
"OPTOTRAK _ C05 _ Right _ 4",17.9168047198594,-256.23399225283,-2487.87393445142,21.5005118207527,-238.761972857007,-2498.18884936334
"OPTOTRAK _ C05 _ Right _ 4",18.8526974699286,-256.31071311001,-2487.59261685907,20.2580055353293,-238.198351436586,-2494.81434608766
"OPTOTRAK _ C05 _ Right _ 4",19.4745201244987,-256.29958392169,-2487.44247017607,19.5344201490153,-237.895551548618,-2492.92481804625
"OPTOTRAK _ C05 _ Right _ 4",19.7361685043753,-256.207764168385,-2487.45385816455,19.2773336132999,-237.813886845833,-2492.5657310421
"OPTOTRAK _ C05 _ Right _ 4",19.5827603478453,-256.048772883796,-2487.61647783266,19.4515670172967,-237.900825669805,-2493.6880282305
"OPTOTRAK _ C05 _ Right _ 4",18.9475997335008,-255.841426450714,-2487.87871646299,20.0586396568014,-238.114223787452,-2496.18554113129
"OPTOTRAK _ C05 _ Right _ 4",17.7678616903742,-255.608991845485,-2488.16032380087,21.1248313871298,-238.436741785309,-2499.90895711421
"OPTOTRAK _ C05 _ Right _ 4",16.0141211753792,-255.377299297694,-2488.37432951752,22.6634721896268,-238.877107926844,-2504.65660934274
"OPTOTRAK _ C05 _ Right _ 4",13.7223878907737,-255.171287178429,-2488.45112645386,24.6273544909269,-239.45802908734,-2510.15287384912
"OPTOTRAK _ C05 _ Right _ 4",11.0155454532628,-255.010883791044,-2488.35728299919,26.8718238774158,-240.194861846777,-2516.02925545208
"OPTOTRAK _ C05 _ Right _ 4",8.10450260442104,-254.908039405628,-2488.10367165449,29.1458573575551,-241.072653611536,-2521.82151762975
"OPTOTRAK _ C05 _ Right _ 4",5.26594756707784,-254.866270278843,-2487.74080121608,31.1185064948739,-242.030666628367,-2526.99139780914
"OPTOTRAK _ C05 _ Right _ 4",2.80029445292421,-254.882600228218,-2487.34271227168,32.4360405173643,-242.961910965237,-2530.97604886644
"OPTOTRAK _ C05 _ Right _ 4",0.978304412680413,-254.950440539292,-2486.98382283249,32.7956270984221,-243.730474319567,-2533.26243222405
"OPTOTRAK _ C05 _ Right _ 4",-0.0122053935978326,-255.061650842631,-2486.71531500043,32.0164146752814,-244.203022304345,-2533.47643902306
"OPTOTRAK _ C05 _ Right _ 4",-0.10693184438173,-255.206818492291,-2486.54846632496,30.0884377024824,-244.285058615176,-2531.46812223976
"OPTOTRAK _ C05 _ Right _ 4",0.618631229042708,-255.374056918115,-2486.45105449765,27.1839599737976,-243.949557314632,-2527.36837670967
"OPTOTRAK _ C05 _ Right _ 4",1.96428445062501,-255.547629012927,-2486.3593195123,23.6250556053386,-243.247071599677,-2521.59351625098
"OPTOTRAK _ C05 _ Right _ 4",3.65046886670697,-255.70802457972,-2486.20263382465,19.8143843261076,-242.292860188669,-2514.7860286123
"OPTOTRAK _ C05 _ Right _ 4",5.38264584803341,-255.834645302638,-2485.93280757078,16.1495072986438,-241.235825679055,-2507.70104094896
"OPTOTRAK _ C05 _ Right _ 4",6.91562896253877,-255.911051267427,-2485.54724961814,12.9485598140584,-240.221339441557,-2501.07021957575
"OPTOTRAK _ C05 _ Right _ 4",8.09766548474323,-255.931178344996,-2485.09675991762,10.4110753497662,-239.361083705752,-2495.48528188932
"OPTOTRAK _ C05 _ Right _ 4",8.88136194541018,-255.903815045518,-2484.67427673477,8.62232744583804,-238.717904632354,-2491.33425000296
"OPTOTRAK _ C05 _ Right _ 4",9.30134549254421,-255.852696390794,-2484.38803535625,7.59060646931805,-238.306351152449,-2488.79965195101
"OPTOTRAK _ C05 _ Right _ 4",9.43091431944791,-255.811025348659,-2484.3282150653,7.29474022342106,-238.104249357747,-2487.90287601783
"OPTOTRAK _ C05 _ Right _ 4",9.33654849684451,-255.811538210344,-2484.53821768415,7.71875940419565,-238.068939857065,-2488.56490578989
"OPTOTRAK _ C05 _ Right _ 4",9.04796580163818,-255.875369843087,-2484.9998842018,8.85942934934616,-238.152873688261,-2490.65425327505
"OPTOTRAK _ C05 _ Right _ 4",8.55372023273641,-256.00384872933,-2485.63712643878,10.7049344795062,-238.315295329027,-2494.00447378159
"OPTOTRAK _ C05 _ Right _ 4",7.82155194645265,-256.176362509326,-2486.33625719984,13.1947185140685,-238.528275511279,-2498.39991067164
"OPTOTRAK _ C05 _ Right _ 4",6.8329706386743,-256.354990350082,-2486.97580791705,16.1784091134435,-238.776191810872,-2503.54322848142
"OPTOTRAK _ C05 _ Right _ 4",5.61650631347033,-256.493985855761,-2487.45583415063,19.3939169704471,-239.04883613365,-2509.02716438772
"OPTOTRAK _ C05 _ Right _ 4",4.26536720080657,-256.550745290487,-2487.71767793121,22.479995704088,-239.330528577742,-2514.33305498433
"OPTOTRAK _ C05 _ Right _ 4",2.93188412162442,-256.495108696624,-2487.74932593917,25.0273720647367,-239.590367124098,-2518.87010863893
"OPTOTRAK _ C05 _ Right _ 4",1.79997369009084,-256.315175417757,-2487.57699048376,26.6584442672439,-239.779911838216,-2522.05513935752
"OPTOTRAK _ C05 _ Right _ 4",1.04437883175658,-256.019252489565,-2487.24814850208,27.1138204473495,-239.84219496915,-2523.41742358491
"OPTOTRAK _ C05 _ Right _ 4",0.789337592645722,-255.634382304118,-2486.81346648289,26.3191559932908,-239.730267568482,-2522.70212413049
"OPTOTRAK _ C05 _ Right _ 4",1.07906629339889,-255.202068495571,-2486.31436618318,24.4096997394329,-239.427571965921,-2519.94163925671
"OPTOTRAK _ C05 _ Right _ 4",1.86864396620072,-254.771743579683,-2485.77996284428,21.7018249221372,-238.960129784923,-2515.46938071096
"OPTOTRAK _ C05 _ Right _ 4",3.03755956558203,-254.392642028056,-2485.23287159903,18.6175896531912,-238.393789655561,-2509.86544482618
"OPTOTRAK _ C05 _ Right _ 4",4.420796570745,-254.105231408533,-2484.69941710429,15.5849522573537,-237.816944774666,-2503.84553623659
"OPTOTRAK _ C05 _ Right _ 4",5.84628375265466,-253.933979648462,-2484.21769235509,12.9459948066112,-237.315898230941,-2498.12535030345
"OPTOTRAK _ C05 _ Right _ 4",7.16568173708453,-253.883475048774,-2483.83785097911,10.9027760093812,-236.95267387637,-2493.30177982156
"OPTOTRAK _ C05 _ Right _ 4",8.26922263366859,-253.93932950728,-2483.61283227231,9.51505113813794,-236.752995264215,-2489.78366284551
"OPTOTRAK _ C05 _ Right _ 4",9.08307911491294,-254.07388076597,-2483.58257298647,8.74316180197278,-236.707456860614,-2487.78254695106
"OPTOTRAK _ C05 _ Right _ 4",9.55555576366735,-254.254952787994,-2483.75809758346,8.51305900183659,-236.783934553441,-2487.35013099911
"OPTOTRAK _ C05 _ Right _ 4",9.64251295560056,-254.45461566726,-2484.11215073255,8.77499940967096,-236.945570090306,-2488.43474246424
"OPTOTRAK _ C05 _ Right _ 4",9.30143835940703,-254.654740507535,-2484.58052777743,9.53295616045586,-237.167193460958,-2490.92855522428
"OPTOTRAK _ C05 _ Right _ 4",8.49862297781696,-254.847432889077,-2485.07442529181,10.8345446270401,-237.444168645249,-2494.68776760809
"OPTOTRAK _ C05 _ Right _ 4",7.22749146211735,-255.030666114486,-2485.50047761828,12.7267233423709,-237.790737476144,-2499.52355992043
"OPTOTRAK _ C05 _ Right _ 4",5.53086172069888,-255.201553612201,-2485.78269453753,15.1958499835595,-238.228679658145,-2505.17541588026
"OPTOTRAK _ C05 _ Right _ 4",3.51764308188283,-255.35064497063,-2485.87987523218,18.1171201730987,-238.770339715328,-2511.28522500029
"OPTOTRAK _ C05 _ Right _ 4",1.365861644487,-255.459987952402,-2485.79343444478,21.2352789133176,-239.402180595854,-2517.38937567107
"OPTOTRAK _ C05 _ Right _ 4",-0.691985711667426,-255.505897483398,-2485.56349829662,24.1872458115892,-240.075520381031,-2522.93952955411
"OPTOTRAK _ C05 _ Right _ 4",-2.40026121267253,-255.465359658569,-2485.25458835056,26.5631272446675,-240.709384391284,-2527.35466934546
"OPTOTRAK _ C05 _ Right _ 4",-3.52284490955359,-255.323661329813,-2484.93514530599,27.9903734753009,-241.206457572784,-2530.09927090964
"OPTOTRAK _ C05 _ Right _ 4",-3.88853038398697,-255.080569789955,-2484.65689986221,28.2191436093137,-241.478197141835,-2530.77511220726
"OPTOTRAK _ C05 _ Right _ 4",-3.42863007827991,-254.753033467526,-2484.44037352106,27.1855316032726,-241.471159720583,-2529.20745854947
"OPTOTRAK _ C05 _ Right _ 4",-2.19626247714775,-254.373453148999,-2484.27135427089,25.0333594461031,-241.185064479002,-2525.50211067554
"OPTOTRAK _ C05 _ Right _ 4",-0.359771749319296,-253.98366032738,-2484.10998520075,22.0853153712912,-240.675024604953,-2520.05168249631
"OPTOTRAK _ C05 _ Right _ 4",1.83081605756956,-253.625747355175,-2483.90971677357,18.7693914514726,-240.03590826089,-2513.48058854302
"OPTOTRAK _ C05 _ Right _ 4",4.09671574380747,-253.331914108633,-2483.63931414663,15.5225226724526,-239.374263707785,-2506.5376372656
"OPTOTRAK _ C05 _ Right _ 4",6.1875320626813,-253.116300071908,-2483.29935552839,12.7027638114855,-238.778845990328,-2499.96550192503
"OPTOTRAK _ C05 _ Right _ 4",7.92509709025995,-252.971701053712,-2482.92650787376,10.537957371164,-238.30098904399,-2494.38633972961
"OPTOTRAK _ C05 _ Right _ 4",9.2213879867463,-252.872668245106,-2482.58383784287,9.12273373989968,-237.950835850445,-2490.23499541449
"OPTOTRAK _ C05 _ Right _ 4",10.0683416317785,-252.784150466377,-2482.34115228893,8.45498468414975,-237.708176226541,-2487.74901132072
"OPTOTRAK _ C05 _ Right _ 4",10.5082454968033,-252.672683571389,-2482.25302707763,8.48847024401939,-237.541142193013,-2487.00062316005
"OPTOTRAK _ C05 _ Right _ 4",10.5996121513845,-252.516245897999,-2482.34234327577,9.17573903243025,-237.424178022698,-2487.94233382085
"OPTOTRAK _ C05 _ Right _ 4",10.3928647067798,-252.309693984747,-2482.59438834322,10.483626411577,-237.348467967745,-2490.43919763823
"OPTOTRAK _ C05 _ Right _ 4",9.92393396870745,-252.064674477765,-2482.96250150739,12.3771646644103,-237.322004460012,-2494.27439769949
"OPTOTRAK _ C05 _ Right _ 4",9.22507306223673,-251.804980781802,-2483.38232242537,14.7816407199809,-237.360726516258,-2499.13257897045
"OPTOTRAK _ C05 _ Right _ 4",8.34438074564657,-251.559502615919,-2483.78902124692,17.5424774162459,-237.474985723743,-2504.57963550521
"OPTOTRAK _ C05 _ Right _ 4",7.36177874979893,-251.354954230791,-2484.13127610997,20.4052071893828,-237.65652211726,-2510.06246202662
"OPTOTRAK _ C05 _ Right _ 4",6.39107988071069,-251.209941863655,-2484.37755993517,23.0314376097282,-237.870753376718,-2514.94608108563
"OPTOTRAK _ C05 _ Right _ 4",5.5643503365001,-251.13128018344,-2484.51386883256,25.053024738552,-238.058048466264,-2518.59161800507
"OPTOTRAK _ C05 _ Right _ 4",5.00285356219046,-251.113048636074,-2484.53580188174,26.1509200557161,-238.145463525395,-2520.46251313133
"OPTOTRAK _ C05 _ Right _ 4",4.78495192106473,-251.138529491273,-2484.44017982873,26.1339320732054,-238.066754332731,-2520.23358942271
"OPTOTRAK _ C05 _ Right _ 4",4.92323351355606,-251.184678276629,-2484.2212465601,24.9905151564326,-237.784302208413,-2517.87181821267
"OPTOTRAK _ C05 _ Right _ 4",5.36029370652592,-251.228177564854,-2483.87411668056,22.8946075869694,-237.30434675024,-2513.66112337031
"OPTOTRAK _ C05 _ Right _ 4",5.98591311081483,-251.251621051529,-2483.40448906629,20.1621645546086,-236.678765102224,-2508.15738126887
"OPTOTRAK _ C05 _ Right _ 4",6.67004812034149,-251.248145525705,-2482.84009877822,17.1731985763936,-235.992255562689,-2502.08178371206
"OPTOTRAK _ C05 _ Right _ 4",7.29940597743302,-251.223019639044,-2482.23746161911,14.2873402882433,-235.340026407497,-2496.18316902285
"OPTOTRAK _ C05 _ Right _ 4",7.80366580519062,-251.19146243238,-2481.67845725023,11.7821759758293,-234.804374745928,-2491.11126013391
"OPTOTRAK _ C05 _ Right _ 4",8.16186031927587,-251.173263719458,-2481.25529009755,9.83156785083367,-234.437756841504,-2487.3356392217
"OPTOTRAK _ C05 _ Right _ 4",8.38808771053499,-251.186124534086,-2481.04764499334,8.5225034178258,-234.256635778184,-2485.12362304905
"OPTOTRAK _ C05 _ Right _ 4",8.50441923144831,-251.240269175806,-2481.09972655467,7.89384618795844,-234.246570580675,-2484.56648031227
"OPTOTRAK _ C05 _ Right _ 4",8.51373120137866,-251.336386023936,-2481.40548961371,7.97479406977789,-234.375834524968,-2485.62903968629
"OPTOTRAK _ C05 _ Right _ 4",8.38455235666793,-251.467593836667,-2481.90769812984,8.80466021917373,-234.612778079036,-2488.1965669001
"OPTOTRAK _ C05 _ Right _ 4",8.05467786331282,-251.624516038479,-2482.51175498285,10.4252420390975,-234.94128542634,-2492.10198501809
"OPTOTRAK _ C05 _ Right _ 4",7.45268306589377,-251.801227077459,-2483.11021031303,12.8487493577764,-235.368905549813,-2497.1299932403
"OPTOTRAK _ C05 _ Right _ 4",6.52957260968931,-251.999286609505,-2483.61020554013,16.0145018176223,-235.92362041214,-2503.00599469699
"OPTOTRAK _ C05 _ Right _ 4",5.28918731994819,-252.227699828781,-2483.9552623039,19.7529151643169,-236.638149508771,-2509.38264063675
"OPTOTRAK _ C05 _ Right _ 4",3.80676377343875,-252.498378386347,-2484.13514803297,23.7733586742552,-237.525297303422,-2515.8350093876
"OPTOTRAK _ C05 _ Right _ 4",2.22928646665301,-252.818734523355,-2484.1818913815,27.6841477812793,-238.552848789833,-2521.87072248696
"OPTOTRAK _ C05 _ Right _ 4",0.756729685510639,-253.184352460811,-2484.15437409845,31.0425200165194,-239.629196679893,-2526.95794470482
"OPTOTRAK _ C05 _ Right _ 4",-0.392060012739509,-253.574698154893,-2484.11677786759,33.4245234254216,-240.608879762936,-2530.5729899796
"OPTOTRAK _ C05 _ Right _ 4",-1.0219314071697,-253.953777013325,-2484.11719847065,34.5007918161973,-241.320515384086,-2532.26716986078
"OPTOTRAK _ C05 _ Right _ 4",-1.00355296894001,-254.276109053511,-2484.17237764186,34.1027164329219,-241.610702375054,-2531.74648003024
"OPTOTRAK _ C05 _ Right _ 4",-0.305183580432264,-254.496819852011,-2484.2630716881,32.2633034309253,-241.38991281712,-2528.94815561088
"OPTOTRAK _ C05 _ Right _ 4",0.995163382833579,-254.583295259132,-2484.34201536148,29.2192228270925,-240.663537398555,-2524.08981067001
"OPTOTRAK _ C05 _ Right _ 4",2.72278759614889,-254.524991686199,-2484.35273326634,25.3678379910065,-239.535312330675,-2517.6667396436
"OPTOTRAK _ C05 _ Right _ 4",4.64320977511534,-254.338075586844,-2484.25333217712,21.1861487491735,-238.18084130956,-2510.38563796743
"OPTOTRAK _ C05 _ Right _ 4",6.51303624770362,-254.062952896642,-2484.03661006278,17.1336810371161,-236.801319451422,-2503.0460710014
"OPTOTRAK _ C05 _ Right _ 4",8.12892221817097,-253.755211556525,-2483.73827440819,13.5703048921311,-235.575144407586,-2496.40371132851
"OPTOTRAK _ C05 _ Right _ 4",9.35904036956171,-253.472982806604,-2483.42932938359,10.715509126448,-234.623928862911,-2491.05803894602
"OPTOTRAK _ C05 _ Right _ 4",10.1485998556743,-253.264873744021,-2483.19500667173,8.65801566784035,-234.001413517823,-2487.39543195482
"OPTOTRAK _ C05 _ Right _ 4",10.5016752977606,-253.161783023641,-2483.10784436795,7.40297586877936,-233.704149756005,-2485.59304376114
"OPTOTRAK _ C05 _ Right _ 4",10.4506682617217,-253.173725059055,-2483.20432300444,6.92993101268083,-233.695717822747,-2485.66431518164
"OPTOTRAK _ C05 _ Right _ 4",10.0281847690839,-253.290721364413,-2483.47261013057,7.23387447772649,-233.933280126688,-2487.5151966119
"OPTOTRAK _ C05 _ Right _ 4",9.25315270743579,-253.486007970132,-2483.85481686031,8.33206369759998,-234.386362535935,-2490.98375849163
"OPTOTRAK _ C05 _ Right _ 4",8.13558827987326,-253.720292605813,-2484.26247850137,10.2349348241052,-235.041764869778,-2495.84991435851
"OPTOTRAK _ C05 _ Right _ 4",6.69592241616762,-253.946741615408,-2484.60013547715,12.8946548536181,-235.89369577192,-2501.81867173039
"OPTOTRAK _ C05 _ Right _ 4",4.9886912591244,-254.116902239395,-2484.78983779796,16.154550901922,-236.923185171168,-2508.49284841219
"OPTOTRAK _ C05 _ Right _ 4",3.11900390578476,-254.187537686435,-2484.78955789928,19.7236004928727,-238.074850329745,-2515.3560051054
"OPTOTRAK _ C05 _ Right _ 4",1.24358480750811,-254.127623315971,-2484.60069024384,23.1920407396832,-239.241478845489,-2521.78355068041
"OPTOTRAK _ C05 _ Right _ 4",-0.445808727403103,-253.924062641883,-2484.26324217503,26.0902190577614,-240.266231558606,-2527.09184696977
"OPTOTRAK _ C05 _ Right _ 4",-1.75295978247685,-253.5845307432,-2483.84087987132,27.9782965825693,-240.96731281166,-2530.62419687312
"OPTOTRAK _ C05 _ Right _ 4",-2.51417952330716,-253.136457133333,-2483.40076556155,28.5437639580759,-241.18140716366,-2531.86079653457
"OPTOTRAK _ C05 _ Right _ 4",-2.63240226391707,-252.622310930424,-2482.99455670236,27.679333155463,-240.813149267237,-2530.52901808192
"OPTOTRAK _ C05 _ Right _ 4",-2.09931149368867,-252.092455381172,-2482.64666320689,25.5167307016197,-239.872563190728,-2526.68368376544
"OPTOTRAK _ C05 _ Right _ 4",-0.998627716880493,-251.597294663144,-2482.35363216176,22.4025770028007,-238.484212413388,-2520.7282815717
"OPTOTRAK _ C05 _ Right _ 4",0.511865104430997,-251.180140710912,-2482.09463397665,18.8194709322009,-236.861543778652,-2513.36065040088
"OPTOTRAK _ C05 _ Right _ 4",2.23568147353575,-250.871650909425,-2481.84865484911,15.2740567945941,-235.254067091325,-2505.44967842993
"OPTOTRAK _ C05 _ Right _ 4",3.98024962975868,-250.686352448368,-2481.61104295796,12.1868578781834,-233.886360688239,-2497.87524954413
"OPTOTRAK _ C05 _ Right _ 4",5.59337294248099,-250.621752195855,-2481.4021611255,9.81895072322602,-232.910030555,-2491.3792382531
"OPTOTRAK _ C05 _ Right _ 4",6.98206833667053,-250.660494875909,-2481.26432013626,8.25627052428006,-232.382230127202,-2486.4708094756
"OPTOTRAK _ C05 _ Right _ 4",8.10918022658969,-250.775605808566,-2481.24829016183,7.44960332579957,-232.272681942048,-2483.40578016167
"OPTOTRAK _ C05 _ Right _ 4",8.97202063074289,-250.937967966744,-2481.39495269454,7.28805222448925,-232.491632519257,-2482.22980999471
"OPTOTRAK _ C05 _ Right _ 4",9.57413542434001,-251.124194166901,-2481.7192260071,7.67441423784654,-232.926700127517,-2482.85356585571
"OPTOTRAK _ C05 _ Right _ 4",9.90330195702103,-251.322559699559,-2482.20207525094,8.5740496967207,-233.47679849962,-2485.12279018268
"OPTOTRAK _ C05 _ Right _ 4",9.92558006441259,-251.535059044867,-2482.79324264702,10.0208723300812,-234.074654641423,-2488.856390194
"OPTOTRAK _ C05 _ Right _ 4",9.59832847099088,-251.774849452821,-2483.42365704973,12.0801313419583,-234.694075982969,-2493.84445348655
"OPTOTRAK _ C05 _ Right _ 4",8.89723848295679,-252.059852491015,-2484.02341285573,14.7831814681101,-235.342427941848,-2499.8169388609
"OPTOTRAK _ C05 _ Right _ 4",7.84646039891381,-252.404513196965,-2484.53951873652,18.0601158186969,-236.041920798822,-2506.40556032299
"OPTOTRAK _ C05 _ Right _ 4",6.53912611079254,-252.812211523019,-2484.9477413001,21.6980912257419,-236.805538523951,-2513.12287418673
"OPTOTRAK _ C05 _ Right _ 4",5.13877486279004,-253.270434668772,-2485.25478386069,25.3448516848663,-237.615250981159,-2519.37544772055
"OPTOTRAK _ C05 _ Right _ 4",3.85884034994151,-253.749833656093,-2485.49019921827,28.561196593911,-238.41080922697,-2524.51680542067
"OPTOTRAK _ C05 _ Right _ 4",2.9244930932297,-254.207252022013,-2485.69088754064,30.9093858936923,-239.095189861628,-2527.93457808625
"OPTOTRAK _ C05 _ Right _ 4",2.52633051599019,-254.592101542467,-2485.88367401815,32.0527655644002,-239.557031418822,-2529.15648392793
"OPTOTRAK _ C05 _ Right _ 4",2.77778311527228,-254.855026236474,-2486.0723759685,31.8379162990032,-239.703168966188,-2527.95189016183
"OPTOTRAK _ C05 _ Right _ 4",3.68765708947721,-254.957390929413,-2486.23451943505,30.3345263691254,-239.48914519825,-2524.40134938637
"OPTOTRAK _ C05 _ Right _ 4",5.1559512424516,-254.879661450903,-2486.32961631036,27.8194689734581,-238.935401724155,-2518.90913057183
"OPTOTRAK _ C05 _ Right _ 4",6.99504551252539,-254.626476906786,-2486.31647683305,24.7086374588246,-238.122634771852,-2512.14658431664
"OPTOTRAK _ C05 _ Right _ 4",8.97061808282898,-254.226657640794,-2486.17295900197,21.4583246764559,-237.169057617881,-2504.93604347248
"OPTOTRAK _ C05 _ Right _ 4",10.8498412597329,-253.727804735405,-2485.90983815993,18.4695077172223,-236.199799319859,-2498.10741852431
"OPTOTRAK _ C05 _ Right _ 4",12.4419197228067,-253.187043835984,-2485.5724449938,16.0261575902677,-235.320122707785,-2492.37003814917
"OPTOTRAK _ C05 _ Right _ 4",13.6197614201544,-252.660779122621,-2485.22879944887,14.282208565852,-234.599896126601,-2488.23312019381
"OPTOTRAK _ C05 _ Right _ 4",14.3200155191912,-252.19625021751,-2484.94868287566,13.2896566104625,-234.070657995336,-2485.98454397669
"OPTOTRAK _ C05 _ Right _ 4",14.5275513051678,-251.826383167296,-2484.78160123959,13.0442999589019,-233.732039439063,-2485.71338300793
"OPTOTRAK _ C05 _ Right _ 4",14.2553778529393,-251.567862781151,-2484.74152654894,13.5226166344566,-233.562349511094,-2487.34921388802
"OPTOTRAK _ C05 _ Right _ 4",13.5303103199287,-251.421497534075,-2484.80327933514,14.692074504372,-233.528494143384,-2490.69395529718
"OPTOTRAK _ C05 _ Right _ 4",12.3896658317973,-251.374033564566,-2484.91110708862,16.492293595492,-233.592263062312,-2495.43531904072
"OPTOTRAK _ C05 _ Right _ 4",10.8878491593143,-251.401062714041,-2484.99603353285,18.7996225841145,-233.712289006152,-2501.14670170354
"OPTOTRAK _ C05 _ Right _ 4",9.10682653330654,-251.470892639341,-2484.99603108029,21.397029985581,-233.842899332827,-2507.28893180666
"OPTOTRAK _ C05 _ Right _ 4",7.16302584567073,-251.549007819893,-2484.87261957367,23.9706898346482,-233.932523442265,-2513.23079614943
"OPTOTRAK _ C05 _ Right _ 4",5.20518570977578,-251.602366572719,-2484.61911612717,26.1442238601035,-233.925132097728,-2518.29858783961
"OPTOTRAK _ C05 _ Right _ 4",3.40152473445092,-251.602725953689,-2484.2587974083,27.5460716086628,-233.767548420368,-2521.85416145891
"OPTOTRAK _ C05 _ Right _ 4",1.91833960412415,-251.528685454032,-2483.83461534685,27.8918712215449,-233.422735031396,-2523.39037831463
"OPTOTRAK _ C05 _ Right _ 4",0.894638487372712,-251.366944212521,-2483.39474595015,27.0569713478629,-232.885194906966,-2522.62478079075
"OPTOTRAK _ C05 _ Right _ 4",0.418542526605768,-251.113785262435,-2482.9793854789,25.1155490503996,-232.191681312604,-2519.56799496468
"OPTOTRAK _ C05 _ Right _ 4",0.511146529922045,-250.777494666313,-2482.61350088754,22.3313748672094,-231.420656013947,-2514.54427821689
"OPTOTRAK _ C05 _ Right _ 4",1.12231419249229,-250.381248020503,-2482.30778216984,19.099252153607,-230.678050011121,-2508.1500577736
"OPTOTRAK _ C05 _ Right _ 4",2.1402643337483,-249.964626689739,-2482.06649418115,15.8523930596753,-230.073218098074,-2501.15295101749
"OPTOTRAK _ C05 _ Right _ 4",3.41290504122557,-249.581441814958,-2481.89764279118,12.9641270338945,-229.693765531724,-2494.35445244316
"OPTOTRAK _ C05 _ Right _ 4",4.77488084739712,-249.292626501287,-2481.81954283889,10.6760000765732,-229.587832369904,-2488.45470197852
"OPTOTRAK _ C05 _ Right _ 4",6.07228340169615,-249.155223666611,-2481.85952454236,9.07490635593836,-229.757904978886,-2483.95789802326
"OPTOTRAK _ C05 _ Right _ 4",7.17844850453187,-249.210619441957,-2482.04452492425,8.12245667836227,-230.165196993345,-2481.1401379043
"OPTOTRAK _ C05 _ Right _ 4",7.99873311679573,-249.475793427159,-2482.38754366338,7.71953907350152,-230.741229083973,-2480.07629661339
"OPTOTRAK _ C05 _ Right _ 4",8.46724075585976,-249.940114607523,-2482.87612646518,7.77733999387,-231.40319763151,-2480.70181269748
"OPTOTRAK _ C05 _ Right _ 4",8.54146160293448,-250.567945819666,-2483.46822854779,8.26662647538014,-232.070236968834,-2482.87738992952
"OPTOTRAK _ C05 _ Right _ 4",8.20043865054031,-251.305334694883,-2484.09770440111,9.2274666021103,-232.677840708941,-2486.43038569055
"OPTOTRAK _ C05 _ Right _ 4",7.44896860284316,-252.088232984218,-2484.68785632043,10.7369233165295,-233.187708764796,-2491.16131345184
"OPTOTRAK _ C05 _ Right _ 4",6.32627147057336,-252.850077778383,-2485.16851084505,12.8477086576124,-233.590574139752,-2496.82062555366
"OPTOTRAK _ C05 _ Right _ 4",4.91444130381788,-253.527667326141,-2485.49098267656,15.521747429038,-233.900620447493,-2503.07341744443
"OPTOTRAK _ C05 _ Right _ 4",3.34111803453767,-254.065354315418,-2485.63628596719,18.5852318698333,-234.142421248635,-2509.47415944096
"OPTOTRAK _ C05 _ Right _ 4",1.77237626218149,-254.418141185604,-2485.61452791948,21.7247721116949,-234.334645657848,-2515.47001187981
"OPTOTRAK _ C05 _ Right _ 4",0.394880251665482,-254.554221082964,-2485.45646241395,24.530407721065,-234.477305553827,-2520.4424603309
"OPTOTRAK _ C05 _ Right _ 4",-0.610437687572877,-254.457182486835,-2485.20057597605,26.5759803420141,-234.548812549112,-2523.78604469946
"OPTOTRAK _ C05 _ Right _ 4",-1.09844077643205,-254.127845337033,-2484.88022632882,27.5155288226522,-234.515039326487,-2525.01185473487
"OPTOTRAK _ C05 _ Right _ 4",-0.987341688344225,-253.585580928742,-2484.51518889228,27.1685463415612,-234.346847409023,-2523.85361859181
"OPTOTRAK _ C05 _ Right _ 4",-0.277046684697522,-252.868754726428,-2484.11058253644,25.5683597483809,-234.038118787705,-2520.34791860666
"OPTOTRAK _ C05 _ Right _ 4",0.947328428615761,-252.033480399628,-2483.66363910327,22.9572628788602,-233.61563266118,-2514.86108169513
"OPTOTRAK _ C05 _ Right _ 4",2.52921260948987,-251.149518170741,-2483.17558630466,19.7284094207184,-233.135910325809,-2508.04693698073
"OPTOTRAK _ C05 _ Right _ 4",4.26900153901741,-250.292570118036,-2482.66319725277,16.3332887406791,-232.670529900886,-2500.74089672259
"OPTOTRAK _ C05 _ Right _ 4",5.95936534388068,-249.533712379635,-2482.16394483485,13.1867257449519,-232.286454929719,-2493.81863195757
"OPTOTRAK _ C05 _ Right _ 4",7.41711294489073,-248.928530338412,-2481.73112215754,10.6009348687735,-232.028763548201,-2488.05975274379
"OPTOTRAK _ C05 _ Right _ 4",8.50330406272757,-248.509317182685,-2481.41989397267,8.76494005647782,-231.910537599159,-2484.05065041806
"OPTOTRAK _ C05 _ Right _ 4",9.12915506796037,-248.282676812548,-2481.26961230094,7.7637113044524,-231.91137439842,-2482.13989706953
"OPTOTRAK _ C05 _ Right _ 4",9.25172899455998,-248.232596629263,-2481.28953119777,7.61494310205688,-231.9836839699,-2482.43724794455
"OPTOTRAK _ C05 _ Right _ 4",8.86690433937947,-248.326923342905,-2481.45358320279,8.29817455846853,-232.064568602677,-2484.83534523682
"OPTOTRAK _ C05 _ Right _ 4",8.00612705456087,-248.524351554389,-2481.70617603654,9.76022901969099,-232.090276537119,-2489.03534860873
"OPTOTRAK _ C05 _ Right _ 4",6.73897103399726,-248.779767451785,-2481.97682885851,11.8966530839079,-232.009909131066,-2494.56937240376
"OPTOTRAK _ C05 _ Right _ 4",5.1782001500828,-249.047407975253,-2482.19845364345,14.5236034314985,-231.795280304211,-2500.82543691309
"OPTOTRAK _ C05 _ Right _ 4",3.48067416325096,-249.28274563005,-2482.32311028933,17.3620511162215,-231.444807538249,-2507.08730926264
"OPTOTRAK _ C05 _ Right _ 4",1.83779344394426,-249.444554940406,-2482.33032751618,20.0527529825475,-230.981289662575,-2512.59922561882
"OPTOTRAK _ C05 _ Right _ 4",0.453021281887182,-249.498210527898,-2482.22606866327,22.2076794261544,-230.44574599627,-2516.65611728611
"OPTOTRAK _ C05 _ Right _ 4",-0.490557182308204,-249.420343546331,-2482.0339832502,23.4875397222797,-229.890513237958,-2518.70822417277
"OPTOTRAK _ C05 _ Right _ 4",-0.865057543183552,-249.204002047689,-2481.78332954959,23.6826323130043,-229.373526363041,-2518.45915758613
"OPTOTRAK _ C05 _ Right _ 4",-0.625266054170271,-248.862708835127,-2481.49884018886,22.7698514720536,-228.953216770988,-2515.93156405874
"OPTOTRAK _ C05 _ Right _ 4",0.179977189009345,-248.431511838837,-2481.19654821334,20.923801245676,-228.682066735763,-2511.47692332682
"OPTOTRAK _ C05 _ Right _ 4",1.41718898698734,-247.963519298495,-2480.8866916379,18.4739650908734,-228.59799896693,-2505.7175199971
"OPTOTRAK _ C05 _ Right _ 4",2.89702511987502,-247.521640121658,-2480.58140454838,15.8191615978227,-228.715584561791,-2499.42837554279
"OPTOTRAK _ C05 _ Right _ 4",4.41466003855082,-247.16707107783,-2480.30250392099,13.3276545789381,-229.020871126065,-2493.38856689074
"OPTOTRAK _ C05 _ Right _ 4",5.78995227569614,-246.947705484558,-2480.08455693521,11.2575248531201,-229.472534417473,-2488.24421527388
"OPTOTRAK _ C05 _ Right _ 4",6.89583822857695,-246.89006129853,-2479.97068686118,9.72295197643722,-230.009007636962,-2484.4212583087
"OPTOTRAK _ C05 _ Right _ 4",7.66800914440395,-246.997049990552,-2480.00198368043,8.71220165154591,-230.558984758084,-2482.10610139189
"OPTOTRAK _ C05 _ Right _ 4",8.09586866868201,-247.251504015857,-2480.2041452525,8.14289007786516,-231.052597264419,-2481.28678310792
"OPTOTRAK _ C05 _ Right _ 4",8.20110188848965,-247.623181690831,-2480.57600188582,7.92876181011653,-231.431717114428,-2481.82851392357
"OPTOTRAK _ C05 _ Right _ 4",8.01355805556793,-248.076157549413,-2481.08391468319,8.0324070848372,-231.658853998436,-2483.55184717684
"OPTOTRAK _ C05 _ Right _ 4",7.55369108155581,-248.574325427574,-2481.66431997937,8.48700132598912,-231.724386898927,-2486.28844749639
"OPTOTRAK _ C05 _ Right _ 4",6.82718189260299,-249.084400717436,-2482.23447863102,9.38250988312696,-231.651295665442,-2489.9029554024
"OPTOTRAK _ C05 _ Right _ 4",5.83225191381299,-249.577168340689,-2482.70918480645,10.8237643072684,-231.49537678063,-2494.28324908549
"OPTOTRAK _ C05 _ Right _ 4",4.57556616423198,-250.028136393274,-2483.01933491811,12.8761837711066,-231.338136946571,-2499.31046090531
"OPTOTRAK _ C05 _ Right _ 4",3.09014878288009,-250.41832787764,-2483.12751044269,15.5174485572166,-231.270655693074,-2504.82261324731
"OPTOTRAK _ C05 _ Right _ 4",1.44891466875523,-250.735196607964,-2483.03643238564,18.6098024907402,-231.370231668304,-2510.58342612644
"OPTOTRAK _ C05 _ Right _ 4",-0.230572887308865,-250.973117218116,-2482.78804930428,21.9002120823781,-231.675991301363,-2516.26431737879
"OPTOTRAK _ C05 _ Right _ 4",-1.79208960506123,-251.13286426273,-2482.45344169045,25.0480899772694,-232.172060317499,-2521.44551359497
"OPTOTRAK _ C05 _ Right _ 4",-3.05745800607088,-251.219902032945,-2482.11592113904,27.6751187474387,-232.785670346079,-2525.64144945858
"OPTOTRAK _ C05 _ Right _ 4",-3.85226105405772,-251.241864083989,-2481.85120740909,29.4287057397883,-233.403092827683,-2528.35391499856
"OPTOTRAK _ C05 _ Right _ 4",-4.03695903885157,-251.206057790642,-2481.70930682966,30.0482695763693,-233.900198633818,-2529.15103856911
"OPTOTRAK _ C05 _ Right _ 4",-3.53759730528346,-251.118040342406,-2481.70275236302,29.4211416496234,-234.178657566443,-2527.76051273549
"OPTOTRAK _ C05 _ Right _ 4",-2.36844815007681,-250.982105179802,-2481.80498718116,27.6134463119804,-234.195473204624,-2524.15453749357
"OPTOTRAK _ C05 _ Right _ 4",-0.638864870026628,-250.803748214393,-2481.96042046546,24.8636574691053,-233.974849771976,-2518.59808939831
"OPTOTRAK _ C05 _ Right _ 4",1.46029851816621,-250.593077835339,-2482.10402214,21.5352222990448,-233.597994715353,-2511.63756358975
"OPTOTRAK _ C05 _ Right _ 4",3.68913631791139,-250.367402281254,-2482.18435968161,18.0389599528633,-233.175836206481,-2504.02486668487
"OPTOTRAK _ C05 _ Right _ 4",5.80135112263148,-250.151541103913,-2482.18179256458,14.7497791156917,-232.81653873109,-2496.59594118971
"OPTOTRAK _ C05 _ Right _ 4",7.58423165783211,-249.975667745462,-2482.11486366763,11.9466068504604,-232.600025967164,-2490.14000244738
"OPTOTRAK _ C05 _ Right _ 4",8.88446637783207,-249.871788787682,-2482.03263230736,9.79424123120871,-232.566202508284,-2485.2961461564
"OPTOTRAK _ C05 _ Right _ 4",9.61498441868094,-249.870342122011,-2481.99650197954,8.36561488883772,-232.716742453044,-2482.49731469489
"OPTOTRAK _ C05 _ Right _ 4",9.74643508909277,-249.997652585345,-2482.05904002927,7.68439232894832,-233.025965051035,-2481.95848239686
"OPTOTRAK _ C05 _ Right _ 4",9.29271523446051,-250.273835375855,-2482.24769651015,7.76097103267942,-233.455087298688,-2483.68968292864
"OPTOTRAK _ C05 _ Right _ 4",8.30048607524851,-250.710207102502,-2482.55858533863,8.60174821766365,-233.964923346856,-2487.51240726515
"OPTOTRAK _ C05 _ Right _ 4",6.84809277997596,-251.305808654291,-2482.96122093304,10.186918453857,-234.523787155513,-2493.06824572397
"OPTOTRAK _ C05 _ Right _ 4",5.05225834517592,-252.043811146262,-2483.41106023247,12.4287531573393,-235.109203676288,-2499.82373677906
"OPTOTRAK _ C05 _ Right _ 4",3.07493688525376,-252.88947231167,-2483.86423769131,15.1336014433372,-235.703774608322,-2507.08652649061
"OPTOTRAK _ C05 _ Right _ 4",1.12082967572083,-253.79130683704,-2484.28874915966,17.992022533717,-236.287459152401,-2514.04969203325
"OPTOTRAK _ C05 _ Right _ 4",-0.580679201443708,-254.686210372097,-2484.66841978969,20.6114468487954,-236.830575704129,-2519.87315567571
"OPTOTRAK _ C05 _ Right _ 4",-1.80864880679845,-255.507945879276,-2484.99931193714,22.5884718309134,-237.292650268483,-2523.79735643051
"OPTOTRAK _ C05 _ Right _ 4",-2.39123494247077,-256.19733408503,-2485.28146889117,23.6007489299002,-237.630086427917,-2525.27001445181
"OPTOTRAK _ C05 _ Right _ 4",-2.2420394787592,-256.712054868949,-2485.51087240397,23.4884950569021,-237.810709238551,-2524.05652684818
"OPTOTRAK _ C05 _ Right _ 4",-1.380280119598,-257.034075275331,-2485.6764134302,22.2968211495294,-237.828441143319,-2520.30192510811
"OPTOTRAK _ C05 _ Right _ 4",0.0727867636965354,-257.173110359402,-2485.76433167548,20.2624435797019,-237.710274072797,-2514.52026622002
"OPTOTRAK _ C05 _ Right _ 4",1.92123949940643,-257.165104958884,-2485.76869201956,17.7484075298583,-237.511542487053,-2507.50638240752
"OPTOTRAK _ C05 _ Right _ 4",3.93743318226437,-257.065626301014,-2485.70277338487,15.1507953901358,-237.301748771005,-2500.19028215991
"OPTOTRAK _ C05 _ Right _ 4",5.90664378741728,-256.939351912994,-2485.60487607728,12.8123499883658,-237.147431133868,-2493.47524220355
"OPTOTRAK _ C05 _ Right _ 4",7.65938479740134,-256.848197949186,-2485.53414688748,10.9728073555912,-237.098483317798,-2488.10502347618
"OPTOTRAK _ C05 _ Right _ 4",9.08311205560501,-256.841314806098,-2485.55663903925,9.76657858225217,-237.181394086845,-2484.59016065669
"OPTOTRAK _ C05 _ Right _ 4",10.1141295231906,-256.949525925183,-2485.72642759326,9.25600060562822,-237.399753549106,-2483.19653745046
"OPTOTRAK _ C05 _ Right _ 4",10.7186705745452,-257.184913123453,-2486.06882221484,9.47445232273877,-237.740209099593,-2483.97613419667
"OPTOTRAK _ C05 _ Right _ 4",10.8756167025856,-257.54413764612,-2486.57176693441,10.4532005019283,-238.180749355738,-2486.81041701702
"OPTOTRAK _ C05 _ Right _ 4",10.5708449118132,-258.012884041082,-2487.18821644802,12.2165043593689,-238.697778082718,-2491.44264789921
"OPTOTRAK _ C05 _ Right _ 4",9.80634079559924,-258.569044329478,-2487.84823085859,14.7456585850664,-239.269116049211,-2497.49053756345
"OPTOTRAK _ C05 _ Right _ 4",8.61930489741069,-259.18362005963,-2488.47629879417,17.9283166582766,-239.871745228782,-2504.44660434699
"OPTOTRAK _ C05 _ Right _ 4",7.10101395764211,-259.82002610951,-2489.00805624741,21.5188709929143,-240.475454268024,-2511.68328555789
"OPTOTRAK _ C05 _ Right _ 4",5.40445547887528,-260.433679610666,-2489.40143254396,25.1345623485792,-241.036067365519,-2518.48040656691
"OPTOTRAK _ C05 _ Right _ 4",3.73379671780447,-260.973871836511,-2489.63977517386,28.3000087870759,-241.493584674687,-2524.08554229228
"OPTOTRAK _ C05 _ Right _ 4",2.31547940983432,-261.388933591257,-2489.72753536554,30.5347507231397,-241.779695833903,-2527.80658547855
"OPTOTRAK _ C05 _ Right _ 4",1.35732004582515,-261.634181352651,-2489.68151366871,31.4614854719356,-241.834956431301,-2529.12350741707
"OPTOTRAK _ C05 _ Right _ 4",1.00640820658472,-261.680836708482,-2489.52184823229,30.90274597812,-241.630070743603,-2527.79528925135
"OPTOTRAK _ C05 _ Right _ 4",1.31783168531958,-261.523505548689,-2489.26668920886,28.9339294978419,-241.181725911677,-2523.93154938115
"OPTOTRAK _ C05 _ Right _ 4",2.24382683261481,-261.183881228465,-2488.93277507172,25.871886487298,-240.554297056667,-2518.00092300623
"OPTOTRAK _ C05 _ Right _ 4",3.64695948134169,-260.708946491611,-2488.54113865795,22.1991753790231,-239.844790959207,-2510.76299592683
"OPTOTRAK _ C05 _ Right _ 4",5.33286168042417,-260.163158031511,-2488.12402114327,18.4481662493018,-239.156440373401,-2503.13533175751
"OPTOTRAK _ C05 _ Right _ 4",7.0910301240156,-259.615978252959,-2487.727612507,15.0854786919953,-238.571471755794,-2496.03184374678
"OPTOTRAK _ C05 _ Right _ 4",8.72984462637652,-259.128121519583,-2487.40678605815,12.435928497255,-238.13294792366,-2490.21968893126
"OPTOTRAK _ C05 _ Right _ 4",10.0959473240888,-258.740800014249,-2487.21203891178,10.6655488691572,-237.840751006519,-2486.23146917111
"OPTOTRAK _ C05 _ Right _ 4",11.076470712948,-258.471196806438,-2487.17315210969,9.81612710213177,-237.66123254716,-2484.34369548858
"OPTOTRAK _ C05 _ Right _ 4",11.5907289613474,-258.31474562984,-2487.28622563481,9.86369480174837,-237.545953911926,-2484.60635883259
"OPTOTRAK _ C05 _ Right _ 4",11.5817316365366,-258.252049354491,-2487.50974749875,10.768709137359,-237.452740016825,-2486.89485800059
"OPTOTRAK _ C05 _ Right _ 4",11.0159059199276,-258.256921134834,-2487.77201649998,12.4950932252171,-237.362082922857,-2490.95765739843
"OPTOTRAK _ C05 _ Right _ 4",9.89336823564926,-258.302603366117,-2487.98820253429,14.9925529639405,-237.283694593951,-2496.44572709331
"OPTOTRAK _ C05 _ Right _ 4",8.26424154108294,-258.365060013353,-2488.08209320478,18.1543630150636,-237.251136340833,-2502.92457478492
"OPTOTRAK _ C05 _ Right _ 4",6.24218571709413,-258.424071048724,-2488.00608388911,21.7744594843265,-237.306154976314,-2509.87944879754
"OPTOTRAK _ C05 _ Right _ 4",4.00643379962446,-258.46360960945,-2487.75353531988,25.5286991670085,-237.477951810601,-2516.72654571599
"OPTOTRAK _ C05 _ Right _ 4",1.78775953237584,-258.472434139853,-2487.35991961303,28.9955432676643,-237.765124410248,-2522.83985053057
"OPTOTRAK _ C05 _ Right _ 4",-0.16056231071683,-258.444694087005,-2486.89240754419,31.7162084942208,-238.127979595597,-2527.59812958694
"OPTOTRAK _ C05 _ Right _ 4",-1.60127610818152,-258.379673394604,-2486.43080831906,33.2802809512824,-238.495458920638,-2530.45138375671
"OPTOTRAK _ C05 _ Right _ 4",-2.35339206530932,-258.280134630457,-2486.04528369299,33.4142057200494,-238.785099966379,-2531.00027131456
"OPTOTRAK _ C05 _ Right _ 4",-2.32591674660295,-258.149770593144,-2485.77742292151,32.0479059133462,-238.928857814253,-2529.07498629461
"OPTOTRAK _ C05 _ Right _ 4",-1.5374155665672,-257.991141526102,-2485.63064323295,29.3389168499449,-238.894769630707,-2524.79340265027
"OPTOTRAK _ C05 _ Right _ 4",-0.11562642133033,-257.80540650534,-2485.57328393536,25.6439325795375,-238.695853307568,-2518.5762681845
"OPTOTRAK _ C05 _ Right _ 4",1.72477536713288,-257.594116218662,-2485.55356693772,21.4434834857129,-238.383201094095,-2511.10463801066
"OPTOTRAK _ C05 _ Right _ 4",3.72229174267416,-257.362106254579,-2485.5210900439,17.2422396177347,-238.027549341527,-2503.22236950446
"OPTOTRAK _ C05 _ Right _ 4",5.61657600607312,-257.12004434857,-2485.44672262251,13.4775091735171,-237.698429133585,-2495.80750853435
"OPTOTRAK _ C05 _ Right _ 4",7.19114944326191,-256.885640433222,-2485.3333661158,10.4647617251256,-237.449344163827,-2489.64843098185
"OPTOTRAK _ C05 _ Right _ 4",8.29995175367964,-256.683242833579,-2485.21399563825,8.39113122895949,-237.312429246082,-2485.35495463917
"OPTOTRAK _ C05 _ Right _ 4",8.87373854569856,-256.541743810329,-2485.13867845703,7.34499356142942,-237.300695139879,-2483.31463024193
"OPTOTRAK _ C05 _ Right _ 4",8.91042462330271,-256.4904166196,-2485.1561979824,7.35478023395641,-237.413255813446,-2483.68342058197
"OPTOTRAK _ C05 _ Right _ 4",8.45854709484135,-256.552308015854,-2485.29700717903,8.41043594569844,-237.639282888793,-2486.39059508971
"OPTOTRAK _ C05 _ Right _ 4",7.60290224443269,-256.735798627567,-2485.56273530374,10.4543092962216,-237.958748453724,-2491.1432916794
"OPTOTRAK _ C05 _ Right _ 4",6.4568261480136,-257.026611830583,-2485.92454025556,13.3471561135339,-238.340756294891,-2497.43090657771
"OPTOTRAK _ C05 _ Right _ 4",5.15938436744846,-257.383719792776,-2486.32945804194,16.8309119382177,-238.741995423571,-2504.5432080641
"OPTOTRAK _ C05 _ Right _ 4",3.8713378591339,-257.742196523402,-2486.71159874992,20.516113328932,-239.108050199648,-2511.62046188518
"OPTOTRAK _ C05 _ Right _ 4",2.763530718785,-258.02400280369,-2487.00432771372,23.9147947599914,-239.37948978973,-2517.74624451739
"OPTOTRAK _ C05 _ Right _ 4",1.99533098611709,-258.154853010413,-2487.15054883448,26.5213417646612,-239.503300356187,-2522.07761867959
"OPTOTRAK _ C05 _ Right _ 4",1.68666672665133,-258.082946473162,-2487.11014617176,27.9218818153238,-239.447995922162,-2523.98997450263
"OPTOTRAK _ C05 _ Right _ 4",1.89196205238942,-257.794303295192,-2486.86534260713,27.8972412348351,-239.217692237354,-2523.20187136655
"OPTOTRAK _ C05 _ Right _ 4",2.58564029484113,-257.319955270635,-2486.42517134995,26.4823818706146,-238.858336093225,-2519.84334600959
"OPTOTRAK _ C05 _ Right _ 4",3.66602885043282,-256.732140927789,-2485.82912798489,23.958265014392,-238.450695108572,-2514.44173611021
"OPTOTRAK _ C05 _ Right _ 4",4.97824288843226,-256.129607300052,-2485.1481005076,20.7763021172654,-238.090145337779,-2507.82120941038
"OPTOTRAK _ C05 _ Right _ 4",6.34930816657111,-255.615511872184,-2484.47939934417,17.4416180899893,-237.859835568534,-2500.93976065916
"OPTOTRAK _ C05 _ Right _ 4",7.62375083945557,-255.27413925382,-2483.93356564209,14.3970874182639,-237.807212060083,-2494.70911761511
"OPTOTRAK _ C05 _ Right _ 4",8.68782896004323,-255.15337576394,-2483.61374414818,11.9469882284426,-237.932327158846,-2489.84752887241
"OPTOTRAK _ C05 _ Right _ 4",9.47579143056249,-255.257935652504,-2483.5921888823,10.238998109001,-238.191566766821,-2486.79977470475
"OPTOTRAK _ C05 _ Right _ 4",9.95946679507309,-255.554376871402,-2483.8907282916,9.29779068701469,-238.515250371404,-2485.7314392452
"OPTOTRAK _ C05 _ Right _ 4",10.129134675172,-255.984794145911,-2484.47150889741,9.08550606866902,-238.83358596062,-2486.57957560475
"OPTOTRAK _ C05 _ Right _ 4",9.97597610586778,-256.48360729955,-2485.24139711519,9.55968926047727,-239.103231921777,-2489.1295049875
"OPTOTRAK _ C05 _ Right _ 4",9.48393439556758,-256.991930715759,-2486.0694011469,10.7062042930479,-239.326486394558,-2493.08922167228
"OPTOTRAK _ C05 _ Right _ 4",8.63345246157712,-257.466121668615,-2486.81284944646,12.5380568267972,-239.556809180323,-2498.14369591429
"OPTOTRAK _ C05 _ Right _ 4",7.41417657707723,-257.879920068123,-2487.34588305338,15.0653985201399,-239.887515678195,-2503.98388301315
"OPTOTRAK _ C05 _ Right _ 4",5.84068578638713,-258.221787723932,-2487.58358741004,18.2520284061206,-240.42464175524,-2510.31363770744
"OPTOTRAK _ C05 _ Right _ 4",3.96544897503367,-258.489951832452,-2487.49668838825,21.9761551734158,-241.249752873739,-2516.84049257662
"OPTOTRAK _ C05 _ Right _ 4",1.88551530355296,-258.687334823154,-2487.11441700305,26.0087625909925,-242.382740649144,-2523.25626798963
"OPTOTRAK _ C05 _ Right _ 4",-0.258170131579397,-258.817590856174,-2486.51587295564,30.0159909853342,-243.756504574766,-2529.21469956066
"OPTOTRAK _ C05 _ Right _ 4",-2.28892934039179,-258.882538048479,-2485.81226458228,33.5866866801177,-245.213483222618,-2534.31670965716
"OPTOTRAK _ C05 _ Right _ 4",-4.0102179667019,-258.88079291746,-2485.12364072246,36.2832027123801,-246.528616717726,-2538.11672894222
"OPTOTRAK _ C05 _ Right _ 4",-5.22924977050715,-258.807443599779,-2484.5544191196,37.7102479718743,-247.456023854885,-2540.16139675518
"OPTOTRAK _ C05 _ Right _ 4",-5.78683606002939,-258.654920669074,-2484.17240687497,37.5912663071264,-247.789089802304,-2540.06287023337
"OPTOTRAK _ C05 _ Right _ 4",-5.58892100554139,-258.415430068321,-2483.99600055482,35.8355976148818,-247.417524569375,-2537.59450947343
"OPTOTRAK _ C05 _ Right _ 4",-4.63220888908196,-258.085004152683,-2483.99332874725,32.5761934146305,-246.362759290403,-2532.78224590738
"OPTOTRAK _ C05 _ Right _ 4",-3.01510123582481,-257.668364192985,-2484.09467801434,28.161112391845,-244.777547009897,-2525.95788426417
"OPTOTRAK _ C05 _ Right _ 4",-0.92766553398078,-257.182883557577,-2484.21564539113,23.0943763248516,-242.907499176248,-2517.74717964637
"OPTOTRAK _ C05 _ Right _ 4",1.37934891455506,-256.65976313916,-2484.28426608005,17.9401013534661,-241.02745483718,-2508.98650234599
"OPTOTRAK _ C05 _ Right _ 4",3.63873145946893,-256.141444668812,-2484.26301863148,13.2197804691378,-239.375880163007,-2500.58932094306
"OPTOTRAK _ C05 _ Right _ 4",5.61133300605946,-255.675838165495,-2484.15793833913,9.33627505650195,-238.109399678016,-2493.40326175704
"OPTOTRAK _ C05 _ Right _ 4",7.11819782386341,-255.309133900268,-2484.01198954981,6.54519116150397,-237.288210253153,-2488.09840419463
"OPTOTRAK _ C05 _ Right _ 4",8.0533715336807,-255.079070608632,-2483.88604395482,4.97102508526547,-236.889378422862,-2485.1080771084
"OPTOTRAK _ C05 _ Right _ 4",8.37880178654116,-255.009694434221,-2483.83526142777,4.6451962123513,-236.836277293485,-2484.61754304334
"OPTOTRAK _ C05 _ Right _ 4",8.10948600941224,-255.107775155818,-2483.88961616506,5.53696527174131,-237.03075102681,-2486.57902584001
"OPTOTRAK _ C05 _ Right _ 4",7.29899939110012,-255.360920067843,-2484.04492266991,7.55791091135242,-237.377960506049,-2490.73096960555
"OPTOTRAK _ C05 _ Right _ 4",6.03220813371347,-255.737897225637,-2484.26636097649,10.5393030445961,-237.799285405329,-2496.6119101763
"OPTOTRAK _ C05 _ Right _ 4",4.42547998399116,-256.191907921413,-2484.501861252,14.1997135091271,-238.233805238794,-2503.5753720826
"OPTOTRAK _ C05 _ Right _ 4",2.62871712884101,-256.666958146928,-2484.69937973357,18.1294499538494,-238.632520739047,-2510.82226100177
"OPTOTRAK _ C05 _ Right _ 4",0.821344733347633,-257.106340158711,-2484.82127151029,21.8147340998899,-238.951310054645,-2517.46627075376
"OPTOTRAK _ C05 _ Right _ 4",-0.802969605848642,-257.461336264891,-2484.8509215965,24.7092404797979,-239.148441842184,-2522.63678694279
"OPTOTRAK _ C05 _ Right _ 4",-2.0623129597811,-257.698186768783,-2484.7906278036,26.340080954642,-239.189820545419,-2525.60783368014
"OPTOTRAK _ C05 _ Right _ 4",-2.81686648048473,-257.802089991245,-2484.65369333468,26.4181712527496,-239.060328628009,-2525.9270686849
"OPTOTRAK _ C05 _ Right _ 4",-2.99403867365372,-257.777979833221,-2484.45599414031,24.9161763869391,-238.774844387425,-2523.51099483263
"OPTOTRAK _ C05 _ Right _ 4",-2.59968050037025,-257.648467160136,-2484.2118876252,22.0842200199795,-238.381010681818,-2518.67522016255
"OPTOTRAK _ C05 _ Right _ 4",-1.71131399162828,-257.449444636466,-2483.9363973508,18.3930918600286,-237.949428002439,-2512.08332158165
"OPTOTRAK _ C05 _ Right _ 4",-0.45600207609193,-257.223744710334,-2483.65156654365,14.4205411910753,-237.553937349515,-2504.62200247448
"OPTOTRAK _ C05 _ Right _ 4",1.01861875039581,-257.013410498536,-2483.39187594901,10.7179200557462,-237.250413308958,-2497.23546466483
"OPTOTRAK _ C05 _ Right _ 4",2.56935160138142,-256.851800362728,-2483.20347330154,7.70148741577239,-237.063107711295,-2490.76646652564
"OPTOTRAK _ C05 _ Right _ 4",4.07034384012436,-256.757512251755,-2483.1349376986,5.60095544891169,-236.983339965394,-2485.84686707053
"OPTOTRAK _ C05 _ Right _ 4",5.41209033040902,-256.732214834491,-2483.22181182381,4.47302619669543,-236.979816653486,-2482.85804130705
"OPTOTRAK _ C05 _ Right _ 4",6.49171036440125,-256.763406517111,-2483.47071373686,4.26212720543621,-237.016044445138,-2481.95305704003
"OPTOTRAK _ C05 _ Right _ 4",7.20388691815694,-256.831190275965,-2483.84971361561,4.87549808300616,-237.068614212475,-2483.11202438815
"OPTOTRAK _ C05 _ Right _ 4",7.44140939959901,-256.916360242828,-2484.28961114285,6.23935563628963,-237.140004295166,-2486.19737984672
"OPTOTRAK _ C05 _ Right _ 4",7.10949306197938,-257.006486967464,-2484.69686858003,8.31460649616597,-237.260886697554,-2490.98584424361
"OPTOTRAK _ C05 _ Right _ 4",6.15121610825278,-257.097658427983,-2484.97487405627,11.0689617882565,-237.479788606086,-2497.17113214929
"OPTOTRAK _ C05 _ Right _ 4",4.57559521527302,-257.191621640823,-2485.04742295245,14.4208852025908,-237.841921474199,-2504.34746293166
"OPTOTRAK _ C05 _ Right _ 4",2.47758328111587,-257.290212661687,-2484.87770445243,18.1829576000069,-238.36316136656,-2511.99242016614
"OPTOTRAK _ C05 _ Right _ 4",0.0414577481867766,-257.390053058708,-2484.47765511983,22.0331611566894,-239.008392209585,-2519.46762363868
"OPTOTRAK _ C05 _ Right _ 4",-2.47574496966017,-257.480035646998,-2483.90544681256,25.5322092108492,-239.684146218625,-2526.05001583492
"OPTOTRAK _ C05 _ Right _ 4",-4.77854048922919,-257.542565626148,-2483.25200123848,28.1884738602343,-240.252203943458,-2530.99876633216
"OPTOTRAK _ C05 _ Right _ 4",-6.57878070609932,-257.557872512087,-2482.62003212551,29.5559585939734,-240.563615736359,-2533.65400786402
"OPTOTRAK _ C05 _ Right _ 4",-7.64426502981974,-257.509789163861,-2482.10096032338,29.3394537486094,-240.503964080087,-2533.5534672672
"OPTOTRAK _ C05 _ Right _ 4",-7.84040400046064,-257.391365365405,-2481.75591451476,27.476329280052,-240.034412096543,-2530.54249656002
"OPTOTRAK _ C05 _ Right _ 4",-7.15551524024244,-257.209074862536,-2481.60634458076,24.1678881923115,-239.21240871385,-2524.84600802851
"OPTOTRAK _ C05 _ Right _ 4",-5.70310854586041,-256.984619157542,-2481.6369511594,19.8461945368152,-238.182217554826,-2517.07317183429
"OPTOTRAK _ C05 _ Right _ 4",-3.70010207191577,-256.753419008702,-2481.80908853022,15.0831161265064,-237.137122178628,-2508.14125953739
"OPTOTRAK _ C05 _ Right _ 4",-1.42690503546818,-256.559387567354,-2482.07846055141,10.4698499314482,-236.267024899407,-2499.13093205804
"OPTOTRAK _ C05 _ Right _ 4",0.819324492037575,-256.446843327963,-2482.40929831805,6.5068155247854,-235.710583022575,-2491.11051369845
"OPTOTRAK _ C05 _ Right _ 4",2.76608016012065,-256.451875450561,-2482.77949079352,3.53782058193146,-235.527129268522,-2484.97708033187
"OPTOTRAK _ C05 _ Right _ 4",4.19369882112658,-256.595995385504,-2483.17616270968,1.74058190090552,-235.693877923643,-2481.35057763382
"OPTOTRAK _ C05 _ Right _ 4",4.94955667833996,-256.883887204862,-2483.58610373481,1.15975964617557,-236.124540076708,-2480.53098424185
"OPTOTRAK _ C05 _ Right _ 4",4.95331598140659,-257.305022677149,-2483.98761620024,1.75272459228622,-236.700096869027,-2482.50415378473
"OPTOTRAK _ C05 _ Right _ 4",4.19973509570863,-257.837106550145,-2484.34892002331,3.41932875885233,-237.301192295873,-2486.97221847023
"OPTOTRAK _ C05 _ Right _ 4",2.76232912117497,-258.448883932775,-2484.63436655128,6.00210334484918,-237.833247445121,-2493.39081735756
"OPTOTRAK _ C05 _ Right _ 4",0.795686114464147,-259.101032917437,-2484.81552893112,9.26380113139652,-238.238989983645,-2501.01009754984
"OPTOTRAK _ C05 _ Right _ 4",-1.46990095611647,-259.745911278496,-2484.88175017519,12.8652130258234,-238.497745109204,-2508.9289114371
"OPTOTRAK _ C05 _ Right _ 4",-3.7479601836486,-260.328472929881,-2484.84492986102,16.3700964824245,-238.615432201957,-2516.17467219044
"OPTOTRAK _ C05 _ Right _ 4",-5.73180197709311,-260.790669199717,-2484.73592117057,19.2935066611649,-238.612201762469,-2521.8138507055
"OPTOTRAK _ C05 _ Right _ 4",-7.14266661855886,-261.080086945093,-2484.59365219066,21.1895415787926,-238.514318517979,-2525.08410791298
"OPTOTRAK _ C05 _ Right _ 4",-7.77985704989364,-261.16135476589,-2484.45144350097,21.7540107954861,-238.352823364181,-2525.52445730411
"OPTOTRAK _ C05 _ Right _ 4",-7.55961576281742,-261.027027131932,-2484.32661561078,20.9060374264289,-238.165931517862,-2523.07029012615
"OPTOTRAK _ C05 _ Right _ 4",-6.53071945940585,-260.703936154507,-2484.21848175812,18.8155157700746,-237.99901709905,-2518.08061194301
"OPTOTRAK _ C05 _ Right _ 4",-4.86059099129565,-260.251764402733,-2484.11619525367,15.8611148693322,-237.897983920402,-2511.27887790522
"OPTOTRAK _ C05 _ Right _ 4",-2.79493482335848,-259.752894965767,-2484.01298860611,12.5305264029962,-237.897486587626,-2503.61490621451
"OPTOTRAK _ C05 _ Right _ 4",-0.603140572852597,-259.295828114461,-2483.91960062778,9.29912986898556,-238.010240193173,-2496.08412086811
"OPTOTRAK _ C05 _ Right _ 4",1.4733635710219,-258.957208833809,-2483.86948762628,6.53202057689472,-238.223705512463,-2489.55712825334
"OPTOTRAK _ C05 _ Right _ 4",3.25466642377859,-258.788216102565,-2483.9121655883,4.4417500854849,-238.50626633511,-2484.66674578831
"OPTOTRAK _ C05 _ Right _ 4",4.63082131101232,-258.809113797887,-2484.09666071987,3.10723241565353,-238.820315630151,-2481.77347694146
"OPTOTRAK _ C05 _ Right _ 4",5.5484352986233,-259.012120343402,-2484.45147920702,2.53303224494552,-239.137179048606,-2480.99847534972
"OPTOTRAK _ C05 _ Right _ 4",5.98646393268266,-259.369438949272,-2484.96880448949,2.71479758963875,-239.448695981649,-2482.29113583515
"OPTOTRAK _ C05 _ Right _ 4",5.93472237148372,-259.84205476069,-2485.59885707367,3.679008022152,-239.771701607136,-2485.49429054292
"OPTOTRAK _ C05 _ Right _ 4",5.3854030516966,-260.386078433709,-2486.25679070486,5.47939859498137,-240.143899859263,-2490.3814479157
"OPTOTRAK _ C05 _ Right _ 4",4.34086537252133,-260.955814932688,-2486.84049563006,8.15174436609994,-240.611905290318,-2496.65960359008
"OPTOTRAK _ C05 _ Right _ 4",2.83317825146411,-261.50471858833,-2487.25428276846,11.6464491898615,-241.213851455496,-2503.94874851151
"OPTOTRAK _ C05 _ Right _ 4",0.945539113533671,-261.986054669551,-2487.43155606711,15.7686696871999,-241.960003974135,-2511.7587377861
"OPTOTRAK _ C05 _ Right _ 4",-1.17516502851444,-262.354576631204,-2487.3498865114,20.1547149692419,-242.816027504097,-2519.48395377583
"OPTOTRAK _ C05 _ Right _ 4",-3.32191861763119,-262.569555884615,-2487.03428554324,24.3014690031102,-243.694962733337,-2526.42913860693
"OPTOTRAK _ C05 _ Right _ 4",-5.24892494130644,-262.598716766237,-2486.54806656068,27.6474784022449,-244.463997819943,-2531.87047594938
"OPTOTRAK _ C05 _ Right _ 4",-6.70714993601131,-262.422298472598,-2485.97430544521,29.6870000566576,-244.968876895582,-2535.14719688464
"OPTOTRAK _ C05 _ Right _ 4",-7.48677526177291,-262.036485857507,-2485.39357960995,30.086801899346,-245.072293359056,-2535.77065926525
"OPTOTRAK _ C05 _ Right _ 4",-7.45719352458227,-261.455595259739,-2484.86478667478,28.7721239363823,-244.695409301607,-2533.52952358103
"OPTOTRAK _ C05 _ Right _ 4",-6.59474193375652,-260.71250264806,-2484.4150893494,25.9539543742775,-243.84752279783,-2528.56323320856
"OPTOTRAK _ C05 _ Right _ 4",-4.99018320995222,-259.856808442435,-2484.04221316913,22.0849953992228,-242.631103644373,-2521.37635836683
"OPTOTRAK _ C05 _ Right _ 4",-2.83266130720518,-258.950320227377,-2483.72778488184,17.7540228791103,-241.218484019522,-2512.77828038915
"OPTOTRAK _ C05 _ Right _ 4",-0.373930254422977,-258.059971793625,-2483.45564849202,13.5507199869191,-239.808534915814,-2503.75572560427
"OPTOTRAK _ C05 _ Right _ 4",2.11649642532731,-257.24938897891,-2483.226562274,9.94522817340557,-238.57976049302,-2495.31090125453
"OPTOTRAK _ C05 _ Right _ 4",4.39163485857813,-256.571359213784,-2483.06220491851,7.22076888830605,-237.655699856364,-2488.31147269593
"OPTOTRAK _ C05 _ Right _ 4",6.2521175607397,-256.063497740061,-2482.99659252484,5.47467671990025,-237.090857750865,-2483.39110886376
"OPTOTRAK _ C05 _ Right _ 4",7.55311946984107,-255.748028496049,-2483.0590639557,4.6741303862466,-236.876253295654,-2480.91457375124
"OPTOTRAK _ C05 _ Right _ 4",8.1984450096349,-255.634488645843,-2483.25668501112,4.73239650848235,-236.957636472719,-2480.99399734792
"OPTOTRAK _ C05 _ Right _ 4",8.13180287791563,-255.722641674231,-2483.56372641583,5.56812353545145,-237.257621205149,-2483.52755307563
"OPTOTRAK _ C05 _ Right _ 4",7.33448182700091,-256.002949163101,-2483.92252215488,7.12296547643864,-237.694426940925,-2488.23364121038
"OPTOTRAK _ C05 _ Right _ 4",5.83315977764542,-256.453619237768,-2484.25541184122,9.33416357827743,-238.193039242736,-2494.66826424262
"OPTOTRAK _ C05 _ Right _ 4",3.71431009735903,-257.03561325183,-2484.48347340868,12.079906164236,-238.687968139266,-2502.23103128535
"OPTOTRAK _ C05 _ Right _ 4",1.13621385934127,-257.688825892463,-2484.54566417783,15.1285953957721,-239.119670796147,-2510.17727951927
"OPTOTRAK _ C05 _ Right _ 4",-1.6713373388338,-258.333016274154,-2484.41234020823,18.1233220834602,-239.429078221359,-2517.65571494284
"OPTOTRAK _ C05 _ Right _ 4",-4.42557620545606,-258.875698592383,-2484.08953926688,20.6193546946187,-239.556109112583,-2523.78340264462
"OPTOTRAK _ C05 _ Right _ 4",-6.82668309225421,-259.226662134503,-2483.61381804388,22.1707213864742,-239.447066598335,-2527.75661669694
"OPTOTRAK _ C05 _ Right _ 4",-8.60379970078764,-259.316168097023,-2483.04058025272,22.4410267254674,-239.071255217355,-2528.9813027509
"OPTOTRAK _ C05 _ Right _ 4",-9.56004023018827,-259.112170745334,-2482.43072929668,21.3015401723331,-238.440537774941,-2527.19459716555
"OPTOTRAK _ C05 _ Right _ 4",-9.60516447044916,-258.631634464628,-2481.84055498858,18.8806721637967,-237.621010401182,-2522.54294249203
"OPTOTRAK _ C05 _ Right _ 4",-8.76769236584245,-257.942142182816,-2481.31791217726,15.5436320396697,-236.727400471077,-2515.58690523699
"OPTOTRAK _ C05 _ Right _ 4",-7.18381683766064,-257.152197368927,-2480.90448843766,11.8054630198411,-235.898566455552,-2507.21992434483
"OPTOTRAK _ C05 _ Right _ 4",-5.06703301093419,-256.391515325629,-2480.64059255687,8.20608493134414,-235.26236284404,-2498.51466141455
"OPTOTRAK _ C05 _ Right _ 4",-2.66792293834832,-255.785622449076,-2480.56721731393,5.19113920780574,-234.903788980437,-2490.53642125623
"OPTOTRAK _ C05 _ Right _ 4",-0.235816122020208,-255.431265703227,-2480.72142225617,3.03908907140794,-234.84833637482,-2484.17523890336
"OPTOTRAK _ C05 _ Right _ 4",2.00821671109869,-255.379322929459,-2481.12499380671,1.8538584340823,-235.065018445149,-2480.03894769861
"OPTOTRAK _ C05 _ Right _ 4",3.8835767554166,-255.629605723531,-2481.77072540163,1.61379269607286,-235.485848582655,-2478.42319939347
"OPTOTRAK _ C05 _ Right _ 4",5.25090297105076,-256.137948636417,-2482.61290067599,2.24599426630624,-236.033817534203,-2479.34527547254
"OPTOTRAK _ C05 _ Right _ 4",6.00892208318874,-256.832003354055,-2483.5674204895,3.68905102363688,-236.649917040558,-2482.61076029146
"OPTOTRAK _ C05 _ Right _ 4",6.09456424179021,-257.629860997856,-2484.52331389439,5.91683849656982,-237.310604560602,-2487.88124325938
"OPTOTRAK _ C05 _ Right _ 4",5.48924735806076,-258.455743916598,-2485.36305100845,8.91533571827595,-238.029809858591,-2494.72313906406
"OPTOTRAK _ C05 _ Right _ 4",4.22871950572483,-259.249135887353,-2485.98590330212,12.6252720555636,-238.843851197884,-2502.63348797837
"OPTOTRAK _ C05 _ Right _ 4",2.41033254503094,-259.966697416681,-2486.32762927339,16.8782480168286,-239.782968220468,-2511.05013307209
"OPTOTRAK _ C05 _ Right _ 4",0.191948440185255,-260.578843200594,-2486.37118950632,21.357189082268,-240.838619923622,-2519.35793406003
"OPTOTRAK _ C05 _ Right _ 4",-2.21987326025779,-261.064080562746,-2486.14623884743,25.6028964652627,-241.939334398184,-2526.9019028675
"OPTOTRAK _ C05 _ Right _ 4",-4.59081646047152,-261.404034066878,-2485.71843028411,29.0720419788358,-242.947256055612,-2533.0160079231
"OPTOTRAK _ C05 _ Right _ 4",-6.68512376770145,-261.581068626295,-2485.1719740284,31.2353219279553,-243.6814423313,-2537.07392355746
"OPTOTRAK _ C05 _ Right _ 4",-8.29338104263859,-261.579260207816,-2484.59011270191,31.6922201983314,-243.964110451234,-2538.5632291155
"OPTOTRAK _ C05 _ Right _ 4",-9.25838438982052,-261.38851665284,-2484.03842598748,30.2723702171755,-243.676229726412,-2537.17561668563
"OPTOTRAK _ C05 _ Right _ 4",-9.49567708789882,-261.010859295361,-2483.55527049832,27.0937529748749,-242.803043763426,-2532.89390990975
"OPTOTRAK _ C05 _ Right _ 4",-9.00485329241204,-260.467020205804,-2483.1519560673,22.5564197250429,-241.451255520869,-2526.04740782936
"OPTOTRAK _ C05 _ Right _ 4",-7.86802333121236,-259.80069140605,-2482.82234267967,17.2672816847123,-239.828799572125,-2517.30724950977
"OPTOTRAK _ C05 _ Right _ 4",-6.23421416196324,-259.077620480165,-2482.55801148166,11.9132559688517,-238.192756240538,-2507.60756664633
"OPTOTRAK _ C05 _ Right _ 4",-4.29284437110359,-258.378003471089,-2482.36244523382,7.11913064803803,-236.784155264665,-2498.00351399044
"OPTOTRAK _ C05 _ Right _ 4",-2.24375078815291,-257.783221452688,-2482.25742030593,3.3338296564603,-235.772725714395,-2489.50281558092
"OPTOTRAK _ C05 _ Right _ 4",-0.272739497891062,-257.360682374574,-2482.27785739192,0.778666647575865,-235.228070514191,-2482.91875791594
"OPTOTRAK _ C05 _ Right _ 4",1.4612341790552,-257.151686058071,-2482.45665330125,-0.53352961025758,-235.121443986717,-2478.7818019495
"OPTOTRAK _ C05 _ Right _ 4",2.82724469861538,-257.165975265317,-2482.80587243933,-0.727270445730751,-235.351621324756,-2477.32026990275
"OPTOTRAK _ C05 _ Right _ 4",3.71794485595525,-257.383655749659,-2483.30253142982,0.0225907256056046,-235.783000017355,-2478.49377503105
"OPTOTRAK _ C05 _ Right _ 4",4.04804445204715,-257.762211901255,-2483.88530211547,1.55721587071731,-236.283608147222,-2482.04978171558
"OPTOTRAK _ C05 _ Right _ 4",3.76192901374095,-258.24500736646,-2484.46407670381,3.75703561750416,-236.753299315341,-2487.57707153672
"OPTOTRAK _ C05 _ Right _ 4",2.85065669965,-258.7683970846,-2484.93960406204,6.520232961479,-237.136615630142,-2494.54381245146
"OPTOTRAK _ C05 _ Right _ 4",1.37212757260322,-259.266604810926,-2485.22705410394,9.71420108054365,-237.419501928035,-2502.32285394401
"OPTOTRAK _ C05 _ Right _ 4",-0.535374121983083,-259.675475017874,-2485.27633063406,13.1287853530617,-237.613496175433,-2510.21556070768
"OPTOTRAK _ C05 _ Right _ 4",-2.65504899259842,-259.936962094825,-2485.08331583211,16.4586430414196,-237.73463845041,-2517.48609267744
"OPTOTRAK _ C05 _ Right _ 4",-4.71275503406557,-260.005445850193,-2484.68925786103,19.3290115374146,-237.786111460486,-2523.4132490279
"OPTOTRAK _ C05 _ Right _ 4",-6.41513802910029,-259.855266757472,-2484.1690367781,21.3609895428842,-237.752123664143,-2527.36044107721
"OPTOTRAK _ C05 _ Right _ 4",-7.49724349659856,-259.487367850497,-2483.61207505067,22.2570081887601,-237.605511294639,-2528.85767991992
"OPTOTRAK _ C05 _ Right _ 4",-7.76921958636452,-258.932481409526,-2483.1016182818,21.8793179590582,-237.325019664859,-2527.6826012606
"OPTOTRAK _ C05 _ Right _ 4",-7.15116112114986,-258.249050446528,-2482.6985677522,20.2952177502499,-236.913478539874,-2523.92124547696
"OPTOTRAK _ C05 _ Right _ 4",-5.68710885931172,-257.515537278806,-2482.43459220538,17.7720483348433,-236.407547514523,-2517.98686366427
"OPTOTRAK _ C05 _ Right _ 4",-3.53401084824202,-256.818302305053,-2482.31588862407,14.7211180692769,-235.873899022101,-2510.58099343908
"OPTOTRAK _ C05 _ Right _ 4",-0.928522326112535,-256.237447217913,-2482.33466690583,11.6082028029795,-235.393737522186,-2502.59702179549
"OPTOTRAK _ C05 _ Right _ 4",1.85842530658594,-255.833742658872,-2482.48212666706,8.86129772742398,-235.043375027395,-2494.98704353292
"OPTOTRAK _ C05 _ Right _ 4",4.5656848468731,-255.639774107055,-2482.75628876491,6.80643163322677,-234.879480772098,-2488.62681023352
"OPTOTRAK _ C05 _ Right _ 4",6.97293320671818,-255.657477815686,-2483.16101432659,5.64795521433073,-234.933528613089,-2484.21156495998
"OPTOTRAK _ C05 _ Right _ 4",8.91387398959482,-255.862386434749,-2483.69733313218,5.48778776248348,-235.214421169476,-2482.19832724487
"OPTOTRAK _ C05 _ Right _ 4",10.2750468899377,-256.212781370044,-2484.35216246645,6.36062059995561,-235.714805056858,-2482.78886889489
"OPTOTRAK _ C05 _ Right _ 4",10.9892535709233,-256.660436818939,-2485.09062085739,8.25796030595671,-236.416172400287,-2485.93503473634
"OPTOTRAK _ C05 _ Right _ 4",11.0328617656497,-257.159425039536,-2485.85618488939,11.1238771781484,-237.289589652685,-2491.34968185025
"OPTOTRAK _ C05 _ Right _ 4",10.4313130656421,-257.670648382811,-2486.57922299772,14.823379381865,-238.29161269036,-2498.5184370345
"OPTOTRAK _ C05 _ Right _ 4",9.26983034905784,-258.161805560703,-2487.19083653812,19.1020487687315,-239.357644337311,-2506.72068676713
"OPTOTRAK _ C05 _ Right _ 4",7.7006847773806,-258.604436989493,-2487.63693705835,23.5651205934164,-240.396978991967,-2515.07446328706
"OPTOTRAK _ C05 _ Right _ 4",5.93765829742025,-258.970702255122,-2487.88773555749,27.7004567277895,-241.294662716897,-2522.61597369664
"OPTOTRAK _ C05 _ Right _ 4",4.23298859723642,-259.232300596574,-2487.93999375453,30.9532472794403,-241.924471851692,-2528.41308747125
"OPTOTRAK _ C05 _ Right _ 4",2.83952398354345,-259.362711071412,-2487.81240831458,32.8378081902303,-242.173833260078,-2531.69876861279
"OPTOTRAK _ C05 _ Right _ 4",1.96719725821134,-259.342338227565,-2487.5370683052,33.0537638045604,-241.975457691499,-2532.00000339921
"OPTOTRAK _ C05 _ Right _ 4",1.745560083801,-259.164868632138,-2487.15110001282,31.5679957437829,-241.334479313039,-2529.23283908272
"OPTOTRAK _ C05 _ Right _ 4",2.2025020171509,-258.842567351952,-2486.69202417491,28.6324064362337,-240.338290329613,-2523.73633260968
"OPTOTRAK _ C05 _ Right _ 4",3.26446342296623,-258.408396674418,-2486.19816530843,24.7282014406453,-239.141709899247,-2516.2290698322
"OPTOTRAK _ C05 _ Right _ 4",4.77706610369292,-257.91356757073,-2485.71244039255,20.4532397567722,-237.930824375416,-2507.69132926432
"OPTOTRAK _ C05 _ Right _ 4",6.53901114085646,-257.420352279489,-2485.2854451298,16.3900254982133,-236.878731659605,-2499.19904540941
"OPTOTRAK _ C05 _ Right _ 4",8.33846140747591,-256.991582846536,-2484.97350512925,12.9982842909641,-236.109357348581,-2491.75240559389
"OPTOTRAK _ C05 _ Right _ 4",9.98168735795649,-256.679733980178,-2484.82981865346,10.563616515207,-235.680287989312,-2486.14223300039
"OPTOTRAK _ C05 _ Right _ 4",11.3085785872196,-256.518957667054,-2484.89081388237,9.20788826493497,-235.586580320864,-2482.87956440922
"OPTOTRAK _ C05 _ Right _ 4",12.196421540161,-256.522316068498,-2485.16307132005,8.94090773173778,-235.780100766768,-2482.18752377604
"OPTOTRAK _ C05 _ Right _ 4",12.5585391905523,-256.684157397446,-2485.61674165697,9.71921764550068,-236.195358801653,-2484.03393725041
"OPTOTRAK _ C05 _ Right _ 4",12.3453064554935,-256.985384785774,-2486.18905682595,11.4811457498977,-236.77257028735,-2488.17712961689
"OPTOTRAK _ C05 _ Right _ 4",11.5514811776806,-257.398544442481,-2486.79756116566,14.1435209953832,-237.470841677047,-2494.20539297764
"OPTOTRAK _ C05 _ Right _ 4",10.2279207699507,-257.890587015454,-2487.35893366975,17.5664075403281,-238.268076846209,-2501.56526658281
"OPTOTRAK _ C05 _ Right _ 4",8.49090050579139,-258.423157671729,-2487.80724797496,21.5092146983829,-239.148657687147,-2509.58617662153
"OPTOTRAK _ C05 _ Right _ 4",6.52109539278676,-258.952090695078,-2488.105907896,25.6076770635066,-240.08439636327,-2517.51372665421
"OPTOTRAK _ C05 _ Right _ 4",4.5474187866444,-259.428380919007,-2488.24998744102,29.3936571276534,-241.017722718548,-2524.56105173885
"OPTOTRAK _ C05 _ Right _ 4",2.81651162831923,-259.802095509114,-2488.25918402928,32.362033544225,-241.856798605724,-2529.98084381452
"OPTOTRAK _ C05 _ Right _ 4",1.55388365949049,-260.02915406161,-2488.16473627193,34.0694738473179,-242.488530365049,-2533.15331106253
"OPTOTRAK _ C05 _ Right _ 4",0.925553443503897,-260.079533534085,-2487.99550779359,34.236624522987,-242.807709269306,-2533.67845539317
"OPTOTRAK _ C05 _ Right _ 4",1.00920384711455,-259.944729896166,-2487.76858309562,32.8218818947661,-242.752091095802,-2531.45465949833
"OPTOTRAK _ C05 _ Right _ 4",1.78194887775636,-259.642234704586,-2487.48810890776,30.0414847707656,-242.328643939911,-2526.72132818985
"OPTOTRAK _ C05 _ Right _ 4",3.1282523159765,-259.215220721336,-2487.15297582718,26.3257079509395,-241.618538162501,-2520.04522285915
"OPTOTRAK _ C05 _ Right _ 4",4.86656161320654,-258.726581910025,-2486.77005001433,22.2213053656482,-240.757430375091,-2512.24190313647
"OPTOTRAK _ C05 _ Right _ 4",6.78760749874005,-258.248016107209,-2486.3665748107,18.2698492536594,-239.898820888755,-2504.24427869979
"OPTOTRAK _ C05 _ Right _ 4",8.69307383535566,-257.846699233545,-2485.99485575617,14.9016135589768,-239.175319017929,-2496.95120950325
"OPTOTRAK _ C05 _ Right _ 4",10.4229792872887,-257.573412943481,-2485.72523033414,12.3784980623955,-238.671801807332,-2491.09811206142
"OPTOTRAK _ C05 _ Right _ 4",11.8647501077188,-257.455774996534,-2485.62852145748,10.7983161266857,-238.417543631998,-2487.18169117844
"OPTOTRAK _ C05 _ Right _ 4",12.9449122750243,-257.498276469222,-2485.75410406098,10.1469242738861,-238.396334025534,-2485.44722518517
"OPTOTRAK _ C05 _ Right _ 4",13.6117603058891,-257.688058434565,-2486.11190251752,10.3672524479358,-238.567914544435,-2485.92281402243
"OPTOTRAK _ C05 _ Right _ 4",13.8206258594189,-258.003198810949,-2486.66522155097,11.4121960952651,-238.891648025685,-2488.47247397951
"OPTOTRAK _ C05 _ Right _ 4",13.5310715150444,-258.419747818412,-2487.33725370586,13.2596541646103,-239.343818264877,-2492.84220595727
"OPTOTRAK _ C05 _ Right _ 4",12.7187847622423,-258.914908726921,-2488.0292355307,15.8861513292029,-239.922642152965,-2498.68559991443
"OPTOTRAK _ C05 _ Right _ 4",11.3972759399377,-259.465861301071,-2488.6443091693,19.2134304489632,-240.639113836803,-2505.5702613751
"OPTOTRAK _ C05 _ Right _ 4",9.63920185735357,-260.045762326072,-2489.10946565514,23.0540904959122,-241.496470147564,-2512.97659223455
"OPTOTRAK _ C05 _ Right _ 4",7.58657097056549,-260.61963696147,-2489.3889830993,27.0836497977377,-242.465688671418,-2520.3034770043
"OPTOTRAK _ C05 _ Right _ 4",5.44316055379493,-261.142845216425,-2489.48595161068,30.8570304583684,-243.467662666611,-2526.89263121569
"OPTOTRAK _ C05 _ Right _ 4",3.44883702100556,-261.563723426225,-2489.43244934979,33.8716712400972,-244.372413989015,-2532.07777627817
"OPTOTRAK _ C05 _ Right _ 4",1.84122892062178,-261.830397909179,-2489.27234083662,35.6636675626908,-245.020513918062,-2535.25816516981
"OPTOTRAK _ C05 _ Right _ 4",0.813730532084297,-261.900285935641,-2489.04267912307,35.9122371786061,-245.262974359371,-2535.98828920927
"OPTOTRAK _ C05 _ Right _ 4",0.479949089310957,-261.749902516694,-2488.76002728965,34.5233632644591,-245.006958824577,-2534.06698058716
"OPTOTRAK _ C05 _ Right _ 4",0.853734359801982,-261.382407665832,-2488.41667057192,31.6664398245621,-244.250093147201,-2529.60193646985
"OPTOTRAK _ C05 _ Right _ 4",1.85082392285712,-260.830685486454,-2487.98873043084,27.7486967442013,-243.088906691827,-2523.02465508358
"OPTOTRAK _ C05 _ Right _ 4",3.31280159525728,-260.154475250353,-2487.4539615786,23.3301137367506,-241.696886184975,-2515.04040561644
"OPTOTRAK _ C05 _ Right _ 4",5.04721195887137,-259.431283612618,-2486.81271097484,19.0018500814966,-240.280412393634,-2506.51805231526
"OPTOTRAK _ C05 _ Right _ 4",6.87151121965428,-258.742623560829,-2486.10320387319,15.2656930139464,-239.029470232494,-2498.34770168022
"OPTOTRAK _ C05 _ Right _ 4",8.64622790202946,-258.159082092902,-2485.40373640524,12.4523795518031,-238.079839617316,-2491.30772619175
"OPTOTRAK _ C05 _ Right _ 4",10.286378734284,-257.728690481696,-2484.81937038725,10.7006146340906,-237.496010085282,-2485.97765149194
"OPTOTRAK _ C05 _ Right _ 4",11.7489557227235,-257.472118538199,-2484.45700014118,9.99347511823293,-237.274885472399,-2482.71159135179
"OPTOTRAK _ C05 _ Right _ 4",13.0043352797418,-257.385508601439,-2484.39708071829,10.2274038630284,-237.363861802326,-2481.66048450018
"OPTOTRAK _ C05 _ Right _ 4",14.0061707036492,-257.448650856319,-2484.67108102325,11.2804635019137,-237.68424508607,-2482.81401940052
"OPTOTRAK _ C05 _ Right _ 4",14.6748990075822,-257.634319378212,-2485.25123544388,13.051967283309,-238.151712010405,-2486.03195315175
"OPTOTRAK _ C05 _ Right _ 4",14.9044477854669,-257.914784533495,-2486.05503998367,15.4603340703841,-238.688716834163,-2491.04802703639
"OPTOTRAK _ C05 _ Right _ 4",14.5923214195227,-258.263417746467,-2486.96266374552,18.404097538901,-239.228074798001,-2497.450257304
"OPTOTRAK _ C05 _ Right _ 4",13.6832829626281,-258.65180115498,-2487.84195416395,21.7070583761429,-239.710688284403,-2504.65924499753
"OPTOTRAK _ C05 _ Right _ 4",12.2099235466098,-259.044821886606,-2488.57381242266,25.0776459862996,-240.082169061301,-2511.93325663709
"OPTOTRAK _ C05 _ Right _ 4",10.3126834822596,-259.397292185824,-2489.07120995098,28.1105171631635,-240.292631319574,-2518.4221208447
"OPTOTRAK _ C05 _ Right _ 4",8.22853517251038,-259.655378850861,-2489.28806953996,30.3438614099908,-240.3018348935,-2523.27440538973
"OPTOTRAK _ C05 _ Right _ 4",6.24923589314248,-259.764391374101,-2489.21834816679,31.3626334751763,-240.088955106914,-2525.78088123771
"OPTOTRAK _ C05 _ Right _ 4",4.66162439999457,-259.681605074166,-2488.88891060318,30.9153456222321,-239.663125526086,-2525.51973853023
"OPTOTRAK _ C05 _ Right _ 4",3.68875999175475,-259.389898370687,-2488.35078002345,29.0011366583879,-239.068710948466,-2522.46170084824
"OPTOTRAK _ C05 _ Right _ 4",3.44946516902061,-258.90658791996,-2487.6720289189,25.8913022931919,-238.3801201798,-2516.99983517453
"OPTOTRAK _ C05 _ Right _ 4",3.94610329295171,-258.282990533015,-2486.93292282641,22.0736826960137,-237.685827580494,-2509.88934169272
"OPTOTRAK _ C05 _ Right _ 4",5.07967872113719,-257.593716716998,-2486.22141934271,18.1391076716237,-237.06754707765,-2502.11113258463
"OPTOTRAK _ C05 _ Right _ 4",6.6820719750253,-256.918994787832,-2485.62617037001,14.6518168564793,-236.583439125993,-2494.69822941149
"OPTOTRAK _ C05 _ Right _ 4",8.55131199785686,-256.326352585209,-2485.22550197032,12.0487244723631,-236.261639785366,-2488.57368817675
"OPTOTRAK _ C05 _ Right _ 4",10.4786953385702,-255.858216818355,-2485.07384219556,10.5945026658392,-236.104811191144,-2484.4377403328
"OPTOTRAK _ C05 _ Right _ 4",12.2641658573652,-255.529318389251,-2485.18984773163,10.3915915705968,-236.101838509351,-2482.71680904662
"OPTOTRAK _ C05 _ Right _ 4",13.7240514404683,-255.333550111665,-2485.55111594611,11.4217117240733,-236.240897697764,-2483.56236260401
"OPTOTRAK _ C05 _ Right _ 4",14.6988376751712,-255.256098616242,-2486.09835222398,13.5879190896868,-236.518352313232,-2486.8752400794
"OPTOTRAK _ C05 _ Right _ 4",15.0667827912974,-255.284891910017,-2486.74834135559,16.734047787954,-236.939649651542,-2492.33425043542
"OPTOTRAK _ C05 _ Right _ 4",14.7635277587142,-255.416267864225,-2487.41181554824,20.6357381659909,-237.511269737149,-2499.42114529349
"OPTOTRAK _ C05 _ Right _ 4",13.8018046013211,-255.652746165133,-2488.01067662318,24.9761654528392,-238.226199247289,-2507.44806853911
"OPTOTRAK _ C05 _ Right _ 4",12.2822487479329,-255.994529860926,-2488.48958138182,29.3318453414653,-239.048363783211,-2515.60014431111
"OPTOTRAK _ C05 _ Right _ 4",10.3879389150241,-256.429213933025,-2488.81932013899,33.1932398719824,-239.903081465184,-2523.00254184045
"OPTOTRAK _ C05 _ Right _ 4",8.36073397946891,-256.924875431561,-2488.99258598944,36.0306448595604,-240.680128494207,-2528.81201635422
"OPTOTRAK _ C05 _ Right _ 4",6.46371859278893,-257.430121622847,-2489.01527801208,37.3946693666742,-241.252631115388,-2532.32348389358
"OPTOTRAK _ C05 _ Right _ 4",4.93818955877423,-257.881809859836,-2488.89757565131,37.0228720246279,-241.508784122136,-2533.07567230945
"OPTOTRAK _ C05 _ Right _ 4",3.96473790493559,-258.218399108157,-2488.64863730258,34.9173651025675,-241.386550072737,-2530.9359124501
"OPTOTRAK _ C05 _ Right _ 4",3.63688135200253,-258.395091940407,-2488.27727974929,31.3642283579865,-240.89787825814,-2526.14243730746
"OPTOTRAK _ C05 _ Right _ 4",3.9530521463529,-258.39626630693,-2487.7986754123,26.8821826662686,-240.131604732959,-2519.28572698205
"OPTOTRAK _ C05 _ Right _ 4",4.82842670598101,-258.241176332799,-2487.24426936843,22.1108358037189,-239.23266314464,-2511.22216754175
"OPTOTRAK _ C05 _ Right _ 4",6.12226261294835,-257.98063381527,-2486.66964365015,17.6709699753522,-238.365230491011,-2502.93335071537
"OPTOTRAK _ C05 _ Right _ 4",7.67091655418538,-257.68525751997,-2486.1544755224,14.0413063234878,-237.673277979803,-2495.36507146349
"OPTOTRAK _ C05 _ Right _ 4",9.31472007411361,-257.428984718433,-2485.79121358908,11.4902647662874,-237.251025285303,-2489.28936107111
"OPTOTRAK _ C05 _ Right _ 4",10.9104479677913,-257.273317048961,-2485.66403251347,10.0782736933978,-237.130125769859,-2485.22327328698
"OPTOTRAK _ C05 _ Right _ 4",12.3288995818518,-257.257105553553,-2485.82453757868,9.71744821781265,-237.284047470851,-2483.41406919538
"OPTOTRAK _ C05 _ Right _ 4",13.4449481758622,-257.393892171826,-2486.27287531242,10.2554314506197,-237.64542221501,-2483.87538845798
"OPTOTRAK _ C05 _ Right _ 4",14.1311735680827,-257.675513232335,-2486.95137256808,11.5465949184035,-238.129599822051,-2486.44522253562
"OPTOTRAK _ C05 _ Right _ 4",14.2642182087005,-258.078554191414,-2487.75358604234,13.4847637034103,-238.657221430489,-2490.83794002233
"OPTOTRAK _ C05 _ Right _ 4",13.746458772163,-258.570118410997,-2488.54657254548,15.9903108657104,-239.170012380371,-2496.67513467819
"OPTOTRAK _ C05 _ Right _ 4",12.5374847644595,-259.110910328446,-2489.20002033626,18.9636778658621,-239.636458242467,-2503.49570946414
"OPTOTRAK _ C05 _ Right _ 4",10.6838280000253,-259.655849930775,-2489.61390916421,22.2310287846473,-240.046892584115,-2510.75703186726
"OPTOTRAK _ C05 _ Right _ 4",8.33417571709676,-260.154201298347,-2489.7371931183,25.5111994968208,-240.400632852618,-2517.84275778668
"OPTOTRAK _ C05 _ Right _ 4",5.7314905406571,-260.551654443146,-2489.57316133416,28.4248272219905,-240.690914155954,-2524.09009502
"OPTOTRAK _ C05 _ Right _ 4",3.18097670530697,-260.795793135894,-2489.17128894304,30.5499233649073,-240.895148737635,-2528.8429829998
"OPTOTRAK _ C05 _ Right _ 4",1.00032179190776,-260.844601108437,-2488.60914824324,31.5103154038201,-240.976524943873,-2531.52997904174
"OPTOTRAK _ C05 _ Right _ 4",-0.536382415881712,-260.676126695015,-2487.97045099199,31.0709384322343,-240.897748252394,-2531.75689762543
"OPTOTRAK _ C05 _ Right _ 4",-1.24790910001946,-260.296735756631,-2487.32613474931,29.2099357080899,-240.641186793676,-2529.39501014042
"OPTOTRAK _ C05 _ Right _ 4",-1.07652531948279,-259.745438865781,-2486.7242887077,26.1423035005503,-240.225616901862,-2524.63888267913
"OPTOTRAK _ C05 _ Right _ 4",-0.0923392879911573,-259.092252393963,-2486.19149284167,22.2830262441044,-239.71090901889,-2518.00898422752
"OPTOTRAK _ C05 _ Right _ 4",1.52939773975816,-258.429497577942,-2485.7434613473,18.1573466197982,-239.188088689695,-2510.28707975759
"OPTOTRAK _ C05 _ Right _ 4",3.55061064465123,-257.856715061477,-2485.39861092569,14.2859945365179,-238.759555202983,-2502.39495787725
"OPTOTRAK _ C05 _ Right _ 4",5.71851247775116,-257.462311059761,-2485.18670565567,11.0842060540667,-238.518016064071,-2495.2490031925
"OPTOTRAK _ C05 _ Right _ 4",7.80452272902331,-257.306982574624,-2485.14726857142,8.80742814797451,-238.531082284686,-2489.63149490574
"OPTOTRAK _ C05 _ Right _ 4",9.62433880548564,-257.413943734652,-2485.31779611286,7.55492763356786,-238.834026080933,-2486.10844953062
"OPTOTRAK _ C05 _ Right _ 4",11.0388999402315,-257.768587591253,-2485.71697152366,7.31650554447127,-239.429496209073,-2485.00019088253
"OPTOTRAK _ C05 _ Right _ 4",11.9445863228546,-258.326600992832,-2486.33036746438,8.03103959218322,-240.29127507728,-2486.38905807362
"OPTOTRAK _ C05 _ Right _ 4",12.2645755218014,-259.026568282083,-2487.10486264019,9.62541495886788,-241.368960407057,-2490.14002410316
"OPTOTRAK _ C05 _ Right _ 4",11.9505180893631,-259.802093199298,-2487.9543340335,12.0160360437583,-242.591328489927,-2495.91639206421
"OPTOTRAK _ C05 _ Right _ 4",10.9964167240125,-260.589631384221,-2488.77492348476,15.0752150701455,-243.867809978599,-2503.18797897112
"OPTOTRAK _ C05 _ Right _ 4",9.45847072617382,-261.330826177709,-2489.46488919652,18.5833170161861,-245.089414115676,-2511.24385738524
"OPTOTRAK _ C05 _ Right _ 4",7.46956582301445,-261.971007548546,-2489.94283258766,22.1973882922842,-246.131982089729,-2519.22808379393
"OPTOTRAK _ C05 _ Right _ 4",5.23756306582514,-262.457390919397,-2490.15928208873,25.4632779150746,-246.865390149059,-2526.21233610039
"OPTOTRAK _ C05 _ Right _ 4",3.02238636458647,-262.740501349384,-2490.09955517792,27.8814295317681,-247.1714869364,-2531.30686549073
"OPTOTRAK _ C05 _ Right _ 4",1.0952148542366,-262.78046824474,-2489.77914409263,29.0134240236328,-246.970133241204,-2533.79602562084
"OPTOTRAK _ C05 _ Right _ 4",-0.309949951470651,-262.557079433361,-2489.23526546687,28.5968852823319,-246.247062830505,-2533.27165251515
"OPTOTRAK _ C05 _ Right _ 4",-1.03899111311002,-262.080153100514,-2488.51892506763,26.628414371695,-245.072399878801,-2529.73025710766
"OPTOTRAK _ C05 _ Right _ 4",-1.04278361052408,-261.395775883827,-2487.69068499042,23.3813313442364,-243.598747897238,-2523.60173436872
"OPTOTRAK _ C05 _ Right _ 4",-0.378265224591443,-260.58458467375,-2486.82057406591,19.3461930585105,-242.034643045979,-2515.69095125035
"OPTOTRAK _ C05 _ Right _ 4",0.813166238545152,-259.750484240113,-2485.9892699564,15.110830039314,-240.599909020903,-2507.03822815761
"OPTOTRAK _ C05 _ Right _ 4",2.34112332231604,-259.001555194507,-2485.28566026705,11.2210191138457,-239.477703213532,-2498.73241786508
"OPTOTRAK _ C05 _ Right _ 4",4.00286884939222,-258.42830235433,-2484.79691773617,8.07037966316807,-238.778826873353,-2491.72780974123
"OPTOTRAK _ C05 _ Right _ 4",5.61000731089705,-258.086157488109,-2484.59130152036,5.85393570659894,-238.527664336079,-2486.71311088605
"OPTOTRAK _ C05 _ Right _ 4",7.00033346518185,-257.988032922557,-2484.69873126232,4.5913868541008,-238.670671873236,-2484.05818965586
"OPTOTRAK _ C05 _ Right _ 4",8.03754968388123,-258.108935883563,-2485.09675501376,4.19825254616478,-239.101861291084,-2483.83438537055
"OPTOTRAK _ C05 _ Right _ 4",8.60677118788957,-258.399936957924,-2485.70833847897,4.56801624354653,-239.696363260951,-2485.8817321294
"OPTOTRAK _ C05 _ Right _ 4",8.61428133950545,-258.805393463034,-2486.41376059138,5.62989749418958,-240.342387480327,-2489.88933863353
"OPTOTRAK _ C05 _ Right _ 4",7.9960851468611,-259.276764745963,-2487.0739832247,7.36125739655145,-240.96324784114,-2495.46213012261
"OPTOTRAK _ C05 _ Right _ 4",6.73375110304523,-259.778680555244,-2487.55921926834,9.75409228046066,-241.524232293625,-2502.16120192985
"OPTOTRAK _ C05 _ Right _ 4",4.87100262587835,-260.286830714251,-2487.77514897419,12.7540686295893,-242.023417213274,-2509.51847101578
"OPTOTRAK _ C05 _ Right _ 4",2.52303777366229,-260.780753440462,-2487.68038156433,16.201168915472,-242.470437299436,-2517.03469943557
"OPTOTRAK _ C05 _ Right _ 4",-0.126865776799134,-261.236126653307,-2487.29157336592,19.799535363445,-242.86178240777,-2524.17329338121
"OPTOTRAK _ C05 _ Right _ 4",-2.84414234437237,-261.620433860656,-2486.67595996601,23.1325184761975,-243.163541837561,-2530.3628127834
"OPTOTRAK _ C05 _ Right _ 4",-5.36975835996881,-261.893865998117,-2485.93395250412,25.7235132398211,-243.310627435137,-2535.02006214359
"OPTOTRAK _ C05 _ Right _ 4",-7.45200928350529,-262.015295784535,-2485.17637654442,27.1294976811884,-243.225241310359,-2537.60185449915
"OPTOTRAK _ C05 _ Right _ 4",-8.87844768315383,-261.951777625395,-2484.50180996549,27.0444633273075,-242.849107667032,-2537.68523127361
"OPTOTRAK _ C05 _ Right _ 4",-9.50373792169111,-261.689234372754,-2483.97934543346,25.384778687956,-242.177127930012,-2535.06332116121
"OPTOTRAK _ C05 _ Right _ 4",-9.26948931751563,-261.241490549053,-2483.64086157663,22.3295878014877,-241.277566090509,-2529.83107910852
"OPTOTRAK _ C05 _ Right _ 4",-8.21238245128549,-260.654559511383,-2483.48438380309,18.2987764628089,-240.287619328132,-2522.42871226024
"OPTOTRAK _ C05 _ Right _ 4",-6.45821675104833,-260.003526193567,-2483.48662586433,13.8688073288021,-239.383052012724,-2513.61696560127
"OPTOTRAK _ C05 _ Right _ 4",-4.20246019768054,-259.381066479164,-2483.61940234078,9.64825539883652,-238.732307036869,-2504.37856278935
"OPTOTRAK _ C05 _ Right _ 4",-1.68170657019528,-258.879569134184,-2483.86294580008,6.15120765087433,-238.452361501867,-2495.76663199947
"OPTOTRAK _ C05 _ Right _ 4",0.856839939037168,-258.571815483687,-2484.21054164691,3.70848864423522,-238.581365526293,-2488.74058665422
"OPTOTRAK _ C05 _ Right _ 4",3.18099122102049,-258.496430597322,-2484.66305824442,2.44080838441198,-239.074187507964,-2484.03150862028
"OPTOTRAK _ C05 _ Right _ 4",5.09092270898857,-258.652740028771,-2485.2168488438,2.29154384210492,-239.81791244643,-2482.06214612454
"OPTOTRAK _ C05 _ Right _ 4",6.42972147282438,-259.00582306173,-2485.85153971458,3.09380800761603,-240.659597244476,-2482.92248152113
"OPTOTRAK _ C05 _ Right _ 4",7.09196453620908,-259.498433961428,-2486.52397129357,4.63785951200879,-241.438081420755,-2486.3849412128
"OPTOTRAK _ C05 _ Right _ 4",7.03473655388058,-260.064200502918,-2487.17145449814,6.71257500821018,-242.013183411979,-2491.94111315594
"OPTOTRAK _ C05 _ Right _ 4",6.2912682031565,-260.637141128955,-2487.72326426025,9.1125466625617,-242.287623376165,-2498.85129217096
"OPTOTRAK _ C05 _ Right _ 4",4.981768574286,-261.155551136888,-2488.11591525322,11.6215863806821,-242.21895804016,-2506.20999235542
"OPTOTRAK _ C05 _ Right _ 4",3.31264480654429,-261.561997767643,-2488.30664575474,13.9958417805011,-241.820697525282,-2513.03575304493
"OPTOTRAK _ C05 _ Right _ 4",1.55684200277651,-261.803504403403,-2488.28091075998,15.9695629700531,-241.153855846878,-2518.3883698913
"OPTOTRAK _ C05 _ Right _ 4",0.0144673267015474,-261.835668819726,-2488.05260539713,17.2932221298443,-240.312237896121,-2521.5038117106
"OPTOTRAK _ C05 _ Right _ 4",-1.0388231632865,-261.631647575797,-2487.65869687264,17.7938373242953,-239.405602201425,-2521.92313776105
"OPTOTRAK _ C05 _ Right _ 4",-1.40218718809738,-261.19329245914,-2487.15169677871,17.4319431935173,-238.543652000227,-2519.58348584825
"OPTOTRAK _ C05 _ Right _ 4",-0.984405557302517,-260.559283739661,-2486.59335693195,16.3272381653291,-237.821872193266,-2514.84145738887
"OPTOTRAK _ C05 _ Right _ 4",0.186387820526404,-259.805171802155,-2486.05117295409,14.7370992582415,-237.30978805394,-2508.41387678043
"OPTOTRAK _ C05 _ Right _ 4",1.97902014628684,-259.032897348743,-2485.59654389911,12.9932916748185,-237.043415471525,-2501.24524075185
"OPTOTRAK _ C05 _ Right _ 4",4.19363660156015,-258.351532879629,-2485.30136434097,11.4217731598392,-237.024144129786,-2494.33619383066
"OPTOTRAK _ C05 _ Right _ 4",6.60074415864476,-257.85481160525,-2485.2300696149,10.2775955594639,-237.224480582225,-2488.58035005116
"OPTOTRAK _ C05 _ Right _ 4",8.97253729989222,-257.602614550636,-2485.42700717248,9.71717350255938,-237.598425956775,-2484.64963193738
"OPTOTRAK _ C05 _ Right _ 4",11.1006775510824,-257.612118804288,-2485.90273386673,9.80980729752318,-238.093108073544,-2482.94484975276
"OPTOTRAK _ C05 _ Right _ 4",12.802986657216,-257.860500258673,-2486.62492385762,10.5716306838601,-238.658893670769,-2483.60202051719
"OPTOTRAK _ C05 _ Right _ 4",13.9269418920182,-258.296798692573,-2487.51872933092,11.9973884151107,-239.256223718905,-2486.5290851532
"OPTOTRAK _ C05 _ Right _ 4",14.3579254166251,-258.857650664707,-2488.47823373871,14.0701842075461,-239.858078139705,-2491.44719087313
"OPTOTRAK _ C05 _ Right _ 4",14.0353791873357,-259.481025968849,-2489.3865825169,16.7425487528895,-240.447577911943,-2497.92192957001
"OPTOTRAK _ C05 _ Right _ 4",12.973146258365,-260.113781160915,-2490.13904106077,19.8979425659154,-241.011190933262,-2505.38472252213
"OPTOTRAK _ C05 _ Right _ 4",11.2750056685831,-260.711963848541,-2490.66195464035,23.3139450310693,-241.529385163994,-2513.1550825876
"OPTOTRAK _ C05 _ Right _ 4",9.13560778909429,-261.236093913764,-2490.92204784148,26.6514703512323,-241.968143053043,-2520.47691873175
"OPTOTRAK _ C05 _ Right _ 4",6.82119809120097,-261.645711441132,-2490.92413578485,29.4861286768715,-242.275854890219,-2526.57744816065
"OPTOTRAK _ C05 _ Right _ 4",4.63145942695545,-261.897449292772,-2490.69948373177,31.381471129768,-242.389507069228,-2530.74928801174
"OPTOTRAK _ C05 _ Right _ 4",2.85021470155755,-261.948952713965,-2490.2900583449,31.9866323378155,-242.250822229832,-2532.44776087637
"OPTOTRAK _ C05 _ Right _ 4",1.69647885589664,-261.768164774814,-2489.73488823894,31.129684599852,-241.827939176843,-2531.38735643404
"OPTOTRAK _ C05 _ Right _ 4",1.28796270276855,-261.3450023283,-2489.06364693188,28.8761603911724,-241.13412591062,-2527.61463371569
"OPTOTRAK _ C05 _ Right _ 4",1.62667000397304,-260.701075329024,-2488.29974868233,25.5302621743035,-240.234767550987,-2521.53274364428
"OPTOTRAK _ C05 _ Right _ 4",2.61064211279862,-259.893232979725,-2487.47131214231,21.5732930190582,-239.238298642298,-2513.8596921971
"OPTOTRAK _ C05 _ Right _ 4",4.06791918302112,-259.0084147016,-2486.62443345908,17.5557555187332,-238.273767513413,-2505.52014732731
"OPTOTRAK _ C05 _ Right _ 4",5.80098687824527,-258.150215783237,-2485.8311331529,13.977804539443,-237.463259268531,-2497.49369396417
"OPTOTRAK _ C05 _ Right _ 4",7.62620132231366,-257.420771221867,-2485.18575313722,11.1974766335138,-236.898330483533,-2490.65946963991
"OPTOTRAK _ C05 _ Right _ 4",9.39557158375647,-256.903511491335,-2484.78844383506,9.39344245281132,-236.626364816084,-2485.67780331617
"OPTOTRAK _ C05 _ Right _ 4",10.9969460276751,-256.651901299312,-2484.72041522912,8.58523899466717,-236.648419278532,-2482.93298219528
"OPTOTRAK _ C05 _ Right _ 4",12.338811963693,-256.68659906805,-2485.01969003471,8.69162219824859,-236.927006299527,-2482.53707745289
"OPTOTRAK _ C05 _ Right _ 4",13.3325168149451,-257.000014378394,-2485.66630164683,9.59677955861664,-237.400519759354,-2484.37543761455
"OPTOTRAK _ C05 _ Right _ 4",13.8848251807106,-257.56469665598,-2486.5824903002,11.1967412546463,-238.000107797432,-2488.16745330519
"OPTOTRAK _ C05 _ Right _ 4",13.9077379893324,-258.341305799939,-2487.64818051041,13.410514272113,-238.664599055181,-2493.52110776909
"OPTOTRAK _ C05 _ Right _ 4",13.3434754316298,-259.283034513472,-2488.72688149781,16.1565514848814,-239.349700739617,-2499.97098872153
"OPTOTRAK _ C05 _ Right _ 4",12.1946166275401,-260.335589743964,-2489.69386243521,19.3097212300144,-240.029119980555,-2507.00034142464
"OPTOTRAK _ C05 _ Right _ 4",10.5461022334778,-261.43427956347,-2490.45815518719,22.6621467879137,-240.687558824546,-2514.05452748295
"OPTOTRAK _ C05 _ Right _ 4",8.56842523703227,-262.501434922039,-2490.97266940416,25.9100595276762,-241.308594553892,-2520.55562587551
"OPTOTRAK _ C05 _ Right _ 4",6.49825301535154,-263.447615584295,-2491.23118994144,28.6787721163283,-241.863306755139,-2525.92737794065
"OPTOTRAK _ C05 _ Right _ 4",4.60050247975904,-264.178730578946,-2491.25538454804,30.5835986808066,-242.306217806441,-2529.63706364947
"OPTOTRAK _ C05 _ Right _ 4",3.12145290662171,-264.608948145139,-2491.07776935364,31.311666428704,-242.582318590142,-2531.25565530057
"OPTOTRAK _ C05 _ Right _ 4",2.24458372130681,-264.676964475616,-2490.72732074446,30.7015868977465,-242.643571269593,-2530.52933226453
"OPTOTRAK _ C05 _ Right _ 4",2.05980765648112,-264.361573501969,-2490.22312011653,28.7961825931989,-242.468183585652,-2527.4459271586
"OPTOTRAK _ C05 _ Right _ 4",2.55340385145256,-263.691945959537,-2489.57837572654,25.8487912041215,-242.074038435571,-2522.27355954054
"OPTOTRAK _ C05 _ Right _ 4",3.62078411540384,-262.748770901854,-2488.81301667375,22.2765361451432,-241.520168823337,-2515.55084403639
"OPTOTRAK _ C05 _ Right _ 4",5.09794331301697,-261.654451398125,-2487.96901422334,18.5719407767439,-240.895781841023,-2508.0209305061
"OPTOTRAK _ C05 _ Right _ 4",6.80162860063197,-260.553559304229,-2487.12040502846,15.2006172514464,-240.301631401372,-2500.52134195481
"OPTOTRAK _ C05 _ Right _ 4",8.56530335078668,-259.587879958212,-2486.37119485706,12.5188030202177,-239.830405303236,-2493.8585969969
"OPTOTRAK _ C05 _ Right _ 4",10.2598289459521,-258.872354065189,-2485.83899670391,10.7354364932764,-239.551130981511,-2488.70127566189
"OPTOTRAK _ C05 _ Right _ 4",11.7943807637609,-258.478008018035,-2485.62845383859,9.92307237818331,-239.499895427469,-2485.51463911614
"OPTOTRAK _ C05 _ Right _ 4",13.101836233684,-258.425461076296,-2485.80317334383,10.061192374952,-239.677339455529,-2484.54052320922
"OPTOTRAK _ C05 _ Right _ 4",14.1196628734383,-258.688899685922,-2486.36583988954,11.0848148674181,-240.052319139245,-2485.80903686527
"OPTOTRAK _ C05 _ Right _ 4",14.7789127910154,-259.20721302462,-2487.25324433991,12.9140758426843,-240.57015922195,-2489.16183601764
"OPTOTRAK _ C05 _ Right _ 4",15.0096046319015,-259.89757802256,-2488.3477207022,15.4530482801736,-241.163117117933,-2494.2717293892
"OPTOTRAK _ C05 _ Right _ 4",14.7625771011698,-260.667431044154,-2489.50109138002,18.5622418072162,-241.760435544725,-2500.65546080913
"OPTOTRAK _ C05 _ Right _ 4",14.0393846593567,-261.422844507932,-2490.56354712994,22.0229709090269,-242.295849526762,-2507.68851728318
"OPTOTRAK _ C05 _ Right _ 4",12.916655357273,-262.073793836262,-2491.40910079635,25.5181081215438,-242.711625515425,-2514.63662349127
"OPTOTRAK _ C05 _ Right _ 4",11.5520189497188,-262.538552018784,-2491.95146787189,28.6495769120092,-242.960009607132,-2520.71579163276
"OPTOTRAK _ C05 _ Right _ 4",10.1652000287684,-262.749681540631,-2492.14836072697,30.9989014502738,-243.00463189565,-2525.18307486214
"OPTOTRAK _ C05 _ Right _ 4",8.99733838311676,-262.662701785551,-2491.99642791526,32.2184142209363,-242.824542601461,-2527.4474272279
"OPTOTRAK _ C05 _ Right _ 4",8.26003215020556,-262.266203077145,-2491.52179426692,32.1251382006071,-242.421250100663,-2527.17837236868
"OPTOTRAK _ C05 _ Right _ 4",8.08989300374664,-261.590090162219,-2490.77155091252,30.7635440953994,-241.825594686984,-2524.38324998134
"OPTOTRAK _ C05 _ Right _ 4",8.52319322704641,-260.707776693302,-2489.80966898986,28.4103999626067,-241.09942669146,-2519.42537885252
"OPTOTRAK _ C05 _ Right _ 4",9.49864050202579,-259.72908860694,-2488.71742219503,25.5137767183739,-240.328867928929,-2512.96831433615
"OPTOTRAK _ C05 _ Right _ 4",10.8862294258677,-258.783360330871,-2487.59491642509,22.5831899171459,-239.610361566767,-2505.85411480174
"OPTOTRAK _ C05 _ Right _ 4",12.5302064544775,-257.995936592719,-2486.55860129663,20.0682610196599,-239.034412414969,-2498.94796583209
"OPTOTRAK _ C05 _ Right _ 4",14.2890776668883,-257.464420272754,-2485.73101948693,18.2680664751958,-238.672455371119,-2492.99503623448
"OPTOTRAK _ C05 _ Right _ 4",16.0580984837038,-257.241780116533,-2485.22307513995,17.2989671599922,-238.570136037124,-2488.52934767627
"OPTOTRAK _ C05 _ Right _ 4",17.7685311993807,-257.331168656558,-2485.11340226217,17.1231897925843,-238.747392218484,-2485.85128549196
"OPTOTRAK _ C05 _ Right _ 4",19.3684715566228,-257.693034504679,-2485.43140331644,17.6174521717783,-239.203313225511,-2485.06250964735
"OPTOTRAK _ C05 _ Right _ 4",20.7973399079603,-258.260928011429,-2486.1493832938,18.6497966832428,-239.922282216307,-2486.12772619898
"OPTOTRAK _ C05 _ Right _ 4",21.9677423878557,-258.960080756196,-2487.18610966532,20.1345766892666,-240.877851737905,-2488.92887714721
"OPTOTRAK _ C05 _ Right _ 4",22.7646705231396,-259.722976820515,-2488.42083314449,22.0465084118098,-242.032364474662,-2493.28791631191
"OPTOTRAK _ C05 _ Right _ 4",23.0649295230249,-260.498135162619,-2489.71430450346,24.3904908666991,-243.332858667704,-2498.95336084921
"OPTOTRAK _ C05 _ Right _ 4",22.7717456784809,-261.251070796625,-2490.93182978957,27.1404734399532,-244.706047280198,-2505.56501425917
"OPTOTRAK _ C05 _ Right _ 4",21.853094209507,-261.958957758649,-2491.96303565534,30.1736503097119,-246.056087750812,-2512.62317551695
"OPTOTRAK _ C05 _ Right _ 4",20.3695747518572,-262.602332389052,-2492.73404339263,33.2309829359306,-247.268273752817,-2519.48914796078
"OPTOTRAK _ C05 _ Right _ 4",18.4800679459019,-263.157885795592,-2493.21015135051,35.9281003732602,-248.220316230161,-2525.43354792404
"OPTOTRAK _ C05 _ Right _ 4",16.4205430054992,-263.595762651377,-2493.39017426119,37.8227423161186,-248.801077195212,-2529.73226560742
"OPTOTRAK _ C05 _ Right _ 4",14.4606191057403,-263.882974207471,-2493.29613775291,38.5224089898561,-248.934187330773,-2531.79268853526
"OPTOTRAK _ C05 _ Right _ 4",12.8501659173262,-263.992185310298,-2492.96314286075,37.7980751842978,-248.600741134011,-2531.27977511529
"OPTOTRAK _ C05 _ Right _ 4",11.7715751800152,-263.91303432083,-2492.43352499315,35.6641268134688,-247.852780094183,-2528.20627391423
"OPTOTRAK _ C05 _ Right _ 4",11.3113215580194,-263.66192785798,-2491.75711934791,32.3938249777408,-246.810346038503,-2522.95650418157
"OPTOTRAK _ C05 _ Right _ 4",11.4577054968735,-263.286340561395,-2490.99620641823,28.4614565793544,-245.640650459943,-2516.22969551483
"OPTOTRAK _ C05 _ Right _ 4",12.1224014390523,-262.861169308588,-2490.23076077568,24.4296669513828,-244.525653979958,-2508.91375106656
"OPTOTRAK _ C05 _ Right _ 4",13.1750991515756,-262.47728601633,-2489.55848127076,20.8217086401804,-243.629064776557,-2501.92439786125
"OPTOTRAK _ C05 _ Right _ 4",14.4768039443654,-262.225199719885,-2489.08579924396,18.0225570461688,-243.0725300318,-2496.05623907798
"OPTOTRAK _ C05 _ Right _ 4",15.9000882222425,-262.178499093224,-2488.91022069963,16.2374199839658,-242.925340325541,-2491.88439346134
"OPTOTRAK _ C05 _ Right _ 4",17.3323007947278,-262.381643419568,-2489.0988591466,15.5097809566762,-243.206321302766,-2489.73215649599
"OPTOTRAK _ C05 _ Right _ 4",18.6664125157754,-262.844738269394,-2489.67036638446,15.7777396543719,-243.893222777315,-2489.69388418625
"OPTOTRAK _ C05 _ Right _ 4",19.7896755486266,-263.545167147546,-2490.58653875896,16.9367717860819,-244.934023429611,-2491.68543939018
"OPTOTRAK _ C05 _ Right _ 4",20.5805217941247,-264.433725197818,-2491.75644305484,18.8805359383617,-246.255620127632,-2495.49254828245
"OPTOTRAK _ C05 _ Right _ 4",20.9196039614752,-265.442151971331,-2493.05174862611,21.5048773769714,-247.767795886367,-2500.79814841694
"OPTOTRAK _ C05 _ Right _ 4",20.7138199162998,-266.489745009032,-2494.3287002569,24.6779212991165,-249.363221856294,-2507.18649145954
"OPTOTRAK _ C05 _ Right _ 4",19.9254783785259,-267.488382583077,-2495.45076837665,28.1951465523626,-250.916398885537,-2514.13660760097
"OPTOTRAK _ C05 _ Right _ 4",18.5952346299684,-268.346862171273,-2496.30667022469,31.7469235138813,-252.285267805353,-2521.02503180425
"OPTOTRAK _ C05 _ Right _ 4",16.8487077001047,-268.97623208326,-2496.82067822322,34.9232911798903,-253.318916016383,-2527.15565274359
"OPTOTRAK _ C05 _ Right _ 4",14.8822934064386,-269.297489629537,-2496.9549638745,37.2669470702028,-253.873659237473,-2531.82514357827
"OPTOTRAK _ C05 _ Right _ 4",12.9309855852224,-269.251877687041,-2496.70614837605,38.3658037655622,-253.837363462399,-2534.41946265316
"OPTOTRAK _ C05 _ Right _ 4",11.2268663242157,-268.812531881836,-2496.0995082279,37.9590059287448,-253.157806908393,-2534.52405113241
"OPTOTRAK _ C05 _ Right _ 4",9.95945306885794,-267.9948791445,-2495.18410747528,36.0216124993346,-251.866427077713,-2532.0206973676
"OPTOTRAK _ C05 _ Right _ 4",9.24806554950801,-266.862347469473,-2494.03063961742,32.7963594180115,-250.086968074509,-2527.14077859391
"OPTOTRAK _ C05 _ Right _ 4",9.13245143680786,-265.524043766742,-2492.73149163661,28.7559307937509,-248.021944967689,-2520.45107741482
"OPTOTRAK _ C05 _ Right _ 4",9.5820830404299,-264.122515003027,-2491.40032429434,24.5024458097921,-245.918014518579,-2512.76595453799
"OPTOTRAK _ C05 _ Right _ 4",10.5183314719453,-262.812541357388,-2490.16735445653,20.6343557155122,-244.020063755882,-2505.00422332601
"OPTOTRAK _ C05 _ Right _ 4",11.839395385664,-261.735273456173,-2489.16745934864,17.6236966309289,-242.527874107146,-2498.03015180524
"OPTOTRAK _ C05 _ Right _ 4",13.437673908654,-260.994336481601,-2488.52124764593,15.7411956210044,-241.566704788104,-2492.52391161107
"OPTOTRAK _ C05 _ Right _ 4",15.2039055243569,-260.640372016655,-2488.31302631488,15.0455579659975,-241.17672501147,-2488.91315895782
"OPTOTRAK _ C05 _ Right _ 4",17.0198671195998,-260.66769070847,-2488.5720521303,15.427926283498,-241.319896739726,-2487.37139118267
"OPTOTRAK _ C05 _ Right _ 4",18.7479290251422,-261.022566487603,-2489.26320343634,16.6851130964204,-241.89883330809,-2487.8638685978
"OPTOTRAK _ C05 _ Right _ 4",20.2279995726132,-261.619181531785,-2490.29046056048,18.5909324202978,-242.780708389416,-2490.20920955335
"OPTOTRAK _ C05 _ Right _ 4",21.2894948093878,-262.357733536202,-2491.51276219649,20.9419305249998,-243.820179372137,-2494.12753303228
"OPTOTRAK _ C05 _ Right _ 4",21.7794835127541,-263.139912042254,-2492.76840520513,23.5673675052331,-244.87771715292,-2499.26051218721
"OPTOTRAK _ C05 _ Right _ 4",21.6007391338345,-263.879011637036,-2493.90206237934,26.3086722333757,-245.832344121282,-2505.16737506762
"OPTOTRAK _ C05 _ Right _ 4",20.7477450629001,-264.504299121904,-2494.78808140247,28.9862857462772,-246.589361170461,-2511.31566336182
"OPTOTRAK _ C05 _ Right _ 4",19.3269724399557,-264.961138343131,-2495.34509310995,31.3775950681722,-247.083987285491,-2517.09063860528
"OPTOTRAK _ C05 _ Right _ 4",17.5512140905393,-265.209422276966,-2495.53977540466,33.2255476897281,-247.281767712263,-2521.84094259087
"OPTOTRAK _ C05 _ Right _ 4",15.7057453751622,-265.222861281662,-2495.38099351517,34.2837441132493,-247.176890464135,-2524.96315671095
"OPTOTRAK _ C05 _ Right _ 4",14.0937337491765,-264.990616230612,-2494.90827254829,34.385314557416,-246.789777456418,-2526.0099179779
"OPTOTRAK _ C05 _ Right _ 4",12.9757725963901,-264.521006506793,-2494.17968567563,33.5081649319408,-246.164486391874,-2524.79183827551
"OPTOTRAK _ C05 _ Right _ 4",12.5207108647805,-263.845303962961,-2493.26338507225,31.8059701674694,-245.364855671578,-2521.43853441186
"OPTOTRAK _ C05 _ Right _ 4",12.7812033948292,-263.018802688031,-2492.23449002752,29.5855493100743,-244.467823964077,-2516.39234575209
"OPTOTRAK _ C05 _ Right _ 4",13.6989223444796,-262.116977821163,-2491.17585194982,27.2333640195997,-243.554079166389,-2510.32917224563
"OPTOTRAK _ C05 _ Right _ 4",15.1342337641063,-261.226457861383,-2490.17877557513,25.1171319396628,-242.69863527448,-2504.02725458111
"OPTOTRAK _ C05 _ Right _ 4",16.9073648664468,-260.432837480934,-2489.33948866341,23.5007465271497,-241.964586796978,-2498.22453342735
"OPTOTRAK _ C05 _ Right _ 4",18.8359456522901,-259.808850433613,-2488.74944447485,22.5044512043312,-241.401618529318,-2493.50788998079
"OPTOTRAK _ C05 _ Right _ 4",20.7579737464171,-259.4062708052,-2488.48118002282,22.1209633377209,-241.048475606691,-2490.26157690239
"OPTOTRAK _ C05 _ Right _ 4",22.5372879634418,-259.253166556721,-2488.57420471567,22.2740720029253,-240.936978522908,-2488.67633899807
"OPTOTRAK _ C05 _ Right _ 4",24.0565469076214,-259.355746324097,-2489.02573989997,22.8907674200377,-241.094552645742,-2488.79792323375
"OPTOTRAK _ C05 _ Right _ 4",25.2072148238121,-259.702318894874,-2489.78928849781,23.9556233394061,-241.542610073984,-2490.58299303936
"OPTOTRAK _ C05 _ Right _ 4",25.885918987985,-260.266672219612,-2490.78133901126,25.5249042409006,-242.289633689686,-2493.9340642736
"OPTOTRAK _ C05 _ Right _ 4",26.0024879384188,-261.009387655745,-2491.89424542038,27.6932682685798,-243.320176362234,-2498.69936288205
"OPTOTRAK _ C05 _ Right _ 4",25.498913438453,-261.877378555383,-2493.01202607609,30.5233677989049,-244.583185521472,-2504.64175459124
"OPTOTRAK _ C05 _ Right _ 4",24.3727582775871,-262.803290750839,-2494.02554901593,33.9634151343859,-245.984044385372,-2511.39598268295
"OPTOTRAK _ C05 _ Right _ 4",22.6954013445713,-263.706777949683,-2494.84420112193,37.7851736598997,-247.384273710748,-2518.44023349285
"OPTOTRAK _ C05 _ Right _ 4",20.616330007892,-264.499095732354,-2495.40242821802,41.5713887957011,-248.611612251187,-2525.10498661883
"OPTOTRAK _ C05 _ Right _ 4",18.3491134111429,-265.091348491831,-2495.66109359692,44.7672620459897,-249.481665389058,-2530.63119152696
"OPTOTRAK _ C05 _ Right _ 4",16.1407441143029,-265.405584943646,-2495.60504196396,46.7895172662177,-249.829940961564,-2534.27491290674
"OPTOTRAK _ C05 _ Right _ 4",14.2313532453759,-265.387116640059,-2495.23927203739,47.1660790310441,-249.549160320842,-2535.44054624961
"OPTOTRAK _ C05 _ Right _ 4",12.8143324057551,-265.015952618293,-2494.58640063057,45.66617333705,-248.622142975413,-2533.81267965958
"OPTOTRAK _ C05 _ Right _ 4",12.0070016657155,-264.314950920457,-2493.68730458118,42.3792725898199,-247.138266779153,-2529.45083266796
"OPTOTRAK _ C05 _ Right _ 4",11.8389864988782,-263.35220582048,-2492.60486133655,37.713751071375,-245.284582252987,-2522.81525586058
"OPTOTRAK _ C05 _ Right _ 4",12.2598141695521,-262.23564762482,-2491.42808060563,32.3109303239249,-243.311311353583,-2514.70803369322
"OPTOTRAK _ C05 _ Right _ 4",13.1605294029633,-261.099216542233,-2490.27185922299,26.9001095829206,-241.481511245724,-2506.13922519183
"OPTOTRAK _ C05 _ Right _ 4",14.3992679059351,-260.082278747505,-2489.26767621166,22.1423164656802,-240.020076231127,-2498.15312733663
"OPTOTRAK _ C05 _ Right _ 4",15.8205542107755,-259.306470495622,-2488.54365943495,18.5127271586892,-239.075317044702,-2491.66226823673
"OPTOTRAK _ C05 _ Right _ 4",17.2632155706686,-258.8556387815,-2488.19765488787,16.2519050732342,-238.69996455282,-2487.32926936411
"OPTOTRAK _ C05 _ Right _ 4",18.5595929410302,-258.763962445759,-2488.27149318149,15.3852951754905,-238.852229996232,-2485.513798002
"OPTOTRAK _ C05 _ Right _ 4",19.5347512581582,-259.014683516786,-2488.73580927875,15.785217550959,-239.413547587276,-2486.27664825305
"OPTOTRAK _ C05 _ Right _ 4",20.0152462285309,-259.54832756746,-2489.4917192452,17.2402786056078,-240.217385356147,-2489.41781233531
"OPTOTRAK _ C05 _ Right _ 4",19.8522389954588,-260.27650778551,-2490.38992677085,19.5038806379699,-241.082449810162,-2494.52469297794
"OPTOTRAK _ C05 _ Right _ 4",18.9557684334816,-261.096582691892,-2491.26202262453,22.3103036441591,-241.84368004198,-2501.01687790752
"OPTOTRAK _ C05 _ Right _ 4",17.3296467449428,-261.903710503143,-2491.95504959255,25.3658797474012,-242.37558002124,-2508.18743670422
"OPTOTRAK _ C05 _ Right _ 4",15.0932965055323,-262.599322072114,-2492.35993009217,28.3364709630655,-242.60455948043,-2515.24993021241
"OPTOTRAK _ C05 _ Right _ 4",12.4795823952255,-263.097286221908,-2492.42695561484,30.8548430877835,-242.509965332681,-2521.40131431787
"OPTOTRAK _ C05 _ Right _ 4",9.805188011251,-263.32987553283,-2492.16602245496,32.5611543057148,-242.11675919074,-2525.90451354026
"OPTOTRAK _ C05 _ Right _ 4",7.41897137249578,-263.254817965751,-2491.63397875296,33.1716420837166,-241.484678842491,-2528.18440703193
"OPTOTRAK _ C05 _ Right _ 4",5.64044692086518,-262.8629814248,-2490.91486566673,32.5537807507373,-240.697732634349,-2527.92119367812
"OPTOTRAK _ C05 _ Right _ 4",4.70323496127945,-262.184615023317,-2490.1001510595,30.778445815488,-239.854738074044,-2525.11848445189
"OPTOTRAK _ C05 _ Right _ 4",4.71690093765584,-261.291247005382,-2489.27499355213,28.1240520498592,-239.059196490362,-2520.12279757397
"OPTOTRAK _ C05 _ Right _ 4",5.65568632938608,-260.290625481381,-2488.51337153492,25.0230763008841,-238.407410274495,-2513.57931785283
"OPTOTRAK _ C05 _ Right _ 4",7.37516885886557,-259.313634565543,-2487.88057399168,21.963185615376,-237.976691724271,-2506.32635177897
"OPTOTRAK _ C05 _ Right _ 4",9.64980067465095,-258.494747929519,-2487.43799693965,19.374943484642,-237.817550134165,-2499.25256601534
"OPTOTRAK _ C05 _ Right _ 4",12.2185229958919,-257.950371510591,-2487.24443639575,17.5455752377926,-237.952439928131,-2493.15614812786
"OPTOTRAK _ C05 _ Right _ 4",14.8248480129985,-257.76085814853,-2487.35066940474,16.5877682465338,-238.380091203309,-2488.64387031088
"OPTOTRAK _ C05 _ Right _ 4",17.242349280336,-257.960938070427,-2487.78842530423,16.4683124669481,-239.081868633076,-2486.08996263236
"OPTOTRAK _ C05 _ Right _ 4",19.2841587200338,-258.540104737783,-2488.55822319366,17.0762858581575,-240.026691610773,-2485.64932029246
"OPTOTRAK _ C05 _ Right _ 4",20.8021347684412,-259.450811857837,-2489.62136708051,18.2966529506104,-241.17283452945,-2487.30010243865
"OPTOTRAK _ C05 _ Right _ 4",21.6846615469762,-260.620084242815,-2490.8998366383,20.0568638120248,-242.466883894477,-2490.88565509273
"OPTOTRAK _ C05 _ Right _ 4",21.8604516754164,-261.960170358609,-2492.28504553406,22.3280201306203,-243.841578392089,-2496.13505668732
"OPTOTRAK _ C05 _ Right _ 4",21.3104873382501,-263.375651629284,-2493.6535529468,25.0820322774881,-245.214921141722,-2502.65921985223
"OPTOTRAK _ C05 _ Right _ 4",20.0839722777537,-264.766827585441,-2494.88562312304,28.2252694398675,-246.49257105723,-2509.93673614109
"OPTOTRAK _ C05 _ Right _ 4",18.3097370663074,-266.031254682018,-2495.88174334101,31.541152986059,-247.574296632348,-2517.31305848596
"OPTOTRAK _ C05 _ Right _ 4",16.1941343233997,-267.066432052346,-2496.57324093537,34.673850903503,-248.364107298262,-2524.03456429118
"OPTOTRAK _ C05 _ Right _ 4",14.0006206074546,-267.776407472026,-2496.9256278011,37.1712450798119,-248.783286982393,-2529.3268591076
"OPTOTRAK _ C05 _ Right _ 4",12.013130762476,-268.083434578163,-2496.93610011947,38.5820655142329,-248.785334944111,-2532.50949907653
"OPTOTRAK _ C05 _ Right _ 4",10.4916331449782,-267.943237677514,-2496.62843930249,38.5788011839403,-248.370430232109,-2533.12340279731
"OPTOTRAK _ C05 _ Right _ 4",9.63109841971538,-267.359941928077,-2496.04867322353,37.0644806094437,-247.5947055336,-2531.03781035292
"OPTOTRAK _ C05 _ Right _ 4",9.53376974020563,-266.395401034533,-2495.26332744871,34.2236316549466,-246.568882007617,-2526.50416297507
"OPTOTRAK _ C05 _ Right _ 4",10.2001467930534,-265.168228378184,-2494.3595980433,30.4959408000807,-245.443871875304,-2520.13595959695
"OPTOTRAK _ C05 _ Right _ 4",11.5383036287091,-263.84036900664,-2493.44440335113,26.4792972667285,-244.386542214008,-2512.81424256018
"OPTOTRAK _ C05 _ Right _ 4",13.3860140585278,-262.592819971573,-2492.63832935341,22.7954508824663,-243.552824403529,-2505.54107218032
"OPTOTRAK _ C05 _ Right _ 4",15.5375323938061,-261.595779308872,-2492.06195189031,19.9638018396624,-243.064904600632,-2499.27854993666
"OPTOTRAK _ C05 _ Right _ 4",17.7679020356057,-260.980602746789,-2491.81568786915,18.3206867547013,-242.995731330935,-2494.81134405291
"OPTOTRAK _ C05 _ Right _ 4",19.8517771674981,-260.820500141566,-2491.95840457932,17.9980309393239,-243.361164217678,-2492.65660244422
"OPTOTRAK _ C05 _ Right _ 4",21.5785665704434,-261.123979718229,-2492.49205607216,18.9498022409917,-244.119415550767,-2493.02509058873
"OPTOTRAK _ C05 _ Right _ 4",22.7683448324636,-261.840850655757,-2493.35825223427,20.9999658777413,-245.177727890705,-2495.8222788977
"OPTOTRAK _ C05 _ Right _ 4",23.2918136789007,-262.876908813704,-2494.44854319742,23.886255657655,-246.405859625525,-2500.67416912477
"OPTOTRAK _ C05 _ Right _ 4",23.0932477717315,-264.111722085594,-2495.62538541171,27.2864906554129,-247.654742455467,-2506.96870980833
"OPTOTRAK _ C05 _ Right _ 4",22.2102597630794,-265.414698561094,-2496.74742585189,30.8306716673076,-248.777383596252,-2513.91324809062
"OPTOTRAK _ C05 _ Right _ 4",20.7813869261308,-266.657228853285,-2497.69213698473,34.1143741732238,-249.648484830612,-2520.61406521009
"OPTOTRAK _ C05 _ Right _ 4",19.0340397009071,-267.721631710641,-2498.37084442443,36.7306266156637,-250.179816159425,-2526.1811944283
"OPTOTRAK _ C05 _ Right _ 4",17.2511610248459,-268.509248872464,-2498.73461388415,38.3270602822425,-250.329886681572,-2529.85148354822
"OPTOTRAK _ C05 _ Right _ 4",15.722519819405,-268.949542894483,-2498.77273994616,38.6779695659625,-250.107738528906,-2531.11072252642
"OPTOTRAK _ C05 _ Right _ 4",14.6924382851828,-269.009973852798,-2498.50746970622,37.7466724213709,-249.570727478163,-2529.78775589719
"OPTOTRAK _ C05 _ Right _ 4",14.3174959029882,-268.704109877759,-2497.98854184386,35.7103719975804,-248.815605304397,-2526.09379306392
"OPTOTRAK _ C05 _ Right _ 4",14.6447961851214,-268.094201456906,-2497.28932448802,32.9301432659314,-247.962940363771,-2520.5900567314
"OPTOTRAK _ C05 _ Right _ 4",15.6147417365017,-267.28511359681,-2496.50370543468,29.8691611359657,-247.137415969251,-2514.08531952092
"OPTOTRAK _ C05 _ Right _ 4",17.0842693496739,-266.409017796942,-2495.74084541902,26.9843176987601,-246.448785153571,-2507.48656622902
"OPTOTRAK _ C05 _ Right _ 4",18.8604145349623,-265.603631137864,-2495.11481412689,24.628967029199,-245.97790251544,-2501.64174108325
"OPTOTRAK _ C05 _ Right _ 4",20.7326747829799,-264.989505313279,-2494.72840260441,23.000010219051,-245.769681335623,-2497.21478034479
"OPTOTRAK _ C05 _ Right _ 4",22.4963278008787,-264.652527205984,-2494.65393443658,22.1426478231326,-245.832555897223,-2494.61874688697
"OPTOTRAK _ C05 _ Right _ 4",23.9652334576571,-264.635945897373,-2494.91661947654,22.0017474560208,-246.143391752408,-2494.01062220676
"OPTOTRAK _ C05 _ Right _ 4",24.97808160175,-264.942715777821,-2495.48631930372,22.4920257642219,-246.656793751862,-2495.33218176042
"OPTOTRAK _ C05 _ Right _ 4",25.4039427355164,-265.545400500259,-2496.28135732817,23.5559403136137,-247.317191234834,-2498.37252423344
"OPTOTRAK _ C05 _ Right _ 4",25.1510284348146,-266.398826649743,-2497.18425531903,25.1869552765831,-248.071002019352,-2502.82975770071
"OPTOTRAK _ C05 _ Right _ 4",24.1784947911874,-267.450727226168,-2498.06551431186,27.4115735194318,-248.875372826278,-2508.35777257054
"OPTOTRAK _ C05 _ Right _ 4",22.5074615205623,-268.647419387345,-2498.8091503225,30.2400359924614,-249.700180198459,-2514.59334958075
"OPTOTRAK _ C05 _ Right _ 4",20.2262122686007,-269.934115486033,-2499.33345509773,33.6069001472839,-250.521756166048,-2521.16526819547
"OPTOTRAK _ C05 _ Right _ 4",17.4863164970107,-271.251605803067,-2499.60228271762,37.325007578125,-251.310286342229,-2527.69020384271
"OPTOTRAK _ C05 _ Right _ 4",14.489819574015,-272.532044802615,-2499.62512901278,41.0703042455704,-252.016715089343,-2533.76217680007
"OPTOTRAK _ C05 _ Right _ 4",11.470333582391,-273.696478968659,-2499.44721559146,44.405242509905,-252.566796144619,-2538.9450120155
"OPTOTRAK _ C05 _ Right _ 4",8.67131587217486,-274.656127903652,-2499.13294999742,46.8395456728743,-252.86797854158,-2542.77988265747
"OPTOTRAK _ C05 _ Right _ 4",6.32355368537432,-275.318671521219,-2498.74726366389,47.9197480140202,-252.829783094141,-2544.81930050727
"OPTOTRAK _ C05 _ Right _ 4",4.62272627917284,-275.599862832002,-2498.3395052345,47.3314923333917,-252.392440285066,-2544.69194504156
"OPTOTRAK _ C05 _ Right _ 4",3.70828666470864,-275.439457653662,-2497.93396092172,44.9909643527094,-251.554083815128,-2542.18976666173
"OPTOTRAK _ C05 _ Right _ 4",3.64656616216327,-274.818730091468,-2497.52975279378,41.097480396762,-250.385549358366,-2537.35431832101
"OPTOTRAK _ C05 _ Right _ 4",4.42236901015224,-273.775144029056,-2497.11069634713,36.123314829561,-249.025150197134,-2530.53046259679
"OPTOTRAK _ C05 _ Right _ 4",5.94268451444331,-272.408868533086,-2496.66261583258,30.7323436506915,-247.653407107486,-2522.35904533942
"OPTOTRAK _ C05 _ Right _ 4",8.0529733435697,-270.876644228149,-2496.19225188412,25.6430863791065,-246.456269103315,-2513.69758051628
"OPTOTRAK _ C05 _ Right _ 4",10.5620248326317,-269.371483121756,-2495.73989480083,21.4747754074569,-245.589607346358,-2505.48366547994
"OPTOTRAK _ C05 _ Right _ 4",13.2680689753124,-268.091265091423,-2495.37907734739,18.6250669230574,-245.154911176475,-2498.57793694191
"OPTOTRAK _ C05 _ Right _ 4",15.9787489882333,-267.203757011346,-2495.20144216121,17.2175954366577,-245.18912609267,-2493.63046806987
"OPTOTRAK _ C05 _ Right _ 4",18.5210197575758,-266.817696842365,-2495.29127541587,17.1304091809547,-245.666334130575,-2491.00322210025
"OPTOTRAK _ C05 _ Right _ 4",20.7422844192201,-266.967950677633,-2495.69885593297,18.0860141139649,-246.508133187058,-2490.7586920438
"OPTOTRAK _ C05 _ Right _ 4",22.5083317537903,-267.617853173676,-2496.42230382131,19.7647571083585,-247.600840595574,-2492.70334814532
"OPTOTRAK _ C05 _ Right _ 4",23.7046558121463,-268.675919760686,-2497.40402792431,21.9017070465506,-248.817860260569,-2496.46273037175
"OPTOTRAK _ C05 _ Right _ 4",24.2450640917493,-270.019865497624,-2498.54224205411,24.3397210369776,-250.044074137863,-2501.56438457067
"OPTOTRAK _ C05 _ Right _ 4",24.0865940585678,-271.51997958547,-2499.71300090775,27.03048175604,-251.197247932962,-2507.51134790936
"OPTOTRAK _ C05 _ Right _ 4",23.2452078890299,-273.056325174328,-2500.79564329428,29.9937032374845,-252.24064994602,-2513.83719770474
"OPTOTRAK _ C05 _ Right _ 4",21.8048253405519,-274.528259798781,-2501.69479805758,33.2568231560459,-253.182465238183,-2520.14034559525
"OPTOTRAK _ C05 _ Right _ 4",19.9139052964554,-275.858081864061,-2502.35431235304,36.8001440406266,-254.061540353261,-2526.09964654552
"OPTOTRAK _ C05 _ Right _ 4",17.7680615053914,-276.991740061324,-2502.76130426313,40.5261076017312,-254.924293433911,-2531.47619748806
"OPTOTRAK _ C05 _ Right _ 4",15.5819265854501,-277.898666368593,-2502.94110283736,44.2603204892058,-255.801454567544,-2536.10764840054
"OPTOTRAK _ C05 _ Right _ 4",13.5566761227926,-278.57116844623,-2502.94569200275,47.7810149756047,-256.693285971432,-2539.90094990018
"OPTOTRAK _ C05 _ Right _ 4",11.8505356179122,-279.022677756671,-2502.83922862982,50.865751419081,-257.568094543309,-2542.82700026555
"OPTOTRAK _ C05 _ Right _ 4",10.5585545653658,-279.284028371351,-2502.68420209838,53.3402522153373,-258.373282381263,-2544.9169800385
