"fileName","thumb_y","thumb_x","thumb_z","finger_y","finger_x","finger_z"
"OPTOTRAK _ C08 _ Right _ 2",223.372598824495,-112.593424089858,-2322.21055279821,289.394994274955,-74.3829234157761,-2381.97872100384
"OPTOTRAK _ C08 _ Right _ 2",223.378142856687,-112.571491247058,-2322.21276614004,289.39661344097,-74.3629481796136,-2381.974053304
"OPTOTRAK _ C08 _ Right _ 2",223.390726863281,-112.541153751676,-2322.22175214016,289.404645178001,-74.345402519042,-2381.98009081416
"OPTOTRAK _ C08 _ Right _ 2",223.410273019354,-112.505287681279,-2322.24172427975,289.419935150882,-74.3345316497411,-2382.00123539176
"OPTOTRAK _ C08 _ Right _ 2",223.434511201095,-112.468991854074,-2322.27659853742,289.441588857634,-74.3338476573232,-2382.03986769184
"OPTOTRAK _ C08 _ Right _ 2",223.458684431351,-112.439002670689,-2322.32879370237,289.46660623496,-74.3450076801428,-2382.0950993207
"OPTOTRAK _ C08 _ Right _ 2",223.475931506894,-112.422481659107,-2322.39800939837,289.490077749005,-74.3670278312814,-2382.16210151028
"OPTOTRAK _ C08 _ Right _ 2",223.478461469667,-112.425357520865,-2322.48036197548,289.506026498496,-74.3961037679284,-2382.23230170258
"OPTOTRAK _ C08 _ Right _ 2",223.459346740968,-112.450631347206,-2322.5682385495,289.508742429098,-74.4261179582292,-2382.29448485242
"OPTOTRAK _ C08 _ Right _ 2",223.414465394567,-112.497176143104,-2322.65106765192,289.49425625089,-74.4497020836663,-2382.33655805684
"OPTOTRAK _ C08 _ Right _ 2",223.343974077519,-112.559477239196,-2322.71692603707,289.46153084573,-74.459572080573,-2382.34754058387
"OPTOTRAK _ C08 _ Right _ 2",223.252785538933,-112.62847538682,-2322.75460433936,289.413013564835,-74.4498046957834,-2382.31929200011
"OPTOTRAK _ C08 _ Right _ 2",223.149821343022,-112.693319792852,-2322.75558599216,289.354345238713,-74.4167764867823,-2382.24760278309
"OPTOTRAK _ C08 _ Right _ 2",223.046178198609,-112.743577275341,-2322.71545217119,289.293213924914,-74.359611332117,-2382.13251191192
"OPTOTRAK _ C08 _ Right _ 2",222.952656513836,-112.771360881064,-2322.63448393995,289.237557999502,-74.2801408091657,-2381.97800139238
"OPTOTRAK _ C08 _ Right _ 2",222.877281499673,-112.772915538372,-2322.51755651477,289.193552034461,-74.1825202811613,-2381.79141749534
"OPTOTRAK _ C08 _ Right _ 2",222.823469982649,-112.749359002822,-2322.37363929589,289.163978092471,-74.0727038763109,-2381.58296362164
"OPTOTRAK _ C08 _ Right _ 2",222.789346726403,-112.70646534625,-2322.21520602379,289.147560734149,-73.9579351684523,-2381.36539144415
"OPTOTRAK _ C08 _ Right _ 2",222.768408361801,-112.653568444463,-2322.05763157029,289.13954173387,-73.8462920166278,-2381.1537206425
"OPTOTRAK _ C08 _ Right _ 2",222.751338631803,-112.601842096344,-2321.91837415268,289.133279455637,-73.7462179274305,-2380.96463811455
"OPTOTRAK _ C08 _ Right _ 2",222.728414827678,-112.562357188686,-2321.8156385906,289.122226198026,-73.6659517077441,-2380.81528497662
"OPTOTRAK _ C08 _ Right _ 2",222.691750718956,-112.544374856225,-2321.76639372036,289.10150494241,-73.6128376612285,-2380.7214044072
"OPTOTRAK _ C08 _ Right _ 2",222.636692823554,-112.554257231294,-2321.78397844277,289.068540412255,-73.5925959583894,-2380.69514823468
"OPTOTRAK _ C08 _ Right _ 2",222.562014194923,-112.595164687543,-2321.87585521981,289.022664202779,-73.6086803364237,-2380.74305699586
"OPTOTRAK _ C08 _ Right _ 2",222.469000541655,-112.667437212745,-2322.04216477122,288.964073393767,-73.6618246962248,-2380.86473965043
"OPTOTRAK _ C08 _ Right _ 2",222.359906379651,-112.76934475553,-2322.27553706379,288.892755673151,-73.749822714452,-2381.05259689507
"OPTOTRAK _ C08 _ Right _ 2",222.236423290038,-112.897827295666,-2322.56220258019,288.807899174609,-73.8675494153001,-2381.29264830184
"OPTOTRAK _ C08 _ Right _ 2",222.098703325413,-113.048948448887,-2322.88401769715,288.707959917325,-74.0072342187986,-2381.56624866689
"OPTOTRAK _ C08 _ Right _ 2",221.945184902485,-113.218000151908,-2323.2207882313,288.591178493524,-74.1590026907806,-2381.85229692561
"OPTOTRAK _ C08 _ Right _ 2",221.773118754319,-113.399412746206,-2323.55235323714,288.456131794326,-74.3116865141446,-2382.1294964216
"OPTOTRAK _ C08 _ Right _ 2",221.57944603188,-113.586731733608,-2323.86018772876,288.301961157066,-74.453851829736,-2382.37831845605
"OPTOTRAK _ C08 _ Right _ 2",221.361635185677,-113.772868594133,-2324.12858675295,288.128167603658,-74.5749357908503,-2382.58250154057
"OPTOTRAK _ C08 _ Right _ 2",221.118213756297,-113.950670946677,-2324.34562901076,287.934134363987,-74.666342143977,-2382.73010115839
"OPTOTRAK _ C08 _ Right _ 2",220.84891433248,-114.113704067672,-2324.50404193991,287.71865167582,-74.7223533904176,-2382.8142118614
"OPTOTRAK _ C08 _ Right _ 2",220.554479694285,-114.257076366992,-2324.60189297354,287.479633576585,-74.7407648607768,-2382.83348140043
"OPTOTRAK _ C08 _ Right _ 2",220.236227487668,-114.378166489964,-2324.64287594918,287.214058249223,-74.7231962718584,-2382.79243734137
"OPTOTRAK _ C08 _ Right _ 2",219.895516887781,-114.477146768183,-2324.63596049182,286.918100548499,-74.6750507196009,-2382.7014988319
"OPTOTRAK _ C08 _ Right _ 2",219.53331231468,-114.557197787085,-2324.59430914897,286.587487197524,-74.6050747671793,-2382.57643019809
"OPTOTRAK _ C08 _ Right _ 2",219.150048938892,-114.624293875691,-2324.53355150495,286.218169635684,-74.5244721223451,-2382.43699802378
"OPTOTRAK _ C08 _ Right _ 2",218.745911277412,-114.686467717548,-2324.46967378318,285.807355736248,-74.4455765020235,-2382.30476340926
"OPTOTRAK _ C08 _ Right _ 2",218.321461133539,-114.7525634693,-2324.41690480074,285.354770775098,-74.3801937509884,-2382.20022863922
"OPTOTRAK _ C08 _ Right _ 2",217.878393950317,-114.830636116744,-2324.38600255827,284.863836423496,-74.3378400178292,-2382.13983291814
"OPTOTRAK _ C08 _ Right _ 2",217.420155513411,-114.926291255852,-2324.38322499884,284.342386303904,-74.3241818994831,-2382.13341491276
"OPTOTRAK _ C08 _ Right _ 2",216.952227082973,-115.041326345603,-2324.41004109758,283.802629905372,-74.3399890838717,-2382.18267006774
"OPTOTRAK _ C08 _ Right _ 2",216.482021475854,-115.173002856553,-2324.4634265027,283.260277482614,-74.3808349441392,-2382.28088823312
"OPTOTRAK _ C08 _ Right _ 2",216.018438543659,-115.314162680998,-2324.53651394993,282.732934872987,-74.4376537835794,-2382.41399016067
"OPTOTRAK _ C08 _ Right _ 2",215.571161968656,-115.454243718048,-2324.61946483603,282.238004046905,-74.498121424322,-2382.56268083891
"OPTOTRAK _ C08 _ Right _ 2",215.149764573883,-115.58108257718,-2324.7006009146,281.790401407114,-74.5486861276897,-2382.7054027156
"OPTOTRAK _ C08 _ Right _ 2",214.762683002244,-115.683229361396,-2324.76791882146,281.400467676131,-74.5769431748639,-2382.82165814221
"OPTOTRAK _ C08 _ Right _ 2",214.416159328336,-115.752354055569,-2324.8109962048,281.072480255026,-74.5739368547951,-2382.89517414782
"OPTOTRAK _ C08 _ Right _ 2",214.113322703989,-115.785231199609,-2324.82303303251,280.804149343317,-74.53592863987,-2382.91635663468
"OPTOTRAK _ C08 _ Right _ 2",213.853663746761,-115.784800172205,-2324.80252952295,280.587350272104,-74.4652306725696,-2382.88357863428
"OPTOTRAK _ C08 _ Right _ 2",213.633178584249,-115.759953644583,-2324.75405778863,280.41010894257,-74.3698824776869,-2382.8030747944
"OPTOTRAK _ C08 _ Right _ 2",213.445368601739,-115.724001561801,-2324.68779726843,280.259551473483,-74.2622147804992,-2382.68752042532
"OPTOTRAK _ C08 _ Right _ 2",213.283064199478,-115.69211686643,-2324.61788743424,280.125243504905,-74.156621346742,-2382.55366075796
"OPTOTRAK _ C08 _ Right _ 2",213.140755145661,-115.678366564447,-2324.56002377865,280.002180452283,-74.0670524474046,-2382.41952437725
"OPTOTRAK _ C08 _ Right _ 2",213.016859890959,-115.69305464014,-2324.52891963212,279.89270402957,-74.0047849613688,-2382.30176371386
"OPTOTRAK _ C08 _ Right _ 2",212.915255228608,-115.741008882891,-2324.53623049252,279.806815876969,-73.9769126129629,-2382.21355677473
"OPTOTRAK _ C08 _ Right _ 2",212.845483681308,-115.821170597229,-2324.58935506685,279.760701824254,-73.9857902133396,-2382.16335200959
"OPTOTRAK _ C08 _ Right _ 2",212.821361511559,-115.927488217453,-2324.69126837156,279.773696297244,-74.0294290455069,-2382.15457943713
"OPTOTRAK _ C08 _ Right _ 2",212.85814569274,-116.050791770344,-2324.8412601531,279.864290174317,-74.1026384228446,-2382.18627973311
"OPTOTRAK _ C08 _ Right _ 2",212.968843129546,-116.181141112837,-2325.03621591347,280.046000649845,-74.1985879936535,-2382.25442317742
"OPTOTRAK _ C08 _ Right _ 2",213.160522941342,-116.310131000588,-2325.27197247141,280.323931321683,-74.3104437683786,-2382.35354649972
"OPTOTRAK _ C08 _ Right _ 2",213.431547876482,-116.432737080907,-2325.5443365641,280.692699995454,-74.4327812758463,-2382.47828364573
"OPTOTRAK _ C08 _ Right _ 2",213.770468535756,-116.548405696906,-2325.84953281195,281.136177393616,-74.5625543948968,-2382.6244343263
"OPTOTRAK _ C08 _ Right _ 2",214.156962482768,-116.661198480104,-2326.1840854983,281.62919813426,-74.6994746705236,-2382.78938568592
"OPTOTRAK _ C08 _ Right _ 2",214.564719034209,-116.778942810374,-2326.54437635511,282.141070397279,-74.8457461922922,-2382.97191987083
"OPTOTRAK _ C08 _ Right _ 2",214.965678357561,-116.911543464798,-2326.92626631732,282.640333278381,-75.0052260800906,-2383.17162516842
"OPTOTRAK _ C08 _ Right _ 2",215.334672327742,-117.06883660207,-2327.32511932112,283.099864326584,-75.1822296491866,-2383.3882135626
"OPTOTRAK _ C08 _ Right _ 2",215.653412897591,-117.258514701202,-2327.73630482095,283.501251092881,-75.3803138281443,-2383.62100392619
"OPTOTRAK _ C08 _ Right _ 2",215.912980326319,-117.484631279912,-2328.15591987646,283.837427718638,-75.6013757922057,-2383.86868298053
"OPTOTRAK _ C08 _ Right _ 2",216.114406777644,-117.746994925257,-2328.58128077702,284.112971816152,-75.8452697468166,-2384.12928735293
"OPTOTRAK _ C08 _ Right _ 2",216.267462253636,-118.041467091949,-2329.01082608142,284.342063334743,-76.1099397783459,-2384.40026238179
"OPTOTRAK _ C08 _ Right _ 2",216.388152702968,-118.360915262469,-2329.44338783531,284.544733651393,-76.3919039124602,-2384.67849536703
"OPTOTRAK _ C08 _ Right _ 2",216.495633550111,-118.696433159646,-2329.87711168927,284.742464187702,-76.6868662059158,-2384.9603344605
"OPTOTRAK _ C08 _ Right _ 2",216.609215580023,-119.038442297418,-2330.30844236559,284.954272282029,-76.990251912754,-2385.24166517709
"OPTOTRAK _ C08 _ Right _ 2",216.745941404191,-119.377407544955,-2330.73149798,285.194119389359,-77.2974989154585,-2385.5180509564
"OPTOTRAK _ C08 _ Right _ 2",216.918923785423,-119.704088598128,-2331.13794795746,285.46992301609,-77.6039912051455,-2385.78481437609
"OPTOTRAK _ C08 _ Right _ 2",217.136375321644,-120.009448925508,-2331.51733914495,285.783890304316,-77.9046299090444,-2386.03689550807
"OPTOTRAK _ C08 _ Right _ 2",217.401127791149,-120.28448449476,-2331.85776988114,286.133552781907,-78.1932128897049,-2386.26846500316
"OPTOTRAK _ C08 _ Right _ 2",217.71047089754,-120.520265322719,-2332.1468686471,286.512872866929,-78.4619543166123,-2386.47251016314
"OPTOTRAK _ C08 _ Right _ 2",218.056269788752,-120.708389889979,-2332.3730841449,286.913038891373,-78.7015015150876,-2386.64076418132
"OPTOTRAK _ C08 _ Right _ 2",218.425444261434,-120.841858958432,-2332.52722734584,287.322885242735,-78.9016490324995,-2386.76428709331
"OPTOTRAK _ C08 _ Right _ 2",218.80093497833,-120.916150416976,-2332.60402112045,287.729110390087,-79.0526795085104,-2386.83475854359
"OPTOTRAK _ C08 _ Right _ 2",219.163215948894,-120.930134573643,-2332.60324977361,288.116557967043,-79.1470138310599,-2386.84623795732
"OPTOTRAK _ C08 _ Right _ 2",219.492256855799,-120.886503090928,-2332.53012459758,288.468793350428,-79.180738781007,-2386.79692657428
"OPTOTRAK _ C08 _ Right _ 2",219.769665652798,-120.791577537847,-2332.39471457726,288.769100921219,-79.1546240639557,-2386.6904078173
"OPTOTRAK _ C08 _ Right _ 2",219.980649865784,-120.654590911045,-2332.21058774433,289.001896604022,-79.074388977694,-2386.53594751508
"OPTOTRAK _ C08 _ Right _ 2",220.115475548489,-120.486673138073,-2331.99300513051,289.154424525054,-78.9501555201035,-2386.34765349855
"OPTOTRAK _ C08 _ Right _ 2",220.170234594771,-120.299787158344,-2331.75706635555,289.218484100929,-78.7951854994842,-2386.14257391936
"OPTOTRAK _ C08 _ Right _ 2",220.146868943071,-120.105799142171,-2331.5161798303,289.191823046271,-78.6241381613968,-2385.93811326283
"OPTOTRAK _ C08 _ Right _ 2",220.052504006372,-119.915766997868,-2331.28114958944,289.078800185955,-78.4511933882888,-2385.74939261972
"OPTOTRAK _ C08 _ Right _ 2",219.898232719491,-119.739413001482,-2331.06000061309,288.890053210972,-78.2884230157327,-2385.58725583891
"OPTOTRAK _ C08 _ Right _ 2",219.697575982001,-119.584648328535,-2330.85839507068,288.64117981308,-78.1447119922465,-2385.45742268069
"OPTOTRAK _ C08 _ Right _ 2",219.464887709487,-119.457012673159,-2330.68021813046,288.350707968218,-78.0253370185806,-2385.36084494832
"OPTOTRAK _ C08 _ Right _ 2",219.213937224187,-119.359016785043,-2330.52781080412,288.037760025209,-77.9320853710192,-2385.29483725623
"OPTOTRAK _ C08 _ Right _ 2",218.956807968486,-119.28956426282,-2330.40153233825,287.719808006305,-77.8636548168465,-2385.25429657543
"OPTOTRAK _ C08 _ Right _ 2",218.703156272868,-119.24375035182,-2330.2987900173,287.410851154871,-77.8160875039528,-2385.23244095847
"OPTOTRAK _ C08 _ Right _ 2",218.459814360196,-119.213296752887,-2330.21311515128,287.120256313624,-77.7831423704681,-2385.22092028917
"OPTOTRAK _ C08 _ Right _ 2",218.230695250134,-119.18769857879,-2330.13399768009,286.85237723749,-77.7567075147384,-2385.20963277508
"OPTOTRAK _ C08 _ Right _ 2",218.01694697288,-119.155936040398,-2330.04792942984,286.606920339262,-77.7274671724285,-2385.1868348036
"OPTOTRAK _ C08 _ Right _ 2",217.817304388687,-119.108442311118,-2329.94061725841,286.379896035525,-77.6859856409388,-2385.14002237595
"OPTOTRAK _ C08 _ Right _ 2",217.628599181048,-119.038956293124,-2329.79988305376,286.164929256222,-77.6241772359575,-2385.05768429814
"OPTOTRAK _ C08 _ Right _ 2",217.446397191073,-118.945904616637,-2329.61854398703,285.954702807707,-77.5369057552987,-2384.93160405032
"OPTOTRAK _ C08 _ Right _ 2",217.265712899563,-118.83302638737,-2329.39657414733,285.742330452357,-77.4233146867159,-2384.75910734038
"OPTOTRAK _ C08 _ Right _ 2",217.081705109212,-118.709071073098,-2329.14200397743,285.522460854772,-77.2874924561902,-2384.54459316758
"OPTOTRAK _ C08 _ Right _ 2",216.890227955586,-118.586564121356,-2328.87025182034,285.291917586644,-77.1382203912796,-2384.29983327929
"OPTOTRAK _ C08 _ Right _ 2",216.688144585928,-118.479830361705,-2328.60189680767,285.049753229211,-76.9877831283514,-2384.04281950708
"OPTOTRAK _ C08 _ Right _ 2",216.473409069816,-118.402648107757,-2328.35928661995,284.796772401499,-76.8500694345861,-2383.79530551793
"OPTOTRAK _ C08 _ Right _ 2",216.245029989433,-118.366013704311,-2328.16273443813,284.534791805209,-76.7383816801443,-2383.57953896414
"OPTOTRAK _ C08 _ Right _ 2",216.00307160927,-118.3764770204,-2328.02722724657,284.266009553623,-76.6634453742606,-2383.41490873609
"OPTOTRAK _ C08 _ Right _ 2",215.748785566749,-118.435360867518,-2327.96042017413,283.992743391745,-76.6320400242909,-2383.3152555801
"OPTOTRAK _ C08 _ Right _ 2",215.484826447224,-118.538951284435,-2327.96227622213,283.717515272976,-76.6464791091538,-2383.28739826443
"OPTOTRAK _ C08 _ Right _ 2",215.215375677871,-118.679512780242,-2328.02622704238,283.443206409203,-76.7049133982774,-2383.33108427144
"OPTOTRAK _ C08 _ Right _ 2",214.945973529551,-118.846799175544,-2328.14137922418,283.172981201752,-76.8022011720181,-2383.44019960023
"OPTOTRAK _ C08 _ Right _ 2",214.682974407671,-119.0296257965,-2328.29514206489,282.909910054506,-76.930954347307,-2383.60476851487
"OPTOTRAK _ C08 _ Right _ 2",214.432738415953,-119.217064394226,-2328.47565169717,282.656535216548,-77.0823737596492,-2383.81310802744
"OPTOTRAK _ C08 _ Right _ 2",214.200824317524,-119.398946931832,-2328.67344132739,282.414769557543,-77.2466312202992,-2384.05351176372
"OPTOTRAK _ C08 _ Right _ 2",213.991438422913,-119.565625513854,-2328.88195637696,282.186349130068,-77.41279830418,-2384.31503296495
"OPTOTRAK _ C08 _ Right _ 2",213.807206294751,-119.707269943133,-2329.09677836792,281.973636363414,-77.5685813582653,-2384.5872809504
"OPTOTRAK _ C08 _ Right _ 2",213.649084786578,-119.813252135789,-2329.31379477785,281.780138047862,-77.7002907243334,-2384.85953513191
"OPTOTRAK _ C08 _ Right _ 2",213.516096376491,-119.872219972727,-2329.52693021511,281.609973402899,-77.7934500567221,-2385.11975335927
"OPTOTRAK _ C08 _ Right _ 2",213.404663324659,-119.873240705257,-2329.72628105231,281.465891749057,-77.8342188661771,-2385.35407522047
"OPTOTRAK _ C08 _ Right _ 2",213.307621331982,-119.807968361867,-2329.89744957789,281.346197493678,-77.8114627197101,-2385.54720404558
"OPTOTRAK _ C08 _ Right _ 2",213.213344523858,-119.673335153277,-2330.02254206455,281.241715627066,-77.7190314090048,-2385.68373828473
"OPTOTRAK _ C08 _ Right _ 2",213.105619607063,-119.473970890527,-2330.08279665498,281.134288529325,-77.5577066189773,-2385.75026589624
"OPTOTRAK _ C08 _ Right _ 2",212.964834208803,-119.223528004231,-2330.06233796508,280.997998049721,-77.3363474032166,-2385.73788928874
"OPTOTRAK _ C08 _ Right _ 2",212.770680065409,-118.944330779302,-2329.95227288863,280.803430063126,-77.0719199367238,-2385.64478338794
"OPTOTRAK _ C08 _ Right _ 2",212.506032655861,-118.665181065603,-2329.75426804406,280.524176020589,-76.7882915335832,-2385.47835513014
"OPTOTRAK _ C08 _ Right _ 2",212.161162378933,-118.417605274045,-2329.48280336635,280.143846069528,-76.5138762631185,-2385.25654091946
"OPTOTRAK _ C08 _ Right _ 2",211.737161488445,-118.23120911227,-2329.16543909805,279.661525544072,-76.2784234784259,-2385.00777199602
"OPTOTRAK _ C08 _ Right _ 2",211.24753646542,-118.12905958657,-2328.84072972258,279.093973957097,-76.1094119044391,-2384.76923202685
"OPTOTRAK _ C08 _ Right _ 2",210.717296419279,-118.124095624922,-2328.55391002252,278.47379011892,-76.0286172982636,-2384.58329932148
"OPTOTRAK _ C08 _ Right _ 2",210.179474836476,-118.217410827359,-2328.35103801321,277.843914717796,-76.0494353049681,-2384.49250095242
"OPTOTRAK _ C08 _ Right _ 2",209.66972667402,-118.398813569962,-2328.27267405092,277.249854283032,-76.1754453295329,-2384.53378424519
"OPTOTRAK _ C08 _ Right _ 2",209.220250316244,-118.649452442493,-2328.34827180838,276.731603157105,-76.400487242315,-2384.73322602532
"OPTOTRAK _ C08 _ Right _ 2",208.854542389932,-118.945750822433,-2328.59229086434,276.317237461325,-76.7102144485661,-2385.10227744864
"OPTOTRAK _ C08 _ Right _ 2",208.584234602531,-119.263655728086,-2329.00268676038,276.019541692473,-77.0847635495813,-2385.63626788849
"OPTOTRAK _ C08 _ Right _ 2",208.408567740596,-119.582305628234,-2329.56192182933,275.836023239172,-77.5019463533819,-2386.31532068329
"OPTOTRAK _ C08 _ Right _ 2",208.316247782551,-119.886511875592,-2330.24005463231,275.75169041903,-77.9402908632608,-2387.10727851123
"OPTOTRAK _ C08 _ Right _ 2",208.288840469717,-120.167779282886,-2330.99902733657,275.743400480225,-78.3813461620826,-2387.97186456533
"OPTOTRAK _ C08 _ Right _ 2",208.30464303322,-120.423916123229,-2331.79718968951,275.784525164855,-78.8109040288384,-2388.8652123718
"OPTOTRAK _ C08 _ Right _ 2",208.342078505989,-120.657587209292,-2332.59336446614,275.848949810834,-79.2191240412779,-2389.74407476434
"OPTOTRAK _ C08 _ Right _ 2",208.381977027882,-120.874366574833,-2333.35013687517,275.913791409538,-79.5998639542091,-2390.56933606416
"OPTOTRAK _ C08 _ Right _ 2",208.408540150584,-121.080852765653,-2334.03630777948,275.960602789458,-79.94968126149,-2391.30871775358
"OPTOTRAK _ C08 _ Right _ 2",208.409220067298,-121.283228840716,-2334.62855117161,275.975230019072,-80.2669345872831,-2391.9386975194
"OPTOTRAK _ C08 _ Right _ 2",208.374059782754,-121.486400373631,-2335.11235810718,275.946870353549,-80.5512357858208,-2392.4456867376
"OPTOTRAK _ C08 _ Right _ 2",208.295135514841,-121.693644627455,-2335.48238110364,275.867106465293,-80.8032892426913,-2392.82649094393
"OPTOTRAK _ C08 _ Right _ 2",208.166590914569,-121.90659987822,-2335.74227624918,275.729625569776,-81.024984326429,-2393.08804032083
"OPTOTRAK _ C08 _ Right _ 2",207.985407020189,-122.125418034093,-2335.90406042815,275.530947469287,-81.2195261254531,-2393.24634988133
"OPTOTRAK _ C08 _ Right _ 2",207.752647808193,-122.348973138755,-2335.9869220084,275.271941533174,-81.3914105675613,-2393.32468931228
"OPTOTRAK _ C08 _ Right _ 2",207.474635235064,-122.575106267776,-2336.01541871976,274.959466235609,-81.5461439639154,-2393.35102608108
"OPTOTRAK _ C08 _ Right _ 2",207.163463615767,-122.800928919684,-2336.01707946098,274.607316826284,-81.6897204067578,-2393.35493652557
"OPTOTRAK _ C08 _ Right _ 2",206.836462829759,-123.023182911376,-2336.01955895314,274.235861281642,-81.8279582493654,-2393.36432468326
"OPTOTRAK _ C08 _ Right _ 2",206.514559022674,-123.238603103919,-2336.04762981459,273.870178660745,-81.9658362807532,-2393.40239395458
"OPTOTRAK _ C08 _ Right _ 2",206.219817996114,-123.444203512573,-2336.12039975125,273.537002625961,-82.1069569411243,-2393.48531892158
"OPTOTRAK _ C08 _ Right _ 2",205.972671233524,-123.637431177515,-2336.24917639719,273.261124834123,-82.2532119444336,-2393.62093950611
"OPTOTRAK _ C08 _ Right _ 2",205.789366496789,-123.816184317926,-2336.43633417167,273.062015027708,-82.4046637013825,-2393.80859114698
"OPTOTRAK _ C08 _ Right _ 2",205.680088249151,-123.978728083978,-2336.67536065274,272.951290017789,-82.559611235429,-2394.03997000356
"OPTOTRAK _ C08 _ Right _ 2",205.648033547823,-124.12354620851,-2336.95203138798,272.931433554019,-82.7147916672889,-2394.30077075001
"OPTOTRAK _ C08 _ Right _ 2",205.689556838623,-124.249168776813,-2337.24648427245,272.995942485345,-82.865672660986,-2394.57275772777
"OPTOTRAK _ C08 _ Right _ 2",205.795323630726,-124.354039797253,-2337.53589787034,273.130877058292,-83.0068112028467,-2394.8359519024
"OPTOTRAK _ C08 _ Right _ 2",205.952243598375,-124.436508523105,-2337.79747464685,273.317588735905,-83.1322828966132,-2395.07071962568
"OPTOTRAK _ C08 _ Right _ 2",206.145808757527,-124.495000831072,-2338.01139593894,273.536164433406,-83.2362056707946,-2395.25967214874
"OPTOTRAK _ C08 _ Right _ 2",206.362375811728,-124.528346667412,-2338.1633390824,273.768908297268,-83.3133686562942,-2395.38934700734
"OPTOTRAK _ C08 _ Right _ 2",206.59093873163,-124.536154864403,-2338.24612722171,274.0030896652,-83.3599245677545,-2395.45160590272
"OPTOTRAK _ C08 _ Right _ 2",206.824054402746,-124.519097773177,-2338.26021841701,274.23231318861,-83.3740370735786,-2395.44459073204
"OPTOTRAK _ C08 _ Right _ 2",207.057791217598,-124.479017058072,-2338.2130218542,274.456215407189,-83.3563350944302,-2395.37302532423
"OPTOTRAK _ C08 _ Right _ 2",207.290815400624,-124.418853629168,-2338.11733072609,274.678658047521,-83.3100398125938,-2395.24770149798
"OPTOTRAK _ C08 _ Right _ 2",207.52294462117,-124.342474780378,-2337.98933182939,274.905012159483,-83.2406922395356,-2395.0841293754
"OPTOTRAK _ C08 _ Right _ 2",207.753620213576,-124.254476625636,-2337.84661379588,275.139354058831,-83.1554989709632,-2394.90050472192
"OPTOTRAK _ C08 _ Right _ 2",207.980744701446,-124.15998469889,-2337.70639738732,275.382344746655,-83.0624114538189,-2394.71530528771
"OPTOTRAK _ C08 _ Right _ 2",208.200210973112,-124.064404787212,-2337.58399933918,275.630288401932,-82.9691353351826,-2394.54494160196
"OPTOTRAK _ C08 _ Right _ 2",208.406252585522,-123.973049994871,-2337.49147178703,275.875505233092,-82.8822978665625,-2394.40191401566
"OPTOTRAK _ C08 _ Right _ 2",208.592512116658,-123.890628469306,-2337.43648031378,276.107835083801,-82.8069551669563,-2394.29382858466
"OPTOTRAK _ C08 _ Right _ 2",208.75350019819,-123.820694127501,-2337.42166970316,276.316851523834,-82.7465000250984,-2394.22340316806
"OPTOTRAK _ C08 _ Right _ 2",208.885969723616,-123.765248415158,-2337.44480339474,276.494208419699,-82.702882277246,-2394.18932252415
"OPTOTRAK _ C08 _ Right _ 2",208.989737232008,-123.72465067319,-2337.49974922193,276.635493126078,-82.676950193958,-2394.18758661097
"OPTOTRAK _ C08 _ Right _ 2",209.067677636444,-123.697855309766,-2337.57804567782,276.741085133017,-82.6687093753407,-2394.21291472697
"OPTOTRAK _ C08 _ Right _ 2",209.124931188185,-123.682838859546,-2337.67055358179,276.815820625485,-82.677365046636,-2394.25981913275
"OPTOTRAK _ C08 _ Right _ 2",209.167649572202,-123.677004428702,-2337.76870770292,276.867636391374,-82.7011227708878,-2394.32310453791
"OPTOTRAK _ C08 _ Right _ 2",209.201740324149,-123.67739181744,-2337.86509667577,276.905660197027,-82.7368411211896,-2394.39775103002
"OPTOTRAK _ C08 _ Right _ 2",209.232000914735,-123.680659553595,-2337.95340908573,276.938332341295,-82.7797383746062,-2394.47836352478
"OPTOTRAK _ C08 _ Right _ 2",209.261818820152,-123.682976238386,-2338.0280641658,276.972068469768,-82.8234140345947,-2394.55855199076
"OPTOTRAK _ C08 _ Right _ 2",209.293361581268,-123.680063420113,-2338.08395643447,277.010744729863,-82.8603960093929,-2394.63065297764
"OPTOTRAK _ C08 _ Right _ 2",209.328000778959,-123.667589322769,-2338.11660226695,277.055985733276,-82.8832413614035,-2394.68606724017
"OPTOTRAK _ C08 _ Right _ 2",209.366669036399,-123.641931455605,-2338.12266610095,277.107985289609,-82.8859658562073,-2394.716225735
"OPTOTRAK _ C08 _ Right _ 2",209.40993805295,-123.601109935062,-2338.10057755667,277.166491850753,-82.8653874070906,-2394.71394851945
"OPTOTRAK _ C08 _ Right _ 2",209.457774021245,-123.545564365494,-2338.05089444715,277.231654840682,-82.8219499415133,-2394.67485297492
"OPTOTRAK _ C08 _ Right _ 2",209.509099183613,-123.478466145915,-2337.97621873391,277.304572618155,-82.7597518686442,-2394.59850857811
"OPTOTRAK _ C08 _ Right _ 2",209.561401596874,-123.405401808631,-2337.8807055025,277.387503930148,-82.6857499454177,-2394.48913539487
"OPTOTRAK _ C08 _ Right _ 2",209.61065618586,-123.333458556999,-2337.76938605827,277.48373778026,-82.6083451122344,-2394.35572227904
"OPTOTRAK _ C08 _ Right _ 2",209.651746663642,-123.269917689108,-2337.64758824233,277.597064806569,-82.5357246856763,-2394.21149419228
"OPTOTRAK _ C08 _ Right _ 2",209.679433929418,-123.220868214397,-2337.5206798795,277.730738007481,-82.4744130758988,-2394.07272097221
"OPTOTRAK _ C08 _ Right _ 2",209.689743967757,-123.190070418676,-2337.39422453283,277.885874400402,-82.4284507848676,-2393.95693695868
"OPTOTRAK _ C08 _ Right _ 2",209.681491727887,-123.178326293546,-2337.27446853769,278.059496083321,-82.3994590468692,-2393.8807023842
"OPTOTRAK _ C08 _ Right _ 2",209.65754825254,-123.183473936808,-2337.16890755261,278.242773563646,-82.3875771681543,-2393.85708451887
"OPTOTRAK _ C08 _ Right _ 2",209.625408836972,-123.200967981581,-2337.08654492066,278.420361552156,-82.3929721330147,-2393.89313561798
"OPTOTRAK _ C08 _ Right _ 2",209.596639591717,-123.22489792326,-2337.03741216214,278.571851273014,-82.4174316616823,-2393.98785534839
"OPTOTRAK _ C08 _ Right _ 2",209.584899261858,-123.249260467201,-2337.03103988577,278.676166803261,-82.4655259909717,-2394.13139345745
"OPTOTRAK _ C08 _ Right _ 2",209.602497782592,-123.269321316667,-2337.0738722575,278.71908154821,-82.5449362823499,-2394.3063903033
"OPTOTRAK _ C08 _ Right _ 2",209.655871258994,-123.282928241915,-2337.16606082534,278.702896355339,-82.665722003141,-2394.49214946193
"OPTOTRAK _ C08 _ Right _ 2",209.740848644486,-123.291630357462,-2337.29852630995,278.65592437552,-82.8384752737528,-2394.6716660587
"OPTOTRAK _ C08 _ Right _ 2",209.83901084845,-123.301405809517,-2337.45147537095,278.638284774781,-83.0714930586483,-2394.8404697181
"OPTOTRAK _ C08 _ Right _ 2",209.916650646842,-123.322714938456,-2337.59556052659,278.740227401574,-83.3673435701299,-2395.01505630534
"OPTOTRAK _ C08 _ Right _ 2",209.927738375276,-123.36951679548,-2337.69648923111,279.070155863835,-83.7195335967251,-2395.23776198188
"OPTOTRAK _ C08 _ Right _ 2",209.821823857475,-123.456893235053,-2337.72311339507,279.731609129237,-84.110318555516,-2395.57465808678
"OPTOTRAK _ C08 _ Right _ 2",209.556891357449,-123.597129345791,-2337.65796269817,280.791299655926,-84.5108736866098,-2396.10373453686
"OPTOTRAK _ C08 _ Right _ 2",209.115809533321,-123.79456745497,-2337.50805104572,282.243396227491,-84.8849054269197,-2396.89250552169
"OPTOTRAK _ C08 _ Right _ 2",208.523356523534,-124.040197611069,-2337.31291258713,283.978048215142,-85.1962479764874,-2397.96720146623
"OPTOTRAK _ C08 _ Right _ 2",207.85932112346,-124.307515251326,-2337.14657735253,285.763951062382,-85.4200713959334,-2399.27945783863
"OPTOTRAK _ C08 _ Right _ 2",207.262555665509,-124.551368538465,-2337.11090534102,287.254556816525,-85.5561002811319,-2400.6798394469
"OPTOTRAK _ C08 _ Right _ 2",206.921689401318,-124.711163104063,-2337.31953121313,288.024319923033,-85.640865015519,-2401.90916169111
"OPTOTRAK _ C08 _ Right _ 2",207.050765035853,-124.718905082623,-2337.87444496756,287.634697255356,-85.7548142550024,-2402.61697053405
"OPTOTRAK _ C08 _ Right _ 2",207.852077138197,-124.511275673646,-2338.84024306966,285.720363109328,-86.0196890298854,-2402.41106333403
"OPTOTRAK _ C08 _ Right _ 2",209.473070522592,-124.043469300131,-2340.22316741738,282.076868790792,-86.5826032567859,-2400.93318036244
"OPTOTRAK _ C08 _ Right _ 2",211.967731008185,-123.301327543115,-2341.9619878971,276.725780306115,-87.5862821563151,-2397.9460809201
"OPTOTRAK _ C08 _ Right _ 2",215.273563757625,-122.308048197901,-2343.93496083436,269.936053710935,-89.1297346374402,-2393.40974776458
"OPTOTRAK _ C08 _ Right _ 2",219.211708634542,-121.123057656413,-2345.98210373471,262.1923338345,-91.2290847307301,-2387.52372212792
"OPTOTRAK _ C08 _ Right _ 2",223.510564868541,-119.833392250168,-2347.93674481279,254.118623157215,-93.7918818771553,-2380.72109328879
"OPTOTRAK _ C08 _ Right _ 2",227.845393131654,-118.540912956207,-2349.65706748674,246.381856452439,-96.616894618979,-2373.61527299779
"OPTOTRAK _ C08 _ Right _ 2",231.881584865856,-117.350112814522,-2351.04857639029,239.606267498556,-99.4237625299632,-2366.91615503939
"OPTOTRAK _ C08 _ Right _ 2",235.31000784971,-116.360160927771,-2352.07174976402,234.321970073194,-101.905550493274,-2361.33932695685
"OPTOTRAK _ C08 _ Right _ 2",237.868593335517,-115.661734216632,-2352.73414829747,230.952438843743,-103.788352301564,-2357.52700731769
"OPTOTRAK _ C08 _ Right _ 2",239.352307274227,-115.335883779526,-2353.07133380276,229.824189097561,-104.880893366074,-2355.98616162466
"OPTOTRAK _ C08 _ Right _ 2",239.619919780193,-115.450524995629,-2353.1246711105,231.169035788286,-105.103423784246,-2357.03705999793
"OPTOTRAK _ C08 _ Right _ 2",238.60701057628,-116.051122017152,-2352.92504705689,235.092775740389,-104.493848811766,-2360.7630415282
"OPTOTRAK _ C08 _ Right _ 2",236.349144976572,-117.14544927856,-2352.4889313708,241.503859925031,-103.194729779269,-2366.96137171349
"OPTOTRAK _ C08 _ Right _ 2",233.00946273081,-118.686473297156,-2351.82768460738,250.023025276054,-101.426275343069,-2375.10942639794
"OPTOTRAK _ C08 _ Right _ 2",228.896383389229,-120.560393843355,-2350.96489435108,259.916890101925,-99.4502504487826,-2384.36957146651
"OPTOTRAK _ C08 _ Right _ 2",224.455256060832,-122.587113026277,-2349.95278621843,270.10333894122,-97.5307460234507,-2393.65261903549
"OPTOTRAK _ C08 _ Right _ 2",220.224617741183,-124.537485712422,-2348.87935405921,279.259013137916,-95.8998594959257,-2401.74427808426
"OPTOTRAK _ C08 _ Right _ 2",216.760156795171,-126.166663645782,-2347.86226739507,286.024574430238,-94.7360623029595,-2407.47945442671
"OPTOTRAK _ C08 _ Right _ 2",214.541334968519,-127.257493734896,-2347.03112433701,289.265694377977,-94.1574962789389,-2409.93444740039
"OPTOTRAK _ C08 _ Right _ 2",213.881960968831,-127.664041407302,-2346.50334803135,288.322872348294,-94.2239688138417,-2408.60097948675
"OPTOTRAK _ C08 _ Right _ 2",214.865612860663,-127.344163018159,-2346.36000214152,283.18094850844,-94.9368364145709,-2403.50720083871
"OPTOTRAK _ C08 _ Right _ 2",217.321207134084,-126.372273782202,-2346.62703921235,274.509673758799,-96.2303652891585,-2395.25684972695
"OPTOTRAK _ C08 _ Right _ 2",220.845200026642,-124.92872699444,-2347.26625105702,263.562397649087,-97.9595288277078,-2384.96896393922
"OPTOTRAK _ C08 _ Right _ 2",224.866497819046,-123.26894287168,-2348.17859429145,251.959323344766,-99.8991246221959,-2374.11934618738
"OPTOTRAK _ C08 _ Right _ 2",228.740311258479,-121.680944798712,-2349.22009958056,241.411851139834,-101.768747035444,-2364.31006426646
"OPTOTRAK _ C08 _ Right _ 2",231.851136924772,-120.441728621938,-2350.22741372028,233.453836877468,-103.285637749266,-2357.01486182671
"OPTOTRAK _ C08 _ Right _ 2",233.705322488144,-119.780266571876,-2351.04736004404,229.230335274468,-104.230691692491,-2353.35334022467
"OPTOTRAK _ C08 _ Right _ 2",233.999548706093,-119.850087289047,-2351.563968965,229.364008206564,-104.503639694892,-2353.93170086126
"OPTOTRAK _ C08 _ Right _ 2",232.659058933603,-120.710802658278,-2351.71753644505,233.892992590061,-104.146887110588,-2358.7645922302
"OPTOTRAK _ C08 _ Right _ 2",229.844582293402,-122.317771731872,-2351.51270369691,242.266638971047,-103.329586029713,-2367.27699142536
"OPTOTRAK _ C08 _ Right _ 2",225.928768396868,-124.521436517348,-2351.0151492977,253.395941319561,-102.297510303159,-2378.38107209952
"OPTOTRAK _ C08 _ Right _ 2",221.443955568503,-127.079876907692,-2350.33844673598,265.768200976824,-101.306121273337,-2390.62170265931
"OPTOTRAK _ C08 _ Right _ 2",217.006087478872,-129.687328173425,-2349.62402828872,277.634345219435,-100.560806451838,-2402.37650753043
"OPTOTRAK _ C08 _ Right _ 2",213.224832504668,-132.017449029377,-2349.01833016002,287.258304944478,-100.185461267863,-2412.08360596068
"OPTOTRAK _ C08 _ Right _ 2",210.614529067686,-133.774858320533,-2348.65158168422,293.191384201397,-100.22672752673,-2418.46146297695
"OPTOTRAK _ C08 _ Right _ 2",209.521103014428,-134.74449201443,-2348.62138273511,294.51679575066,-100.682393443429,-2420.68747394016
"OPTOTRAK _ C08 _ Right _ 2",210.076038112586,-134.827561059914,-2348.98152629081,291.010321758475,-101.530402457085,-2418.51251643361
"OPTOTRAK _ C08 _ Right _ 2",212.182403419641,-134.055763087904,-2349.73460876649,283.180907378898,-102.737684874309,-2412.29950384361
"OPTOTRAK _ C08 _ Right _ 2",215.532734994767,-132.580997053246,-2350.82766133805,272.182007190632,-104.243663159423,-2402.98000643186
"OPTOTRAK _ C08 _ Right _ 2",219.654932592469,-130.644339670411,-2352.15260075952,259.613269787104,-105.932044314458,-2391.92780637524
"OPTOTRAK _ C08 _ Right _ 2",223.979217806835,-128.533290526737,-2353.55497069832,247.256782444074,-107.615255494126,-2380.75943221087
"OPTOTRAK _ C08 _ Right _ 2",227.916167915348,-126.538278205104,-2354.85313726084,236.805602149259,-109.05158293294,-2371.09061688237
"OPTOTRAK _ C08 _ Right _ 2",230.934184681917,-124.917194620902,-2355.86627882015,229.637784398578,-109.997237279647,-2364.29425502565
"OPTOTRAK _ C08 _ Right _ 2",232.625949962431,-123.871392141325,-2356.44550572816,226.666377305612,-110.274997716259,-2361.30650901043
"OPTOTRAK _ C08 _ Right _ 2",232.756919966744,-123.53117816614,-2356.50045107143,228.265972908004,-109.830728094236,-2362.51089202387
"OPTOTRAK _ C08 _ Right _ 2",231.292361454091,-123.946496015423,-2356.01451211983,234.256741789361,-108.75377343585,-2367.70757597783
"OPTOTRAK _ C08 _ Right _ 2",228.401114656914,-125.080194767126,-2355.04511941594,243.92794654647,-107.252103274101,-2376.16062030799
"OPTOTRAK _ C08 _ Right _ 2",224.434850823543,-126.805332807004,-2353.70972155023,256.099246117724,-105.590510092215,-2386.7110741236
"OPTOTRAK _ C08 _ Right _ 2",219.883325072627,-128.911137293052,-2352.1620983819,269.232519645076,-104.01472967003,-2397.94061054782
"OPTOTRAK _ C08 _ Right _ 2",215.310289270387,-131.122062098301,-2350.56589647048,281.604864752619,-102.690987935268,-2408.36308577466
"OPTOTRAK _ C08 _ Right _ 2",211.279765079339,-133.130736104555,-2349.07217335653,291.534182447201,-101.684348343936,-2416.61478098324
"OPTOTRAK _ C08 _ Right _ 2",208.284850395181,-134.640656450264,-2347.80511592659,297.624895830099,-100.980806988549,-2421.61632477275
"OPTOTRAK _ C08 _ Right _ 2",206.689183710881,-135.410924058034,-2346.85587065661,298.987548510171,-100.536454299636,-2422.69150007206
"OPTOTRAK _ C08 _ Right _ 2",206.686308455763,-135.294462583548,-2346.28081389378,295.388231361808,-100.324616815704,-2419.64173240843
"OPTOTRAK _ C08 _ Right _ 2",208.278192277388,-134.26264598366,-2346.09999579401,287.297972034426,-100.355277233665,-2412.77962632843
"OPTOTRAK _ C08 _ Right _ 2",211.273219439525,-132.412000126976,-2346.29432870402,275.831408168915,-100.657459422962,-2402.91806846528
"OPTOTRAK _ C08 _ Right _ 2",215.304883155183,-129.951885427159,-2346.80406781238,262.584091201778,-101.236020272593,-2391.30163559144
"OPTOTRAK _ C08 _ Right _ 2",219.872174142983,-127.175524935288,-2347.53305444558,249.396617134351,-102.029464334395,-2379.46724827799
"OPTOTRAK _ C08 _ Right _ 2",224.39963944145,-124.419878669144,-2348.36152920462,238.08804127637,-102.896833324626,-2369.03762982896
"OPTOTRAK _ C08 _ Right _ 2",228.310564279204,-122.021522230795,-2349.16624081857,230.205305982813,-103.647064307367,-2361.47726619708
"OPTOTRAK _ C08 _ Right _ 2",231.103541425486,-120.274974857126,-2349.84283362116,226.826268081329,-104.10064338492,-2357.85993708059
"OPTOTRAK _ C08 _ Right _ 2",232.422243571457,-119.397467775591,-2350.32426629711,228.434985974645,-104.154902661618,-2358.69708822756
"OPTOTRAK _ C08 _ Right _ 2",232.109294655216,-119.501955653379,-2350.59050868794,234.870023639335,-103.821752650392,-2363.85916966078
"OPTOTRAK _ C08 _ Right _ 2",230.235951960117,-120.579872649149,-2350.66767173508,245.339856234321,-103.220173367216,-2372.59966988896
"OPTOTRAK _ C08 _ Right _ 2",227.100161133525,-122.496380979564,-2350.61760523963,258.50406362031,-102.527185709352,-2383.67316681234
"OPTOTRAK _ C08 _ Right _ 2",223.188721810811,-125.001652490851,-2350.521120074,272.624091489168,-101.910270645788,-2395.52490288424
"OPTOTRAK _ C08 _ Right _ 2",219.106224146749,-127.760224521904,-2350.4592637335,285.781549555437,-101.472810716657,-2406.5185422722
"OPTOTRAK _ C08 _ Right _ 2",215.482172782155,-130.396614445776,-2350.49748166392,296.144136092007,-101.237096631899,-2415.16355425602
"OPTOTRAK _ C08 _ Right _ 2",212.87385506992,-132.550876867879,-2350.67663769506,302.239226855365,-101.169123965072,-2420.30834518673
"OPTOTRAK _ C08 _ Right _ 2",211.682738316588,-133.934681389481,-2351.01235457146,303.184951119211,-101.226745881611,-2421.27864449772
"OPTOTRAK _ C08 _ Right _ 2",212.097217953675,-134.377727913743,-2351.50063577599,298.833168736242,-101.401010018773,-2417.95471753167
"OPTOTRAK _ C08 _ Right _ 2",214.068052550852,-133.855706559288,-2352.12518141191,289.795105275039,-101.726108639127,-2410.78732266259
"OPTOTRAK _ C08 _ Right _ 2",217.317760863591,-132.494127836408,-2352.86195782513,277.343046659964,-102.252475939956,-2400.7500680784
"OPTOTRAK _ C08 _ Right _ 2",221.381695437327,-130.546986514398,-2353.67930024504,263.206505557342,-102.999611841294,-2389.22320996961
"OPTOTRAK _ C08 _ Right _ 2",225.674915004092,-128.354774076393,-2354.53523129964,249.304419843958,-103.918277422407,-2377.8112170998
"OPTOTRAK _ C08 _ Right _ 2",229.574973116295,-126.291106099302,-2355.37575782764,237.468808562793,-104.887717839862,-2368.1151800196
"OPTOTRAK _ C08 _ Right _ 2",232.508112680845,-124.708859825784,-2356.13779009346,229.211681947337,-105.753819983781,-2361.50023412305
"OPTOTRAK _ C08 _ Right _ 2",234.027072914294,-123.894175809959,-2356.75823751398,225.564703944198,-106.390577818098,-2358.90271759767
"OPTOTRAK _ C08 _ Right _ 2",233.872201022904,-124.031747774867,-2357.18770281379,226.9915274494,-106.754469352636,-2360.70805008894
"OPTOTRAK _ C08 _ Right _ 2",232.0108377492,-125.181168167561,-2357.40448521541,233.354337939466,-106.905233441249,-2366.70973090472
"OPTOTRAK _ C08 _ Right _ 2",228.650762638461,-127.264173073452,-2357.42371158131,243.919939710341,-106.982250533499,-2376.14633868846
"OPTOTRAK _ C08 _ Right _ 2",224.222813475071,-130.065518360449,-2357.29772994407,257.410181251826,-107.144990016647,-2387.80903945688
"OPTOTRAK _ C08 _ Right _ 2",219.329095766646,-133.252423637242,-2357.10671998125,272.117376109397,-107.502241904752,-2400.20808592367
"OPTOTRAK _ C08 _ Right _ 2",214.659162041251,-136.415862873166,-2356.94180246754,286.10089315416,-108.062201495236,-2411.7768216985
"OPTOTRAK _ C08 _ Right _ 2",210.885961111779,-139.131124545172,-2356.88576823236,297.455045442322,-108.728450809689,-2421.08068329813
"OPTOTRAK _ C08 _ Right _ 2",208.561201033972,-141.027756276325,-2356.99758319695,304.605754567982,-109.345722130573,-2426.99710878854
"OPTOTRAK _ C08 _ Right _ 2",208.031178449668,-141.854013910669,-2357.30499766669,306.573318763836,-109.774079042199,-2428.84371146981
"OPTOTRAK _ C08 _ Right _ 2",209.388596967312,-141.520610534471,-2357.80559859769,303.140421380575,-109.955320778155,-2426.44836901243
"OPTOTRAK _ C08 _ Right _ 2",212.467033675373,-140.113011943027,-2358.47306963981,294.885070263141,-109.939304403014,-2420.16394077983
"OPTOTRAK _ C08 _ Right _ 2",216.876236713119,-137.86934506519,-2359.26448271713,283.069124274335,-109.857810762048,-2410.82828834812
"OPTOTRAK _ C08 _ Right _ 2",222.06950095655,-135.130132776174,-2360.12605347548,269.407242370429,-109.859303205539,-2399.66542272624
"OPTOTRAK _ C08 _ Right _ 2",227.428818715244,-132.27394431061,-2360.99716098584,255.771159618373,-110.036844518677,-2388.1282156885
"OPTOTRAK _ C08 _ Right _ 2",232.350452566481,-129.656517423091,-2361.81391811957,243.90007477006,-110.38356982656,-2377.70040243006
"OPTOTRAK _ C08 _ Right _ 2",236.3153726762,-127.567660608516,-2362.51363252219,235.180198835181,-110.794224490876,-2369.69424632767
"OPTOTRAK _ C08 _ Right _ 2",238.936227178987,-126.211163306706,-2363.04045524079,230.524865784349,-111.107480585412,-2365.08384457216
"OPTOTRAK _ C08 _ Right _ 2",239.981869415941,-125.702692463715,-2363.35117118507,230.345132276559,-111.166498199853,-2364.39804925809
"OPTOTRAK _ C08 _ Right _ 2",239.386654361436,-126.074872580973,-2363.41940062601,234.571906468791,-110.871955902602,-2367.67436671278
"OPTOTRAK _ C08 _ Right _ 2",237.251524236901,-127.280144082575,-2363.23701335326,242.689873081775,-110.209617599042,-2374.46338598634
"OPTOTRAK _ C08 _ Right _ 2",233.838375845014,-129.188849677107,-2362.81283991398,253.768176765959,-109.246537025452,-2383.87691305039
"OPTOTRAK _ C08 _ Right _ 2",229.552769360448,-131.587714539608,-2362.16967231158,266.504503668062,-108.101709394851,-2394.68148874472
"OPTOTRAK _ C08 _ Right _ 2",224.907825098912,-134.187890891502,-2361.34061636315,279.316165582674,-106.906155819758,-2405.4390893762
"OPTOTRAK _ C08 _ Right _ 2",220.46662540231,-136.649941708405,-2360.3657731956,290.502616776942,-105.771097686877,-2414.68561207544
"OPTOTRAK _ C08 _ Right _ 2",216.769215982077,-138.626779190794,-2359.29055796358,298.473990827222,-104.777555683235,-2421.12404644001
"OPTOTRAK _ C08 _ Right _ 2",214.257623318941,-139.818053254504,-2358.16690764741,302.007461962423,-103.987081634061,-2423.80356920075
"OPTOTRAK _ C08 _ Right _ 2",213.213696534545,-140.024167226141,-2357.0569187872,300.474458169124,-103.459121862677,-2422.2601029799
"OPTOTRAK _ C08 _ Right _ 2",213.720356103145,-139.186731927969,-2356.03555311964,293.982897406715,-103.255727343342,-2416.60128686522
"OPTOTRAK _ C08 _ Right _ 2",215.650884118357,-137.404849364741,-2355.18745715847,283.395603779578,-103.422987283853,-2407.52234713171
"OPTOTRAK _ C08 _ Right _ 2",218.686501644268,-134.922146310413,-2354.59478615845,270.212590961509,-103.955608477105,-2396.23986128524
"OPTOTRAK _ C08 _ Right _ 2",222.359791351987,-132.086604155512,-2354.31768416335,256.336112370655,-104.766047395128,-2384.33620680199
"OPTOTRAK _ C08 _ Right _ 2",226.118826205211,-129.292203391901,-2354.37392793329,243.766701501349,-105.68255960207,-2373.52580223392
"OPTOTRAK _ C08 _ Right _ 2",229.403507244761,-126.915885158403,-2354.72622345131,234.2952949609,-106.487615716636,-2365.38119472218
"OPTOTRAK _ C08 _ Right _ 2",231.723016159358,-125.263239513509,-2355.28346980639,229.251668880795,-106.985672254325,-2361.07692224964
"OPTOTRAK _ C08 _ Right _ 2",232.723049757756,-124.531626333473,-2355.91692419196,229.344327451837,-107.071206227675,-2361.20726454684
"OPTOTRAK _ C08 _ Right _ 2",232.233384442838,-124.792887674392,-2356.48621972355,234.596539455946,-106.765436822551,-2365.71136630777
"OPTOTRAK _ C08 _ Right _ 2",230.288977965539,-125.993084069373,-2356.8665778241,244.36508730854,-106.203720581828,-2373.9104537928
"OPTOTRAK _ C08 _ Right _ 2",227.120969323156,-127.965418260409,-2356.96904950682,257.427856086256,-105.577375099709,-2384.63965646822
"OPTOTRAK _ C08 _ Right _ 2",223.118562427828,-130.453437759409,-2356.74967525387,272.133202926555,-105.054252329714,-2396.44280851331
"OPTOTRAK _ C08 _ Right _ 2",218.769035915296,-133.142357237829,-2356.20866591043,286.603751818121,-104.713246951994,-2407.78981212034
"OPTOTRAK _ C08 _ Right _ 2",214.588717098117,-135.695751877135,-2355.38427590835,298.975981216016,-104.522707669471,-2417.27499139381
"OPTOTRAK _ C08 _ Right _ 2",211.05901663983,-137.793730924688,-2354.34622169521,307.643653868783,-104.371955251883,-2423.76629842383
"OPTOTRAK _ C08 _ Right _ 2",208.576854923632,-139.168491723401,-2353.19052886784,311.4689687533,-104.139143534362,-2426.49744031855
"OPTOTRAK _ C08 _ Right _ 2",207.420758243459,-139.634258151687,-2352.03385101959,309.932554593113,-103.761690414047,-2425.11648792689
"OPTOTRAK _ C08 _ Right _ 2",207.728138106019,-139.109840549838,-2351.00354706182,303.205090157624,-103.275438139396,-2419.71188355563
"OPTOTRAK _ C08 _ Right _ 2",209.479644950619,-137.632017998133,-2350.22153602104,292.132256598911,-102.803863458802,-2410.82530356704
"OPTOTRAK _ C08 _ Right _ 2",212.491946238472,-135.356759762414,-2349.78393953759,278.13089586441,-102.501655364146,-2399.43892187398
"OPTOTRAK _ C08 _ Right _ 2",216.425756341865,-132.544880142108,-2349.74199845734,263.003330910845,-102.478812634135,-2386.90889526809
"OPTOTRAK _ C08 _ Right _ 2",220.816342189093,-129.531033235753,-2350.09048256329,248.692450525964,-102.742574317229,-2374.82180494719
"OPTOTRAK _ C08 _ Right _ 2",225.127803542197,-126.679791534531,-2350.7674868601,237.017652828897,-103.187531371455,-2364.77818573735
"OPTOTRAK _ C08 _ Right _ 2",228.823765047599,-124.337084061744,-2351.66559465344,229.439395871261,-103.64014975991,-2358.14248859711
"OPTOTRAK _ C08 _ Right _ 2",231.441222749846,-122.786294271841,-2352.65087143312,226.889384538097,-103.935471948435,-2355.81931936572
"OPTOTRAK _ C08 _ Right _ 2",232.654068790694,-122.215262979399,-2353.58430695174,229.679317090548,-103.987955735798,-2358.10914118603
"OPTOTRAK _ C08 _ Right _ 2",232.31668282255,-122.69599257744,-2354.34048005031,237.480280470261,-103.823104831712,-2364.67050626101
"OPTOTRAK _ C08 _ Right _ 2",230.482344722789,-124.176387413744,-2354.82015196167,249.360506263925,-103.556436070273,-2374.5878380923
"OPTOTRAK _ C08 _ Right _ 2",227.394413064623,-126.48383693399,-2354.95645090997,263.878268543726,-103.33068602935,-2386.52381729233
"OPTOTRAK _ C08 _ Right _ 2",223.451409109847,-129.341795316299,-2354.71694846791,279.234021750438,-103.241540595132,-2398.92290926766
"OPTOTRAK _ C08 _ Right _ 2",219.151735845157,-132.400044236039,-2354.10491353333,293.479735143661,-103.288666840943,-2410.22617445435
"OPTOTRAK _ C08 _ Right _ 2",215.028466579443,-135.276483520255,-2353.16193085363,304.766075208384,-103.377562230231,-2419.06034262819
"OPTOTRAK _ C08 _ Right _ 2",211.586039343601,-137.605003297024,-2351.9714537669,311.592085879127,-103.372340141282,-2424.37831762187
"OPTOTRAK _ C08 _ Right _ 2",209.246954589992,-139.082512303207,-2350.65985921248,313.017455996026,-103.173193861109,-2425.54851804918
"OPTOTRAK _ C08 _ Right _ 2",208.310126029624,-139.508987388107,-2349.38974653646,308.804056905012,-102.779358339139,-2422.40539576851
"OPTOTRAK _ C08 _ Right _ 2",208.918389328346,-138.816078870135,-2348.34118683345,299.464165171901,-102.304989966905,-2415.2736739058
"OPTOTRAK _ C08 _ Right _ 2",211.034008009888,-137.080838015071,-2347.68089727026,286.203473141212,-101.937415421314,-2404.96463319041
"OPTOTRAK _ C08 _ Right _ 2",214.426436048272,-134.52149224332,-2347.52536167364,270.75998238487,-101.854762281146,-2392.72555913971
"OPTOTRAK _ C08 _ Right _ 2",218.681256909707,-131.47330687418,-2347.90866812656,255.158572433701,-102.141103973133,-2380.11894117751
"OPTOTRAK _ C08 _ Right _ 2",223.238513038679,-128.345710726898,-2348.7664076338,241.422376926451,-102.740782895392,-2368.82499579535
"OPTOTRAK _ C08 _ Right _ 2",227.461704059767,-125.566448415303,-2349.94261915133,231.295278174755,-103.475206829058,-2360.39301751485
"OPTOTRAK _ C08 _ Right _ 2",230.729139693956,-123.522100465512,-2351.21941401021,226.023988206302,-104.113849818564,-2355.99417863295
"OPTOTRAK _ C08 _ Right _ 2",232.532120163509,-122.504606179921,-2352.36177593063,226.223892875989,-104.464875615958,-2356.23270446064
"OPTOTRAK _ C08 _ Right _ 2",232.562086877648,-122.670641181301,-2353.16566439158,231.825562346597,-104.444169334324,-2361.05333711997
"OPTOTRAK _ C08 _ Right _ 2",230.770473862544,-124.017463365708,-2353.49712645923,242.08714334036,-104.094952170952,-2369.75614765113
"OPTOTRAK _ C08 _ Right _ 2",227.38867406028,-126.377494395617,-2353.31353675267,255.666139453787,-103.553837025516,-2381.1090841748
"OPTOTRAK _ C08 _ Right _ 2",222.901199220888,-129.434071594816,-2352.66395016863,270.75819431557,-102.982702128733,-2393.53552373181
"OPTOTRAK _ C08 _ Right _ 2",217.973729136538,-132.75990019216,-2351.67161251691,285.311151854895,-102.500594695268,-2405.34400266251
"OPTOTRAK _ C08 _ Right _ 2",213.348344198785,-135.875937619901,-2350.50584545334,297.303152504545,-102.148755393968,-2414.9609337435
"OPTOTRAK _ C08 _ Right _ 2",209.726549529374,-138.322857807471,-2349.35159392403,305.045101569662,-101.903107123106,-2421.13013035896
"OPTOTRAK _ C08 _ Right _ 2",207.662279921921,-139.732882218587,-2348.38278273335,307.449136977607,-101.721494614976,-2423.05687756574
"OPTOTRAK _ C08 _ Right _ 2",207.481801467684,-139.888734008545,-2347.74167384214,304.206171417546,-101.593855428121,-2420.49152383779
"OPTOTRAK _ C08 _ Right _ 2",209.239681143779,-138.758682343575,-2347.52335414617,295.834284918983,-101.563543499182,-2413.75678157818
"OPTOTRAK _ C08 _ Right _ 2",212.714066523078,-136.500941837574,-2347.76436357715,283.587029379675,-101.706056721955,-2403.71954872005
"OPTOTRAK _ C08 _ Right _ 2",217.440790985724,-133.436351286162,-2348.43666976523,269.240161921451,-102.076803847733,-2391.69962447714
"OPTOTRAK _ C08 _ Right _ 2",222.78183918544,-129.994823444761,-2349.44998535594,254.802185733909,-102.658738138836,-2379.30817847679
"OPTOTRAK _ C08 _ Right _ 2",228.018121787947,-126.647090162177,-2350.6646270866,242.211096521636,-103.342745786664,-2368.2258364635
"OPTOTRAK _ C08 _ Right _ 2",232.451282666934,-123.836145182143,-2351.91391991516,233.078328350717,-103.956187223149,-2359.95579210741
"OPTOTRAK _ C08 _ Right _ 2",235.497938063751,-121.920570824113,-2353.03160718141,228.518274344134,-104.327962156775,-2355.60267147734
"OPTOTRAK _ C08 _ Right _ 2",236.763584260414,-121.135630042876,-2353.87789850634,229.067275604851,-104.358795829129,-2355.72066103349
"OPTOTRAK _ C08 _ Right _ 2",236.089621462095,-121.571569797746,-2354.35842215005,234.668656889862,-104.06368715857,-2360.25124493507
"OPTOTRAK _ C08 _ Right _ 2",233.571328630217,-123.166001691853,-2354.43291998828,244.696014102914,-103.567222448246,-2368.54933176172
"OPTOTRAK _ C08 _ Right _ 2",229.545756208005,-125.709210510174,-2354.11382926716,258.004729071861,-103.05276529147,-2379.48603942188
"OPTOTRAK _ C08 _ Right _ 2",224.548824228217,-128.864685306448,-2353.45753773187,273.024025485362,-102.68594840221,-2391.61168777749
"OPTOTRAK _ C08 _ Right _ 2",219.243934037754,-132.207827865741,-2352.55212935423,287.908616541515,-102.545534022231,-2403.35530831579
"OPTOTRAK _ C08 _ Right _ 2",214.330832182749,-135.281861290675,-2351.50495697194,300.753490787933,-102.593982474766,-2413.22861332812
"OPTOTRAK _ C08 _ Right _ 2",210.449791794533,-137.66356425574,-2350.43209713189,309.848751109395,-102.702862621057,-2420.00222517317
"OPTOTRAK _ C08 _ Right _ 2",208.097596199541,-139.026750693169,-2349.4500432649,313.931458651712,-102.7214103137,-2422.83477620297
"OPTOTRAK _ C08 _ Right _ 2",207.567136353665,-139.191064472676,-2348.66815177015,312.38731812855,-102.554751718262,-2421.35372070127
"OPTOTRAK _ C08 _ Right _ 2",208.915456173664,-138.147133166938,-2348.17940613589,305.363347491174,-102.213465596677,-2415.69659007004
"OPTOTRAK _ C08 _ Right _ 2",211.960528576608,-136.054141426293,-2348.04823806344,293.7665893638,-101.810143519434,-2406.51584473254
"OPTOTRAK _ C08 _ Right _ 2",216.305922066508,-133.210880855985,-2348.29722060989,279.141912581208,-101.504517529243,-2394.93597285553
"OPTOTRAK _ C08 _ Right _ 2",221.391893681029,-130.006145868853,-2348.89740404124,263.445510115852,-101.42482150012,-2382.44377016567
"OPTOTRAK _ C08 _ Right _ 2",226.568335419348,-126.858734950325,-2349.76766925796,248.756272603669,-101.60605188081,-2370.70422319446
"OPTOTRAK _ C08 _ Right _ 2",231.179936508443,-124.159615856316,-2350.78607442382,236.9836182512,-101.976958689787,-2361.32253592751
"OPTOTRAK _ C08 _ Right _ 2",234.650546687674,-122.226889113063,-2351.81198594697,229.626047409993,-102.400681269465,-2355.59944992678
"OPTOTRAK _ C08 _ Right _ 2",236.554839210144,-121.278060599242,-2352.71377324981,227.60942594343,-102.745316740015,-2354.33311452995
"OPTOTRAK _ C08 _ Right _ 2",236.669825800878,-121.417108724889,-2353.3945646207,231.203256244101,-102.947252870521,-2357.70420432217
"OPTOTRAK _ C08 _ Right _ 2",235.002775108878,-122.630280665619,-2353.80882691773,239.997632097752,-103.036653622876,-2365.25690171154
"OPTOTRAK _ C08 _ Right _ 2",231.793187758921,-124.786426890274,-2353.9653346265,252.931280045936,-103.114179190013,-2375.97138943903
"OPTOTRAK _ C08 _ Right _ 2",227.485914197257,-127.643001146725,-2353.9164537895,268.38011892976,-103.291058179826,-2388.41411681489
"OPTOTRAK _ C08 _ Right _ 2",222.673978187766,-130.863191983824,-2353.7380111604,284.324613288653,-103.622628004698,-2400.94270031053
"OPTOTRAK _ C08 _ Right _ 2",218.015692372662,-134.049328189776,-2353.50691799122,298.600228713356,-104.070427700918,-2411.93158737608
"OPTOTRAK _ C08 _ Right _ 2",214.139174608136,-136.792455954636,-2353.28414662817,309.205004283337,-104.514764154637,-2419.98060766568
"OPTOTRAK _ C08 _ Right _ 2",211.552665353992,-138.731087381356,-2353.10808442527,314.610790597122,-104.812954412329,-2424.0779462432
"OPTOTRAK _ C08 _ Right _ 2",210.577054144285,-139.607613950562,-2352.99837498748,314.015285290166,-104.873050523421,-2423.70733219279
"OPTOTRAK _ C08 _ Right _ 2",211.309450269569,-139.310568491726,-2352.9654407507,307.481914816425,-104.703844022434,-2418.9032454801
"OPTOTRAK _ C08 _ Right _ 2",213.618847471609,-137.893907721375,-2353.0187578041,295.936409599082,-104.413986090929,-2410.25807289916
"OPTOTRAK _ C08 _ Right _ 2",217.170518971089,-135.569098837395,-2353.1687118224,281.01674199917,-104.159282717344,-2398.87446844099
"OPTOTRAK _ C08 _ Right _ 2",221.474099418663,-132.671189609375,-2353.42115032273,264.80422888226,-104.064488284026,-2386.24876067054
"OPTOTRAK _ C08 _ Right _ 2",225.948886469393,-129.605729911862,-2353.76803914466,249.492265177362,-104.160172965006,-2374.0804991385
"OPTOTRAK _ C08 _ Right _ 2",229.997979546753,-126.787840705798,-2354.17992503755,237.063972128979,-104.367678098543,-2364.02891129891
"OPTOTRAK _ C08 _ Right _ 2",233.082078453209,-124.585532070148,-2354.60544337521,229.040808225907,-104.539173407273,-2357.46276104322
"OPTOTRAK _ C08 _ Right _ 2",234.785389525584,-123.275678782858,-2354.98018801896,226.332502827771,-104.531018521691,-2355.25677850413
"OPTOTRAK _ C08 _ Right _ 2",234.868815082371,-123.015100394929,-2355.24297572625,229.181405083437,-104.273707548175,-2357.67182145099
"OPTOTRAK _ C08 _ Right _ 2",233.30668815416,-123.824925268643,-2355.35374158902,237.173357638927,-103.806152694073,-2364.33135191561
"OPTOTRAK _ C08 _ Right _ 2",230.301739133385,-125.586347552118,-2355.30597360096,249.292280615232,-103.259939995203,-2374.28903485754
"OPTOTRAK _ C08 _ Right _ 2",226.270936573494,-128.049067139648,-2355.12854107491,264.016530802243,-102.801401809029,-2386.17326097321
"OPTOTRAK _ C08 _ Right _ 2",221.796303745997,-130.85647534396,-2354.87605000181,279.47044464131,-102.558266122418,-2398.38656769433
"OPTOTRAK _ C08 _ Right _ 2",217.542171390356,-133.590438008246,-2354.61150244263,293.63938209128,-102.565692969128,-2409.3281597157
"OPTOTRAK _ C08 _ Right _ 2",214.151380349825,-135.832755535681,-2354.38805880785,304.633668347971,-102.757737870503,-2417.6025914406
"OPTOTRAK _ C08 _ Right _ 2",212.141512997678,-137.233126993942,-2354.23674907831,310.962078235738,-103.006971402296,-2422.18463821123
"OPTOTRAK _ C08 _ Right _ 2",211.823080476653,-137.569041721293,-2354.16396855773,311.763745916811,-103.189823029151,-2422.52728312172
"OPTOTRAK _ C08 _ Right _ 2",213.254884447098,-136.783769022669,-2354.15805844277,306.95185395904,-103.242949581812,-2418.61513854714
"OPTOTRAK _ C08 _ Right _ 2",216.242064270905,-134.99376577144,-2354.20058536152,297.237734569445,-103.182637739392,-2410.96906001785
"OPTOTRAK _ C08 _ Right _ 2",220.373848149882,-132.4641542397,-2354.27674722905,284.025235287645,-103.080040487639,-2400.59947131906
"OPTOTRAK _ C08 _ Right _ 2",225.091897701036,-129.55845546818,-2354.38071244359,269.190819970125,-103.00892818436,-2388.89764313423
"OPTOTRAK _ C08 _ Right _ 2",229.775888286596,-126.674809593887,-2354.51455034204,254.791499217603,-102.997539074424,-2377.45943879714
"OPTOTRAK _ C08 _ Right _ 2",233.830968880798,-124.183556721534,-2354.6823328072,242.761172541979,-103.01336148539,-2367.85766488937
"OPTOTRAK _ C08 _ Right _ 2",236.76323286229,-122.378877234923,-2354.88282191648,234.655501095445,-102.989772873826,-2361.40434323049
"OPTOTRAK _ C08 _ Right _ 2",238.234218490456,-121.450906267152,-2355.10422436871,231.4831812064,-102.878238918826,-2358.95451546736
"OPTOTRAK _ C08 _ Right _ 2",238.091209855506,-121.477472490835,-2355.32281877011,233.628729993754,-102.69477619903,-2360.79144535303
"OPTOTRAK _ C08 _ Right _ 2",236.373696868698,-122.429976335471,-2355.50483836165,240.848011641546,-102.532171999779,-2366.60902102514
"OPTOTRAK _ C08 _ Right _ 2",233.297177583846,-124.187486934392,-2355.60942444319,252.31479251439,-102.526479000736,-2375.58526101254
"OPTOTRAK _ C08 _ Right _ 2",229.215850138492,-126.555561040721,-2355.59082462735,266.709252617652,-102.788965955249,-2386.52632433914
"OPTOTRAK _ C08 _ Right _ 2",224.568389790007,-129.288661121953,-2355.3999595267,282.350792568164,-103.334089292011,-2398.05012166125
"OPTOTRAK _ C08 _ Right _ 2",219.816087302595,-132.11527689375,-2354.98755911658,297.375402253686,-104.041119007944,-2408.7718247352
"OPTOTRAK _ C08 _ Right _ 2",215.386767227714,-134.763272498701,-2354.31163736992,309.944742516876,-104.675509169302,-2417.45615678544
"OPTOTRAK _ C08 _ Right _ 2",211.636668067568,-136.981899778753,-2353.35024439157,318.46226927995,-104.969040792125,-2423.11781540838
"OPTOTRAK _ C08 _ Right _ 2",208.834545750929,-138.55835278965,-2352.11677886309,321.769837876445,-104.728711561293,-2425.07608288703
"OPTOTRAK _ C08 _ Right _ 2",207.161550090201,-139.330295169797,-2350.67170629629,319.30357507683,-103.928381900694,-2422.98837794543
"OPTOTRAK _ C08 _ Right _ 2",206.713610936137,-139.198648355441,-2349.12367767084,311.191914437688,-102.741280396339,-2416.88769112441
"OPTOTRAK _ C08 _ Right _ 2",207.494782641016,-138.144076091429,-2347.61585215115,298.27807815301,-101.493208233662,-2407.2291334649
"OPTOTRAK _ C08 _ Right _ 2",209.399537015285,-136.245536186205,-2346.29876270256,282.049338311178,-100.547890746221,-2394.92246887075
"OPTOTRAK _ C08 _ Right _ 2",212.193788289004,-133.692910978216,-2345.29688042791,264.46469036121,-100.166438765174,-2381.30824850961
"OPTOTRAK _ C08 _ Right _ 2",215.511392134518,-130.782686701521,-2344.67936590855,247.694257196857,-100.398915767175,-2368.03965042017
"OPTOTRAK _ C08 _ Right _ 2",218.880613122596,-127.88896442581,-2344.44469154466,233.810699302248,-101.056520986491,-2356.86280561876
"OPTOTRAK _ C08 _ Right _ 2",221.784630280533,-125.410682721383,-2344.52426175315,224.490559354048,-101.778375477729,-2349.33141922188
"OPTOTRAK _ C08 _ Right _ 2",223.747178850965,-123.705061861794,-2344.80385694595,220.780109778355,-102.164128150155,-2346.52319097737
"OPTOTRAK _ C08 _ Right _ 2",224.425036101631,-123.022104686932,-2345.15603805286,222.958056691457,-101.916352488783,-2348.82903670369
"OPTOTRAK _ C08 _ Right _ 2",223.685854975744,-123.454318013189,-2345.473402788,230.502375760752,-100.937843042416,-2355.86395221387
"OPTOTRAK _ C08 _ Right _ 2",221.651796166736,-124.912086497149,-2345.69284629183,242.156012618312,-99.353041407947,-2366.51652557727
"OPTOTRAK _ C08 _ Right _ 2",218.695063778566,-127.130871783977,-2345.80469982355,256.086164419659,-97.4553473940222,-2379.12533327781
"OPTOTRAK _ C08 _ Right _ 2",215.380878503256,-129.711681767994,-2345.84630201301,270.13070062436,-95.6096124321417,-2391.74789010177
"OPTOTRAK _ C08 _ Right _ 2",212.366226703453,-132.189930563469,-2345.8847582645,282.111757178548,-94.1516644655262,-2402.47216601579
"OPTOTRAK _ C08 _ Right _ 2",210.275332316766,-134.120492619152,-2345.99624144661,290.173968776528,-93.3193308701771,-2409.71549971428
"OPTOTRAK _ C08 _ Right _ 2",209.579642242221,-135.161342494855,-2346.24839461303,293.087345029951,-93.2271378678127,-2412.46335454831
"OPTOTRAK _ C08 _ Right _ 2",210.508117261304,-135.137538491492,-2346.68913181991,290.454186644683,-93.8740674425289,-2410.41662196798
"OPTOTRAK _ C08 _ Right _ 2",213.004678563298,-134.072009132129,-2347.34157702815,282.776730521162,-95.164124934073,-2404.03252167606
"OPTOTRAK _ C08 _ Right _ 2",216.738356373793,-132.177795201595,-2348.20302466621,271.370648465955,-96.9259806304895,-2394.45524240484
"OPTOTRAK _ C08 _ Right _ 2",221.16145632722,-129.815332997873,-2349.24601638785,258.141322125747,-98.9323531101929,-2383.34114775097
"OPTOTRAK _ C08 _ Right _ 2",225.603121113538,-127.425611763637,-2350.42084684877,245.268125810391,-100.929727494916,-2372.59690361801
"OPTOTRAK _ C08 _ Right _ 2",229.38060352765,-125.453861464947,-2351.65994675079,234.859226597045,-102.686038515672,-2364.06909514887
"OPTOTRAK _ C08 _ Right _ 2",231.909250967237,-124.278043700378,-2352.885173216,228.638996228051,-104.049347059177,-2359.24171503692
"OPTOTRAK _ C08 _ Right _ 2",232.794631153048,-124.152623922963,-2354.01872564256,227.712119069912,-104.99527911692,-2359.00033461414
"OPTOTRAK _ C08 _ Right _ 2",231.89457876838,-125.173231913129,-2354.99685576386,232.423239197674,-105.637569661598,-2363.5051534947
"OPTOTRAK _ C08 _ Right _ 2",229.343060126029,-127.264230220648,-2355.78321171452,242.313361511559,-106.188259607935,-2372.1887906456
"OPTOTRAK _ C08 _ Right _ 2",225.531528976236,-130.189493644685,-2356.37712045865,256.170993242654,-106.875601307994,-2383.87039785428
"OPTOTRAK _ C08 _ Right _ 2",221.048693430369,-133.585497566753,-2356.81290652342,272.17932817353,-107.848481205344,-2396.95926893346
"OPTOTRAK _ C08 _ Right _ 2",216.587256645095,-137.013484377174,-2357.14954755817,288.156246114868,-109.106783923031,-2409.70721728196
"OPTOTRAK _ C08 _ Right _ 2",212.834077540609,-140.023936505705,-2357.45398109747,301.865698103556,-110.490434195058,-2420.4619206525
"OPTOTRAK _ C08 _ Right _ 2",210.364235381366,-142.22343672717,-2357.78389254011,311.35586714818,-111.735601839176,-2427.87922096177
"OPTOTRAK _ C08 _ Right _ 2",209.557283490962,-143.332946698296,-2358.17532600183,315.265647576482,-112.575614928671,-2431.07152057404
"OPTOTRAK _ C08 _ Right _ 2",210.547202780694,-143.227935089126,-2358.63751474264,313.043457508944,-112.843194547935,-2429.69172830031
"OPTOTRAK _ C08 _ Right _ 2",213.21027666818,-141.953863456549,-2359.15419195983,305.037855200795,-112.530463331573,-2423.96358659151
"OPTOTRAK _ C08 _ Right _ 2",217.189872880954,-139.714593291656,-2359.68920656967,292.441682268641,-111.782737773381,-2414.66391261808
"OPTOTRAK _ C08 _ Right _ 2",221.953280950869,-136.836124987752,-2360.19444115627,277.097532950752,-110.831752900166,-2403.04868684861
"OPTOTRAK _ C08 _ Right _ 2",226.871563757974,-133.7132328887,-2360.61848467723,261.200137352283,-109.900629337968,-2390.70948296947
"OPTOTRAK _ C08 _ Right _ 2",231.309066700287,-130.750409484161,-2360.91453606857,246.954395578323,-109.123994453797,-2379.3603557929
"OPTOTRAK _ C08 _ Right _ 2",234.707385501055,-128.308941486974,-2361.04608557896,236.256157429666,-108.515961645616,-2370.58269269486
"OPTOTRAK _ C08 _ Right _ 2",236.651460700097,-126.668115295371,-2360.98968490782,230.449690345942,-107.992303104408,-2365.57805110682
"OPTOTRAK _ C08 _ Right _ 2",236.911986744451,-126.002321259129,-2360.73531009145,230.186074917192,-107.427219557823,-2364.98092246745
"OPTOTRAK _ C08 _ Right _ 2",235.464373611315,-126.370786003227,-2360.28549085084,235.377273488862,-106.713529351628,-2368.76581064188
"OPTOTRAK _ C08 _ Right _ 2",232.486567980207,-127.71557947906,-2359.65404973509,245.227903208638,-105.800356001223,-2376.25984111779
"OPTOTRAK _ C08 _ Right _ 2",228.336588218803,-129.866258321898,-2358.86449364651,258.332859557732,-104.698106808067,-2386.25374808318
"OPTOTRAK _ C08 _ Right _ 2",223.509460169321,-132.553116517994,-2357.94768676451,272.840073745294,-103.458447350984,-2397.19028625507
"OPTOTRAK _ C08 _ Right _ 2",218.575638516161,-135.432193065219,-2356.93876739473,286.67778993943,-102.149236811922,-2407.39709275734
"OPTOTRAK _ C08 _ Right _ 2",214.108390892859,-138.122796708153,-2355.87405993703,297.830935053931,-100.844219083233,-2415.32395420227
"OPTOTRAK _ C08 _ Right _ 2",210.611911414794,-140.254149991613,-2354.78925571442,304.631255822091,-99.6334860946397,-2419.74808831064
"OPTOTRAK _ C08 _ Right _ 2",208.461398896541,-141.514721841645,-2353.71967109363,306.013725799409,-98.6416514821043,-2419.92486800866
"OPTOTRAK _ C08 _ Right _ 2",207.861419249678,-141.697229185991,-2352.70193635012,301.692518828407,-98.0297853465011,-2415.67678578465
"OPTOTRAK _ C08 _ Right _ 2",208.823731083721,-140.733131494349,-2351.77506177985,292.220880040461,-97.963054243959,-2407.42099721798
"OPTOTRAK _ C08 _ Right _ 2",211.164041962744,-138.711136231135,-2350.97871209434,278.916829206143,-98.5462700999483,-2396.13347024149
"OPTOTRAK _ C08 _ Right _ 2",214.518593549804,-135.874745639032,-2350.34790527131,263.660144073475,-99.7528069158458,-2383.2428898492
"OPTOTRAK _ C08 _ Right _ 2",218.382575951611,-132.595769198756,-2349.9052671346,248.593989342646,-101.384576146195,-2370.45104207941
"OPTOTRAK _ C08 _ Right _ 2",222.170236897953,-129.325075255983,-2349.65331403962,235.789098256016,-103.092388376025,-2359.49340142693
"OPTOTRAK _ C08 _ Right _ 2",225.291631636919,-126.527406508678,-2349.56960168184,226.937264223215,-104.458878208099,-2351.87661624901
"OPTOTRAK _ C08 _ Right _ 2",227.236259654895,-124.610979658179,-2349.60706080124,223.126860891229,-105.115256472478,-2348.6432178787
"OPTOTRAK _ C08 _ Right _ 2",227.651629555339,-123.863117366351,-2349.70052279231,224.722941297264,-104.847159742846,-2350.20870879197
"OPTOTRAK _ C08 _ Right _ 2",226.404709437099,-124.401354125856,-2349.77851243165,231.34645306128,-103.651368689189,-2356.29732931898
"OPTOTRAK _ C08 _ Right _ 2",223.614847381263,-126.147531887142,-2349.77752159539,241.936571079212,-101.726952360058,-2365.9828662293
"OPTOTRAK _ C08 _ Right _ 2",219.648419874441,-128.830943140149,-2349.65506018899,254.886135403102,-99.4094221932887,-2377.82610847383
"OPTOTRAK _ C08 _ Right _ 2",215.070393019284,-132.023905733259,-2349.39822595841,268.247377996601,-97.0761858267602,-2390.08818326937
"OPTOTRAK _ C08 _ Right _ 2",210.557275000535,-135.207557590478,-2349.02608351915,279.99911032357,-95.0599063561802,-2400.98664936457
"OPTOTRAK _ C08 _ Right _ 2",206.786873099734,-137.857972185389,-2348.58609771798,288.346833312429,-93.5987306778142,-2408.95311455425
"OPTOTRAK _ C08 _ Right _ 2",204.32734351849,-139.536251194335,-2348.14629974312,292.00644521045,-92.8307685289118,-2412.85299031616
"OPTOTRAK _ C08 _ Right _ 2",203.547468048746,-139.964252815858,-2347.78507770247,290.41445071816,-92.8163728849589,-2412.1391555579
"OPTOTRAK _ C08 _ Right _ 2",204.563057413952,-139.070825281415,-2347.57975128572,283.818202623561,-93.5603200676296,-2406.92463504739
"OPTOTRAK _ C08 _ Right _ 2",207.22529636291,-137.000280318081,-2347.59456121167,273.224755618771,-95.0133905098755,-2397.96832484357
"OPTOTRAK _ C08 _ Right _ 2",211.149285307991,-134.083082541913,-2347.86914997383,260.218542977874,-97.0530629319951,-2386.57269069367
"OPTOTRAK _ C08 _ Right _ 2",215.775730696646,-130.776404441972,-2348.40955525524,246.688237069721,-99.4624160097329,-2374.39985653269
"OPTOTRAK _ C08 _ Right _ 2",220.454901755736,-127.587721552798,-2349.18406672354,234.523301179245,-101.932312506412,-2363.22750719036
"OPTOTRAK _ C08 _ Right _ 2",224.539477205467,-124.996656638334,-2350.12549684053,225.342637629385,-104.100651458736,-2354.68381165398
"OPTOTRAK _ C08 _ Right _ 2",227.472821915298,-123.388179011214,-2351.13999706848,220.298541499549,-105.621896877982,-2350.00868020929
"OPTOTRAK _ C08 _ Right _ 2",228.862228110289,-123.004915446399,-2352.12133230812,219.967239869917,-106.244347994351,-2349.87949606714
"OPTOTRAK _ C08 _ Right _ 2",228.53114975643,-123.920388293314,-2352.96875674566,224.31059650073,-105.870079359433,-2354.31976422801
"OPTOTRAK _ C08 _ Right _ 2",226.547256133948,-126.031554973677,-2353.6059198593,232.687741953088,-104.580373853786,-2362.69353417205
"OPTOTRAK _ C08 _ Right _ 2",223.222564702512,-129.069309107744,-2353.99719042487,243.91073294465,-102.620642140282,-2373.78381305165
"OPTOTRAK _ C08 _ Right _ 2",219.08014964398,-132.627850566606,-2354.15675497595,256.358570122871,-100.349779673739,-2385.95256562462
"OPTOTRAK _ C08 _ Right _ 2",214.783588099539,-136.21459464873,-2354.14607420784,268.16853728911,-98.1688591280085,-2397.37238495031
"OPTOTRAK _ C08 _ Right _ 2",211.033232148765,-139.319179886139,-2354.05810192093,277.503720231954,-96.4497283864824,-2406.30340538974
"OPTOTRAK _ C08 _ Right _ 2",208.445235470733,-141.493747281183,-2353.99183973768,282.859906823499,-95.4806508256699,-2411.37210677773
"OPTOTRAK _ C08 _ Right _ 2",207.438597911757,-142.430200256029,-2354.02566030876,283.345030826945,-95.4341542130543,-2411.80161628805
"OPTOTRAK _ C08 _ Right _ 2",208.156752368373,-142.017208027484,-2354.19895731206,278.858326839301,-96.3505732201624,-2407.54927014285
"OPTOTRAK _ C08 _ Right _ 2",210.442532437313,-140.362248463759,-2354.50788556398,270.118777530062,-98.1292283927881,-2399.32293255202
"OPTOTRAK _ C08 _ Right _ 2",213.872005351632,-137.771734847397,-2354.91448709677,258.533516004059,-100.528601248126,-2388.46838217438
"OPTOTRAK _ C08 _ Right _ 2",217.838164958846,-134.693052997264,-2355.36316352115,245.940546765417,-103.187373309804,-2376.74414776901
"OPTOTRAK _ C08 _ Right _ 2",221.663913088641,-131.632539920603,-2355.79682569401,234.291154767393,-105.677797363745,-2366.02520942751
"OPTOTRAK _ C08 _ Right _ 2",224.718477777733,-129.069026420801,-2356.16724437214,225.344863077594,-107.588532190891,-2357.99529397539
"OPTOTRAK _ C08 _ Right _ 2",226.514241766538,-127.38109275342,-2356.43828265225,220.431594005574,-108.615524617024,-2353.8885936963
"OPTOTRAK _ C08 _ Right _ 2",226.770263124714,-126.798812371494,-2356.58425356782,220.30231615361,-108.630840633041,-2354.32298456887
"OPTOTRAK _ C08 _ Right _ 2",225.439369177521,-127.382041562031,-2356.58687632775,225.060656468734,-107.706013503618,-2359.23916183769
"OPTOTRAK _ C08 _ Right _ 2",222.702368698403,-129.021946024759,-2356.43328125887,234.159214997179,-106.082635581747,-2367.93888300958
"OPTOTRAK _ C08 _ Right _ 2",218.934520987552,-131.461704356857,-2356.1156987061,246.4546720784,-104.100179784868,-2379.2060445249
"OPTOTRAK _ C08 _ Right _ 2",214.649039761487,-134.333671438072,-2355.63230275587,260.329387167743,-102.10483789603,-2391.49000963691
"OPTOTRAK _ C08 _ Right _ 2",210.423701087554,-137.210334851859,-2354.98863384237,273.887230848652,-100.370240730683,-2403.12446202818
"OPTOTRAK _ C08 _ Right _ 2",206.820037382322,-139.66401759941,-2354.19957664974,285.213537558479,-99.0567144868029,-2412.54912593854
"OPTOTRAK _ C08 _ Right _ 2",204.307325177552,-141.327157273447,-2353.29202546516,292.663773038877,-98.2186984762245,-2418.50336594989
"OPTOTRAK _ C08 _ Right _ 2",203.202747340231,-141.943610482863,-2352.3074872511,295.128271875435,-97.8470021891746,-2420.17201757955
"OPTOTRAK _ C08 _ Right _ 2",203.634907350884,-141.402795407088,-2351.30249181446,292.219613747577,-97.9164893658847,-2417.27743293181
"OPTOTRAK _ C08 _ Right _ 2",205.533093934169,-139.751784334724,-2350.34432872282,284.342973750724,-98.4100025650322,-2410.11776458503
"OPTOTRAK _ C08 _ Right _ 2",208.641583334174,-137.184401075317,-2349.50133085698,272.632197112068,-99.3056398536911,-2399.54743386188
"OPTOTRAK _ C08 _ Right _ 2",212.556475602903,-134.010244226325,-2348.82987017812,258.761322396299,-100.537903485722,-2386.88954913029
"OPTOTRAK _ C08 _ Right _ 2",216.780340238664,-130.609952660184,-2348.36231140564,244.669164108188,-101.960970654901,-2373.77397097434
"OPTOTRAK _ C08 _ Right _ 2",220.78679685888,-127.385176445552,-2348.09988872386,232.255879278265,-103.343601068234,-2361.91375608447
"OPTOTRAK _ C08 _ Right _ 2",224.084916437977,-124.711513006019,-2348.01225907352,223.11475399847,-104.408048656384,-2352.85739927063
"OPTOTRAK _ C08 _ Right _ 2",226.274432837088,-122.899716062762,-2348.04308625199,218.344310215674,-104.900394423973,-2347.76672071994
"OPTOTRAK _ C08 _ Right _ 2",227.087228600252,-122.166129861914,-2348.11975173497,218.452926387392,-104.663264819983,-2347.26078141389
"OPTOTRAK _ C08 _ Right _ 2",226.415118174247,-122.610349165723,-2348.1651714677,223.339488280979,-103.682261829163,-2351.34355551961
"OPTOTRAK _ C08 _ Right _ 2",224.324866160571,-124.198817756171,-2348.10997996929,232.32566142006,-102.090098410485,-2359.41454550227
"OPTOTRAK _ C08 _ Right _ 2",221.058319350196,-126.757014988032,-2347.90347465621,244.228477829017,-100.128588824156,-2370.35471018073
"OPTOTRAK _ C08 _ Right _ 2",217.012240611267,-129.976767053794,-2347.5216593567,257.480118598595,-98.0832360737213,-2382.67799763252
"OPTOTRAK _ C08 _ Right _ 2",212.69355135656,-133.44522169606,-2346.97087471222,270.30631443042,-96.2152768659786,-2394.73184817311
"OPTOTRAK _ C08 _ Right _ 2",208.652497546535,-136.696754481672,-2346.28632562737,280.958816259599,-94.7169787964251,-2404.91857310114
"OPTOTRAK _ C08 _ Right _ 2",205.404953849464,-139.280931792736,-2345.5262038274,287.970659623767,-93.7041052815407,-2411.90277280865
"OPTOTRAK _ C08 _ Right _ 2",203.359748865905,-140.833111657256,-2344.7631334719,290.383522559494,-93.2389199978288,-2414.77490980587
"OPTOTRAK _ C08 _ Right _ 2",202.764757833935,-141.132505264329,-2344.07455096643,287.896488452735,-93.3600785651558,-2413.15474751705
"OPTOTRAK _ C08 _ Right _ 2",203.678993674947,-140.135658545109,-2343.53280273019,280.903707678776,-94.0934970442125,-2407.23084956768
"OPTOTRAK _ C08 _ Right _ 2",205.971530082521,-137.979368437153,-2343.19538154069,270.415008233611,-95.4322031267596,-2397.73682947522
"OPTOTRAK _ C08 _ Right _ 2",209.344187858589,-134.953888694132,-2343.09620487409,257.879414592024,-97.2947165421415,-2385.86387287483
"OPTOTRAK _ C08 _ Right _ 2",213.372909443419,-131.453418349049,-2343.23937423988,244.951810470566,-99.4883965577081,-2373.11126807978
"OPTOTRAK _ C08 _ Right _ 2",217.561294768024,-127.915095413485,-2343.59666343172,233.253703812498,-101.706562964627,-2361.08847975244
"OPTOTRAK _ C08 _ Right _ 2",221.398874697734,-124.758831629764,-2344.10924521243,224.175581750465,-103.573455244476,-2351.29900613362
"OPTOTRAK _ C08 _ Right _ 2",224.417462373417,-122.337726946749,-2344.69357299262,218.74877691135,-104.727110953248,-2344.94492848881
"OPTOTRAK _ C08 _ Right _ 2",226.241618481492,-120.903502581207,-2345.25114895699,217.58536934141,-104.911524776209,-2342.78310606903
"OPTOTRAK _ C08 _ Right _ 2",226.632131044194,-120.586047456214,-2345.68178326619,220.860244413872,-104.045939614519,-2345.04491847762
"OPTOTRAK _ C08 _ Right _ 2",225.521804486778,-121.383618684527,-2345.89942192841,228.304887195009,-102.249085822939,-2351.41605566726
"OPTOTRAK _ C08 _ Right _ 2",223.039754483649,-123.161527454339,-2345.84850601183,239.200956191695,-99.8114305744263,-2361.07026562449
"OPTOTRAK _ C08 _ Right _ 2",219.515908958245,-125.660747825175,-2345.51738268435,252.390586806723,-97.1236059066459,-2372.75655671903
"OPTOTRAK _ C08 _ Right _ 2",215.455818802517,-128.520648988189,-2344.94443776001,266.339466106791,-94.5826847930505,-2384.94117191805
"OPTOTRAK _ C08 _ Right _ 2",211.480529542803,-131.31926330261,-2344.21359151219,279.283568393287,-92.5067719151127,-2395.99722739835
"OPTOTRAK _ C08 _ Right _ 2",208.236326918476,-133.629787779598,-2343.43890276109,289.461883513181,-91.0860100433206,-2404.42080578971
"OPTOTRAK _ C08 _ Right _ 2",206.289670483818,-135.085622788311,-2342.74183839935,295.400581464857,-90.3814408097748,-2409.04225112378
"OPTOTRAK _ C08 _ Right _ 2",206.028344184503,-135.44143923992,-2342.22713151078,296.187439080929,-90.3594917515705,-2409.20070690932
"OPTOTRAK _ C08 _ Right _ 2",207.589136846673,-134.616720492512,-2341.9630816161,291.669549830486,-90.9338837668196,-2404.85596210015
"OPTOTRAK _ C08 _ Right _ 2",210.82702094627,-132.711247453186,-2341.97038169364,282.521846846236,-91.9889963815847,-2396.61867224828
"OPTOTRAK _ C08 _ Right _ 2",215.333030026581,-129.988126910758,-2342.22128846531,270.162686817032,-93.3772992089832,-2385.68622441589
"OPTOTRAK _ C08 _ Right _ 2",220.498734921726,-126.827706258585,-2342.64867573998,256.528799960834,-94.9057599133057,-2373.68139325183
"OPTOTRAK _ C08 _ Right _ 2",225.615305318637,-123.66297627788,-2343.16233711537,243.756713900376,-96.3371073253286,-2362.40951602402
"OPTOTRAK _ C08 _ Right _ 2",229.987336972269,-120.911164547743,-2343.66837097772,233.839535370692,-97.4234005374527,-2353.57380669958
"OPTOTRAK _ C08 _ Right _ 2",233.03944039685,-118.915201889994,-2344.08727721729,228.326866194327,-97.9668366024326,-2348.50461330299
"OPTOTRAK _ C08 _ Right _ 2",234.398025064717,-117.903213772002,-2344.36742026467,228.112844689002,-97.8819449560307,-2347.95548505884
"OPTOTRAK _ C08 _ Right _ 2",233.938645848303,-117.967529956761,-2344.49187723724,233.327512265777,-97.2281519159146,-2351.99903058675
"OPTOTRAK _ C08 _ Right _ 2",231.796078637334,-119.060682923656,-2344.47780645958,243.327464837333,-96.1940121151077,-2360.03176380919
"OPTOTRAK _ C08 _ Right _ 2",228.338027679609,-121.005697138016,-2344.36858706325,256.778624831035,-95.0361627253382,-2370.87930533045
"OPTOTRAK _ C08 _ Right _ 2",224.105887066859,-123.519686816989,-2344.22045575664,271.827023508022,-93.9970897897525,-2382.98101109651
"OPTOTRAK _ C08 _ Right _ 2",219.7300409044,-126.250311985804,-2344.08697003908,286.348796964255,-93.236990679741,-2394.6225800171
"OPTOTRAK _ C08 _ Right _ 2",215.832904459913,-128.822583432914,-2344.00566611277,298.254271392843,-92.8094384867033,-2404.17809503985
"OPTOTRAK _ C08 _ Right _ 2",212.937106241561,-130.890116556037,-2343.99102216598,305.801912575569,-92.6883897182857,-2410.32480087642
"OPTOTRAK _ C08 _ Right _ 2",211.395387328406,-132.182697080801,-2344.03590017072,307.868298644087,-92.8264336445099,-2412.20579523217
"OPTOTRAK _ C08 _ Right _ 2",211.352641803638,-132.542361611933,-2344.12049434379,304.12522422059,-93.2074789373899,-2409.53074265691
"OPTOTRAK _ C08 _ Right _ 2",212.742219725576,-131.942615499026,-2344.22487471353,295.091083963447,-93.8613928928199,-2402.61322754972
"OPTOTRAK _ C08 _ Right _ 2",215.311850032697,-130.488545161637,-2344.33993673183,282.045428213993,-94.8308016311537,-2392.34225140621
"OPTOTRAK _ C08 _ Right _ 2",218.670803236864,-128.39859680558,-2344.47239141571,266.82042581281,-96.1088105634153,-2380.08137291162
"OPTOTRAK _ C08 _ Right _ 2",222.348561026242,-125.971598721516,-2344.64174017593,251.508507966605,-97.5853345638666,-2367.49338412609
"OPTOTRAK _ C08 _ Right _ 2",225.855373300865,-123.545030436242,-2344.87005634401,238.144978669423,-99.0376692543241,-2356.3062057259
"OPTOTRAK _ C08 _ Right _ 2",228.736686122313,-121.451737170582,-2345.16804892226,228.42791629775,-100.177722581854,-2348.05844819457
"OPTOTRAK _ C08 _ Right _ 2",230.616887479108,-119.981276447503,-2345.52252429542,223.519875314871,-100.737709150305,-2343.8743815621
"OPTOTRAK _ C08 _ Right _ 2",231.232245809713,-119.34909710061,-2345.89025890585,223.943975086971,-100.557032966083,-2344.30886552732
"OPTOTRAK _ C08 _ Right _ 2",230.455710359394,-119.673707408049,-2346.20130576391,229.559409059123,-99.6346551151821,-2349.28086036193
"OPTOTRAK _ C08 _ Right _ 2",228.315111593409,-120.961082870024,-2346.37163002788,239.59421491336,-98.1280428725714,-2358.09516184981
"OPTOTRAK _ C08 _ Right _ 2",225.001875604164,-123.097234584101,-2346.32192902333,252.725753551886,-96.301376151209,-2369.54305518337
"OPTOTRAK _ C08 _ Right _ 2",220.863403803477,-125.852284606882,-2345.99760389928,267.215288940914,-94.4449572313679,-2382.0680896964
"OPTOTRAK _ C08 _ Right _ 2",216.372807413067,-128.89997898839,-2345.3847082636,281.104887208873,-92.799302556446,-2393.97603812318
"OPTOTRAK _ C08 _ Right _ 2",212.075441847198,-131.854076521534,-2344.51820800281,292.468545005928,-91.5148437346306,-2403.6597140493
"OPTOTRAK _ C08 _ Right _ 2",208.519070335666,-134.318589984997,-2343.48108354216,299.685944599518,-90.6593716714775,-2409.80680678367
"OPTOTRAK _ C08 _ Right _ 2",206.178796650182,-135.944807490493,-2342.39442190893,301.691495437253,-90.2587674146029,-2411.56545933633
"OPTOTRAK _ C08 _ Right _ 2",205.387741554485,-136.485964604971,-2341.39934811043,298.150524092884,-90.3380973793198,-2408.65319375281
"OPTOTRAK _ C08 _ Right _ 2",206.282409311016,-135.840265854057,-2340.63246450933,289.52599347479,-90.9316524421873,-2401.40216120585
"OPTOTRAK _ C08 _ Right _ 2",208.770750873193,-134.073950201866,-2340.19848708035,277.017646407761,-92.0512625994511,-2390.73431609484
"OPTOTRAK _ C08 _ Right _ 2",212.530801438034,-131.418368494553,-2340.14642661556,262.378691943864,-93.6301945191078,-2378.05884646688
"OPTOTRAK _ C08 _ Right _ 2",217.045436007686,-128.239353051499,-2340.45677905942,247.641522935032,-95.4790466746871,-2365.09048552887
"OPTOTRAK _ C08 _ Right _ 2",221.672186728545,-124.983284347643,-2341.04491379911,234.806930048753,-97.2882335920131,-2353.605920509
"OPTOTRAK _ C08 _ Right _ 2",225.738009990158,-122.109985221968,-2341.78058505983,225.55943868887,-98.6883552459369,-2345.17870502986
"OPTOTRAK _ C08 _ Right _ 2",228.642161953275,-120.024951474682,-2342.51786401613,221.057147250249,-99.3487488741266,-2340.94467674362
"OPTOTRAK _ C08 _ Right _ 2",229.949506747917,-119.021418281184,-2343.12672081894,221.813959345027,-99.0751663152066,-2341.44061918309
"OPTOTRAK _ C08 _ Right _ 2",229.460640702241,-119.238485462379,-2343.51814449829,227.664393169605,-97.8692619669432,-2346.5365938908
"OPTOTRAK _ C08 _ Right _ 2",227.249916844189,-120.638418422419,-2343.6579745047,237.79312680913,-95.9298334746416,-2355.46291975569
"OPTOTRAK _ C08 _ Right _ 2",223.664998071688,-123.005835106641,-2343.56836083133,250.82267077636,-93.597686598572,-2366.9230607138
"OPTOTRAK _ C08 _ Right _ 2",219.283486450307,-125.972071142826,-2343.3184166299,264.966129781665,-91.265441444074,-2379.27788082847
"OPTOTRAK _ C08 _ Right _ 2",214.827328780085,-129.066333740419,-2343.00701108173,278.250288605362,-89.2854717805223,-2390.77801656473
"OPTOTRAK _ C08 _ Right _ 2",211.045463450038,-131.789625687396,-2342.7414273012,288.793728283771,-87.9076197244802,-2399.81123925345
"OPTOTRAK _ C08 _ Right _ 2",208.585865814068,-133.699591091616,-2342.61615536172,295.097620749116,-87.2615347781467,-2405.12773366398
"OPTOTRAK _ C08 _ Right _ 2",207.883673448603,-134.4885643478,-2342.69607010404,296.29053828298,-87.3746792951547,-2406.01165463377
"OPTOTRAK _ C08 _ Right _ 2",209.089086577467,-134.036766197251,-2343.00722186056,292.272584263573,-88.2010818033728,-2402.37841387806
"OPTOTRAK _ C08 _ Right _ 2",212.048821348174,-132.42844471346,-2343.53658931512,283.725967354367,-89.63781272875,-2394.78732482589
"OPTOTRAK _ C08 _ Right _ 2",216.342220802262,-129.928555504723,-2344.23996321786,271.989862785233,-91.5232628094257,-2384.36595832094
"OPTOTRAK _ C08 _ Right _ 2",221.361302567459,-126.927788849017,-2345.05512101907,258.828442982206,-93.6310023430603,-2372.65004667133
"OPTOTRAK _ C08 _ Right _ 2",226.415375302549,-123.871112281364,-2345.9160961342,246.145166427426,-95.6815534250466,-2361.35683616043
"OPTOTRAK _ C08 _ Right _ 2",230.837406476375,-121.187249907826,-2346.76437200534,235.705959714278,-97.3855328816024,-2352.12860856746
"OPTOTRAK _ C08 _ Right _ 2",234.072559162612,-119.233005204218,-2347.5546487933,228.922534509087,-98.511093736059,-2346.29493720659
"OPTOTRAK _ C08 _ Right _ 2",235.738244246482,-118.25866606345,-2348.25563189386,226.717609219465,-98.9507115710095,-2344.69624897828
"OPTOTRAK _ C08 _ Right _ 2",235.655247781942,-118.392625835683,-2348.84834535246,229.461831755353,-98.7585110576489,-2347.59028303786
"OPTOTRAK _ C08 _ Right _ 2",233.855606858603,-119.638779341203,-2349.32461448499,236.956909515423,-98.1396929027548,-2354.64166294411
"OPTOTRAK _ C08 _ Right _ 2",230.572646238747,-121.880895842455,-2349.68688936956,248.448081419861,-97.3909409531745,-2364.98407330734
"OPTOTRAK _ C08 _ Right _ 2",226.214504734349,-124.892369903869,-2349.94870913192,262.670844027405,-96.8085466695563,-2377.34237344837
"OPTOTRAK _ C08 _ Right _ 2",221.319730069098,-128.353817939907,-2350.13403888677,277.952300498655,-96.5952012673414,-2390.19958789747
"OPTOTRAK _ C08 _ Right _ 2",216.495519555347,-131.881885333686,-2350.27412036975,292.383608110038,-96.8013698872511,-2401.9876952914
"OPTOTRAK _ C08 _ Right _ 2",212.344644258913,-135.069988534724,-2350.40210099654,304.058580175322,-97.3267754094163,-2411.27661085434
"OPTOTRAK _ C08 _ Right _ 2",209.391390421833,-137.537622906563,-2350.54725305062,311.347699498337,-97.9823101624944,-2416.93879227302
"OPTOTRAK _ C08 _ Right _ 2",208.016736759118,-138.981732617092,-2350.73072283902,313.159899800269,-98.5839979844133,-2418.27667868951
"OPTOTRAK _ C08 _ Right _ 2",208.409646264805,-139.222352499584,-2350.96348364093,309.141218843965,-99.0345260836555,-2415.10921424435
"OPTOTRAK _ C08 _ Right _ 2",210.538526167228,-138.2347515939,-2351.24589521723,299.767093066361,-99.3539430033852,-2407.81469604125
"OPTOTRAK _ C08 _ Right _ 2",214.146564545802,-136.161142387148,-2351.56810961249,286.300729634222,-99.6466574631067,-2397.31990301666
"OPTOTRAK _ C08 _ Right _ 2",218.775030159328,-133.297217389933,-2351.91119781893,270.613968019172,-100.024244131385,-2385.01846304005
"OPTOTRAK _ C08 _ Right _ 2",223.816392206208,-130.053207963918,-2352.24929744999,254.89817679658,-100.526294543155,-2372.60644528087
"OPTOTRAK _ C08 _ Right _ 2",228.593146235294,-126.895270036785,-2352.55293132324,241.32231105389,-101.081726698079,-2361.84486547916
"OPTOTRAK _ C08 _ Right _ 2",232.451229010832,-124.27811565547,-2352.79334418981,231.708725055593,-101.529633316943,-2354.28765113866
"OPTOTRAK _ C08 _ Right _ 2",234.85319087746,-122.580935212162,-2352.94756085027,227.285209190023,-101.686237630443,-2351.03121663727
"OPTOTRAK _ C08 _ Right _ 2",235.457624055448,-122.055392700679,-2353.00362088033,228.540551751659,-101.422954704102,-2352.53696437305
"OPTOTRAK _ C08 _ Right _ 2",234.175113845086,-122.789838147741,-2352.9648255463,235.181232658059,-100.719931922296,-2358.55705705441
"OPTOTRAK _ C08 _ Right _ 2",231.19317707276,-124.691649543391,-2352.85121545458,246.176074453592,-99.6748972089754,-2368.17165015407
"OPTOTRAK _ C08 _ Right _ 2",226.962618169874,-127.490734873047,-2352.69666666519,259.882504413345,-98.4682517693765,-2379.9295912022
"OPTOTRAK _ C08 _ Right _ 2",222.139397915049,-130.768815085106,-2352.54134502834,274.255220117707,-97.3039441422503,-2392.0709950182
"OPTOTRAK _ C08 _ Right _ 2",217.483925752529,-134.017036092968,-2352.42138544182,287.129784926036,-96.3549436400106,-2402.79628785603
"OPTOTRAK _ C08 _ Right _ 2",213.732976303242,-136.717229515707,-2352.35954628388,296.550054914758,-95.7364998147498,-2410.53690328933
"OPTOTRAK _ C08 _ Right _ 2",211.471260613924,-138.432731184339,-2352.36101591476,301.083964922322,-95.5113319862121,-2414.18416539765
"OPTOTRAK _ C08 _ Right _ 2",211.032336683741,-138.888492626677,-2352.41674268637,300.063186170637,-95.7101542265666,-2413.24473071318
"OPTOTRAK _ C08 _ Right _ 2",212.450119735894,-138.02111170258,-2352.51312566616,293.69423183523,-96.3430325530085,-2407.90607899785
"OPTOTRAK _ C08 _ Right _ 2",215.467513241559,-135.987184454384,-2352.64351631952,283.016192141923,-97.3875316178671,-2399.00688527541
"OPTOTRAK _ C08 _ Right _ 2",219.594394430266,-133.129626055332,-2352.81573298448,269.714019460426,-98.7607803803841,-2387.91431819064
"OPTOTRAK _ C08 _ Right _ 2",224.197735674,-129.912090644752,-2353.05137567689,255.828148709469,-100.29967891929,-2376.31938335179
"OPTOTRAK _ C08 _ Right _ 2",228.603288023303,-126.838128302311,-2353.37635286495,243.423714715901,-101.774263573068,-2365.97700957958
"OPTOTRAK _ C08 _ Right _ 2",232.190465860934,-124.372728703719,-2353.80608715689,234.287583683133,-102.941800037784,-2358.43508045253
"OPTOTRAK _ C08 _ Right _ 2",234.468240581307,-122.87975596598,-2354.33156762096,229.704593031395,-103.624125552445,-2354.80396347545
"OPTOTRAK _ C08 _ Right _ 2",235.127123496477,-122.581712754978,-2354.9123983089,230.33234739654,-103.774459212193,-2355.60760887522
"OPTOTRAK _ C08 _ Right _ 2",234.067328233657,-123.541674417061,-2355.48011507941,236.163847987611,-103.50175129575,-2360.73460050428
"OPTOTRAK _ C08 _ Right _ 2",231.404306142122,-125.663816701898,-2355.95076211778,246.555329852554,-103.037601786867,-2369.48574268151
"OPTOTRAK _ C08 _ Right _ 2",227.451658905572,-128.709019577266,-2356.24227589855,260.304480251848,-102.653807773267,-2380.70100387595
"OPTOTRAK _ C08 _ Right _ 2",222.681438267763,-132.323508568562,-2356.2911717437,275.777723661582,-102.559747653648,-2392.94016155417
"OPTOTRAK _ C08 _ Right _ 2",217.665086176514,-136.07894696203,-2356.06442817636,291.088657328415,-102.820709361946,-2404.68450922685
"OPTOTRAK _ C08 _ Right _ 2",213.003191290845,-139.521085162974,-2355.56511822338,304.319373866332,-103.333428077691,-2414.52456935265
"OPTOTRAK _ C08 _ Right _ 2",209.254863695293,-142.222304393359,-2354.83251105502,313.761531422505,-103.871958825551,-2421.30708022376
"OPTOTRAK _ C08 _ Right _ 2",206.875358199503,-143.832766553006,-2353.93783213968,318.145321450343,-104.185387363067,-2424.23310226881
"OPTOTRAK _ C08 _ Right _ 2",206.165506187248,-144.125448100635,-2352.9759383178,316.824258420173,-104.105060241669,-2422.91775682002
"OPTOTRAK _ C08 _ Right _ 2",207.233327550925,-143.030660235363,-2352.05250991041,309.887414459952,-103.614636220431,-2417.42835014387
"OPTOTRAK _ C08 _ Right _ 2",209.969806524913,-140.654784457455,-2351.26730964025,298.175480970991,-102.852543939349,-2408.30667296059
"OPTOTRAK _ C08 _ Right _ 2",214.045252966805,-137.277053230973,-2350.696183237,283.185985248533,-102.046117555323,-2396.56057241
"OPTOTRAK _ C08 _ Right _ 2",218.934744465212,-133.319887505239,-2350.37612022529,266.870828995721,-101.407654149542,-2383.59546687028
"OPTOTRAK _ C08 _ Right _ 2",223.977081684549,-129.293877550831,-2350.29760455116,251.354873456667,-101.040805569692,-2371.06283736586
"OPTOTRAK _ C08 _ Right _ 2",228.462541332772,-125.725905446855,-2350.40674417812,238.627615878904,-100.90051465878,-2360.63147949831
"OPTOTRAK _ C08 _ Right _ 2",231.735612261535,-123.083865197886,-2350.61720208963,230.267399110274,-100.822219392636,-2353.72277037493
"OPTOTRAK _ C08 _ Right _ 2",233.294764324292,-121.711082097965,-2350.82953265778,227.242658386552,-100.601662878738,-2351.2708890924
"OPTOTRAK _ C08 _ Right _ 2",232.872910322774,-121.778992258991,-2350.95353325845,229.806491262797,-100.085059016086,-2353.56241682639
"OPTOTRAK _ C08 _ Right _ 2",230.486483710423,-123.261795511914,-2350.92809492926,237.47855341764,-99.2298238632551,-2360.18607724347
"OPTOTRAK _ C08 _ Right _ 2",226.444843629092,-125.934654425341,-2350.73336396566,249.10421929647,-98.113862468692,-2370.09817194417
"OPTOTRAK _ C08 _ Right _ 2",221.3150831716,-129.397281999079,-2350.39203112233,262.989007888942,-96.8961245044891,-2381.78912593466
"OPTOTRAK _ C08 _ Right _ 2",215.842827599215,-133.12444255516,-2349.95982450726,277.109239043245,-95.7528948533323,-2393.51983107627
"OPTOTRAK _ C08 _ Right _ 2",210.838621153931,-136.541137669107,-2349.50879850038,289.387189737514,-94.8235669877852,-2403.58403206453
"OPTOTRAK _ C08 _ Right _ 2",207.049295103099,-139.113148334375,-2349.10932821213,297.99626900338,-94.1904030372227,-2410.55075371016
"OPTOTRAK _ C08 _ Right _ 2",205.039042666395,-140.436529701302,-2348.81651042322,301.643985791489,-93.8934470864605,-2413.45157327109
"OPTOTRAK _ C08 _ Right _ 2",205.102729847266,-140.306776866972,-2348.66391534168,299.778369517209,-93.9592706521836,-2411.89545854175
"OPTOTRAK _ C08 _ Right _ 2",207.225890331468,-138.751685437513,-2348.66404503846,292.676612775874,-94.4153329729699,-2406.10837464136
"OPTOTRAK _ C08 _ Right _ 2",211.095928561882,-136.020388572965,-2348.8125670314,281.396709039898,-95.2741363438994,-2396.89974307882
"OPTOTRAK _ C08 _ Right _ 2",216.159934009687,-132.53189384648,-2349.09320996986,267.599066385666,-96.4944459057455,-2385.55658066566
"OPTOTRAK _ C08 _ Right _ 2",221.716715769811,-128.796487854565,-2349.48140803793,253.272582535136,-97.9460515348893,-2373.66883829534
"OPTOTRAK _ C08 _ Right _ 2",227.024787236531,-125.329486557501,-2349.9462529866,240.422208993437,-99.4073260634586,-2362.90287154854
"OPTOTRAK _ C08 _ Right _ 2",231.406127151186,-122.576536218524,-2350.45144183901,230.782208479955,-100.60820626093,-2354.75878840113
"OPTOTRAK _ C08 _ Right _ 2",234.329570577861,-120.862793510959,-2350.95651442058,225.604097262521,-101.30549366557,-2350.35703147518
"OPTOTRAK _ C08 _ Right _ 2",235.466456439693,-120.36800580613,-2351.41962968539,225.536480548876,-101.359427219769,-2350.29065676117
"OPTOTRAK _ C08 _ Right _ 2",234.719678511684,-121.121189455088,-2351.80235106429,230.584258629328,-100.779939009989,-2354.55900589274
"OPTOTRAK _ C08 _ Right _ 2",232.230367910356,-123.006473682609,-2352.07566982656,240.124835979791,-99.7244569703648,-2362.58111139219
"OPTOTRAK _ C08 _ Right _ 2",228.363431840348,-125.775744927265,-2352.22544320329,252.970675749326,-98.4478196279839,-2373.28051120392
"OPTOTRAK _ C08 _ Right _ 2",223.668742863679,-129.069951031032,-2352.25520180425,267.485178454316,-97.2227585662772,-2385.23122415925
"OPTOTRAK _ C08 _ Right _ 2",218.814827754066,-132.454223312208,-2352.18512970355,281.763532015904,-96.2618520722781,-2396.84889422199
"OPTOTRAK _ C08 _ Right _ 2",214.498461781538,-135.469631124584,-2352.04760377307,293.875194110202,-95.6724631956266,-2406.60174056334
"OPTOTRAK _ C08 _ Right _ 2",211.342922641179,-137.697654307122,-2351.88111779901,302.139439097456,-95.4609203018774,-2413.21071655927
"OPTOTRAK _ C08 _ Right _ 2",209.80363260932,-138.826390075049,-2351.7247509489,305.385998719952,-95.5767579569805,-2415.81242413294
"OPTOTRAK _ C08 _ Right _ 2",210.099231846747,-138.703962823198,-2351.61435218303,303.14903385745,-95.9669023259952,-2414.06859392957
"OPTOTRAK _ C08 _ Right _ 2",212.180308232174,-137.366042373667,-2351.58016855358,295.753562914662,-96.6064611594054,-2408.21446562768
"OPTOTRAK _ C08 _ Right _ 2",215.740521206486,-135.029957398308,-2351.64489556599,284.273230913495,-97.4891557625152,-2399.04077228072
"OPTOTRAK _ C08 _ Right _ 2",220.267591767353,-132.055818772524,-2351.82141429484,270.362937831659,-98.586443535865,-2387.80364287037
"OPTOTRAK _ C08 _ Right _ 2",225.12474453086,-128.883297626887,-2352.11029374666,255.996671057532,-99.8048456066186,-2376.06202436513
"OPTOTRAK _ C08 _ Right _ 2",229.647367554048,-125.958764803633,-2352.49788448772,243.163711237775,-100.973648306227,-2365.45813226911
"OPTOTRAK _ C08 _ Right _ 2",233.237174181556,-123.668857917638,-2352.95619343753,233.584963000877,-101.877804953762,-2357.47686969394
"OPTOTRAK _ C08 _ Right _ 2",235.438985897492,-122.292266597418,-2353.44550366086,228.498325663074,-102.32436559399,-2353.23070292105
"OPTOTRAK _ C08 _ Right _ 2",235.99225600685,-121.973795142635,-2353.91982863682,228.532692456996,-102.212097894822,-2353.3081078398
"OPTOTRAK _ C08 _ Right _ 2",234.856250748587,-122.71797489035,-2354.33409914127,233.661794143505,-101.57288720797,-2357.70297128962
"OPTOTRAK _ C08 _ Right _ 2",232.210501141622,-124.397049380379,-2354.65110844694,243.218972754561,-100.566897261909,-2365.82447863151
"OPTOTRAK _ C08 _ Right _ 2",228.43103093323,-126.769878544129,-2354.84621871084,255.964081796977,-99.4325939899474,-2376.57966074185
"OPTOTRAK _ C08 _ Right _ 2",224.041947473755,-129.511084943798,-2354.9087657984,270.209124396845,-98.4109516533186,-2388.51848291159
"OPTOTRAK _ C08 _ Right _ 2",219.64484059428,-132.250386836988,-2354.84060268126,284.011826574664,-97.6750084561239,-2400.02583900721
"OPTOTRAK _ C08 _ Right _ 2",215.834665162587,-134.619676906086,-2354.65347908586,295.430189739228,-97.2947612354262,-2409.53591843755
"OPTOTRAK _ C08 _ Right _ 2",213.116172738227,-136.301839631794,-2354.36705279292,302.806003701209,-97.250158808702,-2415.73918413648
"OPTOTRAK _ C08 _ Right _ 2",211.835349272811,-137.073313913022,-2354.0079924416,305.027108257877,-97.47910569856,-2417.75540764119
"OPTOTRAK _ C08 _ Right _ 2",212.135519092587,-136.833390892161,-2353.60881975334,301.715973154011,-97.9284808731071,-2415.25471420086
"OPTOTRAK _ C08 _ Right _ 2",213.941506211218,-135.616312443046,-2353.20446816675,293.304511808576,-98.5763870117512,-2408.51517636465
"OPTOTRAK _ C08 _ Right _ 2",216.971231360797,-133.585463353118,-2352.82576320561,280.976032511511,-99.4129727450896,-2398.40682843067
"OPTOTRAK _ C08 _ Right _ 2",220.772669771834,-131.011287930172,-2352.49125918451,266.480854410869,-100.393687212901,-2386.29264735112
"OPTOTRAK _ C08 _ Right _ 2",224.782651183381,-128.236404699167,-2352.20043617931,251.859371632455,-101.397346799025,-2373.84583498588
"OPTOTRAK _ C08 _ Right _ 2",228.400782665037,-125.633174693048,-2351.93123766914,239.128287423224,-102.220752898037,-2362.80315088659
"OPTOTRAK _ C08 _ Right _ 2",231.068270796393,-123.55987813795,-2351.6435764982,229.991786819084,-102.621533432146,-2354.69737800424
"OPTOTRAK _ C08 _ Right _ 2",232.340650714901,-122.320454636205,-2351.28853978686,225.624004633883,-102.393691311935,-2350.6224306351
"OPTOTRAK _ C08 _ Right _ 2",231.946204968172,-122.129898627272,-2350.82120825032,226.540344138895,-101.442685036183,-2351.07434192867
"OPTOTRAK _ C08 _ Right _ 2",229.825492758471,-123.085292733403,-2350.2137115677,232.55151570798,-99.827116413938,-2355.8888808114
"OPTOTRAK _ C08 _ Right _ 2",226.14872216053,-125.143320236126,-2349.46478843617,242.789121633299,-97.7489376541373,-2364.27671634537
"OPTOTRAK _ C08 _ Right _ 2",221.306658112668,-128.108607452933,-2348.60297646344,255.801342763245,-95.4956616867927,-2374.9456761179
"OPTOTRAK _ C08 _ Right _ 2",215.870644751407,-131.640480771455,-2347.68250267724,269.724818419604,-93.3588913238092,-2386.29174335101
"OPTOTRAK _ C08 _ Right _ 2",210.521314928094,-135.285274278262,-2346.77338889031,282.530437889708,-91.5648563666672,-2396.63120687593
"OPTOTRAK _ C08 _ Right _ 2",205.953367644635,-138.535858545786,-2345.9492300672,292.317917511754,-90.246224823011,-2404.43856273664
"OPTOTRAK _ C08 _ Right _ 2",202.771584417517,-140.911403101445,-2345.27649857997,297.610799321047,-89.4607028023333,-2408.55461262037
"OPTOTRAK _ C08 _ Right _ 2",201.396917190252,-142.042367841975,-2344.80775942667,297.594008949549,-89.2343798381304,-2408.3383194602
"OPTOTRAK _ C08 _ Right _ 2",201.999831951552,-141.741804170157,-2344.57885681911,292.244482265156,-89.5944447245462,-2403.74881762708
"OPTOTRAK _ C08 _ Right _ 2",204.472877125452,-140.045662099192,-2344.60861527654,282.326576777076,-90.5653808143152,-2395.35287424152
"OPTOTRAK _ C08 _ Right _ 2",208.447704547403,-137.211393112429,-2344.89962081302,269.251490704828,-92.1284652930432,-2384.25573730626
"OPTOTRAK _ C08 _ Right _ 2",213.354048510745,-133.674062269265,-2345.43936358608,254.829470847336,-94.1702769018073,-2371.95564116597
"OPTOTRAK _ C08 _ Right _ 2",218.509617579656,-129.969977221569,-2346.2012415436,240.969733547533,-96.4563986120073,-2360.13287741548
"OPTOTRAK _ C08 _ Right _ 2",223.222534956427,-126.646048960642,-2347.14466280226,229.395779377198,-98.6550210651104,-2350.40373061826
"OPTOTRAK _ C08 _ Right _ 2",226.885840988181,-124.175186230674,-2348.21382304881,221.433454060729,-100.408724691361,-2344.08565441099
"OPTOTRAK _ C08 _ Right _ 2",229.049028102751,-122.892881257432,-2349.33623081506,217.896867836632,-101.428110360887,-2342.01875937957
"OPTOTRAK _ C08 _ Right _ 2",229.461909169844,-122.960822685238,-2350.42381330283,219.059685919413,-101.571942917678,-2344.46953435384
"OPTOTRAK _ C08 _ Right _ 2",228.09470292062,-124.355386607123,-2351.37987646946,224.678081358879,-100.886031085741,-2351.11979603752
"OPTOTRAK _ C08 _ Right _ 2",225.139895134297,-126.876040900189,-2352.11338015343,234.036684331538,-99.5889928884235,-2361.13028251444
"OPTOTRAK _ C08 _ Right _ 2",220.996742755,-130.170621334687,-2352.55834801307,246.011206975388,-98.0101184172358,-2373.26429040467
"OPTOTRAK _ C08 _ Right _ 2",216.233890087942,-133.777430970604,-2352.69259758844,259.161748603409,-96.4996928512072,-2386.05431645113
"OPTOTRAK _ C08 _ Right _ 2",211.525611858109,-137.184334232068,-2352.54875111217,271.873970295173,-95.3422275996482,-2397.98974900255
"OPTOTRAK _ C08 _ Right _ 2",207.564198736701,-139.90109806322,-2352.21281243413,282.549748831736,-94.70256377816,-2407.70010193938
"OPTOTRAK _ C08 _ Right _ 2",204.960595658377,-141.535061321545,-2351.81012523896,289.825385442879,-94.6205890335151,-2414.11118914833
"OPTOTRAK _ C08 _ Right _ 2",204.151451141293,-141.85548513555,-2351.48250300812,292.777940328114,-95.0475266533559,-2416.56038765595
"OPTOTRAK _ C08 _ Right _ 2",205.330509092469,-140.831617577729,-2351.36197217852,291.076462734289,-95.8978533366265,-2414.86596073719
"OPTOTRAK _ C08 _ Right _ 2",208.417377219602,-138.634297886031,-2351.54628539879,285.043904220143,-97.0869842066062,-2409.3489228429
"OPTOTRAK _ C08 _ Right _ 2",213.069782630298,-135.599589306207,-2352.08055425656,275.612804680697,-98.5377737418043,-2400.80372343356
"OPTOTRAK _ C08 _ Right _ 2",218.737458739973,-132.16312109108,-2352.94856802264,264.180004971844,-100.160464534846,-2390.41164678377
"OPTOTRAK _ C08 _ Right _ 2",224.747099044254,-128.782231525701,-2354.07588704292,252.389356191944,-101.828081400413,-2379.59606751418
"OPTOTRAK _ C08 _ Right _ 2",230.400507956636,-125.865847700867,-2355.34402214394,241.889740178696,-103.371906037914,-2369.83404493409
"OPTOTRAK _ C08 _ Right _ 2",235.066082525334,-123.727199116947,-2356.61178361033,234.1190007816,-104.608026856227,-2362.45604677354
"OPTOTRAK _ C08 _ Right _ 2",238.249243902955,-122.563868846851,-2357.73812145891,230.147664360494,-105.385661893333,-2358.47127095826
"OPTOTRAK _ C08 _ Right _ 2",239.637662802174,-122.458886994139,-2358.6016763282,230.587166275638,-105.634861655772,-2358.44466761223
"OPTOTRAK _ C08 _ Right _ 2",239.125611786379,-123.391130699441,-2359.11499445075,235.543990315163,-105.391864596728,-2362.43304159344
"OPTOTRAK _ C08 _ Right _ 2",236.823331190058,-125.245177189289,-2359.23373095564,244.599257845532,-104.790743649581,-2369.97648621652
"OPTOTRAK _ C08 _ Right _ 2",233.05212854471,-127.817669178496,-2358.96154736812,256.812357992553,-104.022942116871,-2380.14255029309
"OPTOTRAK _ C08 _ Right _ 2",228.319379943375,-130.824657680491,-2358.3501090133,270.770516018672,-103.27825318615,-2391.62531950806
"OPTOTRAK _ C08 _ Right _ 2",223.266074325518,-133.918122235683,-2357.49248916577,284.713756081871,-102.689750272536,-2402.89899989756
"OPTOTRAK _ C08 _ Right _ 2",218.585720875138,-136.718075644182,-2356.50915062365,296.74774623758,-102.306575545815,-2412.41375865451
"OPTOTRAK _ C08 _ Right _ 2",214.924151293512,-138.860466063356,-2355.52843221282,305.123769337694,-102.107460237593,-2418.80839238651
"OPTOTRAK _ C08 _ Right _ 2",212.77854896529,-140.053696258118,-2354.66610706163,308.534032758198,-102.046603120114,-2421.1084718132
"OPTOTRAK _ C08 _ Right _ 2",212.416400232431,-140.131360242782,-2354.00905623455,306.356776984802,-102.104016565648,-2418.8811943581
"OPTOTRAK _ C08 _ Right _ 2",213.831079872737,-139.087733258962,-2353.60627063019,298.792531646937,-102.308377398626,-2412.32392839062
"OPTOTRAK _ C08 _ Right _ 2",216.743241784341,-137.085849579074,-2353.46772997371,286.855311829334,-102.716098509358,-2402.26786807811
"OPTOTRAK _ C08 _ Right _ 2",220.648244785535,-134.434607305352,-2353.56952352773,272.214571250244,-103.35711665731,-2390.08356576137
"OPTOTRAK _ C08 _ Right _ 2",224.900368927321,-131.539400307947,-2353.86223669905,256.919758838317,-104.179721295749,-2377.48852532302
"OPTOTRAK _ C08 _ Right _ 2",228.816203440247,-128.837678821691,-2354.27926616561,243.069639295966,-105.029751993533,-2366.28140933027
"OPTOTRAK _ C08 _ Right _ 2",231.775825808647,-126.733702721902,-2354.7427619703,232.499334281103,-105.681156662292,-2358.05338735593
"OPTOTRAK _ C08 _ Right _ 2",233.304109148327,-125.54422063944,-2355.16730683392,226.54164102909,-105.907005054944,-2353.93794349718
"OPTOTRAK _ C08 _ Right _ 2",233.124078296511,-125.460676083946,-2355.46395140165,225.884780893323,-105.559933229631,-2354.44787230262
"OPTOTRAK _ C08 _ Right _ 2",231.183540624287,-126.527862071364,-2355.54788793914,230.518465249976,-104.627925808564,-2359.42130387428
"OPTOTRAK _ C08 _ Right _ 2",227.659412533997,-128.636986878636,-2355.35090084496,239.750915628391,-103.242738359246,-2368.07347567801
"OPTOTRAK _ C08 _ Right _ 2",222.94083667484,-131.532994598954,-2354.83588566468,252.289068030218,-101.637191856764,-2379.13515720227
"OPTOTRAK _ C08 _ Right _ 2",217.587763611407,-134.838826234593,-2354.00790116732,266.385805073817,-100.068292218401,-2391.04940102495
"OPTOTRAK _ C08 _ Right _ 2",212.262511348386,-138.099465366356,-2352.91675633867,280.056193881843,-98.7388516455795,-2402.19243985845
"OPTOTRAK _ C08 _ Right _ 2",207.63924036755,-140.844423564307,-2351.6498255894,291.347262924583,-97.7520744805982,-2411.08409137492
"OPTOTRAK _ C08 _ Right _ 2",204.305415518683,-142.660450453391,-2350.31784474535,298.623715007185,-97.1169853039442,-2416.56084119648
"OPTOTRAK _ C08 _ Right _ 2",202.673980625228,-143.260481547306,-2349.03811196895,300.818692248006,-96.7949792925212,-2417.89838258425
"OPTOTRAK _ C08 _ Right _ 2",202.923093997283,-142.533304152572,-2347.91858235406,297.600416579927,-96.7555292417623,-2414.8823605451
"OPTOTRAK _ C08 _ Right _ 2",204.974284938957,-140.561846117285,-2347.04478144633,289.419818840661,-97.0058437087025,-2407.82987427393
"OPTOTRAK _ C08 _ Right _ 2",208.512775216159,-137.605135778105,-2346.4709152043,277.426406015184,-97.5765962989429,-2397.55977914886
"OPTOTRAK _ C08 _ Right _ 2",213.046165274009,-134.048020821285,-2346.21665523228,263.26676225112,-98.473191692175,-2385.30436823237
"OPTOTRAK _ C08 _ Right _ 2",217.989367257121,-130.331497828976,-2346.27031991296,248.808514835241,-99.6235180754538,-2372.55896908518
"OPTOTRAK _ C08 _ Right _ 2",222.7563240307,-126.881879680088,-2346.59701698968,235.853189894162,-100.85617828406,-2360.88338842504
"OPTOTRAK _ C08 _ Right _ 2",226.837103302234,-124.055855095744,-2347.14812487694,225.901784330733,-101.926193604682,-2351.69047798399
"OPTOTRAK _ C08 _ Right _ 2",229.845792517861,-122.110349662286,-2347.86825986376,220.011773055323,-102.579588467908,-2346.06498166523
"OPTOTRAK _ C08 _ Right _ 2",231.538186660536,-121.194880462343,-2348.69816526424,218.744441635816,-102.630256851868,-2344.64221831584
"OPTOTRAK _ C08 _ Right _ 2",231.811098987927,-121.355917785968,-2349.57531997637,222.169700038909,-102.020031949868,-2347.55209804986
"OPTOTRAK _ C08 _ Right _ 2",230.699430250204,-122.541838854496,-2350.43620112095,229.890076330579,-100.842022681519,-2354.41829116769
"OPTOTRAK _ C08 _ Right _ 2",228.380219713898,-124.603184565803,-2351.22333766776,241.066354012803,-99.320348221826,-2364.40280048519
"OPTOTRAK _ C08 _ Right _ 2",225.179062022383,-127.292017082822,-2351.89654735758,254.457486860167,-97.7524836978055,-2376.29451210312
"OPTOTRAK _ C08 _ Right _ 2",221.562495452272,-130.270724541211,-2352.4433381847,268.505855382299,-96.4324826969716,-2388.64331111655
"OPTOTRAK _ C08 _ Right _ 2",218.098707290573,-133.140630104385,-2352.88186227007,281.4930107098,-95.5813490392994,-2399.93352507841
"OPTOTRAK _ C08 _ Right _ 2",215.380359901784,-135.493758979987,-2353.25288178226,291.763471968704,-95.3090535135068,-2408.77723981036
"OPTOTRAK _ C08 _ Right _ 2",213.92143138601,-136.980364245178,-2353.60318965407,297.980447064999,-95.6183179714741,-2414.09908006381
"OPTOTRAK _ C08 _ Right _ 2",214.054464520784,-137.375611230552,-2353.96774955672,299.355519235567,-96.4393919085705,-2415.28418765458
"OPTOTRAK _ C08 _ Right _ 2",215.858151475015,-136.625809528196,-2354.35844258894,295.79404050585,-97.6704684400637,-2412.26765230684
"OPTOTRAK _ C08 _ Right _ 2",219.136929573386,-134.859507988622,-2354.76379369052,287.917497726057,-99.1999282648883,-2405.55117640405
"OPTOTRAK _ C08 _ Right _ 2",223.458493191835,-132.35976022708,-2355.1587813569,276.955204562336,-100.903089479582,-2396.13959128873
"OPTOTRAK _ C08 _ Right _ 2",228.237887956719,-129.50636466561,-2355.51945923711,264.531042854334,-102.62630720593,-2385.39941538777
"OPTOTRAK _ C08 _ Right _ 2",232.843986133391,-126.705660410788,-2355.83532663207,252.397572174673,-104.181486282156,-2374.85730629213
"OPTOTRAK _ C08 _ Right _ 2",236.700213482115,-124.32695100335,-2356.11372245778,242.180309184928,-105.367472278886,-2365.97422443508
"OPTOTRAK _ C08 _ Right _ 2",239.357934693264,-122.65866916038,-2356.37436736691,235.183037480758,-106.016429098491,-2359.94028280721
"OPTOTRAK _ C08 _ Right _ 2",240.534584957107,-121.887467764465,-2356.63680224395,232.274389401741,-106.046412863086,-2357.52714507983
"OPTOTRAK _ C08 _ Right _ 2",240.122179346071,-122.09480065164,-2356.90667855265,233.842859547672,-105.496164917689,-2359.0138163079
"OPTOTRAK _ C08 _ Right _ 2",238.178393471991,-123.26218863779,-2357.16718563188,239.791169648939,-104.524842294609,-2364.18190481837
"OPTOTRAK _ C08 _ Right _ 2",234.910078754632,-125.278684282512,-2357.3793481245,249.548977024194,-103.372090407192,-2372.36799690876
"OPTOTRAK _ C08 _ Right _ 2",230.651670887839,-127.949271961899,-2357.49080092416,262.10518108365,-102.288012323504,-2382.56127534933
"OPTOTRAK _ C08 _ Right _ 2",225.834964545821,-131.00726095262,-2357.44901098161,276.078476325305,-101.455776321276,-2393.53468157575
"OPTOTRAK _ C08 _ Right _ 2",220.946761240957,-134.13467729463,-2357.21372129535,289.843912425953,-100.937301728579,-2403.99318480781
"OPTOTRAK _ C08 _ Right _ 2",216.476361542823,-136.99226368534,-2356.76515040861,301.715225124767,-100.667796252045,-2412.71771931247
"OPTOTRAK _ C08 _ Right _ 2",212.860734382086,-139.256918287461,-2356.10751065749,310.160559249177,-100.505371117982,-2418.68572913226
"OPTOTRAK _ C08 _ Right _ 2",210.436675518452,-140.661469610157,-2355.26919837473,314.016074775029,-100.315390073271,-2421.16039804314
"OPTOTRAK _ C08 _ Right _ 2",209.406026474942,-141.030665555117,-2354.30066375801,312.661391398885,-100.050315563541,-2419.75333357441
"OPTOTRAK _ C08 _ Right _ 2",209.815702539614,-140.307790005834,-2353.26983902435,306.127567035836,-99.7856163637608,-2414.46998281226
"OPTOTRAK _ C08 _ Right _ 2",211.552420740794,-138.567445211323,-2352.25481286779,295.116675100325,-99.6912882420577,-2405.73915053819
"OPTOTRAK _ C08 _ Right _ 2",214.352852635138,-136.011350387223,-2351.33439307864,280.92228848365,-99.9480655205338,-2394.41283708188
"OPTOTRAK _ C08 _ Right _ 2",217.830685113875,-132.946070812703,-2350.57813949365,265.256128202489,-100.644563638072,-2381.71245888885
"OPTOTRAK _ C08 _ Right _ 2",221.520012926197,-129.744995477579,-2350.03738597891,250.007922419357,-101.703527627612,-2369.10387387871
"OPTOTRAK _ C08 _ Right _ 2",224.929881590025,-126.800798951719,-2349.7379736135,236.985096035138,-102.874397378473,-2358.10760063893
"OPTOTRAK _ C08 _ Right _ 2",227.601176051598,-124.476752125835,-2349.67502799424,227.683642636533,-103.799353225259,-2350.07891089423
"OPTOTRAK _ C08 _ Right _ 2",229.157847074419,-123.06387927739,-2349.81073242045,223.125112788035,-104.126862580916,-2346.00629173064
"OPTOTRAK _ C08 _ Right _ 2",229.34913548968,-122.747143215958,-2350.07698049946,223.766042988159,-103.628204994607,-2346.36839019096
"OPTOTRAK _ C08 _ Right _ 2",228.083498594801,-123.580823324398,-2350.38478486234,229.46492210272,-102.274810828644,-2351.06884156969
"OPTOTRAK _ C08 _ Right _ 2",225.454119171717,-125.473535803424,-2350.64066629988,239.49150537137,-100.251271390893,-2359.45086740133
"OPTOTRAK _ C08 _ Right _ 2",221.750323110812,-128.186424389408,-2350.76724086051,252.579544084783,-97.9016124733555,-2370.38485841155
"OPTOTRAK _ C08 _ Right _ 2",217.443934168015,-131.350726231829,-2350.72223861888,267.039058274071,-95.6291978263876,-2382.41705026505
"OPTOTRAK _ C08 _ Right _ 2",213.140677828178,-134.509684392816,-2350.5092559886,280.942340274501,-93.7877664016179,-2393.96048226701
"OPTOTRAK _ C08 _ Right _ 2",209.496114248724,-137.183577785045,-2350.17587745983,292.3769641017,-92.6042326065099,-2403.50230432133
"OPTOTRAK _ C08 _ Right _ 2",207.108752179516,-138.947975540221,-2349.79944191336,299.730993192059,-92.1578232199605,-2409.79921446457
"OPTOTRAK _ C08 _ Right _ 2",206.412726603186,-139.508647309612,-2349.46512364208,301.95586534822,-92.4111906778153,-2412.03693867582
"OPTOTRAK _ C08 _ Right _ 2",207.594415228069,-138.755262695033,-2349.24313653065,298.749821154709,-93.263953159174,-2409.93673041328
"OPTOTRAK _ C08 _ Right _ 2",210.552180787193,-136.780639479152,-2349.17151893416,290.618572337321,-94.5929867433393,-2403.79737857514
"OPTOTRAK _ C08 _ Right _ 2",214.90881900338,-133.861065151579,-2349.24893086176,278.795016902046,-96.2595811617542,-2394.46424895817
"OPTOTRAK _ C08 _ Right _ 2",220.074485306141,-130.403390043217,-2349.43888097078,265.031058485484,-98.0901419924517,-2383.22143056209
"OPTOTRAK _ C08 _ Right _ 2",225.34589995791,-126.873112703903,-2349.68331761049,251.305737613869,-99.8570176739931,-2371.61441974169
"OPTOTRAK _ C08 _ Right _ 2",230.018999649383,-123.72138963527,-2349.9205258796,239.514655505079,-101.286646945352,-2361.22851665162
"OPTOTRAK _ C08 _ Right _ 2",233.491103883195,-121.325908269858,-2350.10110537227,231.204886837934,-102.104390633324,-2353.46270476528
"OPTOTRAK _ C08 _ Right _ 2",235.33626777139,-119.952277715121,-2350.19722331162,227.395141450999,-102.102606452133,-2349.33901677208
"OPTOTRAK _ C08 _ Right _ 2",235.349448741521,-119.733795487542,-2350.20373881023,228.486302080838,-101.205419191191,-2349.3727243028
"OPTOTRAK _ C08 _ Right _ 2",233.564010997775,-120.663235386971,-2350.13341288487,234.243932110784,-99.5048221368015,-2353.51104342682
"OPTOTRAK _ C08 _ Right _ 2",230.248088656391,-122.592456786891,-2350.01032256231,243.833914308349,-97.2533591489833,-2361.13929641137
"OPTOTRAK _ C08 _ Right _ 2",225.879805382789,-125.241570901912,-2349.86479505861,255.908295894841,-94.8129208089057,-2371.1538248593
"OPTOTRAK _ C08 _ Right _ 2",221.095850372903,-128.224066347893,-2349.73041365113,268.752118794998,-92.5741533224859,-2382.10116012624
"OPTOTRAK _ C08 _ Right _ 2",216.609280268367,-131.09347315842,-2349.64118877447,280.498479127642,-90.8727429876193,-2392.37548589087
"OPTOTRAK _ C08 _ Right _ 2",213.102251805147,-133.410190248437,-2349.62695855618,289.397414049805,-89.9306201342126,-2400.45251249327
"OPTOTRAK _ C08 _ Right _ 2",211.112323046473,-134.81743358532,-2349.70747248011,294.096902956742,-89.8377303865359,-2405.12488533437
"OPTOTRAK _ C08 _ Right _ 2",210.938774828116,-135.108145226426,-2349.88811740038,293.877204408579,-90.5689500654686,-2405.6985830141
"OPTOTRAK _ C08 _ Right _ 2",212.593158950539,-134.264113172848,-2350.16042723788,288.782186067698,-92.0146996173394,-2402.11317384817
"OPTOTRAK _ C08 _ Right _ 2",215.806822306593,-132.45534161696,-2350.50804987581,279.612731421376,-94.003968574216,-2394.95981060766
"OPTOTRAK _ C08 _ Right _ 2",220.092154910205,-129.999584631297,-2350.91554235584,267.780794286728,-96.3136723812408,-2385.38780899283
"OPTOTRAK _ C08 _ Right _ 2",224.839399060357,-127.294428180732,-2351.37544636525,255.05866784277,-98.6758452137354,-2374.91263300126
"OPTOTRAK _ C08 _ Right _ 2",229.422236368577,-124.742206963267,-2351.88972363428,243.285223045128,-100.80006712781,-2365.16198330388
"OPTOTRAK _ C08 _ Right _ 2",233.286623638576,-122.687753295991,-2352.4644924556,234.097605919323,-102.418426294374,-2357.61386871273
"OPTOTRAK _ C08 _ Right _ 2",236.008180932176,-121.380737067556,-2353.10051383761,228.737824489418,-103.342875049914,-2353.38044605429
"OPTOTRAK _ C08 _ Right _ 2",237.31835714495,-120.962709721054,-2353.78402415419,227.947561299697,-103.513467084472,-2353.07194484523
"OPTOTRAK _ C08 _ Right _ 2",237.110505956206,-121.47014674157,-2354.48222484013,231.932149673802,-103.017050728173,-2356.74773858289
"OPTOTRAK _ C08 _ Right _ 2",235.438477656247,-122.842813709952,-2355.14549182046,240.364112008431,-102.06613598501,-2363.94250856168
"OPTOTRAK _ C08 _ Right _ 2",232.513128032611,-124.931321385209,-2355.71550839811,252.409736889617,-100.940781591337,-2373.75047197
"OPTOTRAK _ C08 _ Right _ 2",228.692346880279,-127.504886638903,-2356.13635582328,266.784419062666,-99.9092668608535,-2384.95302464949
"OPTOTRAK _ C08 _ Right _ 2",224.455079002214,-130.265294126645,-2356.36498317172,281.855604185603,-99.1536145007236,-2396.17537068135
"OPTOTRAK _ C08 _ Right _ 2",220.352919468697,-132.873003781307,-2356.37858903423,295.806981534526,-98.7285929786014,-2406.05385929636
"OPTOTRAK _ C08 _ Right _ 2",216.941689708951,-134.986738200204,-2356.17839677056,306.85838640781,-98.5722954983514,-2413.39347645149
"OPTOTRAK _ C08 _ Right _ 2",214.703729695684,-136.311697213415,-2355.79052024954,313.514667589928,-98.5640542335717,-2417.29915012967
"OPTOTRAK _ C08 _ Right _ 2",213.974921585317,-136.647073334254,-2355.26422235379,314.803061250079,-98.6018628326763,-2417.27321412811
"OPTOTRAK _ C08 _ Right _ 2",214.888893547193,-135.92249469712,-2354.66671349733,310.454541559734,-98.6603160356743,-2413.27767272096
"OPTOTRAK _ C08 _ Right _ 2",217.34753854915,-134.215166437766,-2354.0734707768,300.988441429783,-98.7987397760323,-2405.75881220586
"OPTOTRAK _ C08 _ Right _ 2",221.02387100531,-131.74358410723,-2353.55458761812,287.671541242212,-99.1143007205974,-2395.62483893457
"OPTOTRAK _ C08 _ Right _ 2",225.399507418021,-128.838596800132,-2353.15981667756,272.345157614636,-99.6641763341223,-2384.16251897855
"OPTOTRAK _ C08 _ Right _ 2",229.833284163694,-125.897321945764,-2352.90616426617,257.145017678493,-100.398759891961,-2372.88510156383
"OPTOTRAK _ C08 _ Right _ 2",233.650762071771,-123.328609602114,-2352.7715950122,244.168636557558,-101.143405317028,-2363.32297878303
"OPTOTRAK _ C08 _ Right _ 2",236.240047590574,-121.499025081906,-2352.69715194537,235.158302549186,-101.640991648296,-2356.79126141716
"OPTOTRAK _ C08 _ Right _ 2",237.139847655787,-120.685696939024,-2352.59815194389,231.256209583453,-101.636731954147,-2354.18031297694
"OPTOTRAK _ C08 _ Right _ 2",236.109503410311,-121.039016488815,-2352.38316446616,232.859703948715,-100.968115543174,-2355.80967304514
"OPTOTRAK _ C08 _ Right _ 2",233.174038493282,-122.556777517189,-2351.97730507295,239.578746163566,-99.6239992719346,-2361.36953559861
"OPTOTRAK _ C08 _ Right _ 2",228.63777802402,-125.072738417991,-2351.34449442178,250.28872052942,-97.7525663376387,-2369.95810497846
"OPTOTRAK _ C08 _ Right _ 2",223.059585636398,-128.264935803617,-2350.50255581444,263.275618819425,-95.619314977661,-2380.21103960263
"OPTOTRAK _ C08 _ Right _ 2",217.185332814011,-131.689283923316,-2349.52607729494,276.470904053525,-93.5359819435079,-2390.50674219624
"OPTOTRAK _ C08 _ Right _ 2",211.841273277579,-134.839999439863,-2348.53507313913,287.758705657634,-91.7915194335878,-2399.21686621998
"OPTOTRAK _ C08 _ Right _ 2",207.803416702812,-137.230734345285,-2347.67184952787,295.313087572738,-90.6102607961226,-2404.96036747018
"OPTOTRAK _ C08 _ Right _ 2",205.667315757298,-138.481957693812,-2347.07228199023,297.903376883515,-90.1422653059926,-2406.81799833095
"OPTOTRAK _ C08 _ Right _ 2",205.745281901651,-138.394875905543,-2346.83915281112,295.103381948957,-90.4697661951073,-2404.47266181409
"OPTOTRAK _ C08 _ Right _ 2",208.013006899507,-136.992759792777,-2347.02381789635,287.357338088079,-91.6068480511052,-2398.25450944409
"OPTOTRAK _ C08 _ Right _ 2",212.116858760301,-134.517632311883,-2347.6192564983,275.885606360319,-93.4815825721316,-2389.08362569778
"OPTOTRAK _ C08 _ Right _ 2",217.439448946271,-131.382218194974,-2348.56396245798,262.449670526443,-95.9112034822225,-2378.31765782644
"OPTOTRAK _ C08 _ Right _ 2",223.207463796001,-128.090001995436,-2349.75343195784,249.03148514019,-98.5948864113403,-2367.52912149354
"OPTOTRAK _ C08 _ Right _ 2",228.616410350216,-125.144976894042,-2351.05515326349,237.504775471327,-101.144192348641,-2358.25503696707
"OPTOTRAK _ C08 _ Right _ 2",232.946180906205,-122.97301499504,-2352.32424973386,229.371737558062,-103.151582354831,-2351.77006780632
"OPTOTRAK _ C08 _ Right _ 2",235.649973507509,-121.868661552646,-2353.41921140129,225.605235457605,-104.277497401801,-2348.9240362529
"OPTOTRAK _ C08 _ Right _ 2",236.411915901498,-121.969446298577,-2354.21857316542,226.591560114545,-104.328839030066,-2350.0592048417
"OPTOTRAK _ C08 _ Right _ 2",235.177578132064,-123.251313810496,-2354.63873150424,232.139247184003,-103.306517037535,-2354.99848920946
"OPTOTRAK _ C08 _ Right _ 2",232.161716949854,-125.537432367718,-2354.6507211124,241.520569728855,-101.409676081626,-2363.08697555618
"OPTOTRAK _ C08 _ Right _ 2",227.831298133241,-128.517227078781,-2354.29122586342,253.536707613992,-98.994645501306,-2373.2752518733
"OPTOTRAK _ C08 _ Right _ 2",222.856249329628,-131.77816011722,-2353.66215379001,266.623060546455,-96.4980295756251,-2384.24191030083
"OPTOTRAK _ C08 _ Right _ 2",218.02236349391,-134.854526686641,-2352.91511176794,279.017052590696,-94.3452409697295,-2394.55283346441
"OPTOTRAK _ C08 _ Right _ 2",214.111753415113,-137.293212291141,-2352.2220591598,288.991103130814,-92.8722675457934,-2402.84547269052
"OPTOTRAK _ C08 _ Right _ 2",211.770757932126,-138.727959527895,-2351.73920284425,295.120034369791,-92.2822967460191,-2408.0151125705
"OPTOTRAK _ C08 _ Right _ 2",211.394630521927,-138.946096399446,-2351.57456820011,296.525566786277,-92.640804951495,-2409.37491756477
"OPTOTRAK _ C08 _ Right _ 2",213.057242093615,-137.929625119287,-2351.76862794555,293.035671283187,-93.8943509138407,-2406.76367293305
"OPTOTRAK _ C08 _ Right _ 2",216.503025392329,-135.857930167728,-2352.2925943231,285.215193497061,-95.8925425384254,-2400.58122428778
"OPTOTRAK _ C08 _ Right _ 2",221.202129762268,-133.070333442985,-2353.06296811318,274.257993455361,-98.4023778163694,-2391.73973736673
"OPTOTRAK _ C08 _ Right _ 2",226.453466387488,-129.998957188255,-2353.96602582635,261.768189625682,-101.120119396841,-2381.53103058231
"OPTOTRAK _ C08 _ Right _ 2",231.508509571224,-127.090907137098,-2354.88347574213,249.487334464386,-103.694623381947,-2371.42836481459
"OPTOTRAK _ C08 _ Right _ 2",235.685404156807,-124.740030833477,-2355.71121045706,239.034519888456,-105.770891818865,-2362.86053381353
"OPTOTRAK _ C08 _ Right _ 2",238.450445965171,-123.241824063281,-2356.36690512515,231.71114650984,-107.048785565739,-2357.00506551546
"OPTOTRAK _ C08 _ Right _ 2",239.459908654801,-122.773747159321,-2356.78778896617,228.387340774341,-107.340933020746,-2354.63741540708
"OPTOTRAK _ C08 _ Right _ 2",238.571369940072,-123.393247325044,-2356.92460677472,229.452474147814,-106.612472517851,-2356.05030367377
"OPTOTRAK _ C08 _ Right _ 2",235.840983935834,-125.042321232709,-2356.7390741936,234.798828359078,-104.990723290078,-2361.03808051186
"OPTOTRAK _ C08 _ Right _ 2",231.518124863737,-127.551559818205,-2356.2092339931,243.820787004866,-102.740110368328,-2368.9353672487
"OPTOTRAK _ C08 _ Right _ 2",226.036225800937,-130.644893797905,-2355.34151420211,255.438756367148,-100.205758098735,-2378.70299720756
"OPTOTRAK _ C08 _ Right _ 2",219.98788136154,-133.953243082273,-2354.18309580354,268.176087538408,-97.7393495711367,-2389.05639763376
"OPTOTRAK _ C08 _ Right _ 2",214.071298423882,-137.046560180105,-2352.82665380769,280.313773862008,-95.6303987374812,-2398.62628771272
"OPTOTRAK _ C08 _ Right _ 2",209.005211051452,-139.488159352639,-2351.40280591027,290.121937318338,-94.0672599172143,-2406.13281923142
"OPTOTRAK _ C08 _ Right _ 2",205.42422252343,-140.905246794435,-2350.06154093771,296.133306912131,-93.139477398346,-2410.54981242239
"OPTOTRAK _ C08 _ Right _ 2",203.777284074489,-141.060105334889,-2348.94854880975,297.400030264414,-92.8713971007581,-2411.23874648264
"OPTOTRAK _ C08 _ Right _ 2",204.253419423316,-139.902228077231,-2348.18326015484,293.671801846309,-93.2602459830867,-2408.0388473533
"OPTOTRAK _ C08 _ Right _ 2",206.751692537416,-137.585128468595,-2347.8432312822,285.449917524786,-94.2918022799377,-2401.30386492503
"OPTOTRAK _ C08 _ Right _ 2",210.90103757631,-134.441433970905,-2347.95662899147,273.901487203034,-95.9234054877741,-2391.87615276351
"OPTOTRAK _ C08 _ Right _ 2",216.123803484478,-130.922443386758,-2348.50243913391,260.652691038365,-98.046608572453,-2380.98977125293
"OPTOTRAK _ C08 _ Right _ 2",221.727216106043,-127.518842219287,-2349.41663962952,247.511247618217,-100.456382548883,-2370.1045457503
"OPTOTRAK _ C08 _ Right _ 2",227.001850438878,-124.683550507711,-2350.60177798868,236.185565321165,-102.851851694438,-2360.69333383908
"OPTOTRAK _ C08 _ Right _ 2",231.308119716884,-122.77380056131,-2351.93762917077,228.06153172956,-104.877136466927,-2354.02392191572
"OPTOTRAK _ C08 _ Right _ 2",234.140746320896,-122.019343377684,-2353.29212491029,224.067523421737,-106.19141612211,-2350.97992579087
"OPTOTRAK _ C08 _ Right _ 2",235.172584995991,-122.512515625807,-2354.5336006198,224.619522689581,-106.546192692005,-2351.9488068721
"OPTOTRAK _ C08 _ Right _ 2",234.285869274459,-124.209721275591,-2355.54595225321,229.614306246417,-105.847434107378,-2356.78272446604
"OPTOTRAK _ C08 _ Right _ 2",231.596411693397,-126.93551809223,-2356.24655858179,238.442793634237,-104.185876095217,-2364.82483595636
"OPTOTRAK _ C08 _ Right _ 2",227.466159577059,-130.388091008579,-2356.60338126127,250.021262100189,-101.826249486643,-2374.99284481499
"OPTOTRAK _ C08 _ Right _ 2",222.489101863819,-134.153329499764,-2356.64464384632,262.864601011974,-99.1560082992211,-2385.91410577662
"OPTOTRAK _ C08 _ Right _ 2",217.433677469248,-137.73849008357,-2356.45465905011,275.232656400457,-96.6066892297753,-2396.10326590091
"OPTOTRAK _ C08 _ Right _ 2",213.135871893309,-140.632338098608,-2356.15398220113,285.360367472363,-94.571490821335,-2404.16394213442
"OPTOTRAK _ C08 _ Right _ 2",210.356847422787,-142.387685243995,-2355.86911708069,291.744414757828,-93.3429669013616,-2408.98710390583
"OPTOTRAK _ C08 _ Right _ 2",209.636695518656,-142.709438058693,-2355.70214365009,293.424077920954,-93.0823500223453,-2409.91622675254
"OPTOTRAK _ C08 _ Right _ 2",211.182326728258,-141.523402648931,-2355.71055164193,290.180775996227,-93.8151009519156,-2406.85274067982
"OPTOTRAK _ C08 _ Right _ 2",214.820012311136,-139.002917695778,-2355.90251429847,282.596448966079,-95.4385702958603,-2400.28197824172
"OPTOTRAK _ C08 _ Right _ 2",220.02547918053,-135.542068730099,-2356.24608646545,271.949514368177,-97.7327705191054,-2391.20912606983
"OPTOTRAK _ C08 _ Right _ 2",226.023313649714,-131.68117549737,-2356.68593459831,259.97416611558,-100.377469667195,-2381.00865443128
"OPTOTRAK _ C08 _ Right _ 2",231.929534968297,-128.00516322654,-2357.15997912646,248.546982726284,-102.985483709059,-2371.20964989166
"OPTOTRAK _ C08 _ Right _ 2",236.902475835135,-125.041790140883,-2357.61047764032,239.379090380761,-105.156493236846,-2363.25731545943
"OPTOTRAK _ C08 _ Right _ 2",240.270696254,-123.182251298553,-2357.98812816707,233.776333580128,-106.543358559076,-2358.29699256162
"OPTOTRAK _ C08 _ Right _ 2",241.620138036843,-122.63496170478,-2358.25182818653,232.493291362571,-106.91489562802,-2357.01613230585
"OPTOTRAK _ C08 _ Right _ 2",240.838032066316,-123.411446917906,-2358.36891415894,235.671780170337,-106.200272791144,-2359.55934438434
"OPTOTRAK _ C08 _ Right _ 2",238.11950382565,-125.337082972827,-2358.3197652502,242.841048019738,-104.506107879317,-2365.51621981841
"OPTOTRAK _ C08 _ Right _ 2",233.941597306419,-128.07999238683,-2358.10676705434,252.968112806715,-102.102387522572,-2373.97772654258
"OPTOTRAK _ C08 _ Right _ 2",229.003593602026,-131.195350619891,-2357.76291423124,264.566910912362,-99.3776433853981,-2383.65853206656
"OPTOTRAK _ C08 _ Right _ 2",224.130670836154,-134.184926832631,-2357.35309976309,275.882574327458,-96.7705287578867,-2393.0790928437
"OPTOTRAK _ C08 _ Right _ 2",220.145490313162,-136.56978004338,-2356.96368242607,285.150518112566,-94.6932025867622,-2400.7889653497
"OPTOTRAK _ C08 _ Right _ 2",217.72664165241,-137.967918705438,-2356.68223366327,290.895719076791,-93.4654531676473,-2405.59764642303
"OPTOTRAK _ C08 _ Right _ 2",217.284942618551,-138.161962802428,-2356.57528557434,292.206542402167,-93.2724205320635,-2406.77095951979
"OPTOTRAK _ C08 _ Right _ 2",218.889549350049,-137.139308663368,-2356.67326570272,288.910285383965,-94.1469486739254,-2404.1543225124
"OPTOTRAK _ C08 _ Right _ 2",222.263544870101,-135.092108836484,-2356.96778890306,281.600608603003,-95.9698965444826,-2398.19729835016
"OPTOTRAK _ C08 _ Right _ 2",226.848426020624,-132.375607398927,-2357.42001892713,271.510141506564,-98.4835911093472,-2389.87262712283
"OPTOTRAK _ C08 _ Right _ 2",231.917368137001,-129.436250392092,-2357.97402458826,260.266438676422,-101.320333163244,-2380.50453426031
"OPTOTRAK _ C08 _ Right _ 2",236.705848872802,-126.729549301635,-2358.56832551124,249.598880460589,-104.050185046607,-2371.5418618458
"OPTOTRAK _ C08 _ Right _ 2",240.528932087783,-124.648034872535,-2359.14180763159,241.067478356235,-106.246298633218,-2364.32440776923
"OPTOTRAK _ C08 _ Right _ 2",242.865970117848,-123.472190022177,-2359.63467171897,235.861839554864,-107.55687045328,-2359.88820493201
"OPTOTRAK _ C08 _ Right _ 2",243.409388072745,-123.346489510063,-2359.98849141968,234.682680241282,-107.768171487852,-2358.83733152686
"OPTOTRAK _ C08 _ Right _ 2",242.086039099096,-124.274504231424,-2360.15011196791,237.689943075293,-106.84512356998,-2361.28702646706
"OPTOTRAK _ C08 _ Right _ 2",239.061524839199,-126.125155627975,-2360.08172352181,244.495698231955,-104.940854406921,-2366.86877309342
"OPTOTRAK _ C08 _ Right _ 2",234.730411295167,-128.646174677099,-2359.77506115719,254.195085592821,-102.371454108927,-2374.78702345806
"OPTOTRAK _ C08 _ Right _ 2",229.685177764939,-131.486789284592,-2359.26352243586,265.448667920939,-99.5579584399876,-2383.92253177165
"OPTOTRAK _ C08 _ Right _ 2",224.652842879429,-134.234922464898,-2358.62470066592,276.636024130186,-96.9464382731813,-2392.97867128677
"OPTOTRAK _ C08 _ Right _ 2",220.39551411049,-136.471788884745,-2357.96892171861,286.084170384059,-94.9263247036428,-2400.66022206693
"OPTOTRAK _ C08 _ Right _ 2",217.586777741607,-137.839226088539,-2357.41571100131,292.342257168553,-93.7693747177218,-2405.86284082146
"OPTOTRAK _ C08 _ Right _ 2",216.690708388466,-138.10631620477,-2357.06617955859,294.444394158098,-93.6023557225891,-2407.8431300958
"OPTOTRAK _ C08 _ Right _ 2",217.875204941145,-137.217161502822,-2356.98148434151,292.093080104793,-94.4106089148465,-2406.33839940184
"OPTOTRAK _ C08 _ Right _ 2",220.983299237783,-135.304557190971,-2357.17459407673,285.71260277901,-96.0586393517646,-2401.61177570246
"OPTOTRAK _ C08 _ Right _ 2",225.568966219442,-132.664167549735,-2357.6164398871,276.357872182442,-98.3150013929958,-2394.41044568494
"OPTOTRAK _ C08 _ Right _ 2",230.985194100056,-129.696367218676,-2358.25152350471,265.505440068675,-100.878417031408,-2385.8412916982
"OPTOTRAK _ C08 _ Right _ 2",236.498656447038,-126.832596817617,-2359.01497743303,254.785357950191,-103.409954075214,-2377.18717542868
"OPTOTRAK _ C08 _ Right _ 2",241.40181505103,-124.465795810662,-2359.84394477757,245.723352905383,-105.575042331893,-2369.70302498504
"OPTOTRAK _ C08 _ Right _ 2",245.100548685683,-122.899462881988,-2360.68017559125,239.547363130535,-107.091354049949,-2364.43487856249
"OPTOTRAK _ C08 _ Right _ 2",247.169581101186,-122.320213276666,-2361.4658366869,237.077325870357,-107.772320110298,-2362.09242239186
"OPTOTRAK _ C08 _ Right _ 2",247.381388193932,-122.78965639382,-2362.1382164271,238.68107412754,-107.55623540953,-2362.9829764432
"OPTOTRAK _ C08 _ Right _ 2",245.719657877999,-124.24745626219,-2362.62952137918,244.262853848814,-106.515182457594,-2366.99678950623
"OPTOTRAK _ C08 _ Right _ 2",242.383770874447,-126.519613910333,-2362.87513058055,253.261906149401,-104.841868177653,-2373.62970842104
"OPTOTRAK _ C08 _ Right _ 2",237.780675385437,-129.331740874556,-2362.82889703272,264.666314184719,-102.815251618653,-2382.03720751904
"OPTOTRAK _ C08 _ Right _ 2",232.492967123838,-132.332029573129,-2362.47971054376,277.071307274909,-100.750150389486,-2391.12250351173
"OPTOTRAK _ C08 _ Right _ 2",227.213477069447,-135.129220538667,-2361.86192919136,288.81377663622,-98.9426163952242,-2399.66172984332
"OPTOTRAK _ C08 _ Right _ 2",222.647814632909,-137.346257373966,-2361.05455671793,298.191614940647,-97.6273236362506,-2406.45997785331
"OPTOTRAK _ C08 _ Right _ 2",219.401035259926,-138.682655275604,-2360.16896919988,303.739292335877,-96.9590796538714,-2410.51994442428
"OPTOTRAK _ C08 _ Right _ 2",217.87437175797,-138.971773943846,-2359.32956572338,304.499550418549,-97.0173789252364,-2411.19713750244
"OPTOTRAK _ C08 _ Right _ 2",218.197731007861,-138.216819074677,-2358.65339253022,300.220581458065,-97.8194511868248,-2408.31438971032
"OPTOTRAK _ C08 _ Right _ 2",220.214251177756,-136.593238096427,-2358.23337297224,291.422544182738,-99.3245693618741,-2402.2119665717
"OPTOTRAK _ C08 _ Right _ 2",223.519133135982,-134.414359883956,-2358.12703021931,279.311050015706,-101.423362249697,-2393.71654226911
"OPTOTRAK _ C08 _ Right _ 2",227.54091927456,-132.068491737524,-2358.35034962729,265.55774145992,-103.922281113282,-2384.02469789356
"OPTOTRAK _ C08 _ Right _ 2",231.643074249732,-129.944806771445,-2358.87543344442,252.006058578013,-106.542458547558,-2374.51628686255
"OPTOTRAK _ C08 _ Right _ 2",235.220370316771,-128.36813044556,-2359.63082378398,240.378972768273,-108.946959831898,-2366.53503776253
"OPTOTRAK _ C08 _ Right _ 2",237.770497760737,-127.557466951484,-2360.50464340889,232.054283854042,-110.795330101142,-2361.18522152472
"OPTOTRAK _ C08 _ Right _ 2",238.935022756005,-127.612168558729,-2361.35255836827,227.935965712075,-111.810868387578,-2359.18425849762
"OPTOTRAK _ C08 _ Right _ 2",238.518320594732,-128.5188369145,-2362.01374815827,228.40828978809,-111.841593581164,-2360.78730793214
"OPTOTRAK _ C08 _ Right _ 2",236.499526765202,-130.167056877183,-2362.33694578558,233.337853667715,-110.898656712058,-2365.77829760216
"OPTOTRAK _ C08 _ Right _ 2",233.046757562398,-132.364764282726,-2362.21450036878,242.096523608655,-109.161091340781,-2373.51440643327
"OPTOTRAK _ C08 _ Right _ 2",228.528857293768,-134.851638443027,-2361.61665244075,253.604430908488,-106.942179576354,-2383.01481424729
"OPTOTRAK _ C08 _ Right _ 2",223.507317888158,-137.316176131466,-2360.61400468402,266.415137633018,-104.622393646356,-2393.08823185754
"OPTOTRAK _ C08 _ Right _ 2",218.689033530434,-139.424516599584,-2359.37693911206,278.867541409543,-102.566408373587,-2402.48974938541
"OPTOTRAK _ C08 _ Right _ 2",214.832143910797,-140.86496536052,-2358.14748264425,289.307610518738,-101.050698857716,-2410.08819740116
"OPTOTRAK _ C08 _ Right _ 2",212.61676733105,-141.403388646216,-2357.18901868813,296.349650756253,-100.225366727019,-2415.01867796131
"OPTOTRAK _ C08 _ Right _ 2",212.509679097611,-140.935757242283,-2356.72732951354,299.120240453027,-100.117693085386,-2416.79633172758
"OPTOTRAK _ C08 _ Right _ 2",214.659117097099,-139.519991492089,-2356.89923368506,297.42124593624,-100.664918302135,-2415.37472474763
"OPTOTRAK _ C08 _ Right _ 2",218.851055664467,-137.372647027733,-2357.72238565806,291.763296269185,-101.753030077936,-2411.1402229638
"OPTOTRAK _ C08 _ Right _ 2",224.543765877265,-134.826295381993,-2359.09361556049,283.252061663495,-103.242976644041,-2404.84018689714
"OPTOTRAK _ C08 _ Right _ 2",230.976824850018,-132.257043716077,-2360.81556863112,273.348444593419,-104.980634870595,-2397.45052930212
"OPTOTRAK _ C08 _ Right _ 2",237.328794717446,-130.002933472361,-2362.64393006381,263.560426626019,-106.800435878916,-2390.00090694316
"OPTOTRAK _ C08 _ Right _ 2",242.881818107133,-128.297573871592,-2364.34197728811,255.146469578462,-108.535321079573,-2383.39183069581
"OPTOTRAK _ C08 _ Right _ 2",247.148972475053,-127.237124342974,-2365.72763404853,248.906852933901,-110.03729802998,-2378.24770266459
