"fileName","thumb_y","thumb_x","thumb_z","finger_y","finger_x","finger_z"
"OPTOTRAK _ C01 _ Left _ 2",-139.960681906759,229.403101994687,-2402.2448639715,-71.0535346848507,290.398545818754,-2483.8944642829
"OPTOTRAK _ C01 _ Left _ 2",-140.011534035344,229.3080542366,-2402.25477454174,-71.0242498362863,290.257934633838,-2483.82657300908
"OPTOTRAK _ C01 _ Left _ 2",-140.080670740181,229.189048001496,-2402.26087853041,-70.9790518851806,290.075732895347,-2483.72539613481
"OPTOTRAK _ C01 _ Left _ 2",-140.163077942413,229.053801410139,-2402.25906762653,-70.9166270817485,289.859959752712,-2483.59071375058
"OPTOTRAK _ C01 _ Left _ 2",-140.250351308005,228.913139026423,-2402.24567555146,-70.8376201626982,289.623998970011,-2483.42671948257
"OPTOTRAK _ C01 _ Left _ 2",-140.331909636318,228.779459875221,-2402.21875701695,-70.7451064417726,289.385378690871,-2483.24226337202
"OPTOTRAK _ C01 _ Left _ 2",-140.396787149641,228.665006409733,-2402.17933233752,-70.6448086800473,289.164015470938,-2483.05051153946
"OPTOTRAK _ C01 _ Left _ 2",-140.435578071568,228.580281981951,-2402.13217207629,-70.5449026952702,288.980046973125,-2482.86795760484
"OPTOTRAK _ C01 _ Left _ 2",-140.442094998748,228.532854962522,-2402.08571306791,-70.4552721408135,288.851346230301,-2482.71272067509
"OPTOTRAK _ C01 _ Left _ 2",-140.414418460871,228.526653490338,-2402.05088295478,-70.3861655588413,288.790907917857,-2482.60214008245
"OPTOTRAK _ C01 _ Left _ 2",-140.355184114909,228.561743660656,-2402.03893306357,-70.3463816909296,288.804502695714,-2482.54986779043
"OPTOTRAK _ C01 _ Left _ 2",-140.27110999592,228.634521384955,-2402.05874313782,-70.3413263632829,288.889166498297,-2482.56294524964
"OPTOTRAK _ C01 _ Left _ 2",-140.171881821988,228.738234288962,-2402.11433160871,-70.371461751513,289.033076013518,-2482.63961873737
"OPTOTRAK _ C01 _ Left _ 2",-140.068590837871,228.863767159649,-2402.2033534586,-70.4316955793202,289.217113936193,-2482.768707646
"OPTOTRAK _ C01 _ Left _ 2",-139.971972229324,229.000646727301,-2402.31713169242,-70.5120523753305,289.417999369427,-2482.93103810374
"OPTOTRAK _ C01 _ Left _ 2",-139.890738708699,229.13821998846,-2402.44229665813,-70.5995531114118,289.612364588167,-2483.10280817609
"OPTOTRAK _ C01 _ Left _ 2",-139.830327613314,229.266916211644,-2402.56356831582,-70.6807741609489,289.78079389573,-2483.260026681
"OPTOTRAK _ C01 _ Left _ 2",-139.792330744695,229.379427546146,-2402.66684346918,-70.7443105825022,289.91080903818,-2483.38276125424
"OPTOTRAK _ C01 _ Left _ 2",-139.774726828395,229.471580386495,-2402.74171402673,-70.7824743715451,289.998130895085,-2483.45807664135
"OPTOTRAK _ C01 _ Left _ 2",-139.772826827361,229.542672973767,-2402.7828362971,-70.7919289073383,290.046092905711,-2483.48111905065
"OPTOTRAK _ C01 _ Left _ 2",-139.780653916547,229.595153381219,-2402.79002298351,-70.7733592242658,290.063579578459,-2483.45444788674
"OPTOTRAK _ C01 _ Left _ 2",-139.792382887832,229.633683772914,-2402.76732641843,-70.7305030682181,290.062153547044,-2483.38612434618
"OPTOTRAK _ C01 _ Left _ 2",-139.803484622152,229.663814153111,-2402.72158426565,-70.6688793927535,290.053087098399,-2483.28716171411
"OPTOTRAK _ C01 _ Left _ 2",-139.811334388474,229.69060012579,-2402.66088686932,-70.5944584220694,290.04489495167,-2483.16886213012
"OPTOTRAK _ C01 _ Left _ 2",-139.81519461485,229.717505727287,-2402.59328234825,-70.5124606819039,290.041776061122,-2483.04049337855
"OPTOTRAK _ C01 _ Left _ 2",-139.815635377221,229.745836329665,-2402.52587692404,-70.426494324379,290.043180207362,-2482.90775350907
"OPTOTRAK _ C01 _ Left _ 2",-139.813594799499,229.774783540609,-2402.46437769467,-70.3382689515395,290.044525684555,-2482.77243694391
"OPTOTRAK _ C01 _ Left _ 2",-139.809387040779,229.801990031978,-2402.41306014193,-70.2480668759345,290.038897068166,-2482.63353771943
"OPTOTRAK _ C01 _ Left _ 2",-139.802001391997,229.824413292478,-2402.37509930743,-70.1559820037943,290.019368275815,-2482.48968676701
"OPTOTRAK _ C01 _ Left _ 2",-139.788973140816,229.839219824475,-2402.35316736204,-70.0636964354376,289.981464481116,-2482.34241087022
"OPTOTRAK _ C01 _ Left _ 2",-139.766948223396,229.844482711714,-2402.35015885178,-69.976324465492,289.925213922244,-2482.19934396311
"OPTOTRAK _ C01 _ Left _ 2",-139.732847240077,229.839561699196,-2402.36984651921,-69.9036770200558,289.856250713172,-2482.07630964039
"OPTOTRAK _ C01 _ Left _ 2",-139.685319254989,229.825164915996,-2402.41721088878,-69.8602621003077,289.785543020683,-2481.99721127201
"OPTOTRAK _ C01 _ Left _ 2",-139.626027404458,229.803169078035,-2402.49818428497,-69.8635346047399,289.727589990555,-2481.99102751619
"OPTOTRAK _ C01 _ Left _ 2",-139.560285809774,229.77628588605,-2402.61866544529,-69.9303942783556,289.697355465544,-2482.08598527298
"OPTOTRAK _ C01 _ Left _ 2",-139.49670279512,229.747632294557,-2402.7828921489,-70.0726099750371,289.706664031461,-2482.30203409935
"OPTOTRAK _ C01 _ Left _ 2",-139.44576222447,229.720240836539,-2402.99152795866,-70.2924591789313,289.761059674831,-2482.64368762981
"OPTOTRAK _ C01 _ Left _ 2",-139.417619909733,229.696557777866,-2403.24002169318,-70.5800966981176,289.858054765508,-2483.09565165293
"OPTOTRAK _ C01 _ Left _ 2",-139.419685649025,229.678007640876,-2403.51785638422,-70.9138178273494,289.987300046637,-2483.62312989395
"OPTOTRAK _ C01 _ Left _ 2",-139.454676141381,229.664728329891,-2403.80917101675,-71.26351811547,290.132667955231,-2484.1773528736
"OPTOTRAK _ C01 _ Left _ 2",-139.519702579659,229.655584578096,-2404.09489177989,-71.5965694955292,290.275745266576,-2484.70514199224
"OPTOTRAK _ C01 _ Left _ 2",-139.606659819809,229.64852888278,-2404.35599975313,-71.884456338178,290.399868650905,-2485.15985952234
"OPTOTRAK _ C01 _ Left _ 2",-139.703837125941,229.641280948406,-2404.57707301798,-72.1082214028828,290.493659889312,-2485.51053319142
"OPTOTRAK _ C01 _ Left _ 2",-139.79837107782,229.632157087966,-2404.74903649709,-72.2611890771324,290.553099067558,-2485.74654726726
"OPTOTRAK _ C01 _ Left _ 2",-139.878950404787,229.620771462727,-2404.87028247558,-72.3483745906891,290.581567178452,-2485.87680934745
"OPTOTRAK _ C01 _ Left _ 2",-139.938083719773,229.608336913693,-2404.94589000795,-72.3830742530807,290.587923459485,-2485.92412522855
"OPTOTRAK _ C01 _ Left _ 2",-139.973302863905,229.59743741211,-2404.98530002169,-72.3819697989643,290.583323858391,-2485.91696690813
"OPTOTRAK _ C01 _ Left _ 2",-139.986953314914,229.591351279871,-2404.9992427275,-72.360389397825,290.577851731601,-2485.88139723295
"OPTOTRAK _ C01 _ Left _ 2",-139.984691229471,229.593157138149,-2404.99685553226,-72.3290795830287,290.577976638348,-2485.83547794433
"OPTOTRAK _ C01 _ Left _ 2",-139.973287223425,229.604889316432,-2404.98379085256,-72.2931307671869,290.585459924435,-2485.78731589562
"OPTOTRAK _ C01 _ Left _ 2",-139.958584337579,229.626949073768,-2404.96176172445,-72.2528863701003,290.597792435952,-2485.73652745676
"OPTOTRAK _ C01 _ Left _ 2",-139.944331007544,229.65788472729,-2404.92949685277,-72.206061665694,290.609777104067,-2485.67784506431
"OPTOTRAK _ C01 _ Left _ 2",-139.932172837215,229.694568695145,-2404.88461433295,-72.1500836582858,290.61559293306,-2485.60517959361
"OPTOTRAK _ C01 _ Left _ 2",-139.922561137394,229.732727834765,-2404.82565035897,-72.0838393883564,290.610663077921,-2485.5147261713
"OPTOTRAK _ C01 _ Left _ 2",-139.91597007977,229.767721051292,-2404.75350482419,-72.0084304266054,290.592863451409,-2485.40640811821
"OPTOTRAK _ C01 _ Left _ 2",-139.913759481731,229.79541041348,-2404.67185408268,-71.9269601278828,290.562914660004,-2485.28370547181
"OPTOTRAK _ C01 _ Left _ 2",-139.918269954573,229.812948218908,-2404.58649080535,-71.8436715412466,290.524051006454,-2485.15241288761
"OPTOTRAK _ C01 _ Left _ 2",-139.932145090879,229.819310789323,-2404.50392027312,-71.7628580393281,290.481188809938,-2485.01902233859
"OPTOTRAK _ C01 _ Left _ 2",-139.957238994352,229.81545923173,-2404.42974619747,-71.6879131485198,290.439841739225,-2484.88929573272
"OPTOTRAK _ C01 _ Left _ 2",-139.993628576823,229.804096554925,-2404.36737292097,-71.6207389050875,290.405007650261,-2484.76732849834
"OPTOTRAK _ C01 _ Left _ 2",-140.039161665714,229.789094058463,-2404.3173909906,-71.5615782218842,290.380229020264,-2484.65516889145
"OPTOTRAK _ C01 _ Left _ 2",-140.089708769703,229.774739629837,-2404.27779473615,-71.5092378769469,290.367019379926,-2484.55294274722
"OPTOTRAK _ C01 _ Left _ 2",-140.13999614626,229.764991345059,-2404.24495053415,-71.4616248784113,290.364807314609,-2484.45940797826
"OPTOTRAK _ C01 _ Left _ 2",-140.184713479077,229.762899607269,-2404.21500368035,-71.4164834916975,290.37142523333,-2484.37282327499
"OPTOTRAK _ C01 _ Left _ 2",-140.219559441221,229.770301197778,-2404.18523867074,-71.3721619726623,290.383983063784,-2484.29191045035
"OPTOTRAK _ C01 _ Left _ 2",-140.241976716555,229.787803138866,-2404.15490108156,-71.3281823505301,290.399816480913,-2484.21658152516
"OPTOTRAK _ C01 _ Left _ 2",-140.251464980109,229.814982342674,-2404.12519859534,-71.2853931186323,290.417174460115,-2484.14810066043
"OPTOTRAK _ C01 _ Left _ 2",-140.249484278357,229.850660395014,-2404.09853249448,-71.2455928512157,290.435420220183,-2484.08851723616
"OPTOTRAK _ C01 _ Left _ 2",-140.239034308374,229.893108580659,-2404.07729475586,-71.2107058580993,290.454704937872,-2484.03950308504
"OPTOTRAK _ C01 _ Left _ 2",-140.224015252344,229.940109019755,-2404.06267980337,-71.1817957765111,290.475262899323,-2484.00103255011
"OPTOTRAK _ C01 _ Left _ 2",-140.208476490186,229.988908076871,-2404.05390950293,-71.158321565669,290.496615242191,-2483.97050579816
"OPTOTRAK _ C01 _ Left _ 2",-140.195872868867,230.03618423665,-2404.04813321131,-71.1380012613299,290.517022429154,-2483.94283170168
"OPTOTRAK _ C01 _ Left _ 2",-140.188467763724,230.078170758659,-2404.04109372653,-71.1174441737279,290.533467768349,-2483.91166068861
"OPTOTRAK _ C01 _ Left _ 2",-140.187015398468,230.111022504132,-2404.02844260024,-71.0934051059865,290.542276075106,-2483.87149724097
"OPTOTRAK _ C01 _ Left _ 2",-140.190804383772,230.131420265049,-2404.00735633992,-71.0642291623411,290.540215269178,-2483.8200071473
"OPTOTRAK _ C01 _ Left _ 2",-140.198063645635,230.137293263529,-2403.97793780764,-71.0309346686807,290.525699997896,-2483.7596627231
"OPTOTRAK _ C01 _ Left _ 2",-140.206647701311,230.128444071709,-2403.94389930973,-70.9974938790383,290.499627239167,-2483.69804030955
"OPTOTRAK _ C01 _ Left _ 2",-140.214847504871,230.106824421898,-2403.91223601857,-70.970156719839,290.465472877105,-2483.64652411343
"OPTOTRAK _ C01 _ Left _ 2",-140.222120378662,230.076279231232,-2403.89190883329,-70.9559849675162,290.428533771108,-2483.61768822261
"OPTOTRAK _ C01 _ Left _ 2",-140.229511226851,230.041752623703,-2403.89183857901,-70.9610049778025,290.394519471025,-2483.62204260567
"OPTOTRAK _ C01 _ Left _ 2",-140.239576988918,230.008167115517,-2403.91870058546,-70.9884867368595,290.367956910281,-2483.66502630741
"OPTOTRAK _ C01 _ Left _ 2",-140.255743774537,229.979339765699,-2403.9750739933,-71.0378069158253,290.350961749721,-2483.74507099361
"OPTOTRAK _ C01 _ Left _ 2",-140.281199016531,229.957308508222,-2404.05842802973,-71.1041878221267,290.342814274422,-2483.85327439162
"OPTOTRAK _ C01 _ Left _ 2",-140.317599584587,229.942297343712,-2404.16123176608,-71.1793806982595,290.340503113028,-2483.97480751003
"OPTOTRAK _ C01 _ Left _ 2",-140.364002243339,229.933306650175,-2404.2722089471,-71.2531351035391,290.340065326836,-2484.09173908948
"OPTOTRAK _ C01 _ Left _ 2",-140.41643106581,229.929073923399,-2404.37848826182,-71.3151127501762,290.338271418038,-2484.18660073424
"OPTOTRAK _ C01 _ Left _ 2",-140.468342758902,229.92901342879,-2404.46817326304,-71.3568106489621,290.33408204226,-2484.2458382146
"OPTOTRAK _ C01 _ Left _ 2",-140.511960312403,229.93376787623,-2404.53272967364,-71.3730843088049,290.329389966387,-2484.26236228336
"OPTOTRAK _ C01 _ Left _ 2",-140.540127114039,229.945175486689,-2404.5686161465,-71.3629904788768,290.328817439542,-2484.23669832202
"OPTOTRAK _ C01 _ Left _ 2",-140.548128574536,229.965693009854,-2404.5777827262,-71.3298378599408,290.338653169964,-2484.17661175284
"OPTOTRAK _ C01 _ Left _ 2",-140.534933322298,229.997514461924,-2404.56697211306,-71.2804762005499,290.36525646967,-2484.09540081335
"OPTOTRAK _ C01 _ Left _ 2",-140.503521167757,230.041704381238,-2404.54606837536,-71.2239459896831,290.41334731946,-2484.00921764812
"OPTOTRAK _ C01 _ Left _ 2",-140.46028264643,230.097607923239,-2404.52593399823,-71.1696791967179,290.48454618843,-2483.93383569769
"OPTOTRAK _ C01 _ Left _ 2",-140.413733356057,230.162665647606,-2404.51621420323,-71.1255222200053,290.576411294295,-2483.88132518295
"OPTOTRAK _ C01 _ Left _ 2",-140.37287653426,230.232633225513,-2404.52350874884,-71.0959469559576,290.682135194866,-2483.8571947822
"OPTOTRAK _ C01 _ Left _ 2",-140.345489702269,230.302136707771,-2404.55019661151,-71.0808775088904,290.791026015912,-2483.85866104203
"OPTOTRAK _ C01 _ Left _ 2",-140.336525665046,230.365473653401,-2404.5940992699,-71.0755166183531,290.889849517439,-2483.87467527137
"OPTOTRAK _ C01 _ Left _ 2",-140.346812718279,230.417556138501,-2404.64907874863,-71.0713681945413,290.964976236238,-2483.88805037653
"OPTOTRAK _ C01 _ Left _ 2",-140.372314791003,230.45485614381,-2404.70655393458,-71.058358540526,291.005063757338,-2483.87951211315
"OPTOTRAK _ C01 _ Left _ 2",-140.404267186877,230.476172168316,-2404.75776128197,-71.0276505759991,291.003782785667,-2483.83291650808
"OPTOTRAK _ C01 _ Left _ 2",-140.430426034412,230.483026352877,-2404.79639032522,-70.9745062934124,290.961951007343,-2483.74042125343
"OPTOTRAK _ C01 _ Left _ 2",-140.437427469649,230.479549191924,-2404.82103112305,-70.9004390732902,290.888427558705,-2483.60621244087
"OPTOTRAK _ C01 _ Left _ 2",-140.413903420066,230.471813146861,-2404.83675632208,-70.813959151125,290.799291348135,-2483.44755240635
"OPTOTRAK _ C01 _ Left _ 2",-140.353655730392,230.466716963367,-2404.85521050324,-70.7294891644039,290.71520430505,-2483.29245753832
"OPTOTRAK _ C01 _ Left _ 2",-140.25798451051,230.470662353842,-2404.89284504624,-70.6644917952575,290.657387665589,-2483.17416912487
"OPTOTRAK _ C01 _ Left _ 2",-140.136323458955,230.488352675761,-2404.96740935926,-70.6354019926496,290.643150418946,-2483.12355591557
"OPTOTRAK _ C01 _ Left _ 2",-140.00470912361,230.522032987689,-2405.09339807387,-70.653420398912,290.682190019824,-2483.16139621812
"OPTOTRAK _ C01 _ Left _ 2",-139.882242883268,230.571368355198,-2405.27765921709,-70.7214185152602,290.77477543914,-2483.29280967547
"OPTOTRAK _ C01 _ Left _ 2",-139.786411358363,230.633956409137,-2405.51653272717,-70.8329948292105,290.912399781698,-2483.5056959009
"OPTOTRAK _ C01 _ Left _ 2",-139.728639778067,230.706267873048,-2405.7955562682,-70.974086878299,291.080703197666,-2483.77386228709
"OPTOTRAK _ C01 _ Left _ 2",-139.711498347995,230.784691959908,-2406.09202190861,-71.1266620350276,291.263704311285,-2484.06392244787
"OPTOTRAK _ C01 _ Left _ 2",-139.728466968162,230.866376560504,-2406.37976094547,-71.2732445236662,291.447955634313,-2484.34368008672
"OPTOTRAK _ C01 _ Left _ 2",-139.766266518472,230.949668844421,-2406.63479319826,-71.4007600298144,291.625332093514,-2484.58922816087
"OPTOTRAK _ C01 _ Left _ 2",-139.808869814127,231.034107176995,-2406.84016309988,-71.5025193558632,291.793705374377,-2484.78860548133
"OPTOTRAK _ C01 _ Left _ 2",-139.841795556271,231.120027210707,-2406.98853973279,-71.5779287180277,291.955498153254,-2484.94123537101
"OPTOTRAK _ C01 _ Left _ 2",-139.855349485453,231.207906279036,-2407.08193186921,-71.6303506111013,292.114769957993,-2485.05390452976
"OPTOTRAK _ C01 _ Left _ 2",-139.846022931868,231.297599677503,-2407.12888415289,-71.6641209367043,292.273870563513,-2485.13513714801
"OPTOTRAK _ C01 _ Left _ 2",-139.816000176101,231.387642866178,-2407.14036249279,-71.6818824572527,292.430746001207,-2485.19013761256
"OPTOTRAK _ C01 _ Left _ 2",-139.771329500809,231.474809365868,-2407.12586409767,-71.6831382689166,292.577741305806,-2485.21801274754
"OPTOTRAK _ C01 _ Left _ 2",-139.719577517578,231.554104799751,-2407.09101643496,-71.664420362173,292.7023090694,-2485.21202462728
"OPTOTRAK _ C01 _ Left _ 2",-139.667721379524,231.619307686937,-2407.03725135166,-71.620903334937,292.789502775713,-2485.16255441125
"OPTOTRAK _ C01 _ Left _ 2",-139.620782136814,231.664021001827,-2406.96337385308,-71.5488332588223,292.825616859621,-2485.06160560638
"OPTOTRAK _ C01 _ Left _ 2",-139.581403482627,231.683014527048,-2406.86825656333,-71.4479043462841,292.801969728965,-2484.90725455542
"OPTOTRAK _ C01 _ Left _ 2",-139.550304824271,231.673499437444,-2406.7536156378,-71.322763604562,292.717740061433,-2484.70654421856
"OPTOTRAK _ C01 _ Left _ 2",-139.52731334079,231.635953845141,-2406.62588013187,-71.1831289803672,292.581009608673,-2484.47584929114
"OPTOTRAK _ C01 _ Left _ 2",-139.51252583225,231.574229973083,-2406.49649560764,-71.0424573831484,292.407681598567,-2484.23854544066
"OPTOTRAK _ C01 _ Left _ 2",-139.507103964467,231.494886101472,-2406.38049633894,-70.9155487861489,292.218576910963,-2484.02066383811
"OPTOTRAK _ C01 _ Left _ 2",-139.513322404093,231.405925498908,-2406.29370759506,-70.8157859356535,292.035528830365,-2483.84584259084
"OPTOTRAK _ C01 _ Left _ 2",-139.533790310376,231.3152981876,-2406.24936976427,-70.7527885132357,291.877495842313,-2483.73106368832
"OPTOTRAK _ C01 _ Left _ 2",-139.570158787804,231.229561631651,-2406.25519245336,-70.7310795549864,291.757556154973,-2483.68430350657
"OPTOTRAK _ C01 _ Left _ 2",-139.621906386731,231.153002796354,-2406.31175668872,-70.7499957833786,291.681285862244,-2483.7044902847
"OPTOTRAK _ C01 _ Left _ 2",-139.685786336125,231.087360686805,-2406.41276503021,-70.8046732763413,291.646630002785,-2483.78338957737
"OPTOTRAK _ C01 _ Left _ 2",-139.75622399792,231.032126861565,-2406.54700690561,-70.8876482455979,291.645036721826,-2483.90852077177
"OPTOTRAK _ C01 _ Left _ 2",-139.826545444174,230.985272568033,-2406.70130461857,-70.9905039751907,291.66338127738,-2484.0660565428
"OPTOTRAK _ C01 _ Left _ 2",-139.890601729269,230.944159064858,-2406.86339506413,-71.1050808713127,291.686131776788,-2484.24284989982
"OPTOTRAK _ C01 _ Left _ 2",-139.94423481816,230.906348394316,-2407.02381573759,-71.2240098587689,291.69735352889,-2484.42718670105
"OPTOTRAK _ C01 _ Left _ 2",-139.986109418963,230.870077599567,-2407.17633291144,-71.3406356966384,291.682432745869,-2484.6084229231
"OPTOTRAK _ C01 _ Left _ 2",-140.017660112958,230.834299947698,-2407.31705154164,-71.4486368098884,291.629618700376,-2484.77611708565
"OPTOTRAK _ C01 _ Left _ 2",-140.042210317283,230.798382234179,-2407.44283522838,-71.5417290334029,291.531470850215,-2484.91942296622
"OPTOTRAK _ C01 _ Left _ 2",-140.063617703106,230.761684485467,-2407.54988340654,-71.6137567163731,291.386080548332,-2485.02732495901
"OPTOTRAK _ C01 _ Left _ 2",-140.084968594931,230.723268678238,-2407.63320791282,-71.6592840723136,291.197718964925,-2485.08988771719
"OPTOTRAK _ C01 _ Left _ 2",-140.107783776779,230.681894266693,-2407.68735262175,-71.6745732944688,290.976551376959,-2485.10022974399
"OPTOTRAK _ C01 _ Left _ 2",-140.131921848469,230.6363259826,-2407.70814167482,-71.6586440292238,290.73729247822,-2485.05658538642
"OPTOTRAK _ C01 _ Left _ 2",-140.156026449576,230.585863436361,-2407.6947588395,-71.6140226341525,290.497013519193,-2484.96370856653
"OPTOTRAK _ C01 _ Left _ 2",-140.178165425688,230.530921109321,-2407.65128460962,-71.5468499376113,290.272563181924,-2484.83302641719
"OPTOTRAK _ C01 _ Left _ 2",-140.196354720981,230.473441991508,-2407.5870273391,-71.4661965523991,290.078134349565,-2484.68130223568
"OPTOTRAK _ C01 _ Left _ 2",-140.208866244398,230.416936160903,-2407.51544793613,-71.3826582954242,289.92340802081,-2484.52797957412
"OPTOTRAK _ C01 _ Left _ 2",-140.21440413934,230.366023147125,-2407.45194594696,-71.3064979767148,289.812503996702,-2484.39172516475
"OPTOTRAK _ C01 _ Left _ 2",-140.212271979432,230.325517029719,-2407.41105414582,-71.2457229874538,289.743762886016,-2484.28689609525
"OPTOTRAK _ C01 _ Left _ 2",-140.202562713526,230.299266949156,-2407.40364922934,-71.2045231194048,289.710258346922,-2484.22070314485
"OPTOTRAK _ C01 _ Left _ 2",-140.1862968463,230.289072802591,-2407.43472596013,-71.1824356874544,289.700909885124,-2484.19172645551
"OPTOTRAK _ C01 _ Left _ 2",-140.165403275691,230.293988928478,-2407.50219392201,-71.1744635335524,289.702080661428,-2484.19017588995
"OPTOTRAK _ C01 _ Left _ 2",-140.142484560021,230.310220917818,-2407.59703626496,-71.1721676546461,289.699532809672,-2484.19991891912
"OPTOTRAK _ C01 _ Left _ 2",-140.120383777881,230.331665745726,-2407.7049510536,-71.1655323012657,289.680551398629,-2484.20190486045
"OPTOTRAK _ C01 _ Left _ 2",-140.101638035946,230.350995341648,-2407.80925202067,-71.1452148397781,289.635961070725,-2484.17829295279
"OPTOTRAK _ C01 _ Left _ 2",-140.087957030917,230.361068935379,-2407.89441952062,-71.1046935249164,289.561687151414,-2484.11641371884
"OPTOTRAK _ C01 _ Left _ 2",-140.079888509453,230.356393014847,-2407.94943226685,-71.0418363016512,289.459506980733,-2484.01169658058
"OPTOTRAK _ C01 _ Left _ 2",-140.076794050258,230.334332198165,-2407.97002803072,-70.9595377561307,289.336753020298,-2483.86890512313
"OPTOTRAK _ C01 _ Left _ 2",-140.077152783388,230.295807069469,-2407.95935627811,-70.8652901305819,289.204973910174,-2483.70141473721
"OPTOTRAK _ C01 _ Left _ 2",-140.079085121337,230.24529467034,-2407.92695713632,-70.7698074565855,289.077843003922,-2483.52873863066
"OPTOTRAK _ C01 _ Left _ 2",-140.080912218653,230.190073824779,-2407.88643154114,-70.6850275910574,288.968784926837,-2483.37289877599
"OPTOTRAK _ C01 _ Left _ 2",-140.081578289213,230.138821288028,-2407.85242800653,-70.6219222203208,288.888793921973,-2483.25443337429
"OPTOTRAK _ C01 _ Left _ 2",-140.080847029761,230.099834584336,-2407.83763839201,-70.5885457294056,288.844792005016,-2483.18881433159
"OPTOTRAK _ C01 _ Left _ 2",-140.079283641857,230.079280293515,-2407.85041183743,-70.5886731173469,288.838728357662,-2483.18387832095
"OPTOTRAK _ C01 _ Left _ 2",-140.078089019158,230.079890444639,-2407.89341818706,-70.6212414610633,288.867511002226,-2483.2386400031
"OPTOTRAK _ C01 _ Left _ 2",-140.078840966797,230.100435478071,-2407.96355066583,-70.6806453195372,288.92376101694,-2483.34361380113
"OPTOTRAK _ C01 _ Left _ 2",-140.083154473686,230.136112689889,-2408.05297642499,-70.7577748491078,288.997249905488,-2483.48253443774
"OPTOTRAK _ C01 _ Left _ 2",-140.092256947505,230.179754472696,-2408.15098599404,-70.8415617210898,289.076747490969,-2483.63514470169
"OPTOTRAK _ C01 _ Left _ 2",-140.106509392768,230.223546687595,-2408.24614820501,-70.9207386437795,289.151936913579,-2483.7805496141
"OPTOTRAK _ C01 _ Left _ 2",-140.124968491499,230.260820510645,-2408.32829006765,-70.9855207723215,289.215066336215,-2483.90055751984
"OPTOTRAK _ C01 _ Left _ 2",-140.145141413632,230.287476990518,-2408.38995616498,-71.028952543933,289.262058383437,-2483.98243533653
"OPTOTRAK _ C01 _ Left _ 2",-140.163106302936,230.302708612842,-2408.42718188757,-71.0477099411578,289.29285240505,-2484.02057050107
"OPTOTRAK _ C01 _ Left _ 2",-140.174125667167,230.308855657701,-2408.439571189,-71.0422192873577,289.310847519361,-2484.01667272373
"OPTOTRAK _ C01 _ Left _ 2",-140.173740723748,230.310443295528,-2408.42977297705,-71.0160799402658,289.321502340695,-2483.97842517813
"OPTOTRAK _ C01 _ Left _ 2",-140.159123546085,230.312659997882,-2408.40251417885,-70.9749561362757,289.330409106742,-2483.9169108147
"OPTOTRAK _ C01 _ Left _ 2",-140.130273946047,230.319712357699,-2408.36339948593,-70.9252674017564,289.341385219384,-2483.84355403707
"OPTOTRAK _ C01 _ Left _ 2",-140.090598107763,230.333561982148,-2408.31772697762,-70.8730637557555,289.355191496158,-2483.76750566228
"OPTOTRAK _ C01 _ Left _ 2",-140.046555714282,230.353469946269,-2408.26956405959,-70.8233694982059,289.36933510759,-2483.69422210922
"OPTOTRAK _ C01 _ Left _ 2",-140.006365860642,230.376546549423,-2408.22125894745,-70.7800555265936,289.379082737202,-2483.62551181708
"OPTOTRAK _ C01 _ Left _ 2",-139.978093755994,230.399187314287,-2408.17344568975,-70.7460684192035,289.379413394185,-2483.56076747484
"OPTOTRAK _ C01 _ Left _ 2",-139.967661456518,230.418967943684,-2408.12547143222,-70.7237232848068,289.367325013362,-2483.49871628973
"OPTOTRAK _ C01 _ Left _ 2",-139.977347753651,230.436381940706,-2408.07606273647,-70.7148044767858,289.343781709977,-2483.43893837687
"OPTOTRAK _ C01 _ Left _ 2",-140.005166614299,230.455815837752,-2408.02398284268,-70.7203718954941,289.314682411839,-2483.38260870998
"OPTOTRAK _ C01 _ Left _ 2",-140.045233319554,230.485372668274,-2407.96845497283,-70.7403486040256,289.290505428757,-2483.3322793202
"OPTOTRAK _ C01 _ Left _ 2",-140.088966168168,230.53549704835,-2407.90924749336,-70.7730785007594,289.28464491019,-2483.29086594881
"OPTOTRAK _ C01 _ Left _ 2",-140.126804851323,230.616710491938,-2407.84646498993,-70.8150465983714,289.310794291684,-2483.26021313014
"OPTOTRAK _ C01 _ Left _ 2",-140.150063349488,230.737024453804,-2407.78017500465,-70.8608763515508,289.379961739869,-2483.23966679171
"OPTOTRAK _ C01 _ Left _ 2",-140.152553592572,230.899682659511,-2407.71001805323,-70.9036394432246,289.49778719113,-2483.22506102996
"OPTOTRAK _ C01 _ Left _ 2",-140.131692531566,231.101775600453,-2407.63495772029,-70.9354924921555,289.662774303734,-2483.20849324538
"OPTOTRAK _ C01 _ Left _ 2",-140.088919821106,231.334026522184,-2407.55333581601,-70.9486630709357,289.865866391261,-2483.17918270249
"OPTOTRAK _ C01 _ Left _ 2",-140.029389117104,231.581768294615,-2407.46334003184,-70.9367583689753,290.091502031906,-2483.12548346033
"OPTOTRAK _ C01 _ Left _ 2",-139.961036551395,231.826893021143,-2407.36383483893,-70.8962269809509,290.319938623607,-2483.037739596
"OPTOTRAK _ C01 _ Left _ 2",-139.89325199943,232.050393140027,-2407.25531731178,-70.8276356054503,290.530327593659,-2482.91127238173
"OPTOTRAK _ C01 _ Left _ 2",-139.835447862158,232.235029160261,-2407.14064923867,-70.7363447621133,290.703858103968,-2482.74858748766
"OPTOTRAK _ C01 _ Left _ 2",-139.795804807025,232.367658435022,-2407.02524701798,-70.6322519714043,290.826304332606,-2482.56001605022
"OPTOTRAK _ C01 _ Left _ 2",-139.780377733075,232.44083966027,-2406.91656970965,-70.5285029748522,290.889504971917,-2482.36243573176
"OPTOTRAK _ C01 _ Left _ 2",-139.792618693079,232.453470414805,-2406.82297659753,-70.4393720123185,290.891611301724,-2482.17630666526
"OPTOTRAK _ C01 _ Left _ 2",-139.833277096258,232.410393658479,-2406.75224337243,-70.3777705583316,290.836263304321,-2482.02178003804
"OPTOTRAK _ C01 _ Left _ 2",-139.900591314343,232.321101525012,-2406.71013495981,-70.352960583841,290.731092410974,-2481.91488806014
"OPTOTRAK _ C01 _ Left _ 2",-139.990668358956,232.197844633584,-2406.69938283118,-70.3689845001447,290.586043351913,-2481.86472708343
"OPTOTRAK _ C01 _ Left _ 2",-140.097942247143,232.053579953264,-2406.71924554167,-70.4241189266374,290.411945626195,-2481.87219121026
"OPTOTRAK _ C01 _ Left _ 2",-140.215620837405,231.900210595676,-2406.7656455636,-70.5113952510312,290.219584876821,-2481.93036902397
"OPTOTRAK _ C01 _ Left _ 2",-140.336092035945,231.747460590388,-2406.83176005416,-70.6199868389473,290.019300086262,-2482.02631940754
"OPTOTRAK _ C01 _ Left _ 2",-140.451340629192,231.602513115412,-2406.90891535972,-70.7371000612283,289.820943289763,-2482.1436774173
"OPTOTRAK _ C01 _ Left _ 2",-140.553468690786,231.470301458032,-2406.98764998311,-70.8499533576294,289.633936000139,-2482.26544876809
"OPTOTRAK _ C01 _ Left _ 2",-140.635372929586,231.354171178245,-2407.05881631316,-70.9474787688987,289.467160799964,-2482.37642883058
"OPTOTRAK _ C01 _ Left _ 2",-140.691525806454,231.256582916413,-2407.11458133783,-71.0215007266447,289.328539472312,-2482.46488212024
"OPTOTRAK _ C01 _ Left _ 2",-140.718698891141,231.179590658562,-2407.14919802076,-71.0672966253285,289.22434427471,-2482.52336583122
"OPTOTRAK _ C01 _ Left _ 2",-140.71642806108,231.124963691398,-2407.15947840979,-71.0835859241351,289.158484128899,-2482.54879909817
"OPTOTRAK _ C01 _ Left _ 2",-140.687078347593,231.093970175101,-2407.14498171354,-71.0720998265633,289.132085447917,-2482.54201535369
"OPTOTRAK _ C01 _ Left _ 2",-140.635484884438,231.086964793005,-2407.10797962985,-71.0369333612378,289.143586203125,-2482.50707289018
"OPTOTRAK _ C01 _ Left _ 2",-140.568254826436,231.102991163263,-2407.05324712838,-70.9838700202579,289.189337952297,-2482.45055347923
"OPTOTRAK _ C01 _ Left _ 2",-140.492867888645,231.139602367693,-2406.98767350978,-70.9198006297378,289.264492616028,-2482.38097207995
"OPTOTRAK _ C01 _ Left _ 2",-140.416717765995,231.193020776402,-2406.91964823168,-70.8522527984025,289.363846314313,-2482.30827444135
"OPTOTRAK _ C01 _ Left _ 2",-140.346223746203,231.258628930341,-2406.85818788401,-70.7889511068514,289.482362442546,-2482.2432676555
"OPTOTRAK _ C01 _ Left _ 2",-140.286126950438,231.331657715089,-2406.81184083519,-70.7372975408233,289.615272536563,-2482.19679798098
"OPTOTRAK _ C01 _ Left _ 2",-140.239066846009,231.407870272083,-2406.78750824859,-70.7037160409277,289.757866475814,-2482.17860238691
"OPTOTRAK _ C01 _ Left _ 2",-140.20550500113,231.484055130683,-2406.78940704122,-70.692904870273,289.905219715504,-2482.1959516385
"OPTOTRAK _ C01 _ Left _ 2",-140.184017048949,231.558221477467,-2406.81842284562,-70.7071262140682,290.052101107622,-2482.2523600929
"OPTOTRAK _ C01 _ Left _ 2",-140.171901934344,231.62949241884,-2406.87203042629,-70.7457056848385,290.193189515191,-2482.34669896408
"OPTOTRAK _ C01 _ Left _ 2",-140.165964317434,231.69778701008,-2406.94480593867,-70.8049174045745,290.323588629231,-2482.47301852792
"OPTOTRAK _ C01 _ Left _ 2",-140.163248453554,231.763449049361,-2407.02937820452,-70.8783874130461,290.439540542588,-2482.62126603579
"OPTOTRAK _ C01 _ Left _ 2",-140.161499790613,231.826995738638,-2407.11754986525,-70.9580379898389,290.539211054032,-2482.7788720468
"OPTOTRAK _ C01 _ Left _ 2",-140.159234855804,231.889101482603,-2407.20132371444,-71.0354237714139,290.623411219665,-2482.93290450492
"OPTOTRAK _ C01 _ Left _ 2",-140.155469321237,231.950814637288,-2407.27368357541,-71.1031442049402,290.696085151638,-2483.07226705921
"OPTOTRAK _ C01 _ Left _ 2",-140.149297270963,232.01388054965,-2407.32912363415,-71.1559521210601,290.764340648254,-2483.18936574192
"OPTOTRAK _ C01 _ Left _ 2",-140.139556754113,232.080973109718,-2407.36400239462,-71.1912649180612,290.837801410669,-2483.28082332621
"OPTOTRAK _ C01 _ Left _ 2",-140.124744497133,232.155652405826,-2407.3767773516,-71.2089864088051,290.927198654271,-2483.34711727017
"OPTOTRAK _ C01 _ Left _ 2",-140.10320598955,232.241958810194,-2407.3680943332,-71.2107729800248,291.042387306963,-2483.3913415481
"OPTOTRAK _ C01 _ Left _ 2",-140.073502743502,232.343683680512,-2407.34064413682,-71.1990410616962,291.190247573052,-2483.41754175326
"OPTOTRAK _ C01 _ Left _ 2",-140.034797191134,232.463482257562,-2407.29871225879,-71.1760627655141,291.373071332511,-2483.4291747586
"OPTOTRAK _ C01 _ Left _ 2",-139.987100852451,232.602085460137,-2407.24742600208,-71.1434217778471,291.587956994155,-2483.42816640644
"OPTOTRAK _ C01 _ Left _ 2",-139.931285297937,232.757890057805,-2407.19180409893,-71.1019353544726,291.827456823967,-2483.41480550661
"OPTOTRAK _ C01 _ Left _ 2",-139.868842816231,232.927124448618,-2407.13580068392,-71.0519634043628,292.081324934283,-2483.38840151603
"OPTOTRAK _ C01 _ Left _ 2",-139.801483280036,233.104600755436,-2407.08158498344,-70.9938996886991,292.338852636865,-2483.3483595163
"OPTOTRAK _ C01 _ Left _ 2",-139.730729930528,233.284837635923,-2407.02928797111,-70.928611442478,292.591104639559,-2483.29518976982
"OPTOTRAK _ C01 _ Left _ 2",-139.657694120572,233.463173272563,-2406.97735472056,-70.8576531054659,292.832441309137,-2483.23102482785
"OPTOTRAK _ C01 _ Left _ 2",-139.583151137106,233.636466707135,-2406.92346375896,-70.783192312465,293.060957162939,-2483.15944621348
"OPTOTRAK _ C01 _ Left _ 2",-139.507918884075,233.803128342963,-2406.86575402683,-70.7077053829432,293.277769094908,-2483.08472044177
"OPTOTRAK _ C01 _ Left _ 2",-139.433401197515,233.96247481176,-2406.80392636624,-70.6335771144373,293.485379946663,-2483.01076651773
"OPTOTRAK _ C01 _ Left _ 2",-139.362058059757,234.113667061017,-2406.73976600776,-70.5627498663228,293.685588015037,-2482.94023425575
"OPTOTRAK _ C01 _ Left _ 2",-139.297554987127,234.254656982451,-2406.67681811529,-70.4965230354572,293.87755759834,-2482.87398110768
"OPTOTRAK _ C01 _ Left _ 2",-139.244434266545,234.381574271554,-2406.61928299246,-70.4355409601059,294.056647810162,-2482.81107810813
"OPTOTRAK _ C01 _ Left _ 2",-139.207312927167,234.488834171323,-2406.57053176884,-70.3799504357574,294.214398468304,-2482.74932489405
"OPTOTRAK _ C01 _ Left _ 2",-139.189796078696,234.569995991072,-2406.53182135708,-70.3296656369701,294.339742753978,-2482.68613183861
"OPTOTRAK _ C01 _ Left _ 2",-139.193437695512,234.619139704419,-2406.50173145671,-70.2846491943885,294.421159817666,-2482.6195310799
"OPTOTRAK _ C01 _ Left _ 2",-139.217117072951,234.632346662207,-2406.47658325922,-70.2451094029687,294.449216820889,-2482.54902211824
"OPTOTRAK _ C01 _ Left _ 2",-139.257086918656,234.608836233887,-2406.45173289264,-70.211537925867,294.418862055173,-2482.47598356516
"OPTOTRAK _ C01 _ Left _ 2",-139.307715416206,234.551428289126,-2406.42330152662,-70.184577862468,294.330927803726,-2482.40352177052
"OPTOTRAK _ C01 _ Left _ 2",-139.362685610119,234.466217915383,-2406.38974075747,-70.1648015685134,294.192532809106,-2482.3358492073
"OPTOTRAK _ C01 _ Left _ 2",-139.416245369395,234.361586823207,-2406.35270538408,-70.1525437858714,294.016362388259,-2482.27748956082
"OPTOTRAK _ C01 _ Left _ 2",-139.464094722875,234.246865018741,-2406.31697211995,-70.1479262452028,293.819065823984,-2482.23267226519
"OPTOTRAK _ C01 _ Left _ 2",-139.503658976413,234.131039944565,-2406.2894666974,-70.1511114679923,293.6191774829,-2482.20515306351
"OPTOTRAK _ C01 _ Left _ 2",-139.533761916918,234.021855117516,-2406.27771686764,-70.1626854071825,293.435005767508,-2482.19844538004
"OPTOTRAK _ C01 _ Left _ 2",-139.553978420191,233.925457518588,-2406.28818877105,-70.1839710836325,293.282836889802,-2482.21620909562
"OPTOTRAK _ C01 _ Left _ 2",-139.564095492456,233.846512180359,-2406.32498020762,-70.217062399727,293.175595301393,-2482.26241752737
"OPTOTRAK _ C01 _ Left _ 2",-139.564054433674,233.788513030174,-2406.38920543183,-70.2644249219099,293.121881372999,-2482.34092895965
"OPTOTRAK _ C01 _ Left _ 2",-139.554468839209,233.75397738402,-2406.47910910915,-70.3280182054499,293.125214304663,-2482.45423704017
"OPTOTRAK _ C01 _ Left _ 2",-139.537423556011,233.744341374848,-2406.59061045436,-70.4080609711246,293.183431938952,-2482.60150116699
"OPTOTRAK _ C01 _ Left _ 2",-139.516973524561,233.759602162037,-2406.71781675432,-70.5017742170515,293.288464743575,-2482.77642289293
"OPTOTRAK _ C01 _ Left _ 2",-139.498779079394,233.797949393633,-2406.85320146654,-70.6026041112164,293.426901689041,-2482.9659228151
"OPTOTRAK _ C01 _ Left _ 2",-139.488679635717,233.855687719411,-2406.98753264721,-70.7004095044775,293.581706163984,-2483.15058843449
"OPTOTRAK _ C01 _ Left _ 2",-139.490560684981,233.927653622318,-2407.10998426116,-70.7828372349698,293.735075027674,-2483.30736351586
"OPTOTRAK _ C01 _ Left _ 2",-139.504332078801,234.008128434532,-2407.20890992125,-70.837684909611,293.871906453068,-2483.4140902773
"OPTOTRAK _ C01 _ Left _ 2",-139.524965098161,234.092027825642,-2407.27347002537,-70.8556446551491,293.982917931711,-2483.45467990018
"OPTOTRAK _ C01 _ Left _ 2",-139.543237456449,234.175987201269,-2407.29585770912,-70.8326112236442,294.066392235883,-2483.42327251145
"OPTOTRAK _ C01 _ Left _ 2",-139.548198196055,234.258935782632,-2407.27349990855,-70.7708304947317,294.1279232299,-2483.3259797371
"OPTOTRAK _ C01 _ Left _ 2",-139.530633465453,234.341902511396,-2407.21047082278,-70.6785421274603,294.178228494511,-2483.1796183683
"OPTOTRAK _ C01 _ Left _ 2",-139.486315907712,234.427085790605,-2407.11749234882,-70.5682700115806,294.229753254809,-2483.00788295299
"OPTOTRAK _ C01 _ Left _ 2",-139.417821410947,234.516510397046,-2407.01027909296,-70.4543064340744,294.293108290287,-2482.83618960508
"OPTOTRAK _ C01 _ Left _ 2",-139.3342306226,234.61073517879,-2406.90651761924,-70.3500747499121,294.374289048336,-2482.68665516627
"OPTOTRAK _ C01 _ Left _ 2",-139.248839840016,234.708014228088,-2406.82226646442,-70.2659569901839,294.473265176271,-2482.57439353404
"OPTOTRAK _ C01 _ Left _ 2",-139.175695942465,234.804130903968,-2406.76879309212,-70.207952833644,294.584110554204,-2482.50576657485
"OPTOTRAK _ C01 _ Left _ 2",-139.126075043418,234.892928904879,-2406.75069982728,-70.1773011140946,294.696476268373,-2482.47866266035
"OPTOTRAK _ C01 _ Left _ 2",-139.105910516906,234.967408609301,-2406.76573323921,-70.1709963379946,294.797946631682,-2482.48442582472
"OPTOTRAK _ C01 _ Left _ 2",-139.114769400575,235.021142562171,-2406.80616317226,-70.182988241764,294.876715364248,-2482.51078445096
"OPTOTRAK _ C01 _ Left _ 2",-139.146457223494,235.04969996059,-2406.86123884485,-70.2057694634868,294.924074038125,-2482.5450505369
"OPTOTRAK _ C01 _ Left _ 2",-139.190877665541,235.051775839094,-2406.92002040032,-70.2320297374472,294.936319356102,-2482.57694040964
"OPTOTRAK _ C01 _ Left _ 2",-139.236514608334,235.029791491669,-2406.9738443489,-70.2560682213754,294.915771633396,-2482.600523624
"OPTOTRAK _ C01 _ Left _ 2",-139.272874871554,234.989836429748,-2407.01783977872,-70.2747031448861,294.870686144981,-2482.61498931243
"OPTOTRAK _ C01 _ Left _ 2",-139.292369253766,234.940937066141,-2407.0512520961,-70.2875134392935,294.814018467599,-2482.62414182163
"OPTOTRAK _ C01 _ Left _ 2",-139.291320526646,234.893765235655,-2407.07671562738,-70.2963936297019,294.761272345507,-2482.63480751741
"OPTOTRAK _ C01 _ Left _ 2",-139.270004619947,234.859032163059,-2407.09887234529,-70.3045693565609,294.727904494299,-2482.65459298261
"OPTOTRAK _ C01 _ Left _ 2",-139.231834185396,234.84590670889,-2407.12279561668,-70.3153587825629,294.726877624162,-2482.68959518283
"OPTOTRAK _ C01 _ Left _ 2",-139.181967437994,234.86079868877,-2407.15260790938,-70.3310404058663,294.766909554918,-2482.74268114183
"OPTOTRAK _ C01 _ Left _ 2",-139.125738632125,234.906745304709,-2407.19056656761,-70.3521735695621,294.851776416832,-2482.81281943658
"OPTOTRAK _ C01 _ Left _ 2",-139.06732908142,234.983468212084,-2407.23676193162,-70.3775836186686,294.980714736066,-2482.89565010715
"OPTOTRAK _ C01 _ Left _ 2",-139.009019691081,235.087988991554,-2407.2894221198,-70.4049737210269,295.149603473535,-2482.98505284901
"OPTOTRAK _ C01 _ Left _ 2",-138.95120002485,235.215550720178,-2407.34566682098,-70.4318540485499,295.352348393335,-2483.07506279611
"OPTOTRAK _ C01 _ Left _ 2",-138.89308306126,235.360530981108,-2407.40244088299,-70.4563405933397,295.581892537509,-2483.16132156194
"OPTOTRAK _ C01 _ Left _ 2",-138.833836299949,235.517080433118,-2407.45731277825,-70.4774659120206,295.830551912158,-2483.24147873213
"OPTOTRAK _ C01 _ Left _ 2",-138.773666995037,235.679380220764,-2407.50885307416,-70.4949150539575,296.089769090922,-2483.31448166835
"OPTOTRAK _ C01 _ Left _ 2",-138.714384858393,235.841611598994,-2407.55643966052,-70.5083991097764,296.349687775594,-2483.37923610926
"OPTOTRAK _ C01 _ Left _ 2",-138.659155210196,235.997865577448,-2407.59957736574,-70.5170550795074,296.599055550399,-2483.433417369
"OPTOTRAK _ C01 _ Left _ 2",-138.611497142719,236.142221951623,-2407.63708610509,-70.5192411210321,296.825832004967,-2483.47313501975
"OPTOTRAK _ C01 _ Left _ 2",-138.573937119406,236.26910704991,-2407.6666468713,-70.5129028326427,297.018559749098,-2483.49375143636
"OPTOTRAK _ C01 _ Left _ 2",-138.546931212021,236.373869512094,-2407.68508683929,-70.4964164543098,297.168173511601,-2483.49161658911
"OPTOTRAK _ C01 _ Left _ 2",-138.528598847957,236.453381260252,-2407.68946092795,-70.4695942420229,297.269661295936,-2483.46605394674
"OPTOTRAK _ C01 _ Left _ 2",-138.515473832723,236.506435700764,-2407.67859778473,-70.4344550244159,297.322985829133,-2483.42079462681
"OPTOTRAK _ C01 _ Left _ 2",-138.50402498411,236.533784464233,-2407.65450171338,-70.3954335733945,297.332917301092,-2483.36423879799
"OPTOTRAK _ C01 _ Left _ 2",-138.49234428975,236.537789111677,-2407.62296011011,-70.3588795060836,297.30779288241,-2483.30831875294
"OPTOTRAK _ C01 _ Left _ 2",-138.481308021167,236.521801653356,-2407.59293135722,-70.3319101182069,297.257554895068,-2483.26618087128
"OPTOTRAK _ C01 _ Left _ 2",-138.474719480056,236.489468309359,-2407.57471489868,-70.3208667169818,297.191623048676,-2483.24924675235
"OPTOTRAK _ C01 _ Left _ 2",-138.478337071014,236.444151937283,-2407.57737058076,-70.3297358677671,297.117178725907,-2483.26437775439
"OPTOTRAK _ C01 _ Left _ 2",-138.4980933421,236.388611659334,-2407.60615632942,-70.3589159000402,297.038287281311,-2483.31184127539
"OPTOTRAK _ C01 _ Left _ 2",-138.538055791501,236.325000283344,-2407.66076291229,-70.4046389704719,296.956017969707,-2483.38459221425
"OPTOTRAK _ C01 _ Left _ 2",-138.598711868528,236.255160025634,-2407.73486382746,-70.4592250106111,296.869436386417,-2483.46909576996
"OPTOTRAK _ C01 _ Left _ 2",-138.676030197602,236.181119008911,-2407.81710834983,-70.512182376688,296.777135055051,-2483.54760203116
"OPTOTRAK _ C01 _ Left _ 2",-138.761547960311,236.105627000722,-2407.89332299924,-70.5520104744109,296.678880052458,-2483.60150315578
"OPTOTRAK _ C01 _ Left _ 2",-138.843526492381,236.032538928895,-2407.94944381867,-70.5684161134464,296.576962898466,-2483.6151862847
"OPTOTRAK _ C01 _ Left _ 2",-138.909021999909,235.966873527203,-2407.97459115757,-70.5545383139249,296.476913810364,-2483.57964265401
"OPTOTRAK _ C01 _ Left _ 2",-138.94652064197,235.9144481658,-2407.96368404758,-70.5087125835422,296.387355312284,-2483.49504058672
"OPTOTRAK _ C01 _ Left _ 2",-138.948590130339,235.881111874318,-2407.91904447067,-70.435339382092,296.318975631326,-2483.37159338305
"OPTOTRAK _ C01 _ Left _ 2",-138.913874515861,235.871733097602,-2407.850575415,-70.3445799837037,296.2828401844,-2483.22838936311
"OPTOTRAK _ C01 _ Left _ 2",-138.847816922203,235.889193686145,-2407.77433686512,-70.2508563554473,296.288431937424,-2483.09031859745
"OPTOTRAK _ C01 _ Left _ 2",-138.76178897618,235.933655413371,-2407.70967504477,-70.170396424905,296.341839740926,-2482.98366156505
"OPTOTRAK _ C01 _ Left _ 2",-138.670756337219,236.002297164945,-2407.67540633389,-70.1182633325124,296.444420127769,-2482.93116966339
"OPTOTRAK _ C01 _ Left _ 2",-138.590043615366,236.089599092891,-2407.68581910378,-70.105417130662,296.592129451996,-2482.94755877051
"OPTOTRAK _ C01 _ Left _ 2",-138.532020589394,236.188115277888,-2407.74735740075,-70.1363981248458,296.775615751951,-2483.03631313489
"OPTOTRAK _ C01 _ Left _ 2",-138.503547522526,236.289566293061,-2407.85675732669,-70.2081784566165,296.981067612697,-2483.18855489721
"OPTOTRAK _ C01 _ Left _ 2",-138.504810580205,236.386019106436,-2408.00114161477,-70.3105468015626,297.191731180851,-2483.38439693516
"OPTOTRAK _ C01 _ Left _ 2",-138.529816553029,236.470906951704,-2408.1601995504,-70.4280519397504,297.389938289719,-2483.59664399463
"OPTOTRAK _ C01 _ Left _ 2",-138.568387651739,236.539678700858,-2408.31013569139,-70.5431150038722,297.559421752503,-2483.79607639612
"OPTOTRAK _ C01 _ Left _ 2",-138.609100151228,236.589966818016,-2408.42859875193,-70.6395746758996,297.687589285549,-2483.95707684627
"OPTOTRAK _ C01 _ Left _ 2",-138.642346430434,236.62131410023,-2408.49941564287,-70.7057897340505,297.767315829568,-2484.06224470227
"OPTOTRAK _ C01 _ Left _ 2",-138.662661310931,236.634641421933,-2408.51587109741,-70.7365518644743,297.797810329553,-2484.10495224484
"OPTOTRAK _ C01 _ Left _ 2",-138.669687594891,236.631694423766,-2408.48164709649,-70.7334189831997,297.7843007188,-2484.08942498401
"OPTOTRAK _ C01 _ Left _ 2",-138.667608184851,236.614649492631,-2408.40927315195,-70.7035354575298,297.736613761255,-2484.02862319578
"OPTOTRAK _ C01 _ Left _ 2",-138.663374421051,236.585934802631,-2408.31671270132,-70.6574006071818,297.667055685642,-2483.94071137847
"OPTOTRAK _ C01 _ Left _ 2",-138.66440254904,236.548211437792,-2408.22318639846,-70.6062601147359,297.5881763092,-2483.84509589884
"OPTOTRAK _ C01 _ Left _ 2",-138.676465056891,236.504418628284,-2408.14536174936,-70.5597831036402,297.510956174568,-2483.7589005766
"OPTOTRAK _ C01 _ Left _ 2",-138.702303049096,236.457810261542,-2408.09470251079,-70.5244906367555,297.443725771355,-2483.69444126447
"OPTOTRAK _ C01 _ Left _ 2",-138.741180938602,236.411943459409,-2408.07629147552,-70.503119842457,297.391819477821,-2483.6579002323
"OPTOTRAK _ C01 _ Left _ 2",-138.789340193792,236.370580880632,-2408.08902982738,-70.4948519868831,297.357731008682,-2483.64911904692
"OPTOTRAK _ C01 _ Left _ 2",-138.841133253762,236.337450001984,-2408.12687408748,-70.4961720641287,297.341478353118,-2483.66229082039
"OPTOTRAK _ C01 _ Left _ 2",-138.890507542436,236.315816622262,-2408.18068130328,-70.5020741153159,297.340998104758,-2483.68733362944
"OPTOTRAK _ C01 _ Left _ 2",-138.932448374911,236.307903428438,-2408.24023549046,-70.5073500476201,297.352559944831,-2483.71180241688
"OPTOTRAK _ C01 _ Left _ 2",-138.964010696101,236.314284947727,-2408.29608123242,-70.5077525583008,297.371296501673,-2483.72324335151
"OPTOTRAK _ C01 _ Left _ 2",-138.984706140481,236.33345311553,-2408.34087756777,-70.5008672654092,297.391928961409,-2483.71182169766
"OPTOTRAK _ C01 _ Left _ 2",-138.996232688278,236.361733478577,-2408.37010390659,-70.4865561641614,297.409665720652,-2483.67285708326
"OPTOTRAK _ C01 _ Left _ 2",-139.001740159655,236.393653223038,-2408.38209743618,-70.4668626221715,297.421131746169,-2483.6086822453
"OPTOTRAK _ C01 _ Left _ 2",-139.004917190479,236.42276211191,-2408.37756085922,-70.4453304232618,297.425112793035,-2483.52915429572
"OPTOTRAK _ C01 _ Left _ 2",-139.009140699397,236.442818468698,-2408.35880864824,-70.4258143112147,297.422894187008,-2483.45029963532
"OPTOTRAK _ C01 _ Left _ 2",-139.016810778367,236.449176401655,-2408.32906829527,-70.4110418888516,297.418024552127,-2483.39097254419
"OPTOTRAK _ C01 _ Left _ 2",-139.028895682074,236.440137442481,-2408.29209152836,-70.4013667782147,297.415425693103,-2483.36796066493
"OPTOTRAK _ C01 _ Left _ 2",-139.04468646875,236.417966611841,-2408.25217376903,-70.3942357111171,297.419912788498,-2483.39053059968
"OPTOTRAK _ C01 _ Left _ 2",-139.061796609764,236.389248636392,-2408.21447778528,-70.3848003489679,297.434395719977,-2483.45582360843
"OPTOTRAK _ C01 _ Left _ 2",-139.076488473657,236.364305372861,-2408.18536981182,-70.3678176027535,297.45825435087,-2483.54665797104
"OPTOTRAK _ C01 _ Left _ 2",-139.08442341253,236.355519718125,-2408.17236392859,-70.3405435526795,297.486502533604,-2483.63307216313
"OPTOTRAK _ C01 _ Left _ 2",-139.081894864919,236.3746000328,-2408.18329209313,-70.3058401436403,297.510271731674,-2483.67829962472
"OPTOTRAK _ C01 _ Left _ 2",-139.067496254609,236.429055860305,-2408.22450670939,-70.2743353131481,297.518838234727,-2483.64883213563
"OPTOTRAK _ C01 _ Left _ 2",-139.043975690068,236.51843887279,-2408.29825388241,-70.2643723036457,297.502959648365,-2483.52693906878
"OPTOTRAK _ C01 _ Left _ 2",-139.019750275404,236.631225797727,-2408.39974538611,-70.2987734861359,297.458788281276,-2483.32270394674
"OPTOTRAK _ C01 _ Left _ 2",-139.009286324647,236.743517887869,-2408.51481537329,-70.3981638044399,297.39122018212,-2483.08166203696
"OPTOTRAK _ C01 _ Left _ 2",-139.031460348854,236.820852975713,-2408.6193042291,-70.5716813885345,297.315360089762,-2482.88389330483
"OPTOTRAK _ C01 _ Left _ 2",-139.105259282358,236.82418142157,-2408.68137675084,-70.8071591957943,297.254945078475,-2482.83133833145
"OPTOTRAK _ C01 _ Left _ 2",-139.242829433768,236.720314795525,-2408.66771164413,-71.0639736966413,297.237094345899,-2483.02237453818
"OPTOTRAK _ C01 _ Left _ 2",-139.440876509076,236.495921574347,-2408.55376606989,-71.2723162696416,297.283564936215,-2483.51620669641
"OPTOTRAK _ C01 _ Left _ 2",-139.67253564821,236.172603636103,-2408.33713188644,-71.3422396360495,297.399661479068,-2484.29384479376
"OPTOTRAK _ C01 _ Left _ 2",-139.882711575155,235.819126581941,-2408.05156255404,-71.1841641850113,297.562900997438,-2485.2263152065
"OPTOTRAK _ C01 _ Left _ 2",-139.990083524713,235.556055929331,-2407.77792714318,-70.7395424696614,297.714252183701,-2486.06280060794
"OPTOTRAK _ C01 _ Left _ 2",-139.898050733318,235.548488133513,-2407.64760655269,-70.0164255204825,297.755005129217,-2486.4500445632
"OPTOTRAK _ C01 _ Left _ 2",-139.514663459476,235.984694714828,-2407.83418389816,-69.1206275074221,297.551874187098,-2485.98843916363
"OPTOTRAK _ C01 _ Left _ 2",-138.778328123873,237.042238790684,-2408.53112025093,-68.2704574224269,296.951690456471,-2484.31975765093
"OPTOTRAK _ C01 _ Left _ 2",-137.682744594257,238.847618670618,-2409.91661814554,-67.7833810417135,295.80506167938,-2481.22852560779
"OPTOTRAK _ C01 _ Left _ 2",-136.292628075407,241.439172869694,-2412.11163792671,-68.0281964691777,293.995998653868,-2476.72805206373
"OPTOTRAK _ C01 _ Left _ 2",-134.742747648136,244.744110713577,-2415.14159573502,-69.3467946024197,291.472379472302,-2471.09930399067
"OPTOTRAK _ C01 _ Left _ 2",-133.217195190782,248.578052820919,-2418.91417195387,-71.9628800970817,288.270903253912,-2464.86093790787
"OPTOTRAK _ C01 _ Left _ 2",-131.91246474867,252.669653707469,-2423.22265935897,-75.9052549573311,284.530023984028,-2458.6711845698
"OPTOTRAK _ C01 _ Left _ 2",-130.994224255562,256.70551302615,-2427.77646935296,-80.9736638919931,280.48504399724,-2453.18828524305
"OPTOTRAK _ C01 _ Left _ 2",-130.560572501676,260.384452583986,-2432.25111977922,-86.7631757747101,276.44156612784,-2448.93260019341
"OPTOTRAK _ C01 _ Left _ 2",-130.622467787027,263.467887410332,-2436.34393507769,-92.7431521177638,272.728221775451,-2446.19126079819
"OPTOTRAK _ C01 _ Left _ 2",-131.105834718551,265.815227981675,-2439.82145855688,-98.3681556932975,269.637012792804,-2444.98736397493
"OPTOTRAK _ C01 _ Left _ 2",-131.872595425483,267.398521732179,-2442.54919519735,-103.188613939505,267.36625479383,-2445.11153238694
"OPTOTRAK _ C01 _ Left _ 2",-132.752704996073,268.296222765134,-2444.50055972012,-106.93126821859,265.982300050056,-2446.19582623108
"OPTOTRAK _ C01 _ Left _ 2",-133.577830686934,268.669981359597,-2445.74701237692,-109.530612263859,265.410761461477,-2447.80357890163
"OPTOTRAK _ C01 _ Left _ 2",-134.209236412588,268.730060614399,-2446.43427856919,-111.107389927097,265.459086957421,-2449.51236782112
"OPTOTRAK _ C01 _ Left _ 2",-134.55609272116,268.695041160513,-2446.75057993794,-111.90406497302,265.864284030812,-2450.97669060055
"OPTOTRAK _ C01 _ Left _ 2",-134.58401893263,268.750930554788,-2446.89261347134,-112.196944517221,266.354755951374,-2451.9671948332
"OPTOTRAK _ C01 _ Left _ 2",-134.315912423655,269.014481728956,-2447.03401673058,-112.208852169987,266.713816808453,-2452.39052802426
"OPTOTRAK _ C01 _ Left _ 2",-133.827590733769,269.505702259661,-2447.2995687552,-112.044864983454,266.833353233678,-2452.29599198882
"OPTOTRAK _ C01 _ Left _ 2",-133.239835345088,270.134820504603,-2447.746968499,-111.66769393533,266.747834255921,-2451.8727011605
"OPTOTRAK _ C01 _ Left _ 2",-132.706977993413,270.708528301571,-2448.35737857803,-110.920161138774,266.640787057423,-2451.43635983957
"OPTOTRAK _ C01 _ Left _ 2",-132.401185892853,270.958270160754,-2449.03617676145,-109.591115320182,266.818534778315,-2451.40121813325
"OPTOTRAK _ C01 _ Left _ 2",-132.491752586599,270.589271649695,-2449.62578263335,-107.509336833068,267.650630772184,-2452.23261380713
"OPTOTRAK _ C01 _ Left _ 2",-133.120151187374,269.343291299825,-2449.93174572171,-104.63950018081,269.483753387609,-2454.37956552462
"OPTOTRAK _ C01 _ Left _ 2",-134.37393283484,267.062173966823,-2449.76055427661,-101.148168913417,272.545124187514,-2458.19410800321
"OPTOTRAK _ C01 _ Left _ 2",-136.264764638059,263.735638410783,-2448.96314802461,-97.4101736213966,276.859899066297,-2463.85161703716
"OPTOTRAK _ C01 _ Left _ 2",-138.716714881975,259.51819971146,-2447.47389526069,-93.9401755083684,282.209527643489,-2471.29038056949
"OPTOTRAK _ C01 _ Left _ 2",-141.569371460565,254.708191858079,-2445.33383489006,-91.2601733665655,288.15003514316,-2480.18618117078
"OPTOTRAK _ C01 _ Left _ 2",-144.596640552408,249.694447365523,-2442.6910598126,-89.7425683884907,294.09041049467,-2489.96910216502
"OPTOTRAK _ C01 _ Left _ 2",-147.537461935854,244.887588803464,-2439.77864252493,-89.4853490657406,299.409140373967,-2499.87931439961
"OPTOTRAK _ C01 _ Left _ 2",-150.131159931599,240.657156057487,-2436.87731685654,-90.2695131269899,303.572905624435,-2509.05108989575
"OPTOTRAK _ C01 _ Left _ 2",-152.14934666117,237.291006168433,-2434.27294374708,-91.6200250750864,306.223043748218,-2516.61175817123
"OPTOTRAK _ C01 _ Left _ 2",-153.418691113535,234.982589910454,-2432.21751561502,-92.9533830426001,307.210875695156,-2521.78358145729
"OPTOTRAK _ C01 _ Left _ 2",-153.833386733502,233.840230323019,-2430.89919686757,-93.7635082024459,306.583678888791,-2523.97918175442
"OPTOTRAK _ C01 _ Left _ 2",-153.360356596935,233.905205730667,-2430.423631124,-93.7846427888683,304.539139392773,-2522.88310839302
"OPTOTRAK _ C01 _ Left _ 2",-152.041545345092,235.164839861259,-2430.80638858557,-93.0784665781932,301.371256621163,-2518.5118029543
"OPTOTRAK _ C01 _ Left _ 2",-149.995147694858,237.552669189121,-2431.9752904357,-92.0180542932646,297.42452369439,-2511.24104961795
"OPTOTRAK _ C01 _ Left _ 2",-147.413014955782,240.937210539466,-2433.78141848707,-91.1742994951444,293.06122048214,-2501.7862324396
"OPTOTRAK _ C01 _ Left _ 2",-144.548142149555,245.109504594024,-2436.01830669672,-91.1412036460467,288.636643339398,-2491.12217801681
"OPTOTRAK _ C01 _ Left _ 2",-141.687003225007,249.783287509801,-2438.44898112535,-92.3563525554304,284.474058107489,-2480.34186128494
"OPTOTRAK _ C01 _ Left _ 2",-139.107177007512,254.618036461594,-2440.83922626916,-94.9745490449379,280.834965847061,-2470.47574443373
"OPTOTRAK _ C01 _ Left _ 2",-137.028778137585,259.265045239108,-2442.99279717563,-98.8324418191611,277.88758961104,-2462.31509437419
"OPTOTRAK _ C01 _ Left _ 2",-135.574229307679,263.424389778886,-2444.78152248584,-103.505997637694,275.683501142151,-2456.28902481683
"OPTOTRAK _ C01 _ Left _ 2",-134.750932696952,266.892536320506,-2446.16216571729,-108.427221884754,274.155303990415,-2452.43020577659
"OPTOTRAK _ C01 _ Left _ 2",-134.46458363472,269.581593898258,-2447.17395180675,-113.009928961804,273.144340246957,-2450.43544510301
"OPTOTRAK _ C01 _ Left _ 2",-134.560165366998,271.502129073077,-2447.9158021256,-116.743692855623,272.456987218638,-2449.79880003445
"OPTOTRAK _ C01 _ Left _ 2",-134.877936635482,272.71669437255,-2448.50861917829,-119.241174542652,271.936260172144,-2449.97731125285
"OPTOTRAK _ C01 _ Left _ 2",-135.306923113216,273.283134626032,-2449.05267947594,-120.249602772551,271.527995801614,-2450.54590686808
"OPTOTRAK _ C01 _ Left _ 2",-135.819830646139,273.210216136619,-2449.59172756376,-119.649673009151,271.320356471746,-2451.30580009941
"OPTOTRAK _ C01 _ Left _ 2",-136.479621070822,272.442729627218,-2450.09384921152,-117.461835147584,271.541029073001,-2452.32505264933
"OPTOTRAK _ C01 _ Left _ 2",-137.416613187152,270.881909261569,-2450.45538202371,-113.865396685293,272.506816571427,-2453.9064516557
"OPTOTRAK _ C01 _ Left _ 2",-138.783222441936,268.43397931367,-2450.5284207834,-109.217831588989,274.53386080875,-2456.4931098629
"OPTOTRAK _ C01 _ Left _ 2",-140.699287295574,265.069103416736,-2450.16548313882,-104.048990791585,277.830794132027,-2460.5340063978
"OPTOTRAK _ C01 _ Left _ 2",-143.203076513745,260.868700310852,-2449.26849442638,-99.0055451671687,282.406789466965,-2466.33868443852
"OPTOTRAK _ C01 _ Left _ 2",-146.221072183371,256.043270854624,-2447.82658972872,-94.7384517832179,288.02589556223,-2473.95186553486
"OPTOTRAK _ C01 _ Left _ 2",-149.56403686775,250.914528658724,-2445.93067821899,-91.7551427975518,294.225443319218,-2483.07492628824
"OPTOTRAK _ C01 _ Left _ 2",-152.949412321475,245.869555940605,-2443.76123320118,-90.2840038279716,300.394053468297,-2493.05291881113
"OPTOTRAK _ C01 _ Left _ 2",-156.043248310011,241.304002531732,-2441.55497551987,-90.2056285452468,305.884274782328,-2502.93451404746
"OPTOTRAK _ C01 _ Left _ 2",-158.510959871388,237.571892514055,-2439.56153057612,-91.0868109458096,310.125871536939,-2511.59938995129
"OPTOTRAK _ C01 _ Left _ 2",-160.066370931201,234.952505764585,-2438.00135465095,-92.3163404614661,312.711058196426,-2517.93466920811
"OPTOTRAK _ C01 _ Left _ 2",-160.511869625653,233.634924795054,-2437.0330050966,-93.3020607987711,313.437850235515,-2521.0307193446
"OPTOTRAK _ C01 _ Left _ 2",-159.766531378369,233.713525341591,-2436.73381260099,-93.662717982667,312.313878289313,-2520.35902939531
"OPTOTRAK _ C01 _ Left _ 2",-157.881154952597,235.186121385208,-2437.09478900139,-93.3470115251609,309.533069529447,-2515.89341655547
"OPTOTRAK _ C01 _ Left _ 2",-155.038604746147,237.950573120904,-2438.02850022102,-92.6377489735014,305.438275364421,-2508.14253416801
"OPTOTRAK _ C01 _ Left _ 2",-151.536416333961,241.802536112342,-2439.38741471675,-92.0417145817248,300.476782296489,-2498.07711712157
"OPTOTRAK _ C01 _ Left _ 2",-147.749170400345,246.442450000018,-2440.98951046473,-92.1085011091738,295.149311940011,-2486.95852242212
"OPTOTRAK _ C01 _ Left _ 2",-144.072448635052,251.500226816673,-2442.64727511661,-93.2463730174964,289.952076659449,-2476.10243070344
"OPTOTRAK _ C01 _ Left _ 2",-140.85726978576,256.580299498938,-2444.19559868927,-95.5997494662408,285.315834361914,-2466.63467345747
"OPTOTRAK _ C01 _ Left _ 2",-138.350114229048,261.320149249817,-2445.51400998184,-99.0232255100261,281.551359019851,-2459.30257135451
"OPTOTRAK _ C01 _ Left _ 2",-136.654899425349,265.447142588579,-2446.53992419146,-103.146167537007,278.812871972961,-2454.38764941003
"OPTOTRAK _ C01 _ Left _ 2",-135.727991393701,268.816121239709,-2447.27181338235,-107.489720145281,277.088389083922,-2451.73133757364
"OPTOTRAK _ C01 _ Left _ 2",-135.407636684791,271.415085170065,-2447.76324984736,-111.587143841503,276.220318980188,-2450.85170412842
"OPTOTRAK _ C01 _ Left _ 2",-135.469279482575,273.336189260351,-2448.10957011842,-115.068350142544,275.95352991509,-2451.1099657105
"OPTOTRAK _ C01 _ Left _ 2",-135.691663803254,274.720162528663,-2448.42866341271,-117.6913296671,276.00282861784,-2451.882620524
"OPTOTRAK _ C01 _ Left _ 2",-135.916852680686,275.690579129702,-2448.8372217633,-119.326505916425,276.127565437526,-2452.70327403348
"OPTOTRAK _ C01 _ Left _ 2",-136.089902217768,276.297808333946,-2449.42460542946,-119.91679786806,276.198263406318,-2453.35137310106
"OPTOTRAK _ C01 _ Left _ 2",-136.269540049485,276.490063652472,-2450.22823343747,-119.441679319045,276.239685812699,-2453.8787421223
"OPTOTRAK _ C01 _ Left _ 2",-136.608191699723,276.121459551833,-2451.21619180139,-117.907158825808,276.437464317141,-2454.57649028321
"OPTOTRAK _ C01 _ Left _ 2",-137.306599081616,274.99634268924,-2452.28328200198,-115.368453228785,277.101725986754,-2455.89351827101
"OPTOTRAK _ C01 _ Left _ 2",-138.553928986315,272.938072033598,-2453.2649265849,-111.973722969934,278.590926527245,-2458.32363779497
"OPTOTRAK _ C01 _ Left _ 2",-140.46776825799,269.861862746653,-2453.96887424111,-108.002344893301,281.210965237679,-2462.28184008312
"OPTOTRAK _ C01 _ Left _ 2",-143.048923663468,265.828316107859,-2454.21851596426,-103.866701350478,285.115233483553,-2467.99173269392
"OPTOTRAK _ C01 _ Left _ 2",-146.162851124788,261.059169843452,-2453.89645272669,-100.057132258921,290.23537312352,-2475.4050648831
"OPTOTRAK _ C01 _ Left _ 2",-149.552962758265,255.909394143208,-2452.97584946908,-97.0342655274907,296.265850494311,-2484.16978941877
"OPTOTRAK _ C01 _ Left _ 2",-152.882565661061,250.80547783888,-2451.53120211629,-95.1013928457426,302.708454638541,-2493.65512889061
"OPTOTRAK _ C01 _ Left _ 2",-155.794573740089,246.171159952265,-2449.72724355673,-94.3066085973459,308.962431650996,-2503.03152138511
"OPTOTRAK _ C01 _ Left _ 2",-157.974090711239,242.363572903447,-2447.79104094358,-94.4190720512029,314.431910375748,-2511.39189770951
"OPTOTRAK _ C01 _ Left _ 2",-159.199631875859,239.635166092581,-2445.97547461652,-94.9969892913884,318.62068326796,-2517.89120177748
"OPTOTRAK _ C01 _ Left _ 2",-159.373358583537,238.124917542737,-2444.5222187021,-95.5290269236465,321.194252433036,-2521.87670890379
"OPTOTRAK _ C01 _ Left _ 2",-158.527161621176,237.87196879324,-2443.63034196709,-95.6019985243063,322.003855948316,-2522.98462100094
"OPTOTRAK _ C01 _ Left _ 2",-156.807344687449,238.83948653981,-2443.4340068833,-95.0376304187431,321.079545513515,-2521.18748510275
"OPTOTRAK _ C01 _ Left _ 2",-154.444306106852,240.936919280265,-2443.99033032282,-93.9528127709284,318.604818454568,-2516.78816327776
"OPTOTRAK _ C01 _ Left _ 2",-151.714604948492,244.033354258482,-2445.27677454768,-92.7249064838523,314.883673371637,-2510.3653301458
"OPTOTRAK _ C01 _ Left _ 2",-148.901934217437,247.960877282564,-2447.19667034311,-91.8754919489598,310.305431192247,-2502.68139106217
"OPTOTRAK _ C01 _ Left _ 2",-146.262019587372,252.51224894622,-2449.5915460572,-91.9115559795677,305.307352527948,-2494.56758160328
"OPTOTRAK _ C01 _ Left _ 2",-143.995086061862,257.440176031579,-2452.25942574469,-93.1749648028451,300.332722408588,-2486.80425504187
"OPTOTRAK _ C01 _ Left _ 2",-142.228336525232,262.465377562849,-2454.97851232481,-95.7462402182472,295.783202594582,-2480.01607805244
"OPTOTRAK _ C01 _ Left _ 2",-141.009630455463,267.297660986576,-2457.5350742711,-99.4291518008084,291.968189526888,-2474.59954651278
"OPTOTRAK _ C01 _ Left _ 2",-140.312259448334,271.668843023582,-2459.75267807539,-103.814887031789,289.05964563239,-2470.69342866829
"OPTOTRAK _ C01 _ Left _ 2",-140.049602350232,275.369873279448,-2461.51764769061,-108.397887011786,287.066105033111,-2468.19435322095
"OPTOTRAK _ C01 _ Left _ 2",-140.097500456295,278.279686622713,-2462.79412941557,-112.699627443453,285.840006003316,-2466.81271510625
"OPTOTRAK _ C01 _ Left _ 2",-140.321230123922,280.373425991669,-2463.62300810473,-116.358302796437,285.124699946306,-2466.15836337319
"OPTOTRAK _ C01 _ Left _ 2",-140.603006430247,281.704067019402,-2464.10275683095,-119.160754023158,284.633300222844,-2465.84027831576
"OPTOTRAK _ C01 _ Left _ 2",-140.865374355431,282.361765879373,-2464.35586109407,-121.018918656354,284.13826018401,-2465.5609162128
"OPTOTRAK _ C01 _ Left _ 2",-141.085960144619,282.424634669806,-2464.48933933057,-121.914332165697,283.545216753002,-2465.18635551221
"OPTOTRAK _ C01 _ Left _ 2",-141.300011784804,281.918973737711,-2464.56014148005,-121.842817339028,282.928860535805,-2464.77813822033
"OPTOTRAK _ C01 _ Left _ 2",-141.589036253687,280.804712351087,-2464.55530810712,-120.786594130228,282.519365270528,-2464.58007340634
"OPTOTRAK _ C01 _ Left _ 2",-142.056650461059,278.993809025553,-2464.39325119763,-118.726550548417,282.641225130227,-2464.96151437356
"OPTOTRAK _ C01 _ Left _ 2",-142.796189753318,276.39798481021,-2463.94721864448,-115.688990458851,283.619252878347,-2466.32690231614
"OPTOTRAK _ C01 _ Left _ 2",-143.857840714848,272.99065335386,-2463.08582872582,-111.804757937021,285.676721050498,-2469.00918021529
"OPTOTRAK _ C01 _ Left _ 2",-145.224844895594,268.860211571764,-2461.71982995817,-107.350028460056,288.855645944004,-2473.17085337788
"OPTOTRAK _ C01 _ Left _ 2",-146.807376643662,264.231946141258,-2459.84100490671,-102.742000166458,292.986026764869,-2478.7387334245
"OPTOTRAK _ C01 _ Left _ 2",-148.458363232699,259.44567544498,-2457.54049649383,-98.4801978136851,297.717559154823,-2485.39409044205
"OPTOTRAK _ C01 _ Left _ 2",-150.008540979936,254.893059505534,-2455.00019510427,-95.0488566113683,302.606242200019,-2492.62776868595
"OPTOTRAK _ C01 _ Left _ 2",-151.310907122348,250.934466232611,-2452.45973752577,-92.814969639702,307.227461870821,-2499.8514127014
"OPTOTRAK _ C01 _ Left _ 2",-152.280648903632,247.822333640524,-2450.16912691786,-91.9583219921587,311.276813004551,-2506.53609970294
"OPTOTRAK _ C01 _ Left _ 2",-152.917615668262,245.653677142325,-2448.34020868695,-92.4530770440013,314.625497953366,-2512.33565141993
"OPTOTRAK _ C01 _ Left _ 2",-153.303981363228,244.362814853225,-2447.10906165131,-94.0962243062091,317.315269821153,-2517.15141482839
"OPTOTRAK _ C01 _ Left _ 2",-153.577492056844,243.752830563554,-2446.51727816191,-96.5613021631931,319.499426787813,-2521.11214157456
"OPTOTRAK _ C01 _ Left _ 2",-153.887802007856,243.555066726484,-2446.51479622923,-99.4544622739319,321.352643671577,-2524.47227176825
"OPTOTRAK _ C01 _ Left _ 2",-154.347935417939,243.501259466499,-2446.98172908899,-102.361215646953,322.97932584274,-2527.462433382
"OPTOTRAK _ C01 _ Left _ 2",-154.99407855566,243.392108322811,-2447.76248808806,-104.886003182719,324.34803174679,-2530.14447150259
"OPTOTRAK _ C01 _ Left _ 2",-155.764795917198,243.147963983048,-2448.70310166536,-106.693721824089,325.270952564493,-2532.32318873335
"OPTOTRAK _ C01 _ Left _ 2",-156.506052425258,242.831085712453,-2449.68241624332,-107.55917000924,325.435509658911,-2533.5496464536
"OPTOTRAK _ C01 _ Left _ 2",-157.002196332858,242.634155630839,-2450.62989708619,-107.419790563419,324.482371002203,-2533.22288256415
"OPTOTRAK _ C01 _ Left _ 2",-157.026628342161,242.836150179571,-2451.52662392381,-106.415216835652,322.112361246093,-2530.76620821074
"OPTOTRAK _ C01 _ Left _ 2",-156.400569502763,243.733709994413,-2452.39095564144,-104.890901650416,318.195372267288,-2525.82855409328
"OPTOTRAK _ C01 _ Left _ 2",-155.045288411003,245.562735008164,-2453.25506209197,-103.348066019009,312.849712310785,-2518.44784493788
"OPTOTRAK _ C01 _ Left _ 2",-153.013315312631,248.429325279301,-2454.14160886563,-102.339753147204,306.463420661225,-2509.11819058058
"OPTOTRAK _ C01 _ Left _ 2",-150.488280789185,252.269201376528,-2455.04977362632,-102.337342205653,299.642182418302,-2498.72851814578
"OPTOTRAK _ C01 _ Left _ 2",-147.751024871969,256.84865630895,-2455.95578238698,-103.610826770729,293.090342949768,-2488.38247249425
"OPTOTRAK _ C01 _ Left _ 2",-145.11983464976,261.808239729893,-2456.82655759557,-106.165844579378,287.455590703862,-2479.15310126317
"OPTOTRAK _ C01 _ Left _ 2",-142.881587909667,266.736192998006,-2457.63897892641,-109.757005430178,283.183909258521,-2471.85029144623
"OPTOTRAK _ C01 _ Left _ 2",-141.234270081126,271.247958667843,-2458.3947941108,-113.962801993291,280.43075073939,-2466.87094907732
"OPTOTRAK _ C01 _ Left _ 2",-140.25765264259,275.046340927159,-2459.123450087,-118.283516399628,279.055743106032,-2464.16721015396
"OPTOTRAK _ C01 _ Left _ 2",-139.919068521167,277.945708998733,-2459.87059488605,-122.223578313799,278.69935553274,-2463.32657917874
"OPTOTRAK _ C01 _ Left _ 2",-140.109300592299,279.859039430097,-2460.67597234951,-125.339791214467,278.913421360517,-2463.72795805822
"OPTOTRAK _ C01 _ Left _ 2",-140.694364642254,280.761136362078,-2461.54847114359,-127.261144660889,279.303344742696,-2464.72529348454
"OPTOTRAK _ C01 _ Left _ 2",-141.565391900221,280.648785127929,-2462.44714073862,-127.700587135672,279.640862441016,-2465.8130750348
"OPTOTRAK _ C01 _ Left _ 2",-142.671233961178,279.516884711357,-2463.27537050827,-126.478994949693,279.918615301336,-2466.73951426521
"OPTOTRAK _ C01 _ Left _ 2",-144.025224211481,277.360641971099,-2463.89203971312,-123.569138623015,280.33564186116,-2467.54884228907
"OPTOTRAK _ C01 _ Left _ 2",-145.686261277286,274.201535488236,-2464.13898428866,-119.149136987817,281.221439104642,-2468.55003529531
"OPTOTRAK _ C01 _ Left _ 2",-147.722385354936,270.123493588378,-2463.8791010522,-113.638741341532,282.922037538004,-2470.22322519319
"OPTOTRAK _ C01 _ Left _ 2",-150.169952517471,265.300049496289,-2463.03491419397,-107.686054169571,285.681524402828,-2473.08600581278
"OPTOTRAK _ C01 _ Left _ 2",-153.001875798022,259.996233545719,-2461.61562047489,-102.082874700085,289.553367222292,-2477.54877091462
"OPTOTRAK _ C01 _ Left _ 2",-156.114173032721,254.540170233918,-2459.72355012336,-97.6131163400354,294.365826844669,-2483.78968141807
"OPTOTRAK _ C01 _ Left _ 2",-159.333035088731,249.273514920909,-2457.53819620123,-94.870502278384,299.74707085225,-2491.67504332408
"OPTOTRAK _ C01 _ Left _ 2",-162.437852471672,244.49933682148,-2455.28389402547,-94.1029442177514,305.195823249979,-2500.74074410472
"OPTOTRAK _ C01 _ Left _ 2",-165.191876733042,240.445948862799,-2453.1916952554,-95.1395263724622,310.171268276779,-2510.23744826432
"OPTOTRAK _ C01 _ Left _ 2",-167.372421219937,237.256600873542,-2451.46543172059,-97.4314354128093,314.175755666307,-2519.22963117767
"OPTOTRAK _ C01 _ Left _ 2",-168.79563028002,235.003304367941,-2450.25802370746,-100.200795263013,316.813537247354,-2526.72929928866
"OPTOTRAK _ C01 _ Left _ 2",-169.334649122826,233.713944637397,-2449.65949653242,-102.655551199796,317.822340150004,-2531.8414032569
"OPTOTRAK _ C01 _ Left _ 2",-168.932412066824,233.398356898743,-2449.69480637467,-104.206789867633,317.085542552899,-2533.89930377412
"OPTOTRAK _ C01 _ Left _ 2",-167.610210819533,234.061503597965,-2450.32809128074,-104.624176423547,314.636257815189,-2532.57271246552
"OPTOTRAK _ C01 _ Left _ 2",-165.471236065572,235.698605518072,-2451.47033269014,-104.084942981546,310.659568708667,-2527.9338779799
"OPTOTRAK _ C01 _ Left _ 2",-162.696193782496,238.275277093937,-2452.98921040751,-103.104559483698,305.489181628079,-2520.46865329184
"OPTOTRAK _ C01 _ Left _ 2",-159.527786889921,241.702394510604,-2454.72212242626,-102.372487770091,299.587050511865,-2511.02016904636
"OPTOTRAK _ C01 _ Left _ 2",-156.243065861889,245.81819372855,-2456.49429281897,-102.544755885272,293.495310462404,-2500.6609354348
"OPTOTRAK _ C01 _ Left _ 2",-153.11655252583,250.387897553351,-2458.14229713816,-104.058088619265,287.760158817547,-2490.50874507637
"OPTOTRAK _ C01 _ Left _ 2",-150.380886570062,255.12472557351,-2459.539636467,-107.021252718602,282.841872831209,-2481.52666563229
"OPTOTRAK _ C01 _ Left _ 2",-148.193901015459,259.72786473386,-2460.61768368418,-111.208561839132,279.035673448415,-2474.36165815784
"OPTOTRAK _ C01 _ Left _ 2",-146.620570304463,263.926130700551,-2461.37505025846,-116.140878775352,276.4285207826,-2469.26719884785
"OPTOTRAK _ C01 _ Left _ 2",-145.635120595261,267.513340001764,-2461.87158951916,-121.210695956225,274.906695002924,-2466.12625597834
"OPTOTRAK _ C01 _ Left _ 2",-145.143505334686,270.363957706725,-2462.2079596265,-125.80298781585,274.212953876916,-2464.55857691888
"OPTOTRAK _ C01 _ Left _ 2",-145.020789024122,272.424697511058,-2462.49566300445,-129.380496349251,274.036857454434,-2464.07483893215
"OPTOTRAK _ C01 _ Left _ 2",-145.153346101118,273.687054057212,-2462.82460878326,-131.527965718868,274.11263171844,-2464.23369089245
"OPTOTRAK _ C01 _ Left _ 2",-145.473697747584,274.153571427772,-2463.23548241266,-131.970372325871,274.297724638812,-2464.76303587844
"OPTOTRAK _ C01 _ Left _ 2",-145.977326225659,273.813434639117,-2463.70311214223,-130.586922254489,274.611301752934,-2465.61981907547
"OPTOTRAK _ C01 _ Left _ 2",-146.71593067475,272.639179675633,-2464.13515103911,-127.434787522593,275.223023476649,-2466.97933040132
"OPTOTRAK _ C01 _ Left _ 2",-147.769011356162,270.607248487966,-2464.38780504891,-122.779692078462,276.395665412999,-2469.16215548474
"OPTOTRAK _ C01 _ Left _ 2",-149.203077370602,267.734203179721,-2464.29671398363,-117.113244561583,278.397692473347,-2472.5212528637
"OPTOTRAK _ C01 _ Left _ 2",-151.032522341646,264.112094508781,-2463.7166128537,-111.12861585772,281.410950747016,-2477.32042687926
"OPTOTRAK _ C01 _ Left _ 2",-153.196172730182,259.924945922091,-2462.55958915687,-105.633679042938,285.461048979904,-2483.63647250653
"OPTOTRAK _ C01 _ Left _ 2",-155.558092301522,255.435462446465,-2460.82103445688,-101.404355305971,290.391278305627,-2491.30946987173
"OPTOTRAK _ C01 _ Left _ 2",-157.932201229749,250.944256305232,-2458.58610981515,-99.0111088080667,295.885800670525,-2499.95062700923
"OPTOTRAK _ C01 _ Left _ 2",-160.12143407893,246.736321146922,-2456.01630277461,-98.672180403442,301.530040574319,-2508.99958940766
"OPTOTRAK _ C01 _ Left _ 2",-161.957395151391,243.034599344123,-2453.32206283643,-100.18571138595,306.884228047641,-2517.80983146797
"OPTOTRAK _ C01 _ Left _ 2",-163.327528478227,239.97641663524,-2450.73068570356,-102.969073626197,311.545566274095,-2525.73619159681
"OPTOTRAK _ C01 _ Left _ 2",-164.182663887613,237.61853241817,-2448.45784961011,-106.198611193623,315.18462619232,-2532.20325083662
"OPTOTRAK _ C01 _ Left _ 2",-164.525628447492,235.96566498833,-2446.68764716398,-109.011473152756,317.556082382289,-2536.7445843828
"OPTOTRAK _ C01 _ Left _ 2",-164.38835109315,235.009561423489,-2445.56150760402,-110.714502950559,318.49548909206,-2539.01703980545
"OPTOTRAK _ C01 _ Left _ 2",-163.808262498864,234.762886361653,-2445.17287063882,-110.946766617954,317.917482282696,-2538.80564995882
"OPTOTRAK _ C01 _ Left _ 2",-162.813921082095,235.274568749143,-2445.56315425461,-109.757923704392,315.825625597341,-2536.03734327622
"OPTOTRAK _ C01 _ Left _ 2",-161.425325634929,236.619739185791,-2446.71598371979,-107.586440396373,312.333292586064,-2530.81211510804
"OPTOTRAK _ C01 _ Left _ 2",-159.668069183333,238.866176021302,-2448.55029049274,-105.143947528566,307.6841711645,-2523.44236066067
"OPTOTRAK _ C01 _ Left _ 2",-157.594511097937,242.027907004022,-2450.9170168263,-103.232907062237,302.255558051506,-2514.47435630497
"OPTOTRAK _ C01 _ Left _ 2",-155.301482355003,246.022691603814,-2453.60625372658,-102.542649654704,296.530461158363,-2504.66152051464
"OPTOTRAK _ C01 _ Left _ 2",-152.934179544187,250.651121531909,-2456.36968159972,-103.478996724861,291.035028802732,-2494.87335746567
"OPTOTRAK _ C01 _ Left _ 2",-150.670435440063,255.609574430753,-2458.95729373734,-106.077346881576,286.251860610861,-2485.95273918686
"OPTOTRAK _ C01 _ Left _ 2",-148.687482302392,260.537864204023,-2461.16034853134,-110.023629839167,282.531313117969,-2478.56208515238
"OPTOTRAK _ C01 _ Left _ 2",-147.121635369371,265.088718626575,-2462.84826832085,-114.768399235032,280.026958648737,-2473.06850483686
"OPTOTRAK _ C01 _ Left _ 2",-146.035889675798,268.996141103626,-2463.98827187183,-119.684877831723,278.676003094802,-2469.50341149823
"OPTOTRAK _ C01 _ Left _ 2",-145.408426042821,272.11877852459,-2464.64228910852,-124.210585380172,278.23252818034,-2467.60404162922
"OPTOTRAK _ C01 _ Left _ 2",-145.147130156311,274.443804675109,-2464.9430496,-127.928890669548,278.345744197662,-2466.91863872404
"OPTOTRAK _ C01 _ Left _ 2",-145.125323826132,276.052045410674,-2465.05673372766,-130.579563996583,278.662797155175,-2466.94269247292
"OPTOTRAK _ C01 _ Left _ 2",-145.226480163306,277.058947969107,-2465.14158935807,-132.01826464482,278.929806901749,-2467.25096223777
"OPTOTRAK _ C01 _ Left _ 2",-145.383301991853,277.553271263415,-2465.31110558444,-132.161555361559,279.066054222742,-2467.59596637218
"OPTOTRAK _ C01 _ Left _ 2",-145.599170726556,277.554698129524,-2465.60840130054,-130.953417194482,279.192780761808,-2467.95469351258
"OPTOTRAK _ C01 _ Left _ 2",-145.945952673806,277.004435256313,-2465.99654101186,-128.374719444111,279.607964336313,-2468.51819956836
"OPTOTRAK _ C01 _ Left _ 2",-146.539324835705,275.79189253373,-2466.36742549307,-124.494909334121,280.710384959548,-2469.6308626769
"OPTOTRAK _ C01 _ Left _ 2",-147.499220923502,273.808616298786,-2466.56889732299,-119.542665015417,282.889108594838,-2471.69567934223
"OPTOTRAK _ C01 _ Left _ 2",-148.907241152813,271.010810844559,-2466.44526316604,-113.957231907244,286.405969007793,-2475.06800639726
"OPTOTRAK _ C01 _ Left _ 2",-150.77389169592,267.467250746032,-2465.88147930887,-108.38178683489,291.304774577079,-2479.96167184943
"OPTOTRAK _ C01 _ Left _ 2",-153.025723976162,263.373079737649,-2464.83834055405,-103.577960772359,297.377057013989,-2486.38770561094
"OPTOTRAK _ C01 _ Left _ 2",-155.516088457361,259.022374686241,-2463.36785579242,-100.272308814223,304.197951336664,-2494.13732057269
"OPTOTRAK _ C01 _ Left _ 2",-158.055099298248,254.749020488246,-2461.60479050461,-98.9776787590481,311.221331774892,-2502.80918474362
"OPTOTRAK _ C01 _ Left _ 2",-160.447737033325,250.858241180221,-2459.73882179434,-99.8487162760691,317.901084377583,-2511.86990991366
"OPTOTRAK _ C01 _ Left _ 2",-162.526845490339,247.57357025778,-2457.9774221339,-102.62237210671,323.796388529048,-2520.72937779141
"OPTOTRAK _ C01 _ Left _ 2",-164.171053633798,245.015855686843,-2456.51027168421,-106.66566895576,328.627444691436,-2528.81088216473
"OPTOTRAK _ C01 _ Left _ 2",-165.304679831605,243.21726634022,-2455.4828363731,-111.117653232805,332.269682758082,-2535.6004085524
"OPTOTRAK _ C01 _ Left _ 2",-165.884279755761,242.160501173138,-2454.98235540316,-115.084598785753,334.699328414293,-2540.66894104034
"OPTOTRAK _ C01 _ Left _ 2",-165.881631915649,241.825658287513,-2455.03572421269,-117.836036537107,335.921337756767,-2543.67420271393
"OPTOTRAK _ C01 _ Left _ 2",-165.273741475966,242.22595942822,-2455.61623172665,-118.95506575363,335.915436646163,-2544.35899835366
"OPTOTRAK _ C01 _ Left _ 2",-164.046646636051,243.418287063268,-2456.65490217233,-118.413354802366,334.62592084314,-2542.56604600088
"OPTOTRAK _ C01 _ Left _ 2",-162.212900052061,245.483588590882,-2458.05246177971,-116.560389749633,332.00048141062,-2538.27978309502
"OPTOTRAK _ C01 _ Left _ 2",-159.835308672455,248.48309567642,-2459.68970658958,-114.032754171933,328.060998255182,-2531.68644278797
"OPTOTRAK _ C01 _ Left _ 2",-157.0449438083,252.405868153571,-2461.43659802035,-111.602938454464,322.9736052615,-2523.2238315398
"OPTOTRAK _ C01 _ Left _ 2",-154.041887577744,257.128084817539,-2463.16231219147,-110.000166875167,317.082490386339,-2513.58349325435
"OPTOTRAK _ C01 _ Left _ 2",-151.07305662168,262.40219670621,-2464.74830761976,-109.745976652379,310.883934821243,-2503.63880719033
"OPTOTRAK _ C01 _ Left _ 2",-148.390588714522,267.884212200266,-2466.10401033695,-111.047897729308,304.940582062112,-2494.3022406604
"OPTOTRAK _ C01 _ Left _ 2",-146.20267639035,273.193036214163,-2467.18135839909,-113.778845895498,299.761687935314,-2486.35009853225
"OPTOTRAK _ C01 _ Left _ 2",-144.632581546221,277.982694178193,-2467.98253354682,-117.539782916726,295.691468921238,-2480.27317874252
"OPTOTRAK _ C01 _ Left _ 2",-143.699317390855,282.002392215643,-2468.55637933259,-121.773023534384,292.846443072245,-2476.20388132386
"OPTOTRAK _ C01 _ Left _ 2",-143.326301218351,285.123856556106,-2468.98290264112,-125.880768935999,291.124048089007,-2473.94012732185
"OPTOTRAK _ C01 _ Left _ 2",-143.375052934665,287.328686866971,-2469.34968006334,-129.314207133544,290.277663466134,-2473.05205377407
"OPTOTRAK _ C01 _ Left _ 2",-143.693048553525,288.664560785865,-2469.72654756126,-131.623052932666,290.029762362356,-2473.03412867502
"OPTOTRAK _ C01 _ Left _ 2",-144.160753540182,289.190727375791,-2470.14481133064,-132.477525997315,290.18395933472,-2473.45781590589
"OPTOTRAK _ C01 _ Left _ 2",-144.723773706725,288.935775447599,-2470.58540220518,-131.683905868349,290.699755152156,-2474.08561465771
"OPTOTRAK _ C01 _ Left _ 2",-145.401349613583,287.884158946569,-2470.9784115927,-129.209581260476,291.707144672413,-2474.9213816563
"OPTOTRAK _ C01 _ Left _ 2",-146.270160482844,285.995712389981,-2471.21481948546,-125.21864206317,293.456912398905,-2476.18956475359
"OPTOTRAK _ C01 _ Left _ 2",-147.430112472149,283.248957728761,-2471.1693761926,-120.101896376393,296.221904175699,-2478.25329616951
"OPTOTRAK _ C01 _ Left _ 2",-148.964097875525,279.688966628394,-2470.73086767796,-114.473920973532,300.180500189343,-2481.49503993701
"OPTOTRAK _ C01 _ Left _ 2",-150.904931874847,275.457775127343,-2469.83279978383,-109.111609101143,305.321056073606,-2486.19123349582
"OPTOTRAK _ C01 _ Left _ 2",-153.219310630645,270.791856416915,-2468.47572228884,-104.82660859989,311.40097796291,-2492.41254743242
"OPTOTRAK _ C01 _ Left _ 2",-155.811831182704,265.98516947851,-2466.73399709978,-102.292846493935,317.975971616651,-2499.97391245468
"OPTOTRAK _ C01 _ Left _ 2",-158.544535347668,261.331568816783,-2464.74487075331,-101.876641801567,324.489770963699,-2508.44505588337
"OPTOTRAK _ C01 _ Left _ 2",-161.262235048953,257.069194286893,-2462.68377364354,-103.525996968895,330.392706239396,-2517.21604184729
"OPTOTRAK _ C01 _ Left _ 2",-163.813142360374,253.347841114636,-2460.73373914056,-106.760956558414,335.24824582371,-2525.5971952148
"OPTOTRAK _ C01 _ Left _ 2",-166.058148570173,250.230088450303,-2459.05731041722,-110.774223166507,338.793810157834,-2532.92362092703
"OPTOTRAK _ C01 _ Left _ 2",-167.868658975903,247.723545928507,-2457.77699154898,-114.61506550226,340.942298255265,-2538.63578064353
"OPTOTRAK _ C01 _ Left _ 2",-169.119279484769,245.830325771704,-2456.96677664453,-117.405351670307,341.734973570357,-2542.32037008421
"OPTOTRAK _ C01 _ Left _ 2",-169.684931102292,244.594123247786,-2456.65381784646,-118.532581237364,341.273903258125,-2543.71525492874
"OPTOTRAK _ C01 _ Left _ 2",-169.450424874274,244.126177405117,-2456.8266291793,-117.778115713031,339.665800435127,-2542.69866213517
"OPTOTRAK _ C01 _ Left _ 2",-168.334614423089,244.59812995473,-2457.44497163585,-115.358832574666,336.998965849265,-2539.28656829218
"OPTOTRAK _ C01 _ Left _ 2",-166.323465206986,246.200389413277,-2458.44725079156,-111.87815426733,333.357318773084,-2533.65042579728
"OPTOTRAK _ C01 _ Left _ 2",-163.500115410885,249.076271678001,-2459.75388058396,-108.196264587822,328.858211782205,-2526.14642917251
"OPTOTRAK _ C01 _ Left _ 2",-160.05808733638,253.251704825662,-2461.26857360512,-105.242613819659,323.690283374614,-2517.32950236987
"OPTOTRAK _ C01 _ Left _ 2",-156.287586639635,258.584342407074,-2462.88193129397,-103.808122163194,318.12780196021,-2507.9216205799
"OPTOTRAK _ C01 _ Left _ 2",-152.53359898331,264.752046735852,-2464.4811883032,-104.365558997689,312.508920058602,-2498.72030679855
"OPTOTRAK _ C01 _ Left _ 2",-149.135281840653,271.288763488975,-2465.96628088396,-106.965485725712,307.182580883432,-2490.46348714189
"OPTOTRAK _ C01 _ Left _ 2",-146.364403069998,277.659270683206,-2467.26758085046,-111.235396478393,302.444676466505,-2483.6943180917
"OPTOTRAK _ C01 _ Left _ 2",-144.382202143807,283.349713639345,-2468.35777303758,-116.475931128524,298.490756606436,-2478.67566102756
"OPTOTRAK _ C01 _ Left _ 2",-143.227777379034,287.945201423086,-2469.25139423309,-121.816833715227,295.406461411029,-2475.3840054366
"OPTOTRAK _ C01 _ Left _ 2",-142.839470723169,291.17248806717,-2469.99006769761,-126.383609050669,293.200156206272,-2473.58018782668
"OPTOTRAK _ C01 _ Left _ 2",-143.098818014434,292.901977013456,-2470.61731378804,-129.437127698486,291.862482762466,-2472.92759836365
"OPTOTRAK _ C01 _ Left _ 2",-143.879420279254,293.120581846469,-2471.15142776199,-130.471045413823,291.424153255074,-2473.11718714561
"OPTOTRAK _ C01 _ Left _ 2",-145.08307754099,291.896532158966,-2471.56638968323,-129.269853522186,291.982776099396,-2473.96183931684
"OPTOTRAK _ C01 _ Left _ 2",-146.652059581971,289.355165014511,-2471.78857362437,-125.935126057599,293.682023291916,-2475.43589092301
"OPTOTRAK _ C01 _ Left _ 2",-148.55649608921,285.673553072361,-2471.71191692013,-120.881081365068,296.646654109621,-2477.6535966492
"OPTOTRAK _ C01 _ Left _ 2",-150.765660883729,281.08790317881,-2471.22772929864,-114.791441030831,300.896791523511,-2480.79827835268
"OPTOTRAK _ C01 _ Left _ 2",-153.21783130737,275.898277389655,-2470.25963646853,-108.527271148257,306.276452645242,-2485.02714235516
"OPTOTRAK _ C01 _ Left _ 2",-155.803216113932,270.455498387596,-2468.7918301147,-102.98566337408,312.429157117044,-2490.38201462686
"OPTOTRAK _ C01 _ Left _ 2",-158.368267997259,265.125047094589,-2466.88137552909,-98.929430312966,318.837056957587,-2496.73243536593
"OPTOTRAK _ C01 _ Left _ 2",-160.740272464767,260.236195951521,-2464.65167877029,-96.8277798563997,324.915585473672,-2503.76637261295
"OPTOTRAK _ C01 _ Left _ 2",-162.762678835107,256.033294656351,-2462.27092917289,-96.754300110241,330.133706455407,-2511.02888656689
"OPTOTRAK _ C01 _ Left _ 2",-164.327724097111,252.645744089622,-2459.92322449752,-98.3755187924086,334.119982887289,-2517.99469089436
"OPTOTRAK _ C01 _ Left _ 2",-165.394621473947,250.085584055216,-2457.78029606047,-101.035761055876,336.720385522228,-2524.15094459311
"OPTOTRAK _ C01 _ Left _ 2",-165.987619950103,248.27175124409,-2455.97958372374,-103.914153716098,337.991780206568,-2529.06509043831
"OPTOTRAK _ C01 _ Left _ 2",-166.175802361364,247.072197684473,-2454.61163632057,-106.209719863004,338.137929099449,-2532.42018879108
"OPTOTRAK _ C01 _ Left _ 2",-166.042610229683,246.351205497028,-2453.71739277692,-107.307560459675,337.414014213372,-2534.01478743655
"OPTOTRAK _ C01 _ Left _ 2",-165.65581375156,246.009459266981,-2453.29397205411,-106.891889723448,336.034292364434,-2533.74033371618
"OPTOTRAK _ C01 _ Left _ 2",-165.047619238117,246.007684205178,-2453.30609116602,-104.991558477644,334.113185912414,-2531.55881684173
"OPTOTRAK _ C01 _ Left _ 2",-164.210715642014,246.369482097464,-2453.69926456891,-101.960368277702,331.655817380664,-2527.50084269639
"OPTOTRAK _ C01 _ Left _ 2",-163.110773772609,247.164091368591,-2454.4108480123,-98.4029744793054,328.595726028311,-2521.6900067231
"OPTOTRAK _ C01 _ Left _ 2",-161.71077940888,248.474252457508,-2455.37604905838,-95.0599413254437,324.861638048676,-2514.38049840747
"OPTOTRAK _ C01 _ Left _ 2",-159.998935171815,250.357653927627,-2456.52813944208,-92.6683106822013,320.446766905651,-2505.98169942547
"OPTOTRAK _ C01 _ Left _ 2",-158.010580610352,252.812223795431,-2457.79468518945,-91.8199995103119,315.455539097715,-2497.04409760586
"OPTOTRAK _ C01 _ Left _ 2",-155.836032632506,255.755384365592,-2459.09370552856,-92.8467111847435,310.112350975494,-2488.19622363803
"OPTOTRAK _ C01 _ Left _ 2",-153.610377118371,259.024711149236,-2460.33425908001,-95.759947654583,304.730426480717,-2480.04516418666
"OPTOTRAK _ C01 _ Left _ 2",-151.487283422645,262.401892587413,-2461.42437713093,-100.262921009597,299.651254296627,-2473.07112294397
"OPTOTRAK _ C01 _ Left _ 2",-149.604935694557,265.65438100587,-2462.28575539811,-105.829677175916,295.173342581278,-2467.54981803788
"OPTOTRAK _ C01 _ Left _ 2",-148.055471126994,268.582366492952,-2462.87067601832,-111.824895360893,291.491638997483,-2463.52479209287
"OPTOTRAK _ C01 _ Left _ 2",-146.868096152566,271.056057808417,-2463.17454312207,-117.626274024514,288.665529473118,-2460.83324074678
"OPTOTRAK _ C01 _ Left _ 2",-146.01093618833,273.03132913941,-2463.23863073564,-122.715134604147,286.624974519642,-2459.17362807274
"OPTOTRAK _ C01 _ Left _ 2",-145.410227343654,274.53920482583,-2463.14138455059,-126.716960622362,285.213620418158,-2458.19588540826
"OPTOTRAK _ C01 _ Left _ 2",-144.980294503663,275.653232962732,-2462.98052485896,-129.394373199635,284.25741331356,-2457.59412689568
"OPTOTRAK _ C01 _ Left _ 2",-144.655211802547,276.445640835351,-2462.85043684336,-130.612464607556,283.639569207671,-2457.18421944642
"OPTOTRAK _ C01 _ Left _ 2",-144.413199831695,276.946552989523,-2462.81975973585,-130.304580212481,283.359479825256,-2456.95223715682
"OPTOTRAK _ C01 _ Left _ 2",-144.287147198933,277.119791176064,-2462.91353134263,-128.462923183578,283.55548740046,-2457.06458970553
"OPTOTRAK _ C01 _ Left _ 2",-144.358388881903,276.864025833084,-2463.10337284877,-125.163986292458,284.479668723288,-2457.83675130258
"OPTOTRAK _ C01 _ Left _ 2",-144.735170805788,276.040386959092,-2463.30812393216,-120.618780338927,286.425810291837,-2459.66494239872
"OPTOTRAK _ C01 _ Left _ 2",-145.521214728132,274.518973852919,-2463.40585896473,-115.219762760786,289.627175596297,-2462.93299880149
"OPTOTRAK _ C01 _ Left _ 2",-146.782637114569,272.229527756753,-2463.25614745117,-109.548630692612,294.154186110445,-2467.91328787614
"OPTOTRAK _ C01 _ Left _ 2",-148.522331899891,269.198668051174,-2462.72892041847,-104.317865268496,299.847848866345,-2474.68353914849
"OPTOTRAK _ C01 _ Left _ 2",-150.669111522086,265.559849983595,-2461.73414396322,-100.243942507428,306.317303594462,-2483.07888337986
"OPTOTRAK _ C01 _ Left _ 2",-153.084457927184,261.53250493936,-2460.24587831714,-97.8821767489281,313.00867157363,-2492.69015560122
"OPTOTRAK _ C01 _ Left _ 2",-155.584023593079,257.379669793693,-2458.3158522642,-97.4765953096981,319.324857881664,-2502.90803815554
"OPTOTRAK _ C01 _ Left _ 2",-157.966431105083,253.362245048561,-2456.07459352636,-98.8800891027099,324.75504739868,-2513.00172556324
"OPTOTRAK _ C01 _ Left _ 2",-160.040549843731,249.708014172271,-2453.72072707856,-101.578511241477,328.969068287566,-2522.21371967929
"OPTOTRAK _ C01 _ Left _ 2",-161.644742685454,246.604996557292,-2451.50033739422,-104.817143356734,331.84721001152,-2529.85068834698
"OPTOTRAK _ C01 _ Left _ 2",-162.656199506418,244.21635846878,-2449.678719912,-107.793730435099,333.442800369528,-2535.35427980833
"OPTOTRAK _ C01 _ Left _ 2",-162.993151969627,242.703784700937,-2448.50722794625,-109.861751802723,333.900965305974,-2538.34455429464
"OPTOTRAK _ C01 _ Left _ 2",-162.615445014809,242.241935179802,-2448.18848400779,-110.68697460836,333.371878105447,-2538.63953560018
"OPTOTRAK _ C01 _ Left _ 2",-161.528430257184,243.009705793111,-2448.84383539946,-110.31738976174,331.954937451354,-2536.26201003919
"OPTOTRAK _ C01 _ Left _ 2",-159.791544135295,245.153359456388,-2450.48760684281,-109.152516719518,329.69349696866,-2531.44357318202
"OPTOTRAK _ C01 _ Left _ 2",-157.527806237098,248.729154618243,-2453.01345267368,-107.823661351038,326.616185420161,-2524.62532533175
"OPTOTRAK _ C01 _ Left _ 2",-154.926408294178,253.644605181318,-2456.19836499821,-107.017660349703,322.800631622265,-2516.44145410351
"OPTOTRAK _ C01 _ Left _ 2",-152.230141534748,259.623315231383,-2459.72830822585,-107.291471251842,318.426026464558,-2507.66705409332
"OPTOTRAK _ C01 _ Left _ 2",-149.703871028341,266.214759884686,-2463.24483092815,-108.929999056556,313.785537533325,-2499.12174268669
"OPTOTRAK _ C01 _ Left _ 2",-147.588344833773,272.856713941912,-2466.40499705849,-111.888850565811,309.246771734765,-2491.54259441661
"OPTOTRAK _ C01 _ Left _ 2",-146.051589044305,278.978211941747,-2468.94074403513,-115.835630716849,305.171887901211,-2485.46046629622
"OPTOTRAK _ C01 _ Left _ 2",-145.153699819345,284.113097665985,-2470.70220630991,-120.26702464172,301.828041082361,-2481.11857530989
"OPTOTRAK _ C01 _ Left _ 2",-144.837806269288,287.987233683331,-2471.67416742948,-124.651869810066,299.323761557203,-2478.4575141924
"OPTOTRAK _ C01 _ Left _ 2",-144.951551288256,290.550705411846,-2471.96338848325,-128.547004196448,297.595354061145,-2477.16675217211
"OPTOTRAK _ C01 _ Left _ 2",-145.293359623795,291.946459069623,-2471.76277682261,-131.652730997711,296.446751645336,-2476.78297101258
"OPTOTRAK _ C01 _ Left _ 2",-145.670110449887,292.42924768515,-2471.30284932358,-133.804879880523,295.627540375104,-2476.80723238983
"OPTOTRAK _ C01 _ Left _ 2",-145.950050188873,292.264010984725,-2470.80119017318,-134.925375218889,294.923957390095,-2476.81466204361
"OPTOTRAK _ C01 _ Left _ 2",-146.097043429001,291.636490238669,-2470.41844846587,-134.964791500585,294.23680548851,-2476.53763018252
"OPTOTRAK _ C01 _ Left _ 2",-146.178100859541,290.60205252803,-2470.22712350078,-133.868059581109,293.625358580994,-2475.91228087183
"OPTOTRAK _ C01 _ Left _ 2",-146.343457668609,289.085231441119,-2470.19792495215,-131.581610205255,293.304803143084,-2475.08593689229
"OPTOTRAK _ C01 _ Left _ 2",-146.785318745608,286.92675988195,-2470.20720096465,-128.101431427383,293.595386578162,-2474.38802153205
"OPTOTRAK _ C01 _ Left _ 2",-147.686211155032,283.960875165204,-2470.06629359738,-123.542209693892,294.833520913395,-2474.26985336555
"OPTOTRAK _ C01 _ Left _ 2",-149.169780548424,280.096822558267,-2469.56874549715,-118.194133754333,297.266854234495,-2475.22030264935
"OPTOTRAK _ C01 _ Left _ 2",-151.265579475711,275.377475528795,-2468.54499662316,-112.532170107824,300.963075349651,-2477.66641689428
"OPTOTRAK _ C01 _ Left _ 2",-153.895278505682,269.996184163314,-2466.9097955534,-107.156216615757,305.761321318818,-2481.87147980721
"OPTOTRAK _ C01 _ Left _ 2",-156.881795845941,264.268603602189,-2464.68857861485,-102.667039948495,311.283156091091,-2487.84691012406
"OPTOTRAK _ C01 _ Left _ 2",-159.97680964137,258.573209331493,-2462.01611999533,-99.5123079399378,317.000415406462,-2495.29700279023
"OPTOTRAK _ C01 _ Left _ 2",-162.898034673234,253.284387551165,-2459.11026019685,-97.8556600326645,322.33805050574,-2503.6142263217
"OPTOTRAK _ C01 _ Left _ 2",-165.366913497995,248.720866091156,-2456.2306431298,-97.5199700132109,326.779742107536,-2511.93576965368
"OPTOTRAK _ C01 _ Left _ 2",-167.139949242393,245.121898810398,-2453.63469989198,-98.0333327255368,329.946126048885,-2519.25964655893
"OPTOTRAK _ C01 _ Left _ 2",-168.031325665404,242.650287768249,-2451.54121692063,-98.7709868689165,331.628450618218,-2524.60389945745
"OPTOTRAK _ C01 _ Left _ 2",-167.928447319324,241.410999328064,-2450.10754590733,-99.1512536885078,331.77915582232,-2527.17972579091
"OPTOTRAK _ C01 _ Left _ 2",-166.803470887526,241.470084368686,-2449.42151823734,-98.8220439630075,330.477216032226,-2526.54285152775
"OPTOTRAK _ C01 _ Left _ 2",-164.722018656572,242.861276717309,-2449.50485871119,-97.7755905571468,327.891905403045,-2522.68948966437
"OPTOTRAK _ C01 _ Left _ 2",-161.846340709572,245.575270599147,-2450.32260021283,-96.3529174085654,324.26091282719,-2516.07304041768
"OPTOTRAK _ C01 _ Left _ 2",-158.426994884617,249.536133472231,-2451.79324337076,-95.1369629856754,319.882871148727,-2507.53255565134
"OPTOTRAK _ C01 _ Left _ 2",-154.777418861376,254.576864675247,-2453.79675854792,-94.7704190069661,315.110814829836,-2498.14183462617
"OPTOTRAK _ C01 _ Left _ 2",-151.230696107034,260.428473407675,-2456.18084670291,-95.7584520673619,310.330140540879,-2489.00776001067
"OPTOTRAK _ C01 _ Left _ 2",-148.085706424365,266.732694755337,-2458.76862069866,-98.319187972298,305.913683989109,-2481.06400958966
"OPTOTRAK _ C01 _ Left _ 2",-145.556620073019,273.07916138636,-2461.37143523377,-102.324780810455,302.161957852235,-2474.91255249774
"OPTOTRAK _ C01 _ Left _ 2",-143.741155175885,279.05771014327,-2463.80816047173,-107.340991681073,299.249505098562,-2470.75302086131
"OPTOTRAK _ C01 _ Left _ 2",-142.617796054578,284.310190797149,-2465.92776125987,-112.738711791831,297.201426301091,-2468.41243814206
"OPTOTRAK _ C01 _ Left _ 2",-142.072669265295,288.566319061412,-2467.62833233925,-117.83159457843,295.915225602244,-2467.45784345884
"OPTOTRAK _ C01 _ Left _ 2",-141.947308249436,291.654558619129,-2468.8654210476,-121.996308359887,295.22554933698,-2467.35429585244
"OPTOTRAK _ C01 _ Left _ 2",-142.092594217667,293.489154933938,-2469.64611304608,-124.751264364987,294.990598874658,-2467.62477203802
"OPTOTRAK _ C01 _ Left _ 2",-142.413133121492,294.044142722654,-2470.01103124397,-125.793797968852,295.167633310803,-2467.97427902933
"OPTOTRAK _ C01 _ Left _ 2",-142.889864364768,293.330023439698,-2470.01116261421,-125.012016132947,295.846740833399,-2468.35368809065
"OPTOTRAK _ C01 _ Left _ 2",-143.575447373038,291.386315547858,-2469.68816211348,-122.489473288507,297.226540673885,-2468.95500461171
"OPTOTRAK _ C01 _ Left _ 2",-144.565073976788,288.294068019963,-2469.0649365569,-118.510369197602,299.536841925063,-2470.14528117769
"OPTOTRAK _ C01 _ Left _ 2",-145.952714516759,284.200506571302,-2468.14871440478,-113.557552697044,302.933680570826,-2472.35851622823
"OPTOTRAK _ C01 _ Left _ 2",-147.787349054603,279.338854089832,-2466.94337264361,-108.284575842473,307.404442551639,-2475.97228021053
"OPTOTRAK _ C01 _ Left _ 2",-150.043789163588,274.025423686711,-2465.46406719355,-103.444064811689,312.719887413505,-2481.19787069855
"OPTOTRAK _ C01 _ Left _ 2",-152.617688568878,268.625353464411,-2463.74720265662,-99.7698774196483,318.454569273315,-2488.00917102507
"OPTOTRAK _ C01 _ Left _ 2",-155.34559834934,263.493816849018,-2461.85240638078,-97.8335808568299,324.072064387521,-2496.12620101373
"OPTOTRAK _ C01 _ Left _ 2",-158.041715294587,258.912585623648,-2459.85794908004,-97.9142259458203,329.046607565528,-2505.05580560575
"OPTOTRAK _ C01 _ Left _ 2",-160.537165933395,255.04518113659,-2457.85385402787,-99.9233136355404,332.979041943467,-2514.17669049763
"OPTOTRAK _ C01 _ Left _ 2",-162.707675170705,251.926634875567,-2455.93647647912,-103.411993332513,335.668186629137,-2522.84336733124
"OPTOTRAK _ C01 _ Left _ 2",-164.481051151536,249.490916905822,-2454.20582662046,-107.661925126375,337.116871244567,-2530.47859631924
"OPTOTRAK _ C01 _ Left _ 2",-165.824527966543,247.62645608397,-2452.76445505634,-111.836184399153,337.476912810786,-2536.62985920521
"OPTOTRAK _ C01 _ Left _ 2",-166.720071031818,246.241875405403,-2451.71549869115,-115.151670217595,336.959070670523,-2540.98097132607
"OPTOTRAK _ C01 _ Left _ 2",-167.140164803448,245.321550961475,-2451.15743857766,-117.033545813985,335.744365956471,-2543.3291581925
"OPTOTRAK _ C01 _ Left _ 2",-167.035914837503,244.95362126266,-2451.17383000572,-117.222292543386,333.92893177195,-2543.55244100687
"OPTOTRAK _ C01 _ Left _ 2",-166.344060337222,245.320449612125,-2451.81770055518,-115.817665191147,331.518654211952,-2541.59478761288
"OPTOTRAK _ C01 _ Left _ 2",-165.011773418436,246.651599896926,-2453.09268124153,-113.255000780342,328.469468381843,-2537.4848331845
"OPTOTRAK _ C01 _ Left _ 2",-163.030636565118,249.15009006998,-2454.93592384783,-110.217220039103,324.752139944939,-2531.38267614067
"OPTOTRAK _ C01 _ Left _ 2",-160.466528154599,252.911630553311,-2457.21017307377,-107.494219095669,320.412383830632,-2523.62837660391
"OPTOTRAK _ C01 _ Left _ 2",-157.472130776342,257.861066854796,-2459.71216033091,-105.813182164425,315.600783928548,-2514.75649804278
"OPTOTRAK _ C01 _ Left _ 2",-154.27394349554,263.727935242761,-2462.2005131488,-105.676237824144,310.560878753805,-2505.45064137686
"OPTOTRAK _ C01 _ Left _ 2",-151.134808262796,270.072910951008,-2464.43922215697,-107.24769545047,305.582263026078,-2496.4389281841
"OPTOTRAK _ C01 _ Left _ 2",-148.302881394722,276.360803849443,-2466.24528260834,-110.323366432749,300.940234911756,-2488.36280626439
"OPTOTRAK _ C01 _ Left _ 2",-145.964339148659,282.05899384852,-2467.52544368615,-114.388817797476,296.847850149951,-2481.6683220346
"OPTOTRAK _ C01 _ Left _ 2",-144.216451564085,286.730263634162,-2468.28957201274,-118.743241469889,293.439216263798,-2476.55998431023
"OPTOTRAK _ C01 _ Left _ 2",-143.069737931898,290.091586587399,-2468.63606804958,-122.647227527644,290.788447481786,-2473.02901120812
"OPTOTRAK _ C01 _ Left _ 2",-142.476238051257,292.025293306928,-2468.71439805861,-125.454718422493,288.952956742443,-2470.93773616992
"OPTOTRAK _ C01 _ Left _ 2",-142.370862621165,292.548984339419,-2468.67711082176,-126.706720399418,288.018768602767,-2470.1240944261
"OPTOTRAK _ C01 _ Left _ 2",-142.708565681617,291.765572911642,-2468.63631553241,-126.183827486237,288.123729821258,-2470.48781247578
"OPTOTRAK _ C01 _ Left _ 2",-143.482928229881,289.818316275087,-2468.63723595734,-123.925549346966,289.44269062049,-2472.03004357061
"OPTOTRAK _ C01 _ Left _ 2",-144.719913860622,286.867650347991,-2468.65541360713,-120.22429694895,292.133776035133,-2474.83592367891
"OPTOTRAK _ C01 _ Left _ 2",-146.450617092065,283.092381336529,-2468.61645017858,-115.595149286785,296.261371745062,-2479.00956171341
"OPTOTRAK _ C01 _ Left _ 2",-148.675045550349,278.704452741559,-2468.43017274388,-110.716541076184,301.723654069447,-2484.58741798962
"OPTOTRAK _ C01 _ Left _ 2",-151.332491230449,273.959996897332,-2468.02706630323,-106.3380973849,308.215445458054,-2491.46336189866
"OPTOTRAK _ C01 _ Left _ 2",-154.291652209995,269.152151255535,-2467.38523444999,-103.161928643841,315.248157920265,-2499.35413085857
"OPTOTRAK _ C01 _ Left _ 2",-157.366195071849,264.581173752043,-2466.54066788795,-101.718249916184,322.229191457534,-2507.81927430707
"OPTOTRAK _ C01 _ Left _ 2",-160.351616567458,260.509281497748,-2465.57998976213,-102.266038073292,328.580328870043,-2516.33079794389
"OPTOTRAK _ C01 _ Left _ 2",-163.070860671886,257.115457549886,-2464.62031590952,-104.746905654793,333.858349117817,-2524.37137554718
"OPTOTRAK _ C01 _ Left _ 2",-165.412531713689,254.466128199506,-2463.78365001033,-108.804989900048,337.838838186977,-2531.53097894911
"OPTOTRAK _ C01 _ Left _ 2",-167.348084460627,252.51204887073,-2463.17322311996,-113.864548432156,340.536904935912,-2537.572092308
"OPTOTRAK _ C01 _ Left _ 2",-168.921857289506,251.113393297072,-2462.85735077691,-119.240070019693,342.160475219399,-2542.44289737338
"OPTOTRAK _ C01 _ Left _ 2",-170.217199017786,250.087280153298,-2462.86368914249,-124.248281390349,343.014089261482,-2546.23356625825
"OPTOTRAK _ C01 _ Left _ 2",-171.309849991893,249.266607542991,-2463.18376010968,-128.298670095754,343.385511651514,-2549.08902881586
"OPTOTRAK _ C01 _ Left _ 2",-172.223818114667,248.556496017572,-2463.78473854218,-130.953824736191,343.449837825272,-2551.10690240678
"OPTOTRAK _ C01 _ Left _ 2",-172.904438500071,247.974663533764,-2464.62345399316,-131.964223233227,343.217355712446,-2552.25619700341
"OPTOTRAK _ C01 _ Left _ 2",-173.218608827658,247.664502777324,-2465.65711966538,-131.287086586683,342.537036008211,-2552.34780726248
"OPTOTRAK _ C01 _ Left _ 2",-172.984617214622,247.874500953193,-2466.84686768402,-129.094486666093,341.152159415243,-2551.07265859407
"OPTOTRAK _ C01 _ Left _ 2",-172.025260519644,248.904781146143,-2468.15346369705,-125.766605030101,338.791447208297,-2548.10204320568
"OPTOTRAK _ C01 _ Left _ 2",-170.230168738207,251.030133144264,-2469.5285272135,-121.858787189841,335.27012538261,-2543.22295696086
"OPTOTRAK _ C01 _ Left _ 2",-167.608659799034,254.417078946967,-2470.90752435465,-118.031769673974,330.572307319012,-2536.4653711195
"OPTOTRAK _ C01 _ Left _ 2",-164.315061815737,259.057455937265,-2472.2110081295,-114.945465837623,324.890210802035,-2528.174601083
"OPTOTRAK _ C01 _ Left _ 2",-160.635234409327,264.739702006752,-2473.35720158996,-113.134468815658,318.607069365012,-2518.99482747424
"OPTOTRAK _ C01 _ Left _ 2",-156.934890063234,271.069922372658,-2474.28304448636,-112.898702205191,312.226868613274,-2509.75862958153
"OPTOTRAK _ C01 _ Left _ 2",-153.583521340167,277.539553340347,-2474.9653264321,-114.244724027735,306.270382299026,-2501.31259957027
"OPTOTRAK _ C01 _ Left _ 2",-150.876925841725,283.620376222342,-2475.43207195815,-116.89758799648,301.167743151288,-2494.33433352252
"OPTOTRAK _ C01 _ Left _ 2",-148.982157600302,288.857831526074,-2475.75810600693,-120.376709354728,297.17918690755,-2489.19810601718
"OPTOTRAK _ C01 _ Left _ 2",-147.920542312702,292.934964560854,-2476.04523003445,-124.106363129817,294.366989708068,-2485.92581950344
"OPTOTRAK _ C01 _ Left _ 2",-147.590737340254,295.691623616156,-2476.39275339042,-127.524060029666,292.625260922312,-2484.2294827866
"OPTOTRAK _ C01 _ Left _ 2",-147.82053746659,297.101137025406,-2476.86624757591,-130.159483116592,291.755277835022,-2483.62540637703
"OPTOTRAK _ C01 _ Left _ 2",-148.428236742486,297.221685839111,-2477.47201300115,-131.674905755867,291.559353970578,-2483.58483245571
"OPTOTRAK _ C01 _ Left _ 2",-149.273869629751,296.145912527599,-2478.14337340961,-131.874504021636,291.921307508811,-2483.6811050421
"OPTOTRAK _ C01 _ Left _ 2",-150.286447453277,293.968520574369,-2478.74314866265,-130.697844457582,292.847589647918,-2483.69805277232
"OPTOTRAK _ C01 _ Left _ 2",-151.462448180939,290.780687900057,-2479.08413858308,-128.210882135988,294.456928332198,-2483.67563779865
"OPTOTRAK _ C01 _ Left _ 2",-152.840055073648,286.687292041503,-2478.96569853603,-124.599268359447,296.922822244481,-2483.88423342096
"OPTOTRAK _ C01 _ Left _ 2",-154.460315424303,281.833564264101,-2478.21982070162,-120.159056714867,300.38735558853,-2484.73515286182
"OPTOTRAK _ C01 _ Left _ 2",-156.328942490252,276.425490085107,-2476.75622820427,-115.274595523723,304.872779756421,-2486.64922929947
"OPTOTRAK _ C01 _ Left _ 2",-158.390703762665,270.733479916042,-2474.59521499954,-110.376081294247,310.217271395734,-2489.914556777
"OPTOTRAK _ C01 _ Left _ 2",-160.52327121822,265.078237222818,-2471.88027853004,-105.879240281311,316.054002349501,-2494.56747506613
"OPTOTRAK _ C01 _ Left _ 2",-162.550971275122,259.805844232491,-2468.86815748286,-102.121548014869,321.841236248073,-2500.32756496372
"OPTOTRAK _ C01 _ Left _ 2",-164.273331534878,255.261454250065,-2465.89864011139,-99.3161596641817,326.939117738315,-2506.60803101062
"OPTOTRAK _ C01 _ Left _ 2",-165.500440310333,251.767190671078,-2463.34900658979,-97.5416170152026,330.718287379355,-2512.60725672812
"OPTOTRAK _ C01 _ Left _ 2",-166.087241799341,249.603502776483,-2461.57913190985,-96.7724242920717,332.677639747367,-2517.46678129371
"OPTOTRAK _ C01 _ Left _ 2",-165.960819205538,248.989079330088,-2460.87465683741,-96.9374808667114,332.545252688341,-2520.4600009234
"OPTOTRAK _ C01 _ Left _ 2",-165.136833169168,250.05517630308,-2461.39750138331,-97.978608628732,330.339688891647,-2521.16197769463
"OPTOTRAK _ C01 _ Left _ 2",-163.722631718101,252.815364239542,-2463.15394463572,-99.8791954302698,326.378044951129,-2519.55121528704
"OPTOTRAK _ C01 _ Left _ 2",-161.905334267535,257.138437832726,-2465.98868032683,-102.647252802335,321.228608340182,-2516.01200298074
"OPTOTRAK _ C01 _ Left _ 2",-159.924475043197,262.736977274436,-2469.60812260741,-106.261888395081,315.615805629679,-2511.2360143248
"OPTOTRAK _ C01 _ Left _ 2",-158.031600208253,269.183744064064,-2473.62919977535,-110.613335238964,310.29252857927,-2506.05280722757
"OPTOTRAK _ C01 _ Left _ 2",-156.443474052212,275.961374936566,-2477.64344160679,-115.471311651383,305.901835998262,-2501.2386841872
"OPTOTRAK _ C01 _ Left _ 2",-155.299609378845,282.539144394318,-2481.28253038056,-120.501521515269,302.856776388277,-2497.35583297966
"OPTOTRAK _ C01 _ Left _ 2",-154.636196206102,288.458363948633,-2484.27169906421,-125.324403310048,301.269487914658,-2494.6605079396
"OPTOTRAK _ C01 _ Left _ 2",-154.385442947584,293.401259338113,-2486.46111679685,-129.588968510523,300.952754120406,-2493.09705239471
"OPTOTRAK _ C01 _ Left _ 2",-154.402308745674,297.22125968176,-2487.83121970832,-133.0295610487,301.497423303694,-2492.37119191995
"OPTOTRAK _ C01 _ Left _ 2",-154.512199871168,299.925229836022,-2488.47383923113,-135.48566395058,302.40464746326,-2492.07682840738
"OPTOTRAK _ C01 _ Left _ 2",-154.566696426265,301.615052382978,-2488.55540338653,-136.885272907708,303.234410335082,-2491.83944960508
"OPTOTRAK _ C01 _ Left _ 2",-154.491931640997,302.410058571625,-2488.27088840885,-137.20918601689,303.728781399461,-2491.43835697721
"OPTOTRAK _ C01 _ Left _ 2",-154.316238797526,302.377992912355,-2487.79784679237,-136.460059787585,303.878560845287,-2490.878433813
"OPTOTRAK _ C01 _ Left _ 2",-154.169151880025,301.498928462399,-2487.25922352782,-134.655698171861,303.918915398498,-2490.39660576878
"OPTOTRAK _ C01 _ Left _ 2",-154.25124083398,299.675301523354,-2486.70204925471,-131.853782807929,304.257212889738,-2490.40419042434
"OPTOTRAK _ C01 _ Left _ 2",-154.781881638398,296.785366844846,-2486.09638997041,-128.19952028572,305.351561872814,-2491.38071939843
"OPTOTRAK _ C01 _ Left _ 2",-155.9382248351,292.761434486913,-2485.35491046149,-123.973625990338,307.570443562077,-2493.74554238518
"OPTOTRAK _ C01 _ Left _ 2",-157.801774551623,287.663485075852,-2484.36820729177,-119.611279256676,311.070761041472,-2497.73902813074
"OPTOTRAK _ C01 _ Left _ 2",-160.327938274375,281.718089644548,-2483.04596944453,-115.668080879924,315.730448559348,-2503.34383979239
"OPTOTRAK _ C01 _ Left _ 2",-163.348283644612,275.304219839512,-2481.35156486942,-112.727955982379,321.159074507383,-2510.26766008331
"OPTOTRAK _ C01 _ Left _ 2",-166.60598938033,268.88808862041,-2479.31996063396,-111.274404672301,326.786131532102,-2517.99313918341
"OPTOTRAK _ C01 _ Left _ 2",-169.81464861569,262.929316595627,-2477.05536421006,-111.567271258386,331.999570490248,-2525.88259769789
"OPTOTRAK _ C01 _ Left _ 2",-172.722818388504,257.790511129456,-2474.71215307259,-113.569253840446,336.288845330248,-2533.30924891867
"OPTOTRAK _ C01 _ Left _ 2",-175.164713572245,253.678034557129,-2472.46692805877,-116.947092369154,339.34646536439,-2539.778138713
"OPTOTRAK _ C01 _ Left _ 2",-177.082239915314,250.627640658711,-2470.48983273681,-121.142464599205,341.099803165017,-2545.00205692522
"OPTOTRAK _ C01 _ Left _ 2",-178.513360189096,248.532769979803,-2468.92110032431,-125.483624955525,341.671978445606,-2548.91123795966
"OPTOTRAK _ C01 _ Left _ 2",-179.552852863238,247.201842843172,-2467.85604883482,-129.302011935226,341.295082049294,-2551.5974407664
"OPTOTRAK _ C01 _ Left _ 2",-180.299875159875,246.426088524391,-2467.33933144828,-132.028101226426,340.211652224529,-2553.21544211768
"OPTOTRAK _ C01 _ Left _ 2",-180.809837611182,246.040334043377,-2467.36723621323,-133.257776072863,338.598369572416,-2553.87928766679
"OPTOTRAK _ C01 _ Left _ 2",-181.065661298699,245.963492459355,-2467.89531337966,-132.793006919167,336.532852355721,-2553.59129831614
"OPTOTRAK _ C01 _ Left _ 2",-180.977081692641,246.21124629324,-2468.84792851515,-130.663263432111,334.006767286307,-2552.22924501068
"OPTOTRAK _ C01 _ Left _ 2",-180.408440262866,246.879571261952,-2470.12679286995,-127.128868313893,330.972507637931,-2549.5964341448
"OPTOTRAK _ C01 _ Left _ 2",-179.227165094434,248.103977041251,-2471.61710610033,-122.660481774771,327.40094420448,-2545.51739088079
"OPTOTRAK _ C01 _ Left _ 2",-177.358366912783,250.00527434953,-2473.19216229619,-117.886133518565,323.326644384634,-2539.94467500468
"OPTOTRAK _ C01 _ Left _ 2",-174.82748359246,252.637092961395,-2474.71906096632,-113.50221630906,318.864376334266,-2533.03568433921
"OPTOTRAK _ C01 _ Left _ 2",-171.77487654314,255.951222887526,-2476.0683251749,-110.157083314824,314.19363120589,-2525.16634328198
"OPTOTRAK _ C01 _ Left _ 2",-168.434820502864,259.792386076799,-2477.12828455809,-108.33020066671,309.520877653415,-2516.87160676597
"OPTOTRAK _ C01 _ Left _ 2",-165.084387474404,263.924550439745,-2477.82192855874,-108.237994013118,305.036741385299,-2508.73332058211
"OPTOTRAK _ C01 _ Left _ 2",-161.979802338466,268.079574385588,-2478.12145415563,-109.793075444812,300.884814533114,-2501.25937938714
"OPTOTRAK _ C01 _ Left _ 2",-159.302853009269,272.010797040715,-2478.0554763472,-112.627221283595,297.152341308505,-2494.80064780998
"OPTOTRAK _ C01 _ Left _ 2",-157.135328495283,275.533076045007,-2477.70596969912,-116.168988382628,293.884669559169,-2489.53240109335
"OPTOTRAK _ C01 _ Left _ 2",-155.467906815099,278.537082400086,-2477.19520456596,-119.754193156328,291.117882276079,-2485.49759583609
"OPTOTRAK _ C01 _ Left _ 2",-154.237115161074,280.976175259218,-2476.66555801155,-122.745277565654,288.918452386264,-2482.68580073048
"OPTOTRAK _ C01 _ Left _ 2",-153.374971519132,282.834370414528,-2476.2561447416,-124.640215445714,287.415879139408,-2481.1122851256
"OPTOTRAK _ C01 _ Left _ 2",-152.853025259222,284.090269778458,-2476.07995018166,-125.157347610342,286.81490318142,-2480.86613276852
"OPTOTRAK _ C01 _ Left _ 2",-152.70557935266,284.692667245333,-2476.20451714655,-124.286220227501,287.378224164133,-2482.10991818476
"OPTOTRAK _ C01 _ Left _ 2",-153.024257050795,284.558875091937,-2476.63896530249,-122.296247104224,289.378067467531,-2485.03130092368
"OPTOTRAK _ C01 _ Left _ 2",-153.925405887411,283.598076603519,-2477.33007884819,-119.696874901236,293.024247627931,-2489.76362854822
"OPTOTRAK _ C01 _ Left _ 2",-155.500461337391,281.752092013631,-2478.16958414868,-117.147705823016,298.385296069569,-2496.30323036037
"OPTOTRAK _ C01 _ Left _ 2",-157.764849029751,279.038701959167,-2479.01288838208,-115.326831431834,305.324426049802,-2504.45168074321
"OPTOTRAK _ C01 _ Left _ 2",-160.621657465278,275.581475340384,-2479.70673096016,-114.779555270487,313.470606563279,-2513.80134945768
"OPTOTRAK _ C01 _ Left _ 2",-163.852022050298,271.615686377397,-2480.12063505275,-115.782438035774,322.236369244515,-2523.76639098252
"OPTOTRAK _ C01 _ Left _ 2",-167.136458458164,267.469445601475,-2480.17594290788,-118.261661346077,330.881261186049,-2533.64677381973
"OPTOTRAK _ C01 _ Left _ 2",-170.102921861642,263.527392617595,-2479.86677022123,-121.795291129731,338.608125787831,-2542.70655937701
"OPTOTRAK _ C01 _ Left _ 2",-172.39077492022,260.187228941685,-2479.26869433359,-125.70749247551,344.672675717927,-2550.25049162097
"OPTOTRAK _ C01 _ Left _ 2",-173.716618357442,257.816956181461,-2478.53271534533,-129.235740444788,348.48624682174,-2555.69080721051
"OPTOTRAK _ C01 _ Left _ 2",-173.928151577953,256.71620852946,-2477.86401342337,-131.728261684399,349.695706667662,-2558.60323716923
"OPTOTRAK _ C01 _ Left _ 2",-173.035104086594,257.082201878347,-2477.48765346228,-132.816375705223,348.230595620087,-2558.77374983293
"OPTOTRAK _ C01 _ Left _ 2",-171.21084867626,258.981218351394,-2477.60659095958,-132.510551686452,344.313264756488,-2556.23513371434
"OPTOTRAK _ C01 _ Left _ 2",-168.763742980055,262.329380539839,-2478.36019993504,-131.190399508788,338.431737652293,-2551.28684081052
"OPTOTRAK _ C01 _ Left _ 2",-166.08285421901,266.88936306772,-2479.79273014333,-129.491393339309,331.277527490109,-2544.48590623781
"OPTOTRAK _ C01 _ Left _ 2",-163.567826791282,272.290044720615,-2481.83966640839,-128.123751943218,323.653209613283,-2536.59561074735
"OPTOTRAK _ C01 _ Left _ 2",-161.55644635737,278.072348389183,-2484.3360141882,-127.680027648945,316.358776598758,-2528.48595842398
"OPTOTRAK _ C01 _ Left _ 2",-160.264944179312,283.756972644986,-2487.04523535726,-128.489885399668,310.071929408157,-2520.99642119327
"OPTOTRAK _ C01 _ Left _ 2",-159.754297913218,288.920891349035,-2489.70253671774,-130.561726978185,305.243756684579,-2514.79047159066
"OPTOTRAK _ C01 _ Left _ 2",-159.930351586732,293.2633841134,-2492.06286119855,-133.617520539314,302.034368761002,-2510.24227601556
"OPTOTRAK _ C01 _ Left _ 2",-160.577467551243,296.642620115908,-2493.94303545464,-137.193497116861,300.30898567202,-2507.39052647896
"OPTOTRAK _ C01 _ Left _ 2",-161.417062364037,299.071516916947,-2495.2492158791,-140.761147219988,299.701544400861,-2505.97392202135
"OPTOTRAK _ C01 _ Left _ 2",-162.176584867643,300.674148066349,-2495.98447163255,-143.827460809918,299.733165932467,-2505.53671743597
"OPTOTRAK _ C01 _ Left _ 2",-162.652909741351,301.616397435695,-2496.2358606647,-145.994186433613,299.955160827687,-2505.57224724944
"OPTOTRAK _ C01 _ Left _ 2",-162.75656487246,302.032254063799,-2496.14446042508,-146.979152207808,300.078587072045,-2505.66427419821
"OPTOTRAK _ C01 _ Left _ 2",-162.528338762907,301.967992428542,-2495.86489042056,-146.617405451528,300.056610345383,-2505.59084653842
"OPTOTRAK _ C01 _ Left _ 2",-162.126073547286,301.360959715802,-2495.52288427119,-144.862385633199,300.098534084827,-2505.36885787592
"OPTOTRAK _ C01 _ Left _ 2",-161.785572408495,300.059694522586,-2495.18038688467,-141.799194287853,300.610834354473,-2505.23411548703
"OPTOTRAK _ C01 _ Left _ 2",-161.764623793044,297.880034126052,-2494.81699932876,-137.667634548644,302.077814486554,-2505.5669709002
"OPTOTRAK _ C01 _ Left _ 2",-162.282493486541,294.680445516563,-2494.33369198084,-132.878084016258,304.910413683827,-2506.78478072262
"OPTOTRAK _ C01 _ Left _ 2",-163.468253462809,290.43219837428,-2493.57930861437,-127.995313843697,309.303256583813,-2509.22825269379
"OPTOTRAK _ C01 _ Left _ 2",-165.329512244865,285.259603953113,-2492.39354311558,-123.669985950388,315.142538997879,-2513.06825785401
"OPTOTRAK _ C01 _ Left _ 2",-167.748467428736,279.434671267774,-2490.65454665718,-120.516427959457,321.996099203768,-2518.25277289301
"OPTOTRAK _ C01 _ Left _ 2",-170.505458216646,273.327610664041,-2488.31818808067,-118.962386441474,329.191843398412,-2524.50184619694
"OPTOTRAK _ C01 _ Left _ 2",-173.322857632702,267.33260173928,-2485.43987574872,-119.118446823559,335.959880408375,-2531.3457952311
"OPTOTRAK _ C01 _ Left _ 2",-175.916437140378,261.797728858713,-2482.1760643769,-120.718147277384,341.591527701466,-2538.19275903818
"OPTOTRAK _ C01 _ Left _ 2",-178.03976145726,256.983853522218,-2478.76760633604,-123.160272709357,345.565790245979,-2544.40851336923
"OPTOTRAK _ C01 _ Left _ 2",-179.511039866095,253.062405656343,-2475.50952482052,-125.650474029124,347.611218871847,-2549.39341794151
"OPTOTRAK _ C01 _ Left _ 2",-180.219828449021,250.144871889025,-2472.71240428931,-127.404970764353,347.69865734206,-2552.64651543005
"OPTOTRAK _ C01 _ Left _ 2",-180.119341930433,248.324762786157,-2470.66071964058,-127.858035302488,345.985576668327,-2553.81321518686
"OPTOTRAK _ C01 _ Left _ 2",-179.214868422849,247.709634711375,-2469.57354612963,-126.813953966915,342.745489133446,-2552.71860622072
"OPTOTRAK _ C01 _ Left _ 2",-177.557731262459,248.426048257287,-2469.57293658061,-124.501561244554,338.31242227035,-2549.39058216313
"OPTOTRAK _ C01 _ Left _ 2",-175.248178851089,250.591551564458,-2470.66450802922,-121.517360118341,333.054184085291,-2544.07353008031
"OPTOTRAK _ C01 _ Left _ 2",-172.442753833884,254.261113711818,-2472.733463356,-118.672729522803,327.368379015182,-2537.22552471877
"OPTOTRAK _ C01 _ Left _ 2",-169.356253908389,259.366731192258,-2475.55750972305,-116.785540458646,321.681697219657,-2529.48549566104
"OPTOTRAK _ C01 _ Left _ 2",-166.248444881656,265.674345772223,-2478.83588008246,-116.472368348617,316.431687066918,-2521.5990689046
"OPTOTRAK _ C01 _ Left _ 2",-163.391651211881,272.779216559195,-2482.23089728734,-117.99962794438,312.020788862379,-2514.30588774118
"OPTOTRAK _ C01 _ Left _ 2",-161.024534842469,280.149477169271,-2485.41569921569,-121.235966178455,308.749244086888,-2508.21153543569
"OPTOTRAK _ C01 _ Left _ 2",-159.30519509579,287.211039084108,-2488.11985157523,-125.715266667481,306.748372836121,-2503.68094444141
"OPTOTRAK _ C01 _ Left _ 2",-158.279173696916,293.45121133828,-2490.16455211176,-130.780809369547,305.941439984577,-2500.78685088691
"OPTOTRAK _ C01 _ Left _ 2",-157.873797829036,298.509909611024,-2491.48118437177,-135.754385241532,306.052666898451,-2499.32754472564
"OPTOTRAK _ C01 _ Left _ 2",-157.921608986167,302.230259959619,-2492.11045669261,-140.072681413948,306.668385786048,-2498.90450535163
"OPTOTRAK _ C01 _ Left _ 2",-158.206383929122,304.654042862344,-2492.18320754937,-143.35574115339,307.335734164355,-2499.0342706428
"OPTOTRAK _ C01 _ Left _ 2",-158.519042585807,305.96606323707,-2491.88722497289,-145.404708230213,307.672480416273,-2499.26438117425
"OPTOTRAK _ C01 _ Left _ 2",-158.709096515807,306.40754328452,-2491.42651006009,-146.152475237272,307.460401380018,-2499.26819383551
"OPTOTRAK _ C01 _ Left _ 2",-158.719639083236,306.186648971915,-2490.9801303963,-145.602562920712,306.701440640753,-2498.903095148
"OPTOTRAK _ C01 _ Left _ 2",-158.59860112319,305.413054143999,-2490.66740483623,-143.78814283173,305.625548716355,-2498.22685974813
"OPTOTRAK _ C01 _ Left _ 2",-158.484569571065,304.074805495608,-2490.52511780072,-140.768868666214,304.648413698796,-2497.47494791955
"OPTOTRAK _ C01 _ Left _ 2",-158.570899502257,302.062580800263,-2490.50109052998,-136.664040532734,304.285719043447,-2497.00678229511
"OPTOTRAK _ C01 _ Left _ 2",-159.056485341618,299.23192878305,-2490.4665063149,-131.70281035404,305.038709664638,-2497.23216966507
"OPTOTRAK _ C01 _ Left _ 2",-160.094680581472,295.481809520395,-2490.24622051093,-126.261311253829,307.273542736915,-2498.53076566638
"OPTOTRAK _ C01 _ Left _ 2",-161.752586050427,290.821704212358,-2489.66170092911,-120.856971401911,311.122012528403,-2501.17771300482
"OPTOTRAK _ C01 _ Left _ 2",-163.990565919937,285.403227199247,-2488.57672989316,-116.083504903257,316.429909295877,-2505.28660431816
"OPTOTRAK _ C01 _ Left _ 2",-166.666469841805,279.506050493513,-2486.93437625928,-112.493501041472,322.768528842424,-2510.77663569719
"OPTOTRAK _ C01 _ Left _ 2",-169.56194059669,273.486914163293,-2484.77667581913,-110.460777618507,329.50646685018,-2517.36581959607
"OPTOTRAK _ C01 _ Left _ 2",-172.421830345159,267.71500222403,-2482.24438386907,-110.06985450775,335.920377420302,-2524.58889620153
"OPTOTRAK _ C01 _ Left _ 2",-174.994782805914,262.51931159671,-2479.55951438488,-111.076436689566,341.313768263626,-2531.83801186654
"OPTOTRAK _ C01 _ Left _ 2",-177.06476290194,258.163716743271,-2476.99579500356,-112.961112137262,345.115946538718,-2538.42453967552
"OPTOTRAK _ C01 _ Left _ 2",-178.468791733026,254.850005358087,-2474.84203358025,-115.067237160221,346.945451830343,-2543.65911394645
"OPTOTRAK _ C01 _ Left _ 2",-179.102671897354,252.736341860466,-2473.36259535978,-116.784635348674,346.636544051268,-2546.94324124567
"OPTOTRAK _ C01 _ Left _ 2",-178.92093425556,251.953381788007,-2472.75912187091,-117.723079113084,344.237420544274,-2547.86089897037
"OPTOTRAK _ C01 _ Left _ 2",-177.937500065885,252.603495695739,-2473.13836793063,-117.819893602313,339.991816487919,-2546.25445550785
"OPTOTRAK _ C01 _ Left _ 2",-176.229660354523,254.738049661089,-2474.49174125877,-117.345709977927,334.311696130542,-2542.26809191194
"OPTOTRAK _ C01 _ Left _ 2",-173.942226019025,258.31940723514,-2476.69169708445,-116.805859678215,327.741177224595,-2536.34476036573
"OPTOTRAK _ C01 _ Left _ 2",-171.2845388092,263.183697585336,-2479.50780297746,-116.77052048162,320.906193713048,-2529.16966942453
"OPTOTRAK _ C01 _ Left _ 2",-168.513171218349,269.023674491144,-2482.64116462448,-117.691263499013,314.445414675776,-2521.56421550193
"OPTOTRAK _ C01 _ Left _ 2",-165.898032378061,275.406475006721,-2485.77123997114,-119.765637189415,308.925938527341,-2514.34815813388
"OPTOTRAK _ C01 _ Left _ 2",-163.677123937732,281.829816713034,-2488.60573437379,-122.892580573893,304.757839832213,-2508.20035015444
"OPTOTRAK _ C01 _ Left _ 2",-162.011751783172,287.805736561386,-2490.92359361873,-126.726161634036,302.12873598514,-2503.55227590033
"OPTOTRAK _ C01 _ Left _ 2",-160.956280861054,292.948667102647,-2492.60307026074,-130.797626129813,300.978849429948,-2500.53957159787
"OPTOTRAK _ C01 _ Left _ 2",-160.453148371226,297.039941978098,-2493.63041931107,-134.652791185653,301.027503247262,-2499.01817153305
"OPTOTRAK _ C01 _ Left _ 2",-160.356153341683,300.046854275641,-2494.08893447109,-137.953403965852,301.846639181463,-2498.63315739513
"OPTOTRAK _ C01 _ Left _ 2",-160.476278044554,302.089516900366,-2494.13193645902,-140.513803828578,302.962568833692,-2498.91759355128
"OPTOTRAK _ C01 _ Left _ 2",-160.637747926614,303.366763363807,-2493.94607351934,-142.274324162498,303.960503530864,-2499.39733545762
"OPTOTRAK _ C01 _ Left _ 2",-160.729458144901,304.065836829482,-2493.71219793098,-143.236341555904,304.569153213418,-2499.68301254681
"OPTOTRAK _ C01 _ Left _ 2",-160.738352575505,304.285112456276,-2493.57027331309,-143.393878487642,304.710900678044,-2499.53777840253
"OPTOTRAK _ C01 _ Left _ 2",-160.755944210504,303.994182096964,-2493.59316933355,-142.693453691803,304.511493894846,-2498.91563280403
"OPTOTRAK _ C01 _ Left _ 2",-160.955744721067,303.043795293807,-2493.77282245376,-141.041097077232,304.269338999628,-2497.96882150806
"OPTOTRAK _ C01 _ Left _ 2",-161.546689055822,301.223030658186,-2494.02143560924,-138.357459670288,304.389049402973,-2497.02461990198
"OPTOTRAK _ C01 _ Left _ 2",-162.714279011669,298.346433365973,-2494.18949476254,-134.663109497095,305.288943478856,-2496.53325971415
"OPTOTRAK _ C01 _ Left _ 2",-164.565441471134,294.343296383065,-2494.10006189559,-130.161033351953,307.298639570824,-2496.9912664164
"OPTOTRAK _ C01 _ Left _ 2",-167.093274948841,289.318214901622,-2493.59422787537,-125.277226284806,310.569086278423,-2498.8486229871
"OPTOTRAK _ C01 _ Left _ 2",-170.172837720467,283.559275592107,-2492.57694777075,-120.627927368233,315.019147079139,-2502.41337165931
"OPTOTRAK _ C01 _ Left _ 2",-173.589473974634,277.487750348659,-2491.04924464025,-116.905167401301,320.336148119459,-2507.77166949181
"OPTOTRAK _ C01 _ Left _ 2",-177.089888160872,271.565366349714,-2489.11543969357,-114.705106493228,326.032363671103,-2514.74235072463
"OPTOTRAK _ C01 _ Left _ 2",-180.43800476429,266.19182427873,-2486.96254275368,-114.352469299017,331.540739729063,-2522.88039960444
"OPTOTRAK _ C01 _ Left _ 2",-183.456493919424,261.627807750565,-2484.81897187399,-115.78402275619,336.319867568509,-2531.53258588283
"OPTOTRAK _ C01 _ Left _ 2",-186.041176864288,257.967061634751,-2482.90640218395,-118.53757248602,339.936854908078,-2539.93324366969
"OPTOTRAK _ C01 _ Left _ 2",-188.146296552059,255.162263943802,-2481.39934667596,-121.856714152098,342.108141629523,-2547.31517676358
"OPTOTRAK _ C01 _ Left _ 2",-189.749501184414,253.091519075065,-2480.40247821788,-124.881603158023,342.697274735283,-2553.00750822559
"OPTOTRAK _ C01 _ Left _ 2",-190.812736652975,251.640525574476,-2479.94804617736,-126.869152055454,341.686103962269,-2556.50189360404
"OPTOTRAK _ C01 _ Left _ 2",-191.25686741372,250.771995138953,-2480.00845387507,-127.381098845824,339.143153805804,-2557.48566842483
"OPTOTRAK _ C01 _ Left _ 2",-190.96313482375,250.55884821456,-2480.51527389491,-126.39241042507,335.207061976833,-2555.85443017806
"OPTOTRAK _ C01 _ Left _ 2",-189.804766959954,251.169403792437,-2481.3767871101,-124.295671411957,330.088456218673,-2551.71835115619
"OPTOTRAK _ C01 _ Left _ 2",-187.700144008134,252.807989494994,-2482.49020026859,-121.801440091201,324.079173857678,-2545.40581037003
"OPTOTRAK _ C01 _ Left _ 2",-184.668992045461,255.628963698932,-2483.74937313291,-119.757408946741,317.551019119308,-2537.45330232126
"OPTOTRAK _ C01 _ Left _ 2",-180.869342081391,259.651697726521,-2485.05163194378,-118.92941480915,310.930648523249,-2528.56368181986
"OPTOTRAK _ C01 _ Left _ 2",-176.598020333506,264.705124320092,-2486.30673479491,-119.800414887865,304.650314765934,-2519.52294312366
"OPTOTRAK _ C01 _ Left _ 2",-172.250155028957,270.421877014584,-2487.44784020887,-122.442229092441,299.088666391208,-2511.08650900902
"OPTOTRAK _ C01 _ Left _ 2",-168.248534754081,276.286073066144,-2488.44066772333,-126.494907195355,294.523039886937,-2503.86667480742
"OPTOTRAK _ C01 _ Left _ 2",-164.964838766778,281.720989969342,-2489.28560700273,-131.255033921877,291.110602530298,-2498.25806971004
"OPTOTRAK _ C01 _ Left _ 2",-162.656770640419,286.190479338979,-2490.00965685347,-135.841353492398,288.903100057,-2494.42283755459
"OPTOTRAK _ C01 _ Left _ 2",-161.437450457091,289.286343404994,-2490.64970484925,-139.388365219931,287.885732682604,-2492.33200567891
"OPTOTRAK _ C01 _ Left _ 2",-161.28036234424,290.782921901448,-2491.23309183028,-141.220749659027,288.021299906637,-2491.83960982898
"OPTOTRAK _ C01 _ Left _ 2",-162.051260662621,290.653816972277,-2491.76325230648,-140.976762305853,289.279783322009,-2492.75950382225
"OPTOTRAK _ C01 _ Left _ 2",-163.552597115765,289.056446665872,-2492.21668642196,-138.66593060884,291.641151872616,-2494.92027061567
"OPTOTRAK _ C01 _ Left _ 2",-165.567065840406,286.294026194384,-2492.55322756399,-134.658632654545,295.072156019631,-2498.1864915212
"OPTOTRAK _ C01 _ Left _ 2",-167.89203148722,282.763183019511,-2492.73605966756,-129.612787687437,299.490400881438,-2502.44934878457
"OPTOTRAK _ C01 _ Left _ 2",-170.36202943327,278.893311464771,-2492.75346401611,-124.350139477693,304.735102747794,-2507.60047617357
"OPTOTRAK _ C01 _ Left _ 2",-172.859657577313,275.084282230277,-2492.63307088697,-119.703644072532,310.560733447667,-2513.50606879417
"OPTOTRAK _ C01 _ Left _ 2",-175.31587560497,271.651667070054,-2492.44222899347,-116.365529109135,316.658984080078,-2519.99329469605
"OPTOTRAK _ C01 _ Left _ 2",-177.70057943269,268.789946049908,-2492.27362604493,-114.767407158429,322.701450436631,-2526.85172109372
"OPTOTRAK _ C01 _ Left _ 2",-180.004946794268,266.561729765814,-2492.22093766868,-115.016611509358,328.386241845014,-2533.84402009536
"OPTOTRAK _ C01 _ Left _ 2",-182.218802124532,264.91517108265,-2492.35278249257,-116.898869111819,333.470348179998,-2540.71650983929
"OPTOTRAK _ C01 _ Left _ 2",-184.308192598596,263.724800798729,-2492.69353245317,-119.941904869516,337.776344555775,-2547.20208910144
"OPTOTRAK _ C01 _ Left _ 2",-186.199242738114,262.845471564372,-2493.21683408703,-123.522572937919,341.173596128809,-2553.01424572814
"OPTOTRAK _ C01 _ Left _ 2",-187.773491669447,262.16639542396,-2493.85333803089,-126.993997971531,343.545511932007,-2557.83813908574
"OPTOTRAK _ C01 _ Left _ 2",-188.877494640201,261.652672327164,-2494.50977241653,-129.808632986452,344.761061822978,-2561.33015484714
"OPTOTRAK _ C01 _ Left _ 2",-189.346196489137,261.364652825188,-2495.09342620988,-131.616232806807,344.668262379421,-2563.13820723309
"OPTOTRAK _ C01 _ Left _ 2",-189.036233200705,261.45012268001,-2495.53491486537,-132.320600999788,343.119741885036,-2562.9499490038
"OPTOTRAK _ C01 _ Left _ 2",-187.862500827689,262.109943578327,-2495.80282504207,-132.084811257751,340.028082857904,-2560.5654020688
"OPTOTRAK _ C01 _ Left _ 2",-185.82955259977,263.543844936991,-2495.90628358446,-131.282070415558,335.435205657899,-2555.97736811397
"OPTOTRAK _ C01 _ Left _ 2",-183.049164427975,265.888718372629,-2495.88525238215,-130.399608512786,329.5702411163,-2549.43260232403
"OPTOTRAK _ C01 _ Left _ 2",-179.737250927998,269.16564302209,-2495.79251136102,-129.915639588185,322.868635668654,-2541.44502674952
"OPTOTRAK _ C01 _ Left _ 2",-176.187447388313,273.252098131491,-2495.67438658877,-130.180983772382,315.934163051149,-2532.74297780711
"OPTOTRAK _ C01 _ Left _ 2",-172.724654390816,277.890775903096,-2495.55780081631,-131.340726216618,309.443632349813,-2524.154131718
"OPTOTRAK _ C01 _ Left _ 2",-169.648247854013,282.735996408885,-2495.44855714086,-133.321115936717,304.015477146863,-2516.4560741056
"OPTOTRAK _ C01 _ Left _ 2",-167.179199180841,287.425532559057,-2495.34082505265,-135.882996952881,300.079602435397,-2510.2354555591
"OPTOTRAK _ C01 _ Left _ 2",-165.425696093207,291.654947733475,-2495.23279007631,-138.715530807155,297.789174668358,-2505.79605648071
"OPTOTRAK _ C01 _ Left _ 2",-164.377030412603,295.229141054072,-2495.14075565321,-141.528263407423,297.00244248915,-2503.13756055795
"OPTOTRAK _ C01 _ Left _ 2",-163.926971708687,298.074114007411,-2495.10482924251,-144.105113038754,297.338813570965,-2502.00257078166
"OPTOTRAK _ C01 _ Left _ 2",-163.918953029386,300.207533163082,-2495.18293290415,-146.306195694473,298.289373485553,-2501.97053297279
"OPTOTRAK _ C01 _ Left _ 2",-164.199477404152,301.682101649226,-2495.43426822272,-148.028742521289,299.3483285343,-2502.56951553016
"OPTOTRAK _ C01 _ Left _ 2",-164.664743209263,302.524747093489,-2495.89679816201,-149.15471971476,300.131454116571,-2503.37947473509
"OPTOTRAK _ C01 _ Left _ 2",-165.288209782193,302.694901290457,-2496.56512448917,-149.51596899888,300.456199887865,-2504.10917691808
"OPTOTRAK _ C01 _ Left _ 2",-166.122364475186,302.077871671006,-2497.37546817064,-148.899447106165,300.369723672549,-2504.63849979218
"OPTOTRAK _ C01 _ Left _ 2",-167.274845379877,300.517326612408,-2498.20353282271,-147.09933336303,300.122451327531,-2505.02534692925
"OPTOTRAK _ C01 _ Left _ 2",-168.865906098964,297.877591827089,-2498.87876813673,-144.003942072506,300.095061335476,-2505.48100607441
"OPTOTRAK _ C01 _ Left _ 2",-170.979520708419,294.115248354382,-2499.21465505281,-139.688662961684,300.696035102925,-2506.32010638075
"OPTOTRAK _ C01 _ Left _ 2",-173.622758179511,289.333919049114,-2499.04931778214,-134.477225911498,302.25400190551,-2507.89273468984
"OPTOTRAK _ C01 _ Left _ 2",-176.706302061024,283.799235245804,-2498.28567928676,-128.937531256529,304.931404503345,-2510.50804146538
"OPTOTRAK _ C01 _ Left _ 2",-180.052995458373,277.903741713848,-2496.91843864137,-123.796793938004,308.680839129615,-2514.36107406717
"OPTOTRAK _ C01 _ Left _ 2",-183.432412403268,272.090162849262,-2495.03851960838,-119.789022522689,313.252938400054,-2519.47629942869
"OPTOTRAK _ C01 _ Left _ 2",-186.610585195044,266.757757106347,-2492.81346738874,-117.474966365901,318.249238925358,-2525.68009936982
"OPTOTRAK _ C01 _ Left _ 2",-189.398554408012,262.182639342664,-2490.4508912043,-117.088940560826,323.201291879885,-2532.60906229296
"OPTOTRAK _ C01 _ Left _ 2",-191.683649467619,258.476980148375,-2488.15753484169,-118.462299526299,327.652379416513,-2539.75213169354
"OPTOTRAK _ C01 _ Left _ 2",-193.433475369419,255.597925953693,-2486.10685803408,-121.051488070027,331.221099575998,-2546.51593535694
"OPTOTRAK _ C01 _ Left _ 2",-194.67241384126,253.400992726279,-2484.42333717222,-124.06714770699,333.635044448588,-2552.29778871589
"OPTOTRAK _ C01 _ Left _ 2",-195.440518602405,251.719550759084,-2483.18410283424,-126.67021785111,334.734878060853,-2556.5520777416
"OPTOTRAK _ C01 _ Left _ 2",-195.751241893222,250.445025457095,-2482.43133643322,-128.181619654439,334.460048579037,-2558.84224600938
"OPTOTRAK _ C01 _ Left _ 2",-195.565033476278,249.582944420849,-2482.18527446589,-128.249954691643,332.832298165905,-2558.87896857345
"OPTOTRAK _ C01 _ Left _ 2",-194.790347465916,249.267356316923,-2482.44914862662,-126.935452492333,329.949426592982,-2556.55017828373
"OPTOTRAK _ C01 _ Left _ 2",-193.313861330635,249.728240588436,-2483.20294311865,-124.691225853451,325.991422741466,-2551.94640754486
"OPTOTRAK _ C01 _ Left _ 2",-191.05079811914,251.220300845862,-2484.38985073799,-122.247518139977,321.229753740089,-2545.37610577716
"OPTOTRAK _ C01 _ Left _ 2",-187.997697342272,253.933544412287,-2485.90457850701,-120.426995153238,316.024172082177,-2537.35646887714
"OPTOTRAK _ C01 _ Left _ 2",-184.267262281556,257.912656741367,-2487.59344372244,-119.936695482202,310.793425073498,-2528.56417159036
"OPTOTRAK _ C01 _ Left _ 2",-180.09005798445,263.010539952661,-2489.27153269854,-121.190779637912,305.95680505197,-2519.74183451062
"OPTOTRAK _ C01 _ Left _ 2",-175.779726085867,268.891145385403,-2490.75410556245,-124.212018717129,301.858440343313,-2511.57651373015
"OPTOTRAK _ C01 _ Left _ 2",-171.672407751779,275.080906998528,-2491.89235887738,-128.636548749577,298.698448562857,-2504.58439152616
"OPTOTRAK _ C01 _ Left _ 2",-168.061137185275,281.052166755438,-2492.60146606413,-133.812017182368,296.498142732248,-2499.03892605718
"OPTOTRAK _ C01 _ Left _ 2",-165.147582905534,286.312012549357,-2492.87205553852,-138.94892252674,295.117898712777,-2494.96505720081
"OPTOTRAK _ C01 _ Left _ 2",-163.025945062852,290.470278617238,-2492.76246184843,-143.274187836894,294.328094995744,-2492.19817799858
"OPTOTRAK _ C01 _ Left _ 2",-161.700502924127,293.271300012572,-2492.37513359415,-146.149170383715,293.9121129938,-2490.48545059952
"OPTOTRAK _ C01 _ Left _ 2",-161.125216896408,294.59027112794,-2491.82468980575,-147.140598528046,293.765182257807,-2489.59602025849
"OPTOTRAK _ C01 _ Left _ 2",-161.246416294065,294.408721224202,-2491.20676590673,-146.054870940654,293.951628771012,-2489.40724897144
"OPTOTRAK _ C01 _ Left _ 2",-162.030428535756,292.788524457103,-2490.57608591237,-142.952561623286,294.696791846845,-2489.94411500553
"OPTOTRAK _ C01 _ Left _ 2",-163.465946047193,289.858718335443,-2489.93942784669,-138.151434765023,296.312729770634,-2491.36419096707
"OPTOTRAK _ C01 _ Left _ 2",-165.542434410503,285.817491444191,-2489.26474434773,-132.21156297702,299.080437374198,-2493.89610688587
"OPTOTRAK _ C01 _ Left _ 2",-168.216408978049,280.939159414411,-2488.50255257872,-125.88621479991,303.127764294386,-2497.75094927512
"OPTOTRAK _ C01 _ Left _ 2",-171.382719194296,275.569747592355,-2487.61154828039,-120.025279654348,308.345470690289,-2503.03145058811
"OPTOTRAK _ C01 _ Left _ 2",-174.865681796347,270.099317856233,-2486.57933989087,-115.435319515106,314.371585760928,-2509.66297074641
"OPTOTRAK _ C01 _ Left _ 2",-178.435946086631,264.912298234487,-2485.43208283024,-112.72379859566,320.65044494166,-2517.36435375564
"OPTOTRAK _ C01 _ Left _ 2",-181.847772237294,260.330345325769,-2484.23192336512,-112.171004996636,326.547317476129,-2525.66731446682
"OPTOTRAK _ C01 _ Left _ 2",-184.883475690944,256.567111352128,-2483.06536664913,-113.671313130187,331.482926977024,-2533.98166527504
"OPTOTRAK _ C01 _ Left _ 2",-187.390351825924,253.708681032978,-2482.02700735011,-116.765548502149,335.049565665553,-2541.69243585953
"OPTOTRAK _ C01 _ Left _ 2",-189.299849046262,251.722352032079,-2481.20217076381,-120.75724326277,337.08006162384,-2548.26644537113
"OPTOTRAK _ C01 _ Left _ 2",-190.626038551496,250.486650659072,-2480.65097247146,-124.879257463198,337.656997174234,-2553.34280186945
"OPTOTRAK _ C01 _ Left _ 2",-191.447244955816,249.830876303488,-2480.39630262134,-128.462829645901,337.066726314304,-2556.78553664633
"OPTOTRAK _ C01 _ Left _ 2",-191.878808627668,249.573098716744,-2480.41864048301,-131.063163593876,335.716427374526,-2558.68663787906
"OPTOTRAK _ C01 _ Left _ 2",-192.045523038569,249.549285656397,-2480.6599536996,-132.512973232118,334.039226213265,-2559.32158066193
"OPTOTRAK _ C01 _ Left _ 2",-192.059989672884,249.630695596802,-2481.03657950838,-132.900799651838,332.411104357518,-2559.07258404698
