"fileName","thumb_y","thumb_x","thumb_z","finger_y","finger_x","finger_z"
"OPTOTRAK _ P83 _ Right _ 4",113.606217200933,-199.566741133197,-2426.90396338386,158.967062099103,-131.19801970636,-2457.66207805118
"OPTOTRAK _ P83 _ Right _ 4",113.604441539573,-199.574656166192,-2426.90489655828,158.972074446333,-131.200053596551,-2457.66210545106
"OPTOTRAK _ P83 _ Right _ 4",113.610954494355,-199.579708702325,-2426.90813405097,158.986833212936,-131.199988638185,-2457.66347435344
"OPTOTRAK _ P83 _ Right _ 4",113.628156136247,-199.579716590926,-2426.91384792338,159.013341049152,-131.196313540405,-2457.66608299728
"OPTOTRAK _ P83 _ Right _ 4",113.657030810402,-199.572837107279,-2426.92160750494,159.052077696344,-131.187595343532,-2457.66937672793
"OPTOTRAK _ P83 _ Right _ 4",113.69670156875,-199.557904474135,-2426.93028117963,159.101633997037,-131.172727968931,-2457.67233213642
"OPTOTRAK _ P83 _ Right _ 4",113.744366416435,-199.534629975943,-2426.93809342298,159.158726091936,-131.151100862038,-2457.67352635394
"OPTOTRAK _ P83 _ Right _ 4",113.79566188103,-199.503638297212,-2426.9428552149,159.218607325637,-131.12265401589,-2457.67128270558
"OPTOTRAK _ P83 _ Right _ 4",113.845399410632,-199.4663480064,-2426.94233147401,159.275796146559,-131.087845805694,-2457.66388834814
"OPTOTRAK _ P83 _ Right _ 4",113.888532679215,-199.424726014798,-2426.93466001559,159.324975313719,-131.047597691839,-2457.64987944852
"OPTOTRAK _ P83 _ Right _ 4",113.921150381108,-199.380969845953,-2426.91872264072,159.361891338039,-131.00327451453,-2457.62837170488
"OPTOTRAK _ P83 _ Right _ 4",113.941263474138,-199.337198322673,-2426.89439840544,159.384077721851,-130.956719817214,-2457.59938411403
"OPTOTRAK _ P83 _ Right _ 4",113.949180623245,-199.295243134952,-2426.86267266581,159.391231488386,-130.91032217601,-2457.56408205384
"OPTOTRAK _ P83 _ Right _ 4",113.947344181732,-199.25661233423,-2426.82559699759,159.385103509335,-130.867065656048,-2457.52487033657
"OPTOTRAK _ P83 _ Right _ 4",113.93962383403,-199.222640572553,-2426.78609653895,159.368854105604,-130.830513768165,-2457.48529577473
"OPTOTRAK _ P83 _ Right _ 4",113.930215272595,-199.194765856426,-2426.74763294961,159.345987970515,-130.804676421134,-2457.44975270569
"OPTOTRAK _ P83 _ Right _ 4",113.922425108385,-199.174805733337,-2426.71376513245,159.319158418251,-130.793714331294,-2457.4230115866
"OPTOTRAK _ P83 _ Right _ 4",113.917683208091,-199.1650817891,-2426.6876903372,159.289218331758,-130.801463692651,-2457.4096145097
"OPTOTRAK _ P83 _ Right _ 4",113.91507130766,-199.168283966669,-2426.67186983427,159.254833486293,-130.830821762,-2457.4132073973
"OPTOTRAK _ P83 _ Right _ 4",113.91150381358,-199.187059708209,-2426.66782002379,159.212789081526,-130.883099883687,-2457.4359029335
"OPTOTRAK _ P83 _ Right _ 4",113.902498760438,-199.22340805495,-2426.67607377747,159.158892276865,-130.957494386519,-2457.47778398391
"OPTOTRAK _ P83 _ Right _ 4",113.8833049717,-199.278017734109,-2426.69622612438,159.089187999833,-131.050829900882,-2457.53665534398
"OPTOTRAK _ P83 _ Right _ 4",113.850066825176,-199.349709445869,-2426.72694538023,159.00113124083,-131.157688178774,-2457.6081247092
"OPTOTRAK _ P83 _ Right _ 4",113.800740345652,-199.435138241442,-2426.76589963922,158.89442682547,-131.270952442571,-2457.68604772374
"OPTOTRAK _ P83 _ Right _ 4",113.735603464799,-199.528878933147,-2426.80968258758,158.771416948471,-131.382693511361,-2457.76331956611
"OPTOTRAK _ P83 _ Right _ 4",113.65735940293,-199.623944097763,-2426.85392207773,158.637062719957,-131.485233814486,-2457.83293363279
"OPTOTRAK _ P83 _ Right _ 4",113.570931197675,-199.712675522683,-2426.89373250229,158.4986332514,-131.572176405675,-2457.88914291358
"OPTOTRAK _ P83 _ Right _ 4",113.483045786784,-199.787836420134,-2426.92452034597,158.365173978206,-131.639188666573,-2457.92846839433
"OPTOTRAK _ P83 _ Right _ 4",113.401638007247,-199.843657412306,-2426.94295070377,158.246745001106,-131.684385044257,-2457.95026542672
"OPTOTRAK _ P83 _ Right _ 4",113.3350439682,-199.876592084823,-2426.94774516147,158.15338543583,-131.708249987411,-2457.95664357558
"OPTOTRAK _ P83 _ Right _ 4",113.290962286146,-199.885627497969,-2426.9399917658,158.09381540125,-131.713153996741,-2457.95172641357
"OPTOTRAK _ P83 _ Right _ 4",113.275250457944,-199.872136621573,-2426.9228131682,158.074015318581,-131.702608104256,-2457.94045357335
"OPTOTRAK _ P83 _ Right _ 4",113.290750095773,-199.839385382435,-2426.90048015253,158.095953990252,-131.68045223077,-2457.92727791564
"OPTOTRAK _ P83 _ Right _ 4",113.336428807984,-199.791863492687,-2426.87725579976,158.156793820564,-131.650172436887,-2457.91514028792
"OPTOTRAK _ P83 _ Right _ 4",113.407120633309,-199.734598220679,-2426.85633179424,158.248838784118,-131.614492597542,-2457.90499994691
"OPTOTRAK _ P83 _ Right _ 4",113.494017672462,-199.672575324819,-2426.83916864663,158.360320672718,-131.575301670286,-2457.89599853568
"OPTOTRAK _ P83 _ Right _ 4",113.585861429097,-199.610355943305,-2426.82541446953,158.476908797774,-131.533885902729,-2457.88612786738
"OPTOTRAK _ P83 _ Right _ 4",113.670594286061,-199.551931878093,-2426.81339804352,158.583663605801,-131.491363060084,-2457.873148314
"OPTOTRAK _ P83 _ Right _ 4",113.737128460068,-199.500795958982,-2426.80102212251,158.667083960817,-131.449176373728,-2457.85549845676
"OPTOTRAK _ P83 _ Right _ 4",113.776888797383,-199.460138030189,-2426.78677692782,158.716909416404,-131.409501088842,-2457.83300989031
"OPTOTRAK _ P83 _ Right _ 4",113.784868086604,-199.433036517557,-2426.77058138818,158.727395977531,-131.375442942844,-2457.80732721848
"OPTOTRAK _ P83 _ Right _ 4",113.760063563565,-199.422512011553,-2426.75422501746,158.697869773089,-131.350956489838,-2457.7819864368
"OPTOTRAK _ P83 _ Right _ 4",113.70529694767,-199.431347883097,-2426.74128865205,158.632483425646,-131.340467200626,-2457.76212076462
"OPTOTRAK _ P83 _ Right _ 4",113.626521100728,-199.461664752803,-2426.7365427557,158.539249733576,-131.348235465248,-2457.75377557349
"OPTOTRAK _ P83 _ Right _ 4",113.531773342381,-199.514338730796,-2426.74494248613,158.428568743145,-131.377556461655,-2457.76287132018
"OPTOTRAK _ P83 _ Right _ 4",113.429959242628,-199.588434978295,-2426.77043768611,158.311547895199,-131.42994810858,-2457.79396658653
"OPTOTRAK _ P83 _ Right _ 4",113.3296523061,-199.680858727737,-2426.81487634131,158.198418390185,-131.504519001727,-2457.84908555161
"OPTOTRAK _ P83 _ Right _ 4",113.238076847015,-199.786399742448,-2426.87729233968,158.0972887081,-131.59769964454,-2457.92690809828
"OPTOTRAK _ P83 _ Right _ 4",113.160404688071,-199.898258795254,-2426.95380804768,158.013381590359,-131.703455398585,-2458.0225551723
"OPTOTRAK _ P83 _ Right _ 4",113.099444670824,-200.008997703873,-2427.03822671838,157.94880741533,-131.813995639489,-2458.12807543719
"OPTOTRAK _ P83 _ Right _ 4",113.055741237037,-200.11169258875,-2427.12317839948,157.902852192296,-131.920875184663,-2458.23359347298
"OPTOTRAK _ P83 _ Right _ 4",113.028029383306,-200.200976791982,-2427.20151617055,157.872694552292,-132.016277055293,-2458.32893348865
"OPTOTRAK _ P83 _ Right _ 4",113.01392456261,-200.273693335569,-2427.26761265605,157.854398116738,-132.094200373423,-2458.40540093358
"OPTOTRAK _ P83 _ Right _ 4",113.010667199255,-200.329019140496,-2427.3182694338,157.843958796945,-132.151281824557,-2458.45732042604
"OPTOTRAK _ P83 _ Right _ 4",113.015712964047,-200.368099090418,-2427.35306268106,157.838148650437,-132.187065455338,-2458.48294097905
"OPTOTRAK _ P83 _ Right _ 4",113.026991356367,-200.393362810086,-2427.37406579474,157.834921299948,-132.203686032398,-2458.48446152378
"OPTOTRAK _ P83 _ Right _ 4",113.042758658783,-200.407754764844,-2427.38501239493,157.833249313964,-132.205096470254,-2458.46717524187
"OPTOTRAK _ P83 _ Right _ 4",113.061118270732,-200.414090495192,-2427.39009428358,157.832442274733,-132.196089778716,-2458.43799397483
"OPTOTRAK _ P83 _ Right _ 4",113.079413078247,-200.414683259889,-2427.39270673592,157.831190304677,-132.181401653314,-2458.40379653337
"OPTOTRAK _ P83 _ Right _ 4",113.093756611813,-200.411298965898,-2427.39451324699,157.82670446907,-132.165126547237,-2458.37008276741
"OPTOTRAK _ P83 _ Right _ 4",113.098939292632,-200.405414226627,-2427.39515227593,157.814315545838,-132.150558774875,-2458.34029346989
"OPTOTRAK _ P83 _ Right _ 4",113.088834051966,-200.398677984569,-2427.39272622325,157.787743919013,-132.140420396844,-2458.31591873102
"OPTOTRAK _ P83 _ Right _ 4",113.057265028981,-200.393419254032,-2427.38494472216,157.740025612688,-132.137311730162,-2458.2972597163
"OPTOTRAK _ P83 _ Right _ 4",112.999143501107,-200.393017606119,-2427.37054690978,157.664861056841,-132.144159841758,-2458.28452286524
"OPTOTRAK _ P83 _ Right _ 4",112.911576869913,-200.401966536777,-2427.3505011895,157.558027185374,-132.164449956435,-2458.27884569464
"OPTOTRAK _ P83 _ Right _ 4",112.794661901831,-200.425512728876,-2427.32852615938,157.41850068849,-132.202083305811,-2458.2828721998
"OPTOTRAK _ P83 _ Right _ 4",112.65177641397,-200.468849346875,-2427.31068680753,157.249052019581,-132.260799967922,-2458.30061101332
"OPTOTRAK _ P83 _ Right _ 4",112.489330830902,-200.535973669735,-2427.30412785302,157.056212536757,-132.343234576331,-2458.3365194484
"OPTOTRAK _ P83 _ Right _ 4",112.31606354533,-200.628456231689,-2427.31529197525,156.849633962623,-132.449815322392,-2458.39401849005
"OPTOTRAK _ P83 _ Right _ 4",112.142020025258,-200.744456134149,-2427.34812450851,156.640939543824,-132.577824472537,-2458.4738707178
"OPTOTRAK _ P83 _ Right _ 4",111.97735893491,-200.878308461391,-2427.40275450091,156.442227474858,-132.720961449141,-2458.57295657811
"OPTOTRAK _ P83 _ Right _ 4",111.8311301266,-201.020892862271,-2427.47500838796,156.264449415767,-132.869658768254,-2458.68391407678
"OPTOTRAK _ P83 _ Right _ 4",111.710198883166,-201.160796552301,-2427.55691594361,156.115950990809,-133.012205763934,-2458.79587329459
"OPTOTRAK _ P83 _ Right _ 4",111.61851873887,-201.286067497569,-2427.63814092693,156.001488185286,-133.136493755893,-2458.8961968442
"OPTOTRAK _ P83 _ Right _ 4",111.556922288404,-201.386182191185,-2427.70803637579,155.921963135957,-133.232000529104,-2458.97284048395
"OPTOTRAK _ P83 _ Right _ 4",111.523482064772,-201.453785115638,-2427.75784027596,155.874936490674,-133.291554655852,-2459.01676228915
"OPTOTRAK _ P83 _ Right _ 4",111.514330110067,-201.485816554776,-2427.78246294318,155.855733109295,-133.312478391086,-2459.02377514524
"OPTOTRAK _ P83 _ Right _ 4",111.524683193863,-201.483807410368,-2427.78141345277,155.858769384082,-133.296870604696,-2458.99536175256
"OPTOTRAK _ P83 _ Right _ 4",111.549759268678,-201.453327582672,-2427.75864508349,155.878676767788,-133.251006358708,-2458.93823210093
"OPTOTRAK _ P83 _ Right _ 4",111.585321426953,-201.402768149576,-2427.72139564907,155.910897536276,-133.184039780532,-2458.8627432307
"OPTOTRAK _ P83 _ Right _ 4",111.627739780578,-201.341770680983,-2427.67836957899,155.951642280039,-133.106347353266,-2458.78062334973
"OPTOTRAK _ P83 _ Right _ 4",111.673661011844,-201.279662731754,-2427.63777474487,155.997342232351,-133.027901133773,-2458.70263355084
"OPTOTRAK _ P83 _ Right _ 4",111.71953229863,-201.224214166457,-2427.60573783791,156.043918356058,-132.957006490016,-2458.63678332852
"OPTOTRAK _ P83 _ Right _ 4",111.761274579268,-201.180913336907,-2427.5854773799,156.086265219994,-132.899600423611,-2458.58749991366
"OPTOTRAK _ P83 _ Right _ 4",111.794331761538,-201.152805486434,-2427.57736123537,156.118290093072,-132.859131756916,-2458.55582843402
"OPTOTRAK _ P83 _ Right _ 4",111.814175956608,-201.14077944232,-2427.57969366607,156.133664410602,-132.83688763262,-2458.54042680413
"OPTOTRAK _ P83 _ Right _ 4",111.817173519236,-201.144086308626,-2427.58985828008,156.127173706662,-132.832536921714,-2458.53890466607
"OPTOTRAK _ P83 _ Right _ 4",111.801560812084,-201.160866378521,-2427.60536935538,156.096276588339,-132.844653686445,-2458.54899286532
"OPTOTRAK _ P83 _ Right _ 4",111.768194741311,-201.188540898655,-2427.62448023892,156.042319730782,-132.871057008368,-2458.56913863454
"OPTOTRAK _ P83 _ Right _ 4",111.720776540836,-201.224039879911,-2427.64621254964,155.970896564443,-132.908923387287,-2458.59837150605
"OPTOTRAK _ P83 _ Right _ 4",111.665406156377,-201.263925910083,-2427.6699116606,155.891096781321,-132.95474507814,-2458.63558921828
"OPTOTRAK _ P83 _ Right _ 4",111.609558552137,-201.30450704739,-2427.69461671781,155.813790146973,-133.004279335668,-2458.67865715997
"OPTOTRAK _ P83 _ Right _ 4",111.560783200934,-201.3420139107,-2427.71859569773,155.749459788122,-133.052642053215,-2458.72380366702
"OPTOTRAK _ P83 _ Right _ 4",111.525512859286,-201.372870614928,-2427.73931215506,155.706270650796,-133.094651068901,-2458.76568743585
"OPTOTRAK _ P83 _ Right _ 4",111.508285210373,-201.394042723467,-2427.753892904,155.688935950668,-133.125436634073,-2458.79824764317
"OPTOTRAK _ P83 _ Right _ 4",111.511475913961,-201.403416121547,-2427.75994408581,155.698583534843,-133.141232567893,-2458.81612415613
"OPTOTRAK _ P83 _ Right _ 4",111.535419233999,-201.400152035525,-2427.7564159256,155.733402749858,-133.140172456161,-2458.81618523506
"OPTOTRAK _ P83 _ Right _ 4",111.57866010629,-201.384963591991,-2427.74419403025,155.789573447878,-133.122873593552,-2458.79862717408
"OPTOTRAK _ P83 _ Right _ 4",111.638096815521,-201.360253607315,-2427.7261825138,155.861963395542,-133.092617911123,-2458.76724378607
"OPTOTRAK _ P83 _ Right _ 4",111.708919761659,-201.330044796195,-2427.70679904943,155.944313506592,-133.055030949459,-2458.72874604888
"OPTOTRAK _ P83 _ Right _ 4",111.7844484846,-201.299646877539,-2427.69098828961,156.0289821673,-133.01728948348,-2458.69133039702
"OPTOTRAK _ P83 _ Right _ 4",111.856112852104,-201.275058892931,-2427.68303452884,156.106617428796,-132.987013820904,-2458.66292946602
"OPTOTRAK _ P83 _ Right _ 4",111.913840805089,-201.262185950244,-2427.68554704012,156.166229399447,-132.971083435467,-2458.64965208426
"OPTOTRAK _ P83 _ Right _ 4",111.946992593025,-201.266021153867,-2427.69894382107,156.195996071324,-132.974634678283,-2458.65482037337
"OPTOTRAK _ P83 _ Right _ 4",111.945773483229,-201.289973016816,-2427.72158202261,156.184820279461,-133.000455983716,-2458.67879952186
"OPTOTRAK _ P83 _ Right _ 4",111.902855644712,-201.335488941693,-2427.75045617543,156.124314738006,-133.048895271683,-2458.71957422999
"OPTOTRAK _ P83 _ Right _ 4",111.814830401955,-201.402039053755,-2427.78220659793,156.010682714907,-133.118250408108,-2458.77382211998
"OPTOTRAK _ P83 _ Right _ 4",111.683132477293,-201.487411961282,-2427.81411251081,155.845963862041,-133.205466374177,-2458.83811242933
"OPTOTRAK _ P83 _ Right _ 4",111.514209815483,-201.588183921227,-2427.8447890199,155.638301531942,-133.306873547391,-2458.90984504164
"OPTOTRAK _ P83 _ Right _ 4",111.318900578315,-201.700192083852,-2427.87442019743,155.401163307537,-133.418713650201,-2458.98764321894
"OPTOTRAK _ P83 _ Right _ 4",111.111159696325,-201.818872649632,-2427.90449204297,155.151708654526,-133.537305696343,-2459.07109710445
"OPTOTRAK _ P83 _ Right _ 4",110.906402985855,-201.939393471612,-2427.93711069978,154.90867890956,-133.658853395469,-2459.15997380248
"OPTOTRAK _ P83 _ Right _ 4",110.719784087877,-202.056596140048,-2427.97409009271,154.690252109875,-133.779029700701,-2459.25319267921
"OPTOTRAK _ P83 _ Right _ 4",110.564689532937,-202.164845946894,-2428.01605004628,154.512249999383,-133.892553863452,-2459.34794020909
"OPTOTRAK _ P83 _ Right _ 4",110.451649296711,-202.257941111038,-2428.0617585598,154.386929499208,-133.992986571239,-2459.43924104853
"OPTOTRAK _ P83 _ Right _ 4",110.38774282495,-202.329228255311,-2428.10788427683,154.322397354055,-134.072911086735,-2459.52014933141
"OPTOTRAK _ P83 _ Right _ 4",110.376468070192,-202.372007948743,-2428.14923184584,154.322536276965,-134.124553302523,-2459.58254100326
"OPTOTRAK _ P83 _ Right _ 4",110.417969541763,-202.380216890014,-2428.17944263724,154.387281238627,-134.140747838334,-2459.61832510735
"OPTOTRAK _ P83 _ Right _ 4",110.509507930055,-202.349274418309,-2428.19205755182,154.513126263226,-134.116033288593,-2459.62078950197
"OPTOTRAK _ P83 _ Right _ 4",110.646079993775,-202.276910794951,-2428.18175376637,154.693805580061,-134.047614343353,-2459.58578616848
"OPTOTRAK _ P83 _ Right _ 4",110.821126934019,-202.163776565134,-2428.14550198889,154.921114759416,-133.935977337832,-2459.51253700549
"OPTOTRAK _ P83 _ Right _ 4",111.027279577054,-202.013672238324,-2428.08338068786,155.18581255549,-133.785051802807,-2459.40395351584
"OPTOTRAK _ P83 _ Right _ 4",111.257075658581,-201.833320837005,-2427.99884945852,155.478506092601,-133.601921288743,-2459.26646327587
"OPTOTRAK _ P83 _ Right _ 4",111.503559461232,-201.63170847039,-2427.89840753556,155.790399563007,-133.396167619484,-2459.10940289237
"OPTOTRAK _ P83 _ Right _ 4",111.760665406203,-201.419115189479,-2427.79070187602,156.113794684304,-133.178970880986,-2458.94407172547
"OPTOTRAK _ P83 _ Right _ 4",112.023324971307,-201.206023441621,-2427.68526507191,156.442277184736,-132.962087851841,-2458.78255435225
"OPTOTRAK _ P83 _ Right _ 4",112.287318019583,-201.002100962701,-2427.59113551873,156.77060353813,-132.756812818103,-2458.63643582172
"OPTOTRAK _ P83 _ Right _ 4",112.548973826419,-200.815405963481,-2427.51562442596,157.094393709531,-132.573005489487,-2458.5155648025
"OPTOTRAK _ P83 _ Right _ 4",112.804868431298,-200.651882838859,-2427.46344116295,157.409797829519,-132.418260510836,-2458.42704140626
"OPTOTRAK _ P83 _ Right _ 4",113.051647102291,-200.515148457131,-2427.43629313024,157.71329571989,-132.297293832483,-2458.37457960995
"OPTOTRAK _ P83 _ Right _ 4",113.286037557852,-200.406536161954,-2427.43297745442,158.001701755145,-132.211625946304,-2458.35831660794
"OPTOTRAK _ P83 _ Right _ 4",113.505041158614,-200.325355422622,-2427.44990120204,158.272330108701,-132.159632131763,-2458.37505664836
"OPTOTRAK _ P83 _ Right _ 4",113.706226985004,-200.26931200729,-2427.48190484763,158.523195450748,-132.136986627862,-2458.41888411115
"OPTOTRAK _ P83 _ Right _ 4",113.888024253587,-200.235008861808,-2427.52322014692,158.753122860522,-132.137449802008,-2458.4820553704
"OPTOTRAK _ P83 _ Right _ 4",114.049910732096,-200.21843034306,-2427.56837517466,158.961708762738,-132.153857682236,-2458.55605522667
"OPTOTRAK _ P83 _ Right _ 4",114.192424324639,-200.215321484573,-2427.61287418589,159.149162839622,-132.179111112953,-2458.63267385054
"OPTOTRAK _ P83 _ Right _ 4",114.316978990536,-200.221415145169,-2427.65353754134,159.316111560728,-132.206964217014,-2458.7049398146
"OPTOTRAK _ P83 _ Right _ 4",114.425529023232,-200.232529408325,-2427.68848922619,159.463429330655,-132.232486988968,-2458.76775409991
"OPTOTRAK _ P83 _ Right _ 4",114.520167599804,-200.2446327997,-2427.71689564168,159.592105456834,-132.252192702461,-2458.81812286232
"OPTOTRAK _ P83 _ Right _ 4",114.602747427977,-200.254005614948,-2427.73862494956,159.703108822007,-132.263923560804,-2458.85498220388
"OPTOTRAK _ P83 _ Right _ 4",114.67458441036,-200.257570264725,-2427.75396675034,159.797220053023,-132.266634358933,-2458.87871886936
"OPTOTRAK _ P83 _ Right _ 4",114.736278706645,-200.253340863451,-2427.76345638064,159.874859974395,-132.260193543327,-2458.89057107554
"OPTOTRAK _ P83 _ Right _ 4",114.787679947002,-200.240827639382,-2427.76776691816,159.936007179349,-132.245257404283,-2458.89210883532
"OPTOTRAK _ P83 _ Right _ 4",114.828025111457,-200.221197870824,-2427.76761744131,159.980312179669,-132.223204047367,-2458.88493838962
"OPTOTRAK _ P83 _ Right _ 4",114.856260962456,-200.197063037394,-2427.76368239026,160.007456342776,-132.196068653037,-2458.87067159378
"OPTOTRAK _ P83 _ Right _ 4",114.871513057215,-200.171896904552,-2427.75652472517,160.017691745229,-132.166411572544,-2458.85108288085
"OPTOTRAK _ P83 _ Right _ 4",114.87359961411,-200.149226978537,-2427.74658458559,160.012386148481,-132.137072157201,-2458.82828696653
"OPTOTRAK _ P83 _ Right _ 4",114.863449384108,-200.131822884901,-2427.73423749383,159.994343976585,-132.110801801846,-2458.80475297517
"OPTOTRAK _ P83 _ Right _ 4",114.843292225538,-200.121100491673,-2427.7199052137,159.967718675517,-132.089815143456,-2458.78304116794
"OPTOTRAK _ P83 _ Right _ 4",114.816545880716,-200.116876506807,-2427.70416606106,159.9374715251,-132.075337369004,-2458.76527776545
"OPTOTRAK _ P83 _ Right _ 4",114.787403194929,-200.117482692587,-2427.68778315987,159.908510998568,-132.067252013535,-2458.75251799262
"OPTOTRAK _ P83 _ Right _ 4",114.760205878215,-200.120140357161,-2427.6715784244,159.884778994216,-132.063960037145,-2458.74423555224
"OPTOTRAK _ P83 _ Right _ 4",114.73874834045,-200.121453972337,-2427.65614586172,159.868571259479,-132.062533194922,-2458.7381724493
"OPTOTRAK _ P83 _ Right _ 4",114.725671494042,-200.117913268218,-2427.64149448983,159.860284178903,-132.059175871856,-2458.73066925696
"OPTOTRAK _ P83 _ Right _ 4",114.722079796327,-200.106356080296,-2427.62678193749,159.858619664428,-132.049920120433,-2458.71742069558
"OPTOTRAK _ P83 _ Right _ 4",114.727453543313,-200.084387976522,-2427.6102989315,159.86112841989,-132.031406829844,-2458.69445411682
"OPTOTRAK _ P83 _ Right _ 4",114.739849071492,-200.050751772141,-2427.58978166351,159.864888713724,-132.001576597332,-2458.65906647195
"OPTOTRAK _ P83 _ Right _ 4",114.75630778107,-200.005601998852,-2427.56299336373,159.867120936429,-131.960110476286,-2458.61048017012
"OPTOTRAK _ P83 _ Right _ 4",114.773357359325,-199.950605401818,-2427.5283917619,159.865604895514,-131.908519834018,-2458.5500675797
"OPTOTRAK _ P83 _ Right _ 4",114.787496526286,-199.88879596963,-2427.48565110642,159.858857429289,-131.849874964203,-2458.48111774886
"OPTOTRAK _ P83 _ Right _ 4",114.795593570274,-199.824172656386,-2427.43586337777,159.846106729729,-131.788255918678,-2458.408235741
"OPTOTRAK _ P83 _ Right _ 4",114.795169121741,-199.761117297366,-2427.38137342482,159.827140496176,-131.728073400811,-2458.33653774843
"OPTOTRAK _ P83 _ Right _ 4",114.784557036952,-199.703783183371,-2427.32533720388,159.802099577693,-131.673425967766,-2458.27082694503
"OPTOTRAK _ P83 _ Right _ 4",114.762949521103,-199.655616885105,-2427.27116793803,159.771260909628,-131.627633508324,-2458.21492428966
"OPTOTRAK _ P83 _ Right _ 4",114.730346433551,-199.619113930503,-2427.22203164205,159.734844391186,-131.593023914083,-2458.17129392343
"OPTOTRAK _ P83 _ Right _ 4",114.687446764742,-199.595802223732,-2427.18049053359,159.692900226946,-131.570963980584,-2458.14102944498
"OPTOTRAK _ P83 _ Right _ 4",114.635535095229,-199.58635221676,-2427.14831071909,159.645350597025,-131.562042847972,-2458.12415125992
"OPTOTRAK _ P83 _ Right _ 4",114.576414376331,-199.59068114426,-2427.12639417031,159.59222747119,-131.566270193477,-2458.120049287
"OPTOTRAK _ P83 _ Right _ 4",114.512405016549,-199.607964256631,-2427.11478539193,159.534061756492,-131.583166166974,-2458.12785723898
"OPTOTRAK _ P83 _ Right _ 4",114.446371219677,-199.636555580014,-2427.11271853413,159.472281269508,-131.611691246473,-2458.14659367806
"OPTOTRAK _ P83 _ Right _ 4",114.381682277029,-199.673897691044,-2427.11867942055,159.40942975643,-131.650055186736,-2458.17501649489
"OPTOTRAK _ P83 _ Right _ 4",114.322016496422,-199.716526179914,-2427.13046566963,159.349065674604,-131.695512898245,-2458.21125883802
"OPTOTRAK _ P83 _ Right _ 4",114.270984005639,-199.760250341849,-2427.14526392644,159.295318912614,-131.744283029498,-2458.25241943905
"OPTOTRAK _ P83 _ Right _ 4",114.231642854681,-199.800538381621,-2427.15981133585,159.252210674993,-131.791712130101,-2458.29434719338
"OPTOTRAK _ P83 _ Right _ 4",114.206048474222,-199.833070061896,-2427.17071239035,159.222917968274,-131.832749516989,-2458.33184253993
"OPTOTRAK _ P83 _ Right _ 4",114.19497143854,-199.854357066233,-2427.17491717557,159.209172714189,-131.862693040986,-2458.35936101403
"OPTOTRAK _ P83 _ Right _ 4",114.197847805273,-199.862294950838,-2427.1702738134,159.210937045668,-131.878042510908,-2458.3720844689
"OPTOTRAK _ P83 _ Right _ 4",114.212929619164,-199.856519842776,-2427.15600643355,159.226406890833,-131.877219572533,-2458.3670351423
"OPTOTRAK _ P83 _ Right _ 4",114.237531447684,-199.8384939857,-2427.13296835301,159.25229028251,-131.860936118826,-2458.3438587028
"OPTOTRAK _ P83 _ Right _ 4",114.268257901281,-199.811314293488,-2427.10357337966,159.284226744986,-131.832113371383,-2458.30502108698
"OPTOTRAK _ P83 _ Right _ 4",114.301151363068,-199.779301301479,-2427.07139593273,159.317203784478,-131.795404103169,-2458.25537947862
"OPTOTRAK _ P83 _ Right _ 4",114.331790036013,-199.747460211746,-2427.04052552815,159.345898029194,-131.756474541493,-2458.20129387162
"OPTOTRAK _ P83 _ Right _ 4",114.355443229563,-199.720902242847,-2427.01483390941,159.364980779694,-131.721225263496,-2458.1495627158
"OPTOTRAK _ P83 _ Right _ 4",114.367406126058,-199.704286824443,-2426.99733961287,159.369505309323,-131.695086618882,-2458.1064616015
"OPTOTRAK _ P83 _ Right _ 4",114.363573968355,-199.70131996144,-2426.98982296061,159.355474363659,-131.682453927815,-2458.07705507881
"OPTOTRAK _ P83 _ Right _ 4",114.341198647856,-199.714337592343,-2426.99276081462,159.320566126986,-131.686270102154,-2458.06480337384
"OPTOTRAK _ P83 _ Right _ 4",114.299648012478,-199.744009148256,-2427.00554218263,159.264839647517,-131.707741130968,-2458.0713792971
"OPTOTRAK _ P83 _ Right _ 4",114.240915932743,-199.789199865787,-2427.02683511816,159.191144047899,-131.746183194872,-2458.09659241803
"OPTOTRAK _ P83 _ Right _ 4",114.16965178418,-199.847023063982,-2427.05494305168,159.104987687322,-131.799029470707,-2458.13837459158
"OPTOTRAK _ P83 _ Right _ 4",114.09259935316,-199.913096627347,-2427.08803031881,159.013782690304,-131.862040883573,-2458.19286234329
"OPTOTRAK _ P83 _ Right _ 4",114.017519185665,-199.981990724411,-2427.12418632627,158.925601547295,-131.929746690347,-2458.25466565549
"OPTOTRAK _ P83 _ Right _ 4",113.951841688682,-200.047818045712,-2427.16138213776,158.847766018197,-131.996089854915,-2458.31740474622
"OPTOTRAK _ P83 _ Right _ 4",113.901386412246,-200.104888601479,-2427.19741324415,158.785646845668,-132.055192374901,-2458.37451628919
"OPTOTRAK _ P83 _ Right _ 4",113.869451087509,-200.148345651265,-2427.22991578319,158.741961009003,-132.102114659009,-2458.42020795517
"OPTOTRAK _ P83 _ Right _ 4",113.856444948727,-200.174714358529,-2427.25650542822,158.71666549888,-132.133475820649,-2458.45034158361
"OPTOTRAK _ P83 _ Right _ 4",113.860077224621,-200.182310466955,-2427.27503265184,158.707359315128,-132.147826583597,-2458.46300938991
"OPTOTRAK _ P83 _ Right _ 4",113.875978648289,-200.17146316821,-2427.28389578893,158.709995196536,-132.145714993104,-2458.45864729093
"OPTOTRAK _ P83 _ Right _ 4",113.898567402296,-200.144514253224,-2427.28232832742,158.719686522011,-132.129452337156,-2458.43967605931
"OPTOTRAK _ P83 _ Right _ 4",113.921967858458,-200.105577682766,-2427.27058633884,158.731440428193,-132.102661858627,-2458.40981986728
"OPTOTRAK _ P83 _ Right _ 4",113.940824723264,-200.060081780359,-2427.24999379259,158.74071502628,-132.06974609151,-2458.37335248127
"OPTOTRAK _ P83 _ Right _ 4",113.950904552807,-200.01416007234,-2427.22284120232,158.74376655134,-132.035406416273,-2458.33450970122
"OPTOTRAK _ P83 _ Right _ 4",113.949432776742,-199.973988492493,-2427.19216425353,158.737813382834,-132.004289623419,-2458.2971911622
"OPTOTRAK _ P83 _ Right _ 4",113.935173183594,-199.945169353155,-2427.16144665438,158.72108347963,-131.980760025646,-2458.2649287478
"OPTOTRAK _ P83 _ Right _ 4",113.908308401104,-199.932233299435,-2427.1342943265,158.692816072796,-131.968743207015,-2458.24099786144
"OPTOTRAK _ P83 _ Right _ 4",113.870208969125,-199.938286564579,-2427.11412039978,158.653262664817,-131.971569714394,-2458.2285153544
"OPTOTRAK _ P83 _ Right _ 4",113.823172617613,-199.96479682487,-2427.10386751458,158.60369366767,-131.991757538123,-2458.23039201168
"OPTOTRAK _ P83 _ Right _ 4",113.770177856719,-200.011497711931,-2427.10577675545,158.546380161711,-132.030708465816,-2458.24907355939
"OPTOTRAK _ P83 _ Right _ 4",113.714650698605,-200.076392723934,-2427.12119202716,158.484499360699,-132.088348715612,-2458.2860922113
"OPTOTRAK _ P83 _ Right _ 4",113.660216470853,-200.155845406132,-2427.15037479263,158.421915728211,-132.162799453789,-2458.34153069248
"OPTOTRAK _ P83 _ Right _ 4",113.610407950324,-200.244754852353,-2427.19231183923,158.362809627403,-132.250195687459,-2458.41354648406
"OPTOTRAK _ P83 _ Right _ 4",113.568317734932,-200.336835728296,-2427.24453338772,158.311153365794,-132.344765832934,-2458.49810176047
"OPTOTRAK _ P83 _ Right _ 4",113.53620990996,-200.425040582804,-2427.3030083036,158.270077921039,-132.439234589679,-2458.58899918813
"OPTOTRAK _ P83 _ Right _ 4",113.51514491381,-200.50215805404,-2427.36222221981,158.241238195318,-132.525537663947,-2458.67826803559
"OPTOTRAK _ P83 _ Right _ 4",113.504717564413,-200.561578371277,-2427.41554804616,158.224350937182,-132.595770948918,-2458.75691194579
"OPTOTRAK _ P83 _ Right _ 4",113.503037806945,-200.598146621786,-2427.45597497627,158.217108218977,-132.643253432663,-2458.81600741792
"OPTOTRAK _ P83 _ Right _ 4",113.507063113,-200.608956464069,-2427.47717376711,158.21562297921,-132.663551838733,-2458.84808269316
"OPTOTRAK _ P83 _ Right _ 4",113.513302221763,-200.593905193868,-2427.47475447621,158.215427096867,-132.655289225993,-2458.84858893018
"OPTOTRAK _ P83 _ Right _ 4",113.518769522923,-200.555850949329,-2427.44744629884,158.212841390506,-132.620556232488,-2458.81714375483
"OPTOTRAK _ P83 _ Right _ 4",113.521932447838,-200.500282473687,-2427.39785069531,158.20633666378,-132.564787833617,-2458.75816744802
"OPTOTRAK _ P83 _ Right _ 4",113.523329005083,-200.434520229688,-2427.33245202929,158.19739628941,-132.496067670547,-2458.68061054142
"OPTOTRAK _ P83 _ Right _ 4",113.525582832184,-200.366591690298,-2427.26074158471,158.19045482248,-132.423951163403,-2458.59668406492
"OPTOTRAK _ P83 _ Right _ 4",113.53270377694,-200.304019125932,-2427.1935671575,158.191745445799,-132.358011686064,-2458.51977398749
"OPTOTRAK _ P83 _ Right _ 4",113.548783952396,-200.252778172182,-2427.141050472,158.20726985999,-132.306374928802,-2458.46195404704
"OPTOTRAK _ P83 _ Right _ 4",113.576412526177,-200.21662081846,-2427.11053680439,158.24046176377,-132.274507927197,-2458.43164112984
"OPTOTRAK _ P83 _ Right _ 4",113.615270324771,-200.196845201248,-2427.10504622059,158.290296682708,-132.264482634905,-2458.43193672953
"OPTOTRAK _ P83 _ Right _ 4",113.661376159387,-200.19248734679,-2427.12260544061,158.35051839143,-132.274853815991,-2458.46006774224
"OPTOTRAK _ P83 _ Right _ 4",113.70731396226,-200.200838671905,-2427.15666476812,158.410325897706,-132.301187662833,-2458.50810505501
"OPTOTRAK _ P83 _ Right _ 4",113.743493979872,-200.218164970361,-2427.19756191133,158.456417248692,-132.337155882768,-2458.56484046813
"OPTOTRAK _ P83 _ Right _ 4",113.760175592519,-200.240505566425,-2427.23473199288,158.475876279038,-132.375982281454,-2458.61840378576
"OPTOTRAK _ P83 _ Right _ 4",113.749721366266,-200.264443583095,-2427.25915434646,158.459138218699,-132.411930198054,-2458.65899116775
"OPTOTRAK _ P83 _ Right _ 4",113.708456179698,-200.287744237444,-2427.26544033912,158.402240533263,-132.441494831647,-2458.68103345973
"OPTOTRAK _ P83 _ Right _ 4",113.637606302223,-200.309758857787,-2427.25303658783,158.30776122086,-132.464035615545,-2458.68428158548
"OPTOTRAK _ P83 _ Right _ 4",113.543060641579,-200.331505109598,-2427.2262349992,158.184214893816,-132.481730362213,-2458.67358225069
"OPTOTRAK _ P83 _ Right _ 4",113.434042624966,-200.355379862816,-2427.19299718984,158.044108821984,-132.498905621517,-2458.65747454363
"OPTOTRAK _ P83 _ Right _ 4",113.321089959396,-200.384543019128,-2427.16293019812,157.901223226191,-132.520940211686,-2458.64604406725
"OPTOTRAK _ P83 _ Right _ 4",113.213913949424,-200.42210022443,-2427.14498007046,157.767861190903,-132.553010845036,-2458.64862226533
"OPTOTRAK _ P83 _ Right _ 4",113.119706046216,-200.470268690918,-2427.14545201821,157.652765031616,-132.598942539483,-2458.67187503787
"OPTOTRAK _ P83 _ Right _ 4",113.04228778327,-200.529710623577,-2427.16681491582,157.560150334028,-132.660363875586,-2458.71863256555
"OPTOTRAK _ P83 _ Right _ 4",112.982221249559,-200.59916874057,-2427.20747963773,157.48996213628,-132.736280520135,-2458.78756742882
"OPTOTRAK _ P83 _ Right _ 4",112.937708554104,-200.675460105948,-2427.26246019905,157.439121980173,-132.823096490582,-2458.87362373911
"OPTOTRAK _ P83 _ Right _ 4",112.905908441557,-200.753802480745,-2427.32462014676,157.403299623655,-132.915043098133,-2458.96898493922
"OPTOTRAK _ P83 _ Right _ 4",112.884238131016,-200.828382489881,-2427.38611907139,157.378663818481,-133.004918909122,-2459.06433367352
"OPTOTRAK _ P83 _ Right _ 4",112.871302585742,-200.893041197194,-2427.4397058444,157.363150739018,-133.085003345616,-2459.15017176979
"OPTOTRAK _ P83 _ Right _ 4",112.86725967505,-200.941955211231,-2427.47962432951,157.356989578919,-133.147996170009,-2459.21801507746
"OPTOTRAK _ P83 _ Right _ 4",112.873627544227,-200.97022542926,-2427.50205890185,157.362465609998,-133.187859358153,-2459.2613445166
"OPTOTRAK _ P83 _ Right _ 4",112.892704267001,-200.974334989447,-2427.50520109632,157.383110821864,-133.200478554519,-2459.27625607966
"OPTOTRAK _ P83 _ Right _ 4",112.926853088837,-200.952477474546,-2427.48911141329,157.42263764649,-133.184097653272,-2459.26179064884
"OPTOTRAK _ P83 _ Right _ 4",112.97789668657,-200.904764983173,-2427.45554541093,157.483943144736,-133.139503568515,-2459.21994248029
"OPTOTRAK _ P83 _ Right _ 4",113.046773879741,-200.833303238168,-2427.40782028658,157.568421823943,-133.069947722184,-2459.15535343728
"OPTOTRAK _ P83 _ Right _ 4",113.133475462254,-200.742087939897,-2427.35066960934,157.67568360274,-132.98079419338,-2459.07471090578
"OPTOTRAK _ P83 _ Right _ 4",113.237147687803,-200.636662835526,-2427.28993688785,157.803635159653,-132.878901430034,-2458.98589474583
"OPTOTRAK _ P83 _ Right _ 4",113.356192183941,-200.523510990732,-2427.23195111602,157.948791647582,-132.771786834643,-2458.89696198001
"OPTOTRAK _ P83 _ Right _ 4",113.488228974594,-200.409229804317,-2427.18253382249,158.106664064536,-132.666679814062,-2458.81509862783
"OPTOTRAK _ P83 _ Right _ 4",113.62990423126,-200.299636925463,-2427.14577436357,158.272108472642,-132.569616074751,-2458.74569055992
"OPTOTRAK _ P83 _ Right _ 4",113.776657423757,-200.19901671007,-2427.12289306607,158.439597334098,-132.484744753817,-2458.69166619594
"OPTOTRAK _ P83 _ Right _ 4",113.922647264747,-200.109703431909,-2427.11159608896,158.603449173057,-132.413994983556,-2458.65324064866
"OPTOTRAK _ P83 _ Right _ 4",114.061029073184,-200.032102546457,-2427.10625326067,158.758104553464,-132.357172559495,-2458.62813578892
"OPTOTRAK _ P83 _ Right _ 4",114.184674862128,-199.965109963403,-2427.09900082524,158.898536469096,-132.312446912639,-2458.61226330896
"OPTOTRAK _ P83 _ Right _ 4",114.287266046936,-199.906762573828,-2427.08155574318,159.02081286105,-132.277085274387,-2458.60075602095
"OPTOTRAK _ P83 _ Right _ 4",114.364523946855,-199.854901054894,-2427.04726035695,159.122709856641,-132.24823530481,-2458.58914067824
"OPTOTRAK _ P83 _ Right _ 4",114.41523680885,-199.807670329915,-2426.9927843126,159.204174757461,-132.223561276175,-2458.57438176769
"OPTOTRAK _ P83 _ Right _ 4",114.44174085365,-199.763786104298,-2426.91902515968,159.267424566048,-132.20158956212,-2458.55551452313
"OPTOTRAK _ P83 _ Right _ 4",114.449628622039,-199.722587452057,-2426.83098994585,159.316551180725,-132.181702643579,-2458.53366156488
"OPTOTRAK _ P83 _ Right _ 4",114.446659829807,-199.683935311649,-2426.73670111154,159.356646190295,-132.163826461943,-2458.51140084397
"OPTOTRAK _ P83 _ Right _ 4",114.441078976378,-199.6480210573,-2426.64539286598,159.39260281496,-132.147959852933,-2458.49167428901
"OPTOTRAK _ P83 _ Right _ 4",114.439735912168,-199.615150935077,-2426.5654295462,159.427866930731,-132.133753321663,-2458.47660323129
"OPTOTRAK _ P83 _ Right _ 4",114.446503857904,-199.585575246117,-2426.50246012568,159.463472786787,-132.120319912692,-2458.46662095046
"OPTOTRAK _ P83 _ Right _ 4",114.461450218896,-199.559417448584,-2426.45828633555,159.497681304103,-132.106358093568,-2458.46021583804
"OPTOTRAK _ P83 _ Right _ 4",114.481025813179,-199.536719591652,-2426.43074805692,159.526408512904,-132.090536021201,-2458.45435250608
"OPTOTRAK _ P83 _ Right _ 4",114.499242955063,-199.517567925134,-2426.41464665683,159.54440084242,-132.071987166032,-2458.44540446952
"OPTOTRAK _ P83 _ Right _ 4",114.509513547932,-199.502217880311,-2426.40341612908,159.546861354455,-132.050727549486,-2458.43027759479
"OPTOTRAK _ P83 _ Right _ 4",114.506621814516,-199.49112660617,-2426.39102793669,159.531062524942,-132.027823452198,-2458.4073612017
"OPTOTRAK _ P83 _ Right _ 4",114.488271654949,-199.484839016921,-2426.37356855621,159.497462886322,-132.005209412316,-2458.37700783299
"OPTOTRAK _ P83 _ Right _ 4",114.455778869667,-199.483742567817,-2426.35006608877,159.449978281953,-131.985170873976,-2458.34139270065
"OPTOTRAK _ P83 _ Right _ 4",114.413734525736,-199.487764009275,-2426.32238984221,159.395300606642,-131.969630333487,-2458.30379962209
"OPTOTRAK _ P83 _ Right _ 4",114.368768128686,-199.496101435385,-2426.29430986549,159.341434086478,-131.959457092204,-2458.26756067751
"OPTOTRAK _ P83 _ Right _ 4",114.327784053762,-199.507078208763,-2426.27001808324,159.295837031664,-131.954025613608,-2458.23498555422
"OPTOTRAK _ P83 _ Right _ 4",114.296156387779,-199.518191996182,-2426.25254423241,159.263642737202,-131.951181641756,-2458.2066229173
"OPTOTRAK _ P83 _ Right _ 4",114.276337979569,-199.526407699035,-2426.242523008,159.246381338604,-131.947661806321,-2458.18109262154
"OPTOTRAK _ P83 _ Right _ 4",114.267208742099,-199.528689275691,-2426.23767376684,159.241485816821,-131.939876614537,-2458.15553570218
"OPTOTRAK _ P83 _ Right _ 4",114.264301002461,-199.522683638377,-2426.23316020377,159.242692465557,-131.924847433628,-2458.12651661518
"OPTOTRAK _ P83 _ Right _ 4",114.260831863055,-199.507390212272,-2426.22274911769,159.241262739866,-131.901035654098,-2458.09107421872
"OPTOTRAK _ P83 _ Right _ 4",114.249280873124,-199.483613483297,-2426.20044815162,159.227774549394,-131.868841757986,-2458.04761193202
"OPTOTRAK _ P83 _ Right _ 4",114.223120502499,-199.454030145423,-2426.16214937355,159.194093149594,-131.830657877853,-2457.9964174103
"OPTOTRAK _ P83 _ Right _ 4",114.178279037245,-199.422803261042,-2426.10680082759,159.135085228713,-131.790476135389,-2457.93972925249
"OPTOTRAK _ P83 _ Right _ 4",114.114004798801,-199.39480760589,-2426.03677766624,159.049709263743,-131.753147388649,-2457.88136457103
"OPTOTRAK _ P83 _ Right _ 4",114.03297714732,-199.374644250093,-2425.95736967007,158.941275079084,-131.72344330558,-2457.82598538321
"OPTOTRAK _ P83 _ Right _ 4",113.940711821948,-199.365680892988,-2425.87555526385,158.816857623478,-131.705109399164,-2457.77814218469
"OPTOTRAK _ P83 _ Right _ 4",113.844472571673,-199.369345044664,-2425.79841830594,158.686022838649,-131.700111456762,-2457.74129699461
"OPTOTRAK _ P83 _ Right _ 4",113.751987622608,-199.384829320362,-2425.73163849644,158.559153347434,-131.708255832688,-2457.71706233531
"OPTOTRAK _ P83 _ Right _ 4",113.670267607735,-199.409264188411,-2425.67843924505,158.44573741474,-131.727285154921,-2457.7048574972
"OPTOTRAK _ P83 _ Right _ 4",113.604744484497,-199.438301915731,-2425.63922929348,158.352985062624,-131.753424498472,-2457.70207798237
"OPTOTRAK _ P83 _ Right _ 4",113.558830350483,-199.466963448651,-2425.61196677377,158.285040861524,-131.782223001321,-2457.70473349366
"OPTOTRAK _ P83 _ Right _ 4",113.53387267242,-199.490547624597,-2425.59306205399,158.242889527391,-131.809452569495,-2457.70837499338
"OPTOTRAK _ P83 _ Right _ 4",113.5293955186,-199.505400673193,-2425.57848893507,158.224854975507,-131.831819542076,-2457.70904151699
"OPTOTRAK _ P83 _ Right _ 4",113.543484885592,-199.509393231608,-2425.56475284026,158.227446556876,-131.847319263394,-2457.70395352838
"OPTOTRAK _ P83 _ Right _ 4",113.573198616466,-199.502036643013,-2425.54947573933,158.246260604155,-131.855190758117,-2457.69177930371
"OPTOTRAK _ P83 _ Right _ 4",113.61493827985,-199.484261800955,-2425.53153645307,158.276711432416,-131.855562387432,-2457.67246859258
"OPTOTRAK _ P83 _ Right _ 4",113.664781435963,-199.457953698941,-2425.51085722037,158.31449998442,-131.848971210265,-2457.64680506536
"OPTOTRAK _ P83 _ Right _ 4",113.718805847559,-199.425371459884,-2425.48799655975,158.355854679487,-131.835957262134,-2457.61590329527
"OPTOTRAK _ P83 _ Right _ 4",113.773423904876,-199.388594962123,-2425.46370660037,158.397640375785,-131.816876260172,-2457.58084542207
"OPTOTRAK _ P83 _ Right _ 4",113.825698162559,-199.349133562845,-2425.43858325529,158.437421265106,-131.791970009431,-2457.54255239154
"OPTOTRAK _ P83 _ Right _ 4",113.873567241173,-199.307801635064,-2425.41289858024,158.473512660231,-131.761631938777,-2457.50187623858
"OPTOTRAK _ P83 _ Right _ 4",113.915910257457,-199.264897306367,-2425.38664504356,158.505001859044,-131.726743289398,-2457.45982622459
"OPTOTRAK _ P83 _ Right _ 4",113.952418167481,-199.220624623848,-2425.35974179595,158.531686906761,-131.688940664467,-2457.4178071677
"OPTOTRAK _ P83 _ Right _ 4",113.983297428837,-199.175610004612,-2425.33229044797,158.553888499704,-131.650697241892,-2457.37774341871
"OPTOTRAK _ P83 _ Right _ 4",114.008883609137,-199.131318866919,-2425.30476303441,158.572134272204,-131.615149248242,-2457.3419898702
"OPTOTRAK _ P83 _ Right _ 4",114.029277168841,-199.090200363177,-2425.27805464671,158.586777343518,-131.585671408345,-2457.31299824451
"OPTOTRAK _ P83 _ Right _ 4",114.044114468298,-199.055476937873,-2425.25339484472,158.597654673677,-131.565289893452,-2457.29280177304
"OPTOTRAK _ P83 _ Right _ 4",114.052539373321,-199.030621872213,-2425.2321513663,158.603881997697,-131.55609529493,-2457.28247478949
"OPTOTRAK _ P83 _ Right _ 4",114.053356063927,-199.018680449147,-2425.21557728921,158.60382555995,-131.558845496111,-2457.28177335028
"OPTOTRAK _ P83 _ Right _ 4",114.045268529121,-199.021641160213,-2425.20456182832,158.595229795418,-131.572901385634,-2457.28912844711
"OPTOTRAK _ P83 _ Right _ 4",114.027096801293,-199.040035751696,-2425.19944642269,158.575455663133,-131.596525442481,-2457.30204030079
"OPTOTRAK _ P83 _ Right _ 4",113.997910987716,-199.072861461674,-2425.19995591667,158.541799906184,-131.627441281823,-2457.31776206189
"OPTOTRAK _ P83 _ Right _ 4",113.957097877229,-199.117816455926,-2425.20527068277,158.491889323065,-131.663459212275,-2457.33404303906
"OPTOTRAK _ P83 _ Right _ 4",113.904417516232,-199.171756277322,-2425.21423327996,158.424140129553,-131.702955404343,-2457.34967835472
"OPTOTRAK _ P83 _ Right _ 4",113.840096732289,-199.231233080481,-2425.22564035762,158.33822973941,-131.745052614195,-2457.36468344767
"OPTOTRAK _ P83 _ Right _ 4",113.764960898851,-199.292974787883,-2425.23852128912,158.235469819933,-131.789463501494,-2457.38004081989
"OPTOTRAK _ P83 _ Right _ 4",113.6805605705,-199.354196394618,-2425.25227948543,158.118940761514,-131.83608265864,-2457.39710585583
"OPTOTRAK _ P83 _ Right _ 4",113.589233953273,-199.41270220217,-2425.26661140707,157.993287782015,-131.884503875517,-2457.41686550467
"OPTOTRAK _ P83 _ Right _ 4",113.494063710745,-199.466816653891,-2425.28122747609,157.864184997118,-131.933660718817,-2457.43929003367
"OPTOTRAK _ P83 _ Right _ 4",113.39872068554,-199.515244629111,-2425.29552438888,157.737593873509,-131.981739386482,-2457.46299882237
"OPTOTRAK _ P83 _ Right _ 4",113.307217610818,-199.556981928234,-2425.30841847095,157.619012898548,-132.026420339921,-2457.48538586642
"OPTOTRAK _ P83 _ Right _ 4",113.223613129043,-199.591358816425,-2425.31849614865,157.512907350189,-132.06540041485,-2457.50322968584
"OPTOTRAK _ P83 _ Right _ 4",113.151708572195,-199.618214059922,-2425.32448859396,157.422436926233,-132.097050709785,-2457.51366107679
"OPTOTRAK _ P83 _ Right _ 4",113.094766511473,-199.638101544319,-2425.32590578045,157.349496669315,-132.121000505052,-2457.51521856174
"OPTOTRAK _ P83 _ Right _ 4",113.055257360171,-199.652377172464,-2425.32355622263,157.294980880177,-132.138433956725,-2457.50864458386
"OPTOTRAK _ P83 _ Right _ 4",113.034625323689,-199.663035549966,-2425.31968640063,157.259100447761,-132.151957592089,-2457.49711267136
"OPTOTRAK _ P83 _ Right _ 4",113.033070421969,-199.67226246227,-2425.31759713817,157.241566783724,-132.165022549119,-2457.48572941091
"OPTOTRAK _ P83 _ Right _ 4",113.04936384446,-199.681804015987,-2425.32078683282,157.24151966798,-132.181027667064,-2457.48037986678
"OPTOTRAK _ P83 _ Right _ 4",113.080738520249,-199.692369024499,-2425.33186401373,157.257206507492,-132.202345934349,-2457.48620627318
"OPTOTRAK _ P83 _ Right _ 4",113.122921250481,-199.703317528271,-2425.3515886763,157.285572375165,-132.229564851082,-2457.50615019823
"OPTOTRAK _ P83 _ Right _ 4",113.170385382145,-199.712813294617,-2425.37838741162,157.322030066804,-132.261185661821,-2457.53999869862
"OPTOTRAK _ P83 _ Right _ 4",113.216877725376,-199.718454606513,-2425.40853603666,157.360677410013,-132.293901062803,-2457.58424845795
"OPTOTRAK _ P83 _ Right _ 4",113.256198174883,-199.718213424048,-2425.43696971273,157.395079679491,-132.323410964918,-2457.63287083469
"OPTOTRAK _ P83 _ Right _ 4",113.283111459333,-199.711380187185,-2425.45846057919,157.419487522009,-132.345586732108,-2457.67878963044
"OPTOTRAK _ P83 _ Right _ 4",113.294196852874,-199.699173994641,-2425.46879282786,157.430142766834,-132.357684558247,-2457.71565309278
"OPTOTRAK _ P83 _ Right _ 4",113.288435659434,-199.684744805037,-2425.46560831134,157.426255588407,-132.359259780003,-2457.7393674798
"OPTOTRAK _ P83 _ Right _ 4",113.267411432458,-199.67244788289,-2425.44875704517,157.410340427682,-132.352472246154,-2457.74891426089
"OPTOTRAK _ P83 _ Right _ 4",113.235122981181,-199.666478819142,-2425.42017951202,157.38779883159,-132.341614367045,-2457.74620037242
"OPTOTRAK _ P83 _ Right _ 4",113.197514258445,-199.669183241788,-2425.38348656966,157.365830603178,-132.331916743164,-2457.73502049819
"OPTOTRAK _ P83 _ Right _ 4",113.161843124388,-199.679551936302,-2425.34344060826,157.351879195297,-132.327929461857,-2457.71952283715
"OPTOTRAK _ P83 _ Right _ 4",113.135933667776,-199.692515039238,-2425.30547641184,157.351874154811,-132.33196146871,-2457.7027568103
"OPTOTRAK _ P83 _ Right _ 4",113.127237601193,-199.699592372844,-2425.27527117756,157.368557853176,-132.343118621102,-2457.68587945952
"OPTOTRAK _ P83 _ Right _ 4",113.141553899944,-199.691205542354,-2425.2582470993,157.400209249759,-132.35738020573,-2457.66840084673
"OPTOTRAK _ P83 _ Right _ 4",113.181297751896,-199.66052718746,-2425.25883180199,157.440116825817,-132.368908381636,-2457.64951997577
"OPTOTRAK _ P83 _ Right _ 4",113.243397537995,-199.608208978045,-2425.27934690778,157.477190328543,-132.372453118117,-2457.63025751753
"OPTOTRAK _ P83 _ Right _ 4",113.317189168157,-199.546830240433,-2425.31854872119,157.498090690031,-132.366377567035,-2457.61584922185
"OPTOTRAK _ P83 _ Right _ 4",113.382965832077,-199.503626526397,-2425.37009298243,157.491135920812,-132.355566401793,-2457.61780293414
"OPTOTRAK _ P83 _ Right _ 4",113.411992021216,-199.520162944555,-2425.42147726431,157.451953380826,-132.353361014488,-2457.65516497056
"OPTOTRAK _ P83 _ Right _ 4",113.368674213641,-199.648196058247,-2425.4541939066,157.390382550905,-132.381740491238,-2457.75484527644
"OPTOTRAK _ P83 _ Right _ 4",113.215122720966,-199.941970889974,-2425.44574285802,157.337543254778,-132.46925745166,-2457.95120058046
"OPTOTRAK _ P83 _ Right _ 4",112.917584545698,-200.448407915207,-2425.37373108366,157.351399523764,-132.646721922319,-2458.28531325998
"OPTOTRAK _ P83 _ Right _ 4",112.453388163776,-201.197641766552,-2425.22158946836,157.518735418706,-132.941220355387,-2458.80437636813
"OPTOTRAK _ P83 _ Right _ 4",111.816482423932,-202.196652994247,-2424.98466316674,157.951381325598,-133.369603220444,-2459.56116612559
"OPTOTRAK _ P83 _ Right _ 4",111.019782084647,-203.427879998897,-2424.67487040416,158.774926737679,-133.932898546494,-2460.6126919118
"OPTOTRAK _ P83 _ Right _ 4",110.093594495312,-204.852761777813,-2424.32211787415,160.109114147637,-134.613145750452,-2462.01596370027
"OPTOTRAK _ P83 _ Right _ 4",109.081192316785,-206.417869984554,-2423.97143199885,162.040636374299,-135.37399124506,-2463.81804042798
"OPTOTRAK _ P83 _ Right _ 4",108.034326958755,-208.059850231612,-2423.67617871534,164.591116863181,-136.166146375469,-2466.0380366685
"OPTOTRAK _ P83 _ Right _ 4",107.012064461888,-209.705820150704,-2423.48921507272,167.68554709072,-136.938356311186,-2468.64123886876
"OPTOTRAK _ P83 _ Right _ 4",106.085059223727,-211.268256241294,-2423.45458029648,171.129014016044,-137.653522188133,-2471.50970402032
"OPTOTRAK _ P83 _ Right _ 4",105.344456111467,-212.636780221861,-2423.60194276937,174.601229576471,-138.307821817022,-2474.41834382072
"OPTOTRAK _ P83 _ Right _ 4",104.911140932697,-213.672146053101,-2423.94465375352,177.677776969857,-138.948347740265,-2477.02848435357
"OPTOTRAK _ P83 _ Right _ 4",104.938624960154,-214.208823704304,-2424.48063697735,179.882905414079,-139.682793380818,-2478.91027544678
"OPTOTRAK _ P83 _ Right _ 4",105.60286878065,-214.071168236156,-2425.19431848381,180.770882857256,-140.674273214384,-2479.59997300382
"OPTOTRAK _ P83 _ Right _ 4",107.075508358509,-213.104259595744,-2426.05791260202,180.022566755062,-142.116512990777,-2478.68822559309
"OPTOTRAK _ P83 _ Right _ 4",109.482834692203,-211.214850482935,-2427.03159215989,177.533820207777,-144.189792154349,-2475.92297239981
"OPTOTRAK _ P83 _ Right _ 4",112.859872191918,-208.412060102505,-2428.06377193998,173.467032283008,-147.005504080231,-2471.29938815017
"OPTOTRAK _ P83 _ Right _ 4",117.114281629671,-204.833882487283,-2429.09391761509,168.241365852072,-150.554874241268,-2465.10533017621
"OPTOTRAK _ P83 _ Right _ 4",122.015364210055,-200.746816740518,-2430.05991960278,162.454673051814,-154.681220650189,-2457.89948795481
"OPTOTRAK _ P83 _ Right _ 4",127.216911760234,-196.513357025496,-2430.90971376293,156.757003124336,-159.090281245311,-2450.42148503116
"OPTOTRAK _ P83 _ Right _ 4",132.310055705389,-192.533943655175,-2431.61338779703,151.719616512471,-163.398261845528,-2443.46002615939
"OPTOTRAK _ P83 _ Right _ 4",136.88935859474,-189.180589856572,-2432.16970314379,147.747985741689,-167.199668843631,-2437.72172150901
"OPTOTRAK _ P83 _ Right _ 4",140.610217524283,-186.742090947347,-2432.6019689188,145.065853266663,-170.129516974508,-2433.73860567324
"OPTOTRAK _ P83 _ Right _ 4",143.222278820691,-185.393464367506,-2432.94275946017,143.761675547129,-171.903235998488,-2431.82990229795
"OPTOTRAK _ P83 _ Right _ 4",144.577750908824,-185.190034246976,-2433.21273218377,143.86013033958,-172.334735059463,-2432.10823979357
"OPTOTRAK _ P83 _ Right _ 4",144.625741184789,-186.077125156516,-2433.40238115786,145.374204392632,-171.344885909255,-2434.50640154655
"OPTOTRAK _ P83 _ Right _ 4",143.406821180754,-187.904196353029,-2433.46489164231,148.307684750487,-168.972065270027,-2438.801914565
"OPTOTRAK _ P83 _ Right _ 4",141.05554245761,-190.436849060613,-2433.32385128282,152.604194005164,-165.386395375092,-2444.62848628471
"OPTOTRAK _ P83 _ Right _ 4",137.807847711819,-193.367680185409,-2432.89383182436,158.065539511634,-160.898365043914,-2451.47757452899
"OPTOTRAK _ P83 _ Right _ 4",134.002213515292,-196.332792959939,-2432.1074090131,164.278994535543,-155.948370514047,-2458.7037203106
"OPTOTRAK _ P83 _ Right _ 4",130.06256422163,-198.941420294496,-2430.94051932948,170.594188418392,-151.069001620896,-2465.55033018209
"OPTOTRAK _ P83 _ Right _ 4",126.457348070895,-200.821079166686,-2429.4291079217,176.17557060004,-146.822594063213,-2471.20818848268
"OPTOTRAK _ P83 _ Right _ 4",123.638429566799,-201.672821397448,-2427.67273006206,180.131532146928,-143.725375791547,-2474.90919201352
"OPTOTRAK _ P83 _ Right _ 4",121.970871213317,-201.324727170102,-2425.82392403897,181.694512501341,-142.171960816342,-2476.04558555525
"OPTOTRAK _ P83 _ Right _ 4",121.668058628176,-199.76974339331,-2424.06508370906,180.405859663134,-142.371363670978,-2474.29323235285
"OPTOTRAK _ P83 _ Right _ 4",122.746382608152,-197.17676438874,-2422.57705858827,176.251368079799,-144.302850499681,-2469.70916367745
"OPTOTRAK _ P83 _ Right _ 4",125.010794250541,-193.870183432416,-2421.50564969878,169.702610008552,-147.699845728201,-2462.77239070987
"OPTOTRAK _ P83 _ Right _ 4",128.077087787903,-190.281079917111,-2420.93298748689,161.645705519589,-152.070974186085,-2454.34621137227
"OPTOTRAK _ P83 _ Right _ 4",131.428740423643,-186.880528533276,-2420.8597929898,153.216051994735,-156.76375696937,-2445.56050710971
"OPTOTRAK _ P83 _ Right _ 4",134.497354067888,-184.109657740176,-2421.20183379839,145.589285475817,-161.065282023993,-2437.63753888895
"OPTOTRAK _ P83 _ Right _ 4",136.750073397856,-182.320006286342,-2421.80075922422,139.788135852107,-164.319950838507,-2431.70195650465
"OPTOTRAK _ P83 _ Right _ 4",137.767917612498,-181.731838660025,-2422.44741643682,136.546418685323,-166.037184004908,-2428.61499257109
"OPTOTRAK _ P83 _ Right _ 4",137.30471100859,-182.411084719858,-2422.91496764285,136.238705037498,-165.966821305825,-2428.85658573183
"OPTOTRAK _ P83 _ Right _ 4",135.322403905641,-184.262083453112,-2422.99844661291,138.859633467752,-164.131520362921,-2432.46115102915
"OPTOTRAK _ P83 _ Right _ 4",132.000984991782,-187.034835638272,-2422.55551558112,144.033415026073,-160.814969411852,-2439.00478752439
"OPTOTRAK _ P83 _ Right _ 4",127.720474145186,-190.348987977438,-2421.54039965384,151.047565268536,-156.509676699171,-2447.64406846354
"OPTOTRAK _ P83 _ Right _ 4",123.012978077129,-193.737558725786,-2420.02153455072,158.92022695461,-151.832734315767,-2457.21000582317
"OPTOTRAK _ P83 _ Right _ 4",118.487867695156,-196.709246848832,-2418.17587077997,166.51352407962,-147.425512753286,-2466.3564296279
"OPTOTRAK _ P83 _ Right _ 4",114.741203219237,-198.82121772126,-2416.25912872551,172.692193927504,-143.859593035883,-2473.74909103522
"OPTOTRAK _ P83 _ Right _ 4",112.266071888851,-199.74912932855,-2414.5585033159,176.505454513922,-141.56841414388,-2478.26768549012
"OPTOTRAK _ P83 _ Right _ 4",111.379675063671,-199.340779327041,-2413.33865635708,177.354076053539,-140.810876653784,-2479.18608261782
"OPTOTRAK _ P83 _ Right _ 4",112.177501217315,-197.64326979459,-2412.79222024538,175.102268554268,-141.658883471371,-2476.29861698289
"OPTOTRAK _ P83 _ Right _ 4",114.519458808246,-194.898377229972,-2413.00413547674,170.104895463285,-143.996489943331,-2469.9685612099
"OPTOTRAK _ P83 _ Right _ 4",118.049714889818,-191.505645741332,-2413.93658143643,163.140013087386,-147.525908302764,-2461.08518982573
"OPTOTRAK _ P83 _ Right _ 4",122.249295659958,-187.958158487396,-2415.43777564983,155.260443545419,-151.787223393764,-2450.92931096564
"OPTOTRAK _ P83 _ Right _ 4",126.515380834945,-184.762136261277,-2417.27268714966,147.60099272648,-156.203644245958,-2440.96673074091
"OPTOTRAK _ P83 _ Right _ 4",130.254026365044,-182.3564404208,-2419.16776866421,141.191264773036,-160.156807039217,-2432.61085436383
"OPTOTRAK _ P83 _ Right _ 4",132.968147319487,-181.048403834268,-2420.85818393089,136.818197109216,-163.081612737134,-2427.0064603882
"OPTOTRAK _ P83 _ Right _ 4",134.324336528051,-180.976757434884,-2422.12702805256,134.957191315393,-164.559011640365,-2424.87640938742
"OPTOTRAK _ P83 _ Right _ 4",134.189838696215,-182.103613884315,-2422.83087662858,135.760566200126,-164.385329653113,-2426.44760875797
"OPTOTRAK _ P83 _ Right _ 4",132.639305355844,-184.230733110857,-2422.91125674534,139.076185213221,-162.604526693535,-2431.4496653516
"OPTOTRAK _ P83 _ Right _ 4",129.935145918619,-187.03348762967,-2422.39435694058,144.475000150629,-159.497857769431,-2439.17114366222
"OPTOTRAK _ P83 _ Right _ 4",126.485663069467,-190.107433940681,-2421.38123727698,151.284980321123,-155.53224443612,-2448.56104303223
"OPTOTRAK _ P83 _ Right _ 4",122.785526490324,-193.023437399309,-2420.03001946324,158.644267657597,-151.277239872515,-2458.36615660747
"OPTOTRAK _ P83 _ Right _ 4",119.346025157567,-195.38585414591,-2418.53201479347,165.587254340177,-147.310193848401,-2467.29198928214
"OPTOTRAK _ P83 _ Right _ 4",116.626163412649,-196.885710430012,-2417.08535012184,171.164300266844,-144.133305181808,-2474.16862566012
"OPTOTRAK _ P83 _ Right _ 4",114.975944330766,-197.340175205575,-2415.87046058887,174.579116752487,-142.118896436164,-2478.10009865879
"OPTOTRAK _ P83 _ Right _ 4",114.598709550439,-196.712279986966,-2415.03054024832,175.31760771789,-141.483941482147,-2478.57921622727
"OPTOTRAK _ P83 _ Right _ 4",115.533350689033,-195.109323040178,-2414.65766389037,173.241148919582,-142.282566663894,-2475.55604750787
"OPTOTRAK _ P83 _ Right _ 4",117.653901639675,-192.762270307256,-2414.78395749014,168.623036672333,-144.404278638553,-2469.45239197503
"OPTOTRAK _ P83 _ Right _ 4",120.684699182481,-189.99054785334,-2415.37779629669,162.116326454547,-147.575221636046,-2461.11584251959
"OPTOTRAK _ P83 _ Right _ 4",124.231503876402,-187.157331168543,-2416.34637879831,154.654370917845,-151.37175784872,-2451.71032833569
"OPTOTRAK _ P83 _ Right _ 4",127.829150555467,-184.620877581056,-2417.54630565606,147.301742292314,-155.260555067787,-2442.55079786742
"OPTOTRAK _ P83 _ Right _ 4",131.002841476655,-182.688202571118,-2418.80226417878,141.087947859703,-158.671881342329,-2434.90671935099
"OPTOTRAK _ P83 _ Right _ 4",133.334838246561,-181.577755746531,-2419.93151512729,136.860518343885,-161.09636674962,-2429.81243347149
"OPTOTRAK _ P83 _ Right _ 4",134.524731516045,-181.39637416775,-2420.77017107769,135.182952075413,-162.180995153488,-2427.92192782025
"OPTOTRAK _ P83 _ Right _ 4",134.432022640962,-182.132585640184,-2421.19702669311,136.283404819021,-161.79686424815,-2429.43151398639
"OPTOTRAK _ P83 _ Right _ 4",133.09357000307,-183.665068376933,-2421.15145031546,140.045874480238,-160.059248490666,-2434.07643079558
"OPTOTRAK _ P83 _ Right _ 4",130.713032690156,-185.783530849537,-2420.64259271908,146.035068014971,-157.293457333987,-2441.19564209513
"OPTOTRAK _ P83 _ Right _ 4",127.62369704209,-188.219201895085,-2419.74773150773,153.554105354532,-153.95383621374,-2449.85260131301
"OPTOTRAK _ P83 _ Right _ 4",124.230986012863,-190.681628857506,-2418.59892622283,161.738041279609,-150.517262078367,-2458.9923233553
"OPTOTRAK _ P83 _ Right _ 4",120.946839287492,-192.896564420714,-2417.36011674074,169.677733478139,-147.383241475354,-2467.60483170311
"OPTOTRAK _ P83 _ Right _ 4",118.132033265766,-194.63791595992,-2416.20024402284,176.552148684859,-144.812585616148,-2474.85860993253
"OPTOTRAK _ P83 _ Right _ 4",116.060053871225,-195.747638743695,-2415.26926291039,181.73627452891,-142.921442137769,-2480.17416219539
"OPTOTRAK _ P83 _ Right _ 4",114.906846723285,-196.141627250365,-2414.68165707927,184.857107091718,-141.723774720594,-2483.2287880467
"OPTOTRAK _ P83 _ Right _ 4",114.759755419353,-195.804716022486,-2414.50795169427,185.790306771841,-141.196350546978,-2483.91004877957
"OPTOTRAK _ P83 _ Right _ 4",115.632640798638,-194.780855334709,-2414.77187097191,184.613402854244,-141.334664981272,-2482.25334654667
"OPTOTRAK _ P83 _ Right _ 4",117.475262764191,-193.164161029708,-2415.45071586395,181.545175384707,-142.175707678125,-2478.39946675624
"OPTOTRAK _ P83 _ Right _ 4",120.171818115136,-191.093554902655,-2416.47832554163,176.898754775609,-143.778793491855,-2472.59138103093
"OPTOTRAK _ P83 _ Right _ 4",123.532290953855,-188.749727028568,-2417.7517586151,171.060455516258,-146.173117502368,-2465.20460616424
"OPTOTRAK _ P83 _ Right _ 4",127.286955729285,-186.350029145607,-2419.14314825675,164.486907142283,-149.294827672499,-2456.78388597082
"OPTOTRAK _ P83 _ Right _ 4",131.095576049064,-184.136350305696,-2420.51651995624,157.701475824792,-152.942039707613,-2448.05169373153
"OPTOTRAK _ P83 _ Right _ 4",134.577191667501,-182.353749766713,-2421.74636913029,151.27390765494,-156.77005742296,-2439.86556458793
"OPTOTRAK _ P83 _ Right _ 4",137.356483530015,-181.222282822856,-2422.73249811351,145.780181172335,-160.332911005433,-2433.12501663646
"OPTOTRAK _ P83 _ Right _ 4",139.114910840603,-180.907846371189,-2423.40641044259,141.750379842055,-163.15944116049,-2428.64947238972
"OPTOTRAK _ P83 _ Right _ 4",139.634524207979,-181.497566695775,-2423.72894477109,139.612640533151,-164.842304943402,-2427.05424873014
"OPTOTRAK _ P83 _ Right _ 4",138.828506047382,-182.982334902484,-2423.68405352587,139.634937773511,-165.119185605525,-2428.644516142
"OPTOTRAK _ P83 _ Right _ 4",136.758405363953,-185.247103846788,-2423.27560835279,141.864448149656,-163.931281540068,-2433.33908271302
"OPTOTRAK _ P83 _ Right _ 4",133.63851741438,-188.070512071556,-2422.53106364483,146.071906711346,-161.448455044253,-2440.63482611523
"OPTOTRAK _ P83 _ Right _ 4",129.824108727284,-191.137768641997,-2421.50983983428,151.720818113499,-158.053432516487,-2449.62567954096
"OPTOTRAK _ P83 _ Right _ 4",125.777792615214,-194.071206019278,-2420.30958309808,157.988038284908,-154.283833227973,-2459.0888173918
"OPTOTRAK _ P83 _ Right _ 4",122.011646876876,-196.479432326283,-2419.0630762144,163.854724951942,-150.742148319784,-2467.63990748822
"OPTOTRAK _ P83 _ Right _ 4",119.010844776211,-198.01952368603,-2417.92249817913,168.265089194737,-147.994471721324,-2473.94141305225
"OPTOTRAK _ P83 _ Right _ 4",117.152647708132,-198.460478188371,-2417.03335194957,170.324141093924,-146.480690034047,-2476.9304634684
"OPTOTRAK _ P83 _ Right _ 4",116.637982447203,-197.733347102991,-2416.50471747499,169.48712514732,-146.450456436618,-2476.02244659501
"OPTOTRAK _ P83 _ Right _ 4",117.450779158297,-195.955037231873,-2416.38407998984,165.690271489208,-147.928116699735,-2471.2456962996
"OPTOTRAK _ P83 _ Right _ 4",119.35490050265,-193.41785387194,-2416.64398311998,159.385437356125,-150.704777007698,-2463.27142255218
"OPTOTRAK _ P83 _ Right _ 4",121.931524286143,-190.544199275341,-2417.18479773286,151.466304221359,-154.358437959708,-2453.32163236888
"OPTOTRAK _ P83 _ Right _ 4",124.651535946706,-187.814250496963,-2417.85355230156,143.104356665152,-158.306643193073,-2442.96566408144
"OPTOTRAK _ P83 _ Right _ 4",126.968906867216,-185.681753700335,-2418.47414634094,135.538375277486,-161.892406497077,-2433.84662678191
"OPTOTRAK _ P83 _ Right _ 4",128.415558456675,-184.496102271457,-2418.88128740128,129.869506456637,-164.493049306392,-2427.39873683833
"OPTOTRAK _ P83 _ Right _ 4",128.679150238637,-184.445746866605,-2418.95061549788,126.90073237858,-165.631137566116,-2424.6138397919
"OPTOTRAK _ P83 _ Right _ 4",127.651877700343,-185.530674572414,-2418.62014078575,127.035120571272,-165.064198066995,-2425.89372821923
"OPTOTRAK _ P83 _ Right _ 4",125.446071517451,-187.564771503202,-2417.90108483869,130.229420753275,-162.834497346674,-2431.00040661315
"OPTOTRAK _ P83 _ Right _ 4",122.37714581589,-190.205321695305,-2416.87768449352,135.997742210434,-159.267291066398,-2439.10174469839
"OPTOTRAK _ P83 _ Right _ 4",118.91641346001,-193.005770992361,-2415.69567702576,143.468006052388,-154.914808615452,-2448.9035610284
"OPTOTRAK _ P83 _ Right _ 4",115.618571245112,-195.486250135024,-2414.53974935767,151.49758997778,-150.455678657461,-2458.85218210685
"OPTOTRAK _ P83 _ Right _ 4",113.033212089174,-197.212702445375,-2413.6024812066,158.845072245667,-146.57288923519,-2467.3799378584
"OPTOTRAK _ P83 _ Right _ 4",111.614785053112,-197.871388284179,-2413.05044175596,164.375442397863,-143.839510172342,-2473.15482928529
"OPTOTRAK _ P83 _ Right _ 4",111.6472556172,-197.324186029356,-2412.99479708288,167.25870493989,-142.634920247892,-2475.29231326477
"OPTOTRAK _ P83 _ Right _ 4",113.196723470102,-195.633139977993,-2413.47265278526,167.117244354651,-143.099871428578,-2473.49403760489
"OPTOTRAK _ P83 _ Right _ 4",116.099412351052,-193.049078632112,-2414.44226929028,164.087714237863,-145.127109282981,-2468.09131717968
"OPTOTRAK _ P83 _ Right _ 4",119.986526720689,-189.966569765431,-2415.79206336622,158.783585518078,-148.381782866746,-2459.98548368138
"OPTOTRAK _ P83 _ Right _ 4",124.342142760888,-186.854265958737,-2417.36079861059,152.168735121811,-152.349589841383,-2450.49274535407
"OPTOTRAK _ P83 _ Right _ 4",128.584747092972,-184.174795666478,-2418.96447054209,145.375029318977,-156.412368659414,-2441.11979993353
"OPTOTRAK _ P83 _ Right _ 4",132.157723444287,-182.310558649329,-2420.42429949379,139.510214801802,-159.945292705734,-2433.31470388494
"OPTOTRAK _ P83 _ Right _ 4",134.611722861948,-181.509638042615,-2421.59065817905,135.498597844055,-162.419892524948,-2428.24464417996
"OPTOTRAK _ P83 _ Right _ 4",135.66478170571,-181.859467564612,-2422.35981388826,133.976128576895,-163.491380960414,-2426.64043761336
"OPTOTRAK _ P83 _ Right _ 4",135.233083424747,-183.287671483967,-2422.68297833094,135.236678180503,-163.051784467797,-2428.72308172721
"OPTOTRAK _ P83 _ Right _ 4",133.43224577344,-185.583822231518,-2422.56878933085,139.214179071536,-161.238613119606,-2434.20651169053
"OPTOTRAK _ P83 _ Right _ 4",130.552764083606,-188.434806562049,-2422.08023859312,145.491164949042,-158.39725163826,-2442.36256984366
"OPTOTRAK _ P83 _ Right _ 4",127.014202669313,-191.468424325395,-2421.32587068809,153.338047807317,-155.004106322414,-2452.13484369459
"OPTOTRAK _ P83 _ Right _ 4",123.303794345507,-194.301427267038,-2420.44453475629,161.793849180593,-151.568593518156,-2462.28750345917
"OPTOTRAK _ P83 _ Right _ 4",119.907990931809,-196.587620564196,-2419.58440090327,169.790457942306,-148.541428248078,-2471.56979648848
"OPTOTRAK _ P83 _ Right _ 4",117.248327099131,-198.060050487197,-2418.87970335836,176.304516872938,-146.255698729145,-2478.87170065449
"OPTOTRAK _ P83 _ Right _ 4",115.632159949816,-198.561221694728,-2418.43042928656,180.507102249884,-144.912168027896,-2483.3485557041
"OPTOTRAK _ P83 _ Right _ 4",115.223696616461,-198.057668140809,-2418.2893447653,181.88063031831,-144.5988859373,-2484.50299965411
"OPTOTRAK _ P83 _ Right _ 4",116.034650762639,-196.638490961059,-2418.45808286606,180.283090322293,-145.321028997168,-2482.2244725937
"OPTOTRAK _ P83 _ Right _ 4",117.930845630425,-194.499660336951,-2418.89152103752,175.953177394191,-147.017794750119,-2476.79195306927
"OPTOTRAK _ P83 _ Right _ 4",120.651829395889,-191.916562108618,-2419.50852538894,169.45994785566,-149.556895614273,-2468.84249910563
"OPTOTRAK _ P83 _ Right _ 4",123.842621568588,-189.207580737573,-2420.20701705013,161.60758143149,-152.715240222149,-2459.30259655893
"OPTOTRAK _ P83 _ Right _ 4",127.097037823477,-186.692620065811,-2420.88124398023,153.313085168553,-156.167129689456,-2449.2802912446
"OPTOTRAK _ P83 _ Right _ 4",130.009378907191,-184.652383133009,-2421.43857567053,145.482268233519,-159.50133174244,-2439.92716994837
"OPTOTRAK _ P83 _ Right _ 4",132.227033884232,-183.295585334606,-2421.81250112765,138.91114253218,-162.27476220143,-2432.29376913312
"OPTOTRAK _ P83 _ Right _ 4",133.494032086529,-182.740245432261,-2421.96886006272,134.229559486443,-164.091536673677,-2427.20759969465
"OPTOTRAK _ P83 _ Right _ 4",133.677325129858,-183.011322904731,-2421.90426474641,131.883266284285,-164.684054917192,-2425.19353655627
"OPTOTRAK _ P83 _ Right _ 4",132.772819496885,-184.052160775372,-2421.6384201895,132.132091096286,-163.972673282255,-2426.43898539139
"OPTOTRAK _ P83 _ Right _ 4",130.8933629035,-185.744354239808,-2421.20393546521,135.03909917441,-162.087632603061,-2430.79454951496
"OPTOTRAK _ P83 _ Right _ 4",128.243148948326,-187.930971713288,-2420.63703345888,140.440924138941,-159.345197399062,-2437.80120134041
"OPTOTRAK _ P83 _ Right _ 4",125.082751597702,-190.439936649788,-2419.970680203,147.912717711453,-156.179324424981,-2446.74147512403
"OPTOTRAK _ P83 _ Right _ 4",121.689082269415,-193.105247524679,-2419.2298528193,156.756714221564,-153.043308454302,-2456.71473962124
"OPTOTRAK _ P83 _ Right _ 4",118.316911339184,-195.782605575163,-2418.42864790706,166.040862021747,-150.310311062171,-2466.73098105398
"OPTOTRAK _ P83 _ Right _ 4",115.171422959682,-198.354783850318,-2417.57051905582,174.694951415623,-148.207810428379,-2475.80899479802
"OPTOTRAK _ P83 _ Right _ 4",112.400262871011,-200.723735710446,-2416.65395997841,181.648647467875,-146.810044639451,-2483.06248954143
"OPTOTRAK _ P83 _ Right _ 4",110.106662596255,-202.791918168339,-2415.68447484471,185.982509305798,-146.087041908966,-2487.76533155765
"OPTOTRAK _ P83 _ Right _ 4",108.375551766018,-204.441993352423,-2414.69009440607,187.064005488634,-145.982858802931,-2489.4002071348
"OPTOTRAK _ P83 _ Right _ 4",107.297716875818,-205.527884683243,-2413.73434877973,184.649427825606,-146.483451800639,-2487.70353836244
"OPTOTRAK _ P83 _ Right _ 4",106.976868087481,-205.888323666068,-2412.91973002465,178.939770308532,-147.640900375886,-2482.71586372155
"OPTOTRAK _ P83 _ Right _ 4",107.511320058449,-205.386174170929,-2412.37705080966,170.579810990813,-149.540835947997,-2474.83115528123
"OPTOTRAK _ P83 _ Right _ 4",108.953376134262,-203.965132589657,-2412.24098797491,160.589065379608,-152.225517485179,-2464.81954591663
"OPTOTRAK _ P83 _ Right _ 4",111.260934416527,-201.70441839427,-2412.61759233575,150.219861359063,-155.607058703515,-2453.7891266593
"OPTOTRAK _ P83 _ Right _ 4",114.262216417209,-198.847409022615,-2413.55326455967,140.756906977818,-159.414525426197,-2443.06404855618
"OPTOTRAK _ P83 _ Right _ 4",117.652525038748,-195.785635546599,-2415.01500221836,133.29864166448,-163.207783493305,-2433.98690916972
"OPTOTRAK _ P83 _ Right _ 4",121.032012325384,-192.994193630044,-2416.8886686123,128.576776533566,-166.462028951516,-2427.68793516546
"OPTOTRAK _ P83 _ Right _ 4",123.97965249264,-190.932337099142,-2418.99698269512,126.861617324985,-168.695040741067,-2424.8809231711
"OPTOTRAK _ P83 _ Right _ 4",126.146296934613,-189.93592579247,-2421.13347348327,127.968624685793,-169.593368262072,-2425.73636237917
"OPTOTRAK _ P83 _ Right _ 4",127.3426257316,-190.131723356044,-2423.10415330465,131.34563627688,-169.099768936957,-2429.85497741125
"OPTOTRAK _ P83 _ Right _ 4",127.597142010607,-191.397664244827,-2424.76628252552,136.201342567371,-167.4413714944,-2436.33880831764
"OPTOTRAK _ P83 _ Right _ 4",127.164564946537,-193.381526071733,-2426.05394256189,141.640157620759,-165.093179790206,-2443.94282232106
"OPTOTRAK _ P83 _ Right _ 4",126.475483830231,-195.576283092523,-2426.98320997405,146.786240629098,-162.682136818167,-2451.28483590045
"OPTOTRAK _ P83 _ Right _ 4",126.033359449137,-197.436162258962,-2427.63521921701,150.893988873603,-160.848175983053,-2457.08593976061
"OPTOTRAK _ P83 _ Right _ 4",126.282287313564,-198.505637182083,-2428.12235658948,153.443816341518,-160.092451062955,-2460.40333655312
"OPTOTRAK _ P83 _ Right _ 4",127.482093722433,-198.527966870533,-2428.54884394067,154.212743333915,-160.652937668227,-2460.80786542576
"OPTOTRAK _ P83 _ Right _ 4",129.628759148955,-197.504012771586,-2428.97882879548,153.301482809577,-162.444577215621,-2458.46062095733
"OPTOTRAK _ P83 _ Right _ 4",132.444813492046,-195.686317041898,-2429.42126479731,151.104911493822,-165.082349842997,-2454.06442100169
"OPTOTRAK _ P83 _ Right _ 4",135.441289149711,-193.512973101042,-2429.83336641122,148.230717385011,-167.978510613445,-2448.70170416253
"OPTOTRAK _ P83 _ Right _ 4",138.030528048711,-191.50262921073,-2430.13759917051,145.388609655941,-170.482369682896,-2443.6040695196
"OPTOTRAK _ P83 _ Right _ 4",139.656830177383,-190.139628935284,-2430.2443462672,143.276483130618,-172.022308160009,-2439.9129364445
"OPTOTRAK _ P83 _ Right _ 4",139.912388628976,-189.775747208442,-2430.07372281336,142.479991061924,-172.216451222637,-2438.48170217945
"OPTOTRAK _ P83 _ Right _ 4",138.615346248767,-190.566144480187,-2429.57311970222,143.390017070269,-170.933254753039,-2439.74842134506
"OPTOTRAK _ P83 _ Right _ 4",135.838787054673,-192.447226026257,-2428.72928728239,146.139753945154,-168.297008028945,-2443.68879600255
"OPTOTRAK _ P83 _ Right _ 4",131.889866232581,-195.15598516454,-2427.57403048756,150.5696603856,-164.642499343036,-2449.84755783128
"OPTOTRAK _ P83 _ Right _ 4",127.246713713626,-198.284117513735,-2426.1819353068,156.234921900717,-160.43100378381,-2457.43782676812
"OPTOTRAK _ P83 _ Right _ 4",122.468421802795,-201.35474022085,-2424.65913133122,162.465990882786,-156.149298382695,-2465.48734952487
"OPTOTRAK _ P83 _ Right _ 4",118.099496094093,-203.905355031943,-2423.12491591052,168.476539729775,-152.22075535378,-2472.99921731064
"OPTOTRAK _ P83 _ Right _ 4",114.590911251416,-205.559933249594,-2421.69147470792,173.493925446594,-148.954401013264,-2479.09085704099
"OPTOTRAK _ P83 _ Right _ 4",112.252643675566,-206.077347082791,-2420.44798030574,176.878193161565,-146.541356956566,-2483.0851411548
"OPTOTRAK _ P83 _ Right _ 4",111.239746051794,-205.371559448413,-2419.45288228985,178.202779543499,-145.086385067411,-2484.54842855123
"OPTOTRAK _ P83 _ Right _ 4",111.562457003938,-203.507197969779,-2418.7340496776,177.288002730626,-144.647888039385,-2483.29115592923
"OPTOTRAK _ P83 _ Right _ 4",113.106284458721,-200.678796821156,-2418.29342489047,174.195882113165,-145.259660812075,-2479.35610148891
"OPTOTRAK _ P83 _ Right _ 4",115.651479023617,-197.181908458101,-2418.11243428835,169.203042087829,-146.920328699869,-2473.01349226767
"OPTOTRAK _ P83 _ Right _ 4",118.889481771483,-193.380804552612,-2418.15611685871,162.765453483595,-149.554954237072,-2464.76507858299
"OPTOTRAK _ P83 _ Right _ 4",122.441573179561,-189.673429922658,-2418.37619490315,155.47937800616,-152.969585012354,-2455.34130376795
"OPTOTRAK _ P83 _ Right _ 4",125.887440999544,-186.452555552043,-2418.71434701843,148.035487333301,-156.826256446172,-2445.66799249657
"OPTOTRAK _ P83 _ Right _ 4",128.8070817479,-184.063926596312,-2419.1060179417,141.163334602432,-160.659303148147,-2436.78740326057
"OPTOTRAK _ P83 _ Right _ 4",130.831341230565,-182.765922777949,-2419.4834767056,135.568540031606,-163.936629232489,-2429.73783978982
"OPTOTRAK _ P83 _ Right _ 4",131.690552027295,-182.697340177586,-2419.77687020162,131.867288565199,-166.151461685792,-2425.41267827109
"OPTOTRAK _ P83 _ Right _ 4",131.251215151747,-183.858405890826,-2419.91451997046,130.519073011351,-166.920664465123,-2424.42388511394
"OPTOTRAK _ P83 _ Right _ 4",129.535784327332,-186.10668192394,-2419.82650684913,131.755672416084,-166.066440047367,-2426.98998018035
"OPTOTRAK _ P83 _ Right _ 4",126.725003455863,-189.167362791161,-2419.45536848519,135.510215158787,-163.663534491835,-2432.86406081646
"OPTOTRAK _ P83 _ Right _ 4",123.14276115519,-192.657825916787,-2418.77338664335,141.364023690162,-160.039797314182,-2441.31818962579
"OPTOTRAK _ P83 _ Right _ 4",119.222015325631,-196.12719583429,-2417.80009949848,148.540578146718,-155.726000527145,-2451.20051539947
"OPTOTRAK _ P83 _ Right _ 4",115.451382934107,-199.11034260569,-2416.61089427622,155.973902635858,-151.363756731407,-2461.07285497625
"OPTOTRAK _ P83 _ Right _ 4",112.307162102782,-201.191537536489,-2415.33037573655,162.458986137322,-147.594219966942,-2469.41775966568
"OPTOTRAK _ P83 _ Right _ 4",110.181731543009,-202.068219712193,-2414.11080992394,166.861810611337,-144.955607239487,-2474.88276743932
"OPTOTRAK _ P83 _ Right _ 4",109.321858749047,-201.60298871082,-2413.10185019043,168.340812018639,-143.80945058503,-2476.51575671643
"OPTOTRAK _ P83 _ Right _ 4",109.788243476307,-199.85306342233,-2412.42004849242,166.522497245712,-144.300168295741,-2473.94411244495
"OPTOTRAK _ P83 _ Right _ 4",111.443293286321,-197.069922070891,-2412.12576644695,161.584446131528,-146.342088204903,-2467.45981662731
"OPTOTRAK _ P83 _ Right _ 4",113.9702058566,-193.666484947214,-2412.2128002685,154.223798466584,-149.628647671014,-2457.98845859259
"OPTOTRAK _ P83 _ Right _ 4",116.922466854327,-190.154954941548,-2412.61298531935,145.520549843188,-153.66560124503,-2446.9412567135
"OPTOTRAK _ P83 _ Right _ 4",119.797105763017,-187.065180726309,-2413.21405802159,136.733933337006,-157.833627259185,-2435.97538395212
"OPTOTRAK _ P83 _ Right _ 4",122.118121415941,-184.859295212584,-2413.88500106448,129.086644957466,-161.479445038467,-2426.71325503072
"OPTOTRAK _ P83 _ Right _ 4",123.512385917211,-183.860100953324,-2414.50121981568,123.587076514417,-164.022011862929,-2420.48285065285
"OPTOTRAK _ P83 _ Right _ 4",123.762788718839,-184.206346407889,-2414.96360995383,120.915636489115,-165.051625461168,-2418.12957702891
"OPTOTRAK _ P83 _ Right _ 4",122.831426585796,-185.839816786941,-2415.20960010572,121.372618819939,-164.400528211223,-2419.9225010482
"OPTOTRAK _ P83 _ Right _ 4",120.854088658166,-188.521789619411,-2415.21757603847,124.86965088738,-162.170494608796,-2425.55188450128
"OPTOTRAK _ P83 _ Right _ 4",118.111819220075,-191.872801779966,-2415.00667713241,130.950201940124,-158.710812463913,-2434.20222672631
"OPTOTRAK _ P83 _ Right _ 4",114.986096630451,-195.428869715181,-2414.63237329497,138.837612433701,-154.54938322221,-2444.68264973185
"OPTOTRAK _ P83 _ Right _ 4",111.904160616219,-198.706673623173,-2414.17693459974,147.517417871792,-150.292144386067,-2455.59550300765
"OPTOTRAK _ P83 _ Right _ 4",109.282036574312,-201.268831116912,-2413.73482834939,155.857015281247,-146.517349807027,-2465.52087815315
"OPTOTRAK _ P83 _ Right _ 4",107.473451931983,-202.7798052628,-2413.39563706469,162.753310219672,-143.692528063416,-2473.19296676138
"OPTOTRAK _ P83 _ Right _ 4",106.73082510073,-203.045020844529,-2413.22882642445,167.287157728908,-142.129497167174,-2477.64827234594
"OPTOTRAK _ P83 _ Right _ 4",107.180173438488,-202.030009054254,-2413.27399264925,168.859009396918,-141.973901186487,-2478.33445612097
"OPTOTRAK _ P83 _ Right _ 4",108.80824402614,-199.860511518595,-2413.53783654284,167.283110665865,-143.212784935145,-2475.17592428153
"OPTOTRAK _ P83 _ Right _ 4",111.460023519336,-196.806405386733,-2413.9968919377,162.823602413231,-145.684008468087,-2468.59300979117
"OPTOTRAK _ P83 _ Right _ 4",114.847590302472,-193.251876542892,-2414.60397465215,156.162685645757,-149.082584140443,-2459.46705340484
"OPTOTRAK _ P83 _ Right _ 4",118.57405545075,-189.653000398028,-2415.2962049384,148.300771715277,-152.972682347299,-2449.04179725454
"OPTOTRAK _ P83 _ Right _ 4",122.175923384445,-186.483949581645,-2416.0027758735,140.403455172056,-156.820641960605,-2438.7606640762
"OPTOTRAK _ P83 _ Right _ 4",125.182604970071,-184.175585166228,-2416.65126341893,133.625771371926,-160.058671038943,-2430.05945080029
"OPTOTRAK _ P83 _ Right _ 4",127.185262317197,-183.054014676681,-2417.17232809809,128.950015649856,-162.173998800951,-2424.15283915072
"OPTOTRAK _ P83 _ Right _ 4",127.902507422436,-183.289107650383,-2417.50392876872,127.063250871505,-162.803786759119,-2421.85703103909
"OPTOTRAK _ P83 _ Right _ 4",127.230015128073,-184.862392840791,-2417.59688675573,128.281645774814,-161.810568790021,-2423.47786104188
"OPTOTRAK _ P83 _ Right _ 4",125.264162999373,-187.561055024362,-2417.42305063573,132.516042305182,-159.317037741145,-2428.77539082644
"OPTOTRAK _ P83 _ Right _ 4",122.29437762688,-191.001363423386,-2416.9853507513,139.274707797117,-155.688643914868,-2437.00359776478
"OPTOTRAK _ P83 _ Right _ 4",118.763910460648,-194.680848745961,-2416.32650173011,147.708585509781,-151.465565296647,-2447.0176658446
"OPTOTRAK _ P83 _ Right _ 4",115.204369802861,-198.053173772998,-2415.53155707159,156.70782323081,-147.260958235639,-2457.43500977117
"OPTOTRAK _ P83 _ Right _ 4",112.154930982415,-200.613694768358,-2414.72045948613,165.04851255939,-143.654319111559,-2466.82710547811
"OPTOTRAK _ P83 _ Right _ 4",110.080528464819,-201.979977976763,-2414.03012460495,171.570724055588,-141.108654324685,-2473.91261953616
"OPTOTRAK _ P83 _ Right _ 4",109.302480281956,-201.952375445954,-2413.58943607001,175.355444295838,-139.925815587366,-2477.72416066527
"OPTOTRAK _ P83 _ Right _ 4",109.950736300327,-200.544640434744,-2413.49275922866,175.866802602785,-140.234920847996,-2477.73043390786
"OPTOTRAK _ P83 _ Right _ 4",111.942572823314,-197.980663700295,-2413.77793845151,173.034793977003,-141.997293654195,-2473.90543374408
"OPTOTRAK _ P83 _ Right _ 4",114.990381444119,-194.658461890367,-2414.41408031021,167.26534682936,-145.013807262459,-2466.74002296055
"OPTOTRAK _ P83 _ Right _ 4",118.640156958949,-191.086465054715,-2415.30295293504,159.375473549944,-148.932750057595,-2457.1897267405
"OPTOTRAK _ P83 _ Right _ 4",122.339257846344,-187.801143289667,-2416.29498537405,150.463323630821,-153.268758499583,-2446.55410216446
"OPTOTRAK _ P83 _ Right _ 4",125.525302253865,-185.279478629482,-2417.21670341512,141.737362033503,-157.446967803848,-2436.2951258804
"OPTOTRAK _ P83 _ Right _ 4",127.719947873662,-183.86296369738,-2417.90262481324,134.33987531599,-160.877826215758,-2427.82181773576
"OPTOTRAK _ P83 _ Right _ 4",128.607102667083,-183.708658705238,-2418.22344037733,129.198389075672,-163.052295455561,-2422.28248375095
"OPTOTRAK _ P83 _ Right _ 4",128.078641487332,-184.776119875729,-2418.10460673782,126.922852289189,-163.635024816577,-2420.4034029431
"OPTOTRAK _ P83 _ Right _ 4",126.240307512159,-186.849464281076,-2417.53369053008,127.747724954373,-162.530936670067,-2422.39659292977
"OPTOTRAK _ P83 _ Right _ 4",123.380574049541,-189.58620829932,-2416.5581131421,131.510415696107,-159.906660345629,-2427.94260603584
"OPTOTRAK _ P83 _ Right _ 4",119.911764032983,-192.581248429816,-2415.27568632731,137.663822616726,-156.158625221784,-2436.24520762222
"OPTOTRAK _ P83 _ Right _ 4",116.29587181141,-195.434133526771,-2413.81934732509,145.33075752095,-151.833752795557,-2446.14981166058
"OPTOTRAK _ P83 _ Right _ 4",112.969310413582,-197.808335488543,-2412.33719902157,153.408766341574,-147.52479430656,-2456.3098575817
"OPTOTRAK _ P83 _ Right _ 4",110.281295197677,-199.472412368333,-2410.97065395447,160.721126705151,-143.772490322213,-2465.3748857871
"OPTOTRAK _ P83 _ Right _ 4",108.4575932722,-200.316444674222,-2409.83565976195,166.191315775814,-141.001803693367,-2472.16811982008
"OPTOTRAK _ P83 _ Right _ 4",107.593780163494,-200.343513032428,-2409.01181737278,169.006552382088,-139.500020321718,-2475.82624478934
"OPTOTRAK _ P83 _ Right _ 4",107.672537561328,-199.643154343674,-2408.54088605808,168.737910434393,-139.422874694321,-2475.88816438525
"OPTOTRAK _ P83 _ Right _ 4",108.592753360457,-198.35832915515,-2408.43196453601,165.396664140901,-140.804938576451,-2472.33394361963
"OPTOTRAK _ P83 _ Right _ 4",110.197472907038,-196.657400027307,-2408.66848514944,159.420816600444,-143.55680638327,-2465.58109447496
"OPTOTRAK _ P83 _ Right _ 4",112.292633144735,-194.718201963033,-2409.21307452671,151.597175458114,-147.448288696985,-2456.44147005988
"OPTOTRAK _ P83 _ Right _ 4",114.655894190819,-192.724480534052,-2410.00919502393,142.933442763126,-152.09373590526,-2446.03561555106
"OPTOTRAK _ P83 _ Right _ 4",117.041177361452,-190.868642393788,-2410.98139214887,134.503692105646,-156.963346047728,-2435.66236916203
"OPTOTRAK _ P83 _ Right _ 4",119.187143849146,-189.351623989351,-2412.03746404331,127.297689258821,-161.437426115547,-2426.63338780383
"OPTOTRAK _ P83 _ Right _ 4",120.836054705746,-188.372032396272,-2413.0753822602,122.103784994433,-164.901410655501,-2420.09797306272
"OPTOTRAK _ P83 _ Right _ 4",121.764512377005,-188.101634524446,-2413.9956984485,119.442145040989,-166.859081686341,-2416.89053308076
"OPTOTRAK _ P83 _ Right _ 4",121.821917421083,-188.650395131161,-2414.71750153565,119.544305371817,-167.032291717795,-2417.4252187653
"OPTOTRAK _ P83 _ Right _ 4",120.968164176799,-190.029450059407,-2415.19398377233,122.359292867075,-165.420599981809,-2421.64681575654
"OPTOTRAK _ P83 _ Right _ 4",119.300161955157,-192.12348588866,-2415.42320960901,127.566865416718,-162.306543014504,-2429.0363802369
"OPTOTRAK _ P83 _ Right _ 4",117.057552732575,-194.68414808717,-2415.45079902967,134.593764030146,-158.20482570652,-2438.66882718633
"OPTOTRAK _ P83 _ Right _ 4",114.601653360372,-197.35240584142,-2415.36320784913,142.646419933413,-153.765941359438,-2449.32099878784
"OPTOTRAK _ P83 _ Right _ 4",112.36781446556,-199.710244452888,-2415.27234698009,150.779035289523,-149.65712614738,-2459.62435617118
"OPTOTRAK _ P83 _ Right _ 4",110.798453064815,-201.352790966686,-2415.29417879293,158.00459813056,-146.451219437503,-2468.24595582947
"OPTOTRAK _ P83 _ Right _ 4",110.269307378997,-201.964866897862,-2415.52554097237,163.435937509164,-144.549861140658,-2474.07170997587
"OPTOTRAK _ P83 _ Right _ 4",111.022943452237,-201.38409239988,-2416.02426091963,166.427543931092,-144.151464667738,-2476.3634410869
"OPTOTRAK _ P83 _ Right _ 4",113.121465765272,-199.636281195166,-2416.79711651966,166.684726664428,-145.256130905302,-2474.86603403939
"OPTOTRAK _ P83 _ Right _ 4",116.426719566627,-196.935779572437,-2417.79848703963,164.313899425582,-147.690368658126,-2469.84856579737
"OPTOTRAK _ P83 _ Right _ 4",120.612412458288,-193.651058410614,-2418.94011723383,159.801390602818,-151.137757157491,-2462.07053577742
"OPTOTRAK _ P83 _ Right _ 4",125.208081393736,-190.242779475764,-2420.10961583255,153.92496197293,-155.171889773913,-2452.67312541508
"OPTOTRAK _ P83 _ Right _ 4",129.668744637561,-187.187080328739,-2421.19257839355,147.619894462326,-159.295837179412,-2443.00938618594
"OPTOTRAK _ P83 _ Right _ 4",133.457426761252,-184.899932543842,-2422.09173525273,141.83385441111,-162.992320596276,-2434.44394602346
"OPTOTRAK _ P83 _ Right _ 4",136.12401350188,-183.677389463491,-2422.73767618045,137.403096471171,-165.782753691531,-2428.16167326753
"OPTOTRAK _ P83 _ Right _ 4",137.366107424616,-183.660674143812,-2423.08963078999,134.965368659044,-167.288074808105,-2425.01708062214
"OPTOTRAK _ P83 _ Right _ 4",137.064699673487,-184.826806002082,-2423.12961343492,134.903484720729,-167.283577593728,-2425.43694449288
"OPTOTRAK _ P83 _ Right _ 4",135.294773090345,-186.999414725743,-2422.85616880757,137.3038473211,-165.740918032276,-2429.37291168487
"OPTOTRAK _ P83 _ Right _ 4",132.314099020459,-189.87352990408,-2422.28315758199,141.922773581577,-162.849257759918,-2436.29909945531
"OPTOTRAK _ P83 _ Right _ 4",128.532218241125,-193.051364581608,-2421.44483136816,148.172567858744,-159.005562782198,-2445.25812966077
"OPTOTRAK _ P83 _ Right _ 4",124.45951479745,-196.089370563648,-2420.40330276951,155.153592925375,-154.766929603848,-2454.96510115824
"OPTOTRAK _ P83 _ Right _ 4",120.637660364185,-198.556416720454,-2419.2517156907,161.755579857023,-150.768103315622,-2463.97288251864
"OPTOTRAK _ P83 _ Right _ 4",117.558512380246,-200.09830876159,-2418.10785583209,166.829225303911,-147.620173191899,-2470.88444062128
"OPTOTRAK _ P83 _ Right _ 4",115.585188941557,-200.498046051755,-2417.09747734234,169.398355893536,-145.812756804095,-2474.57865134492
"OPTOTRAK _ P83 _ Right _ 4",114.891611806241,-199.718197392724,-2416.33116746482,168.860191788804,-145.637800440148,-2474.40591010499
"OPTOTRAK _ P83 _ Right _ 4",115.433710697736,-197.913539005373,-2415.88093953496,165.118299196313,-147.143691758188,-2470.31262011897
"OPTOTRAK _ P83 _ Right _ 4",116.958918647853,-195.407997775599,-2415.76290646841,158.610545883503,-150.122066916752,-2462.86616587613
"OPTOTRAK _ P83 _ Right _ 4",119.053107815114,-192.638226169243,-2415.93106466361,150.225066161386,-154.129106663057,-2453.17025736769
"OPTOTRAK _ P83 _ Right _ 4",121.21656859615,-190.074821340266,-2416.28454857367,141.129892516482,-158.54358872119,-2442.6829030786
"OPTOTRAK _ P83 _ Right _ 4",122.953807184084,-188.138714322415,-2416.68695935428,132.564890665807,-162.659595278992,-2432.97277801047
"OPTOTRAK _ P83 _ Right _ 4",123.858308619389,-187.131659016747,-2416.99294595877,125.64834368052,-165.802037715282,-2425.46574328857
"OPTOTRAK _ P83 _ Right _ 4",123.675549806054,-187.194705338716,-2417.07584698898,121.233523878035,-167.443725913629,-2421.23198388747
"OPTOTRAK _ P83 _ Right _ 4",122.334899516783,-188.299205709595,-2416.85116214522,119.823771334428,-167.299615753525,-2420.84589155702
"OPTOTRAK _ P83 _ Right _ 4",119.949653050701,-190.266019755196,-2416.2925441334,121.535093251524,-165.377818070848,-2424.32804854277
"OPTOTRAK _ P83 _ Right _ 4",116.790308551865,-192.803956599444,-2415.43837967211,126.093181926069,-161.97494266882,-2431.16446115675
"OPTOTRAK _ P83 _ Right _ 4",113.238369907709,-195.558369774739,-2414.38760030369,132.86265647884,-157.61426554096,-2440.39391528218
"OPTOTRAK _ P83 _ Right _ 4",109.728425268449,-198.162582931864,-2413.2841931328,140.916519412013,-152.939853353586,-2450.75170085597
"OPTOTRAK _ P83 _ Right _ 4",106.687058091115,-200.285957975942,-2412.29212184894,149.151849187245,-148.594876719295,-2460.85068195951
"OPTOTRAK _ P83 _ Right _ 4",104.477946546039,-201.672752610748,-2411.56559574333,156.443248670462,-145.118600658926,-2469.37169206567
"OPTOTRAK _ P83 _ Right _ 4",103.361067246267,-202.167140272186,-2411.22165072733,161.808768996868,-142.886683872801,-2475.2327335724
"OPTOTRAK _ P83 _ Right _ 4",103.469369613898,-201.722877599134,-2411.32103199498,164.555500613464,-142.097630792292,-2477.71450767087
"OPTOTRAK _ P83 _ Right _ 4",104.801053501247,-200.399818182493,-2411.86010682743,164.377079705131,-142.788384033097,-2476.53359462964
"OPTOTRAK _ P83 _ Right _ 4",107.223256311504,-198.351455140633,-2412.77346568428,161.387451805867,-144.855880290074,-2471.86486756918
"OPTOTRAK _ P83 _ Right _ 4",110.484653545965,-195.806923937901,-2413.94555423521,156.087544212625,-148.070107759847,-2464.31623963349
"OPTOTRAK _ P83 _ Right _ 4",114.23788063492,-193.048579014118,-2415.22951382563,149.2721928583,-152.080072136037,-2454.85520984251
"OPTOTRAK _ P83 _ Right _ 4",118.074183979368,-190.384636691774,-2416.47085104507,141.895544918773,-156.426719748913,-2444.68706223107
"OPTOTRAK _ P83 _ Right _ 4",121.570220925052,-188.117045789498,-2417.53201799523,134.923547348989,-160.578384621158,-2435.09479856849
"OPTOTRAK _ P83 _ Right _ 4",124.341557269502,-186.50729892817,-2418.31252506865,129.205922890869,-163.993621746536,-2427.26620839761
"OPTOTRAK _ P83 _ Right _ 4",126.092957186412,-185.745058731657,-2418.75959520106,125.390745418499,-166.201042004273,-2422.14121504907
"OPTOTRAK _ P83 _ Right _ 4",126.655517213859,-185.924220512908,-2418.86729613381,123.884409681721,-166.876835204858,-2420.30463546154
"OPTOTRAK _ P83 _ Right _ 4",126.004986782289,-187.028873318987,-2418.66626627734,124.840855142412,-165.901936531718,-2421.93175221607
"OPTOTRAK _ P83 _ Right _ 4",124.260791101656,-188.930025352418,-2418.20924418069,128.159374675278,-163.387049179519,-2426.78080554263
"OPTOTRAK _ P83 _ Right _ 4",121.668116064704,-191.39429269638,-2417.5579758793,133.482271408034,-159.659441010289,-2434.22502528819
"OPTOTRAK _ P83 _ Right _ 4",118.565791043465,-194.106586379823,-2416.77478799171,140.201718797063,-155.21137535659,-2443.32177890104
"OPTOTRAK _ P83 _ Right _ 4",115.342919540514,-196.707614425529,-2415.91891834909,147.495550444601,-150.619325559786,-2452.91790811271
"OPTOTRAK _ P83 _ Right _ 4",112.38909987638,-198.842935209853,-2415.04580043742,154.406984195757,-146.45355804592,-2461.78454874021
"OPTOTRAK _ P83 _ Right _ 4",110.045730244433,-200.215426204315,-2414.20768807809,159.966838715547,-143.201434037676,-2468.76628605518
"OPTOTRAK _ P83 _ Right _ 4",108.566426131407,-200.630646401597,-2413.4549384859,163.339080071904,-141.219609861223,-2472.92537022359
"OPTOTRAK _ P83 _ Right _ 4",108.091538908326,-200.02626850252,-2412.83721208164,163.960712509785,-140.714509058059,-2473.66410622547
"OPTOTRAK _ P83 _ Right _ 4",108.637123388402,-198.481217862399,-2412.40284574316,161.647141769286,-141.738026087556,-2470.81344794065
"OPTOTRAK _ P83 _ Right _ 4",110.095918854494,-196.204644540286,-2412.19434499826,156.640601216708,-144.18464011761,-2464.67783141324
"OPTOTRAK _ P83 _ Right _ 4",112.248475709205,-193.507592878301,-2412.23944913303,149.58870632678,-147.786354119251,-2456.02450238231
"OPTOTRAK _ P83 _ Right _ 4",114.784875558496,-190.761333457571,-2412.53991250927,141.452681809931,-152.115296395907,-2446.00555907522
"OPTOTRAK _ P83 _ Right _ 4",117.338631919077,-188.346988816648,-2413.06227998765,133.360627277833,-156.610881838156,-2436.00998093853
"OPTOTRAK _ P83 _ Right _ 4",119.532589359501,-186.602207212555,-2413.73518172769,126.436084140041,-160.643278611845,-2427.46202105855
"OPTOTRAK _ P83 _ Right _ 4",121.032656077591,-185.771923954844,-2414.455984128,121.637594336555,-163.609436279557,-2421.60216292763
"OPTOTRAK _ P83 _ Right _ 4",121.601358278485,-185.970567397215,-2415.10692799272,119.635819704036,-165.041436055687,-2419.29433488872
"OPTOTRAK _ P83 _ Right _ 4",121.141446718088,-187.16178195163,-2415.57812466629,120.736850228597,-164.699179262719,-2420.8939459884
"OPTOTRAK _ P83 _ Right _ 4",119.72036989964,-189.159477096823,-2415.79252159479,124.846988002986,-162.622791453898,-2426.19415694668
"OPTOTRAK _ P83 _ Right _ 4",117.568683393457,-191.651660337197,-2415.72657794637,131.474414363276,-159.130352643349,-2434.45405469251
"OPTOTRAK _ P83 _ Right _ 4",115.049323036336,-194.245807145316,-2415.42042994856,139.772534485958,-154.759928477904,-2444.50443541475
"OPTOTRAK _ P83 _ Right _ 4",112.600572286365,-196.530510537098,-2414.97335988221,148.635301686782,-150.169989123316,-2454.91880091389
"OPTOTRAK _ P83 _ Right _ 4",110.662640037323,-198.143259128834,-2414.52445404052,156.846605983902,-146.02513308021,-2464.22531690756
"OPTOTRAK _ P83 _ Right _ 4",109.602978286421,-198.830916775945,-2414.22312347726,163.266273897243,-142.89681701752,-2471.12463235214
"OPTOTRAK _ P83 _ Right _ 4",109.655613700368,-198.490344305715,-2414.19726835001,167.016889291588,-141.197705654086,-2474.67654492662
"OPTOTRAK _ P83 _ Right _ 4",110.884727351026,-197.181658061816,-2414.52672978608,167.630138977534,-141.149951715822,-2474.42752312901
"OPTOTRAK _ P83 _ Right _ 4",113.175858474549,-195.113397811832,-2415.22704624283,165.120585149585,-142.774767839262,-2470.46505285737
"OPTOTRAK _ P83 _ Right _ 4",116.253072644265,-192.604605206089,-2416.24548083491,159.972350026963,-145.890722871871,-2463.39615290872
"OPTOTRAK _ P83 _ Right _ 4",119.718103009523,-190.032193901527,-2417.46905917834,153.043442415054,-150.118794988654,-2454.25437192037
"OPTOTRAK _ P83 _ Right _ 4",123.106301703147,-187.773129332609,-2418.74280907293,145.410010009497,-154.904071989094,-2444.34626178834
"OPTOTRAK _ P83 _ Right _ 4",125.952725656769,-186.150354584631,-2419.89504613347,138.185821409603,-159.567695561065,-2435.05824822294
"OPTOTRAK _ P83 _ Right _ 4",127.85986901818,-185.389512143426,-2420.76543067179,132.355717079092,-163.394564138786,-2427.65489220709
"OPTOTRAK _ P83 _ Right _ 4",128.557542658828,-185.590761069725,-2421.23101447222,128.651744512167,-165.747318727675,-2423.10198094499
"OPTOTRAK _ P83 _ Right _ 4",127.946011771024,-186.717136192444,-2421.22586897016,127.48091481984,-166.184706634362,-2421.93909960259
"OPTOTRAK _ P83 _ Right _ 4",126.115559144777,-188.598975862861,-2420.7511123434,128.895818731628,-164.558169608371,-2424.21234900983
"OPTOTRAK _ P83 _ Right _ 4",123.338454422928,-190.953594534927,-2419.87398782289,132.59504622038,-161.063054545432,-2429.4687619907
"OPTOTRAK _ P83 _ Right _ 4",120.032611410869,-193.419925998905,-2418.716671516,137.950279112622,-156.227402304943,-2436.8130761596
"OPTOTRAK _ P83 _ Right _ 4",116.70029743109,-195.607407491339,-2417.4371749113,144.070173008372,-150.832512048218,-2445.02822356089
"OPTOTRAK _ P83 _ Right _ 4",113.85011255221,-197.155397013142,-2416.20570763298,149.913816799597,-145.776210368805,-2452.75436521792
"OPTOTRAK _ P83 _ Right _ 4",111.914939741689,-197.794603801158,-2415.18023133987,154.452726588757,-141.907123163315,-2458.70618396729
"OPTOTRAK _ P83 _ Right _ 4",111.180689062241,-197.398175837336,-2414.48480908383,156.856715186527,-139.867303311346,-2461.89211265793
"OPTOTRAK _ P83 _ Right _ 4",111.739085320158,-196.009969519507,-2414.19367336789,156.659964551623,-139.976548892324,-2461.79172521486
"OPTOTRAK _ P83 _ Right _ 4",113.473071802393,-193.84171883495,-2414.32278749587,153.86103116097,-142.178726698039,-2458.45259276545
"OPTOTRAK _ P83 _ Right _ 4",116.077503415225,-191.23779623395,-2414.82955072741,148.926721852568,-146.056502345532,-2452.48330841141
"OPTOTRAK _ P83 _ Right _ 4",119.111952525558,-188.613869127016,-2415.62050724757,142.698230896581,-150.910295550034,-2444.94107317033
"OPTOTRAK _ P83 _ Right _ 4",122.076742881469,-186.382199947946,-2416.56614540126,136.227269462012,-155.888423139745,-2437.13638001531
"OPTOTRAK _ P83 _ Right _ 4",124.498181094509,-184.879939731379,-2417.52078673797,130.588031048918,-160.145816136772,-2430.3980129366
"OPTOTRAK _ P83 _ Right _ 4",126.006260276058,-184.315929730178,-2418.34449673147,126.709838495356,-163.00035167524,-2425.85019919328
"OPTOTRAK _ P83 _ Right _ 4",126.389853946935,-184.745936980886,-2418.92353789025,125.257343543528,-164.053996669985,-2424.24521333696
"OPTOTRAK _ P83 _ Right _ 4",125.620294096892,-186.078103184835,-2419.18629954963,126.56276692621,-163.253088597414,-2425.87422022945
"OPTOTRAK _ P83 _ Right _ 4",123.841517576852,-188.103387952602,-2419.11247473729,130.601939155561,-160.875235875403,-2430.55894557797
"OPTOTRAK _ P83 _ Right _ 4",121.331073790652,-190.542238951654,-2418.73407351137,137.007157958915,-157.44559964695,-2437.71483085184
"OPTOTRAK _ P83 _ Right _ 4",118.440780384132,-193.097899617947,-2418.12769474626,145.117204959463,-153.601730321424,-2446.47023725071
"OPTOTRAK _ P83 _ Right _ 4",115.529596480714,-195.506538852982,-2417.39885949668,154.066174100304,-149.942303421451,-2455.81932411003
"OPTOTRAK _ P83 _ Right _ 4",112.904071119045,-197.574169994944,-2416.66145649726,162.902790574282,-146.904267810518,-2464.77755530621
"OPTOTRAK _ P83 _ Right _ 4",110.781043580637,-199.191917710749,-2416.01756189562,170.717251262122,-144.705908039547,-2472.50546366251
"OPTOTRAK _ P83 _ Right _ 4",109.280788736262,-200.32649598619,-2415.54322553733,176.746394743809,-143.3685983681,-2478.37581613127
"OPTOTRAK _ P83 _ Right _ 4",108.447752159924,-200.991021300151,-2415.28339544307,180.437729571405,-142.798654848376,-2481.98100100979
"OPTOTRAK _ P83 _ Right _ 4",108.285458801736,-201.208969660792,-2415.25530647073,181.472984856119,-142.888740617192,-2483.10139125369
"OPTOTRAK _ P83 _ Right _ 4",108.787369187615,-200.98730229249,-2415.45665948066,179.768539762842,-143.594879577386,-2481.66899814697
"OPTOTRAK _ P83 _ Right _ 4",109.94842168069,-200.311601039316,-2415.87399806613,175.472610655966,-144.958713139231,-2477.75667278414
"OPTOTRAK _ P83 _ Right _ 4",111.751189734715,-199.167224011559,-2416.48769555068,168.966953997723,-147.067805157555,-2471.60346475092
"OPTOTRAK _ P83 _ Right _ 4",114.13239372815,-197.579090181,-2417.27217409567,160.862901814132,-149.9714241471,-2463.66103870932
"OPTOTRAK _ P83 _ Right _ 4",116.945515724736,-195.653237466113,-2418.19251835019,151.970360553414,-153.587715634016,-2454.62664843566
"OPTOTRAK _ P83 _ Right _ 4",119.93931102632,-193.600105737769,-2419.20048109533,143.223155568154,-157.643789647904,-2445.42540068054
"OPTOTRAK _ P83 _ Right _ 4",122.767918621129,-191.724553519628,-2420.2331818369,135.563729515387,-161.679311441493,-2437.12162694602
"OPTOTRAK _ P83 _ Right _ 4",125.037447521787,-190.379051304428,-2421.21658159493,129.811863899247,-165.119805883839,-2430.7682629268
"OPTOTRAK _ P83 _ Right _ 4",126.3809808844,-189.889331432859,-2422.07392643356,126.54987731432,-167.399281870533,-2427.22806241226
"OPTOTRAK _ P83 _ Right _ 4",126.54403841504,-190.470982144092,-2422.73772475984,126.045828558332,-168.096083215221,-2427.00857628207
"OPTOTRAK _ P83 _ Right _ 4",125.458442743687,-192.158827295856,-2423.16283228053,128.218003008815,-167.0456428377,-2430.14531532208
"OPTOTRAK _ P83 _ Right _ 4",123.28409635579,-194.769027549098,-2423.33768011987,132.634751101886,-164.40280738635,-2436.15561808593
"OPTOTRAK _ P83 _ Right _ 4",120.404050415526,-197.90785267477,-2423.29031547901,138.548904640428,-160.637139546509,-2444.07692909437
"OPTOTRAK _ P83 _ Right _ 4",117.367602273367,-201.031438455467,-2423.08596455101,144.975836092269,-156.45663435589,-2452.59453974362
"OPTOTRAK _ P83 _ Right _ 4",114.788452040097,-203.548256201952,-2422.81422917694,150.824216511829,-152.671511988676,-2460.24890679881
"OPTOTRAK _ P83 _ Right _ 4",113.218095545066,-204.943156808399,-2422.5674558466,155.072442576445,-150.027734734302,-2465.69150664301
"OPTOTRAK _ P83 _ Right _ 4",113.024117646689,-204.893255819243,-2422.4160987167,156.95908301866,-149.050849982561,-2467.93922157855
"OPTOTRAK _ P83 _ Right _ 4",114.304199918408,-203.345638690045,-2422.38927531005,156.138349405755,-149.937815852432,-2466.57038449492
"OPTOTRAK _ P83 _ Right _ 4",116.858216858,-200.535839909571,-2422.46727863595,152.754085257895,-152.519567898818,-2461.81504221321
"OPTOTRAK _ P83 _ Right _ 4",120.225746615996,-196.941706684731,-2422.58830558764,147.409160342372,-156.298309748149,-2454.51545834285
"OPTOTRAK _ P83 _ Right _ 4",123.779562859645,-193.184748804235,-2422.66656573375,141.040991395418,-160.547434764078,-2445.9645174689
"OPTOTRAK _ P83 _ Right _ 4",126.85196185301,-189.90466528061,-2422.6154563445,134.741982777135,-164.450743964634,-2437.66068513974
"OPTOTRAK _ P83 _ Right _ 4",128.864106576652,-187.637561644413,-2422.36868135156,129.572467121531,-167.251991163987,-2431.03684088172
"OPTOTRAK _ P83 _ Right _ 4",129.430921522289,-186.7231579732,-2421.89400353854,126.40112104253,-168.387137148518,-2427.21839434358
"OPTOTRAK _ P83 _ Right _ 4",128.423619873546,-187.254819625705,-2421.19773946539,125.785832601597,-167.579189442684,-2426.84752023539
"OPTOTRAK _ P83 _ Right _ 4",125.983702146356,-189.074862078924,-2420.32152040576,127.893778885838,-164.88438540361,-2429.98944439908
"OPTOTRAK _ P83 _ Right _ 4",122.491594380424,-191.810432957382,-2419.33471323731,132.46125422275,-160.684525170521,-2436.12500074235
"OPTOTRAK _ P83 _ Right _ 4",118.49855491551,-194.942002932159,-2418.32549725356,138.804968128385,-155.624815729683,-2444.23005777271
"OPTOTRAK _ P83 _ Right _ 4",114.633552088806,-197.89419679027,-2417.39160461062,145.902385740535,-150.504323190121,-2452.93721732968
"OPTOTRAK _ P83 _ Right _ 4",111.499386891749,-200.135529846144,-2416.63003948002,152.548406215237,-146.137703402221,-2460.76197375243
"OPTOTRAK _ P83 _ Right _ 4",109.574382271034,-201.270622019287,-2416.12521235598,157.57073466029,-143.215965216507,-2466.35803238709
"OPTOTRAK _ P83 _ Right _ 4",109.135669244896,-201.108227091872,-2415.93646082586,160.059759960667,-142.193477608446,-2468.75480982655
"OPTOTRAK _ P83 _ Right _ 4",110.216341273877,-199.69230997888,-2416.08721507164,159.55581084012,-143.218605852004,-2467.53110731424
"OPTOTRAK _ P83 _ Right _ 4",112.602756711806,-197.290410362702,-2416.55824190811,156.144319322124,-146.113895886151,-2462.891259761
"OPTOTRAK _ P83 _ Right _ 4",115.872147359582,-194.341545084707,-2417.28687857316,150.434119376028,-150.405122705241,-2455.62829239266
"OPTOTRAK _ P83 _ Right _ 4",119.464959474645,-191.373462761915,-2418.17329755317,143.426695027753,-155.395927628334,-2446.97949008679
"OPTOTRAK _ P83 _ Right _ 4",122.780290277397,-188.905331856843,-2419.09339533866,136.314066614139,-160.280539861718,-2438.40212456538
"OPTOTRAK _ P83 _ Right _ 4",125.277132349127,-187.355465330537,-2419.91607588684,130.259312804537,-164.278409255164,-2431.31625891818
"OPTOTRAK _ P83 _ Right _ 4",126.561954521258,-186.972396793694,-2420.52158859975,126.209298703009,-166.765857191277,-2426.86835783257
"OPTOTRAK _ P83 _ Right _ 4",126.446810769725,-187.801008395972,-2420.8180154743,124.767551223826,-167.378269997203,-2425.7586163093
"OPTOTRAK _ P83 _ Right _ 4",124.970179229648,-189.686191055072,-2420.7544402188,126.130961714928,-166.063517459816,-2428.1531209202
"OPTOTRAK _ P83 _ Right _ 4",122.380804080803,-192.308877824632,-2420.33022887057,130.081493535524,-163.078195591872,-2433.68239953122
"OPTOTRAK _ P83 _ Right _ 4",119.090090208181,-195.245241773122,-2419.59919937558,136.025559198974,-158.928853694252,-2441.51725303202
"OPTOTRAK _ P83 _ Right _ 4",115.601734516036,-198.03825527129,-2418.66609990969,143.079417183461,-154.271128393928,-2450.50701715943
"OPTOTRAK _ P83 _ Right _ 4",112.43019090259,-200.269956086351,-2417.67302246459,150.197745426352,-149.790616757213,-2459.35856554507
"OPTOTRAK _ P83 _ Right _ 4",110.02209671072,-201.622762133424,-2416.77639514104,156.331986545204,-146.094932004244,-2466.82702071755
"OPTOTRAK _ P83 _ Right _ 4",108.694431474517,-201.920357677409,-2416.11931112814,160.592292302002,-143.640313535042,-2471.88720477859
"OPTOTRAK _ P83 _ Right _ 4",108.598352801348,-201.143366993943,-2415.80602065992,162.381569221984,-142.699585459947,-2473.86185790513
"OPTOTRAK _ P83 _ Right _ 4",109.710377650825,-199.420651800876,-2415.88428475157,161.476125602656,-143.361053632496,-2472.49519581833
"OPTOTRAK _ P83 _ Right _ 4",111.846907474179,-197.001408676959,-2416.33860420956,158.041027904127,-145.540533794055,-2467.97126327964
"OPTOTRAK _ P83 _ Right _ 4",114.696216551267,-194.215193667116,-2417.09500986619,152.583036934388,-148.993970148266,-2460.88132861218
"OPTOTRAK _ P83 _ Right _ 4",117.86269659575,-191.426937775099,-2418.03635014048,145.855837574297,-153.330535743534,-2452.14503775835
"OPTOTRAK _ P83 _ Right _ 4",120.918734894028,-188.992935071407,-2419.02511998412,138.740074129687,-158.036550242272,-2442.89177004963
"OPTOTRAK _ P83 _ Right _ 4",123.458793191752,-187.22235695095,-2419.92883747858,132.123553104772,-162.521760462097,-2434.31493694458
"OPTOTRAK _ P83 _ Right _ 4",125.148988190982,-186.347129453221,-2420.6418540937,126.802686023649,-166.190621495736,-2427.51970684186
"OPTOTRAK _ P83 _ Right _ 4",125.76572247783,-186.500886681249,-2421.09842380302,123.41395334644,-168.528660795403,-2423.38662608701
"OPTOTRAK _ P83 _ Right _ 4",125.219490314518,-187.70572400485,-2421.2749337933,122.388681470543,-169.186294602245,-2422.46665229014
"OPTOTRAK _ P83 _ Right _ 4",123.56337942307,-189.865063834709,-2421.18314256083,123.915748895602,-168.042402033147,-2424.91307156694
"OPTOTRAK _ P83 _ Right _ 4",120.987564969805,-192.763163032948,-2420.85918247201,127.902608189519,-165.233882648898,-2430.45193034014
"OPTOTRAK _ P83 _ Right _ 4",117.800478724822,-196.075469087538,-2420.35351337469,133.942752224671,-161.142092756916,-2438.39692886975
"OPTOTRAK _ P83 _ Right _ 4",114.396133927488,-199.395863825855,-2419.72479953134,141.315140133878,-156.334081822126,-2447.71884658682
"OPTOTRAK _ P83 _ Right _ 4",111.207943125094,-202.283937464511,-2419.03730719106,149.044073159923,-151.468208366814,-2457.17346349059
"OPTOTRAK _ P83 _ Right _ 4",108.653085759626,-204.328197860456,-2418.35919452165,156.030688300383,-147.186350457485,-2465.47487694614
"OPTOTRAK _ P83 _ Right _ 4",107.075786879727,-205.213463112812,-2417.75915484461,161.237181603668,-144.019748964866,-2471.48356892254
"OPTOTRAK _ P83 _ Right _ 4",106.69933852063,-204.77712871279,-2417.30036678874,163.879022836413,-142.327467921514,-2474.37266318551
"OPTOTRAK _ P83 _ Right _ 4",107.59435214712,-203.041180854574,-2417.03215245155,163.573179520826,-142.270590703094,-2473.74403617523
"OPTOTRAK _ P83 _ Right _ 4",109.666926219969,-200.21292478804,-2416.98085448666,160.403894181028,-143.81247362858,-2469.68028861093
"OPTOTRAK _ P83 _ Right _ 4",112.66778822464,-196.654482584725,-2417.14248750602,154.893005838162,-146.732765137231,-2462.72979110008
"OPTOTRAK _ P83 _ Right _ 4",116.222099972563,-192.827306078828,-2417.48021499282,147.88805392175,-150.649409096765,-2453.82813815838
"OPTOTRAK _ P83 _ Right _ 4",119.877731253384,-189.222491240424,-2417.92878487604,140.401118665857,-155.051729749797,-2444.16522237694
"OPTOTRAK _ P83 _ Right _ 4",123.166435639896,-186.290008256478,-2418.40575718718,133.440530408193,-159.35137813273,-2435.01669443568
"OPTOTRAK _ P83 _ Right _ 4",125.66866528088,-184.379326840148,-2418.82681691107,127.873415783606,-162.953056523945,-2427.56838500373
"OPTOTRAK _ P83 _ Right _ 4",127.071168783439,-183.699938698888,-2419.12103802288,124.339564943379,-165.337394936868,-2422.76381251057
"OPTOTRAK _ P83 _ Right _ 4",127.208510285782,-184.304054275594,-2419.24233173377,123.213214932546,-166.141698223123,-2421.19434073919
"OPTOTRAK _ P83 _ Right _ 4",126.08407702374,-186.088207739971,-2419.17517231287,124.592179129727,-165.223767709751,-2423.03608133097
"OPTOTRAK _ P83 _ Right _ 4",123.870064234509,-188.808660008557,-2418.93495629517,128.293955819533,-162.696422233308,-2428.02936693055
"OPTOTRAK _ P83 _ Right _ 4",120.887398994824,-192.107739470362,-2418.56466594777,133.854977292571,-158.92265918875,-2435.49995640757
"OPTOTRAK _ P83 _ Right _ 4",117.566415555766,-195.551694971641,-2418.12914109627,140.54922384699,-154.465838139672,-2444.42831949988
"OPTOTRAK _ P83 _ Right _ 4",114.390002750462,-198.681341062961,-2417.70694122083,147.450470358887,-149.999509000564,-2453.57268440539
"OPTOTRAK _ P83 _ Right _ 4",111.824678212787,-201.073107247493,-2417.3793190475,153.550801055709,-146.195316952341,-2461.63890102503
"OPTOTRAK _ P83 _ Right _ 4",110.250142709943,-202.402186716075,-2417.2171649584,157.922464518321,-143.615925595454,-2467.47265498501
"OPTOTRAK _ P83 _ Right _ 4",109.90049871891,-202.495454017989,-2417.26863880593,159.886066114449,-142.635937558716,-2470.23854149465
"OPTOTRAK _ P83 _ Right _ 4",110.82816816947,-201.362306103095,-2417.55058876519,159.139498786579,-143.400106470606,-2469.55175582272
"OPTOTRAK _ P83 _ Right _ 4",112.896173292561,-199.19600041503,-2418.04550894502,155.812319197195,-145.815097799186,-2465.53873894075
"OPTOTRAK _ P83 _ Right _ 4",115.799062503872,-196.344194696512,-2418.70409853966,150.432849040616,-149.566581280214,-2458.81667042203
"OPTOTRAK _ P83 _ Right _ 4",119.108742883543,-193.253564402297,-2419.4524437893,143.820331289957,-154.156839709238,-2450.39499306511
"OPTOTRAK _ P83 _ Right _ 4",122.338111098892,-190.39871298827,-2420.20228691307,136.933924043727,-158.962674900164,-2441.51567928118
"OPTOTRAK _ P83 _ Right _ 4",125.012269681576,-188.208986389817,-2420.86247104741,130.718297227875,-163.313101323774,-2433.46183910723
"OPTOTRAK _ P83 _ Right _ 4",126.735553741819,-187.006733482551,-2421.34967232918,125.978868869897,-166.580599663642,-2427.37091210538
"OPTOTRAK _ P83 _ Right _ 4",127.244168116593,-186.966433821825,-2421.59721038171,123.300835016674,-168.273351517949,-2424.083274121
"OPTOTRAK _ P83 _ Right _ 4",126.438630158906,-188.097680073383,-2421.56183118461,123.005366190672,-168.113538100621,-2424.04183374783
"OPTOTRAK _ P83 _ Right _ 4",124.394908201869,-190.249677839373,-2421.22921216994,125.126483174986,-166.088271665748,-2427.24378461098
"OPTOTRAK _ P83 _ Right _ 4",121.355578391802,-193.133128975284,-2420.6187947206,129.39874663026,-162.462225936482,-2433.24128907144
"OPTOTRAK _ P83 _ Right _ 4",117.702209829179,-196.35645403676,-2419.78707522095,135.262390302317,-157.744614793624,-2441.19196403308
"OPTOTRAK _ P83 _ Right _ 4",113.909734342509,-199.474420994012,-2418.82652603765,141.90496644218,-152.611096249175,-2449.96255658858
"OPTOTRAK _ P83 _ Right _ 4",110.48534032249,-202.046122554881,-2417.85688802885,148.35578605198,-147.793958888075,-2458.28218669482
"OPTOTRAK _ P83 _ Right _ 4",107.898636499235,-203.696228111024,-2417.00804957584,153.630934566664,-143.965243837392,-2464.92703725709
"OPTOTRAK _ P83 _ Right _ 4",106.513669022286,-204.170846004782,-2416.39783382865,156.903053979888,-141.638741812699,-2468.90606520828
"OPTOTRAK _ P83 _ Right _ 4",106.533906017494,-203.379012271612,-2416.11067839067,157.655278269427,-141.106552355657,-2469.61497549754
"OPTOTRAK _ P83 _ Right _ 4",107.968636110117,-201.412557514012,-2416.18268752557,155.779885424489,-142.411951843764,-2466.93279421905
"OPTOTRAK _ P83 _ Right _ 4",110.625942966502,-198.539580085576,-2416.59596884169,151.596883351183,-145.352304938471,-2461.2458028793
"OPTOTRAK _ P83 _ Right _ 4",114.135011778196,-195.169651729126,-2417.28262342641,145.788792501115,-149.506533365627,-2453.39327833658
"OPTOTRAK _ P83 _ Right _ 4",117.997647265147,-191.793238280413,-2418.13706697681,139.269186643642,-154.286323816701,-2444.53984150394
"OPTOTRAK _ P83 _ Right _ 4",121.663608921867,-188.904024813778,-2419.03412071488,133.019048638322,-159.011549256666,-2435.99301293757
"OPTOTRAK _ P83 _ Right _ 4",124.617525627533,-186.91874560719,-2419.84930114569,127.930812840822,-163.005011354464,-2428.99904535455
"OPTOTRAK _ P83 _ Right _ 4",126.460551749147,-186.110987634138,-2420.47741361073,124.690939941896,-165.693129022911,-2424.55640431691
"OPTOTRAK _ P83 _ Right _ 4",126.970900082,-186.571369334187,-2420.84632840225,123.71163930766,-166.694451735427,-2423.27827579012
"OPTOTRAK _ P83 _ Right _ 4",126.133404536758,-188.198756478128,-2420.92441627439,125.103197939059,-165.879799090804,-2425.31825418222
"OPTOTRAK _ P83 _ Right _ 4",124.135587533068,-190.72028443496,-2420.72171862568,128.672298798047,-163.393309969783,-2430.35912035606
"OPTOTRAK _ P83 _ Right _ 4",121.333118547947,-193.734532078925,-2420.28570128236,133.939976778007,-159.629355474263,-2437.65993647271
"OPTOTRAK _ P83 _ Right _ 4",118.190785416245,-196.77128371575,-2419.69224717878,140.185309144003,-155.16708465442,-2446.15690852214
"OPTOTRAK _ P83 _ Right _ 4",115.207794550254,-199.36053538643,-2419.03232663705,146.525229589445,-150.674071385599,-2454.61017609897
"OPTOTRAK _ P83 _ Right _ 4",112.839137490201,-201.101829395108,-2418.39574547881,152.032254120755,-146.799879724561,-2461.77978159521
"OPTOTRAK _ P83 _ Right _ 4",111.426424806222,-201.723798343119,-2417.85528471595,155.875898120316,-144.082484846005,-2466.6051698285
"OPTOTRAK _ P83 _ Right _ 4",111.14986884754,-201.124542584137,-2417.45555312828,157.460482219464,-142.882549307519,-2468.3601242591
"OPTOTRAK _ P83 _ Right _ 4",112.008018217248,-199.386405173618,-2417.20955925442,156.528940861079,-143.348046269372,-2466.7600071457
"OPTOTRAK _ P83 _ Right _ 4",113.825979865265,-196.762762560941,-2417.10309657352,153.209249044428,-145.403629732229,-2462.0064783111
"OPTOTRAK _ P83 _ Right _ 4",116.288718531637,-193.638510429845,-2417.10446826623,147.993094495626,-148.759736679484,-2454.7627156289
"OPTOTRAK _ P83 _ Right _ 4",118.993745541254,-190.469760446297,-2417.17599536756,141.65163258388,-152.942215383271,-2446.05977975143
"OPTOTRAK _ P83 _ Right _ 4",121.515581238123,-187.712020082963,-2417.28396639005,135.107675148389,-157.346955393447,-2437.14489772907
"OPTOTRAK _ P83 _ Right _ 4",123.472122943835,-185.749146831038,-2417.40463543834,129.29332375365,-161.320514568177,-2429.29507454112
"OPTOTRAK _ P83 _ Right _ 4",124.581840288359,-184.835948712922,-2417.5253133477,125.021821580599,-164.258400500463,-2423.6288852614
"OPTOTRAK _ P83 _ Right _ 4",124.702435084313,-185.064171482722,-2417.64134607791,122.891232529945,-165.703853401957,-2420.9486387339
"OPTOTRAK _ P83 _ Right _ 4",123.846187211447,-186.355717976049,-2417.751323819,123.222255581015,-165.427154924426,-2421.63427875752
"OPTOTRAK _ P83 _ Right _ 4",122.172304955862,-188.48117563316,-2417.85348083561,126.023722973791,-163.468701948803,-2425.59741512659
"OPTOTRAK _ P83 _ Right _ 4",119.9597862782,-191.098411032499,-2417.94541101735,130.98228941979,-160.135358041943,-2432.29635467078
"OPTOTRAK _ P83 _ Right _ 4",117.565274084629,-193.804963192687,-2418.02705779101,137.482323338838,-155.94796373265,-2440.81031564616
"OPTOTRAK _ P83 _ Right _ 4",115.370816914,-196.197404361734,-2418.10454602747,144.667307505226,-151.549109805818,-2449.96676971359
"OPTOTRAK _ P83 _ Right _ 4",113.727862826104,-197.929681763707,-2418.19156537685,151.548047941296,-147.591973804026,-2458.50676795725
"OPTOTRAK _ P83 _ Right _ 4",112.905747086159,-198.76161629454,-2418.30658603072,157.14770825368,-144.636608564694,-2465.26328192195
"OPTOTRAK _ P83 _ Right _ 4",113.053256026683,-198.589861425609,-2418.46697155409,160.658166942715,-143.074744965624,-2469.32399268704
"OPTOTRAK _ P83 _ Right _ 4",114.179231208017,-197.457075597402,-2418.68274824664,161.575124836215,-143.090826212659,-2470.15500593746
"OPTOTRAK _ P83 _ Right _ 4",116.153848558511,-195.539400039593,-2418.95240704415,159.783181858412,-144.654434264412,-2467.67143771292
"OPTOTRAK _ P83 _ Right _ 4",118.728717989769,-193.115721697099,-2419.26166872274,155.573400340429,-147.534618853611,-2462.24858154102
"OPTOTRAK _ P83 _ Right _ 4",121.572407392667,-190.524021933304,-2419.58504490638,149.590390340079,-151.330109349426,-2454.67159660499
"OPTOTRAK _ P83 _ Right _ 4",124.317186963472,-188.111158528649,-2419.88961373271,142.721234079588,-155.51540725537,-2446.02624568126
"OPTOTRAK _ P83 _ Right _ 4",126.611108099238,-186.183540835036,-2420.14022279963,135.952054873139,-159.504777605396,-2437.54275137951
"OPTOTRAK _ P83 _ Right _ 4",128.167278824697,-184.966827498128,-2420.30504481855,130.224630539011,-162.731488836108,-2430.41766406616
"OPTOTRAK _ P83 _ Right _ 4",128.801574413093,-184.581422642007,-2420.36029267924,126.320057641644,-164.731626490619,-2425.64617188576
"OPTOTRAK _ P83 _ Right _ 4",128.452663026779,-185.036498701352,-2420.29327386414,124.780532277001,-165.216725871029,-2423.8926235497
"OPTOTRAK _ P83 _ Right _ 4",127.183048663623,-186.240241504638,-2420.10370524003,125.863903572438,-164.120317085857,-2425.4134889348
"OPTOTRAK _ P83 _ Right _ 4",125.163908561087,-188.020898558048,-2419.80377783722,129.519944348028,-161.608141724157,-2430.03494072163
"OPTOTRAK _ P83 _ Right _ 4",122.648002342961,-190.1533156964,-2419.4173781918,135.384437052803,-158.047917836744,-2437.182569234
"OPTOTRAK _ P83 _ Right _ 4",119.934678192804,-192.387520481116,-2418.97822354359,142.798785396563,-153.94279561094,-2445.95958459591
"OPTOTRAK _ P83 _ Right _ 4",117.331109013148,-194.477116510418,-2418.52625036385,150.867744186949,-149.843315325617,-2455.26544445914
"OPTOTRAK _ P83 _ Right _ 4",115.115133793759,-196.204975737886,-2418.10226390921,158.56098282261,-146.261126859788,-2463.93857326753
"OPTOTRAK _ P83 _ Right _ 4",113.50579077952,-197.403360187459,-2417.74234965395,164.849720074451,-143.6068280357,-2470.90094064359
"OPTOTRAK _ P83 _ Right _ 4",112.645619183991,-197.966784108891,-2417.47434394998,168.85665995287,-142.161993230802,-2475.28445224961
"OPTOTRAK _ P83 _ Right _ 4",112.594373910192,-197.858277635133,-2417.31758342716,169.992343201742,-142.078551435175,-2476.52809745108
"OPTOTRAK _ P83 _ Right _ 4",113.330039388207,-197.111199530448,-2417.28487914333,168.053519223739,-143.387706296276,-2474.44334389683
"OPTOTRAK _ P83 _ Right _ 4",114.752814688306,-195.827963958108,-2417.38411317599,163.265070625527,-146.001818290337,-2469.2468766455
"OPTOTRAK _ P83 _ Right _ 4",116.690936993375,-194.174684062941,-2417.61724658236,156.254216708362,-149.704506163653,-2461.55458943139
"OPTOTRAK _ P83 _ Right _ 4",118.910987505187,-192.368893981602,-2417.97641581199,147.956110302574,-154.139330562133,-2452.3258363087
"OPTOTRAK _ P83 _ Right _ 4",121.136626051228,-190.657998764976,-2418.43881395725,139.46541410694,-158.816726914056,-2442.75092870415
"OPTOTRAK _ P83 _ Right _ 4",123.077437464334,-189.289130056106,-2418.96311897565,131.864988293122,-163.155901293711,-2434.09011707062
"OPTOTRAK _ P83 _ Right _ 4",124.465264768143,-188.474948704809,-2419.49005788805,126.070462622838,-166.563833051314,-2427.49107842269
"OPTOTRAK _ P83 _ Right _ 4",125.091987442168,-188.362044996771,-2419.94856009019,122.720603369957,-168.536105648853,-2423.82133518541
"OPTOTRAK _ P83 _ Right _ 4",124.842101674538,-189.00762396512,-2420.26729660893,122.122024788943,-168.754442698834,-2423.545683879
"OPTOTRAK _ P83 _ Right _ 4",123.715012484368,-190.367417738954,-2420.38966158224,124.237358039167,-167.156750883966,-2426.66322585705
"OPTOTRAK _ P83 _ Right _ 4",121.83353008249,-192.295754120908,-2420.28878076321,128.701013681685,-163.962615462526,-2432.70617690223
"OPTOTRAK _ P83 _ Right _ 4",119.435702362957,-194.558392982776,-2419.97820547923,134.856059595506,-159.646174791067,-2440.7982429109
"OPTOTRAK _ P83 _ Right _ 4",116.848040329059,-196.858699233267,-2419.51404030042,141.818139045434,-154.859220265739,-2449.7687128806
"OPTOTRAK _ P83 _ Right _ 4",114.441192805134,-198.876099845629,-2418.986079142,148.575578151185,-150.320271962165,-2458.31267661073
"OPTOTRAK _ P83 _ Right _ 4",112.574050454149,-200.312534520953,-2418.49918233826,154.125070686092,-146.695382314833,-2465.17781488482
"OPTOTRAK _ P83 _ Right _ 4",111.536476684086,-200.939596101114,-2418.15010862379,157.625789541358,-144.496845597622,-2469.34991385778
"OPTOTRAK _ P83 _ Right _ 4",111.50165673798,-200.638045020092,-2418.00692224686,158.541827809767,-144.015984873274,-2470.20760298916
"OPTOTRAK _ P83 _ Right _ 4",112.496371851125,-199.422503739186,-2418.09677408915,156.740254078032,-145.292877288926,-2467.62153817924
"OPTOTRAK _ P83 _ Right _ 4",114.393673001287,-197.446342780821,-2418.40440465691,152.519965416292,-148.118085139021,-2461.98095761484
"OPTOTRAK _ P83 _ Right _ 4",116.929294257172,-194.984396596448,-2418.8801723443,146.561658418614,-152.061990105939,-2454.13952608149
"OPTOTRAK _ P83 _ Right _ 4",119.740319388667,-192.394524846247,-2419.45400532561,139.808174040986,-156.531345801421,-2445.28419871728
"OPTOTRAK _ P83 _ Right _ 4",122.420810099314,-190.063493988838,-2420.05063869609,133.302706658579,-160.852677690871,-2436.74662758168
"OPTOTRAK _ P83 _ Right _ 4",124.584663598662,-188.347123066294,-2420.60183671421,128.022677354781,-164.375030415058,-2429.792234725
"OPTOTRAK _ P83 _ Right _ 4",125.923406715527,-187.516626974486,-2421.05300705664,124.74314670493,-166.574737902961,-2425.42865609384
"OPTOTRAK _ P83 _ Right _ 4",126.248249572683,-187.720813732712,-2421.36421568259,123.947226340226,-167.140159400833,-2424.26744338333
"OPTOTRAK _ P83 _ Right _ 4",125.510865813699,-188.968443870751,-2421.50802997582,125.782995120945,-166.017920219011,-2426.45563949024
"OPTOTRAK _ P83 _ Right _ 4",123.802814120952,-191.130112848765,-2421.46766079713,130.058279872216,-163.410887421186,-2431.67813129084
"OPTOTRAK _ P83 _ Right _ 4",121.336649524959,-193.956837980696,-2421.23788197619,136.268067170128,-159.728082469216,-2439.22336752795
"OPTOTRAK _ P83 _ Right _ 4",118.41281698479,-197.112336195244,-2420.82861129418,143.655933020658,-155.497576518788,-2448.10051209172
"OPTOTRAK _ P83 _ Right _ 4",115.377382559116,-200.215439850411,-2420.26851468393,151.310826523863,-151.264520074407,-2457.18952561982
"OPTOTRAK _ P83 _ Right _ 4",112.5774186012,-202.887393009269,-2419.60546244342,158.291113974471,-147.502735340688,-2465.39760396326
"OPTOTRAK _ P83 _ Right _ 4",110.321722975679,-204.797477395539,-2418.90245891178,163.755387218428,-144.563273820557,-2471.79286136179
"OPTOTRAK _ P83 _ Right _ 4",108.852217269481,-205.701370906071,-2418.23004231224,167.073937376857,-142.666826369041,-2475.69466866063
"OPTOTRAK _ P83 _ Right _ 4",108.326288477808,-205.469449093352,-2417.65719678031,167.900635569236,-141.927419103906,-2476.71694000394
"OPTOTRAK _ P83 _ Right _ 4",108.806146758654,-204.104480432725,-2417.24244662452,166.198125006578,-142.383396172334,-2474.77621320847
"OPTOTRAK _ P83 _ Right _ 4",110.251366505179,-201.747943022027,-2417.02625993037,162.221145569805,-144.013594917751,-2470.08141461066
"OPTOTRAK _ P83 _ Right _ 4",112.515030586518,-198.672075694609,-2417.02585968237,156.467881693089,-146.729405881121,-2463.11483212992
"OPTOTRAK _ P83 _ Right _ 4",115.348826473566,-195.253424096845,-2417.23355113639,149.608532621828,-150.349985627777,-2454.60058698595
"OPTOTRAK _ P83 _ Right _ 4",118.4238955184,-191.925821964448,-2417.61904402314,142.399417895736,-154.580111732209,-2445.44851158295
"OPTOTRAK _ P83 _ Right _ 4",121.370142248863,-189.117141632938,-2418.1349737036,135.593845117053,-159.011673212309,-2436.66551366697
"OPTOTRAK _ P83 _ Right _ 4",123.828734926365,-187.18202205843,-2418.72362442456,129.864991110457,-163.159500144828,-2429.24138055036
"OPTOTRAK _ P83 _ Right _ 4",125.505616432635,-186.347018124326,-2419.32265413278,125.753690837347,-166.526588711132,-2424.02994666541
"OPTOTRAK _ P83 _ Right _ 4",126.212790771902,-186.681539348763,-2419.86881233739,123.642175281756,-168.682702556837,-2421.64810649011
"OPTOTRAK _ P83 _ Right _ 4",125.889449228415,-188.098913480739,-2420.30061093737,123.740900078446,-169.338476807433,-2422.40470450004
"OPTOTRAK _ P83 _ Right _ 4",124.602451373216,-190.382425702746,-2420.56225347457,126.071639342097,-168.400656989028,-2426.26041480417
"OPTOTRAK _ P83 _ Right _ 4",122.530418521528,-193.226169499084,-2420.61057829865,130.440501441104,-165.997387295697,-2432.8178160869
"OPTOTRAK _ P83 _ Right _ 4",119.936251310485,-196.280832306881,-2420.4242276078,136.412314545409,-162.465495581641,-2441.34607238962
"OPTOTRAK _ P83 _ Right _ 4",117.131536899927,-199.197493288577,-2420.01131261463,143.310453758075,-158.298580015161,-2450.84756151385
"OPTOTRAK _ P83 _ Right _ 4",114.436227817554,-201.665130777443,-2419.41097765798,150.264726473014,-154.066352079214,-2460.16781551118
"OPTOTRAK _ P83 _ Right _ 4",112.138837733054,-203.438931790376,-2418.68669658618,156.314244730544,-150.326189915856,-2468.13745060898
"OPTOTRAK _ P83 _ Right _ 4",110.463791575831,-204.357789171063,-2417.91333998316,160.550648954464,-147.548931041903,-2473.72396503672
"OPTOTRAK _ P83 _ Right _ 4",109.550879458474,-204.351545396144,-2417.16292817559,162.270918894304,-146.070675782966,-2476.1693248159
"OPTOTRAK _ P83 _ Right _ 4",109.447383862178,-203.440867177313,-2416.49372239741,161.105100325613,-146.068163091076,-2475.09548497863
"OPTOTRAK _ P83 _ Right _ 4",110.109524765171,-201.733397481768,-2415.94478662025,157.091487097494,-147.547324297019,-2470.5677156465
"OPTOTRAK _ P83 _ Right _ 4",111.409178822345,-199.418158034246,-2415.53557308769,150.684397479194,-150.337453606296,-2463.10894416999
"OPTOTRAK _ P83 _ Right _ 4",113.144374224868,-196.756926634991,-2415.26881220052,142.693020107402,-154.093457537847,-2453.65766989942
"OPTOTRAK _ P83 _ Right _ 4",115.055365443631,-194.068572019167,-2415.13491295724,134.162559129033,-158.317622145223,-2443.46355897001
"OPTOTRAK _ P83 _ Right _ 4",116.849301126104,-191.702140328597,-2415.11645330485,126.220446589749,-162.412683862479,-2433.9246077435
"OPTOTRAK _ P83 _ Right _ 4",118.234478831404,-189.997490027668,-2415.19173011784,119.917296969885,-165.767619651077,-2426.38658943986
"OPTOTRAK _ P83 _ Right _ 4",118.96124637871,-189.237046864842,-2415.33686967361,116.089711493364,-167.862172206236,-2421.93989268187
"OPTOTRAK _ P83 _ Right _ 4",118.86328020506,-189.596332859546,-2415.52686802588,115.260021703197,-168.365395117502,-2421.25122738512
"OPTOTRAK _ P83 _ Right _ 4",117.891754242151,-191.102855777216,-2415.73684754478,117.574700683503,-167.203038925698,-2424.45796579194
"OPTOTRAK _ P83 _ Right _ 4",116.135437485893,-193.613005172086,-2415.94506358899,122.778388164812,-164.576416726091,-2431.13961634562
"OPTOTRAK _ P83 _ Right _ 4",113.821085910904,-196.815275563755,-2416.13823431671,130.226049099639,-160.926917985328,-2440.37057833892
"OPTOTRAK _ P83 _ Right _ 4",111.290689597574,-200.264693652699,-2416.31782016536,138.943216441091,-156.853450493715,-2450.84942784407
"OPTOTRAK _ P83 _ Right _ 4",108.955969871868,-203.446884767592,-2416.50410095594,147.742824923528,-153.002936077563,-2461.08860612393
"OPTOTRAK _ P83 _ Right _ 4",107.235730255852,-205.862043470989,-2416.73474291181,155.393531717248,-149.96137002116,-2469.6358235803
"OPTOTRAK _ P83 _ Right _ 4",106.486259930857,-207.112662796926,-2417.05647169545,160.815260602102,-148.169485464772,-2475.29093841674
"OPTOTRAK _ P83 _ Right _ 4",106.936911467219,-206.977148487847,-2417.51135749167,163.263627996882,-147.873960730532,-2477.28379311102
"OPTOTRAK _ P83 _ Right _ 4",108.64212799778,-205.454429627919,-2418.12147865132,162.462597779648,-149.110925476028,-2475.38749125219
"OPTOTRAK _ P83 _ Right _ 4",111.459085371404,-202.77029928247,-2418.87661437324,158.654171065224,-151.711977047229,-2469.95219788066
"OPTOTRAK _ P83 _ Right _ 4",115.057536249429,-199.342785737293,-2419.7291422472,152.551695263265,-155.325844460232,-2461.85349925075
"OPTOTRAK _ P83 _ Right _ 4",118.96432168262,-195.711122312696,-2420.59850806921,145.205779746286,-159.455875968383,-2452.35876520307
"OPTOTRAK _ P83 _ Right _ 4",122.638074145064,-192.440742084429,-2421.38465524379,137.813783319909,-163.517184674582,-2442.92849339775
"OPTOTRAK _ P83 _ Right _ 4",125.56104893627,-190.023367107907,-2421.98666469136,131.517255166208,-166.913665170499,-2434.98553120426
"OPTOTRAK _ P83 _ Right _ 4",127.328826845615,-188.793354833845,-2422.32124724642,127.229242344491,-169.126720348655,-2429.69470414164
"OPTOTRAK _ P83 _ Right _ 4",127.718724132398,-188.876894415679,-2422.33665866009,125.516181194245,-169.800753702894,-2427.79122116997
"OPTOTRAK _ P83 _ Right _ 4",126.72416699659,-190.181192889839,-2422.02032044899,126.538525118276,-168.809045875953,-2429.48091703937
"OPTOTRAK _ P83 _ Right _ 4",124.551071677676,-192.421217736471,-2421.40087666849,130.043066172388,-166.286095214311,-2434.41952262316
"OPTOTRAK _ P83 _ Right _ 4",121.579287313047,-195.175586912242,-2420.54595057438,135.40127642481,-162.616666037278,-2441.76894621963
"OPTOTRAK _ P83 _ Right _ 4",118.296525316619,-197.960839342066,-2419.55567764077,141.694016776853,-158.378704594622,-2450.32368948381
"OPTOTRAK _ P83 _ Right _ 4",115.215604886919,-200.312322370309,-2418.55104751833,147.842954967267,-154.248209245886,-2458.69365029284
"OPTOTRAK _ P83 _ Right _ 4",112.789178684582,-201.859052132357,-2417.65692183988,152.778781766989,-150.88556475565,-2465.5190290109
"OPTOTRAK _ P83 _ Right _ 4",111.337703420111,-202.38015635669,-2416.98208267613,155.620805341987,-148.827936471982,-2469.68376337728
"OPTOTRAK _ P83 _ Right _ 4",111.003978459119,-201.833447641829,-2416.60079917295,155.831505955609,-148.407807281133,-2470.49179750485
"OPTOTRAK _ P83 _ Right _ 4",111.741151944054,-200.352246996109,-2416.54048927223,153.310466943298,-149.707552209126,-2467.77678451665
"OPTOTRAK _ P83 _ Right _ 4",113.333414408294,-198.213071935416,-2416.77825817257,148.405444175112,-152.551182669253,-2461.92720382078
"OPTOTRAK _ P83 _ Right _ 4",115.442522636348,-195.782313927986,-2417.24672253687,141.839348317331,-156.530796099564,-2453.8220697733
"OPTOTRAK _ P83 _ Right _ 4",117.669790087561,-193.45338876572,-2417.84749331053,134.573555969293,-161.0648959621,-2444.68697405971
"OPTOTRAK _ P83 _ Right _ 4",119.621808361763,-191.586500878499,-2418.46916132644,127.643029068032,-165.483923729089,-2435.89585496217
"OPTOTRAK _ P83 _ Right _ 4",120.96866689347,-190.460949243433,-2419.00575852597,122.001245863567,-169.132734299455,-2428.7562546773
"OPTOTRAK _ P83 _ Right _ 4",121.486140060415,-190.245291148716,-2419.37191441197,118.401424737664,-171.473247000112,-2424.31772167011
"OPTOTRAK _ P83 _ Right _ 4",121.077970451221,-190.985265691544,-2419.5124857534,117.321142874712,-172.168420781259,-2423.23193446451
"OPTOTRAK _ P83 _ Right _ 4",119.779238411608,-192.60564912409,-2419.40662650932,118.922019959607,-171.132682017926,-2425.67612550218
"OPTOTRAK _ P83 _ Right _ 4",117.744592031059,-194.921941561751,-2419.06779724883,123.033730202368,-168.540654409984,-2431.33941251114
"OPTOTRAK _ P83 _ Right _ 4",115.225109964626,-197.660222287814,-2418.54115970789,129.161232054655,-164.792479027669,-2439.46870273472
"OPTOTRAK _ P83 _ Right _ 4",112.536340040671,-200.48570916389,-2417.89844092026,136.525623288647,-160.4410996177,-2448.97093512906
"OPTOTRAK _ P83 _ Right _ 4",110.019813410145,-203.04004595773,-2417.22917608132,144.151102414845,-156.096043845989,-2458.56352568847
"OPTOTRAK _ P83 _ Right _ 4",108.001645430925,-204.984472680678,-2416.6277349748,150.998856590732,-152.32617179495,-2466.95410479585
"OPTOTRAK _ P83 _ Right _ 4",106.7531004625,-206.043380664976,-2416.17758932984,156.129107801269,-149.583918312187,-2473.02098416019
"OPTOTRAK _ P83 _ Right _ 4",106.457502009873,-206.042249597892,-2415.93618297249,158.856823207667,-148.163100561593,-2475.96468873435
"OPTOTRAK _ P83 _ Right _ 4",107.186029414381,-204.935147187081,-2415.924094167,158.863943179513,-148.187286158319,-2475.40905003327
"OPTOTRAK _ P83 _ Right _ 4",108.883828960512,-202.818137662572,-2416.12109292432,156.242006847387,-149.615939430466,-2471.44190149193
"OPTOTRAK _ P83 _ Right _ 4",111.368631919388,-199.925337924766,-2416.47016664181,151.457395227898,-152.256550936978,-2464.59404001484
"OPTOTRAK _ P83 _ Right _ 4",114.345456839838,-196.604911055578,-2416.88903891997,145.250181543339,-155.779962856018,-2455.75981866542
"OPTOTRAK _ P83 _ Right _ 4",117.440323945505,-193.274666318121,-2417.28696647624,138.493020653231,-159.745152435913,-2446.06790363036
"OPTOTRAK _ P83 _ Right _ 4",120.251521507905,-190.361930923358,-2417.58279332992,132.045882591704,-163.641483671109,-2436.72026037993
"OPTOTRAK _ P83 _ Right _ 4",122.410079695209,-188.238426741268,-2417.71921673828,126.641343761129,-166.949416858869,-2428.82813397159
"OPTOTRAK _ P83 _ Right _ 4",123.635891832875,-187.164303891441,-2417.66900850636,122.820570118211,-169.21079066423,-2423.27623143241
"OPTOTRAK _ P83 _ Right _ 4",123.776392840245,-187.253253257439,-2417.43180535074,120.916907426976,-170.09499648522,-2420.63498051868
"OPTOTRAK _ P83 _ Right _ 4",122.820877458301,-188.463732600334,-2417.02398829191,121.065150841479,-169.449376702329,-2421.12227894643
"OPTOTRAK _ P83 _ Right _ 4",120.891262849259,-190.614173498702,-2416.46710945739,123.211697178133,-167.325884728329,-2424.60388767775
"OPTOTRAK _ P83 _ Right _ 4",118.215009243415,-193.416172988075,-2415.78046564965,127.114210137804,-163.977593481388,-2430.62202294141
"OPTOTRAK _ P83 _ Right _ 4",115.087001270225,-196.519085345087,-2414.98046445827,132.338530118522,-159.820718747649,-2438.44909353023
"OPTOTRAK _ P83 _ Right _ 4",111.826630967183,-199.559668666303,-2414.08525657874,138.27240783275,-155.365339553785,-2447.16748613315
"OPTOTRAK _ P83 _ Right _ 4",108.736460826789,-202.209782517025,-2413.1206413175,144.173326371614,-151.130256445699,-2455.77184020642
"OPTOTRAK _ P83 _ Right _ 4",106.069494060488,-204.214366992041,-2412.12394731586,149.253578222071,-147.566296745817,-2463.28143687546
"OPTOTRAK _ P83 _ Right _ 4",104.010845508575,-205.413266967996,-2411.14504285638,152.789162817019,-145.009244193052,-2468.84553509953
"OPTOTRAK _ P83 _ Right _ 4",102.675046812046,-205.744833167805,-2410.24517833392,154.229499489426,-143.668360581042,-2471.82834616115
"OPTOTRAK _ P83 _ Right _ 4",102.114141212283,-205.234975947675,-2409.49394155329,153.285759556182,-143.63875340048,-2471.86975147266
"OPTOTRAK _ P83 _ Right _ 4",102.327897948592,-203.979467429504,-2408.96348579173,149.983009072005,-144.916878596296,-2468.9251999756
"OPTOTRAK _ P83 _ Right _ 4",103.268439569256,-202.127587657288,-2408.71915019903,144.669099525087,-147.402827940949,-2463.2876975496
"OPTOTRAK _ P83 _ Right _ 4",104.836877400692,-199.871482993656,-2408.80708736954,137.978124722316,-150.887026223073,-2455.58679012165
"OPTOTRAK _ P83 _ Right _ 4",106.876354356898,-197.439679679863,-2409.24158740985,130.749800782748,-155.034328930964,-2446.75046692647
"OPTOTRAK _ P83 _ Right _ 4",109.170627166596,-195.088260253426,-2409.99608825811,123.912026111347,-159.386940743725,-2437.91480631778
"OPTOTRAK _ P83 _ Right _ 4",111.457367779324,-193.082289833817,-2411.00156686514,118.343201480942,-163.403966446093,-2430.27791314477
"OPTOTRAK _ P83 _ Right _ 4",113.460397537341,-191.66408452648,-2412.15419850026,114.739253153951,-166.5405638583,-2424.91543169491
"OPTOTRAK _ P83 _ Right _ 4",114.937283287402,-191.011834505211,-2413.33162208058,113.511062190527,-168.351011688163,-2422.59345837358
"OPTOTRAK _ P83 _ Right _ 4",115.731576939292,-191.19833581353,-2414.41475721522,114.729250231043,-168.587589517505,-2423.62076821102
"OPTOTRAK _ P83 _ Right _ 4",115.815240569781,-192.1623619985,-2415.31048327191,118.120664932499,-167.266526167332,-2427.774441439
"OPTOTRAK _ P83 _ Right _ 4",115.307445791479,-193.703819668702,-2415.96985340358,123.112348948846,-164.681259815702,-2434.31764658149
"OPTOTRAK _ P83 _ Right _ 4",114.460579291862,-195.50898916523,-2416.3969552986,128.916663747793,-161.35647057426,-2442.11183892305
"OPTOTRAK _ P83 _ Right _ 4",113.612108695795,-197.204810989983,-2416.6451789331,134.650843594084,-157.950480794338,-2449.8092165276
"OPTOTRAK _ P83 _ Right _ 4",113.110641265971,-198.43266893428,-2416.80065756665,139.479442372744,-155.126805297055,-2456.09417519778
"OPTOTRAK _ P83 _ Right _ 4",113.233459819676,-198.924883069106,-2416.95668292987,142.758022655366,-153.424468802978,-2459.92729981664
"OPTOTRAK _ P83 _ Right _ 4",114.117580714606,-198.564128073589,-2417.18660100178,144.146809690425,-153.157414145382,-2460.73832011483
"OPTOTRAK _ P83 _ Right _ 4",115.724414470989,-197.408971067627,-2417.52400807306,143.662174115238,-154.365421120317,-2458.52091903009
"OPTOTRAK _ P83 _ Right _ 4",117.849340979618,-195.67722725139,-2417.95668468272,141.646674657981,-156.825741734196,-2453.8034222407
"OPTOTRAK _ P83 _ Right _ 4",120.174373418411,-193.690632201867,-2418.43541364198,138.662911238431,-160.120116937109,-2447.50129141526
"OPTOTRAK _ P83 _ Right _ 4",122.348722364388,-191.795997687909,-2418.89322477717,135.343189266996,-163.738576555029,-2440.69140670227
"OPTOTRAK _ P83 _ Right _ 4",124.073312388023,-190.285378635315,-2419.26738231407,132.242729314758,-167.192068337657,-2434.37191418869
"OPTOTRAK _ P83 _ Right _ 4",125.164894742224,-189.337431398594,-2419.5166981319,129.739441780518,-170.104491610014,-2429.27317754992
"OPTOTRAK _ P83 _ Right _ 4",125.583642950566,-188.99391849021,-2419.62969508348,128.000382695887,-172.263485044448,-2425.7627386709
"OPTOTRAK _ P83 _ Right _ 4",125.421178180603,-189.173018352015,-2419.62297411732,127.007581237772,-173.624907727884,-2423.85149397769
"OPTOTRAK _ P83 _ Right _ 4",124.85825673436,-189.710043046698,-2419.53230874735,126.61857445677,-174.280526477644,-2423.27713622699
